bigaccountid__app,applicationdate__app,intopenbktype__app,ENG-loan_to_value,fltgrossmonthly__income_sum,strdealershiptrackertype__app,FICO,yhat_ad_old,yhat_ad_new,yhat_pd_old,yhat_pd_new_logloss,yhat_pd_new_auc,yhat_lgd_old,yhat_lgd_new,ecnl_old,ecnl_new_logloss,ecnl_new_auc,genxi_raw_pd,genxi_raw_lgd,genxi_raw_ecnl,genxi_raw_ecnl_mod,genxi_factor_pd,genxi_factor_lgd,genxi_factor_ecnl,tier
7272862,2023-10-24 13:08:23,13.0,1.3157894736842106,3500.0,franchise,600.0,0.2723176404687787,0.3578746421979371,0.2874214353890015,0.3503750243894007,0.43524231222009385,0.3588662603040992,0.7803477792848642,0.10314585564928724,0.6452579183899916,0.801551277428553,0.16158579258721162,0.4233593415212932,0.06840885474891817,0.10096556772715193,0.161586,0.423359,0.15346832,B
7464573,2024-01-02 16:11:37,nan,1.44,5000.0,franchise,544.0,0.4395527674999051,0.6127978593528997,0.6001406538824999,0.35482907540983816,0.31903017751198426,0.38267085810088747,0.6277880255414264,0.22965633900244395,0.525707569388708,0.4726686475389753,0.30514663913480367,0.45350082724105045,0.13838425327745976,0.2378045588116709,0.311181,0.453381,0.36948616,Decline
7506291,2024-01-20 10:59:46,13.0,0.6785714285714286,3500.0,franchise,573.0,0.12197937036733984,0.2153019118325134,0.16920821311781659,0.22268867761785915,0.1795345430922936,0.32631714647659754,0.6577583466409481,0.05521554126500989,0.3456817939171738,0.2786932123812072,0.06349409522955082,0.38498027053080436,0.024443973958581132,0.014990924395224162,0.063494,0.38498,0.022786320000000002,A1
7517896,2024-01-25 10:58:56,7.0,1.5454545454545454,3500.0,franchise,528.0,0.10901307157012151,0.16546311722887272,0.44787190485731165,0.16629602412142275,0.2933835472434613,0.4246384408030121,0.716729504360315,0.1901836273580838,0.28128666999170643,0.49625288079173385,0.09652585987509095,0.4766341397365962,0.046007520183899205,0.05715908594522041,0.096526,0.476634,0.08688168,A
7550886,2024-02-07 08:17:30,13.0,1.4074074074074074,6000.0,independent,506.0,0.1558110380864394,0.26234550418352026,0.341895430153511,0.2125643762346965,0.2326574126600291,0.3567327343079706,0.7552435876300082,0.12196529164606175,0.3788694017791918,0.41468272490153857,0.09191194564128538,0.417549906769362,0.03837782433350938,0.042238986818907594,0.091912,0.41755,0.06420328,A
7553501,2024-02-08 08:21:25,nan,1.2333333333333334,5000.0,franchise,531.0,0.34004202984853227,0.5484549494700696,0.4690389584070258,0.23886128663023,0.3834026933314033,0.4461777948968857,0.6490632539609176,0.20927476818277885,0.36588515811140004,0.5872921353181025,0.1866915947409149,0.41518876117198517,0.07751225194170276,0.118767534039558,0.186692,0.415189,0.18052736,B
7555665,2024-02-08 15:54:06,nan,1.2307692307692308,3500.0,franchise,537.0,0.3875830867384517,0.5891267182057237,0.4560265031198234,0.26914165720188066,0.27478101940442556,0.45423423186649964,0.6771971957847501,0.2071428483553989,0.4301382622412988,0.4391510084775027,0.1864498815658261,0.45643243173645176,0.08510177284006343,0.13360906984192922,0.18645,0.456432,0.20308568000000002,B
7556512,2024-02-09 08:50:07,nan,0.8620689655172413,7500.0,franchise,455.0,0.37202133082653804,0.5908410130779719,0.5749016513480741,0.11839090466758316,0.14309310319982738,0.3751696769527467,0.6377561864003328,0.2156856668158576,0.17819069520206834,0.21537008784071038,0.2597142783717272,0.40697922482964405,0.10569831568891594,0.17388622727914577,0.259714,0.406979,0.26430672,D
7560701,2024-02-10 11:21:40,7.0,1.5185185185185186,4500.0,franchise,552.0,0.1588432653682466,0.329244726608257,0.49990107634339354,0.368395756627144,0.2501670186359796,0.40111275493492354,0.7332789710025279,0.2005166979270321,0.6375229927653496,0.4329236250498208,0.10177703705451084,0.44252379900650685,0.045038761088988154,0.055264648472349,0.101777,0.442524,0.17672279999999999,B
7562156,2024-02-10 15:03:50,nan,1.2272727272727273,5000.0,franchise,579.0,0.28949486355018905,0.4555796769375537,0.1766559402059754,0.144881619692457,0.1670845806471353,0.33357500426822195,0.6306947529045615,0.058928006008215,0.21564754250433849,0.24869530920076113,0.17657691846269477,0.3656127232869916,0.0645587680287709,0.09343660764330236,0.176577,0.365613,0.14202424000000002,B
7567091,2024-02-13 12:23:03,7.0,1.28125,4000.0,independent,580.0,0.14057562740034693,0.31698292458150623,0.3813587505533603,0.25634945619699073,0.33866862547137994,0.48212722460194035,0.690834551361786,0.1838634359819553,0.4179443452902987,0.5521550115332869,0.13647632119993408,0.5180959322897429,0.07070782686755425,0.10546127667430835,0.136476,0.518096,0.25302072,C
7573461,2024-02-15 16:36:39,nan,1.0512820512820513,3500.0,independent,686.0,0.16509214820822463,0.29220773649330994,0.2423405400987977,0.2157654487434685,0.24194472613164367,0.3738467383327339,0.6971839209808884,0.09059822048172864,0.3550105556985266,0.39808473586725146,0.12926121274821434,0.4275365243500199,0.055263889631640035,0.07526019409136103,0.129437,0.427537,0.11461864000000001,B
7577226,2024-02-17 07:53:42,nan,1.0606060606060606,5500.0,franchise,,0.38161623836982317,0.5382739168220664,0.3750158558432694,0.38076674672785993,0.38268806177615694,0.45795378735388187,0.6658338240313513,0.1717399315011826,0.5983246145291796,0.6013437071772124,0.12466571316167574,0.43845684057361345,0.054660534720724685,0.07408031546241875,0.124666,0.438457,0.1126016,B
7579895,2024-02-17 14:08:07,nan,1.2,6000.0,independent,708.0,0.25253692810948675,0.4314275222944461,0.4148673711177694,0.4960731577543548,0.4318060503734283,0.481875514653693,0.6972663444040278,0.19991442797039977,0.8163124767438461,0.7105578299155956,0.19517929590863958,0.5236224573704349,0.10220026255151313,0.16704567942736046,0.195179,0.523622,0.25390992,C
7580652,2024-02-17 16:54:05,nan,1.2564102564102564,4000.0,franchise,509.5,0.2674720214249723,0.44222601676443707,0.3541607970025141,0.1438332183751837,0.20113140420676706,0.276012864610242,0.5966950286429031,0.09775293611331033,0.20254597660530757,0.2832332972261803,0.14959037702178707,0.36929742257702114,0.05524334067647081,0.07522000999305897,0.138173,0.381835,0.11364888000000001,B
7581435,2024-02-19 08:15:17,13.0,1.4375,4000.0,independent,573.0,0.13659496248057368,0.26497733335667173,0.0944677462243681,0.13906330457173696,0.21044519041038554,0.3535190571485035,0.6610562261146368,0.03339614857618271,0.21695164541448567,0.3283140039689308,0.07733469811680263,0.39687344827477394,0.030692088312904126,0.027209299458533405,0.077335,0.396873,0.09987768000000001,A
7582082,2024-02-19 10:19:44,nan,1.3076923076923077,5500.0,franchise,478.0,0.22976962325474792,0.3806971445164618,0.2736172398918837,0.31693925381055654,0.27995082729708604,0.4155114408624914,0.6309472660700113,0.11369109359229455,0.47193381545681445,0.416856733516437,0.1546165023247731,0.38832751790701614,0.060041842575243524,0.08460362441116598,0.154617,0.388328,0.12859808,B
7585182,2024-02-20 08:25:33,nan,0.7142857142857143,4500.0,franchise,571.0,0.3799764788954192,0.5519338818934264,0.3551095408150766,0.16749015175286946,0.405133812947153,0.3838447892813669,0.6120048582767544,0.13630694686596603,0.24191129634359002,0.5851475137909906,0.16344851828843637,0.43532410131150545,0.07115307933461072,0.10633198123121129,0.157526,0.436772,0.15463871999999998,B
7586357,2024-02-20 12:31:46,nan,1.16,3500.0,franchise,540.0,0.31119008095503126,0.472434430178518,0.30960613234474593,0.14320219120145414,0.24290738654471336,0.3527917651667443,0.6676654897786263,0.10922649393635157,0.2256423402571036,0.3827468749314042,0.20194471349155318,0.4603700996658505,0.09296930787709796,0.14899427063290138,0.201945,0.46037,0.22647087999999999,C
7586743,2024-02-20 13:41:28,nan,1.4285714285714286,4500.0,franchise,524.0,0.10177604573727635,0.19433285837899753,0.22272423670969047,0.1512910716197893,0.1578974812470347,0.4144849829210549,0.7085282372720733,0.09231585144872104,0.25297783124386264,0.2640245847760817,0.09543735960332127,0.4080349463009578,0.038941777900846394,0.04334181493844216,0.095437,0.408035,0.10539984000000001,A
7589104,2024-02-21 10:51:46,7.0,1.2058823529411764,4000.0,franchise,460.0,0.3912761265303978,0.5761788235113893,0.3223515842959213,0.1159314254778045,0.2278701911631556,0.4951905296114435,0.7682892484560959,0.15962545174858514,0.21020252789657565,0.41316571427771903,0.17292625799662048,0.5088378444074488,0.08799142436044673,0.13925987007958437,0.109571,0.515447,0.24112368,C
7589408,2024-02-21 11:42:40,nan,1.3,5000.0,franchise,,0.24381073901500439,0.42806640910096133,0.3920345651778866,0.38871245645141844,0.42379670773304784,0.5139780320692966,0.6749833328364957,0.20149715431327253,0.6192036533147094,0.675091485584657,0.17141614876995698,0.4579692817479749,0.07850333053218121,0.12070561795559631,0.171416,0.457969,0.18347312,B
7590857,2024-02-21 15:36:31,nan,1.1555555555555554,5500.0,franchise,513.0,0.2544400614452234,0.45736282408747364,0.21435572791049662,0.15366026810709285,0.17200021920030012,0.3279322237621945,0.6757994439486826,0.07029415052985306,0.24507071603531805,0.2743208598872898,0.14730194580825534,0.320676581162543,0.0472362843803815,0.05956197119436744,0.147302,0.320677,0.13005424,B
7592455,2024-02-22 09:35:23,nan,1.16,3000.0,independent,,0.4405569879842929,0.5904529054768227,0.43901729499483755,0.33660629649052276,0.2871628933862911,0.438724067616703,0.6516387823034736,0.19260745341421717,0.5176558924994084,0.44161848847880447,0.20455252764762524,0.45534505513092444,0.09314198197887787,0.14933194001915504,0.224612,0.457326,0.25545728,C
7592949,2024-02-22 10:31:21,nan,1.1111111111111112,7000.0,independent,566.0,0.38094912380100227,0.5262810828632007,0.19192804444718814,0.18869923017819454,0.1556872154581414,0.5135776959331462,0.6443938384639009,0.09856996285214135,0.28696802614931544,0.2367643623904343,0.1358724006256673,0.48125182768892305,0.06538884113358397,0.09505984050195745,0.135872,0.481252,0.14449120000000001,B
7593305,2024-02-22 11:10:09,13.0,1.236842105263158,4000.0,franchise,595.0,0.10759813996245396,0.22983817852567173,0.220782657839535,0.2570966007960353,0.22301434249517704,0.3238167174870299,0.6111934780163975,0.07149311553966028,0.37084040687906417,0.32167959146371483,0.09179117351174304,0.39389696606035074,0.036156264757394814,0.037894660421028285,0.091791,0.393897,0.11612040000000001,B
7594593,2024-02-22 13:39:52,nan,1.3,3500.0,franchise,549.0,0.3914507900867534,0.6064534320205563,0.49172352684434384,0.23564043610169397,0.4058384126412351,0.3889957180874033,0.6604918907742391,0.19127834642528607,0.3673070893534709,0.6326050340135715,0.27411621180499274,0.3975529313337282,0.10897570352917198,0.18029525752240166,0.355894,0.431624,0.40672768,Decline
7595884,2024-02-22 16:17:42,nan,1.3076923076923077,2000.0,independent,654.5,0.2076291019426626,0.38989651260231195,0.37941802247109624,0.3021970018147939,0.36752265249263477,0.4639884235066403,0.6563968784828982,0.17604557009637098,0.46813235808036663,0.5693281036082921,0.1458206154730307,0.4344209354311358,0.06334752817893796,0.09106799177975855,0.156508,0.430836,0.13842336,B
7598842,2024-02-23 12:05:07,nan,0.6785714285714286,3000.0,independent,578.5,0.18873129341433292,0.34383882101436736,0.11588615635375327,0.03064727061704533,0.2633312049724683,0.44957209553095945,0.7216227309829781,0.05209918215498527,0.052193210402838044,0.4484608485532395,0.11658896335305786,0.44763297838471694,0.0521890649125159,0.06924728210837222,0.104501,0.465876,0.11069096,B
7601311,2024-02-23 17:15:53,nan,1.3666666666666667,5500.0,franchise,521.5,0.33463847127911683,0.5075763830167423,0.23345578118487698,0.14490882639540337,0.12393642050804851,0.42025838559531753,0.7091114824065369,0.09811174970865011,0.24250536996972488,0.2074079837346684,0.13786331963545495,0.4300141764709589,0.05928318185859274,0.08312004061993386,0.120286,0.433684,0.1263424,B
7601366,2024-02-23 17:30:37,nan,1.3142857142857143,0.0,independent,469.0,0.38074501866685195,0.6066537556075897,0.5569909749782148,0.16539972911606057,0.36135406113494184,0.3828198266015145,0.6783769126196707,0.21322718845976868,0.2647999239026839,0.5785168355585117,0.23226001772663768,0.41466132805486344,0.09630924740457371,0.155525622577066,0.268795,0.415912,0.23876768,C
7603998,2024-02-24 12:05:48,nan,1.135135135135135,3000.0,franchise,634.0,0.33503697881738437,0.49540613395332234,0.4343955077786637,0.2584821769171699,0.27943733273821286,0.40985269442897787,0.6460981527502738,0.17803816931092933,0.3941314625791249,0.4260837090002301,0.23445604449128787,0.46191464511154123,0.10829868058544896,0.178971318845263,0.310863,0.496221,0.27203592,D
7604440,2024-02-24 12:54:08,nan,1.105263157894737,3000.0,franchise,526.5,0.2959818447756838,0.49961778684557895,0.32825961502592377,0.27207519499617877,0.28957978157670816,0.4610489339403757,0.6788439690857537,0.1513437455633803,0.4358839884159279,0.4639275923703429,0.1356793467356856,0.4412039480824247,0.05986226345302873,0.08425245205030127,0.1727,0.502621,0.12806304,B
7604518,2024-02-24 13:02:03,nan,1.5,3500.0,franchise,524.0,0.4002947278836722,0.5770604156977279,0.3312215172933241,0.2700407118539275,0.295190491494068,0.4631977854997529,0.6334055559892986,0.15342107332013583,0.40366687786653566,0.44126170183462854,0.2000489646260806,0.4524780535283822,0.09051776612437713,0.1442002071892032,0.200049,0.452478,0.219184,C
7604550,2024-02-24 13:05:06,nan,1.2962962962962963,5000.0,franchise,542.0,0.2502326437995544,0.40172873786862734,0.2701607812370366,0.200708372800002,0.2235779413967118,0.38585084374523215,0.6161976613762226,0.10424176538718165,0.29187543065365235,0.3251329629125549,0.16966341456701878,0.4459425021815571,0.0756601276206832,0.11514564936607463,0.169663,0.445943,0.17502192,B
7604644,2024-02-24 13:14:05,nan,1.36,3000.0,independent,526.5,0.3139072650896759,0.5140605419061698,0.3743596485868904,0.33571267126772486,0.34956827478666835,0.5026017316466851,0.7017943818041446,0.18815380763841563,0.5560189891669163,0.5789671210733129,0.1904084043825588,0.4541276295192139,0.08646971732278733,0.1362841263162303,0.253571,0.526339,0.20715167999999998,B
7606675,2024-02-25 11:14:11,nan,1.2608695652173914,2000.0,franchise,624.5,0.27166411411523284,0.46981581606736006,0.31726733878392077,0.39352625842498046,0.31150269246026624,0.34443016460619275,0.6361972555715938,0.10927644172151454,0.5908503684285795,0.46769809298946524,0.23525241650970308,0.3886542641848476,0.09143185483628595,0.14598773508800225,0.24092,0.400726,0.22190176,C
7606987,2024-02-25 16:15:21,nan,1.0294117647058822,3000.0,independent,554.5,0.368697474192778,0.5831904775975969,0.3617994520208149,0.18291617751050415,0.21348344496810526,0.4857823602488755,0.6550177436371769,0.17575579173942127,0.28275948680769586,0.33001164884748335,0.18371995093878662,0.4798480383458428,0.08815765806297124,0.13958494507188213,0.158701,0.509796,0.22207200000000002,C
7607882,2024-02-26 10:18:05,nan,1.3076923076923077,4500.0,franchise,501.0,0.35041510720183855,0.513948621901837,0.42557635012274464,0.3004202581771924,0.28211789324217473,0.4823438529979482,0.7255101389903817,0.20527413646300846,0.5143807461069605,0.48304336497321715,0.2195357463870176,0.470307299955291,0.10324926412694778,0.16909703347817018,0.205363,0.477411,0.25036984,C
7608598,2024-02-26 11:52:34,nan,1.4375,6000.0,independent,576.0,0.33440116860030417,0.49173487977222435,0.25964905274349254,0.15843475314342323,0.16744143458855879,0.4318856557690721,0.6199530220105249,0.11213870141394167,0.2318041654465059,0.24498174318377297,0.16669847601154145,0.4001687164476594,0.06670751517931948,0.09763854715861461,0.166698,0.400169,0.14841128,B
7609429,2024-02-26 13:43:40,nan,1.4814814814814814,5000.0,franchise,640.0,0.22463639582710085,0.3931359309743819,0.17604172548432823,0.11672814577578741,0.15817090963389685,0.3046800498145812,0.6115781317987149,0.05363640169000995,0.1684765799196465,0.22829193182837268,0.17007234496128026,0.36352148581693794,0.06182495153669542,0.088090547478554,0.170072,0.363521,0.13389832000000002,B
7610068,2024-02-26 15:11:04,nan,1.3428571428571427,7500.0,independent,594.0,0.192561104348448,0.3415076985151035,0.2823698541563002,0.17624922977734003,0.11943439045563761,0.4233671755554934,0.6262881666157629,0.11954612761616942,0.26050342448386987,0.17652881521322458,0.14546489853212866,0.3895538099070151,0.05666640543092809,0.07800285581234281,0.145465,0.389554,0.11856456,B
7610366,2024-02-26 15:55:32,nan,1.2857142857142858,5500.0,independent,550.0,0.37491892191148785,0.5723567109961086,0.31514069782401116,0.3402301515885639,0.2508394069159177,0.47733533550091845,0.6262949380049678,0.15042779072581794,0.5028792352039297,0.37075470389651394,0.2197209876897394,0.40696293991185534,0.08941829911055292,0.14205016645965954,0.219721,0.406963,0.21591600000000002,C
7610713,2024-02-26 16:49:37,nan,1.2162162162162162,6000.0,independent,515.0,0.22090170028046718,0.36286177398695607,0.18884426355322784,0.07982327776278778,0.24621305847667654,0.35507202474366806,0.645214410817844,0.06705331502107148,0.1215473847497883,0.3749101037672242,0.12752557145576324,0.38454613155228645,0.049039465177308436,0.06308814533818197,0.127526,0.384546,0.13541376,B
7611207,2024-02-26 19:59:52,7.0,1.565217391304348,3500.0,franchise,505.0,0.094157141308629,0.19499908115961426,0.6012162953245782,0.3122575990131647,0.3301886469901375,0.37270736722243597,0.6529238282029691,0.22407774256165008,0.4811578075622178,0.5087877635958241,0.09381539569396487,0.41854645853923794,0.039266101624166265,0.04397603970910586,0.093815,0.418546,0.18996352,B
7614079,2024-02-27 15:59:36,nan,1.303030303030303,5500.0,independent,536.5,0.36471260312018394,0.5498477085893514,0.4629065811604303,0.22574461640326202,0.31674558360292093,0.43980967459780146,0.6824932540644664,0.20359079282934964,0.36360325969436896,0.5101770687903461,0.1598477240495062,0.40877876446109424,0.06534235513887508,0.0949689357447244,0.13169,0.355278,0.17761960000000002,B
7614880,2024-02-28 08:02:59,7.0,1.3513513513513513,4000.0,franchise,630.5,0.20490045330892895,0.29314750748394935,0.31440110339987715,0.255850452418638,0.2587486394636052,0.39626557555795183,0.66426786486013,0.12458633419480744,0.4010896316538396,0.4056330388018081,0.10574296130003083,0.3972674965943511,0.0420082415181366,0.04933837653596166,0.083922,0.395048,0.20412992,B
7615287,2024-02-28 09:40:36,nan,1.45,3500.0,independent,557.0,0.4222079129049497,0.5788076583976743,0.49245181993734743,0.28527721672733936,0.3527247433521968,0.5349278608857374,0.7316277066529757,0.2634261986283736,0.4925714493695786,0.609029140338124,0.22237856807416773,0.5006498438300343,0.11133379537747873,0.18490657687452097,0.222379,0.50065,0.28105863999999997,D
7616873,2024-02-28 13:37:47,7.0,1.1081081081081081,4500.0,franchise,558.0,0.12347143325566749,0.17568000546925233,0.2354324152949146,0.0988910450516223,0.14711369817104442,0.3342297130709288,0.6590734099731949,0.07868850861161505,0.15381644153604587,0.22882259502936392,0.10144750575080501,0.4004579578680504,0.04062546098377467,0.046634307717600874,0.101448,0.400458,0.19400368,B
7617020,2024-02-28 13:59:55,nan,1.2162162162162162,5000.0,franchise,606.0,0.34979270764084613,0.4730601251896342,0.3153098285853735,0.13719444419411356,0.15522272549436447,0.45172181862807415,0.6838051167634883,0.14243232919989124,0.22140166051824015,0.25049534167720905,0.20302663032264165,0.4693456260560551,0.09528966091483151,0.15353179060878047,0.203027,0.469346,0.23336864000000002,C
7617960,2024-02-28 16:41:07,nan,1.15,4000.0,independent,508.0,0.14842894734854611,0.29045329184681873,0.0505712378434638,0.0683998180013247,0.11383748509880547,0.27732816632811924,0.570735964287918,0.014024828660071006,0.09213023715848577,0.15333190651874862,0.09150219393626904,0.3295757521117181,0.03015690438641816,0.026162731234772307,0.091502,0.329576,0.09296776000000001,A
7618863,2024-02-29 09:19:18,7.0,1.2564102564102564,4000.0,franchise,548.0,0.05343091588793554,0.09572128988198804,0.27875863618424856,0.0865340579797718,0.11155482194443847,0.34635807946797154,0.6430441493641855,0.09655030586388733,0.13132271850293498,0.1692938343799737,0.036174624155652875,0.37244203234644113,0.013472950539900018,-0.0064632410307093185,0.052698,0.366124,0.1305984,B
7618911,2024-02-29 09:26:16,7.0,0.8648648648648649,3000.0,franchise,585.0,0.1239096070228861,0.21126800309571037,0.05424462774011346,0.06780218430087978,0.0806261078972852,0.35598712682965794,0.5790147747425506,0.019310389175147352,0.09264998086926327,0.11017355017793581,0.04076085977548131,0.3403969978985083,0.013874874299335902,-0.005677267061419661,0.092905,0.388058,0.13017128,B
7618937,2024-02-29 09:29:46,nan,1.1891891891891893,5000.0,independent,,0.32618529119118644,0.5111367965948539,0.3364432142490813,0.4713830184681733,0.4399901065357553,0.41737485918910444,0.6434872684237323,0.14042293917234,0.7158563714075878,0.668182155020058,0.18944649726544893,0.4687655339800644,0.08880598845129098,0.14085277459615303,0.189851,0.472695,0.21687664,C
7619514,2024-02-29 11:08:21,7.0,1.088235294117647,2000.0,franchise,543.0,0.2193427858383156,0.38123467415240175,0.36685840701831257,0.19871697182596224,0.2080285391687436,0.5048463352307571,0.7233182329445712,0.18520712233178854,0.3392160370447127,0.35511117143443965,0.12617690217000047,0.5174953657696689,0.06529596214014813,0.09487821284392386,0.126177,0.517495,0.26733456,D
7619553,2024-02-29 11:15:52,nan,1.5789473684210527,4000.0,independent,521.0,0.3163110230866394,0.5141261114610958,0.7087031593719277,0.35972992770063256,0.3136401173628944,0.5000153119280173,0.6932105706015592,0.3543624312977258,0.588509868727399,0.513108001540786,0.24294851922048424,0.45818182407799246,0.11131459569348869,0.1848690313164879,0.242949,0.458182,0.28100088,D
7619880,2024-02-29 12:05:20,nan,1.088235294117647,3500.0,franchise,,0.2997658811427353,0.4941493878223617,0.21921947946577103,0.17414016182589478,0.17070644410156763,0.3786550879887528,0.6528475058040483,0.08300857128596012,0.26830124992770304,0.2630108519650724,0.14311486667924334,0.39743602612412365,0.056879003892282225,0.07841859848147467,0.143115,0.397436,0.11919688,B
7620081,2024-02-29 12:38:44,nan,1.1538461538461537,3500.0,independent,617.0,0.3281417136611268,0.5481231409916963,0.36031827652192866,0.3619489875514528,0.3695458711939833,0.505366631112112,0.6455209796497162,0.18209283353400949,0.5514037694647508,0.5629770862048091,0.1951589019440826,0.47396167103249415,0.09249783928228407,0.14807229965168495,0.195159,0.473962,0.22506944,C
7620093,2024-02-29 12:41:29,nan,0.5178571428571429,3500.0,independent,,0.3492805472643902,0.4929277859528702,0.2883166829230136,0.36030044000007677,0.38321120536785097,0.43015333292270364,0.647255788871494,0.12402038209655265,0.5503674474342708,0.5853641836420441,0.18194798274371027,0.49409768027003387,0.0899000762034794,0.14299229601819005,0.182076,0.508988,0.22559536,C
7620458,2024-02-29 13:47:11,nan,1.3611111111111112,3500.0,franchise,586.0,0.31917668172407265,0.48279435878591664,0.3588601045643913,0.3579269718096546,0.3139405712067199,0.45150182236148584,0.7253007642562538,0.16202599118365604,0.612667106635467,0.537375153496378,0.21036288671260073,0.4654739729620996,0.09791844864189032,0.15867246387267578,0.207209,0.479685,0.24118144000000002,C
7620808,2024-02-29 14:45:26,nan,1.2222222222222223,4500.0,independent,564.0,0.33651849778970583,0.5269618614392506,0.37050129443559227,0.2290883341369535,0.21117287495122009,0.40620992061861083,0.648113305659048,0.1505013014017745,0.3504014661600041,0.32299892211837766,0.23936441171161,0.42780448824745654,0.10240116965693881,0.16743855929923354,0.235821,0.428295,0.250344,C
7621361,2024-02-29 16:24:29,nan,1.5555555555555556,6500.0,franchise,634.0,0.2563921935578617,0.41452442727948857,0.26389017370864787,0.35591457686313466,0.24060557464410315,0.4539235134231585,0.6631195269636309,0.11978595480767705,0.5569928178035047,0.37653860142903217,0.1846645485862039,0.4431622599538459,0.0818363586848189,0.1272234544989239,0.184665,0.443464,0.19354464,B
7621462,2024-02-29 16:41:27,nan,1.048780487804878,4000.0,independent,549.0,0.36572683625126634,0.5486611705101989,0.22674493839437837,0.09643886145942043,0.1767654117961774,0.37411011427362373,0.6727805342213767,0.08482757481368666,0.1531219654083937,0.2806614145050216,0.16716486281739099,0.4024743399370943,0.06727956782310436,0.09875721326511527,0.158177,0.402474,0.13935816,B
7622345,2024-03-01 09:27:03,13.0,1.0731707317073171,5000.0,independent,541.0,0.16351818400401003,0.29197367875460384,0.21327205812144776,0.05667858394667693,0.09776279904005868,0.36675739570046545,0.6435243658983084,0.07821910461230049,0.08607875751454638,0.14847407409524613,0.05909614935823199,0.37432917557916795,0.022121412869170357,0.01044908650804871,0.059096,0.374329,0.07440248000000001,A
7622565,2024-03-01 10:06:07,nan,1.3428571428571427,6500.0,independent,535.0,0.31638762496171957,0.5398061757761041,0.5478406337715567,0.41840729939440086,0.28711138848904044,0.40368567632478936,0.7041053103663479,0.2211554167622721,0.6952626113031505,0.4770897017922218,0.2353812981514856,0.4261060923986111,0.10029740517904194,0.16332458474977188,0.233164,0.417478,0.23946536,C
7623088,2024-03-01 11:37:44,7.0,1.2173913043478262,4000.0,franchise,511.0,0.11244002519594602,0.22400786389376326,0.3320432973406703,0.2691182471260836,0.24083360773569742,0.49791269893173357,0.7401612621100275,0.16532857434108525,0.47009052742124563,0.42068346866198963,0.06132292455027133,0.46049042612359964,0.028238619657299794,0.022411467898439466,0.061451,0.454139,0.15619976,B
7623688,2024-03-01 13:21:24,nan,1.1904761904761905,3500.0,franchise,,0.26321690191891445,0.4336004446643181,0.3847259249632074,0.31650546350577813,0.3565671126475448,0.36203733769474244,0.7082625172693235,0.13928514961582686,0.5290387368965476,0.5960017650389227,0.20857435500078936,0.43327637961931975,0.09037034141617677,0.14391191374957615,0.149307,0.404099,0.21874624,C
7623737,2024-03-01 13:28:15,13.0,1.411764705882353,4000.0,franchise,517.5,0.11179056448522903,0.23184883338680012,0.2511563421151277,0.23646297046983855,0.1891742746532032,0.29593932696354047,0.7184049843969632,0.07432703884817561,0.4009077768015917,0.32073283072007736,0.07227865588376312,0.3750429057962326,0.027107597129692483,0.020199719415027545,0.060186,0.368478,0.07185799999999999,A
7623902,2024-03-01 13:55:12,nan,1.2058823529411764,0.0,franchise,536.0,0.2551155844789837,0.448410261094562,0.42647870249257613,0.3097768710307347,0.3612293585868235,0.4131088246203914,0.6426076824571477,0.1761821155123377,0.4697933933256537,0.5478238758584271,0.23596720976378238,0.43965041541555716,0.10374308179709683,0.17006270874667676,0.224139,0.460116,0.21178312000000002,B
7624246,2024-03-01 14:48:02,nan,1.4230769230769231,5000.0,franchise,622.0,0.30315771870891794,0.51045344063661,0.31858863639856283,0.3940271130455582,0.44430322568073616,0.43448835570550615,0.7256925204804937,0.13842305277527092,0.6748243679766931,0.7609289653764062,0.20432458956833963,0.47571122749815514,0.09719950131161159,0.1572665407998958,0.204325,0.476262,0.23938024,C
7624686,2024-03-01 15:57:30,nan,1.2424242424242424,4000.0,independent,511.0,0.40161416588927357,0.5968647385256753,0.4259060350962219,0.2537343990962441,0.23075462734547533,0.40582762073294937,0.6355322714607373,0.17284443287890375,0.3805651016526526,0.3460987494219923,0.21993236324966894,0.43936570126485314,0.09663073701002721,0.1561543051452185,0.219004,0.437922,0.23520328,C
7624702,2024-03-01 16:00:17,nan,1.16,6000.0,independent,436.0,0.4405606078957959,0.6671125407888773,0.6344336749034698,0.3595871880202131,0.3090431594151033,0.3895039261121261,0.6022361755405796,0.24711440723264572,0.5110731344125753,0.4392360501513855,0.21639059404790553,0.43191397001953463,0.09346212055011636,0.14995798059936905,0.216391,0.431914,0.22793616000000003,C
7624789,2024-03-01 16:17:24,nan,0.9761904761904762,4000.0,independent,516.0,0.25345275901607517,0.42194080776924786,0.2794402076224575,0.24706462833456883,0.1873513221100581,0.4024091216891806,0.6893637920589764,0.1124492885139954,0.4019490854107695,0.30480159414264363,0.1354071289099639,0.42835545995960544,0.058002382986037174,0.08061540000068526,0.135407,0.428355,0.12253480000000001,B
7624914,2024-03-01 16:47:57,nan,1.0,3500.0,franchise,528.0,0.4185300627201579,0.586502261416166,0.30850136976998965,0.19506368271314026,0.21296144827388305,0.44665150991257463,0.6687783534764886,0.13779260261786339,0.30787230977317176,0.3361206558841591,0.18660972372678056,0.4737673383144992,0.08840959211364087,0.14007760966598812,0.18661,0.473767,0.21291856,C
7625038,2024-03-01 17:22:22,13.0,1.4285714285714286,4000.0,independent,492.0,0.1364813814879162,0.3191614523496496,0.31514833970314254,0.20339641852608764,0.22386543914496246,0.3376241110973473,0.6638867010445009,0.10640167805607835,0.31867593842694014,0.35074623937751315,0.07666501982722562,0.3593865415253083,0.027552376331675805,0.02106949848788199,0.076665,0.356464,0.08987912,A
7625625,2024-03-02 08:47:21,nan,0.6585365853658537,5500.0,independent,515.5,0.34284506794188774,0.5472188373013134,0.5450741679537084,0.3677644615640282,0.42369863680200287,0.4155113748579135,0.6808577062822392,0.22648451692597865,0.5909328318961524,0.6808092175386987,0.2964663105067442,0.4718714527899581,0.1398939886420962,0.24075689160927838,0.244119,0.434249,0.36595064,Decline
7625747,2024-03-02 09:07:18,nan,1.4285714285714286,2500.0,independent,610.0,0.3358608500503282,0.5323485368325793,0.4068517092057727,0.47567235095912386,0.520872519211685,0.5408172035725454,0.660862795857701,0.22003240364137638,0.7418758170502431,0.8123716356227606,0.19360873259622985,0.5188031254011248,0.10044481557587467,0.1636128502030902,0.193609,0.518803,0.24869176,C
7626696,2024-03-02 11:19:37,nan,1.25,4000.0,franchise,528.0,0.4383397288135869,0.6117160997555502,0.37714889092526666,0.17655316052424183,0.258008389440524,0.44984318054844075,0.6665006070721324,0.1696578566341389,0.27770778126098955,0.4058320857326773,0.2211461109326793,0.45053870350033776,0.0996348821037512,0.16202900100034856,0.235963,0.452173,0.26727224,D
7627415,2024-03-02 12:45:28,nan,1.1818181818181819,3000.0,independent,621.0,0.35560849738856226,0.5445360603620106,0.6572021784168162,0.4347549751079562,0.38924493603455945,0.5444400347016382,0.6378657803688754,0.3578071768232436,0.6544641586609103,0.5859550187128287,0.2290862746445234,0.5183732539188763,0.11875219761563498,0.19941348500330267,0.229086,0.518373,0.30310776,Decline
7627639,2024-03-02 13:17:04,nan,1.1071428571428572,1500.0,independent,549.0,0.37602921872453354,0.5607390965252828,0.4066034501995146,0.3112994627724153,0.37467553382083596,0.46837447055829373,0.6806410690908067,0.1904426757143732,0.5000443499911928,0.6018461519286786,0.20623691437144887,0.47259474864738416,0.09746648270918697,0.1577886309322964,0.223673,0.483048,0.23983928000000002,C
7627759,2024-03-02 13:35:31,nan,1.5666666666666667,8500.0,franchise,505.0,0.36815910119967615,0.559032796750966,0.28920978129941083,0.33747988071467805,0.30443252814806926,0.33369514306498826,0.5704701236337903,0.09650789934650086,0.45435236668951734,0.4098604022510324,0.20373160432230075,0.3679376463292079,0.07496052697722082,0.11377755931976463,0.229333,0.346471,0.18630792,B
7627806,2024-03-02 13:41:40,nan,1.2857142857142858,4000.0,franchise,536.0,0.3354649216769391,0.5205365842589259,0.5262088326561094,0.12639710574372362,0.2959806068678139,0.4863222255979452,0.62108520864079,0.25590705062661584,0.18526795979014088,0.4338368576494922,0.17435067035575755,0.4673684841690622,0.08148600851803026,0.1265383342372637,0.174351,0.467368,0.19233776000000002,B
7627831,2024-03-02 13:44:38,nan,1.2758620689655173,6500.0,independent,591.0,0.36724058785630787,0.5417867504344233,0.34484284718960184,0.2909963476921381,0.25083335728163875,0.5032908991378993,0.7040723315275342,0.1735562666233279,0.4835226456860176,0.41678739097934325,0.2224535591879662,0.4785104198121347,0.10644634599573725,0.17534902298504407,0.222454,0.47851,0.26653048,D
7628355,2024-03-02 15:05:11,nan,1.2857142857142858,3000.0,franchise,658.0,0.23696433867601638,0.4249539528461575,0.32318496345964104,0.22447762083180778,0.2617361169450258,0.5190009796505506,0.658106658163332,0.16773331264388108,0.3486433118322607,0.40651066373427763,0.15610590431634866,0.47923700400516106,0.07481172589208328,0.1134865743337456,0.156106,0.479237,0.17250024,B
7628387,2024-03-02 15:09:32,nan,1.16,3500.0,independent,511.0,0.38394205423277306,0.5319618104406048,0.48244633489866606,0.2824337904759993,0.22203827380898564,0.48454874779574353,0.6933339052197519,0.23376876745379457,0.4621373780835106,0.3633141258322383,0.19180390251580934,0.4761270234567382,0.09132302119223867,0.1457749076320585,0.191804,0.478543,0.22295512,C
7628412,2024-03-02 15:15:05,nan,1.5416666666666667,0.0,franchise,528.0,0.38070285285629446,0.548993518645472,0.5073566002202686,0.4473817573410329,0.43077338352768413,0.5013522362394143,0.7129522067820466,0.2543643660912582,0.7527498743619541,0.7248051692053139,0.17733910268965308,0.46421909526197336,0.08232419780516094,0.12817743853392635,0.200209,0.513684,0.23224991999999997,C
7628438,2024-03-02 15:18:57,nan,1.4285714285714286,3500.0,independent,550.0,0.2114596063568191,0.37580050823679884,0.22305907368130523,0.1391739891377535,0.14854296655185062,0.42223067561810357,0.676796623548962,0.09418238338320585,0.22229426680488065,0.2372587725856038,0.08675512554402992,0.46542600725530164,0.04037809169089027,0.04615056964428666,0.086755,0.465426,0.10966952,B
7628529,2024-03-02 15:34:09,nan,1.205128205128205,2500.0,independent,449.0,0.3037975577685152,0.47474362415333393,0.2240105338568506,0.13367870327118692,0.12481639755450911,0.43303766426864976,0.5825109908739637,0.09700499835294388,0.18377158080693978,0.1715883392636378,0.18945354680929555,0.4213064352923537,0.07981799845971738,0.1232764905279311,0.189454,0.421306,0.18737952,B
7629032,2024-03-02 17:59:00,nan,1.2758620689655173,6000.0,independent,595.0,0.26347727529860804,0.4082373810536194,0.1389339227260579,0.17447774667853289,0.20273979963244587,0.43750627142503756,0.6075577823670247,0.060784462506331884,0.2501725383127957,0.29069569762684805,0.1519179579997218,0.4023186850770819,0.06111943310204343,0.08671088501403898,0.151918,0.402319,0.13180071999999998,B
7629060,2024-03-02 18:14:15,nan,1.2222222222222223,5000.0,franchise,667.0,0.24346719240395764,0.4657451158779622,0.4686205176830771,0.30269375908663215,0.32458053757750277,0.360772416838712,0.5991953168621922,0.16906535674473208,0.42803953161596936,0.45898964582408375,0.16322307979759834,0.4041360068158347,0.06596432368958374,0.0961852139046917,0.163223,0.404136,0.1462012,B
7629139,2024-03-02 19:29:50,nan,1.2121212121212122,5500.0,franchise,559.0,0.19508841977639477,0.3038076157388839,0.16980300726990766,0.12804661620946783,0.15724446888987195,0.3513162892058293,0.6121539429192975,0.059654562410054415,0.18498680873663542,0.2271684590543188,0.11337735762812104,0.4016226091799598,0.04553491019253539,0.05623488292880873,0.121135,0.406287,0.13593816,B
7629203,2024-03-03 10:49:47,nan,1.25,4000.0,independent,546.0,0.26503458655906587,0.44552724864954474,0.3100748025119715,0.2880783226026135,0.278643695694185,0.44406071305999667,0.6781317232005328,0.1376920379054037,0.46103791640282116,0.44593882566734766,0.09781442876208539,0.41237412815693364,0.040336139781933456,0.04606853142776433,0.10444,0.417835,0.11936104,B
7629205,2024-03-03 10:51:00,nan,0.9565217391304348,4000.0,independent,538.5,0.31469676544267555,0.5048954091794589,0.3731131331695097,0.2588303295873667,0.3586990881832454,0.43764543665558614,0.6696764473957,0.16329126008790396,0.40906487840732897,0.5669011012983731,0.15312109685432362,0.4184080349092456,0.06406709723796582,0.09247513066175927,0.097814,0.412374,0.140562,B
7629444,2024-03-03 15:32:19,nan,1.2954545454545454,9500.0,franchise,583.0,0.23020750989157002,0.38665635800897846,0.22540330703544598,0.13928183278471598,0.2232108903494097,0.41952359680532847,0.6731539681045282,0.09456200609932609,0.2212691594804109,0.3546024998883257,0.18162171347879902,0.4828400778854772,0.08769424228179715,0.13867872160932276,0.181622,0.48311,0.21093800000000001,B
7629450,2024-03-03 15:42:14,nan,1.119047619047619,3000.0,independent,710.0,0.20126403009560617,0.36115187862827547,0.19126873421020368,0.14796532750068264,0.2891171688288334,0.3993451423171464,0.6322178870595677,0.07638223988399424,0.22076933103691812,0.43137270759147817,0.1153207561729635,0.4241060969644916,0.04890823579950935,0.06283152235301451,0.159535,0.50116,0.13502464,B
7629493,2024-03-03 16:37:10,nan,1.5625,3500.0,independent,519.0,0.2808438252730464,0.48897348181463424,0.24659023649572082,0.1877823833574481,0.22845945422126893,0.5539603700374696,0.7102128226442332,0.13660121865679664,0.31474247740408506,0.3829214078677062,0.13239656024445629,0.4930610058433354,0.06527958116432937,0.09484617935428102,0.132397,0.493061,0.14416592,B
7629496,2024-03-03 16:38:10,nan,0.9014084507042254,3500.0,franchise,596.0,0.2245916285488074,0.40364501809843,0.31444522391796703,0.2527056065677532,0.2819591150153078,0.4126805699791836,0.633102407796107,0.12976543423369866,0.37757292603662385,0.42128122729435197,0.18975909704090554,0.40397360235648927,0.07665766601152924,0.11709636561552575,0.145822,0.395901,0.17798592000000002,B
7629507,2024-03-03 16:54:10,nan,1.4137931034482758,4500.0,franchise,598.0,0.16110539586860997,0.2768461232560228,0.14787768772776905,0.12305667562685034,0.09469868319829514,0.30869988804464843,0.5642325437634502,0.045649825645863784,0.16386089143378718,0.12609970623237465,0.09204955647629803,0.34059889261405285,0.03135197700144183,0.02849973158562954,0.081219,0.31541,0.0794732,A
7629511,2024-03-03 17:06:30,nan,1.1333333333333333,3500.0,franchise,471.0,0.340763678666513,0.6008557859069225,0.3579514846168228,0.1816145240598709,0.22113663248991558,0.36563683133980385,0.6037468742715784,0.13088024660867362,0.2587721148873831,0.3150848995404411,0.3384924048449915,0.3956546356119351,0.13392608909635273,0.22908648501059065,0.338492,0.395655,0.34821072000000003,Decline
7629512,2024-03-03 17:06:46,nan,1.1666666666666667,2500.0,independent,509.5,0.27397439066235646,0.5060737074223098,0.22481157543964797,0.19698339694551584,0.1821578534119979,0.488690593170297,0.6796305037221083,0.10986330215315054,0.31594718368669616,0.2921680794643484,0.18319573926842794,0.44565405723659535,0.08164192447343238,0.1268432325655312,0.149059,0.457032,0.19280136000000003,B
7629513,2024-03-03 17:07:44,nan,1.1764705882352942,4000.0,franchise,551.0,0.4848916776151918,0.6632789404431721,0.4198031328113643,0.210284463277331,0.2129216990370364,0.4871666640254061,0.6574901273940443,0.20451409175912683,0.32629350217611336,0.3303856394585691,0.3397055057161399,0.545781859222569,0.18540510249789788,0.32975524008771423,0.339706,0.545782,0.5012276,Decline
7629516,2024-03-03 17:14:06,nan,1.391304347826087,7000.0,independent,466.0,0.31993240202780315,0.496521711854562,0.3875889626216274,0.2978709578672756,0.25971806698505057,0.5224996061681781,0.6764418777887101,0.20251508032493304,0.47552204058516945,0.41461465754777094,0.22314150659203408,0.5153380266351437,0.11499330366753176,0.19206285512096838,0.223142,0.515338,0.29193576000000004,Decline
7629517,2024-03-03 17:14:59,nan,1.1176470588235294,10000.0,independent,690.5,0.1513860882624243,0.281252421790108,0.09617956119905281,0.11846114318930037,0.11436971875877638,0.294345879034805,0.5953941374881546,0.028310057486317024,0.1664533256131281,0.16070434173014098,0.08525822973068892,0.3604465974601888,0.03073103881190593,0.027285468327846403,0.087843,0.322388,0.0946732,A
7629518,2024-03-03 17:19:32,nan,0.972972972972973,3500.0,franchise,,0.3020751663895365,0.48647591006669316,0.2064053310593748,0.2313437773439818,0.21343272299235877,0.41893944082792955,0.6935695849044119,0.08647133397791816,0.3786690979895345,0.3493518504143555,0.15559094530406278,0.46469190436494934,0.0723018526752876,0.10857844196210517,0.155591,0.464692,0.16503856,B
7629519,2024-03-03 17:20:37,nan,1.2,4000.0,franchise,673.0,0.23356717605386862,0.3740337713143432,0.1929654474021149,0.14703865723119502,0.16720451658673752,0.4300797140200562,0.6529471694970003,0.08299052443445377,0.22658000110796628,0.2576546893645218,0.08592067566745797,0.3825965432233098,0.032872953501780565,0.03147404676133695,0.085425,0.381156,0.10011176000000001,A
7629520,2024-03-03 17:21:35,nan,1.25,3500.0,franchise,504.0,0.2845604363971045,0.49376729368523953,0.26471700441183166,0.3068921623640155,0.2640726124058231,0.4190955446019342,0.6492255828964973,0.1109417171293692,0.4702116934732609,0.40460476189016426,0.21281458691295302,0.35623073649395265,0.07581109703265755,0.1154408745802728,0.212815,0.356231,0.17547032,B
7629524,2024-03-03 17:26:22,nan,1.225,5000.0,franchise,527.0,0.19060462845557008,0.31614146354041367,0.22176923296823325,0.15788234304600282,0.19265035304555028,0.3475738327789223,0.6114455758415396,0.07708118229521056,0.22782604597518025,0.2779966862874692,0.11282916067870616,0.3943337685322193,0.04449234813076149,0.054196121540148016,0.112829,0.394334,0.12189792,B
7629525,2024-03-03 17:26:49,nan,0.8809523809523809,4500.0,independent,544.0,0.3920738780309999,0.5955636719709587,0.18880860387914758,0.18869783526381365,0.20962317999050442,0.4462476708612704,0.654866836283468,0.08425539971963783,0.2916298123668963,0.3239696341132654,0.24072842316337495,0.4537281889923668,0.10922527148090623,0.18078329513905655,0.240728,0.453728,0.27479016,D
7629526,2024-03-03 17:45:32,nan,1.1363636363636365,4500.0,franchise,537.5,0.36865335885251393,0.5584998382699162,0.39207135384303876,0.1955789388992164,0.1463555529274207,0.39622214367795594,0.6074047236264207,0.15534735229440721,0.28035754833697607,0.2097970478578898,0.17908707756116438,0.4078566430826871,0.07304185427358532,0.11002553728762429,0.147806,0.409351,0.16723952,B
7629527,2024-03-03 17:47:45,nan,1.3636363636363635,4000.0,independent,,0.21175541261350475,0.3620036536819698,0.20797136918394676,0.31805613557848983,0.27215480039120565,0.4720646315018233,0.679014354541472,0.09817592775674948,0.5096766485943682,0.43612095805027445,0.1438926355323038,0.47879995085206095,0.06889578682084058,0.10191777800175836,0.143893,0.4788,0.15491536,B
7629528,2024-03-03 17:48:37,nan,0.9512195121951219,5500.0,franchise,490.0,0.3342349040026789,0.5351249553634685,0.1485450770123477,0.1668665652787207,0.16960864939880035,0.4299628186141963,0.6078737644913509,0.06386886000349187,0.23938378500077376,0.2433175297528082,0.2570302542600219,0.4493338734045872,0.11549239972882154,0.19303885244170238,0.25703,0.449334,0.29341928,Decline
7629534,2024-03-03 18:03:38,nan,1.0294117647058822,3500.0,franchise,669.0,0.19489479314494218,0.38147583662937407,0.1589658641211061,0.20636620594557736,0.22322762310841032,0.4369431539504729,0.6604704242255335,0.06945904603953842,0.3216651103845867,0.34794717332251546,0.1879536986561329,0.476871898837851,0.08962983717174734,0.14246383548446706,0.187954,0.476872,0.21654528,C
7629535,2024-03-03 18:04:00,nan,1.2894736842105263,3000.0,independent,667.0,0.15246656702303912,0.28053019815166846,0.23723642365253067,0.21332364688504973,0.21698867811197287,0.47555978421068457,0.662759868659669,0.11282010243911203,0.3336623511720277,0.3393948752224581,0.11975490235908795,0.42339607249583366,0.05070375532095989,0.0663427146427967,0.11257,0.433598,0.14036136,B
7629537,2024-03-03 18:12:39,nan,1.1666666666666667,3500.0,franchise,,0.2007951976597175,0.3303480110909577,0.2770255215541402,0.2889444057903326,0.27178662603413933,0.4333328790046304,0.6537503741519148,0.12004426681281485,0.445798131611097,0.4193262359639601,0.18518466179106038,0.5153051207603383,0.09542660450720478,0.15379958791197415,0.174709,0.514794,0.21746336,C
7629538,2024-03-03 18:13:08,nan,1.028169014084507,5000.0,franchise,595.0,0.24735490816799396,0.42916972126156455,0.21297678778376977,0.12422716429276494,0.1650162732630962,0.3784179253902732,0.5957181916521364,0.08059423418941863,0.1746503407330787,0.2319955423274608,0.3482705122780966,0.41351704071017886,0.1440157916038565,0.24881720095508947,0.25666,0.383098,0.37820184,Decline
7629539,2024-03-03 18:15:35,nan,1.1694915254237288,4000.0,independent,718.0,0.17670210070795778,0.3245698436371953,0.11737398427002971,0.15968313827156838,0.13699438183973756,0.35711273501619173,0.6619330404853085,0.041915744542417775,0.24945092674359107,0.21400741417337543,0.19283035473205284,0.4122334632634772,0.07949112495351898,0.12263727958035497,0.169304,0.418012,0.18640824,B
7629540,2024-03-03 18:16:13,nan,1.1538461538461537,6000.0,franchise,635.0,0.4237713685747263,0.5892875456953505,0.40912580851817587,0.28097990125503686,0.30851463125307876,0.4973689881593597,0.6757340467698274,0.20348648941256509,0.44808773833708404,0.4919982630238518,0.3712438776613858,0.5060915847434202,0.18788340237194315,0.334601629840406,0.371244,0.506092,0.50859504,Decline
7629542,2024-03-03 18:20:10,nan,1.2962962962962963,5500.0,independent,568.0,0.20908447079792633,0.40419313068844054,0.28108347277724494,0.19842903884349083,0.3238603847045558,0.46937644792736255,0.6641228716367077,0.13193396202327073,0.3110037808991282,0.507596089330486,0.13617344543297272,0.46608660943960223,0.06346861947756294,0.09130478944695866,0.150737,0.480131,0.16525288,B
7629543,2024-03-03 18:25:13,nan,1.1132075471698113,0.0,franchise,599.5,0.36660019825743756,0.5460207633108527,0.3685539934350578,0.24986198102221396,0.25435671461065684,0.42432419850434633,0.6380074818522297,0.15638637786990703,0.37621659944131786,0.3829843092750453,0.3287361436866442,0.4611989554858177,0.151612766098716,0.2636733124890221,0.254728,0.450316,0.40078295999999997,Decline
7629544,2024-03-03 18:28:27,nan,1.1694915254237288,4000.0,independent,718.0,0.14602614292874913,0.2989741564284284,0.1041950557530752,0.17408906708852026,0.1573184781715624,0.37552278987504506,0.6819131598736704,0.03912761802758066,0.2801641569771897,0.25317499571330965,0.18032758604817933,0.42013637806548537,0.07576217886757422,0.11534521364090741,0.118116,0.417662,0.13628472,B
7629545,2024-03-03 18:30:34,nan,1.4067796610169492,6000.0,franchise,547.5,0.2232487067082107,0.43977379880057677,0.31198726652434233,0.1462935737307254,0.3438754639984551,0.36266933095597176,0.5958512032839118,0.11314821321716567,0.20571931657876913,0.48356071724777133,0.30129825560169654,0.425058815740435,0.12806947971071603,0.2176337096586965,0.223775,0.397084,0.33080368,Decline
7629546,2024-03-03 18:37:17,nan,0.9318181818181818,4000.0,franchise,545.0,0.46724445494967365,0.6610272414988948,0.4778529513528425,0.3234790540721706,0.2345196113014185,0.4168657041678918,0.6577394732755635,0.19920050705440803,0.5021252646330125,0.36403662124003633,0.5246682811247804,0.4848192673281986,0.25436929164526134,0.4646167808910579,0.524668,0.484819,0.70621784,Decline
7629550,2024-03-03 18:47:50,nan,1.1785714285714286,7500.0,franchise,423.0,0.2630604819323654,0.3999099356294566,0.17050685863477164,0.03783231210754448,0.1514633719738346,0.40256586031119357,0.6347763288668113,0.06864024023526591,0.056675532613522386,0.22690305719764006,0.12463939566176988,0.3662881473283538,0.04565393332107535,0.05646763622736247,0.140597,0.391854,0.11388904,B
7629551,2024-03-03 18:53:32,nan,0.8448275862068966,3000.0,franchise,489.0,0.4184705227005351,0.592861531212552,0.24206806231908828,0.11290268813493046,0.1015914094675421,0.4175392653645309,0.6076310890235471,0.10107292090892761,0.16190351269446832,0.14568303309767128,0.30992369916003065,0.44751726435120626,0.13869620600570315,0.2384145917303327,0.342126,0.515297,0.3623908,Decline
7629553,2024-03-03 18:58:46,nan,1.206896551724138,9500.0,franchise,636.0,0.20944029629046187,0.3560561464306438,0.1930712147232679,0.17115174024022226,0.19713502257623036,0.5280669906135711,0.67526233303609,0.10195453533302268,0.2727506832660064,0.3141581384323563,0.14607284158329553,0.46926220613347175,0.06854646389756239,0.10123466654560018,0.146073,0.469262,0.15387720000000002,B
7629554,2024-03-03 18:59:58,nan,0.625,6000.0,franchise,702.0,0.133077106824709,0.26385635880065944,0.06799472282971922,0.004511998666685535,0.06857401207697711,0.378438657645246,0.5831149593211702,0.0257318316346395,0.006209192848796362,0.09436821614010402,0.056753574529415436,0.3490883380858807,0.0198120110129068,0.005932981896069639,0.056754,0.349088,0.062218159999999995,A
7629555,2024-03-03 19:02:04,nan,1.1607142857142858,4000.0,franchise,678.0,0.1422313727863584,0.3078384532967898,0.13000810727930198,0.17622432826784787,0.18564935135140403,0.3190501595612918,0.5619753933425136,0.04147910737172284,0.23371961741983194,0.24621966670879117,0.15724292446461338,0.35657944520454465,0.05606959476793196,0.07683577465653399,0.186246,0.439466,0.11679072,B
7629558,2024-03-03 19:15:07,nan,1.15625,5000.0,franchise,490.0,0.3975579276038831,0.6439260262650196,0.5277992770630014,0.3362915555508558,0.3619323263249201,0.5596921066325244,0.6414836876186051,0.2954050892585147,0.5091122913206335,0.5479298927279246,0.40047802889052847,0.5912575034899133,0.23678563956437526,0.43023142173732276,0.400478,0.591258,0.65395112,Decline
7629559,2024-03-03 19:21:14,nan,1.3870967741935485,3000.0,franchise,582.0,0.2571313723211149,0.4394583706027601,0.24674113013290427,0.14441648643157345,0.17223029407701362,0.4515930448118158,0.6468372029552464,0.1114265782370267,0.22045693649989487,0.26291570957644667,0.17178265478055743,0.4303940835639538,0.07393423827646106,0.1117706209767679,0.112587,0.392036,0.21566368000000002,C
7629563,2024-03-03 19:53:13,nan,1.305084745762712,4000.0,franchise,549.0,0.22534678010200243,0.3864920175152475,0.14903417602641988,0.1228814480178432,0.1817607424808226,0.2641538291109661,0.5461651639324377,0.03936794826577655,0.15838801623417273,0.2342804702839074,0.27906773233694976,0.3683852589462274,0.10280443884048372,0.16822716428573112,0.279068,0.368385,0.25570504,C
7629564,2024-03-03 20:03:15,nan,1.125,3500.0,franchise,496.0,0.25765166649015053,0.42745730186432906,0.15627132128245935,0.2080984618369876,0.2068072531352058,0.3653325665030667,0.5874162020054804,0.05709100287494619,0.28848736310529893,0.2866973575939298,0.16178709558679558,0.37040503628161986,0.05992675501072491,0.08437856722612289,0.161787,0.370405,0.12825608,B
7629565,2024-03-03 20:10:15,nan,1.2758620689655173,3500.0,franchise,490.0,0.2276620519519854,0.3873405297938604,0.21104812176897814,0.22018809628804223,0.31570093121777226,0.3618092277986239,0.6016806512717761,0.07635915796558393,0.31265968453744103,0.44828469488922834,0.15397149351386488,0.39943849181114,0.06150214115108691,0.087459282085185,0.153971,0.399438,0.13293768,B
7629567,2024-03-03 20:22:42,nan,1.2285714285714286,9000.0,franchise,492.0,0.42604091454156917,0.6637376030235516,0.4176632731727719,0.34188823092393883,0.3316551055261433,0.42524610439584665,0.6440401070997843,0.1776096798659396,0.519647769550566,0.5040940876524643,0.40197993224169865,0.46301924573235453,0.1861244450260943,0.33116193598187815,0.412267,0.445211,0.5033662400000001,Decline
7629568,2024-03-03 20:40:07,nan,1.1142857142857143,9000.0,franchise,488.5,0.45536225530475566,0.6838006304717908,0.3723212159089342,0.3293942912943061,0.28349335767075917,0.43604393113316803,0.6343177581279686,0.16234840662921268,0.49309993020973447,0.4243866957532517,0.3715533542641828,0.43880175476573446,0.163038263840218,0.2860162160874615,0.38821,0.441662,0.43474432,Decline
7629569,2024-03-03 20:44:24,nan,0.9636363636363636,4500.0,franchise,506.0,0.4121217449732814,0.5754657029664489,0.2641088650986338,0.233226836778463,0.23136317803935652,0.5123036818524669,0.6612486842015661,0.13530394399990658,0.36396141589899494,0.3610530890408725,0.3088735263813925,0.47268123739922907,0.14599872064982003,0.25269487819234254,0.308874,0.472681,0.3840964,Decline
7629573,2024-03-03 22:08:13,nan,1.3714285714285714,5000.0,franchise,486.5,0.2981285646716055,0.5014262304768382,0.29355738113158564,0.24225206589601675,0.3362700466964338,0.40397083237831044,0.6141999901372781,0.11858861960652357,0.3511472709024022,0.4874274601000116,0.2630697957284926,0.45394958637787913,0.11942042495946237,0.20072022362097744,0.306324,0.466262,0.30509440000000004,Decline
7629574,2024-03-04 04:27:12,nan,1.368421052631579,4000.0,franchise,486.0,0.37910059410085606,0.5761226607341852,0.2194970823678071,0.1519509083995774,0.47833679541490026,0.43614897281064025,0.6601358678222286,0.09573342700965157,0.2367274576872451,0.7452107703039448,0.2503263214444327,0.3610750063249809,0.09038657809885774,0.14394366506965928,0.250326,0.361075,0.21879488,C
7629576,2024-03-04 05:06:59,nan,1.2857142857142858,3500.0,independent,591.0,0.5914992644571007,0.7111464888258573,0.6601166449789113,0.5265754595595203,0.4326870089982711,0.535215974860622,0.735774511915448,0.3533049736641111,0.9143602921159786,0.7513297719445448,0.45950888503953863,0.5463290736042319,0.25104306347656463,0.4581122419203264,0.459509,0.546329,0.69633024,Decline
7629577,2024-03-04 05:16:27,nan,1.2857142857142858,4500.0,independent,569.0,0.49158182431161135,0.6282680753398453,0.46157819647721154,0.5169721378052379,0.49963515553103993,0.546902890446013,0.759795173704215,0.2524384498202447,0.9269913271757694,0.8959040962936359,0.3510627049202452,0.5072440755915577,0.17807447723194159,0.3154199824613787,0.351063,0.507244,0.4794384,Decline
7629579,2024-03-04 05:53:24,nan,1.2857142857142858,3500.0,independent,417.0,0.5643667853789249,0.6765234217460616,0.8296308516865889,0.2587991561368205,0.4462323666285294,0.5825405428529168,0.7618376468592469,0.4832936067090332,0.46530453868422456,0.8022976141015192,0.4500816025318875,0.530261189082791,0.23866080574284676,0.4338983654543091,0.450082,0.530261,0.65952496,Decline
7629580,2024-03-04 05:55:07,nan,1.146341463414634,5500.0,independent,609.0,0.3405915206218876,0.5195207492382836,0.5205413334146469,0.4361934128073249,0.4288505780392889,0.46459765097196415,0.6357924660064256,0.24184228073825895,0.6544952259794857,0.6434775210813181,0.25005236978428175,0.4943787051834583,0.12362056680200852,0.2089337269983317,0.250052,0.494379,0.31757968000000003,Decline
7629581,2024-03-04 05:57:28,nan,1.2857142857142858,6000.0,independent,506.0,0.4984061828349365,0.6396359634508616,0.6583021495132456,0.5914486818371816,0.4604072670165763,0.4822909190388614,0.7493425611196302,0.3174931486940012,1.045946501244139,0.814206515073326,0.39369972853395063,0.5044971590161711,0.19862039455081587,0.355598140155957,0.3937,0.504497,0.54050896,Decline
7629582,2024-03-04 06:06:05,nan,1.0746268656716418,8000.0,franchise,592.5,0.23470615478060888,0.4392042230191626,0.2778857486718355,0.20385170029942895,0.25420753261684176,0.47303124594942053,0.6374300486169384,0.1314486419258259,0.3066612301887249,0.38241326690439914,0.26325854344847555,0.4789185245111337,0.1260793931932941,0.21374203577128237,0.261935,0.501835,0.32488784,Decline
7629584,2024-03-04 06:47:23,nan,0.9622641509433962,4000.0,franchise,450.0,0.44290438619325484,0.6093111442127295,0.28445942504640936,0.4917896567941678,0.2608963120419262,0.3687589427144574,0.5575631800883585,0.10489695682527636,0.6471209797450559,0.3433001787003937,0.3435557998687034,0.42666320323133,0.14658261806068273,0.2538367070962069,0.343556,0.426663,0.38583224,Decline
7629593,2024-03-04 07:13:22,nan,1.263157894736842,3500.0,independent,599.0,0.4318722440810713,0.6425081798790612,0.5588402075084048,0.5640920925863157,0.6010837955514144,0.5403656434952466,0.6924738507210013,0.3019780483412963,0.9218608954942521,0.9823141528070999,0.23561051210973258,0.4924731219358256,0.11603184445957865,0.19409375279603983,0.235611,0.492473,0.29502288,Decline
7629595,2024-03-04 07:20:55,7.0,0.9791666666666666,4500.0,franchise,480.0,0.1959207233122338,0.2859870477918854,0.5954573168617839,0.29861870725494716,0.222302446014326,0.44003253331337194,0.7350186820349599,0.262020591618674,0.5179971755845348,0.3856156240829306,0.12160794326207555,0.4938245999148877,0.060052993927866824,0.08462543121576141,0.115804,0.511419,0.24928760000000003,C
7629600,2024-03-04 07:26:58,nan,0.9024390243902439,4500.0,franchise,458.0,0.4343115933971375,0.5841854402882679,0.36007699533076026,0.09193736986184159,0.11970450434143488,0.3696642322570267,0.628790675005488,0.13310758603236247,0.13643009161462955,0.1776350195630738,0.22377458539937142,0.3813846902675604,0.08534420094229102,0.13408314526867834,0.223775,0.381385,0.20380616000000001,B
7629602,2024-03-04 07:27:44,nan,1.1428571428571428,4000.0,franchise,471.0,0.5042595761430017,0.621518715561435,0.41111617456112676,0.22204036346598796,0.4576164450934391,0.45183536171925753,0.745750867777906,0.18575682544146413,0.3907848332180979,0.8053921520493794,0.34206076681039105,0.4014327600108165,0.13731439771211157,0.2357124241579655,0.342061,0.401433,0.35828224000000003,Decline
7629603,2024-03-04 07:28:11,nan,1.1071428571428572,3500.0,franchise,537.0,0.35013137779373626,0.5230422589137077,0.247024501866492,0.32964079372832666,0.4089268159405915,0.41981068560030993,0.6226707081168171,0.10370352548864704,0.4844080928338161,0.6009191301172528,0.16818699367456869,0.4454474312506561,0.07491846430210697,0.11369530449669923,0.168187,0.445447,0.1728164,B
7629604,2024-03-04 07:32:00,nan,1.2162162162162162,4000.0,franchise,617.0,0.44985804892033376,0.5886700343484296,0.31673641952439324,0.3286213299866115,0.30897533532392096,0.4527165375508955,0.6322427771632667,0.14339181516335117,0.49033357104173886,0.4610199208291478,0.2703328678683294,0.4729950609036295,0.12786611130163328,0.21723601663368292,0.270333,0.472995,0.33019872,Decline
7629605,2024-03-04 07:33:45,nan,1.1538461538461537,4000.0,franchise,,0.33863393734112374,0.549221875730086,0.3340386939096282,0.27897115629203384,0.3287659307245352,0.48080873762498644,0.6671733906537787,0.16060872273658758,0.43924823208158903,0.5176515585297229,0.25776943819687514,0.4790809942884774,0.12349243874854117,0.2086831687459347,0.227251,0.486118,0.31719816,Decline
7629606,2024-03-04 07:36:06,nan,1.247191011235955,7000.0,franchise,536.0,0.21429209375615255,0.4027110805979285,0.17464062013748213,0.17712865871969996,0.15939693762468546,0.2952250415744391,0.6185548624667015,0.051558284340673985,0.25857055179452976,0.23268597195891969,0.19752063527732663,0.36739079890282694,0.07256726399433093,0.10909746175883395,0.194229,0.359919,0.15791888,B
7629608,2024-03-04 07:37:53,nan,1.2,3500.0,independent,537.5,0.44088738866844973,0.6394059323250991,0.5121230194577203,0.41406620479235656,0.3584201929860546,0.532880403168934,0.7215744925041703,0.2729003210807219,0.7051198833433671,0.6103594105028955,0.21987258419455202,0.44213546151812555,0.09721346648804118,0.15729385012135916,0.236998,0.43377,0.23908687999999997,C
7629609,2024-03-04 07:38:55,nan,1.1818181818181819,4000.0,independent,629.0,0.5287221030417867,0.8170272116806419,0.626051208783454,0.623051983704181,0.6253560955459205,0.5486855545452862,0.6853200091440814,0.34350525466509624,1.0076963791597542,1.0114229464780962,0.463386311503525,0.5215433412738333,0.24167604520210575,0.43979475667407386,0.463386,0.521543,0.6684884,Decline
7629610,2024-03-04 07:40:09,nan,1.170731707317073,2500.0,independent,506.5,0.4923324681115472,0.6835874580529842,0.5298533103516861,0.3599912032460619,0.383171706279431,0.4777237403860194,0.6792545499910954,0.25312350527712185,0.5770805641175099,0.614239854806846,0.39392614230541945,0.4915859745863184,0.19364856658023838,0.3458755814046536,0.392892,0.47936,0.52573152,Decline
7629614,2024-03-04 07:43:19,nan,1.2272727272727273,3500.0,independent,627.0,0.41504198554303434,0.6263263680137451,0.4962664923600027,0.5263759224461061,0.38439908308649423,0.4990860164889337,0.7073108547368133,0.24767966678888959,0.8786549125390318,0.6416595598823751,0.31003699284167474,0.5106323534800771,0.1583149193206302,0.27677957417907195,0.310037,0.510632,0.42070560000000007,Decline
7629615,2024-03-04 07:45:11,nan,1.1956521739130435,3500.0,franchise,467.0,0.4407265582371203,0.5812626267386589,0.5463218632356509,0.4514057097236586,0.3659573288845801,0.4195141653878507,0.5740448459531842,0.2291897604884396,0.6115400057976648,0.4957791676245706,0.32603699457153534,0.4325371993418744,0.1410231285138138,0.2429649585026183,0.326037,0.432537,0.3693068,Decline
7629616,2024-03-04 07:46:29,nan,1.146341463414634,3500.0,franchise,,0.26814434545345534,0.46062574073597806,0.24278858587948837,0.22365605807839123,0.2777085131444341,0.4054042251481512,0.6867134888856334,0.09842751853328935,0.3624668114100709,0.4500665894129885,0.14754838226062203,0.4428601453025187,0.06534329800709064,0.09497077955180597,0.142269,0.442479,0.13724384,B
7629619,2024-03-04 07:49:12,nan,1.0,3500.0,franchise,416.0,0.5635071590499504,0.6790794715359525,0.7091703207619409,0.2863912052384692,0.28568926233738395,0.45439932399762284,0.6551428647249684,0.3222465143534033,0.44280008493144235,0.4417147849273491,0.43287014384660205,0.47164527995708133,0.20416116017959268,0.36643327356599886,0.43287,0.471645,0.55697816,Decline
7629620,2024-03-04 07:50:11,nan,1.1923076923076923,5000.0,independent,462.0,0.419217765999712,0.6357025667298976,0.3330616532631611,0.32052630364319296,0.2782889398188246,0.49338341754979415,0.6898169974972962,0.164327096741763,0.5218066020594075,0.45304552052996444,0.231440815634147,0.4692656775076787,0.10860723115148775,0.17957469873366882,0.223005,0.475551,0.26535248,D
7629626,2024-03-04 07:53:07,nan,0.8953488372093024,8500.0,franchise,490.0,0.32425126924859493,0.5159243336226864,0.18928922385671249,0.08506976256666932,0.1766691341182759,0.3458756055961366,0.6571721245388122,0.0654705249342631,0.13193692477588292,0.27400079129309773,0.26402822663645387,0.37755178855230365,0.09968432919488614,0.16212569627047568,0.33504,0.343502,0.24643152,C
7629629,2024-03-04 07:54:04,nan,1.2982456140350878,4000.0,independent,609.0,0.3112490566126221,0.4996473192871179,0.4538792430924296,0.22597353214042007,0.3622450146397519,0.47486236486814803,0.6778399084088572,0.21553017073943617,0.36149035285617637,0.57948414100614,0.31200871664709645,0.46985669694517684,0.14659938502190836,0.25386949539189246,0.312009,0.469857,0.38588088000000004,Decline
7629630,2024-03-04 07:56:18,nan,0.8048780487804879,9000.0,franchise,666.0,0.1726277094951332,0.3582182552634863,0.17239226861404772,0.16045703726810331,0.2003652465672624,0.29532474637610284,0.5454882393329045,0.05091170300564463,0.20656472712516652,0.257940649953411,0.17718545374005631,0.3769972206714131,0.06679842360340447,0.09781632130916554,0.177185,0.376997,0.14868032,B
7629631,2024-03-04 07:57:32,7.0,1.0857142857142856,4000.0,independent,573.0,0.1265429465626119,0.23719850123123828,0.495222843212858,0.31445178346457997,0.3055486987560251,0.4165980327124785,0.660039528509321,0.20630886223675685,0.48981943227662844,0.4759511569900095,0.1267482658160798,0.49296876837325765,0.06248293649279914,0.0893772567997635,0.127765,0.456,0.24642392,C
7629632,2024-03-04 07:57:48,7.0,1.1891891891891893,3500.0,franchise,608.0,0.16289842227459664,0.2023398708243214,0.4313139246980829,0.11835117064991427,0.18795508633806635,0.4225472368892132,0.671659567777767,0.1822505071130171,0.18760040285432544,0.29793072364144213,0.11707174384526597,0.4550878755654244,0.05327793119528164,0.07137659279030911,0.117072,0.455088,0.23161304000000002,C
7629634,2024-03-04 07:58:05,nan,1.1851851851851851,2000.0,franchise,582.5,0.41230567262461737,0.6011684891608856,0.5092247015547088,0.36572026577837713,0.424195151581536,0.4753051134897512,0.6770949725581012,0.24203710456424554,0.5844005538379181,0.677840154665736,0.249339044746446,0.4823188010565337,0.12026090911868724,0.20236381560886646,0.241082,0.488016,0.30759327999999997,Decline
7629635,2024-03-04 08:00:34,nan,1.2307692307692308,1500.0,franchise,659.0,0.2706919121933064,0.4499327291133763,0.33167730722803185,0.3911771143406145,0.2675564503210398,0.4632399545511691,0.6509798070137812,0.15364618072596764,0.60097022966792,0.41105027749286743,0.15747109453576516,0.43439378148120733,0.06840446422937571,0.10095698193447109,0.227662,0.507342,0.15345464,B
7629638,2024-03-04 08:01:10,nan,0.975,3500.0,independent,426.0,0.5027921030168188,0.7183795672956004,0.7650433440173406,0.34276993087249374,0.5524655239559133,0.4670601353705418,0.706388578950279,0.3573212478210711,0.5714238839271386,0.9210025938715237,0.4936836701749391,0.4910623524408523,0.2424294644377394,0.44126809059193256,0.493684,0.491062,0.67072736,Decline
7629639,2024-03-04 08:01:36,nan,1.175,6000.0,franchise,619.0,0.5923349361536511,0.7757301774762925,0.6559098806810958,0.5485953889220571,0.4946480283925765,0.44664325530990956,0.6607346000477062,0.29295772429733896,0.8554432535343377,0.7713213186022788,0.4598462199401266,0.5102470479633647,0.23463517624156174,0.4260261261956612,0.459846,0.510247,0.64755952,Decline
7629640,2024-03-04 08:01:52,7.0,1.0833333333333333,6500.0,franchise,560.0,0.08419675020500705,0.1677254633461788,0.09129707627891928,0.11471524297575295,0.08416352970386737,0.30262281288023485,0.6011611822690573,0.027628578031267916,0.1627511485761425,0.11940619896888464,0.06807436793558345,0.3300693903623922,0.02246926512380321,0.01112932202755089,0.055625,0.32996,0.12780464,B
7629641,2024-03-04 08:02:08,nan,1.5,4000.0,franchise,591.0,0.2933819727095284,0.5267364737770593,0.5833282479993404,0.18394084064350755,0.26788326933037954,0.5308415848062569,0.6594083919765896,0.3096548916302271,0.28624943611623554,0.4168809630451223,0.1551986202280688,0.49679776177021745,0.07710232715913057,0.11796591382949459,0.155199,0.496798,0.17930832,B
7629645,2024-03-04 08:04:39,nan,1.5384615384615385,5000.0,independent,658.0,0.1847706721991754,0.32703543988526257,0.3285367555430807,0.29808006386214114,0.3290324909534066,0.41782416354932606,0.641611421320002,0.13727059507999712,0.451353713322519,0.49822196986733913,0.08705941813302467,0.4963056957251988,0.043208085085941796,0.05168470662811176,0.088724,0.478006,0.11571152,B
7629646,2024-03-04 08:04:53,7.0,1.2647058823529411,4500.0,franchise,626.0,0.17864409796283062,0.27597840090681075,0.5083310996031225,0.14845922766927283,0.17520197544036117,0.4071436337516974,0.6499853253355339,0.2069637710414113,0.22773131377379155,0.268753762694234,0.11857390503318292,0.4083891589983088,0.048424297355646906,0.06188516620788819,0.118574,0.408389,0.21718520000000002,C
7629651,2024-03-04 08:08:40,7.0,1.3529411764705883,5000.0,independent,515.0,0.4513617690933372,0.6443697706434101,0.7785112530066792,0.5939243505820919,0.46056507303941113,0.4673489428357981,0.6608966971229907,0.36383641107844406,0.9263534342718672,0.7183508079734157,0.37513922953303225,0.5315399190894367,0.19940147571326156,0.35712556780155436,0.375139,0.53154,0.66595152,Decline
7629654,2024-03-04 08:10:27,nan,1.0689655172413792,3500.0,franchise,564.0,0.30184662886638775,0.5173405179588152,0.3640703525356596,0.14667558767200878,0.2595770224915151,0.4831886369474273,0.7122181583236729,0.1759146573946747,0.2465374399378092,0.43630610660883673,0.1902160510716416,0.47537335847820317,0.09042364303438769,0.14401614666303614,0.190216,0.475373,0.21890432,C
7629655,2024-03-04 08:10:42,nan,1.3043478260869565,4500.0,independent,540.0,0.3224243421228293,0.5179110027049787,0.21941046550392795,0.1357261385590459,0.187427320602172,0.3892780202588542,0.6920931899222957,0.0854116716354427,0.22168692141115073,0.3061325263781846,0.17127645706883612,0.3874944266457774,0.06636867252980876,0.0969759301922169,0.171276,0.387494,0.14740352,B
7629656,2024-03-04 08:10:42,nan,0.9761904761904762,4000.0,franchise,,0.2906135362364397,0.4752563465840243,0.2340857340918222,0.29559471474473176,0.2718170792794476,0.3966706288764449,0.5743425067972744,0.09285493535320737,0.40066335833153416,0.3684340023806645,0.22050914253590495,0.42251497106654556,0.09316841397846665,0.14938362858731088,0.220509,0.422515,0.22706368,C
7629662,2024-03-04 08:14:52,7.0,1.1875,4000.0,franchise,534.0,0.11045183524260922,0.2435477183581679,0.3831343654262819,0.1097439275658643,0.1788948085305853,0.39975064711990344,0.6941574884988029,0.15315821051302975,0.17978378316359117,0.2930675635483541,0.06391427456959765,0.46629517564347966,0.029802917886556125,0.025470500014697098,0.067617,0.473129,0.16834000000000002,B
7629663,2024-03-04 08:14:54,nan,0.85,4000.0,independent,,0.432973729427539,0.5693539492573064,0.3091215511523921,0.13461451882512843,0.1252666175406502,0.42138829382242243,0.6119354446611449,0.1302602030238472,0.1944059332268384,0.1809059966020074,0.17027901636541617,0.48412474378394654,0.08243628516968955,0.128396628737883,0.170279,0.484125,0.19516344000000002,B
7629666,2024-03-04 08:15:58,13.0,1.0,5500.0,independent,613.0,0.11537319918581286,0.20322729394256348,0.07862284521089355,0.10819273755523184,0.07351394371304157,0.2301331324922714,0.6873417092063743,0.01809372165383791,0.17550229952563415,0.1192489113444467,0.03722472087987053,0.345748595298795,0.012870394954604961,-0.00764155655442136,0.037225,0.345749,0.05852,A1
7629667,2024-03-04 08:16:18,nan,1.0526315789473684,6500.0,franchise,519.0,0.3558767615094935,0.5935585512106414,0.2926011372275503,0.20939352714004558,0.24848348183131716,0.40151460615202517,0.6734378571058647,0.11748363037355454,0.3327919265733132,0.3949181131324196,0.23681731081610505,0.45658138982779156,0.10812637690769734,0.17863437383430938,0.236817,0.456581,0.27152368,D
7629671,2024-03-04 08:17:16,nan,1.1842105263157894,3500.0,independent,782.0,0.5720831263849614,0.7391787339358914,0.3082061363782644,0.3196353213115785,0.23131919904063242,0.47361393583565725,0.6794833159904874,0.14597072129881114,0.512561008556644,0.37093898594268626,0.30595261397114426,0.4754801443146433,0.145474393044442,0.2516695398301977,0.305953,0.47548,0.3825384,Decline
7629673,2024-03-04 08:18:23,nan,1.0681818181818181,4000.0,franchise,517.0,0.5611545253822613,0.7523287280490544,0.6650986332887051,0.4379654960904896,0.5092972946478866,0.4708920539118001,0.6886931288304802,0.3131896614832495,0.7118322336607524,0.8277689317600467,0.555955276335665,0.5392990100597379,0.2998261301653122,0.5535089923221729,0.555955,0.539299,0.8413336800000001,Decline
7629676,2024-03-04 08:19:55,nan,1.1428571428571428,3000.0,franchise,544.0,0.461152782635727,0.6472388435423672,0.6177181074777898,0.44000523423850113,0.4965067507321414,0.46883771942319075,0.7016596420472647,0.2896095487562964,0.7286120397651145,0.822173847622925,0.2892663907289773,0.4279976742531444,0.12380534247160362,0.20929506136349502,0.264434,0.442577,0.31812840000000003,Decline
7629678,2024-03-04 08:20:31,nan,1.2,4000.0,franchise,554.0,0.26148273127215366,0.4632842626558258,0.33539454781474426,0.29120428439305496,0.2910281106551663,0.4094667791884073,0.6569927009904869,0.1373329252510556,0.4515130508504123,0.4512398929810506,0.17506090491516071,0.44884552513052306,0.07857530379646988,0.12084636383311073,0.170286,0.448247,0.17701312,B
7629679,2024-03-04 08:21:07,nan,1.0985915492957747,7000.0,franchise,493.0,0.38933856167553316,0.6532177333659245,0.3586967719150028,0.27270098272000703,0.3424771409972499,0.21187719803974875,0.6788884971753866,0.07599966697925364,0.4369152023954065,0.5487089481017685,0.49399657243646466,0.34872064972982875,0.17226680570435238,0.3040629065590322,0.493997,0.348721,0.46217576000000005,Decline
7629680,2024-03-04 08:21:27,nan,1.1555555555555554,4000.0,franchise,,0.2916558991689443,0.4680469989849747,0.24346084633511617,0.2406766160849872,0.20877726895347917,0.4376759307755873,0.6997802232465907,0.10655695252713421,0.39747293727667976,0.34479176114990684,0.24915355906699227,0.4385826218209831,0.10927442117163065,0.1808794088337589,0.249154,0.438583,0.27493608,D
7629683,2024-03-04 08:22:05,nan,0.9090909090909091,4500.0,independent,449.0,0.5021618239071206,0.7025017397229932,0.49335785412447697,0.19977261250867218,0.313333094256676,0.5173448652652405,0.7133564894139688,0.2552361525695757,0.33632145131497465,0.5275029428813341,0.27424246757269366,0.5064011572133126,0.13887670293584642,0.23876755889213575,0.274242,0.506401,0.36292736000000003,Decline
7629684,2024-03-04 08:22:14,nan,1.1666666666666667,4500.0,franchise,472.0,0.48474539653002446,0.6462179109347266,0.5146149502133801,0.3027471757016747,0.35606494011751966,0.36870678272361207,0.6046657660278734,0.18974202263464718,0.4320236128638908,0.5081086602615161,0.4541935489663876,0.46044965378008695,0.20913326237072213,0.37615636856381823,0.454194,0.46045,0.57175712,Decline
7629686,2024-03-04 08:23:46,nan,1.2592592592592593,6000.0,franchise,565.0,0.39714691854288786,0.5454978114325961,0.6818093324869888,0.3786220503172772,0.3395827128719335,0.3868424079334106,0.6150606697915997,0.26375276393073815,0.5495862552037912,0.49291897115563726,0.269877433091013,0.45323386168728924,0.12231759118209283,0.206385719084318,0.269877,0.453234,0.31370672,Decline
7629689,2024-03-04 08:24:48,nan,1.320754716981132,0.0,franchise,585.5,0.24963396516688702,0.4296839483179158,0.36330871389063757,0.4019565602309211,0.4121076370881846,0.3088016174005439,0.6195621360765757,0.11219031846514033,0.5877274735573228,0.6025700395096691,0.23908230371394135,0.3525697561940288,0.08429318953073105,0.13202786092303048,0.247228,0.368041,0.20068256,B
7629691,2024-03-04 08:26:03,nan,1.0714285714285714,5000.0,franchise,524.0,0.5250290636136087,0.7256387022558712,0.5680914653817034,0.5804546324070873,0.45234240742800863,0.45359185355160136,0.6905851779333965,0.25768166076933224,0.9460139428233457,0.7372190701323617,0.31633789828495035,0.5034154467987426,0.1592493844044935,0.27860694868451913,0.316338,0.503415,0.42348264,Decline
7629692,2024-03-04 08:26:15,nan,1.1428571428571428,4500.0,independent,530.0,0.48099264979369455,0.6835871182466233,0.5895503726917,0.3776608971037656,0.3972726169198185,0.4376353014861163,0.6935381333883279,0.25800805509418434,0.6181364713694124,0.6502359536762865,0.3322118877992714,0.4718197759642818,0.15674413847412336,0.27370786511030243,0.332212,0.47182,0.41603616,Decline
7629693,2024-03-04 08:26:31,nan,1.131578947368421,4500.0,franchise,518.0,0.42825204470348244,0.6375725180799344,0.4906599639986904,0.5827004465721364,0.46889679366100867,0.5061712388000039,0.7382861375904168,0.24835796180678243,1.0152712024898105,0.8169848064204195,0.31432072890620183,0.49415473631660867,0.1553230769114884,0.2709289365927229,0.314321,0.494155,0.41181207999999997,Decline
7629694,2024-03-04 08:26:53,nan,0.9789473684210527,5000.0,franchise,596.0,0.18956337205818752,0.3246369931013371,0.24142165584445754,0.1850641807019793,0.21586835813640867,0.339436518799149,0.6073070716680573,0.0819473264225689,0.2652422541405307,0.3093921778516486,0.19095123770781475,0.3825930655402186,0.07305661940333183,0.11005441094179749,0.123267,0.382491,0.12979279999999999,B
7629696,2024-03-04 08:27:22,nan,1.0333333333333334,5500.0,independent,509.0,0.5525030129713384,0.6706685222211828,0.45232596094315464,0.28013367555694735,0.21786659930602165,0.3829967227751149,0.6851566940348351,0.17323936066733284,0.4529676927565233,0.35228371105385714,0.2751464544789652,0.41362803014204,0.11380828596670085,0.1897455174564625,0.275146,0.413628,0.28841392,Decline
7629698,2024-03-04 08:28:14,nan,1.2112676056338028,4500.0,franchise,,0.24737346496603005,0.39469571366755507,0.34900237564172776,0.2724002089619678,0.24144836140916634,0.39637515968513776,0.6341624559662329,0.13833587237548228,0.4076805258296462,0.36135726663021245,0.2753953424066116,0.4220861107060596,0.11624054898297026,0.19450188075266783,0.275395,0.422086,0.29564304,Decline
7629699,2024-03-04 08:28:41,nan,1.32,5000.0,independent,586.0,0.5277582661672867,0.6802660902306394,0.6358278139540974,0.41070926559512455,0.4070140397685778,0.5422460318723135,0.7396887729338515,0.3447751090706569,0.7169609971734655,0.7105103689181153,0.3741953516206403,0.54490274466054,0.20390007413730277,0.3659227119777197,0.374195,0.544903,0.55620296,Decline
7629700,2024-03-04 08:29:01,nan,1.2285714285714286,4000.0,independent,549.0,0.4758020729242861,0.6456525354377424,0.5960200374380441,0.3521894954656321,0.44704816544038134,0.49337779967613554,0.6845597170832757,0.2940630546340701,0.5689835896465452,0.7222335509492571,0.3240020324347918,0.5573997172441236,0.18059864126567432,0.3203560609542641,0.324002,0.5574,0.48694111999999995,Decline
7629702,2024-03-04 08:29:25,nan,1.2820512820512822,5000.0,franchise,632.0,0.31767187741224645,0.5172290484219797,0.2744846495916551,0.14959744529570618,0.282811231935794,0.2968004918360817,0.6262479421652969,0.08146717900025777,0.2210968177563069,0.4179794867696154,0.20428168973415234,0.3497708626788188,0.07145178284780127,0.10691610491236081,0.200163,0.333983,0.14883688,B
7629704,2024-03-04 08:30:00,nan,1.1538461538461537,5500.0,franchise,539.0,0.33136691942288543,0.5954037523822674,0.3185693083734338,0.21341576345551175,0.280916588246904,0.4038894686301704,0.6720661843614036,0.12866678868082707,0.3384936620743671,0.4455551134251319,0.23813271852863246,0.5075624750295122,0.12086723200189887,0.2035494981966733,0.238133,0.507562,0.30939448,Decline
7629705,2024-03-04 08:30:23,nan,1.3529411764705883,5500.0,independent,518.0,0.4293048078422374,0.6204639227349006,0.4796192728039325,0.3867954101167739,0.38631922217838016,0.5073972823561166,0.7117878546923089,0.24335751558633226,0.6497464094055666,0.6489464996985715,0.25231015989667677,0.4736914289205798,0.11951716017263679,0.20090939223239643,0.25231,0.473691,0.30538168,Decline
7629708,2024-03-04 08:31:12,nan,0.8260869565217391,7000.0,franchise,403.0,0.45077478264602183,0.6735763812550164,0.2349297744290692,0.26941226101629423,0.1766766322028254,0.2977870938687838,0.7044062768904541,0.06995905479048144,0.4478706230454598,0.2937070237403458,0.2818751379680298,0.4172404677804654,0.11760971442146399,0.19717932484260547,0.281875,0.41724,0.29971208,Decline
7629709,2024-03-04 08:31:12,nan,1.46875,5500.0,independent,637.0,0.28474181159073253,0.4408784924892177,0.26239350767513986,0.18419262564060712,0.29159833773932253,0.3975006472595105,0.6516897717231469,0.10430158913756143,0.28328602237008177,0.4484747038086041,0.17155592827982685,0.463600977944646,0.07953349612272928,0.12272013767288079,0.156605,0.451799,0.16043904,B
7629712,2024-03-04 08:32:00,nan,1.0277777777777777,4000.0,franchise,637.0,0.3351796135390812,0.5446630831481142,0.30609607166590186,0.11503938407030517,0.11931107460009131,0.42919002881307805,0.7037799223740442,0.13137338181785843,0.19107128474665905,0.19816622361618189,0.11511638695364995,0.46263644416959215,0.053257035925887444,0.07133573146415068,0.115116,0.462636,0.10843072,B
7629713,2024-03-04 08:32:14,nan,1.3333333333333333,3500.0,independent,577.0,0.3793094486722173,0.6027764641820943,0.36938504925834836,0.3743393260500915,0.45563878230856236,0.4694187538143383,0.6690216561091397,0.17339626950050185,0.5910410334315149,0.7194040220371978,0.21728684908544066,0.48397164640447454,0.10516067409392131,0.17283485301088594,0.217287,0.483972,0.2627092,D
7629715,2024-03-04 08:32:29,7.0,1.2333333333333334,3500.0,franchise,586.0,0.0798205979162765,0.13330173823607802,0.15748157381023864,0.15549789322364496,0.15568222596291512,0.43419350740021656,0.714268920672009,0.0683774768835736,0.262118857168713,0.26242958219497936,0.060331831741086424,0.4021663408790386,0.024263432009842562,0.014637869198207427,0.060332,0.402166,0.14536976000000001,B
7629718,2024-03-04 08:33:34,nan,0.9705882352941176,4000.0,franchise,504.0,0.41543408698074624,0.51431111754607,0.3662291173630558,0.4115259581713398,0.3872682073876465,0.4616394426989582,0.6607557879413206,0.16906580563961243,0.6417268546495529,0.6038997144602313,0.32122625765082513,0.4528060995531341,0.14545320880092022,0.2516281134064635,0.321226,0.452806,0.38247456,Decline
7629719,2024-03-04 08:33:39,nan,1.08,6500.0,franchise,638.0,0.3544237662371963,0.5373303105343761,0.37266408102436577,0.21972016371887243,0.2952282330021177,0.3533647054716214,0.6609306407875908,0.13168633323102746,0.3427187010975781,0.46049590911135957,0.23983899360096883,0.43311468785831286,0.10387779084973552,0.1703261363403833,0.171187,0.415737,0.25889552,D
7629720,2024-03-04 08:33:39,nan,0.9166666666666666,5500.0,independent,471.0,0.4645196980769569,0.6854729524891008,0.44408861441150793,0.3371600275887318,0.2936494839845019,0.43630606842797237,0.6351092037996103,0.19375855738751083,0.5053549105528445,0.4401387963281697,0.3530525597976039,0.4546175509546725,0.16050389009346475,0.2810601721944731,0.353053,0.454618,0.42721119999999996,Decline
7629723,2024-03-04 08:34:23,nan,1.0789473684210527,4000.0,franchise,614.0,0.2917825727892222,0.5220251976836904,0.26177005775517836,0.23454469476351558,0.20899178550201555,0.4009787181607144,0.654420585994431,0.1049642222115276,0.3622384687500986,0.3227737230975534,0.2094652354666128,0.40064770010854384,0.08392176484239301,0.1313015288022448,0.209465,0.400648,0.19957904,B
7629724,2024-03-04 08:34:45,nan,0.6842105263157895,3500.0,independent,546.0,0.32094113547708303,0.4700118712528803,0.27285660835662096,0.14129518158337148,0.18412663589315031,0.49364407796377596,0.6707107378934758,0.1346940488485273,0.22365294138135872,0.2914498799087421,0.14578743931272473,0.48180518041513887,0.07024114350032845,0.1045486633491973,0.145787,0.481805,0.15891448,B
7629731,2024-03-04 08:36:47,nan,0.825,3500.0,independent,539.0,0.3982491839553714,0.5842698630795008,0.377829769677097,0.2803237887479038,0.28345342208989055,0.3692063839835568,0.6401967551438005,0.13949716302382112,0.4235312166726172,0.42825966809299537,0.20116094050553435,0.4650624848364472,0.09355240684354052,0.15013453815474878,0.201161,0.465062,0.2282052,C
7629736,2024-03-04 08:37:45,nan,0.9777777777777777,4500.0,franchise,444.0,0.5040283172633088,0.6748095236491625,0.4468309068385627,0.25841199217258026,0.2563954109743076,0.490630960971328,0.6990812752391471,0.21922907721389395,0.42633632465922633,0.42300930485174665,0.3732235705428496,0.5114772426517351,0.19089536275389207,0.34049160872611856,0.368643,0.522572,0.51754784,Decline
7629737,2024-03-04 08:38:11,nan,1.1025641025641026,3000.0,franchise,574.0,0.32541881163354913,0.587475282446958,0.28515411197912155,0.1803800687767727,0.2726440247769396,0.48562701934634867,0.635533741544293,0.13847854145477573,0.27054478322293746,0.4089277661357927,0.26041128506321515,0.44200522518523955,0.11510314869514401,0.19227766036781496,0.305294,0.485176,0.29226256,Decline
7629739,2024-03-04 08:38:36,nan,1.2777777777777777,4000.0,independent,425.0,0.3725789620860275,0.48983535008076207,0.2974280135819625,0.24532219774216135,0.3026801226475717,0.3914710057202033,0.609300024443496,0.11643444360629317,0.3527605777507613,0.43523829446143286,0.1647346163829068,0.41473970784823905,0.0683219866711385,0.10079569459501145,0.19897,0.428505,0.20355384,B
7629740,2024-03-04 08:38:41,nan,1.0681818181818181,3500.0,franchise,530.0,0.4679472076722776,0.6138563692915733,0.3412596887720759,0.27418863961982787,0.2411166107712151,0.4277127495847046,0.6244841264466421,0.14596111980712514,0.404094429303212,0.35535345067619994,0.34164215266825515,0.488615937533381,0.16693180072692199,0.29363014427551776,0.341642,0.488616,0.4463176,Decline
7629741,2024-03-04 08:39:01,nan,1.1666666666666667,4000.0,independent,561.0,0.4413306332406362,0.6211608687451792,0.4538437961955044,0.18221293325424406,0.31468296844454824,0.5099641913556121,0.682866876191459,0.23144408452860163,0.29364813661789996,0.5071323185396266,0.22452281266988963,0.5459484090828375,0.12257787237993019,0.20689470677512486,0.224523,0.545948,0.3144804,Decline
7629743,2024-03-04 08:39:10,nan,1.411764705882353,3500.0,independent,476.0,0.38322436631101425,0.5580345487438677,0.3804427055895122,0.28715433408075297,0.3313849999035775,0.44047425706436844,0.6568307402533133,0.16757521810009865,0.44512383341805134,0.5136866973174059,0.27025678828804656,0.506197649260371,0.13680335092806695,0.23471305684036275,0.270257,0.506198,0.35676376,Decline
7629745,2024-03-04 08:39:29,nan,1.0357142857142858,4500.0,franchise,626.0,0.33655124411838466,0.5116718798336642,0.3545015234062534,0.24085010142505553,0.19067760690636948,0.4267332145141466,0.676173688830755,0.15127757463331248,0.3843413436245854,0.3042775867807492,0.14482289759350084,0.42905607134834434,0.06213714348275106,0.08870104819482419,0.144823,0.429056,0.13482552,B
7629746,2024-03-04 08:39:36,nan,1.1363636363636365,5500.0,independent,580.0,0.5537106527244673,0.6849443414152079,0.4860097590144534,0.2680244266017846,0.40442656859918036,0.4463603161799233,0.6543974473843428,0.21693546970021974,0.4139310214274695,0.6245874853838813,0.434943420652574,0.453016122175382,0.19703638178972505,0.352500555681261,0.434943,0.453016,0.53580152,Decline
7629747,2024-03-04 08:39:36,nan,1.0909090909090908,4500.0,franchise,494.5,0.37593705353962636,0.6144366714777987,0.4093846467318064,0.25157512817090105,0.3911322147850371,0.4133699782964352,0.6249467853361426,0.1692273225344206,0.37104171958540105,0.5768708958403025,0.22960631797006553,0.432163710178519,0.09922751825437229,0.16123238877197263,0.239576,0.44765,0.24507263999999998,C
7629750,2024-03-04 08:41:00,nan,1.09375,4000.0,franchise,564.0,0.32718379359932404,0.5138273757600875,0.5094172888003821,0.3111314818074889,0.25498160269136755,0.4692414568302096,0.706745471848242,0.2390397107311869,0.5189422075638284,0.42528873973188636,0.24382315103038046,0.48229244305783936,0.11759406318450273,0.19714871837919062,0.243823,0.482292,0.29966648,Decline
7629751,2024-03-04 08:41:20,nan,1.2222222222222223,4500.0,franchise,631.0,0.43729103189491847,0.621351123794063,0.3626923715995371,0.3888788046888989,0.3957679808186521,0.47823927619041995,0.6734636132192006,0.17345373727354946,0.6180739107879532,0.6290233890862882,0.29294260788533477,0.47458531558639394,0.13902626001196286,0.23906002224119371,0.292943,0.474585,0.3633712,Decline
7629752,2024-03-04 08:41:50,nan,1.0,3500.0,franchise,434.0,0.4566187284880348,0.6587124877655275,0.7150058959308806,0.1424857394510814,0.3154180378958337,0.46770722852288815,0.6804141380784712,0.33441342596335677,0.22880037536911152,0.5064911460387391,0.3842265923446253,0.5268197945389288,0.20241817443538826,0.3630248126536348,0.384227,0.52682,0.551798,Decline
7629753,2024-03-04 08:42:01,nan,1.380952380952381,3500.0,independent,,0.29879468587573155,0.4568137196917855,0.45093958009792323,0.40968770198718873,0.5834468132024762,0.5295048342957602,0.6874374789753412,0.23877468763715054,0.6646578472102064,0.9465563670664926,0.16629756847889055,0.5221747778770363,0.0868363958819559,0.1370011772390412,0.157108,0.507885,0.18730504,B
7629755,2024-03-04 08:42:12,nan,1.2222222222222223,4000.0,franchise,631.0,0.38866446776507196,0.5407869314376067,0.5054947106613603,0.38878710266396876,0.47301500199320606,0.4822789674720935,0.7358257951976294,0.2437894671203655,0.6751478063935012,0.8214136703576594,0.2049852993538824,0.4955628841331574,0.10158310615270862,0.16583881157480626,0.204985,0.495563,0.25207527999999996,C
7629756,2024-03-04 08:42:18,nan,1.1555555555555554,4000.0,franchise,504.0,0.42416961274634785,0.6037814687389994,0.5769837104402837,0.301410244103257,0.37278589666822126,0.4687835689415367,0.6515605010662964,0.27048048300132643,0.4634733428316615,0.5732264548716838,0.3127323166315702,0.5178551057952148,0.16195002691482438,0.2838881361327465,0.312732,0.517855,0.43150975999999996,Decline
7629757,2024-03-04 08:42:19,nan,1.1428571428571428,6500.0,franchise,672.0,0.06260899574873986,0.10504038484109571,0.06096651555175548,0.13000920962116652,0.145492475577424,0.3381806506951874,0.6582269196224506,0.02061769589991093,0.20195832530871616,0.2260102711050709,0.04851215032647662,0.36493769873196014,0.017703912500683285,0.0018105320124611884,0.048512,0.364938,0.055952720000000004,A1
7629760,2024-03-04 08:43:33,nan,1.2916666666666667,5500.0,independent,726.0,0.27960294132517255,0.47176484830665677,0.33138820438522637,0.31811687351744855,0.2997989425913091,0.5096613805045047,0.6714108980531405,0.16889576972988343,0.5040656403327295,0.47504033438224613,0.1333297514520473,0.44297944661908917,0.05906233951608862,0.08268817679389678,0.13333,0.442979,0.12568576,B
7629761,2024-03-04 08:43:42,nan,1.2333333333333334,3500.0,franchise,491.0,0.4174701708582626,0.6096980864717317,0.41139495743003285,0.15696874244073453,0.23423692417160583,0.4372667121958745,0.6563978737344938,0.1798893204493922,0.24316011912286625,0.3628561807841858,0.32594226109157803,0.47364484729898476,0.1543808724830063,0.2690864275666933,0.325942,0.473645,0.40901072,Decline
7629763,2024-03-04 08:44:03,nan,1.4166666666666667,4000.0,independent,573.0,0.5202242109097834,0.6846162694559028,0.7061331377334694,0.5314053775214048,0.5520007290081554,0.5166570914796029,0.6907800106234431,0.36482869313874017,0.8663187410978342,0.8998941238982285,0.40547573619238125,0.543064089227521,0.22019931137917412,0.39779635938131636,0.405476,0.543064,0.60464992,Decline
7629764,2024-03-04 08:44:18,nan,1.0681818181818181,3500.0,franchise,,0.5161872769994761,0.6554614926908514,0.41668100469566627,0.23313000376103485,0.36700562562478695,0.45246124100623575,0.6429500528965125,0.1885320044883263,0.3537426378698148,0.5568804359247076,0.39640796233103487,0.4915277566233146,0.19484551643219297,0.3482162527486463,0.396408,0.491528,0.52928832,Decline
7629768,2024-03-04 08:44:57,nan,1.1162790697674418,4500.0,franchise,541.0,0.3386872252102818,0.5736142694077849,0.38230550369461963,0.19158785474711015,0.2789359065541068,0.36711211070158684,0.5900643644300758,0.14034898039416513,0.2667960311555455,0.38843272666547946,0.31566025101408807,0.44050231544872925,0.13904907146683287,0.23910463072553567,0.31566,0.440502,0.36343960000000003,Decline
7629769,2024-03-04 08:46:49,nan,1.1851851851851851,3500.0,franchise,,0.2795557829000363,0.4527166404630335,0.3636739059796122,0.32155346911094873,0.40730575869365826,0.42711920435634443,0.6105997250949975,0.15533210936717598,0.4633634852282718,0.5869338509195787,0.20609004814966284,0.40634836667783675,0.08374435445417222,0.1309545974657674,0.311021,0.424877,0.3429196,Decline
7629771,2024-03-04 08:46:57,nan,1.1428571428571428,3500.0,independent,497.0,0.43955844677929296,0.5858267665420811,0.6377549253725594,0.33742570141852296,0.3305414442366171,0.42785057252769043,0.6367172360216693,0.272863809953004,0.507033633528905,0.4966889860452809,0.2854779666571554,0.502663221309213,0.14349927433268986,0.247807135935805,0.285478,0.502663,0.37666664,Decline
7629772,2024-03-04 08:47:02,7.0,1.2,4000.0,independent,628.0,0.2769527941284421,0.40382789476140374,0.47454404561794294,0.20612187607260846,0.2742453464843282,0.5343190891224233,0.7328430256356461,0.25355794220304895,0.35648975117336074,0.47430994318240793,0.1360194194554701,0.5436689955920517,0.07394954115636941,0.11180054621751506,0.136019,0.543669,0.29305752,Decline
7629775,2024-03-04 08:47:55,nan,1.0677966101694916,5000.0,franchise,521.0,0.2772881015851443,0.4920749919515726,0.25561001382485715,0.3299893624049796,0.2661361803434922,0.31259952354289366,0.6306201147694293,0.0799035685344428,0.4911111138383449,0.3960807554783249,0.2693314532283257,0.38160513296075704,0.10277826501970914,0.16817598059399183,0.169024,0.394825,0.25562752,C
7629776,2024-03-04 08:47:56,nan,1.127659574468085,5500.0,franchise,540.0,0.3794607525731813,0.586999983760858,0.37148242374992513,0.24397049995986042,0.2504081998438859,0.42757649937433984,0.7025824528366846,0.1588371543260881,0.40452616578455475,0.4152004811258971,0.2490423456227807,0.3726863099727694,0.09281467281711722,0.14869187713405724,0.249042,0.372686,0.22601184,C
7629779,2024-03-04 08:48:20,nan,1.205128205128205,4000.0,franchise,511.0,0.3031847782284195,0.47222522905212944,0.5317468220703463,0.2560250146535414,0.3098743994590544,0.43294097507096335,0.6552194674732438,0.23021498763802178,0.3958960740762498,0.4791643440332806,0.19994864985063712,0.44960804622088224,0.08989852180384826,0.14298925634307938,0.21115,0.449638,0.232332,C
7629781,2024-03-04 08:49:18,nan,1.375,3500.0,independent,,0.303414669932209,0.4272149058331465,0.2337236236598079,0.29374709935865023,0.26609314783391946,0.4758608916443928,0.7120004408887615,0.11121993195311469,0.49358943163744295,0.4471219150375405,0.11352647827722219,0.4639276719008887,0.0526680747662585,0.0701840002476615,0.113526,0.463928,0.10667968,B
7629782,2024-03-04 08:49:19,nan,1.0,6000.0,independent,425.0,0.3581125308815875,0.5851069475918391,0.24082693725144785,0.18740957474117387,0.2542454259145048,0.34460876654409617,0.6432346299573809,0.08299107379681389,0.28449405516349746,0.3859531313972767,0.19521243578254047,0.3815658245814529,0.07448639402791897,0.11285037811341639,0.195212,0.381566,0.17153200000000002,B
7629786,2024-03-04 08:50:00,nan,1.1132075471698113,8000.0,franchise,460.0,0.48965465343237125,0.666336435668072,0.5019981920716285,0.26440436616688956,0.5341075188029035,0.35033502631082214,0.6566418057551877,0.17586754982739913,0.409740746660542,0.827692888449421,0.4138423627225603,0.4544579690530157,0.18807395967099622,0.3349742703554232,0.413842,0.454458,0.50916048,Decline
7629787,2024-03-04 08:51:06,nan,1.0,3500.0,independent,593.0,0.4423318405474824,0.6179834082850405,0.47237465474566814,0.19853701247440744,0.24976592708181683,0.49532606232465287,0.6505269035227131,0.2339794776771392,0.30480265638471865,0.38345151415403317,0.3219923227337686,0.4925380690107704,0.15859347687558317,0.2773243018345092,0.321992,0.492538,0.42153248000000004,Decline
7629788,2024-03-04 08:51:10,nan,1.0731707317073171,4500.0,franchise,505.0,0.5642303201523086,0.7590861444576855,0.64634060771583,0.4291589262517106,0.4155231656275617,0.485133953314131,0.6753857855391652,0.31356177420863857,0.6840408989252686,0.6623067175199356,0.38457731772249826,0.49685230758180987,0.19107812775404612,0.3408490111668698,0.384577,0.496852,0.51809048,Decline
7629790,2024-03-04 08:51:20,nan,1.0681818181818181,4500.0,franchise,493.0,0.4068732032198234,0.5947895599769595,0.3453909204173622,0.22790165157742703,0.17835089032745474,0.3937785615762225,0.619855108273988,0.1360075398234364,0.33338776687785826,0.2609020366258604,0.2758271158240456,0.44116616328633607,0.12168559041843004,0.2051498226309525,0.275827,0.441166,0.311828,Decline
7629794,2024-03-04 08:52:54,nan,1.1666666666666667,4000.0,independent,626.0,0.4844512171434295,0.6766044114339276,0.6662491649627201,0.5822010949941981,0.6360758400695323,0.5075882586540792,0.732949017227599,0.33818025347316144,1.0070679801553977,1.1002583419923921,0.3539592316408842,0.5000887195424146,0.17701101892150672,0.31334035783157405,0.356576,0.497837,0.4762768,Decline
7629796,2024-03-04 08:53:17,nan,1.2045454545454546,9500.0,franchise,624.0,0.16284778378917572,0.5974195262749991,0.4623610371368635,0.41836126019403724,0.39820452250238214,0.3275401293262865,0.48191262042006894,0.15144179389924423,0.47580802799034777,0.45288349236929887,0.2921648464270901,0.35903318535988066,0.10489687546289851,0.1723189868739619,0.292165,0.359033,0.26192488,D
7629797,2024-03-04 08:53:18,nan,0.975609756097561,1000.0,franchise,538.0,0.380517790173267,0.5758589666579682,0.3614769073388976,0.2871794992866636,0.2901050586656266,0.40856490065303147,0.6275763987695822,0.14768677673528174,0.42533589927215165,0.42966888763802097,0.25006501223952904,0.4650233985736906,0.11628608185599734,0.19459092165185848,0.238844,0.463198,0.29577832,Decline
7629798,2024-03-04 08:53:53,nan,1.1666666666666667,2500.0,franchise,526.0,0.3825964463407142,0.5683407017525123,0.5385110901148682,0.3562343986378885,0.2887640134398539,0.4311433230633501,0.6502827515204921,0.23217546089859148,0.5467012804406858,0.4431566869914538,0.2782057474251757,0.4864865921756151,0.1353433659885436,0.23185801249157667,0.282597,0.510011,0.35242416000000004,Decline
7629801,2024-03-04 08:54:34,nan,1.1081081081081081,6000.0,independent,513.0,0.5679641115531439,0.73606295998824,0.5517464072778268,0.4731712789089411,0.45069882319223215,0.5632752927324554,0.7162700948482268,0.31078511907349843,0.7998475109036111,0.7618601296526869,0.4152073202671663,0.5474170163906029,0.22729155244418967,0.4116654495511862,0.415207,0.547417,0.6257308,Decline
7629805,2024-03-04 08:55:36,nan,1.0136986301369864,8500.0,franchise,521.5,0.37875796352914404,0.5864165155492129,0.43306713284294807,0.1711556287494509,0.21453239428260729,0.48310788958522594,0.6815848808484328,0.20921814859648133,0.2753107296334501,0.3450840058927661,0.33656971548452835,0.46119429720705307,0.15522403339406488,0.2707352540230957,0.29399,0.406915,0.4115172,Decline
7629806,2024-03-04 08:55:39,nan,1.131578947368421,3500.0,independent,446.0,0.4857876736204767,0.7032266404320687,0.6454809024825208,0.5241745858814503,0.4027026102831218,0.48612845559357865,0.715841649376867,0.3137866342389772,0.8855333602804,0.6803202697781174,0.386669882471102,0.5571222125537063,0.21542238045018194,0.3884549276417443,0.38667,0.557122,0.5904516,Decline
7629807,2024-03-04 08:55:39,nan,1.2962962962962963,3500.0,independent,477.0,0.6066147529440514,0.7460014086081002,0.6494993201486879,0.6231939178515233,0.5506414858204811,0.5393979333381349,0.7078799711706397,0.3503385909927259,1.0411057225417923,0.9198998666947864,0.3635470646892918,0.5465818012687802,0.19870820946385087,0.3557698648528443,0.363547,0.546582,0.5407704,Decline
7629808,2024-03-04 08:56:07,nan,1.3125,4500.0,franchise,559.0,0.3114232373643619,0.499784681953863,0.5044886270607448,0.2179207658072768,0.3457284456197391,0.38091416837909015,0.6652429208539159,0.19216686583355255,0.3421297823544377,0.5427844263278083,0.2528680763622947,0.45772749760833903,0.11574467181834754,0.19353217808093315,0.252868,0.457727,0.29416864000000004,Decline
7629810,2024-03-04 08:57:02,nan,1.2372881355932204,7500.0,franchise,558.0,0.24139709671646598,0.48171047645550447,0.3547332279687562,0.3598178752772546,0.3075291738090258,0.4097388557157787,0.6457956858255257,0.14534798691228265,0.5483904424272211,0.46869839235880273,0.2939254456754669,0.42275198652356355,0.1242575660491274,0.21017939813605008,0.293925,0.422752,0.31947208,Decline
7629811,2024-03-04 08:57:07,nan,1.1923076923076923,4000.0,independent,,0.33526432331017175,0.5435210212466771,0.48056091864813444,0.28466223481538566,0.2770014710290293,0.46434306433119504,0.722375265633499,0.22314512956288887,0.48529377967779164,0.47223366646849735,0.27666485291378556,0.49277189873095345,0.13633266488244608,0.2337926161575698,0.276665,0.492772,0.35536536,Decline
7629812,2024-03-04 08:57:17,nan,1.2758620689655173,4000.0,independent,500.0,0.4852293920928047,0.5997755133442643,0.565252332912924,0.1603763300956267,0.33759246604445337,0.4852220473617511,0.6923113745068397,0.2742728942520151,0.26203164376340365,0.5515770858893183,0.3143457337991523,0.4838275825674174,0.1520891364744248,0.2646048690498319,0.314346,0.483828,0.4021996,Decline
7629815,2024-03-04 08:58:16,nan,1.0681818181818181,4000.0,franchise,,0.4898029954752609,0.6927649882388659,0.5738866644365508,0.33811735811955235,0.35132337297227534,0.4460514757085843,0.6784925999213575,0.2559829935614006,0.5414078959182188,0.5625539286289957,0.48812259825219945,0.5270325939539401,0.2572565191243937,0.4702628408433256,0.488123,0.527033,0.71479976,Decline
7629817,2024-03-04 08:59:09,nan,1.3513513513513513,4000.0,franchise,567.0,0.46927402459626133,0.6674453135567988,0.5939648443266582,0.2946865196669526,0.2701538430939522,0.4749596640580952,0.6278790620179615,0.2821093429237084,0.43666488951646404,0.4003125021816127,0.3622431171966146,0.49768516091471665,0.1802830240722457,0.3197388620639986,0.362243,0.497685,0.48600328,Decline
7629820,2024-03-04 09:00:56,nan,1.1714285714285715,3500.0,franchise,555.0,0.2228886308926185,0.3942556521413524,0.21730053908054342,0.12737932911842556,0.19603965188822328,0.3642950568862202,0.6697404082035687,0.07916151224575288,0.2013341579579117,0.3098577964921018,0.1460165331547142,0.4322123489922714,0.06311014878650689,0.09060378925647783,0.142209,0.431929,0.13270664,B
7629823,2024-03-04 09:01:17,nan,1.375,4000.0,franchise,542.0,0.49749887779986457,0.6674672883542495,0.6010425766431293,0.24044363685185788,0.28604988562050143,0.5123159511837099,0.6948252657228069,0.30792369935483266,0.3942765007260025,0.4690610631755344,0.3324718095589634,0.5157935112819669,0.17148680205468714,0.3025375860220023,0.332472,0.515794,0.45985775999999995,Decline
7629824,2024-03-04 09:01:37,nan,1.1136363636363635,5000.0,independent,526.0,0.28990569371743247,0.4783200604555964,0.21089406967925456,0.12889338758668167,0.18151045097094498,0.4251740114354541,0.6482114758817902,0.08966667759347682,0.19717840827756103,0.2776708912559555,0.22422766259561097,0.4512377264997099,0.10117998068798753,0.16505048763478025,0.224228,0.451238,0.250876,C
7629829,2024-03-04 09:03:43,nan,1.2,3500.0,independent,512.0,0.5375235964196223,0.7054414697379011,0.7342931754495533,0.516612613122965,0.549815345566061,0.4986945565831137,0.7070493867280014,0.3661880095328215,0.8620386898315207,0.9174419828348612,0.4107406627306035,0.5461968195173852,0.22434524362991862,0.40590385427561476,0.410741,0.546197,0.61697408,Decline
7629830,2024-03-04 09:04:03,nan,1.025,3500.0,independent,548.0,0.49608132305738356,0.6814293806283366,0.5028712650400853,0.27580526150409745,0.2765507332376552,0.45360615301286805,0.6199156817426875,0.22810549999554744,0.4035033758439373,0.4045940017422483,0.27154392811622957,0.49439807528647906,0.13425079541639393,0.22972145796062082,0.271544,0.494398,0.34917592000000003,Decline
7629831,2024-03-04 09:04:09,nan,1.06,3500.0,franchise,,0.3665393537145457,0.5029864822938641,0.1914552844756036,0.22142718341678452,0.19948730300570663,0.41963144482654696,0.6439677119961542,0.0803406576441751,0.33651701776163645,0.30317358172972947,0.21915325929517654,0.45696039404508226,0.10014435972378796,0.16302529977065908,0.219153,0.45696,0.24779800000000002,C
7629833,2024-03-04 09:04:26,nan,1.03125,4000.0,franchise,618.0,0.2833541401773925,0.4084310869281843,0.1855515904751013,0.11591105049601307,0.17585062527815523,0.37518690787941167,0.6448232485162494,0.06961652748246015,0.17639145068265757,0.267606468611318,0.11476267106118253,0.36154484979142415,0.041491852670477856,0.04832856265269956,0.114763,0.361545,0.11298008000000001,B
7629835,2024-03-04 09:04:41,nan,1.2058823529411764,4500.0,independent,484.0,0.40163125390251897,0.6099265446992062,0.5224969327802211,0.43706974161121187,0.33555222558862535,0.4514367821358465,0.6526707895548491,0.2358743340101527,0.6732198619010995,0.5168521209878832,0.28478627547826996,0.4389074255447256,0.12499481100063849,0.21162110275607857,0.284786,0.438907,0.32166392,Decline
7629837,2024-03-04 09:04:58,nan,1.2,4500.0,franchise,537.0,0.3397935547733489,0.5201387814369018,0.26776321806748443,0.2888431241412708,0.37695208807671055,0.4242560257150544,0.6473466286380348,0.11360015872998439,0.4412766293787844,0.5758840455638816,0.21957141403553868,0.4042423791983743,0.08876007081367747,0.1407629812782707,0.220506,0.407783,0.21740256,C
7629838,2024-03-04 09:04:59,nan,0.8571428571428571,4000.0,franchise,541.0,0.39977477093073777,0.5938179936371403,0.2722211401179809,0.21041903836581344,0.3026751803634772,0.41338361699253945,0.6894942188130581,0.11253175952380381,0.34239519673617813,0.4925149774116085,0.21160033839273548,0.44670179609130345,0.09452225121356253,0.15203109791565791,0.212127,0.422767,0.23108712,C
7629841,2024-03-04 09:05:18,nan,1.2777777777777777,3500.0,franchise,,0.2963389117642587,0.4636635653642956,0.1402547072035084,0.3033309799811243,0.2343916238626536,0.44148265658843583,0.6390870491882453,0.06192002073523812,0.4574975661794964,0.3535200969472256,0.16496107034001867,0.4742764315400223,0.07823714778388667,0.12018508960582389,0.164961,0.474276,0.18268120000000002,B
7629842,2024-03-04 09:05:39,nan,1.0789473684210527,4000.0,independent,468.0,0.5344362871628396,0.6378758909696083,0.5334466459657671,0.29188320728594663,0.31773498693850327,0.47789991652220476,0.6952787142630769,0.2549341075760902,0.47893882734114446,0.5213579207401954,0.35812547408167084,0.5490724391257461,0.19663682756708717,0.351719215412266,0.358125,0.549072,0.53461288,Decline
7629843,2024-03-04 09:06:05,nan,1.1538461538461537,3500.0,independent,,0.36761216379391454,0.5118674919128613,0.5886610765899677,0.2891883153184136,0.31528572754118367,0.4948096603019071,0.6583140519757229,0.29127518734043684,0.44928908667346296,0.48983457859349094,0.21995208349265746,0.5000079664746571,0.10997779398902764,0.18225487547936323,0.219952,0.500008,0.2770276,D
7629844,2024-03-04 09:06:16,nan,0.9259259259259259,2500.0,franchise,646.5,0.18591059027758766,0.3081703241897885,0.054453827539340714,0.04795361054445994,0.09246468999160593,0.30601234610607153,0.6177444283230955,0.01666354351976906,0.06991045872708522,0.13480213105909097,0.04761955805438686,0.32238095851018217,0.015351638769404503,-0.002789409837266412,0.054072,0.302667,0.053200000000000004,A1
7629846,2024-03-04 09:06:31,nan,1.0526315789473684,5500.0,franchise,,0.18570104575759844,0.29532733803930283,0.2263450081749857,0.1740192088798741,0.2279730565858833,0.44386920080427456,0.6856543233677523,0.1004675778846679,0.28158817408535103,0.3688932799883542,0.11614572625433477,0.4392852172616938,0.05102110059165266,0.06696329283999453,0.116146,0.439285,0.14130376,B
7629850,2024-03-04 09:07:11,nan,0.6585365853658537,5500.0,independent,531.0,0.3422182866623257,0.5081549243293177,0.3680400668794273,0.24139765938049304,0.3470970693255794,0.3373532989051977,0.6649427022829029,0.1241595306910644,0.3788168442096293,0.5446872052271112,0.2441193131371375,0.43424882247305263,0.10600852427273237,0.17449284947105634,0.244119,0.434249,0.26522936,D
7629852,2024-03-04 09:07:35,nan,1.0681818181818181,3500.0,franchise,474.0,0.2898678394682994,0.5638354805244895,0.1830378548976065,0.18438194699827154,0.2346408986702993,0.35342518936533873,0.5812391066527753,0.06469018852821197,0.2529211956485723,0.32186262053249676,0.28961055202668384,0.38931611284087786,0.11275005435272938,0.18767611378839286,0.289611,0.389316,0.28526752,Decline
7629856,2024-03-04 09:09:04,nan,1.1851851851851851,5000.0,franchise,521.0,0.41992724811868737,0.6215054013853143,0.3747679768740761,0.30438839327248124,0.24732993502835196,0.45389445323550104,0.692919612500615,0.17010510595343367,0.4977633825378839,0.4044562400655691,0.2119441594689409,0.43544163912953554,0.0922893122030873,0.1476645186925033,0.211944,0.435442,0.22445079999999998,C
7629857,2024-03-04 09:09:35,nan,1.1470588235294117,4000.0,franchise,517.0,0.3910113548308149,0.5508143046862455,0.4627948080128665,0.2580479079933411,0.23625541925406943,0.46486118181606595,0.6685585596156941,0.21513534139120047,0.40714752492449624,0.3727633754030501,0.2681712837975828,0.45091172116941847,0.12092157514538066,0.20365576784404624,0.268171,0.450912,0.30955712,Decline
7629858,2024-03-04 09:10:00,nan,1.0,4000.0,independent,,0.44739497291089725,0.5763924948130472,0.3529566702017883,0.4083797120823714,0.2970876374386436,0.3673703663766466,0.6374106008668151,0.12966582124711218,0.6143211160781695,0.4469056703960892,0.1755499783584315,0.41924363111769897,0.07359821036962229,0.11111350832410746,0.17555,0.419244,0.16889328,B
7629860,2024-03-04 09:10:26,nan,1.4166666666666667,3500.0,franchise,564.0,0.39952611587368037,0.6029915952979173,0.4816735241721211,0.5100270482012711,0.4002809670913969,0.540345725226432,0.7164561740780584,0.2602702297411561,0.8623723852082352,0.676809697763019,0.26099093291802167,0.5241256563228263,0.13679204400996484,0.23469094582280653,0.260991,0.524126,0.35673032000000005,Decline
7629861,2024-03-04 09:10:48,7.0,1.0888888888888888,4000.0,franchise,527.0,0.15735136290862478,0.2699651376911353,0.4801525443112554,0.26557649713987785,0.2292796726752554,0.4023568580837098,0.7197121737826251,0.19319266912997599,0.4510871858265952,0.3894362770356532,0.17242517472041025,0.45953212830136564,0.07923490751200495,0.12213623868695103,0.172425,0.459532,0.30876672,Decline
7629862,2024-03-04 09:11:01,nan,1.24,4000.0,independent,,0.28623574073474173,0.44461903841562905,0.20380940263708625,0.3110232469978226,0.29089748468131876,0.4928080999867605,0.6479731849739564,0.10043892447301912,0.47562194854116463,0.44484529637368564,0.1379060501408741,0.5042206330335249,0.06953507590118456,0.10316792697704344,0.152317,0.519245,0.18521656,B
7629863,2024-03-04 09:11:20,nan,1.2641509433962264,6500.0,franchise,484.0,0.48706301474823277,0.6399558799165341,0.6008219739219138,0.2852410902654231,0.35828133406492335,0.3614248558652382,0.6425977599718263,0.2171519953253956,0.43257687414929846,0.5433446471952161,0.41238817830561375,0.40672439911666836,0.16772833402416823,0.29518778903428167,0.387725,0.389062,0.44868576,Decline
7629864,2024-03-04 09:11:24,nan,0.85,4000.0,franchise,640.0,0.12051783690055343,0.20376990410421314,0.05708575720651938,0.12237352711763014,0.11450743590960331,0.24782501364262072,0.6934402684725336,0.014147278558504998,0.20026660633617754,0.18739359835424593,0.0661133045224143,0.3225854288210633,0.02132718869014056,0.008895957299230567,0.062211,0.321954,0.06286264,A
7629865,2024-03-04 09:11:29,nan,1.0677966101694916,7500.0,franchise,450.0,0.33067451469471026,0.611305408142919,0.17786777819586969,0.16549256321172234,0.1418863736685775,0.42875208087602323,0.633300015483795,0.07626118002227408,0.24734320511287056,0.2120616766333492,0.44138268335704384,0.4176610183795821,0.18434834102601555,0.32768871132660415,0.441383,0.417661,0.49808728,Decline
7629866,2024-03-04 09:11:31,nan,1.1923076923076923,5000.0,franchise,459.5,0.4189747586692434,0.6112539947478643,0.5863614495407181,0.27422548391090273,0.31770531915083633,0.4398159071465779,0.6104097486767492,0.2578910928455333,0.3950401845669612,0.45767580067806307,0.2584840812199051,0.4300771035378593,0.11116808496170157,0.18458252518515625,0.252222,0.406075,0.27841992,D
7629870,2024-03-04 09:12:30,nan,1.2,4000.0,independent,470.0,0.5742890648520647,0.7172862557564362,0.5191226581157221,0.4770101550800948,0.4375792543907736,0.5199783698076633,0.6333941555813762,0.2699325534972341,0.7130396487384473,0.6540979359100625,0.30129892198093683,0.5090326900294198,0.15337100075892054,0.2671115931140919,0.301299,0.509033,0.40601024,Decline
7629873,2024-03-04 09:13:36,nan,1.3548387096774193,1000.0,franchise,481.0,0.5612056749979666,0.6942372402546917,0.6812318921269773,0.4323627676267432,0.4332467922685527,0.44620382012025644,0.6136018254067666,0.30396827265480775,0.6261046569507114,0.62738481330676,0.42002930171596453,0.4756139733238707,0.19977180510158077,0.35784975803029423,0.55887,0.491987,0.543932,Decline
7629875,2024-03-04 09:14:15,nan,1.2195121951219512,5000.0,independent,511.0,0.42897692066631016,0.6328023704783168,0.5265583861245451,0.6254634194348528,0.45150117983085686,0.4108237490194046,0.6246571627489562,0.21632269026529286,0.9220524837703478,0.6655989324914403,0.2683807171656408,0.5132107176112082,0.13773586044958921,0.2365366071849852,0.268381,0.513211,0.35953624,Decline
7629876,2024-03-04 09:14:19,nan,0.9545454545454546,4000.0,franchise,507.0,0.3678992227483777,0.49524552094485064,0.17288352660747153,0.22266441266731105,0.24241711139667493,0.33936143540213987,0.6074486161449046,0.05867000174689558,0.31920696684116345,0.3475240156807026,0.22759618196143755,0.35307706092307817,0.08035899100425847,0.12433441767855757,0.225726,0.353077,0.18702536,B
7629877,2024-03-04 09:14:22,nan,1.2727272727272727,4500.0,independent,678.0,0.2072805938308244,0.3932051425832219,0.32770060975529164,0.25360682523041006,0.2968842310005309,0.501902982581441,0.6897163476191314,0.16447391342993772,0.4128035848209162,0.48324754163250555,0.13670302047202723,0.49288839384494454,0.06737933219421008,0.09895230548574363,0.132255,0.492788,0.14385128,B
7629881,2024-03-04 09:15:34,nan,1.2222222222222223,6000.0,franchise,585.0,0.1677906280300979,0.3397988918131011,0.3156021654164415,0.1829882331248154,0.3216321114716272,0.2681520805182313,0.605097022813519,0.08462937727247777,0.2613124987740074,0.4592999740987896,0.08067876462435607,0.29756301526905327,0.024007016469805617,0.014136440917198977,0.080679,0.297563,0.07468672,A
7629882,2024-03-04 09:15:54,nan,1.1818181818181819,2500.0,franchise,547.5,0.3483348339042903,0.5541141365859645,0.40376164015124205,0.1933422060354684,0.26750216981956476,0.43730945922720516,0.6390430592995844,0.17656878451122907,0.2915874278144616,0.403431155731021,0.20725961704965154,0.4238270424156642,0.08784223050635699,0.13896811702209627,0.161099,0.387181,0.21123136,B
7629885,2024-03-04 09:16:17,nan,1.2758620689655173,4500.0,franchise,567.0,0.5241324498112708,0.7031122310974163,0.7221035747801439,0.4640889500524647,0.462337119556771,0.6057601121448241,0.7669842349835165,0.4374215424389983,0.8400394236358916,0.8368684653966489,0.4367323036411247,0.5575885281928754,0.2435169224015387,0.44339464726388095,0.436732,0.557589,0.6739604,Decline
7629886,2024-03-04 09:16:20,nan,1.1666666666666667,3500.0,independent,572.0,0.5174831485092165,0.745501085628591,0.5388341732014603,0.6967518886117912,0.5371551424829769,0.50408709159528,0.6955871924183747,0.2716193512212715,1.1437779884275552,0.8817862403886693,0.29159235462161825,0.5494261744228119,0.16020847189069568,0.2804824730364121,0.291592,0.549426,0.42633264000000004,Decline
7629887,2024-03-04 09:16:37,nan,1.1923076923076923,5500.0,independent,529.0,0.5040886847161425,0.7198616104385541,0.6062123325728467,0.3813442129092666,0.4156380850766149,0.5625940977231991,0.7599850080126757,0.3410514802724966,0.6839654879001101,0.7454737636648855,0.3863498121217768,0.5432683175195656,0.20989161240539797,0.3776393448071279,0.38635,0.543268,0.57401128,Decline
7629888,2024-03-04 09:16:38,nan,1.0,4000.0,independent,525.0,0.4439883879315222,0.6171462314649193,0.37049985355670645,0.23150243978531734,0.459982581817172,0.3698207413101964,0.6377654909456202,0.13701853049766038,0.3484404705089086,0.6923320004009876,0.23515192747979652,0.4001646373921142,0.09409948579200951,0.15120436745084834,0.235152,0.400165,0.22983008000000002,C
7629891,2024-03-04 09:17:06,nan,1.2777777777777777,3500.0,independent,592.0,0.4458459806553994,0.5966423436329347,0.5820712684876627,0.38358457613304814,0.5114506335757112,0.5285404578981349,0.7232217625014624,0.30764821477581744,0.654703443197594,0.8729456596071924,0.3275685096605655,0.5333364569876182,0.1747042283630804,0.30882935969085457,0.327569,0.533336,0.46942008,Decline
7629892,2024-03-04 09:17:06,nan,1.25,3500.0,franchise,538.0,0.39262325953937394,0.6405859006553138,0.4740835745906233,0.08997044524103384,0.33408176834320674,0.5843019990163172,0.7637151606465541,0.2770079803341025,0.16215983157604766,0.6021382148551881,0.2609236465851525,0.5619055202316208,0.14661443737516167,0.2538989307202499,0.260924,0.561906,0.38592647999999996,Decline
7629893,2024-03-04 09:17:40,nan,1.2758620689655173,2500.0,independent,567.0,0.3392205778573196,0.5409984459378087,0.3962483919809746,0.350150533536864,0.39220264247099074,0.5496255659716605,0.6640841585435501,0.21778824670790353,0.5487694369286721,0.6146751258572151,0.2393537155559889,0.5316476970026149,0.12725185164436045,0.21603481344609618,0.178694,0.519834,0.32837320000000003,Decline
7629894,2024-03-04 09:17:41,nan,1.1272727272727272,4000.0,franchise,,0.3308835508971782,0.5098727364019136,0.36344830689762747,0.31312738155462305,0.2697054865201776,0.4595797512865094,0.6258363920620977,0.16703348248951458,0.46248096531807326,0.398347960303412,0.2824995171602002,0.49114708894506975,0.13874881548162013,0.23851747113877259,0.2825,0.491147,0.36254584,Decline
7629899,2024-03-04 09:18:48,nan,1.1515151515151516,3500.0,independent,602.0,0.4816263360524591,0.6546711059176261,0.5535856468144518,0.31006255807955935,0.37381499846845256,0.4695822456961176,0.7393158844300826,0.2599539912162681,0.540992651478374,0.6522269842460041,0.273585332327963,0.4936852472476736,0.13506504243366738,0.23131374243030955,0.273585,0.493685,0.35159728,Decline
7629900,2024-03-04 09:18:49,nan,1.1081081081081081,0.0,franchise,561.0,0.26807712838373726,0.46666218263611725,0.43776431085066353,0.42169205733143056,0.44274524714627594,0.34059295479006313,0.631643674573851,0.14909944013426318,0.628607524690179,0.6599910741458924,0.16247515816589742,0.41207925431606685,0.06695264202188803,0.09811790005306267,0.210203,0.434602,0.1455476,B
7629901,2024-03-04 09:19:01,nan,1.48,6500.0,franchise,457.0,0.2705198853530168,0.4028668311997703,0.34971323867382037,0.2831004022494637,0.2700357496536325,0.2918420766257527,0.6310853895302481,0.10206103779808522,0.4216388452062636,0.40218085436712225,0.3002355592512368,0.41026473909609107,0.12317606338357766,0.2080644872284876,0.300236,0.410265,0.31625728000000003,Decline
7629902,2024-03-04 09:19:02,nan,1.2456140350877194,7000.0,franchise,558.0,0.35531877033638315,0.54027230773988,0.47510977876291854,0.3285040340481572,0.30476975083498603,0.36566886868512766,0.5783615709989147,0.17373285530147772,0.44838609773931265,0.41599038405065397,0.3503011049725364,0.43690454960848224,0.15304814649537968,0.2664802419161098,0.350301,0.436905,0.4050496,Decline
7629903,2024-03-04 09:19:08,nan,1.2727272727272727,5000.0,franchise,507.0,0.2929685975685694,0.5023648539838927,0.6002488689162111,0.22421019752533283,0.35171231800334246,0.38831256288417726,0.5938294807138483,0.2330841766571825,0.31421659539463387,0.4929028578589894,0.4177376835892234,0.4104157379384945,0.17144611967498846,0.30245803040803015,0.464366,0.405294,0.45973616,Decline
7629905,2024-03-04 09:19:28,nan,1.0869565217391304,1500.0,franchise,526.0,0.39332801415485236,0.5954168752494615,0.49156872980944155,0.2828069977985495,0.27821551498937297,0.3622877152316616,0.6443896818984589,0.17808931200199254,0.4300814707861545,0.4230989289995944,0.35038621419441884,0.45437823866148364,0.15920787085692537,0.27852576769684323,0.333835,0.456305,0.42335952,Decline
7629907,2024-03-04 09:19:36,nan,1.1428571428571428,4000.0,independent,,0.47194666620036607,0.6850082405784266,0.4951719523589188,0.27082223020993595,0.32173230896605465,0.4929711264787293,0.7403540913219182,0.24410547515504788,0.4731902569301718,0.5621421617581798,0.37296948293584264,0.542795154148622,0.20244602798289255,0.3630792811013859,0.372969,0.542795,0.55188008,Decline
7629911,2024-03-04 09:20:24,nan,1.24,4500.0,independent,520.0,0.5648774891953108,0.6896083985825594,0.4970636502284846,0.3912657499471742,0.30928964384218427,0.49060297424146315,0.7238553367697247,0.24386090518941286,0.6683987308189508,0.528359063954543,0.35992330649724014,0.500484579322177,0.18013606464051823,0.3194514784864726,0.359923,0.500485,0.48556552,Decline
7629913,2024-03-04 09:20:46,nan,1.12,3500.0,independent,609.0,0.3793841786531375,0.5533883415143386,0.4352111018116744,0.2841362913600927,0.3157204098805176,0.41189577132666455,0.6726733542417084,0.17926161247064715,0.45106895272354325,0.5012090287958716,0.1903088701779084,0.4252708028728782,0.08093280601438946,0.12545653014531902,0.201223,0.431851,0.20842544,B
7629914,2024-03-04 09:21:00,nan,1.0681818181818181,3500.0,franchise,482.0,0.3414172481666886,0.5297633269066281,0.26010837186492275,0.2131593336551047,0.18504757569499858,0.27321818341120757,0.6288698313688417,0.07106633685098104,0.31635675913649763,0.27463517702516305,0.23306126470491123,0.34923801978502383,0.08139385457413646,0.12635812443536107,0.233061,0.349238,0.19206416,B
7629915,2024-03-04 09:21:13,nan,1.1142857142857143,3500.0,independent,568.0,0.27798240513392497,0.46729288553418324,0.24465684977121255,0.17129367225664224,0.14139115237690653,0.3819037042593694,0.5957325228863,0.09343535720005414,0.24082669920586403,0.19878588668953806,0.17755560217612734,0.4253323211865459,0.07552013641324716,0.11487189236019721,0.177073,0.425332,0.17399592,B
7629916,2024-03-04 09:21:19,nan,1.0526315789473684,5500.0,franchise,641.0,0.37714224437419935,0.4564675539548651,0.2854427779165656,0.2044389160373016,0.24277179857058329,0.5022074573042834,0.6980715624093402,0.14335149170334965,0.33680266474361725,0.3999541294195388,0.18250611589286284,0.515604815627765,0.09410103223587904,0.15120739156822854,0.196949,0.528142,0.25930896,D
7629917,2024-03-04 09:21:22,nan,1.1923076923076923,4000.0,franchise,527.0,0.41272315749064126,0.6492978178669868,0.48526209652554864,0.3460250963472277,0.39158900554122544,0.45845319320314915,0.6650925801331151,0.22246995769259256,0.5431273889241143,0.6146453432313314,0.24452251710658526,0.5090280970563034,0.12446883157018249,0.21059253420043894,0.244523,0.509028,0.32010136,Decline
7629918,2024-03-04 09:21:38,nan,1.0833333333333333,3500.0,franchise,575.0,0.1952794705872592,0.3603106788857383,0.2512592691471809,0.21316044953226668,0.5321287270268832,0.40681399523087974,0.6372296105926919,0.10221578712055557,0.3205638745881343,0.8002481083601204,0.13118824972448667,0.4705067072808688,0.06172495141180857,0.087894994234334,0.131188,0.470507,0.1336004,B
7629921,2024-03-04 09:22:07,nan,0.975609756097561,4500.0,franchise,456.0,0.4714354964091075,0.7241436321969191,0.48777769369448,0.49337775218556634,0.36574326369497034,0.3956157440230986,0.6187171679775488,0.1929725352088128,0.7204166339579027,0.5340482617157142,0.44746766021198064,0.4070613509212914,0.18214679025947825,0.3233835127561175,0.447468,0.407061,0.49154368000000004,Decline
7629925,2024-03-04 09:22:40,nan,1.105263157894737,4500.0,franchise,420.0,0.3020680995827325,0.5346372681060313,0.5367667705154332,0.350043757963843,0.33859043146984674,0.43079609355491705,0.6926524313394428,0.23123702788813724,0.5722024376680891,0.5534801459826303,0.29177348794168206,0.4683226411240642,0.13664413048282884,0.23440169648308629,0.291773,0.468323,0.35629104,Decline
7629927,2024-03-04 09:23:07,nan,1.2307692307692308,4500.0,franchise,585.0,0.38389016624120487,0.5191425781992868,0.4592886857994934,0.29033935471781236,0.36537657934750095,0.5084530771448916,0.6802559304673701,0.2335267455925857,0.46611196023187257,0.5865770204938451,0.28562638081057795,0.4852452732225653,0.13859885119600138,0.23822421147931655,0.458542,0.561307,0.36210048,Decline
7629933,2024-03-04 09:25:25,7.0,1.24,4500.0,franchise,584.0,0.1462613344040539,0.25886146960448747,0.3508203206500999,0.18524418045581,0.219888426573076,0.4181390329139722,0.7207385672733134,0.1466916696032024,0.3150897955131575,0.3740176840866982,0.12343422665140756,0.3856364309097035,0.04760073461794821,0.06027466456743626,0.123434,0.385636,0.214738,C
7629935,2024-03-04 09:25:40,nan,1.2708333333333333,5000.0,franchise,551.0,0.36664522024346224,0.5571870839767693,0.5962745521627091,0.293516341694327,0.23319861759654745,0.5117676303395475,0.6796297803180572,0.3051540145920846,0.47077857450812166,0.37403339158437415,0.39453161763047934,0.484789125931767,0.1912646380635262,0.3412137376723674,0.394532,0.484789,0.51864528,Decline
7629936,2024-03-04 09:25:51,nan,1.1578947368421053,3500.0,franchise,592.0,0.21553897467487407,0.36873606547703563,0.2839533032127926,0.2597868634868607,0.26820504791176303,0.3528635223837322,0.6567435147349862,0.10019676276416194,0.40264747722767985,0.4156949449711584,0.13061415626652792,0.3758622722628702,0.049092933564034796,0.06319270437247695,0.130614,0.375862,0.13557336,B
7629938,2024-03-04 09:26:02,nan,1.0,5000.0,franchise,485.0,0.39534912117042953,0.5762105562902944,0.3941376535482041,0.24645382268351387,0.30184795799755787,0.3367338309891337,0.5969418594561046,0.1327194820163547,0.34719990351131796,0.42523820791541317,0.2583710643485191,0.42984789242553845,0.11106025747395411,0.18437166529804147,0.258371,0.429848,0.28024544,D
7629939,2024-03-04 09:26:13,nan,1.1363636363636365,4000.0,independent,406.0,0.343643254992515,0.6981209258095252,0.318944810841417,0.6690435217524187,0.5721164348512884,0.4387578657307373,0.6582105227897603,0.13993954449067383,1.039276707483358,0.8887124161249896,0.21953187855912148,0.37449989140558304,0.08221466468045464,0.12796324322256947,0.219532,0.3745,0.19450376,B
7629941,2024-03-04 09:26:31,nan,1.2,3500.0,franchise,614.0,0.44153563052493167,0.6081515201316414,0.47432972562289,0.28593545130231107,0.32353764298758714,0.5063970074950259,0.7491547376333488,0.2401991536213682,0.5055353592810762,0.5720162289906319,0.30617820153247144,0.530991371528978,0.16257798316400285,0.2851161234167025,0.306178,0.530991,0.43337632,Decline
7629944,2024-03-04 09:27:18,nan,0.9833333333333333,4000.0,franchise,660.0,0.3141462679137892,0.5173640548389447,0.2945639073248478,0.27523710566804316,0.24877930678272786,0.3864483302304827,0.6164008443790456,0.11383373013185408,0.4003890670382143,0.36190074844518066,0.28490302116582616,0.37649256026625294,0.10726386786631234,0.17694771152860977,0.257834,0.377261,0.26896095999999997,D
7629945,2024-03-04 09:27:30,nan,1.1923076923076923,3500.0,independent,605.0,0.2715683310652833,0.49662314647443645,0.4449127810185466,0.2916202620327024,0.3555411042079767,0.5351417526406452,0.7403222573055552,0.23809140540648863,0.509507410767247,0.6211873830838951,0.22906988807769707,0.5085649141521746,0.11649690796508226,0.1950031984329573,0.22907,0.508565,0.29640456000000004,Decline
7629946,2024-03-04 09:28:00,nan,1.1851851851851851,4500.0,independent,421.0,0.3843622256535052,0.6234939655525514,0.7406350645062507,0.4625769595841368,0.3692758333605398,0.4920677084883699,0.6962568425473921,0.3644425990177268,0.7600908010239279,0.6067815488046127,0.3163600914918464,0.500376076367728,0.15829902130002554,0.27674848512283895,0.31636,0.500376,0.42065695999999997,Decline
7629949,2024-03-04 09:28:20,nan,1.1538461538461537,4000.0,franchise,559.0,0.3319758289026251,0.4996366154427049,0.3292024866374931,0.2886317283678357,0.3126667212783311,0.5064663361333394,0.6961020848556816,0.16672997725327574,0.47416446897874404,0.5136491774505343,0.2014196852580764,0.5062155676963318,0.10196178031813362,0.16657932026551983,0.20142,0.506216,0.25320008,C
7629951,2024-03-04 09:29:17,nan,1.2926829268292683,2500.0,franchise,552.0,0.2655671602938048,0.4236158998439536,0.36843891600457784,0.11937320088792039,0.21703647639934542,0.37393727968284757,0.5981726233594267,0.137773045980049,0.16851764253209645,0.30638765714785926,0.1470728598071675,0.40068294459445397,0.05892958653746319,0.08242857436160539,0.155006,0.411678,0.12529208,B
7629952,2024-03-04 09:29:30,nan,1.1612903225806452,4000.0,independent,528.0,0.5608710000574452,0.7008552870939191,0.6801433622894268,0.5073638123559605,0.4992395630921361,0.517916298395239,0.7509656280786876,0.35225733257503195,0.8991901702642874,0.8847917348597487,0.4241802158470852,0.5382514527580164,0.22831561741090262,0.41366803931554236,0.42418,0.538251,0.62877536,Decline
7629954,2024-03-04 09:29:43,nan,1.1111111111111112,4000.0,independent,506.0,0.4016641207692172,0.6089195629109926,0.44240929373485277,0.3232782519747475,0.36222998794358885,0.42201618790083795,0.6155570233720468,0.18670388363388463,0.469631028475326,0.5262167830449691,0.23481590692134316,0.4772331028828797,0.11206192386633006,0.1863304539783244,0.234816,0.477233,0.2832216,Decline
