accountid,request_datetime,bitdebtor,list_pmt_hx_open__tu_pmthx,list_pmt_hx_closed__tu_pmthx,amtfinanced__app,flt_payment_open__tu_pmthx,yhat,dti__app_binned,bkc321__tu_binned,cv15__tu_binned,balmag01__tu_binned,flt_mean_months_to_first_bad__tu_pmthx_binned,linka006__tu_binned,re01s__tu_binned,flt_avg_open__tu_pmthx_binned,derogseverityindex__ln_binned,at21s__tu_binned,linka029__tu_binned,g306s__tu_binned,g232s__tu_binned,ENG-loan_to_value_binned,inquirybanking12month__ln_binned,linka017__tu_binned,inquiryshortterm12month__ln_binned,addrinputtimenewest__ln_binned,s064b__tu_binned,fltgrossmonthly__income_sum_binned,flt_wtd_avg_closed__tu_pmthx_binned,ENG-has_codebtor_binned,paymnt11__tu_binned,g106s__tu_binned,miles_odometer__app_binned,dti__app,bkc321__tu,cv15__tu,balmag01__tu,flt_mean_months_to_first_bad__tu_pmthx,linka006__tu,re01s__tu,flt_avg_open__tu_pmthx,derogseverityindex__ln,at21s__tu,linka029__tu,g306s__tu,g232s__tu,ENG-loan_to_value,inquirybanking12month__ln,linka017__tu,inquiryshortterm12month__ln,addrinputtimenewest__ln,s064b__tu,fltgrossmonthly__income_sum,flt_wtd_avg_closed__tu_pmthx,ENG-has_codebtor,paymnt11__tu,g106s__tu,miles_odometer__app
8463138,2024-12-05 02:20:18+00:00,1,"[1, 1, 1, 1, 1, 1, 1, 1, 1, 1, 1, 1, 1, 1, 1, 1, 1, 1, 1, 1, 1, 1, 1, 1, 1, 1, 1, 1, 1, 1, 1, 1, 1]","[1, 1, 1, 1, 1, 1, 1, 1, 1, 1, 1, 1, 1, 1, 1, 1, 1, 1, 1, 1, 1, 1, 1, 1, 1, 1, 1, 1, 1, 1, 1, 1, 1, 1, 1, 1, 1, 1, 1, 1, 1, 1]",25059.0,478.0,0.03019670978170941,-0.6114337137678488,0.26094868650223196,0.2259612567881653,0.11939328962621384,0.22755275636556374,0.4194777125113977,0.4065249203285951,0.1740873916033103,0.0778669440877906,-0.07791647071836902,0.07090034106747711,0.13238330771477913,0.27517336419933297,0.28748156146469017,-0.1482292857992833,0.06852539126647902,0.09263075257175206,0.02313302321270807,-0.008431530244752898,-0.039768111103099996,0.15904631144217646,0.04284707524103316,0.22505449144967976,-0.053592719399028974,0.141236061144545,6.717,4538.0,1.0,142.0,1.0,1.0,18.0,1.0,0.0,2.0,0.0,1.0,3.0,0.8277126341866227,1.0,0.0,0.0,1.0,78968.0,7083.0,1.0,1,110.0,233.0,19705
8462785,2024-12-05 00:55:40+00:00,1,"[1, 1, 1, 1, 1, 1, 0, 0, 0, 0, 1, 0, 0, 0, 0, 1, 1, 1, 1, 1, 1, 1, 1, 1, 1, 1, 1, 1, 1, 1, 1, 1, 1, 1]","[1, 1, 1, 0, 0, 0, 0, 0, 0, 0, 0, 1, 1, 1, 1, 1, 1, 1, 1, 1, 1, 1, 1, 1]",14932.0,324.0,0.030385703069435978,-0.6114337137678488,0.23990797722314114,0.2259612567881653,0.41236787050388063,0.17561735485816402,0.1880244731129659,0.4065249203285951,-0.04317344340611509,0.0778669440877906,-0.09921592132150975,0.07090034106747711,-0.026172253256940618,0.14199482941539582,0.28748156146469017,0.13611650753568505,0.06852539126647902,0.09263075257175206,0.02313302321270807,-0.008431530244752898,0.04544625733308562,-0.05484988672575293,0.04284707524103316,0.22505449144967976,0.2103895073799279,0.008044419973869708,6.717,97.0,1.0,86.0,0.7287581699346406,2.0,22.0,0.7647058823529411,0.0,1.0,0.0,3.0,7.0,0.6394860813704497,0.0,0.0,0.0,1.0,9746.0,2765.0,0.8,1,56.0,612.0,45250
8437408,2024-12-03 00:34:44+00:00,1,"[0, 0, 0, 0, 1, 1, 1, 1, 1, 1, 1, 1, 1, 1, 1, 1, 0, 0, 0, 0, 0, 0, 0, 0, 1, 1, 1, 1, 1, 1, 1, 1, 1, 1, 1, 1]","[1, 0, 1, 0, 1, 1, 1, 1, 1, 1, 1, 1, 1, 1, 1, 0, 1, 1, 1, 1, 1, 1, 1, 1, 1, 1, 1, 1, 1, 1, 1, 1, 1, 1, 1, 1, 1, 1, 1, 1, 1, 1]",20206.0,779.0,0.032532356096605056,-0.6114337137678488,0.26094868650223196,0.2259612567881653,0.41236787050388063,-0.05564041606933876,0.4194777125113977,0.4065249203285951,-0.04317344340611509,0.0778669440877906,-0.06544171956609646,-0.0069440649306055586,-0.026172253256940618,0.08251752792097579,0.28748156146469017,0.13611650753568505,0.06852539126647902,0.09263075257175206,0.02313302321270807,-0.008431530244752898,0.04544625733308562,0.15904631144217646,-0.023487699131707573,0.22505449144967976,-0.053592719399028974,-0.018828211620055532,6.717,358.0,1.0,80.0,0.5188492063492063,1.0,19.0,0.6666666666666666,0.0,13.0,1.0,2.0,8.0,0.8645757562791494,0.0,0.0,0.0,1.0,5936.0,3293.0,0.9756367663344407,0,101.0,208.0,90973
8463458,2024-12-05 03:30:10+00:00,1,"[1, 1, 1, 1, 1, 1]","[1, 1, 1, 1, 1, 1, 1, 1, 1, 1, 1, 1, 1, 1, 1, 1, 1, 1, 1, 1, 1, 1, 1, 1, 1, 1, 1, 1]",23001.0,382.0,0.03446567370709513,-0.6114337137678488,0.26094868650223196,0.2259612567881653,-0.05738860713727523,0.22755275636556374,0.4194777125113977,0.4065249203285951,0.1740873916033103,0.0778669440877906,-0.07791647071836902,-0.0069440649306055586,0.13238330771477913,0.14199482941539582,0.28748156146469017,0.13611650753568505,0.06852539126647902,0.09263075257175206,0.02313302321270807,-0.008431530244752898,-0.039768111103099996,0.15904631144217646,-0.023487699131707573,0.22505449144967976,0.13525803582801485,0.008044419973869708,6.717,201.0,1.0,300.0,1.0,1.0,14.0,1.0,0.0,5.0,1.0,1.0,6.0,0.8855052935514918,0.0,0.0,0.0,1.0,78968.0,8286.099999999991,1.0,0,57.0,386.0,31890
8460298,2024-12-04 00:49:11+00:00,1,"[1, 1, 1, 1, 1, 1, 1, 1, 1, 1, 1, 1, 1, 1, 1, 1, 1, 1, 1, 1, 1, 1, 1, 1, 1, 1, 1, 1, 1, 1, 1, 1, 1, 1, 1, 1, 1]","[1, 1, 1, 1, 1, 1, 1, 1, 1, 1, 1, 1, 1, 1, 1, 1, 1]",45000.0,289.0,0.035057453201939905,-0.6114337137678488,0.23990797722314114,0.2259612567881653,0.41236787050388063,0.22755275636556374,0.01584713069282676,0.4065249203285951,0.1740873916033103,0.0778669440877906,-0.07791647071836902,-0.0069440649306055586,0.13238330771477913,0.14199482941539582,-0.03481326916714037,0.13611650753568505,0.06852539126647902,0.09263075257175206,0.02313302321270807,-0.008431530244752898,-0.039768111103099996,0.15904631144217646,-0.023487699131707573,0.22505449144967976,0.13525803582801485,0.141236061144545,6.717,101.0,1.0,108.0,1.0,6.0,13.0,1.0,1.0,6.0,1.0,1.0,7.0,1.6,0.0,0.0,0.0,1.0,6621.0,6550.0,1.0,0,101.0,421.0,0
8469714,2024-12-07 06:53:24+00:00,1,"[1, 1, 1, 1, 1, 1, 1, 1, 1, 1, 1, 1, 1, 1, 1, 1, 1, 1, 1, 1, 1, 1, 1, 1, 1, 1, 1, 1, 1, 1, 1, 1, 1, 1, 1, 1, 1, 1, 1, 1, 1, 1, 1, 1, 1, 1, 1, 1, 1]",,14980.0,392.0,0.040350562067488466,-0.6114337137678488,0.26094868650223196,0.004753338369163321,0.41236787050388063,0.22755275636556374,0.1880244731129659,-0.03231283449775203,0.1740873916033103,0.0778669440877906,0.2659552272166623,-0.0069440649306055586,0.13238330771477913,0.14199482941539582,0.28748156146469017,0.13611650753568505,0.06852539126647902,0.09263075257175206,0.02313302321270807,-0.008431530244752898,-0.009607996814591997,-0.05816090055260583,-0.023487699131707573,-0.016179347188425074,0.2103895073799279,-0.018828211620055532,6.717,402.0,2.0,0.0,1.0,2.0,2.0,1.0,0.0,51.0,1.0,1.0,7.0,0.9986666666666667,0.0,0.0,0.0,1.0,78968.0,3544.0,0.0,0,21.0,426.0,66258
8404821,2024-12-06 01:48:15+00:00,1,"[1, 1, 1, 1, 1, 1, 1, 1, 1, 1, 1, 1, 1, 1, 1, 1, 1, 1, 1, 1, 1]","[1, 1, 1, 1, 1, 1, 1, 1, 1, 1, 0, 1, 1, 1, 1, 1, 1, 1, 1, 1, 1, 1, 1, 1, 1, 1, 1, 1, 1, 1, 1, 1, 1, 1, 1, 1, 1, 1, 1, 1, 1, 1, 1, 1, 1, 1, 1, 1, 1, 1, 1, 1, 1, 1, 1, 1, 1, 1, 1, 1, 1, 1, 0, 0, 0, 0, 0, 0, 1, 1, 1, 1, 1, 1, 1, 1, 1, 1, 1, 1, 1, 1]",24251.0,16317.0,0.04282701851507448,-0.6114337137678488,-0.054488959167710314,0.2259612567881653,0.41236787050388063,-0.05564041606933876,0.14385053025774988,0.4065249203285951,0.1740873916033103,0.0778669440877906,-0.07791647071836902,-0.0069440649306055586,-0.026172253256940618,0.47334886807418025,0.28748156146469017,0.13611650753568505,0.06852539126647902,0.09263075257175206,0.02313302321270807,-0.008431530244752898,-0.039768111103099996,-0.05484988672575293,-0.023487699131707573,-0.016179347188425074,0.015592503790590144,0.141236061144545,6.717,0.0,1.0,66.0,0.5670731707317074,3.0,14.0,1.0,1.0,9.0,1.0,10.0,2.0,0.8886079659961159,0.0,0.0,0.0,1.0,78968.0,5408.0,0.8812812224507788,0,26.0,321.0,21
8439300,2024-12-03 06:53:47+00:00,1,"[1, 1, 1, 1, 1, 1, 1, 1, 1, 1, 1, 1, 1, 1, 1, 1, 1, 1, 1, 1, 1, 1]","[1, 1, 1, 1, 1, 1, 1, 1, 1, 1, 1, 1, 1, 1, 1, 1, 1, 1, 1, 1, 1, 1, 1, 1, 1, 1, 1, 1, 1, 1, 1, 1, 1, 1, 1, 1]",32540.0,469.0,0.04493411380052569,-0.6114337137678488,0.26094868650223196,0.2259612567881653,0.41236787050388063,0.22755275636556374,-0.16547143701628758,-0.03231283449775203,0.1740873916033103,0.0778669440877906,-0.07791647071836902,-0.09236929204096728,0.13238330771477913,0.25953741616204173,0.28748156146469017,0.13611650753568505,-0.12296996338010098,0.09263075257175206,0.02313302321270807,-0.008431530244752898,-0.009607996814591997,0.15904631144217646,-0.023487699131707573,0.22505449144967976,0.13525803582801485,0.008044419973869708,6.717,5396.0,1.0,110.0,1.0,162.0,5.0,1.0,0.0,3.0,99.0,1.0,4.0,0.8867693146205206,0.0,16.0,0.0,1.0,78968.0,3957.0,1.0,0,124.0,410.0,31700
8468411,2024-12-07 02:24:14+00:00,1,"[1, 0, 1]",[1],85764.0,2695.0,0.0488235503917937,-0.6114337137678488,0.26094868650223196,-0.1165395030712408,0.41236787050388063,0.22755275636556374,-0.043774865933036713,0.4065249203285951,-0.04317344340611509,0.0778669440877906,-0.07791647071836902,0.07090034106747711,-0.026172253256940618,-0.10985411191684905,0.16413019796925432,-0.1482292857992833,0.06852539126647902,0.09263075257175206,0.02313302321270807,-0.008431530244752898,-0.039768111103099996,0.15904631144217646,-0.023487699131707573,0.22505449144967976,0.2103895073799279,0.141236061144545,6.717,3349.0,3.0,100.0,0.8529866332497912,7.0,16.0,0.6666666666666666,0.0,5.0,0.0,2.0,15.0,1.0510294117647059,1.0,0.0,0.0,1.0,315.0,8286.099999999991,1.0,0,152.0,458.0,1876
8436866,2024-12-02 09:23:07+00:00,1,"[1, 1, 1, 1, 1, 1, 1, 1, 1, 1, 1, 1, 1]",,33109.0,749.0,0.049366435291236355,-0.6114337137678488,0.26094868650223196,-0.1165395030712408,0.41236787050388063,0.22755275636556374,-0.16547143701628758,0.4065249203285951,0.1740873916033103,0.0778669440877906,-0.07791647071836902,0.07090034106747711,0.13238330771477913,0.021081495765742912,-0.03481326916714037,-0.1482292857992833,0.06852539126647902,0.09263075257175206,0.02313302321270807,-0.008431530244752898,0.08965056778496559,-0.05816090055260583,0.04284707524103316,0.22505449144967976,-0.053592719399028974,0.141236061144545,6.717,2732.0,3.0,120.0,1.0,18.0,22.0,1.0,0.0,2.0,0.0,1.0,11.0,1.1852581083983675,1.0,0.0,0.0,1.0,2543.0,2000.0,0.0,1,174.0,217.0,11000
8468056,2024-12-07 01:13:34+00:00,1,"[1, 1]","[1, 1, 1, 1, 1, 1, 1, 1, 1, 1, 1, 1, 1, 1, 1, 1, 1, 1, 1, 1, 1, 1, 1, 1, 1, 1, 1, 1, 1, 1, 1, 1, 1, 1, 1, 1, 1, 1, 1]",25283.0,675.0,0.051514909376260215,-0.6114337137678488,0.26094868650223196,0.2259612567881653,0.11939328962621384,0.22755275636556374,0.4194777125113977,-0.03231283449775203,0.1740873916033103,0.0778669440877906,-0.07791647071836902,0.07090034106747711,0.13238330771477913,0.20995636990242048,0.16413019796925432,0.13611650753568505,0.06852539126647902,0.09263075257175206,0.02313302321270807,-0.008431530244752898,-0.039768111103099996,0.15904631144217646,-0.023487699131707573,-0.016179347188425074,0.2103895073799279,0.141236061144545,6.717,11259.0,1.0,138.0,0.85,1.0,3.0,1.0,0.0,4.0,0.0,1.0,5.0,1.0839442658092175,0.0,0.0,0.0,1.0,78968.0,8000.0,1.0,0,30.0,441.0,14875
8464149,2024-12-06 00:23:23+00:00,0,"[1, 1, 1, 1, 1, 1, 1, 1, 1, 1, 1, 1, 1, 1, 1, 1, 1, 1]","[1, 1, 1, 1, 1, 1, 1, 1, 1, 1, 1, 1, 1]",26051.0,891.0,0.052273989838517096,-0.6114337137678488,0.26094868650223196,0.2259612567881653,0.11939328962621384,0.22755275636556374,0.14385053025774988,0.4065249203285951,0.1740873916033103,0.0778669440877906,-0.07791647071836902,-0.0069440649306055586,0.13238330771477913,0.14199482941539582,-0.03481326916714037,-0.1482292857992833,0.06852539126647902,0.09263075257175206,0.02313302321270807,-0.008431530244752898,-0.039768111103099996,0.15904631144217646,0.04284707524103316,0.22505449144967976,0.015592503790590144,-0.03707202918461854,6.717,197.0,1.0,206.0,0.9116883116883117,3.0,22.0,1.0,1.0,10.0,1.0,1.0,7.0,1.173732822707817,1.0,0.0,0.0,1.0,78968.0,4990.0,1.0,1,97.0,349.0,120305
8462755,2024-12-05 00:50:35+00:00,1,"[1, 0, 0, 1, 1, 1, 1, 1, 1, 1, 1, 1, 1, 1, 1, 1, 1, 1, 1, 1, 1, 0, 1, 1, 1, 1, 1, 1, 1, 1, 1, 1, 1, 1, 1, 1, 1, 1, 1, 1, 1, 1, 1, 1, 1, 1, 1, 1, 1, 1, 1, 1, 1, 1, 1, 1, 1, 1]",,35000.0,348.0,0.0553460505961632,-0.6114337137678488,0.26094868650223196,0.2259612567881653,-0.05738860713727523,-0.07412946629464255,0.01584713069282676,0.4065249203285951,0.1740873916033103,0.0778669440877906,-0.07791647071836902,-0.0069440649306055586,-0.026172253256940618,0.14199482941539582,0.28748156146469017,0.13611650753568505,0.06852539126647902,0.09263075257175206,0.02313302321270807,-0.008431530244752898,-0.039768111103099996,-0.05816090055260583,-0.023487699131707573,0.05393564252282038,-0.053592719399028974,0.141236061144545,6.717,400.0,1.0,246.0,0.034482758620689655,6.0,18.0,0.9482758620689655,1.0,7.0,1.0,2.0,6.0,0.8087249872914645,0.0,0.0,0.0,1.0,6767.0,8286.099999999991,0.0,0,48.0,216.0,5
8464471,2024-12-06 23:47:56+00:00,1,"[1, 1, 1, 1, 1]",,23455.0,662.0,0.05551023253487231,-0.6114337137678488,0.26094868650223196,0.2259612567881653,-0.06670879924340213,0.22755275636556374,0.01584713069282676,0.030500288512228284,0.1740873916033103,0.0778669440877906,-0.09921592132150975,0.07090034106747711,0.13238330771477913,0.021081495765742912,0.28748156146469017,0.13611650753568505,0.06852539126647902,0.09263075257175206,0.02313302321270807,-0.008431530244752898,0.08965056778496559,-0.05816090055260583,0.04284707524103316,-0.016179347188425074,0.2103895073799279,0.141236061144545,6.717,1118.0,1.0,344.0,1.0,6.0,9.0,1.0,0.0,1.0,0.0,1.0,10.0,0.9079471993187009,0.0,0.0,0.0,1.0,7178.0,1927.0,0.0,1,30.0,439.0,18485
8438720,2024-12-03 06:13:24+00:00,1,"[1, 1, 1, 1, 1, 1, 0, 0, 1, 0, 1, 1, 1, 1, 1, 1, 1, 1, 1, 1, 1, 1, 1, 1, 1, 1, 1, 1, 1, 1, 1, 1, 1, 1, 1, 1, 1, 1, 1, 1, 1, 1, 1, 1, 1, 1, 1, 1, 1, 1, 1]",,14391.0,399.0,0.05568623002998477,-0.6114337137678488,0.26094868650223196,0.2259612567881653,0.41236787050388063,-0.07412946629464255,0.14385053025774988,-0.03231283449775203,0.1740873916033103,-0.048236128980226715,0.2659552272166623,0.07090034106747711,-0.026172253256940618,0.27517336419933297,0.28748156146469017,0.13611650753568505,0.06852539126647902,-0.3012493410357806,0.02313302321270807,-0.008431530244752898,-0.039768111103099996,-0.05816090055260583,-0.023487699131707573,-0.016179347188425074,0.015592503790590144,0.008044419973869708,6.717,366.0,1.0,104.0,0.13725490196078433,3.0,3.0,0.9411764705882353,3.0,36.0,0.0,2.0,3.0,0.7918454935622318,0.0,0.0,1.0,1.0,1885.0,5373.0,0.0,0,19.0,339.0,35260
8469602,2024-12-07 06:24:08+00:00,1,"[1, 0, 1, 1, 1, 1, 1, 1, 1, 1, 1, 1, 1, 1, 0, 0, 0, 0, 0, 0, 0, 0, 1, 1, 1, 1, 1, 1, 1, 1, 1, 1, 1, 1, 1, 1, 1]","[0, 1, 1, 1, 1, 1, 1, 1, 1, 1, 1, 1, 1, 1, 1, 1, 0, 1, 1, 1, 1, 1, 1, 1, 1, 1, 1, 1, 1, 1, 1, 1, 1, 1, 1, 1, 1]",29332.0,785.0,0.05680221392804202,-0.6114337137678488,0.26094868650223196,0.2259612567881653,0.11939328962621384,-0.07412946629464255,0.1880244731129659,-0.03231283449775203,-0.04317344340611509,0.0778669440877906,0.2659552272166623,-0.0069440649306055586,0.13238330771477913,0.25953741616204173,0.28748156146469017,0.13611650753568505,0.06852539126647902,0.09263075257175206,0.02313302321270807,-0.008431530244752898,-0.039768111103099996,0.15904631144217646,-0.023487699131707573,0.22505449144967976,-0.053592719399028974,0.008044419973869708,6.717,1893.0,1.0,180.0,0.04054054054054054,2.0,5.0,0.7567567567567568,0.0,39.0,1.0,1.0,4.0,0.9333969769291965,0.0,0.0,0.0,1.0,78968.0,4661.0,0.9743954480796586,0,60.0,121.0,34500
8437635,2024-12-03 01:08:34+00:00,1,"[1, 1, 1, 1, 1, 1, 1, 1, 1, 1, 1, 1, 1, 1, 1, 1, 1, 1, 1, 1, 1, 1, 1, 1, 1, 1, 1, 1, 1, 1, 1, 1, 1, 1, 1, 1, 1, 1, 1, 1, 1, 1, 1, 1, 1, 1]",,32172.0,350.0,0.05694207134492923,-0.6114337137678488,0.26094868650223196,0.2259612567881653,0.41236787050388063,0.22755275636556374,0.1880244731129659,-0.03231283449775203,0.1740873916033103,0.0778669440877906,0.035324081286162975,-0.0069440649306055586,0.13238330771477913,0.27517336419933297,0.16413019796925432,0.13611650753568505,-0.12296996338010098,0.09263075257175206,0.02313302321270807,-0.008431530244752898,-0.039768111103099996,-0.05816090055260583,-0.023487699131707573,0.22505449144967976,-0.053592719399028974,0.008044419973869708,6.717,624.0,1.0,110.0,1.0,2.0,5.0,1.0,0.0,25.0,1.0,1.0,3.0,1.04880195599022,0.0,1.0,0.0,1.0,396.0,6937.0,0.0,0,51.0,157.0,35959
8438709,2024-12-03 04:53:55+00:00,1,"[1, 1, 1, 1, 1, 1, 1, 1, 1, 1, 1, 1, 1, 1, 1, 1, 1, 1, 1, 1, 1, 1, 1, 1, 1, 1, 1]","[1, 1, 1, 1, 1, 1, 1, 1, 1, 1, 1, 1, 1, 1, 1, 1, 1, 1, 1, 1, 1, 1, 1, 1, 1, 1, 1, 1, 1, 1, 1, 1, 1, 1, 1, 1, 1, 1, 1, 1, 1, 1, 1, 1, 1, 1]",22977.0,222.0,0.057080047225198265,-0.6114337137678488,0.26094868650223196,0.2259612567881653,-0.05738860713727523,0.22755275636556374,0.01584713069282676,0.4065249203285951,0.1740873916033103,0.0778669440877906,-0.07791647071836902,-0.0069440649306055586,0.13238330771477913,0.021081495765742912,-0.03481326916714037,-0.1482292857992833,0.06852539126647902,0.09263075257175206,0.02313302321270807,-0.008431530244752898,-0.009607996814591997,0.15904631144217646,-0.023487699131707573,0.22505449144967976,0.2103895073799279,0.008044419973869708,6.717,5737.0,1.0,300.0,1.0,5.0,15.0,1.0,0.0,6.0,1.0,1.0,11.0,1.29997171145686,1.0,0.0,0.0,1.0,78968.0,3900.0,1.0,0,82.0,424.0,36036
8437877,2024-12-03 02:03:11+00:00,0,"[1, 1]","[1, 1, 0, 1, 1, 1, 1, 1, 1, 1, 1, 1, 0, 1, 1, 1, 1, 1, 1, 1, 1, 1, 1, 1, 1, 1, 1, 1, 1, 1, 1, 1, 1, 1, 1, 1, 1]",661.0,386.0,0.057191208328113,-0.6114337137678488,0.26094868650223196,0.2259612567881653,0.11939328962621384,0.22755275636556374,-0.16547143701628758,-0.03231283449775203,0.1740873916033103,0.0778669440877906,-0.07791647071836902,-0.09236929204096728,-0.026172253256940618,0.25953741616204173,0.28748156146469017,0.13611650753568505,-0.12296996338010098,0.09263075257175206,0.02313302321270807,-0.008431530244752898,0.04544625733308562,0.15904631144217646,0.04284707524103316,0.05393564252282038,-0.053592719399028974,0.141236061144545,6.717,837.0,1.0,178.0,0.8128962295628962,162.0,3.0,1.0,0.0,3.0,99.0,2.0,4.0,0.023502222222222223,0.0,16.0,0.0,1.0,78968.0,2900.0,0.9772403982930299,1,45.0,122.0,0
8471519,2024-12-08 02:14:43+00:00,1,"[1, 1, 1, 1, 1, 1, 1, 1, 1, 1, 1, 1, 1, 0, 0, 0, 0, 0, 1, 1, 1, 1, 1, 1, 1, 1, 1, 1, 1]","[1, 1, 1, 1, 1, 1, 1, 1, 1, 1, 1, 1, 1, 1, 1, 1, 1, 1, 1, 1, 1, 1, 1, 1]",29182.0,202.0,0.05812917279083347,-0.6114337137678488,0.26094868650223196,0.2259612567881653,0.11939328962621384,0.22755275636556374,-0.16547143701628758,0.4065249203285951,-0.04317344340611509,0.0778669440877906,-0.07791647071836902,-0.09236929204096728,0.13238330771477913,0.27517336419933297,0.28748156146469017,-0.1482292857992833,-0.12296996338010098,0.09263075257175206,0.02313302321270807,-0.008431530244752898,-0.039768111103099996,0.15904631144217646,-0.023487699131707573,0.22505449144967976,-0.053592719399028974,0.008044419973869708,6.717,1370.0,1.0,158.0,0.8965517241379309,162.0,16.0,0.8275862068965517,0.0,7.0,99.0,1.0,3.0,0.6919264967397748,1.0,16.0,0.0,1.0,78968.0,5000.0,1.0,0,81.0,81.0,45606
8471234,2024-12-08 01:33:34+00:00,1,,"[1, 1, 1, 1, 1, 1, 1, 1, 1, 1, 1, 1, 1, 1, 1, 1, 1, 1, 1, 1, 1, 1, 1, 1, 1, 1, 1, 1, 1, 1, 1, 1, 1, 1, 1, 1, 1, 1, 1, 1, 1, 1, 1, 1, 1, 1, 1, 1, 1, 1, 1, 1, 1, 1, 1, 1, 1, 1, 1, 1, 1, 1, 1, 1, 1]",10775.0,16317.0,0.05839054677354188,-0.6114337137678488,0.23990797722314114,0.2259612567881653,-0.05738860713727523,0.22755275636556374,0.1880244731129659,0.030500288512228284,-0.04317344340611509,0.0778669440877906,-0.07791647071836902,0.07090034106747711,-0.026172253256940618,0.47334886807418025,0.28748156146469017,0.13611650753568505,0.06852539126647902,0.09263075257175206,0.02313302321270807,-0.008431530244752898,-0.039768111103099996,0.15904631144217646,-0.023487699131707573,-0.016179347188425074,0.2103895073799279,0.141236061144545,6.717,39.0,1.0,300.0,1.0,2.0,8.0,0.0,1.0,10.0,0.0,10.0,2.0,0.44616977225672877,0.0,0.0,0.0,1.0,78968.0,6500.0,1.0,0,18.0,490.0,11357
8437620,2024-12-03 01:04:53+00:00,1,"[1, 1, 1]","[1, 1, 1, 1, 1, 1, 1, 1, 1, 1, 1, 1, 1, 1, 1, 1, 1, 1, 1, 1, 1, 1, 1, 1, 1, 1]",25323.0,381.0,0.0586834537122986,-0.6114337137678488,0.26094868650223196,0.004753338369163321,0.11939328962621384,0.22755275636556374,0.14385053025774988,0.030500288512228284,0.1740873916033103,0.0778669440877906,-0.07791647071836902,0.07090034106747711,-0.026172253256940618,-0.01066169917084148,0.28748156146469017,0.13611650753568505,-0.12296996338010098,0.09263075257175206,0.02313302321270807,0.12181209640599021,-0.039768111103099996,0.15904631144217646,-0.023487699131707573,0.22505449144967976,0.2103895073799279,-0.018828211620055532,6.717,196.0,2.0,204.0,0.8362068965517242,3.0,11.0,1.0,1.0,5.0,0.0,9.0,12.0,0.9748989412897017,0.0,1.0,0.0,22.0,253.0,8286.099999999991,1.0,0,100.0,442.0,80896
8463138,2024-12-05 02:20:18+00:00,0,"[1, 1, 1, 1, 1, 1, 1, 1, 1, 1, 1, 1, 1, 1, 1, 1, 1, 1, 1, 1, 1, 1, 1, 1, 1, 1, 1, 1, 1, 1, 1, 1, 0, 0]","[0, 1, 1, 1, 1, 1, 1, 1, 1, 1, 1, 1, 1, 1, 1, 1, 1, 1, 1, 1, 1, 1, 1, 1, 1, 1, 1, 1, 1, 1, 1, 1, 1, 1, 1]",25059.0,560.0,0.058941589818732994,-0.6114337137678488,0.26094868650223196,0.2259612567881653,0.11939328962621384,0.22755275636556374,-0.16547143701628758,-0.03231283449775203,0.1740873916033103,0.0778669440877906,-0.06544171956609646,-0.09236929204096728,0.13238330771477913,0.47334886807418025,0.28748156146469017,0.13611650753568505,-0.12296996338010098,0.09263075257175206,0.02313302321270807,-0.008431530244752898,-0.039768111103099996,0.15904631144217646,0.04284707524103316,0.05393564252282038,-0.053592719399028974,0.141236061144545,6.717,26533.0,1.0,156.0,0.7998319327731093,162.0,4.0,0.9411764705882353,0.0,20.0,99.0,1.0,2.0,0.8277126341866227,0.0,16.0,0.0,1.0,78968.0,8286.099999999991,0.9984126984126984,1,46.0,182.0,19705
8437877,2024-12-03 02:03:11+00:00,1,,"[1, 1, 1, 1, 1, 1, 1, 1, 1, 1, 1, 1, 1, 1, 1]",661.0,16317.0,0.05939481480562713,-0.6114337137678488,0.26094868650223196,0.2259612567881653,-0.06670879924340213,0.22755275636556374,0.4194777125113977,0.030500288512228284,-0.04317344340611509,0.0778669440877906,-0.06544171956609646,-0.0069440649306055586,-0.026172253256940618,0.25953741616204173,0.28748156146469017,-0.1482292857992833,0.06852539126647902,0.09263075257175206,0.02313302321270807,-0.008431530244752898,0.08965056778496559,0.15904631144217646,0.04284707524103316,-0.016179347188425074,-0.053592719399028974,0.141236061144545,6.717,161.0,1.0,400.0,0.828125,1.0,7.0,0.0,0.0,18.0,1.0,10.0,4.0,0.023502222222222223,1.0,0.0,0.0,1.0,6644.0,1600.0,1.0,1,15.0,177.0,0
8470787,2024-12-08 00:15:11+00:00,1,"[1, 1, 1, 1, 1, 1, 1, 1, 1, 1, 1, 1, 1, 1, 1, 1, 0]","[1, 1, 1, 1, 1, 0, 1, 1, 1, 1, 1, 1, 1, 1, 1, 1, 1, 1, 1, 1, 1, 1, 1, 1, 1, 1, 1, 1, 1, 1, 1, 1, 1, 1, 1, 1]",35000.0,575.0,0.059701397706568585,-0.6114337137678488,0.26094868650223196,0.004753338369163321,0.41236787050388063,0.17561735485816402,0.01584713069282676,0.4065249203285951,0.1740873916033103,-0.4142474070967134,-0.06544171956609646,-0.09236929204096728,0.13238330771477913,0.021081495765742912,0.28748156146469017,-0.1482292857992833,0.06852539126647902,-0.3012493410357806,-0.08168565936984104,0.12181209640599021,-0.039768111103099996,0.15904631144217646,0.04284707524103316,0.05393564252282038,-0.053592719399028974,0.141236061144545,6.717,553.0,2.0,114.0,0.6385964912280702,5.0,14.0,0.9411764705882353,5.0,19.0,2.0,1.0,10.0,0.45456906852304013,1.0,0.0,1.0,329.0,99.0,8286.099999999991,0.990990990990991,1,36.0,226.0,100
8411152,2024-12-05 08:55:54+00:00,1,,"[1, 1, 1, 1, 1, 1, 1, 1, 1, 1, 1, 1, 1, 1, 1, 1, 1, 1, 1, 1]",17466.0,16317.0,0.060727748518310164,-0.6114337137678488,-0.054488959167710314,0.2259612567881653,-0.06670879924340213,0.22755275636556374,0.1880244731129659,-0.03231283449775203,-0.04317344340611509,0.0778669440877906,0.47611841736311766,-0.09236929204096728,-0.026172253256940618,0.47334886807418025,0.28748156146469017,0.13611650753568505,0.06852539126647902,0.09263075257175206,0.02313302321270807,-0.008431530244752898,0.04544625733308562,0.15904631144217646,-0.023487699131707573,-0.016179347188425074,0.04095250473658998,-0.018828211620055532,6.717,0.0,1.0,600.0,1.0,2.0,0.0,0.0,0.0,68.0,2.0,10.0,2.0,1.0281375088297622,0.0,0.0,0.0,1.0,78968.0,2700.0,1.0,0,0.0,369.0,59350
8437004,2024-12-02 21:47:00+00:00,0,"[1, 1, 1, 1, 1, 1, 1, 1, 1, 1, 1]","[1, 1, 1, 1, 1, 1, 1, 1, 1, 1, 1, 1, 1, 1, 1, 1, 1, 1, 1, 1, 1, 1, 1, 1, 1, 1, 1, 1, 1, 1, 1, 1]",20098.0,468.0,0.061174884155020405,-0.6114337137678488,-0.054488959167710314,0.2259612567881653,0.41236787050388063,0.22755275636556374,-0.14267212177429597,-0.03231283449775203,0.1740873916033103,0.0778669440877906,-0.07791647071836902,0.07090034106747711,0.13238330771477913,0.14199482941539582,0.28748156146469017,0.13611650753568505,0.06852539126647902,0.09263075257175206,0.02313302321270807,-0.008431530244752898,-0.009607996814591997,0.15904631144217646,0.04284707524103316,-0.016179347188425074,0.015592503790590144,0.141236061144545,6.717,0.0,1.0,80.0,1.0,10.0,0.0,1.0,0.0,9.0,0.0,1.0,7.0,0.879562363238512,0.0,0.0,0.0,1.0,493.0,3833.0,1.0,1,20.0,334.0,15
8464176,2024-12-05 06:28:38+00:00,1,"[0, 0, 0, 1, 0, 1, 0, 1, 1, 1, 1, 1, 1, 1, 1, 1, 1, 1, 1, 1, 1, 1, 1, 1, 1, 1, 1, 1]",[1],14005.0,420.0,0.06263668302664528,-0.6114337137678488,-0.054488959167710314,0.2259612567881653,0.41236787050388063,-0.05564041606933876,-0.16547143701628758,-0.03231283449775203,-0.04317344340611509,0.0778669440877906,0.08779149858909129,0.07090034106747711,-0.026172253256940618,0.47334886807418025,0.28748156146469017,0.13611650753568505,0.06852539126647902,0.09263075257175206,0.02313302321270807,-0.008431530244752898,-0.009607996814591997,0.15904631144217646,0.04284707524103316,-0.016179347188425074,0.2103895073799279,-0.0035377154089891926,6.717,0.0,1.0,71.0,0.5178571428571429,28.0,6.0,0.8214285714285714,0.0,31.0,0.0,2.0,2.0,0.8539634146341464,0.0,0.0,0.0,1.0,4151.0,3419.0,1.0,1,10.0,441.0,49857
8438724,2024-12-03 04:57:32+00:00,1,"[1, 1, 1, 1, 1, 1, 1, 1, 1, 1, 1, 1, 1, 1, 1, 1, 1, 1, 1, 1, 1, 1, 1, 1, 1, 1, 1, 1, 1, 1, 1, 1, 1, 1, 1, 1, 1]","[1, 1, 1, 1, 1, 1, 1, 1, 1, 1, 0, 0, 1, 0, 0, 1, 1, 1, 1, 1, 1, 1, 1, 1, 1, 1, 1, 1, 1, 1, 1, 1, 1, 1, 1, 1, 1, 1, 1, 1, 1, 1, 1, 1, 1, 1, 1, 1, 1, 1, 1, 1, 1, 1, 1, 1, 1, 1, 1, 1, 1, 1, 1, 1, 1]",26639.0,599.0,0.06296265548902577,-0.6114337137678488,0.23990797722314114,0.2259612567881653,-0.06670879924340213,0.22755275636556374,0.4194777125113977,-0.03231283449775203,0.1740873916033103,0.0778669440877906,-0.07791647071836902,-0.0069440649306055586,0.13238330771477913,0.25953741616204173,0.28748156146469017,0.13611650753568505,0.06852539126647902,0.09263075257175206,0.02313302321270807,-0.008431530244752898,-0.039768111103099996,0.15904631144217646,-0.023487699131707573,0.05393564252282038,-0.053592719399028974,0.008044419973869708,6.717,42.0,1.0,456.0,0.7923076923076924,1.0,6.0,1.0,0.0,9.0,1.0,1.0,4.0,0.9643076923076923,0.0,0.0,0.0,1.0,78968.0,6333.0,0.9757575757575757,0,46.0,213.0,29336
8461232,2024-12-04 04:24:24+00:00,1,"[1, 1, 1, 1, 1, 1, 1, 1, 1, 1, 1, 1, 1, 1, 1, 1, 1, 1, 1, 1, 1, 1, 1, 1, 1, 1, 1, 1, 1, 1, 1, 1, 1, 1]","[1, 1, 1, 1, 1, 1, 1, 1, 1, 1, 1, 1, 1, 1, 1, 1, 1, 1, 1, 1, 1, 1, 1, 1, 1, 1, 1, 1, 1, 1, 1, 1, 1, 1, 1, 1, 1, 1, 1, 1, 1, 1, 1, 1, 1, 1]",23616.0,185.0,0.06350126705935122,-0.6114337137678488,-0.054488959167710314,0.2259612567881653,-0.06670879924340213,0.22755275636556374,-0.16547143701628758,0.4065249203285951,0.1740873916033103,0.0778669440877906,-0.07791647071836902,-0.09236929204096728,0.13238330771477913,0.47334886807418025,0.28748156146469017,0.13611650753568505,-0.12296996338010098,0.09263075257175206,0.02313302321270807,-0.008431530244752898,-0.039768111103099996,0.15904631144217646,-0.023487699131707573,0.22505449144967976,-0.053592719399028974,0.008044419973869708,6.717,0.0,1.0,468.0,1.0,162.0,14.0,1.0,0.0,3.0,99.0,1.0,1.0,0.9408764940239044,0.0,16.0,0.0,1.0,78968.0,6250.0,1.0,0,117.0,225.0,39505
8462700,2024-12-05 00:49:06+00:00,1,"[1, 1, 1, 1, 1, 1, 1, 1, 1]",,35639.0,410.0,0.06351979403843663,-0.6114337137678488,0.26094868650223196,0.2259612567881653,0.11939328962621384,0.22755275636556374,-0.14267212177429597,0.4065249203285951,0.1740873916033103,0.0778669440877906,-0.07791647071836902,-0.09236929204096728,0.13238330771477913,-0.10985411191684905,-0.03481326916714037,0.13611650753568505,0.06852539126647902,0.09263075257175206,0.02313302321270807,-0.008431530244752898,-0.039768111103099996,-0.05816090055260583,-0.023487699131707573,0.22505449144967976,0.015592503790590144,0.141236061144545,6.717,440.0,1.0,208.0,1.0,9.0,23.0,1.0,1.0,9.0,2.0,1.0,15.0,1.370625336512576,0.0,0.0,0.0,1.0,78968.0,5780.0,0.0,0,108.0,345.0,23090
8472514,2024-12-08 05:33:45+00:00,1,"[1, 0, 1, 0, 0, 0, 0, 0, 1, 0, 1, 0, 0, 0, 1, 1, 1, 0, 0, 1, 0, 1, 0, 0, 1, 0, 1, 0, 1, 1, 1, 1, 0, 0, 0, 1, 1, 1, 1, 0, 1, 1, 1, 1, 1, 1, 1, 1, 1, 1, 1, 0, 0, 0, 0, 1, 1, 1, 0, 1, 1, 1, 1, 1, 1, 1, 1, 1, 1, 1]","[1, 1, 1, 1, 1, 1, 1, 1, 1, 1, 1, 1, 1, 1, 1, 1, 1, 1, 1, 1, 1, 1, 1, 1, 1, 1, 1, 1, 1, 1, 1, 1, 1, 1, 1, 1, 1, 1, 1, 1, 1, 1, 1, 1, 1]",21604.0,600.0,0.06360977812003453,-0.6114337137678488,0.23990797722314114,0.2259612567881653,-0.05738860713727523,-0.05564041606933876,0.01584713069282676,-0.03231283449775203,-0.04317344340611509,0.0778669440877906,0.47611841736311766,-0.09236929204096728,-0.026172253256940618,0.14199482941539582,0.28748156146469017,0.13611650753568505,0.06852539126647902,0.09263075257175206,0.02313302321270807,-0.008431530244752898,-0.009607996814591997,0.15904631144217646,-0.023487699131707573,-0.016179347188425074,-0.053592719399028974,0.141236061144545,6.717,45.0,1.0,230.0,0.5142857142857142,5.0,3.0,0.6285714285714286,0.0,71.0,2.0,3.0,6.0,0.9212793176972282,0.0,0.0,0.0,1.0,2891.0,4101.0,1.0,0,22.0,288.0,18728
8465619,2024-12-06 02:09:42+00:00,1,"[1, 1, 1, 1, 1, 1, 1, 1, 1, 1, 1, 1, 1, 0, 0, 0, 1, 1, 1, 1, 1, 1, 1, 1]","[0, 1, 0, 1, 1, 1, 1, 1, 1, 1, 1, 1, 1, 1, 1, 1, 1, 1, 1, 1, 1, 1, 1, 1, 1]",26995.0,16317.0,0.06375867006439265,-0.6114337137678488,0.26094868650223196,0.2259612567881653,-0.06670879924340213,-0.07412946629464255,-0.16547143701628758,0.4065249203285951,-0.04317344340611509,0.0778669440877906,-0.07791647071836902,0.07090034106747711,0.13238330771477913,0.021081495765742912,0.28748156146469017,0.13611650753568505,-0.12296996338010098,0.09263075257175206,0.02313302321270807,-0.008431530244752898,-0.039768111103099996,0.15904631144217646,-0.023487699131707573,0.22505449144967976,0.2103895073799279,0.141236061144545,6.717,30295.0,1.0,332.0,0.3116666666666667,37.0,36.0,0.875,0.0,2.0,0.0,1.0,10.0,0.9938882957181252,0.0,1.0,0.0,1.0,11069.0,8286.099999999991,0.9876923076923076,0,85.0,424.0,5
8464149,2024-12-06 00:23:23+00:00,1,"[1, 1, 1, 1, 1, 1, 1, 1, 1, 1, 1, 1, 1, 1, 1, 1, 1, 1]","[1, 1, 1, 1, 1, 1, 1, 1, 1, 1, 1, 1, 1]",26051.0,891.0,0.06431039224888802,-0.6114337137678488,0.26094868650223196,0.004753338369163321,0.11939328962621384,0.22755275636556374,0.14385053025774988,0.4065249203285951,0.1740873916033103,0.0778669440877906,-0.07791647071836902,-0.0069440649306055586,0.13238330771477913,0.021081495765742912,-0.03481326916714037,-0.1482292857992833,0.06852539126647902,0.09263075257175206,0.02313302321270807,-0.008431530244752898,-0.039768111103099996,0.15904631144217646,0.04284707524103316,0.22505449144967976,-0.053592719399028974,-0.03707202918461854,6.717,2847.0,2.0,136.0,0.9116883116883117,4.0,14.0,1.0,1.0,4.0,1.0,1.0,11.0,1.173732822707817,1.0,0.0,0.0,1.0,78968.0,8286.099999999991,1.0,1,85.0,281.0,120305
8464122,2024-12-05 06:11:42+00:00,1,"[0, 0, 0, 0, 0, 0, 0, 0, 0, 0, 0, 0, 0, 0, 0, 0, 0, 0, 0, 0, 0, 0, 0, 0, 0, 0, 0, 0, 0, 0, 0, 0, 0, 0, 0, 0, 0, 0, 0, 0, 0, 0, 0, 0, 0, 0, 0, 0, 0, 0, 0, 0, 0, 0, 1, 1, 1, 1, 1, 1, 1, 1, 1, 1, 1, 1, 1, 1, 1, 1, 1, 0]","[0, 0, 0, 1, 1, 1, 1, 1, 1, 1, 1, 1, 1, 1, 1, 1, 1, 1, 1, 1, 1, 1, 1, 1]",18890.0,16317.0,0.0647712858985254,-0.6114337137678488,-0.054488959167710314,0.2259612567881653,0.41236787050388063,-0.07412946629464255,0.14385053025774988,-0.03231283449775203,-0.04317344340611509,0.0778669440877906,0.47611841736311766,0.07090034106747711,-0.026172253256940618,0.14199482941539582,0.28748156146469017,-0.1482292857992833,0.06852539126647902,0.09263075257175206,0.02313302321270807,-0.008431530244752898,-0.039768111103099996,0.15904631144217646,-0.023487699131707573,-0.016179347188425074,-0.053592719399028974,0.141236061144545,6.717,0.0,1.0,42.0,0.027777777777777776,4.0,0.0,0.2361111111111111,0.0,75.0,0.0,5.0,7.0,0.950440251572327,1.0,0.0,0.0,1.0,10165.0,4500.0,0.98,0,11.0,242.0,13447
8437387,2024-12-03 00:08:01+00:00,1,,,16764.0,16317.0,0.06533335532596454,-0.6114337137678488,-0.054488959167710314,0.2259612567881653,-0.05738860713727523,-0.07412946629464255,0.4194777125113977,0.4065249203285951,-0.04317344340611509,-0.048236128980226715,0.47611841736311766,-0.0069440649306055586,-0.026172253256940618,0.14199482941539582,0.28748156146469017,0.13611650753568505,0.06852539126647902,0.09263075257175206,0.02313302321270807,-0.008431530244752898,-0.009607996814591997,-0.05816090055260583,-0.023487699131707573,-0.016179347188425074,0.006896750883670848,0.008044419973869708,6.717,0.0,1.0,279.0,0.0,1.0,13.0,0.0,3.0,90.0,1.0,10.0,7.0,0.8596923076923076,0.0,0.0,0.0,1.0,8439.0,3800.0,0.0,0,0.0,298.0,43258
8461482,2024-12-04 05:31:15+00:00,1,"[1, 1, 1, 1, 1, 1, 1, 1, 1, 1, 1, 1, 1, 1, 1, 1, 1, 1, 1, 1, 1, 1]","[1, 1, 1, 1, 1, 1, 1, 1, 1, 1, 1, 1, 1]",45000.0,16317.0,0.06537225714236389,-0.6114337137678488,-0.054488959167710314,0.004753338369163321,-0.06670879924340213,0.22755275636556374,0.4194777125113977,0.4065249203285951,0.1740873916033103,0.0778669440877906,0.035324081286162975,-0.0069440649306055586,-0.026172253256940618,0.27517336419933297,-0.03481326916714037,0.13611650753568505,0.06852539126647902,0.09263075257175206,0.02313302321270807,-0.008431530244752898,-0.039768111103099996,0.15904631144217646,0.04284707524103316,-0.016179347188425074,0.2103895073799279,0.141236061144545,6.717,0.0,2.0,317.0,1.0,1.0,13.0,1.0,1.0,24.0,1.0,10.0,3.0,1.6,0.0,0.0,0.0,1.0,78968.0,8286.099999999991,1.0,1,3.0,495.0,0
8461505,2024-12-04 05:35:22+00:00,1,"[1, 1, 1, 1, 1, 1, 1, 1, 1, 1, 1, 1, 1, 0, 0, 1, 1, 1, 1, 1, 1, 1, 1, 1, 1, 1, 1, 1, 1, 1, 1, 1, 1, 1, 1, 1, 1, 1]","[1, 1, 1, 1, 1, 1, 1, 1, 1, 1, 1, 1, 1, 1, 1, 1, 1, 1, 1, 1, 1, 1]",33076.0,634.0,0.06570171320104043,-0.6114337137678488,-0.054488959167710314,0.2259612567881653,0.41236787050388063,0.22755275636556374,0.14385053025774988,0.030500288512228284,0.1740873916033103,-0.048236128980226715,0.08779149858909129,-0.0069440649306055586,0.13238330771477913,0.14199482941539582,0.16413019796925432,0.13611650753568505,0.06852539126647902,0.09263075257175206,0.02313302321270807,-0.008431530244752898,-0.039768111103099996,0.15904631144217646,-0.023487699131707573,-0.016179347188425074,-0.053592719399028974,0.141236061144545,6.717,0.0,1.0,26.0,0.7894736842105262,3.0,8.0,0.9473684210526315,3.0,32.0,1.0,1.0,6.0,1.0576197480335103,0.0,0.0,0.0,1.0,1023.0,7000.0,1.0,0,11.0,274.0,2
8436540,2024-12-01 14:52:42+00:00,0,"[1, 1, 0, 0, 1, 1, 1, 0, 1, 1, 1, 1, 1, 1, 1, 1, 1, 1, 1, 1, 1, 1, 1, 1, 1, 1, 1, 1, 1, 1]","[1, 1, 1, 1, 1, 1, 1, 1, 1, 1, 1, 1, 1, 1, 1, 1, 1, 1, 1, 1]",35244.0,659.0,0.06575550878218718,-0.6114337137678488,-0.054488959167710314,0.2259612567881653,0.41236787050388063,0.17561735485816402,-0.14267212177429597,0.030500288512228284,-0.04317344340611509,0.0778669440877906,-0.07791647071836902,0.07090034106747711,-0.026172253256940618,0.021081495765742912,0.16413019796925432,0.13611650753568505,0.06852539126647902,0.09263075257175206,-0.08168565936984104,-0.008431530244752898,0.08965056778496559,0.15904631144217646,0.04284707524103316,0.22505449144967976,0.2103895073799279,0.141236061144545,6.717,0.0,1.0,88.0,0.745,9.0,12.0,0.9,0.0,2.0,0.0,3.0,11.0,1.0488973542454094,0.0,0.0,0.0,329.0,1087.0,2500.0,1.0,1,53.0,439.0,24
8436497,2024-12-01 09:34:20+00:00,0,"[1, 1, 1, 1, 1, 1, 1, 1, 1, 1, 1, 1, 1, 1, 1, 1, 1, 1, 1, 1, 1, 1, 0, 0, 1, 1, 1, 1, 1, 1, 1, 1, 1, 1, 1, 1, 1, 1, 1, 1, 1, 1, 1]","[0, 0, 0, 0, 0, 1, 0, 0, 0, 0, 1, 1, 1, 1, 1, 0, 0, 1, 0, 0, 0, 0, 1, 1, 0, 0, 0, 0, 1, 1, 1, 0, 0, 1, 1, 0, 1, 0, 1, 0, 1, 0, 1, 1, 0, 1]",21327.0,412.0,0.0663369538018128,-0.6114337137678488,0.26094868650223196,0.004753338369163321,-0.06670879924340213,-0.07412946629464255,-0.043774865933036713,0.030500288512228284,0.1740873916033103,0.0778669440877906,-0.06544171956609646,-0.09236929204096728,0.13238330771477913,-0.10985411191684905,0.28748156146469017,0.13611650753568505,0.06852539126647902,0.09263075257175206,0.02313302321270807,0.12181209640599021,0.08965056778496559,-0.05816090055260583,0.04284707524103316,0.05393564252282038,0.2103895073799279,0.141236061144545,6.717,243.0,2.0,358.0,0.27831142568250755,7.0,7.0,0.9534883720930233,0.0,13.0,2.0,1.0,14.0,0.7642990252293578,0.0,0.0,0.0,1.0,187.0,2400.0,0.5041628122109159,1,50.0,447.0,6
8469451,2024-12-07 05:54:03+00:00,1,"[1, 1, 1, 1, 1, 1, 1, 1, 1, 1, 1, 1, 1, 1, 1, 1, 1, 1]","[1, 1, 1, 1, 1, 1, 1, 1, 1, 1, 1, 1, 1, 1, 1, 1, 1, 1, 1, 1, 1, 1]",29223.0,545.0,0.06667048350706763,-0.6114337137678488,0.26094868650223196,0.004753338369163321,-0.06670879924340213,0.22755275636556374,0.4194777125113977,0.030500288512228284,0.1740873916033103,0.0778669440877906,-0.07791647071836902,0.07090034106747711,0.13238330771477913,0.021081495765742912,0.28748156146469017,0.13611650753568505,0.06852539126647902,0.09263075257175206,0.02313302321270807,-0.008431530244752898,-0.039768111103099996,0.15904631144217646,-0.023487699131707573,0.22505449144967976,-0.053592719399028974,-0.0035377154089891926,6.717,928.0,2.0,302.0,1.0,1.0,11.0,1.0,0.0,8.0,0.0,1.0,9.0,0.9511147274206672,0.0,0.0,0.0,1.0,78968.0,5417.0,1.0,0,88.0,169.0,55000
8435104,2024-12-03 02:09:51+00:00,1,"[0, 1, 1, 1, 1, 1, 1, 1, 1, 1, 1, 1, 1, 1, 1, 1]","[1, 1, 1, 1, 1, 1, 1, 1, 1, 1, 1, 1, 1, 1, 1, 1, 1, 1, 1, 1, 1, 1, 1, 1, 1, 1, 1, 1, 1, 1, 1, 1, 1, 1, 1, 1, 1, 1, 1, 1, 1, 1, 1, 1, 1, 1, 1, 1, 1, 1, 1, 1, 1, 1, 1, 1, 1, 1, 1, 1, 1, 1, 1, 1, 1, 1, 1, 1, 1, 1, 1]",19587.0,16317.0,0.06677208128888797,-0.6114337137678488,0.23990797722314114,-0.1165395030712408,0.11939328962621384,0.17561735485816402,-0.14267212177429597,0.4065249203285951,-0.04317344340611509,0.0778669440877906,-0.07791647071836902,0.07090034106747711,0.13238330771477913,-0.10985411191684905,0.16413019796925432,0.13611650753568505,0.06852539126647902,0.09263075257175206,0.02313302321270807,-0.008431530244752898,-0.039768111103099996,0.15904631144217646,-0.023487699131707573,0.22505449144967976,0.2103895073799279,-0.0035377154089891926,6.717,23.0,3.0,158.0,0.7371751336898396,11.0,22.0,0.9375,1.0,10.0,0.0,1.0,15.0,1.0960214873258352,0.0,0.0,0.0,1.0,78968.0,5012.0,1.0,0,92.0,452.0,48950
8469975,2024-12-07 08:32:46+00:00,1,"[1, 1, 1, 1, 1, 1, 1, 1, 1, 1, 1, 1, 1, 1, 1, 1, 1, 1, 1, 1, 1, 1, 1, 1, 1, 1, 1, 1, 1, 1, 1, 1, 1, 1, 1, 1]",,26211.0,936.0,0.06791708968927684,-0.6114337137678488,-0.054488959167710314,0.2259612567881653,0.41236787050388063,0.22755275636556374,0.4194777125113977,-0.03231283449775203,0.1740873916033103,0.0778669440877906,-0.07791647071836902,0.07090034106747711,0.13238330771477913,0.14199482941539582,0.28748156146469017,0.13611650753568505,0.06852539126647902,0.09263075257175206,0.02313302321270807,-0.008431530244752898,-0.039768111103099996,-0.05816090055260583,-0.023487699131707573,-0.016179347188425074,-0.053592719399028974,0.141236061144545,6.717,0.0,1.0,62.0,1.0,1.0,4.0,1.0,0.0,2.0,0.0,1.0,6.0,0.802443056576047,0.0,0.0,0.0,1.0,78968.0,4500.0,0.0,0,31.0,76.0,16351
8462912,2024-12-05 01:25:35+00:00,0,,"[0, 0, 0, 0, 0, 0, 0, 0, 0, 0, 1, 0, 0, 0, 0, 0, 1, 1, 1, 1, 1, 0, 1, 1, 1, 0, 0, 0, 0, 0, 1, 1, 1, 1, 0, 0, 0, 0, 1, 1, 1, 1, 1, 1, 1, 1, 1, 1, 1]",20070.0,16317.0,0.06801445899165356,-0.6114337137678488,0.26094868650223196,0.2259612567881653,-0.05738860713727523,-0.07412946629464255,0.1880244731129659,0.4065249203285951,-0.04317344340611509,0.0778669440877906,-0.07791647071836902,0.07090034106747711,-0.026172253256940618,0.021081495765742912,-0.03481326916714037,0.13611650753568505,0.06852539126647902,0.09263075257175206,0.02313302321270807,-0.008431530244752898,0.08965056778496559,-0.05816090055260583,0.04284707524103316,0.22505449144967976,0.2103895073799279,-0.018828211620055532,6.717,147.0,1.0,230.0,0.02040816326530612,2.0,16.0,0.0,1.0,3.0,0.0,10.0,10.0,1.2,0.0,0.0,0.0,1.0,78968.0,2000.0,0.6465306122448979,1,65.0,441.0,94238
8439545,2024-12-03 08:14:37+00:00,1,"[1, 1, 1, 1]","[1, 1, 1, 1, 1, 1, 1, 1, 1, 1, 1, 1, 1, 1]",17529.0,355.0,0.06806604871399938,-0.6114337137678488,0.26094868650223196,0.004753338369163321,-0.06670879924340213,0.22755275636556374,0.1880244731129659,0.4065249203285951,0.1740873916033103,0.0778669440877906,-0.07791647071836902,-0.0069440649306055586,0.13238330771477913,0.021081495765742912,-0.03481326916714037,-0.1482292857992833,0.06852539126647902,0.09263075257175206,0.02313302321270807,-0.008431530244752898,-0.039768111103099996,0.15904631144217646,-0.023487699131707573,0.22505449144967976,0.13525803582801485,-0.018828211620055532,6.717,286.0,2.0,362.0,1.0,2.0,19.0,1.0,0.0,6.0,1.0,1.0,11.0,1.2301052631578948,1.0,0.0,0.0,1.0,78968.0,4800.0,1.0,0,57.0,412.0,85649
8466945,2024-12-06 07:19:18+00:00,1,"[1, 1, 1, 1, 1, 0, 1, 1, 1, 1, 1, 1, 1, 0, 0, 1, 1, 1, 1, 1, 1, 1, 1, 1, 1, 1, 1, 1, 1, 1, 1, 1, 1, 1, 1, 1, 1, 1, 1, 1, 1, 1, 1, 1, 1]","[1, 1, 1, 1, 1, 1, 1, 1, 1, 1, 1, 1, 1, 1, 1, 1, 1, 1, 1, 1, 1, 1, 1, 1, 1, 1, 1, 1, 1, 1, 1, 1, 1, 1, 1, 1, 1, 1, 1, 1, 1, 1, 1, 1, 1, 1, 1, 1, 1, 1, 1, 1, 1, 1]",35539.0,759.0,0.06853610037987931,-0.6114337137678488,-0.054488959167710314,0.2259612567881653,0.11939328962621384,0.17561735485816402,0.14385053025774988,0.030500288512228284,-0.04317344340611509,0.0778669440877906,0.08779149858909129,-0.0069440649306055586,-0.026172253256940618,0.47334886807418025,0.28748156146469017,0.13611650753568505,0.06852539126647902,0.09263075257175206,0.02313302321270807,-0.008431530244752898,-0.039768111103099996,0.15904631144217646,-0.023487699131707573,0.05393564252282038,0.13525803582801485,0.008044419973869708,6.717,0.0,1.0,186.0,0.7111111111111111,4.0,8.0,0.9333333333333333,0.0,31.0,1.0,2.0,2.0,0.9254947916666667,0.0,0.0,0.0,1.0,1422.0,5800.0,1.0,0,47.0,385.0,40562
8460206,2024-12-04 00:27:34+00:00,1,"[1, 1, 1, 1]","[1, 1, 1, 1, 1, 1, 1, 1, 1, 1, 1, 1, 1, 1]",20900.0,355.0,0.06961987560402981,-0.6114337137678488,0.26094868650223196,0.004753338369163321,-0.06670879924340213,0.22755275636556374,0.1880244731129659,0.4065249203285951,0.1740873916033103,0.0778669440877906,-0.07791647071836902,-0.0069440649306055586,0.13238330771477913,-0.10985411191684905,-0.03481326916714037,-0.1482292857992833,0.06852539126647902,0.09263075257175206,0.02313302321270807,-0.008431530244752898,-0.039768111103099996,0.15904631144217646,0.04284707524103316,0.22505449144967976,0.13525803582801485,0.008044419973869708,6.717,286.0,2.0,362.0,1.0,2.0,19.0,1.0,0.0,6.0,1.0,1.0,14.0,1.316535433070866,1.0,0.0,0.0,1.0,78968.0,4800.0,1.0,1,57.0,412.0,31007
8459771,2024-12-03 21:42:05+00:00,1,"[1, 1, 1, 1, 1, 1, 1, 1, 1, 1, 1, 1, 1, 1, 1, 1, 1, 1, 1, 1, 1, 1, 1, 1, 1, 1]","[1, 1, 1, 1, 1]",40000.0,560.0,0.07061009535884757,-0.6114337137678488,0.26094868650223196,0.2259612567881653,-0.06670879924340213,0.22755275636556374,0.14385053025774988,0.030500288512228284,0.1740873916033103,0.0778669440877906,-0.07791647071836902,-0.09236929204096728,0.13238330771477913,0.27517336419933297,0.16413019796925432,0.13611650753568505,0.06852539126647902,0.09263075257175206,0.02313302321270807,-0.008431530244752898,-0.039768111103099996,0.15904631144217646,-0.023487699131707573,0.05393564252282038,-0.053592719399028974,0.008044419973869708,6.717,10917.0,1.0,352.0,0.8379629629629629,3.0,7.0,1.0,0.0,3.0,2.0,1.0,3.0,1.0652463382157125,0.0,0.0,0.0,1.0,78968.0,8286.099999999991,1.0,0,43.0,268.0,36981
8471332,2024-12-08 01:43:26+00:00,0,"[1, 1, 1, 1, 1, 1, 1, 1, 1, 1, 1]","[1, 1, 1, 1, 1, 1, 1, 1, 1, 1, 1, 1, 1, 1, 1, 1, 1, 1, 0, 1, 1, 1, 1, 1, 1, 1, 1, 1, 1, 1, 1, 1, 1, 1, 1, 1, 1, 1]",17095.0,475.0,0.07086880755173003,-0.6114337137678488,0.26094868650223196,-0.1165395030712408,0.11939328962621384,0.22755275636556374,0.1880244731129659,0.030500288512228284,0.1740873916033103,0.0778669440877906,-0.07791647071836902,-0.0069440649306055586,0.13238330771477913,-0.2062583476798761,-0.03481326916714037,0.13611650753568505,0.06852539126647902,0.09263075257175206,0.02313302321270807,-0.008431530244752898,0.08965056778496559,0.15904631144217646,0.04284707524103316,0.22505449144967976,0.2103895073799279,-0.018828211620055532,6.717,720.0,3.0,138.0,0.8333333333333334,2.0,11.0,1.0,0.0,5.0,1.0,1.0,22.0,1.4349869890036095,0.0,0.0,0.0,1.0,78968.0,2418.0,0.9743589743589743,1,54.0,479.0,79250
8470787,2024-12-08 00:15:11+00:00,0,"[1, 1, 1, 1, 1, 1, 1, 1, 1, 1, 1, 1, 1, 1, 1, 1, 0]","[1, 1, 1, 1, 1, 0, 1, 1, 1, 1, 1, 1, 1, 1, 1, 1, 1, 1, 1, 1, 1, 1, 1, 1, 1, 1, 1, 1, 1, 1, 1, 1, 1, 1, 1, 1]",35000.0,575.0,0.07103043440307907,-0.6114337137678488,0.26094868650223196,0.004753338369163321,0.41236787050388063,0.17561735485816402,0.14385053025774988,0.030500288512228284,0.1740873916033103,-0.4142474070967134,-0.06544171956609646,0.07090034106747711,0.13238330771477913,0.08251752792097579,0.28748156146469017,-0.1482292857992833,0.06852539126647902,-0.3012493410357806,-0.08168565936984104,-0.008431530244752898,0.08965056778496559,0.15904631144217646,0.04284707524103316,0.05393564252282038,-0.053592719399028974,0.141236061144545,6.717,553.0,2.0,124.0,0.6385964912280702,3.0,12.0,0.9411764705882353,5.0,17.0,0.0,1.0,8.0,0.45456906852304013,1.0,0.0,1.0,329.0,4801.0,0.0,0.990990990990991,1,36.0,109.0,100
8472335,2024-12-08 04:50:01+00:00,1,"[1, 1, 1, 1, 1, 1, 1, 1, 1, 1, 1, 1, 1, 1, 1, 1, 1, 1, 1, 1, 1, 1, 1, 1, 1, 1, 1, 1, 1, 1, 1, 1, 0, 0, 1, 1, 1, 0, 1, 1, 1, 1, 1, 1, 1]","[1, 1, 1, 1, 1, 1, 1, 1, 1, 1, 1, 1, 1, 1, 1, 1, 1, 1, 1, 1, 1, 1, 1, 1, 1, 1, 1, 1, 1, 1, 1, 1, 1, 1]",31382.0,525.0,0.07172040010226961,-0.6114337137678488,0.26094868650223196,0.2259612567881653,0.11939328962621384,0.22755275636556374,-0.14267212177429597,-0.03231283449775203,-0.04317344340611509,0.0778669440877906,-0.06544171956609646,-0.09236929204096728,0.13238330771477913,0.021081495765742912,0.28748156146469017,0.13611650753568505,0.06852539126647902,0.09263075257175206,0.02313302321270807,-0.008431530244752898,-0.039768111103099996,0.15904631144217646,-0.023487699131707573,-0.016179347188425074,0.2103895073799279,0.141236061144545,6.717,344.0,1.0,175.0,0.7930555555555556,9.0,4.0,0.9333333333333333,0.0,13.0,2.0,1.0,10.0,0.918407960199005,0.0,0.0,0.0,1.0,1289.0,5763.0,1.0,0,12.0,447.0,4
8460722,2024-12-04 02:28:14+00:00,1,"[1, 1, 1, 1, 0, 1, 1, 1, 1, 1, 1, 1, 1, 1, 1, 1, 1, 1, 1, 1, 1, 1, 1, 1, 1, 1, 1, 1, 1, 1, 1, 1, 1, 1]",[1],22362.0,416.0,0.071872359536203,-0.6114337137678488,-0.054488959167710314,0.2259612567881653,0.41236787050388063,0.22755275636556374,-0.16547143701628758,-0.03231283449775203,0.1740873916033103,0.0778669440877906,0.08779149858909129,-0.09236929204096728,-0.026172253256940618,0.27517336419933297,0.28748156146469017,-0.1482292857992833,-0.12296996338010098,0.09263075257175206,0.02313302321270807,-0.008431530244752898,-0.009607996814591997,0.15904631144217646,-0.023487699131707573,0.05393564252282038,-0.053592719399028974,0.008044419973869708,6.717,0.0,1.0,122.0,0.7867647058823529,162.0,3.0,0.9705882352941176,0.0,30.0,99.0,2.0,3.0,0.9240495867768596,1.0,16.0,0.0,1.0,78968.0,4131.0,1.0,0,41.0,238.0,41542
8470862,2024-12-08 00:27:42+00:00,1,"[1, 1, 1, 1, 1, 1, 1, 1, 1, 1, 1, 1, 1, 1, 1]","[1, 1, 0, 1, 1, 1, 1, 1, 1, 1, 1, 0, 0, 1, 1, 1, 1, 1, 1]",17453.0,568.0,0.07275818187936896,-0.6114337137678488,-0.054488959167710314,0.004753338369163321,-0.05738860713727523,0.22755275636556374,-0.043774865933036713,0.4065249203285951,0.1740873916033103,0.0778669440877906,-0.07791647071836902,0.07090034106747711,0.13238330771477913,-0.15334582495827825,0.28748156146469017,0.13611650753568505,0.06852539126647902,0.09263075257175206,0.02313302321270807,-0.008431530244752898,-0.009607996814591997,-0.05484988672575293,0.04284707524103316,0.05393564252282038,0.2103895073799279,0.141236061144545,6.717,0.0,2.0,237.0,0.8669590643274854,7.0,23.0,1.0,1.0,7.0,0.0,1.0,18.0,0.6232101410462417,0.0,0.0,0.0,1.0,78968.0,3667.0,0.8526315789473684,1,45.0,470.0,35
8467061,2024-12-06 08:17:54+00:00,0,"[1, 1, 1, 1, 1, 1, 1, 1, 1, 1, 1, 1, 1, 1, 1, 1, 1, 1, 1, 1, 1, 1, 1]","[1, 1, 1, 1, 1, 1, 1, 1, 1, 1, 1, 1, 1, 1]",26503.0,167.0,0.07443503417849189,-0.6114337137678488,0.26094868650223196,0.004753338369163321,0.11939328962621384,0.22755275636556374,-0.16547143701628758,-0.03231283449775203,0.1740873916033103,0.0778669440877906,-0.07791647071836902,0.07090034106747711,-0.026172253256940618,-0.15334582495827825,0.28748156146469017,-0.1482292857992833,0.06852539126647902,0.09263075257175206,0.02313302321270807,-0.008431530244752898,-0.039768111103099996,0.15904631144217646,0.04284707524103316,0.22505449144967976,-0.053592719399028974,0.141236061144545,6.717,300.0,2.0,168.0,1.0,22.0,5.0,1.0,0.0,7.0,0.0,2.0,19.0,0.9626253087316577,1.0,0.0,0.0,1.0,2690.0,5595.0,1.0,1,66.0,74.0,15
8463867,2024-12-05 05:04:51+00:00,1,,,24528.0,16317.0,0.07548234709808135,-0.6114337137678488,0.26094868650223196,0.2259612567881653,-0.06670879924340213,-0.07412946629464255,-0.14267212177429597,0.4065249203285951,-0.04317344340611509,0.0778669440877906,-0.07791647071836902,0.07090034106747711,-0.026172253256940618,0.021081495765742912,0.28748156146469017,0.13611650753568505,0.06852539126647902,0.09263075257175206,0.02313302321270807,-0.008431530244752898,-0.039768111103099996,-0.05816090055260583,-0.023487699131707573,0.22505449144967976,-0.053592719399028974,0.008044419973869708,6.717,2800.0,1.0,330.0,0.0,13.0,13.0,0.0,0.0,6.0,0.0,10.0,9.0,0.4669776297001428,0.0,0.0,0.0,1.0,78968.0,5200.0,0.0,0,83.0,142.0,42126
8461482,2024-12-04 05:31:15+00:00,0,,"[1, 1, 1, 1, 1, 1, 1, 1, 1, 1, 1, 1, 1, 1, 1, 1, 1, 1, 1, 1, 1, 1, 1, 1, 1, 1, 1, 1, 1, 1, 1, 1, 1, 1, 1, 1, 1, 1]",45000.0,16317.0,0.07558093205838547,-0.6114337137678488,-0.054488959167710314,0.2259612567881653,-0.05738860713727523,0.22755275636556374,0.14385053025774988,0.4065249203285951,-0.04317344340611509,0.0778669440877906,-0.06544171956609646,-0.09236929204096728,-0.026172253256940618,0.25953741616204173,-0.03481326916714037,0.13611650753568505,0.06852539126647902,0.09263075257175206,-0.08168565936984104,-0.008431530244752898,0.08965056778496559,0.15904631144217646,0.04284707524103316,-0.016179347188425074,0.2103895073799279,0.141236061144545,6.717,0.0,1.0,243.0,1.0,4.0,18.0,0.0,1.0,17.0,2.0,10.0,4.0,1.6,0.0,0.0,0.0,329.0,78968.0,0.0,1.0,1,15.0,438.0,0
8469982,2024-12-07 08:44:01+00:00,1,"[1, 0, 1, 0, 0, 0, 0, 1, 0, 1, 0, 1, 0, 0, 1, 1, 0, 0, 1, 0, 0, 1, 0, 1, 1, 1, 1, 1, 1, 1, 1, 1, 1, 1, 1, 1, 1, 1, 1, 1, 1, 1, 1, 1, 1, 1, 1, 1, 1, 1, 1, 1, 1, 1, 1, 1, 1, 1]","[1, 1, 1, 1, 1, 1, 1, 0, 1, 0, 1, 1, 1, 1, 1, 1, 1, 1, 1, 1, 1, 1, 1, 1, 1, 1, 0, 1, 1, 1, 1, 1, 1, 1, 1, 1, 1, 1, 1, 1, 1, 1, 1, 1, 1, 1, 1, 1, 1, 1, 1, 1, 1, 1, 1, 1, 1, 1, 1, 1, 1, 1, 1, 1]",29084.0,650.0,0.076425244151472,-0.6114337137678488,0.23990797722314114,0.004753338369163321,-0.05738860713727523,-0.07412946629464255,0.01584713069282676,0.4065249203285951,-0.04317344340611509,0.0778669440877906,-0.06544171956609646,0.07090034106747711,-0.026172253256940618,-0.2062583476798761,0.28748156146469017,0.13611650753568505,0.06852539126647902,0.09263075257175206,0.02313302321270807,-0.008431530244752898,-0.039768111103099996,0.15904631144217646,-0.023487699131707573,0.22505449144967976,0.015592503790590144,0.008044419973869708,6.717,40.0,2.0,266.0,0.38649425287356326,5.0,24.0,0.7586206896551724,0.0,15.0,0.0,2.0,22.0,0.9842301184433164,0.0,0.0,0.0,1.0,810.0,5344.0,0.9783653846153846,0,90.0,316.0,25760
8462785,2024-12-05 00:55:40+00:00,0,[],"[1, 1, 1, 1, 1, 1, 1, 1, 1, 1, 1, 1, 1, 1, 1, 1, 1, 1, 1, 1, 1, 1]",14932.0,428.0,0.07671539508904603,-0.6114337137678488,0.26094868650223196,0.004753338369163321,-0.05738860713727523,0.22755275636556374,0.01584713069282676,0.030500288512228284,-0.04317344340611509,0.0778669440877906,-0.07791647071836902,0.07090034106747711,0.13238330771477913,0.021081495765742912,0.28748156146469017,-0.1482292857992833,0.06852539126647902,0.09263075257175206,0.02313302321270807,-0.008431530244752898,0.08965056778496559,0.15904631144217646,0.04284707524103316,-0.016179347188425074,0.2103895073799279,0.008044419973869708,6.717,568.0,2.0,275.0,1.0,5.0,11.0,0.0,0.0,2.0,0.0,1.0,10.0,0.6394860813704497,1.0,0.0,0.0,1.0,707.0,2000.0,1.0,1,30.0,435.0,45250
8470862,2024-12-08 00:27:42+00:00,0,"[1, 1, 1, 1, 1, 1, 1, 1, 1, 1, 1, 1, 1, 1, 1]","[1, 1, 0, 1, 1, 1, 1, 1, 1, 1, 1, 0, 0, 1, 1, 1, 1, 1, 1]",17453.0,568.0,0.07744464217558833,-0.6114337137678488,-0.054488959167710314,-0.23295731524514138,-0.05738860713727523,0.22755275636556374,0.14385053025774988,0.4065249203285951,0.1740873916033103,0.0778669440877906,-0.07791647071836902,0.07090034106747711,0.13238330771477913,-0.15334582495827825,0.28748156146469017,-0.1482292857992833,0.06852539126647902,0.09263075257175206,0.02313302321270807,-0.008431530244752898,0.04544625733308562,-0.05484988672575293,0.04284707524103316,0.05393564252282038,0.2103895073799279,0.141236061144545,6.717,0.0,4.0,251.0,0.8796992481203008,3.0,20.0,1.0,1.0,3.0,0.0,1.0,17.0,0.6232101410462417,1.0,0.0,0.0,1.0,78968.0,3226.0,0.8526315789473684,1,37.0,499.0,35
8437601,2024-12-03 00:58:24+00:00,1,"[1, 1, 1, 1, 1, 1, 1, 1, 1, 1, 1, 1]","[0, 1, 1, 1, 1, 1, 1, 1, 1, 1, 1, 1, 1, 1, 1, 1, 1, 1, 1, 1, 1, 1, 1, 1, 1, 1, 1, 1, 1, 1, 1, 1, 1, 1, 1, 1, 1, 1, 1, 1, 1, 1, 1, 1, 1, 1, 1, 1, 1, 1, 1, 1, 1, 1, 1, 1, 1, 1, 1, 1, 1, 1, 1, 1, 1, 1, 1, 1, 1, 1, 1, 1, 1, 1, 1, 1, 1]",24922.0,822.0,0.07765680138507025,-0.6114337137678488,0.26094868650223196,0.2259612567881653,-0.05738860713727523,0.22755275636556374,-0.16547143701628758,0.4065249203285951,0.1740873916033103,0.0778669440877906,-0.07791647071836902,-0.09236929204096728,0.13238330771477913,0.08251752792097579,-0.03481326916714037,0.13611650753568505,-0.12296996338010098,0.09263075257175206,-0.08168565936984104,-0.008431530244752898,-0.009607996814591997,0.15904631144217646,-0.023487699131707573,0.22505449144967976,0.015592503790590144,-0.018828211620055532,6.717,11309.0,1.0,232.0,0.8025974025974026,162.0,25.0,1.0,0.0,7.0,99.0,1.0,8.0,1.1416399450297756,0.0,16.0,0.0,329.0,78968.0,3500.0,0.9996669996669997,0,59.0,317.0,63286
8462388,2024-12-04 23:23:13+00:00,1,"[1, 1, 1, 1, 1, 1, 1, 1, 1, 1, 1, 1, 1, 1, 1, 1, 1, 1, 1, 1, 1, 1, 1, 1, 1, 1, 1, 1, 1, 1, 1, 1, 1, 1, 1, 1, 1, 1, 1, 1, 1, 1, 1, 1, 1, 0, 1]","[0, 0, 0, 0, 0, 1, 1, 1, 0, 1, 1, 1, 1, 1, 1, 1]",23339.0,367.0,0.07805489712154656,-0.6114337137678488,0.26094868650223196,-0.1165395030712408,-0.06670879924340213,0.17561735485816402,-0.14267212177429597,0.4065249203285951,0.1740873916033103,0.0778669440877906,-0.07791647071836902,0.07090034106747711,0.13238330771477913,-0.01066169917084148,0.28748156146469017,-0.1482292857992833,0.06852539126647902,-0.3012493410357806,-0.08168565936984104,-0.008431530244752898,-0.039768111103099996,-0.05484988672575293,0.04284707524103316,0.22505449144967976,0.2103895073799279,-0.0035377154089891926,6.717,223.0,3.0,358.0,0.6155096381160211,12.0,14.0,0.9787234042553191,0.0,6.0,0.0,1.0,13.0,0.9973079223997949,1.0,0.0,1.0,329.0,78968.0,6000.0,0.8235294117647058,1,104.0,491.0,49867
8461819,2024-12-04 07:03:04+00:00,1,,"[0, 0, 0, 0, 0, 1, 1, 1, 1, 1, 1, 1, 1, 1, 1, 1, 1, 1, 1, 1, 1, 1, 1, 1, 1, 1, 1, 1, 0, 1, 1, 1, 1, 1, 1, 1, 1, 1, 1, 1, 1, 1, 1, 1, 1, 1, 1]",16769.0,16317.0,0.07817245615304622,-0.6114337137678488,0.26094868650223196,0.2259612567881653,-0.06670879924340213,-0.05564041606933876,0.1880244731129659,-0.03231283449775203,-0.04317344340611509,0.0778669440877906,0.2659552272166623,-0.0069440649306055586,-0.026172253256940618,0.25953741616204173,0.16413019796925432,0.13611650753568505,0.06852539126647902,0.09263075257175206,0.02313302321270807,-0.008431530244752898,-0.039768111103099996,0.15904631144217646,-0.023487699131707573,-0.016179347188425074,-0.053592719399028974,0.141236061144545,6.717,1122.0,1.0,433.0,0.5106382978723404,2.0,4.0,0.0,0.0,46.0,1.0,8.0,4.0,1.0483901219130978,0.0,0.0,0.0,16.0,78968.0,5292.0,0.9609929078014184,0,12.0,283.0,24300
8437083,2024-12-02 22:31:07+00:00,1,"[1, 1, 1, 1, 1, 1, 1, 1, 1, 1, 1, 1, 1, 1, 1, 1, 1, 1, 1, 1, 1, 1, 1, 1, 1, 1, 1, 1, 1, 1, 1]","[1, 1, 1, 1, 1, 1, 1, 1, 1, 1, 1, 1, 1, 1, 1, 1, 1, 1, 1, 1, 1, 1, 1, 1, 1, 1, 1, 1, 1, 1, 1, 1]",25290.0,618.0,0.0784157142096023,-0.6114337137678488,-0.054488959167710314,0.2259612567881653,-0.05738860713727523,0.22755275636556374,-0.14267212177429597,0.4065249203285951,0.1740873916033103,0.0778669440877906,-0.07791647071836902,-0.0069440649306055586,-0.026172253256940618,0.14199482941539582,0.28748156146469017,-0.1482292857992833,0.06852539126647902,-0.3012493410357806,0.02313302321270807,-0.008431530244752898,-0.039768111103099996,0.15904631144217646,-0.023487699131707573,0.22505449144967976,-0.053592719399028974,0.008044419973869708,6.717,0.0,1.0,250.0,1.0,10.0,13.0,1.0,0.0,5.0,1.0,2.0,6.0,0.8138374899436847,1.0,0.0,1.0,1.0,78968.0,4750.0,1.0,0,105.0,207.0,40700
8467902,2024-12-07 00:39:22+00:00,1,"[1, 1, 1, 1, 1, 1, 1, 1]","[1, 1, 1, 1, 1, 1, 1, 1, 1, 1, 1, 1]",31061.0,541.0,0.07863962834431572,-0.6114337137678488,0.26094868650223196,0.2259612567881653,-0.06670879924340213,0.22755275636556374,0.4194777125113977,0.030500288512228284,0.1740873916033103,0.0778669440877906,-0.07791647071836902,-0.0069440649306055586,0.13238330771477913,0.08251752792097579,0.16413019796925432,-0.1482292857992833,0.06852539126647902,0.09263075257175206,0.02313302321270807,-0.008431530244752898,-0.039768111103099996,0.15904631144217646,-0.023487699131707573,0.05393564252282038,-0.053592719399028974,-0.018828211620055532,6.717,11523.0,1.0,366.0,1.0,1.0,8.0,1.0,0.0,2.0,1.0,1.0,8.0,1.069225473321859,1.0,0.0,0.0,1.0,78968.0,4950.0,1.0,0,49.0,142.0,79025
8462932,2024-12-07 01:07:27+00:00,1,"[1, 1, 0, 1, 0, 1, 1, 1, 1, 1, 1, 1, 1, 1, 1, 0, 1, 1, 1, 1, 1, 0, 0, 0, 0, 0, 1, 1, 1, 1, 1, 1, 1, 1, 1, 1, 1, 1, 1, 1, 1, 1, 1, 1, 1, 1, 1, 1, 1, 1, 1, 1]",,36085.0,330.0,0.0788238775858294,-0.6114337137678488,0.26094868650223196,-0.5083517388880758,0.11939328962621384,-0.07412946629464255,0.4194777125113977,0.4065249203285951,-0.04317344340611509,0.0778669440877906,0.2659552272166623,-0.0069440649306055586,-0.026172253256940618,0.47334886807418025,-0.03481326916714037,0.13611650753568505,0.06852539126647902,0.09263075257175206,0.02313302321270807,-0.008431530244752898,-0.039768111103099996,-0.05816090055260583,-0.023487699131707573,0.05393564252282038,-0.053592719399028974,0.008044419973869708,6.717,647.0,35.0,166.0,0.057692307692307696,1.0,14.0,0.8461538461538461,0.0,39.0,1.0,2.0,0.0,1.1466476008897362,0.0,0.0,0.0,1.0,11620.0,8166.0,0.0,0,40.0,178.0,45887
8436540,2024-12-01 14:52:42+00:00,1,"[1, 1, 1, 1, 1, 1, 1, 1, 1, 1, 1, 1, 1, 1, 1, 1, 1, 1, 1, 1, 1, 1, 1, 1, 1, 1, 1, 1, 1, 1, 1, 1, 1, 1, 1, 1, 1, 1, 1, 1]",,35244.0,665.0,0.07898035572624616,-0.6114337137678488,0.23990797722314114,0.2259612567881653,0.41236787050388063,0.22755275636556374,-0.16547143701628758,-0.03231283449775203,0.1740873916033103,0.0778669440877906,-0.07791647071836902,-0.09236929204096728,0.13238330771477913,0.021081495765742912,0.16413019796925432,0.13611650753568505,-0.12296996338010098,0.09263075257175206,-0.08168565936984104,-0.008431530244752898,-0.039768111103099996,-0.05816090055260583,0.04284707524103316,-0.016179347188425074,0.13525803582801485,0.141236061144545,6.717,90.0,1.0,56.0,1.0,162.0,6.0,1.0,0.0,2.0,99.0,1.0,10.0,1.0488973542454094,0.0,16.0,0.0,329.0,964.0,4500.0,0.0,1,13.0,416.0,24
8469524,2024-12-07 06:06:13+00:00,1,"[1, 1, 1, 1, 1, 1, 1, 1, 1, 1, 1, 1, 1]","[1, 1, 1, 1, 1, 1, 1, 1, 1, 1, 1, 1, 1, 1, 1, 1, 1, 1, 1, 1, 1, 1, 1, 1, 1, 1, 1, 1, 1, 1, 1, 1, 1, 1, 1, 1, 1, 1, 1, 1, 1, 1, 1, 1, 1, 1, 1, 1, 1, 1, 1, 1, 1, 1, 1, 1, 1, 1, 1, 1, 1, 1, 1, 1, 1, 1]",12068.0,578.0,0.080047858597414,-0.6114337137678488,0.26094868650223196,0.004753338369163321,0.41236787050388063,0.22755275636556374,-0.16547143701628758,-0.03231283449775203,0.1740873916033103,0.0778669440877906,-0.07791647071836902,-0.09236929204096728,0.13238330771477913,0.14199482941539582,-0.03481326916714037,0.13611650753568505,-0.12296996338010098,0.09263075257175206,-0.08168565936984104,-0.008431530244752898,0.04544625733308562,0.15904631144217646,0.04284707524103316,-0.016179347188425074,0.2103895073799279,-0.018828211620055532,6.717,223.0,2.0,94.0,1.0,162.0,3.0,1.0,0.0,3.0,99.0,1.0,6.0,1.2409254498714652,0.0,16.0,0.0,329.0,727.0,3200.0,1.0,1,21.0,588.0,84258
8471083,2024-12-08 01:06:55+00:00,1,"[1, 1, 1, 1, 1, 1, 1, 1, 1, 1]",,20146.0,496.0,0.08022025480760983,-0.6114337137678488,0.26094868650223196,-0.23295731524514138,0.41236787050388063,0.22755275636556374,0.01584713069282676,-0.03231283449775203,0.1740873916033103,0.0778669440877906,-0.07791647071836902,0.07090034106747711,0.13238330771477913,-0.15334582495827825,0.28748156146469017,-0.1482292857992833,0.06852539126647902,0.09263075257175206,0.02313302321270807,-0.008431530244752898,-0.009607996814591997,-0.05816090055260583,-0.023487699131707573,-0.016179347188425074,-0.053592719399028974,0.141236061144545,6.717,135.0,5.0,91.0,1.0,6.0,1.0,1.0,0.0,2.0,0.0,1.0,19.0,0.537829035186075,1.0,0.0,0.0,1.0,78968.0,3879.0,0.0,0,10.0,30.0,11
8465614,2024-12-06 02:04:07+00:00,1,"[1, 0, 1, 1, 1, 1, 1, 1, 1, 1, 1, 1, 1, 1, 1]","[1, 1, 1, 1, 1, 1, 1, 1, 1, 1]",64478.0,982.0,0.0811393499941765,-0.6114337137678488,-0.054488959167710314,-0.1165395030712408,0.11939328962621384,-0.05564041606933876,0.01584713069282676,0.4065249203285951,-0.04317344340611509,0.0778669440877906,-0.06544171956609646,0.07090034106747711,-0.026172253256940618,-0.01066169917084148,0.16413019796925432,0.13611650753568505,0.06852539126647902,0.09263075257175206,0.02313302321270807,-0.008431530244752898,-0.039768111103099996,0.15904631144217646,0.04284707524103316,0.22505449144967976,0.2103895073799279,0.141236061144545,6.717,18.0,3.0,184.0,0.474974069041784,6.0,15.0,0.9333333333333333,0.0,15.0,0.0,2.0,13.0,1.0954282122288101,0.0,0.0,0.0,1.0,1237.0,5320.0,1.0,1,112.0,452.0,1
8437831,2024-12-03 01:53:02+00:00,1,,,19511.0,16317.0,0.08167486684036188,-0.6114337137678488,0.23990797722314114,-0.23295731524514138,-0.06670879924340213,-0.07412946629464255,0.14385053025774988,0.4065249203285951,-0.04317344340611509,0.0778669440877906,-0.07791647071836902,0.07090034106747711,-0.026172253256940618,-0.01066169917084148,0.28748156146469017,0.13611650753568505,0.06852539126647902,0.09263075257175206,0.02313302321270807,-0.008431530244752898,-0.009607996814591997,-0.05816090055260583,-0.023487699131707573,0.22505449144967976,-0.053592719399028974,0.141236061144545,6.717,42.0,4.0,395.0,0.0,4.0,13.0,0.0,0.0,7.0,0.0,10.0,13.0,0.78044,0.0,0.0,0.0,1.0,78968.0,4200.0,0.0,0,71.0,156.0,12
8464735,2024-12-06 00:44:09+00:00,1,"[1, 1, 1, 0, 1, 1, 1, 1, 1, 1, 1, 1, 1, 1, 1, 1, 1, 1, 1, 1, 1, 1, 1, 1, 1, 1, 1, 1, 1, 1, 1, 1, 1]","[0, 0, 0, 1, 1, 1, 1, 1, 1, 1, 1, 1, 1, 1, 1, 1, 1, 1, 1, 1, 1, 1]",285.0,16317.0,0.0824373437671524,-0.6114337137678488,-0.054488959167710314,0.2259612567881653,-0.06670879924340213,-0.05564041606933876,0.14385053025774988,0.030500288512228284,0.1740873916033103,0.0778669440877906,-0.06544171956609646,0.07090034106747711,-0.026172253256940618,0.47334886807418025,0.28748156146469017,0.13611650753568505,0.06852539126647902,0.09263075257175206,0.02313302321270807,-0.008431530244752898,-0.039768111103099996,0.15904631144217646,-0.023487699131707573,-0.016179347188425074,-0.053592719399028974,0.141236061144545,6.717,0.0,1.0,472.0,0.5416666666666667,3.0,9.0,0.9696969696969697,1.0,16.0,0.0,10.0,2.0,0.010133333333333333,0.0,0.0,0.0,1.0,78968.0,6000.0,0.9762845849802372,0,9.0,172.0,0
8471332,2024-12-08 01:43:26+00:00,1,"[1, 1, 1, 1, 1, 1, 1, 1, 1, 1, 1]","[1, 1, 1, 1, 1, 1, 1, 1, 1, 1, 1, 1, 1, 1, 1, 1, 1, 1, 0, 1, 1, 1, 1, 1, 1, 1, 1, 1, 1, 1, 1, 1, 1, 1, 1, 1, 1, 1]",17095.0,475.0,0.0828607359047938,-0.6114337137678488,0.26094868650223196,-0.1165395030712408,0.11939328962621384,0.17561735485816402,0.4194777125113977,0.030500288512228284,0.1740873916033103,0.0778669440877906,-0.07791647071836902,0.07090034106747711,0.13238330771477913,-0.2062583476798761,-0.03481326916714037,0.13611650753568505,0.06852539126647902,0.09263075257175206,0.02313302321270807,-0.008431530244752898,-0.039768111103099996,0.15904631144217646,0.04284707524103316,0.22505449144967976,0.2103895073799279,-0.018828211620055532,6.717,590.0,3.0,206.0,0.6309523809523809,1.0,7.0,1.0,0.0,5.0,0.0,1.0,23.0,1.4349869890036095,0.0,0.0,0.0,1.0,78968.0,5487.0,0.9743589743589743,1,55.0,508.0,79250
8465446,2024-12-06 01:24:30+00:00,1,,,22195.0,16317.0,0.08305693139308286,-0.6114337137678488,0.26094868650223196,0.2259612567881653,-0.05738860713727523,-0.07412946629464255,-0.16547143701628758,0.4065249203285951,-0.04317344340611509,-0.048236128980226715,-0.06544171956609646,-0.09236929204096728,-0.026172253256940618,0.021081495765742912,0.16413019796925432,0.13611650753568505,0.06852539126647902,0.09263075257175206,0.02313302321270807,-0.008431530244752898,0.08965056778496559,-0.05816090055260583,0.04284707524103316,-0.016179347188425074,-0.053592719399028974,0.008044419973869708,6.717,3400.0,0.0,222.0,0.0,17.0,13.0,0.0,2.0,19.0,3.0,10.0,10.0,1.0774271844660195,0.0,0.0,0.0,1.0,3605.0,2000.0,0.0,1,24.0,268.0,35995
8436567,2024-12-02 00:30:17+00:00,1,,"[1, 1, 0, 1, 1, 1, 1, 1, 1, 1, 1, 1, 1, 0, 1, 1, 1, 1, 0, 1, 0, 1, 1, 1, 1, 1, 1, 1, 1, 1, 1, 1, 1, 1, 1, 1, 1, 1, 1, 1, 1, 1, 1, 1, 1, 1, 1, 1, 1, 1, 1, 0, 1, 1, 1, 0, 0, 0, 0, 0, 0, 0, 0, 0, 0, 0, 0, 0, 1, 1, 1, 1, 1, 1, 1, 1, 1, 1, 1, 1, 1, 1]",29223.0,16317.0,0.08342450248186624,-0.6114337137678488,-0.054488959167710314,0.2259612567881653,0.41236787050388063,-0.05564041606933876,-0.16547143701628758,-0.03231283449775203,-0.04317344340611509,0.0778669440877906,0.2659552272166623,-0.09236929204096728,-0.026172253256940618,0.47334886807418025,0.28748156146469017,0.13611650753568505,-0.12296996338010098,0.09263075257175206,0.02313302321270807,-0.008431530244752898,-0.039768111103099996,-0.05816090055260583,-0.023487699131707573,-0.016179347188425074,0.13525803582801485,0.008044419973869708,6.717,0.0,1.0,119.0,0.5182926829268293,162.0,2.0,0.0,0.0,49.0,99.0,2.0,2.0,0.9518892508143323,0.0,16.0,0.0,1.0,1878.0,5500.0,0.73111960035263,0,8.0,378.0,35547
8436741,2024-12-02 04:34:50+00:00,1,,"[0, 0, 0, 0, 1, 1, 1, 1, 1, 1, 1, 1, 1, 1, 1]",19994.0,16317.0,0.08375170832313794,-0.6114337137678488,0.26094868650223196,0.2259612567881653,-0.05738860713727523,0.17561735485816402,-0.16547143701628758,0.4065249203285951,-0.04317344340611509,0.0778669440877906,-0.07791647071836902,-0.0069440649306055586,-0.026172253256940618,-0.01066169917084148,0.28748156146469017,-0.1482292857992833,0.06852539126647902,-0.3012493410357806,0.02313302321270807,-0.008431530244752898,-0.009607996814591997,-0.05484988672575293,-0.023487699131707573,-0.016179347188425074,0.2103895073799279,-0.018828211620055532,6.717,296.0,1.0,261.0,0.6888888888888888,18.0,26.0,0.0,1.0,2.0,1.0,8.0,13.0,1.0346183699870635,1.0,0.0,1.0,1.0,78968.0,3500.0,0.9166666666666666,0,3.0,456.0,70046
8469398,2024-12-07 05:41:12+00:00,1,"[1, 1, 1, 1, 1, 0, 1, 1, 1, 1, 1, 1, 1, 1, 1, 1, 1, 1, 1, 1, 1]","[1, 1, 1, 1, 1, 1, 1, 1, 1, 1, 1, 1, 1, 1, 1, 0, 1, 1, 1, 1, 1, 0, 1, 1, 1, 1, 1, 1, 1, 1, 1, 1, 1, 1, 1, 1, 1, 1, 1, 1, 1, 1, 1, 1, 1, 1, 1, 1]",35000.0,735.0,0.08444049121203019,-0.6114337137678488,0.26094868650223196,0.004753338369163321,0.11939328962621384,-0.05564041606933876,-0.043774865933036713,0.030500288512228284,0.1740873916033103,0.0778669440877906,-0.07791647071836902,-0.0069440649306055586,-0.026172253256940618,0.021081495765742912,0.28748156146469017,0.13611650753568505,0.06852539126647902,0.09263075257175206,-0.08168565936984104,-0.008431530244752898,-0.039768111103099996,0.15904631144217646,-0.023487699131707573,0.05393564252282038,-0.053592719399028974,-0.0035377154089891926,6.717,1456.0,2.0,136.0,0.5396825396825397,7.0,8.0,0.9523809523809523,1.0,9.0,1.0,2.0,11.0,0.7713498622589532,0.0,0.0,0.0,329.0,78968.0,6029.0,0.967687074829932,0,41.0,249.0,51612
8439506,2024-12-03 07:55:30+00:00,1,"[1, 1, 1, 1, 1, 1, 1, 1, 1, 1, 1, 1, 1, 1, 1, 1, 1, 1, 1, 1, 1, 1, 1, 1, 1, 1, 1, 1, 1, 1, 1, 1, 1, 1, 1, 1, 1, 1, 1, 1, 1, 1, 1, 1, 1, 1, 1, 1, 1, 1, 1]","[1, 1, 1, 1, 1, 1, 1, 1, 1, 1, 1, 1, 1]",28594.0,516.0,0.08453172282796213,-0.6114337137678488,-0.054488959167710314,0.2259612567881653,0.41236787050388063,0.22755275636556374,-0.043774865933036713,-0.03231283449775203,0.1740873916033103,0.0778669440877906,0.08779149858909129,-0.0069440649306055586,0.13238330771477913,0.27517336419933297,-0.03481326916714037,0.13611650753568505,0.06852539126647902,0.09263075257175206,0.02313302321270807,-0.008431530244752898,-0.039768111103099996,0.15904631144217646,-0.023487699131707573,-0.016179347188425074,-0.053592719399028974,-0.0035377154089891926,6.717,0.0,1.0,2.0,1.0,8.0,5.0,1.0,0.0,33.0,1.0,1.0,3.0,1.3456,0.0,0.0,0.0,1.0,2173.0,5546.0,1.0,0,12.0,70.0,53793
8467061,2024-12-06 08:17:54+00:00,1,"[1, 1, 1, 1, 1, 1, 1, 1, 1, 1, 1, 1, 1, 1, 1, 1, 1, 1, 1]","[1, 1, 1, 1, 1, 1, 1, 1, 1, 1, 1, 1, 1, 1, 1, 1, 0, 0, 1, 1, 1]",26503.0,844.0,0.0847919433465903,-0.6114337137678488,-0.054488959167710314,-0.1165395030712408,0.41236787050388063,0.22755275636556374,-0.043774865933036713,-0.03231283449775203,0.1740873916033103,0.0778669440877906,-0.07791647071836902,0.07090034106747711,0.13238330771477913,-0.2062583476798761,0.28748156146469017,0.13611650753568505,0.06852539126647902,0.09263075257175206,0.02313302321270807,-0.008431530244752898,0.08965056778496559,-0.05484988672575293,0.04284707524103316,-0.016179347188425074,-0.053592719399028974,0.141236061144545,6.717,0.0,3.0,122.0,0.9047619047619048,8.0,2.0,1.0,0.0,6.0,0.0,1.0,22.0,0.9626253087316577,0.0,0.0,0.0,1.0,78968.0,0.0,0.8484848484848485,1,19.0,71.0,15
8438076,2024-12-03 02:43:25+00:00,1,"[1, 1, 1, 1, 1, 1, 1, 1, 1, 1, 1, 1, 1]","[1, 1, 1, 1, 1, 1, 1, 1, 1, 1, 1, 1, 1, 1, 1, 1, 1, 1, 1, 1, 1, 1, 1, 1]",25895.0,487.0,0.08523988794713193,-0.6114337137678488,0.26094868650223196,-0.23295731524514138,0.11939328962621384,0.22755275636556374,0.14385053025774988,-0.03231283449775203,0.1740873916033103,0.0778669440877906,-0.07791647071836902,0.07090034106747711,0.13238330771477913,-0.2062583476798761,0.16413019796925432,-0.1482292857992833,0.06852539126647902,0.09263075257175206,0.02313302321270807,-0.008431530244752898,-0.009607996814591997,0.15904631144217646,0.04284707524103316,0.22505449144967976,0.13525803582801485,-0.018828211620055532,6.717,374.0,5.0,156.0,1.0,4.0,2.0,1.0,0.0,2.0,0.0,1.0,22.0,1.0515736040609136,1.0,0.0,0.0,1.0,78968.0,3478.0,1.0,1,70.0,385.0,88142
8461306,2024-12-04 04:42:56+00:00,1,"[1, 1, 1, 1, 1, 1, 1, 1, 1, 1, 1, 1, 1, 1, 1, 1, 1, 1, 1, 1, 1, 1, 1, 0, 1, 1, 1, 1, 1, 1, 1]","[0, 0, 1, 1, 1, 1, 0, 0, 0, 0, 0, 0, 0, 0, 0, 1, 0, 0, 0, 0]",26942.0,596.0,0.08544135905811404,-0.6114337137678488,0.23990797722314114,0.004753338369163321,-0.05738860713727523,-0.05564041606933876,0.4194777125113977,0.4065249203285951,0.1740873916033103,-0.048236128980226715,-0.07791647071836902,0.07090034106747711,0.13238330771477913,0.021081495765742912,-0.03481326916714037,-0.1482292857992833,0.06852539126647902,0.09263075257175206,0.02313302321270807,-0.008431530244752898,-0.039768111103099996,-0.05816090055260583,-0.023487699131707573,0.22505449144967976,0.2103895073799279,-0.018828211620055532,6.717,70.0,2.0,266.0,0.4120967741935484,1.0,14.0,0.967741935483871,3.0,2.0,0.0,1.0,11.0,1.220475651189128,1.0,0.0,0.0,1.0,78968.0,6000.0,0.1619047619047619,0,134.0,422.0,62687
8462389,2024-12-04 23:23:16+00:00,0,,,17960.0,16317.0,0.0863057889038374,-0.6114337137678488,-0.054488959167710314,0.2259612567881653,-0.06670879924340213,-0.07412946629464255,0.4194777125113977,-0.03231283449775203,-0.04317344340611509,0.0778669440877906,0.47611841736311766,0.07090034106747711,-0.026172253256940618,0.021081495765742912,0.28748156146469017,0.13611650753568505,0.06852539126647902,0.09263075257175206,0.02313302321270807,-0.008431530244752898,0.08965056778496559,-0.05816090055260583,0.04284707524103316,-0.016179347188425074,-0.053592719399028974,-0.018828211620055532,6.717,0.0,1.0,600.0,0.0,1.0,0.0,0.0,0.0,84.0,0.0,10.0,9.0,0.8924223602484472,0.0,0.0,0.0,1.0,78968.0,2150.0,0.0,1,0.0,91.0,64529
8436600,2024-12-02 01:32:58+00:00,1,"[1, 1, 1, 1, 1, 1, 1, 1, 1, 0, 0, 1, 1, 1, 1, 1, 0, 0, 1, 1, 1, 1, 1, 0, 0, 1, 1, 1, 1, 1, 1, 1, 1, 1, 1, 1, 1, 1, 1, 1, 1, 1, 1, 1, 1, 1, 1, 1, 1, 1, 1, 1, 1, 1, 1, 1, 1, 1, 1, 1, 1, 1, 1, 1, 1, 1, 1, 1, 1, 1, 1, 1]","[0, 1, 1, 1, 1, 1, 1, 1, 1, 1, 1, 1, 1, 1, 1, 1, 1, 1, 1, 1, 1, 1, 1, 1, 1, 1, 1, 1, 1, 1, 1, 1, 1, 1, 1, 1]",36648.0,469.0,0.086448387017795,-0.6114337137678488,-0.054488959167710314,0.2259612567881653,0.41236787050388063,-0.07412946629464255,-0.16547143701628758,-0.03231283449775203,-0.04317344340611509,0.0778669440877906,0.2659552272166623,0.07090034106747711,-0.026172253256940618,0.27517336419933297,0.28748156146469017,0.13611650753568505,0.06852539126647902,-0.3012493410357806,0.02313302321270807,-0.008431530244752898,-0.009607996814591997,0.15904631144217646,-0.023487699131707573,-0.016179347188425074,-0.053592719399028974,-0.03707202918461854,6.717,0.0,1.0,0.0,0.08333333333333334,17.0,2.0,0.9166666666666666,0.0,41.0,0.0,2.0,3.0,0.9537540663630449,0.0,0.0,1.0,1.0,2575.0,4400.0,0.9984984984984985,0,25.0,245.0,117145
8438447,2024-12-03 04:03:46+00:00,0,,"[0, 0, 0, 0, 0, 0, 0, 0, 0, 0, 0, 0, 0, 0, 0, 0, 0, 0, 0, 0, 0, 0, 0, 0, 0, 0, 0, 0, 0, 0, 0, 0, 0, 0, 0, 0, 0, 0, 0, 0, 0, 0, 0, 0, 0, 0, 0, 0, 0, 0, 0, 0, 0, 0, 0, 0, 1, 0, 0, 1, 1, 1, 1, 1, 1, 1, 1, 1, 1, 1]",12696.0,16317.0,0.08695911697316472,-0.6114337137678488,-0.054488959167710314,0.2259612567881653,-0.06670879924340213,0.17561735485816402,0.1880244731129659,-0.03231283449775203,-0.04317344340611509,-0.048236128980226715,0.47611841736311766,0.07090034106747711,-0.026172253256940618,0.25953741616204173,0.16413019796925432,0.13611650753568505,0.06852539126647902,0.09263075257175206,-0.08168565936984104,-0.008431530244752898,0.08965056778496559,-0.05816090055260583,0.04284707524103316,-0.016179347188425074,0.2103895073799279,-0.03707202918461854,6.717,0.0,1.0,452.0,0.6714285714285714,2.0,0.0,0.0,2.0,77.0,0.0,9.0,4.0,1.0805106382978724,0.0,0.0,0.0,329.0,653.0,1895.0,0.31066398390342054,1,0.0,467.0,113732
8464704,2024-12-05 21:56:36+00:00,1,,"[0, 0, 0, 0, 0, 0, 0, 1, 1, 1, 1, 1, 1, 1, 0, 1, 1, 1, 1, 1, 1, 1, 1, 1, 1, 1]",23356.0,16317.0,0.08697086105791473,-0.6114337137678488,-0.054488959167710314,0.2259612567881653,0.41236787050388063,-0.07412946629464255,0.4194777125113977,-0.03231283449775203,-0.04317344340611509,0.0778669440877906,-0.06544171956609646,0.07090034106747711,-0.026172253256940618,0.47334886807418025,0.16413019796925432,0.13611650753568505,0.06852539126647902,0.09263075257175206,0.02313302321270807,0.12181209640599021,-0.009607996814591997,-0.05484988672575293,-0.023487699131707573,-0.016179347188425074,-0.053592719399028974,-0.018828211620055532,6.717,0.0,0.0,36.0,0.2692307692307692,1.0,1.0,0.0,0.0,16.0,0.0,10.0,1.0,1.0592290249433107,0.0,0.0,0.0,1.0,284.0,4400.0,0.8774928774928775,0,22.0,250.0,63077
8436866,2024-12-02 09:23:07+00:00,0,"[1, 1, 1, 1, 1, 1, 1, 1, 1, 1, 1, 1, 1, 1, 1, 1, 1, 1, 1, 1, 1, 1, 1, 1, 1, 1, 1, 1, 1, 1, 1, 1, 1, 1, 1, 1, 1, 1, 1, 1, 1, 1]","[1, 1, 1, 1, 1, 1, 1, 1, 1, 1, 1, 1, 1, 1, 1, 1, 1, 1, 1, 1, 1, 1, 1, 1, 1, 1, 1, 1, 1, 1, 1, 1, 1, 1, 1, 1, 1, 1]",33109.0,423.0,0.08713027391175736,-0.6114337137678488,-0.054488959167710314,0.2259612567881653,0.41236787050388063,0.22755275636556374,-0.16547143701628758,-0.03231283449775203,0.1740873916033103,0.0778669440877906,-0.06544171956609646,-0.09236929204096728,0.13238330771477913,0.25953741616204173,-0.03481326916714037,0.13611650753568505,-0.12296996338010098,0.09263075257175206,-0.08168565936984104,-0.008431530244752898,-0.009607996814591997,0.15904631144217646,0.04284707524103316,0.22505449144967976,0.13525803582801485,0.141236061144545,6.717,0.0,1.0,80.0,0.9310344827586207,162.0,6.0,1.0,1.0,17.0,99.0,1.0,4.0,1.1852581083983675,0.0,16.0,0.0,329.0,78968.0,4400.0,1.0,1,87.0,399.0,11000
8461126,2024-12-04 03:57:13+00:00,1,,"[0, 1, 1, 1, 1, 1, 1, 1, 1, 1, 1, 0, 0, 1, 1, 0, 0, 0, 0, 0, 1, 1, 1, 1, 1, 1, 1, 1, 1, 1, 1, 1, 1, 1, 1, 1, 1, 1, 1, 1, 1, 1, 1, 1, 1, 1, 1, 1]",16524.0,16317.0,0.0873220900422107,-0.6114337137678488,0.26094868650223196,0.004753338369163321,-0.06670879924340213,-0.07412946629464255,0.01584713069282676,0.4065249203285951,-0.04317344340611509,-0.048236128980226715,-0.07791647071836902,-0.09236929204096728,-0.026172253256940618,0.08251752792097579,0.28748156146469017,0.13611650753568505,-0.12296996338010098,0.09263075257175206,0.02313302321270807,-0.008431530244752898,-0.009607996814591997,-0.05484988672575293,-0.023487699131707573,-0.016179347188425074,0.2103895073799279,0.141236061144545,6.717,169.0,2.0,347.0,0.020833333333333332,6.0,25.0,0.0,3.0,6.0,2.0,10.0,8.0,0.8742857142857143,0.0,1.0,0.0,1.0,78968.0,4059.0,0.9013605442176871,0,12.0,427.0,776
8439532,2024-12-04 04:29:03+00:00,0,"[1, 1, 1, 1, 1, 1, 1, 1, 1, 1, 1, 1, 1, 1, 1, 1, 1, 1, 1, 1, 1, 1, 1, 1, 1, 1, 1, 1, 1, 1, 1, 1, 1, 1, 1, 1, 1, 1]","[1, 1, 1, 1, 1, 1, 1, 1, 1, 1, 1, 1, 1, 1, 1, 1, 1, 1, 1, 1, 1, 1, 1, 1, 1, 1, 1, 1, 1]",45000.0,558.0,0.08799877112580076,-0.6114337137678488,-0.054488959167710314,0.004753338369163321,0.41236787050388063,0.22755275636556374,-0.16547143701628758,0.4065249203285951,0.1740873916033103,0.0778669440877906,-0.07791647071836902,-0.09236929204096728,0.13238330771477913,-0.15334582495827825,-0.03481326916714037,-0.1482292857992833,0.06852539126647902,-0.3012493410357806,-0.08168565936984104,-0.008431530244752898,-0.009607996814591997,0.15904631144217646,0.04284707524103316,0.05393564252282038,0.2103895073799279,0.141236061144545,6.717,0.0,2.0,74.0,1.0,14.0,27.0,1.0,1.0,8.0,2.0,1.0,16.0,1.6,1.0,0.0,1.0,329.0,78968.0,3900.0,1.0,1,35.0,446.0,0
8471598,2024-12-08 02:29:28+00:00,1,,"[1, 1, 1, 1, 1, 1, 1, 1, 1, 1, 1, 1, 1, 1, 1, 1, 1, 1, 1, 1, 1, 1, 1, 1, 1, 1, 1, 1, 1, 1, 1, 1, 1]",25786.0,16317.0,0.08814507704605044,-0.6114337137678488,0.26094868650223196,0.2259612567881653,-0.06670879924340213,0.22755275636556374,0.4194777125113977,0.030500288512228284,-0.04317344340611509,0.0778669440877906,-0.06544171956609646,-0.0069440649306055586,-0.026172253256940618,0.25953741616204173,-0.03481326916714037,0.13611650753568505,0.06852539126647902,0.09263075257175206,0.02313302321270807,-0.008431530244752898,-0.039768111103099996,0.15904631144217646,-0.023487699131707573,0.05393564252282038,0.2103895073799279,-0.018828211620055532,6.717,1211.0,1.0,386.0,1.0,1.0,7.0,0.0,0.0,16.0,1.0,10.0,4.0,1.2435378086419753,0.0,0.0,0.0,1.0,78968.0,5416.0,1.0,0,49.0,433.0,65064
8466949,2024-12-06 07:20:49+00:00,1,"[1, 1, 1, 1, 1, 1, 1, 1, 1, 1, 1, 1, 1, 1, 1]","[1, 1, 1, 1, 1, 1, 1, 1, 1, 1, 1, 1, 1, 1, 1, 1, 1, 1, 1, 1, 1, 1, 1, 1, 1, 1, 1, 1, 1, 1, 1, 1, 1, 1, 1, 1, 1, 1, 1, 1, 1, 1, 1, 1, 1, 1, 1, 1, 1, 1]",16118.0,250.0,0.08832043417180624,-0.6114337137678488,-0.054488959167710314,0.2259612567881653,-0.06670879924340213,0.22755275636556374,-0.16547143701628758,0.4065249203285951,0.1740873916033103,0.0778669440877906,-0.06544171956609646,-0.0069440649306055586,0.13238330771477913,-0.01066169917084148,-0.03481326916714037,0.13611650753568505,0.06852539126647902,0.09263075257175206,0.02313302321270807,-0.008431530244752898,-0.039768111103099996,0.15904631144217646,-0.023487699131707573,0.22505449144967976,-0.053592719399028974,0.141236061144545,6.717,0.0,1.0,344.0,1.0,21.0,13.0,1.0,0.0,14.0,1.0,1.0,12.0,1.350594938830233,0.0,0.0,0.0,1.0,20296.0,8000.0,1.0,0,91.0,185.0,24243
8426376,2024-12-03 07:18:54+00:00,1,,"[1, 1, 1, 1, 1, 1, 1, 1, 1, 1, 1, 1, 1, 1, 1, 1, 1, 1, 1, 1, 1, 1, 1, 1, 1, 1, 1, 1, 1, 1, 1, 1, 1, 1, 1, 1, 1, 1, 1, 1, 1, 1, 1, 1, 1, 1, 1, 1, 1, 1, 1, 1, 1, 1, 1, 1, 1, 1, 1, 1, 1, 1]",25997.0,16317.0,0.08854964264881883,-0.6114337137678488,-0.054488959167710314,0.2259612567881653,-0.06670879924340213,0.22755275636556374,-0.043774865933036713,0.4065249203285951,-0.04317344340611509,-0.048236128980226715,-0.07791647071836902,0.07090034106747711,-0.026172253256940618,0.14199482941539582,0.16413019796925432,0.13611650753568505,0.06852539126647902,0.09263075257175206,0.02313302321270807,-0.008431530244752898,-0.009607996814591997,0.15904631144217646,-0.023487699131707573,-0.016179347188425074,0.04095250473658998,0.141236061144545,6.717,0.0,1.0,600.0,1.0,7.0,13.0,0.0,3.0,11.0,0.0,10.0,6.0,1.0830729492146816,0.0,0.0,0.0,1.0,996.0,3987.0,1.0,0,0.0,363.0,34
8466554,2024-12-06 05:35:21+00:00,1,[1],"[1, 1, 1, 1, 1, 1, 1, 1, 1]",28315.0,623.0,0.08904556666130697,-0.6114337137678488,0.23990797722314114,0.004753338369163321,-0.05738860713727523,0.22755275636556374,0.4194777125113977,0.030500288512228284,0.1740873916033103,-0.048236128980226715,-0.07791647071836902,0.07090034106747711,0.13238330771477913,0.20995636990242048,-0.03481326916714037,0.13611650753568505,0.06852539126647902,0.09263075257175206,0.02313302321270807,-0.008431530244752898,-0.039768111103099996,0.15904631144217646,0.04284707524103316,-0.016179347188425074,0.2103895073799279,-0.0035377154089891926,6.717,30.0,2.0,290.0,1.0,1.0,9.0,1.0,3.0,3.0,0.0,1.0,5.0,1.361298076923077,0.0,0.0,0.0,1.0,4544.0,6400.0,1.0,1,27.0,548.0,54312
8470312,2024-12-07 22:42:09+00:00,1,,,12894.0,16317.0,0.09143012974690216,-0.6114337137678488,0.26094868650223196,0.2259612567881653,-0.05738860713727523,-0.07412946629464255,0.4194777125113977,-0.03231283449775203,-0.04317344340611509,0.0778669440877906,-0.09921592132150975,0.07090034106747711,-0.026172253256940618,0.20995636990242048,0.28748156146469017,0.13611650753568505,0.06852539126647902,0.09263075257175206,-0.08168565936984104,-0.008431530244752898,0.08965056778496559,-0.05816090055260583,0.04284707524103316,-0.016179347188425074,-0.053592719399028974,-0.018828211620055532,6.717,13252.0,1.0,257.0,0.0,1.0,3.0,0.0,0.0,1.0,0.0,10.0,5.0,1.0356626506024096,0.0,0.0,0.0,329.0,78968.0,2262.0,0.0,1,17.0,13.0,67585
8435940,2024-12-03 23:10:15+00:00,1,,"[1, 1, 1, 1, 1, 1, 1, 1, 1, 1, 1, 1, 1, 1, 1, 1, 1, 1, 1, 1, 1, 1, 1, 1, 1, 1, 1, 1, 1, 1, 1, 1, 1, 1, 1, 1, 1, 1, 1, 1, 1, 1, 1]",25223.0,16317.0,0.09180457673285411,-0.6114337137678488,-0.054488959167710314,0.2259612567881653,-0.06670879924340213,0.22755275636556374,0.1880244731129659,-0.03231283449775203,-0.04317344340611509,0.0778669440877906,0.2659552272166623,-0.0069440649306055586,-0.026172253256940618,0.25953741616204173,-0.03481326916714037,0.13611650753568505,0.06852539126647902,0.09263075257175206,0.02313302321270807,-0.008431530244752898,0.04544625733308562,0.15904631144217646,-0.023487699131707573,-0.016179347188425074,0.2103895073799279,0.141236061144545,6.717,0.0,1.0,600.0,0.8717948717948718,2.0,3.0,0.0,0.0,41.0,1.0,10.0,4.0,1.218090500796832,0.0,0.0,0.0,1.0,78968.0,3262.0,1.0,0,0.0,425.0,22795
8462047,2024-12-04 09:01:53+00:00,1,"[0, 0, 0, 0, 1, 1, 1, 1, 1, 1, 1, 1, 1, 1, 1, 1, 1, 1, 1, 1, 1, 1, 1, 1, 1, 1, 1, 1, 1]","[1, 1, 1, 1, 1, 1, 1, 1, 1, 1, 1, 1, 1, 1, 1, 1, 1, 1, 1, 1, 1, 1, 1, 1, 1, 1, 1, 1, 1, 1, 1, 1, 1, 1, 1, 1, 1, 1, 1, 1, 1, 1, 1, 1, 1, 1, 1, 1, 1, 1, 1, 1, 1, 1, 1, 1, 1, 1, 1]",39996.0,16317.0,0.09194890181996214,-0.6114337137678488,-0.054488959167710314,0.2259612567881653,-0.05738860713727523,-0.07412946629464255,0.1880244731129659,0.4065249203285951,-0.04317344340611509,0.0778669440877906,-0.06544171956609646,-0.0069440649306055586,-0.026172253256940618,0.14199482941539582,0.16413019796925432,0.13611650753568505,0.06852539126647902,0.09263075257175206,0.02313302321270807,-0.008431530244752898,-0.039768111103099996,0.15904631144217646,-0.023487699131707573,-0.016179347188425074,0.13525803582801485,-0.0035377154089891926,6.717,0.0,1.0,293.0,0.3670498084291188,2.0,19.0,0.8620689655172413,1.0,14.0,1.0,10.0,6.0,1.1226947368421052,0.0,0.0,0.0,1.0,78968.0,8286.099999999991,1.0,0,7.0,397.0,52813
8461412,2024-12-04 05:10:54+00:00,1,"[1, 1, 1, 1, 1, 1]","[1, 1, 1, 1, 1, 1, 1, 1, 1, 1, 1, 1]",55600.0,545.0,0.09298933964012364,-0.6114337137678488,-0.054488959167710314,-0.23295731524514138,0.11939328962621384,0.22755275636556374,-0.16547143701628758,0.4065249203285951,0.1740873916033103,0.0778669440877906,-0.07791647071836902,-0.09236929204096728,0.13238330771477913,-0.46958011525157795,0.28748156146469017,0.13611650753568505,0.06852539126647902,0.09263075257175206,-0.08168565936984104,-0.008431530244752898,-0.039768111103099996,0.15904631144217646,-0.023487699131707573,0.22505449144967976,-0.053592719399028974,0.141236061144545,6.717,0.0,5.0,184.0,0.967032967032967,28.0,15.0,1.0,1.0,2.0,5.0,1.0,34.0,1.0002878526194587,0.0,0.0,0.0,329.0,78968.0,8286.099999999991,1.0,0,118.0,287.0,10
8472455,2024-12-08 05:34:04+00:00,1,"[1, 1, 1, 0, 0, 1, 0, 1, 0, 1, 1, 1, 1]","[0, 1, 1, 1, 0, 1, 1, 1, 0, 1, 1, 0, 0, 0, 1, 1, 1, 1, 1, 1, 1, 0, 1, 1, 1, 1, 1, 1, 1, 1, 1, 1, 1, 1, 1, 1, 1, 1, 1, 1, 1, 1, 1, 1, 1, 1, 1, 1, 1, 1, 1, 1, 1, 1, 1, 1, 1, 1, 1, 1, 1, 1, 1, 1, 1, 1, 1, 1, 1, 1, 1]",34994.0,759.0,0.09331729914549143,-0.6114337137678488,0.23990797722314114,0.004753338369163321,-0.05738860713727523,-0.05564041606933876,-0.043774865933036713,0.4065249203285951,-0.04317344340611509,0.0778669440877906,-0.07791647071836902,0.07090034106747711,-0.026172253256940618,-0.01066169917084148,-0.03481326916714037,0.13611650753568505,0.06852539126647902,0.09263075257175206,0.02313302321270807,-0.008431530244752898,-0.039768111103099996,0.15904631144217646,-0.023487699131707573,0.22505449144967976,0.006896750883670848,0.141236061144545,6.717,57.0,2.0,216.0,0.42912841420995607,8.0,18.0,0.6923076923076923,0.0,9.0,0.0,2.0,13.0,1.4034651479906954,0.0,0.0,0.0,1.0,78968.0,8286.099999999991,0.9702660406885759,0,112.0,297.0,13403
8467536,2024-12-06 23:12:39+00:00,1,,"[1, 1, 1, 1, 1, 1, 1, 1, 1]",41037.0,16317.0,0.0941367498873172,-0.6114337137678488,-0.054488959167710314,0.2259612567881653,0.41236787050388063,0.22755275636556374,0.01584713069282676,-0.03231283449775203,-0.04317344340611509,0.0778669440877906,-0.06544171956609646,0.07090034106747711,-0.026172253256940618,-0.01066169917084148,0.16413019796925432,-0.1482292857992833,0.06852539126647902,-0.3012493410357806,0.02313302321270807,-0.008431530244752898,0.08965056778496559,0.15904631144217646,0.04284707524103316,-0.016179347188425074,0.2103895073799279,-0.018828211620055532,6.717,0.0,1.0,124.0,1.0,6.0,0.0,0.0,0.0,18.0,0.0,10.0,12.0,1.0576546391752577,1.0,0.0,1.0,1.0,893.0,2419.0,1.0,1,23.0,504.0,93798
8460355,2024-12-04 00:58:32+00:00,1,"[1, 1, 1, 1, 1, 1, 1, 1, 1, 1, 1, 1, 1, 1, 1, 1, 1, 1, 1, 1, 1, 1, 1, 1, 1, 1, 1, 1, 1, 1, 1, 1, 1, 1, 1, 1, 1, 1, 1, 1]","[1, 1, 1, 1, 1, 1, 1, 1, 1, 1, 1, 1, 1, 1, 1, 1, 1, 1, 1, 1, 1, 1, 1, 1, 1, 1, 1, 1, 1, 1, 1, 1]",29245.0,16317.0,0.09437286943339085,-0.6114337137678488,0.26094868650223196,0.2259612567881653,-0.06670879924340213,0.22755275636556374,-0.16547143701628758,-0.03231283449775203,0.1740873916033103,0.0778669440877906,-0.07791647071836902,-0.09236929204096728,0.13238330771477913,0.27517336419933297,0.28748156146469017,-0.1482292857992833,-0.12296996338010098,0.09263075257175206,0.02313302321270807,-0.008431530244752898,-0.039768111103099996,0.15904631144217646,-0.023487699131707573,-0.016179347188425074,-0.053592719399028974,-0.018828211620055532,6.717,11280.0,1.0,308.0,1.0,162.0,4.0,1.0,0.0,2.0,99.0,1.0,3.0,0.958067158067158,1.0,16.0,0.0,1.0,78968.0,7500.0,1.0,0,34.0,163.0,62000
8465018,2024-12-05 23:50:34+00:00,1,"[1, 1, 1, 1, 1, 1, 1, 1, 1, 1, 0, 1, 1, 1, 1, 1, 1, 1]","[1, 1, 1, 1, 1, 1, 1, 1, 1]",35000.0,1716.0,0.0944971644018076,-0.6114337137678488,-0.054488959167710314,0.004753338369163321,0.41236787050388063,-0.05564041606933876,-0.16547143701628758,0.030500288512228284,0.1740873916033103,0.0778669440877906,-0.07791647071836902,-0.0069440649306055586,0.13238330771477913,0.021081495765742912,0.28748156146469017,0.13611650753568505,-0.12296996338010098,0.09263075257175206,-0.08168565936984104,-0.008431530244752898,-0.039768111103099996,0.15904631144217646,-0.023487699131707573,-0.016179347188425074,0.2103895073799279,0.141236061144545,6.717,0.0,2.0,86.0,0.5583712463480015,33.0,8.0,0.9444444444444444,0.0,5.0,1.0,1.0,10.0,0.4954980463219888,0.0,2.0,0.0,329.0,5902.0,6300.0,1.0,0,27.0,484.0,12
8436880,2024-12-02 23:55:13+00:00,1,"[1, 1, 1, 1, 1, 1, 1, 1, 1, 1, 1, 1, 1, 1, 1, 1, 1, 1, 1, 1, 1, 1, 1, 1, 1, 1, 1, 1]","[1, 1, 1, 1, 1, 1, 1, 1, 1, 1, 1, 1, 1, 1, 1, 1, 1, 1, 1, 1, 1, 1, 1, 1, 1, 1, 1, 1, 1, 1, 1, 1, 1, 0, 1]",18139.0,324.0,0.09461696639849093,-0.6114337137678488,-0.054488959167710314,0.2259612567881653,0.11939328962621384,0.22755275636556374,-0.14267212177429597,0.030500288512228284,0.1740873916033103,0.0778669440877906,-0.07791647071836902,-0.09236929204096728,0.13238330771477913,0.14199482941539582,0.28748156146469017,-0.1482292857992833,0.06852539126647902,-0.3012493410357806,0.02313302321270807,-0.008431530244752898,-0.009607996814591997,0.15904631144217646,-0.023487699131707573,0.22505449144967976,-0.053592719399028974,0.008044419973869708,6.717,0.0,1.0,172.0,0.9857142857142858,9.0,9.0,1.0,0.0,3.0,2.0,1.0,6.0,0.8273581463236636,1.0,0.0,1.0,1.0,5838.0,4167.0,0.946031746031746,0,60.0,72.0,28000
8439030,2024-12-03 05:56:13+00:00,1,[],"[1, 1, 1, 1, 1, 1, 1, 1, 1, 1, 1, 1, 1, 1, 1, 1, 1, 1, 1, 1]",25243.0,410.0,0.09485014582569194,-0.6114337137678488,0.23990797722314114,0.004753338369163321,-0.06670879924340213,0.17561735485816402,0.14385053025774988,0.4065249203285951,-0.04317344340611509,0.0778669440877906,-0.07791647071836902,0.07090034106747711,-0.026172253256940618,-0.01066169917084148,-0.03481326916714037,-0.1482292857992833,0.06852539126647902,0.09263075257175206,0.02313302321270807,-0.008431530244752898,-0.039768111103099996,0.15904631144217646,-0.023487699131707573,0.22505449144967976,0.006896750883670848,0.008044419973869708,6.717,54.0,2.0,320.0,0.6769827072152653,4.0,14.0,0.0,0.0,2.0,0.0,9.0,13.0,1.1893050647820966,1.0,0.0,0.0,1.0,1415.0,7140.0,1.0,0,76.0,307.0,41372
8425270,2024-12-06 03:55:37+00:00,1,"[1, 1, 1, 1, 1, 1, 1, 1, 1, 1, 1, 1, 1, 1, 1, 1, 1, 1, 1, 1, 1, 1]","[1, 1, 1, 1, 1, 1, 1, 1, 1, 1, 1, 1, 1, 1, 1, 1, 1, 1, 1, 1, 1, 1, 1, 1, 1, 1, 0, 0, 0, 0, 0, 1, 1, 1, 1, 1, 1, 1, 1, 1, 1, 1, 1, 1, 1, 1, 1, 1, 1, 1, 1, 1, 1, 1, 1, 1, 1, 1, 1, 1]",16547.0,16317.0,0.09495484655610768,-0.6114337137678488,-0.054488959167710314,0.2259612567881653,-0.05738860713727523,0.17561735485816402,0.1880244731129659,0.4065249203285951,0.1740873916033103,0.0778669440877906,-0.07791647071836902,-0.09236929204096728,-0.026172253256940618,0.47334886807418025,-0.03481326916714037,-0.1482292857992833,0.06852539126647902,0.09263075257175206,0.02313302321270807,-0.008431530244752898,-0.039768111103099996,-0.05484988672575293,-0.023487699131707573,-0.016179347188425074,0.006896750883670848,-0.018828211620055532,6.717,0.0,0.0,284.0,0.725,2.0,14.0,1.0,1.0,10.0,2.0,10.0,1.0,1.3875890985324948,1.0,0.0,0.0,1.0,78968.0,6873.0,0.9207650273224044,0,11.0,304.0,66953
8466292,2024-12-06 04:33:19+00:00,1,"[1, 1, 1, 1, 1, 1, 1, 1, 1, 1, 1, 1, 1, 1, 1, 1, 1, 1, 1, 1]","[1, 1, 1, 1, 1, 1, 1, 1, 1, 1, 1, 1, 1, 1, 1, 1, 1, 1, 1]",35000.0,502.0,0.09515558817347504,-0.6114337137678488,-0.054488959167710314,0.004753338369163321,0.41236787050388063,0.22755275636556374,0.14385053025774988,0.030500288512228284,0.1740873916033103,0.0778669440877906,-0.06544171956609646,-0.0069440649306055586,0.13238330771477913,0.021081495765742912,-0.03481326916714037,0.13611650753568505,0.06852539126647902,0.09263075257175206,0.02313302321270807,-0.008431530244752898,-0.039768111103099996,0.15904631144217646,-0.023487699131707573,-0.016179347188425074,0.015592503790590144,0.141236061144545,6.717,0.0,2.0,100.0,1.0,3.0,8.0,1.0,1.0,13.0,1.0,1.0,9.0,1.1970313622216902,0.0,0.0,0.0,1.0,78968.0,6800.0,1.0,0,23.0,349.0,11
8391783,2024-12-07 01:43:12+00:00,1,"[1, 1, 1, 1, 1, 1, 1, 1, 1, 1, 1, 1, 1, 1, 1, 1, 1, 1, 1, 1, 1, 1, 1, 1]","[1, 1, 1, 1, 1, 1, 1, 1, 1, 1, 1, 1, 1, 1, 1, 1, 1, 1, 1, 1, 1, 1, 1, 1, 1, 0, 0, 1, 1, 1, 1, 1]",27646.0,1138.0,0.09600299734257985,-0.6114337137678488,-0.054488959167710314,0.2259612567881653,0.11939328962621384,0.17561735485816402,-0.16547143701628758,-0.03231283449775203,0.1740873916033103,0.0778669440877906,0.08779149858909129,0.07090034106747711,-0.026172253256940618,0.14199482941539582,0.16413019796925432,-0.1482292857992833,0.06852539126647902,0.09263075257175206,0.02313302321270807,-0.008431530244752898,-0.039768111103099996,-0.05484988672575293,-0.023487699131707573,0.05393564252282038,0.13525803582801485,0.141236061144545,6.717,0.0,1.0,146.0,0.610837542087542,19.0,5.0,1.0,0.0,26.0,0.0,4.0,6.0,1.1221333766286479,1.0,0.0,0.0,1.0,757.0,7371.0,0.8996212121212122,0,40.0,419.0,5
8470653,2024-12-07 23:52:49+00:00,1,"[1, 1, 1, 1, 1, 1, 1, 1, 1, 1, 1, 1, 1, 1, 1, 1, 1, 1, 1]","[0, 0, 0, 0, 0, 0, 0, 0, 0, 0, 0, 0, 0, 0, 0, 0, 0, 0, 1, 1, 1, 1, 0, 0, 0, 0, 0, 0, 0, 0, 0, 0, 0, 0, 0, 0, 0, 0, 0, 0, 0, 1, 1, 1, 1, 1, 1, 1]",18529.0,292.0,0.09631245890579616,-0.6114337137678488,-0.054488959167710314,0.004753338369163321,0.41236787050388063,-0.05564041606933876,-0.043774865933036713,-0.03231283449775203,0.1740873916033103,0.0778669440877906,-0.07791647071836902,0.07090034106747711,0.13238330771477913,0.14199482941539582,0.28748156146469017,-0.1482292857992833,0.06852539126647902,0.09263075257175206,0.02313302321270807,0.12181209640599021,-0.009607996814591997,-0.05816090055260583,-0.023487699131707573,-0.016179347188425074,-0.053592719399028974,0.008044419973869708,6.717,0.0,2.0,124.0,0.5104166666666666,7.0,0.0,1.0,0.0,11.0,0.0,1.0,7.0,0.9038536585365854,1.0,0.0,0.0,1.0,290.0,3832.0,0.33758503401360546,0,29.0,241.0,24654
8464338,2024-12-05 07:24:00+00:00,1,,,23447.0,16317.0,0.09642281158311707,-0.6114337137678488,-0.054488959167710314,0.2259612567881653,-0.06670879924340213,-0.07412946629464255,0.4194777125113977,-0.03231283449775203,-0.04317344340611509,0.0778669440877906,0.47611841736311766,0.07090034106747711,-0.026172253256940618,0.25953741616204173,0.28748156146469017,0.13611650753568505,0.06852539126647902,0.09263075257175206,0.02313302321270807,-0.008431530244752898,-0.039768111103099996,-0.05816090055260583,-0.023487699131707573,-0.016179347188425074,-0.053592719399028974,-0.018828211620055532,6.717,0.0,1.0,600.0,0.0,1.0,1.0,0.0,0.0,82.0,0.0,10.0,4.0,0.9570204081632653,0.0,0.0,0.0,1.0,78968.0,8286.099999999991,0.0,0,0.0,57.0,72118
8472535,2024-12-08 05:40:53+00:00,0,,"[0, 1, 0, 1, 0, 0, 1, 0, 1, 0, 1, 1, 1, 0, 1, 0, 0, 1, 1, 1, 0, 1, 0, 0, 1, 1, 1, 1, 1, 1, 0, 1, 1, 0, 0, 1, 0, 1, 0, 1, 1, 1, 1, 1, 1]",16718.0,16317.0,0.09680028363178401,-0.6114337137678488,0.26094868650223196,0.004753338369163321,-0.05738860713727523,-0.05564041606933876,0.14385053025774988,-0.03231283449775203,-0.04317344340611509,0.0778669440877906,-0.07791647071836902,0.07090034106747711,-0.026172253256940618,0.021081495765742912,0.28748156146469017,-0.1482292857992833,0.06852539126647902,0.09263075257175206,0.02313302321270807,-0.008431530244752898,0.08965056778496559,-0.05816090055260583,0.04284707524103316,-0.016179347188425074,0.13525803582801485,0.141236061144545,6.717,17564.0,2.0,288.0,0.5111111111111111,4.0,2.0,0.0,0.0,3.0,0.0,10.0,10.0,0.607529616977978,1.0,0.0,0.0,1.0,998.0,0.0,0.6869565217391305,1,6.0,412.0,13
8467969,2024-12-07 00:54:25+00:00,0,,"[1, 1, 1, 1, 1, 1, 1, 1, 1, 1, 1, 1, 1, 1, 1, 1, 1, 1, 1, 1, 1, 1, 1, 1, 1, 1, 1, 1, 1, 1, 1, 1, 1, 1, 1, 1, 1, 1, 1]",29608.0,16317.0,0.09689503998998651,-0.6114337137678488,-0.054488959167710314,0.2259612567881653,-0.05738860713727523,0.22755275636556374,-0.16547143701628758,0.030500288512228284,-0.04317344340611509,0.0778669440877906,0.2659552272166623,-0.09236929204096728,-0.026172253256940618,0.47334886807418025,0.28748156146469017,0.13611650753568505,-0.12296996338010098,0.09263075257175206,0.02313302321270807,-0.008431530244752898,-0.039768111103099996,0.15904631144217646,0.04284707524103316,-0.016179347188425074,-0.053592719399028974,0.008044419973869708,6.717,0.0,1.0,282.0,1.0,162.0,10.0,0.0,1.0,59.0,99.0,10.0,1.0,0.8399432624113475,0.0,16.0,0.0,1.0,78968.0,4750.0,1.0,1,0.0,195.0,28399
8463421,2024-12-06 06:50:59+00:00,1,,,18561.0,16317.0,0.09739225549760598,-0.6114337137678488,0.26094868650223196,0.2259612567881653,-0.06670879924340213,-0.07412946629464255,0.14385053025774988,0.4065249203285951,-0.04317344340611509,0.0778669440877906,-0.07791647071836902,0.07090034106747711,-0.026172253256940618,0.021081495765742912,-0.03481326916714037,-0.1482292857992833,0.06852539126647902,0.09263075257175206,0.02313302321270807,-0.008431530244752898,-0.039768111103099996,-0.05816090055260583,-0.023487699131707573,0.22505449144967976,0.13525803582801485,-0.018828211620055532,6.717,14292.0,1.0,408.0,0.0,3.0,17.0,0.0,0.0,11.0,0.0,10.0,10.0,1.3748888888888888,1.0,0.0,0.0,1.0,1673.0,5116.0,0.0,0,148.0,399.0,80362
8467486,2024-12-06 22:58:53+00:00,1,,,23635.0,16317.0,0.09849743447809312,-0.6114337137678488,-0.054488959167710314,0.2259612567881653,0.41236787050388063,-0.07412946629464255,0.01584713069282676,-0.03231283449775203,-0.04317344340611509,0.0778669440877906,0.035324081286162975,0.07090034106747711,-0.026172253256940618,0.20995636990242048,0.16413019796925432,-0.1482292857992833,0.06852539126647902,0.09263075257175206,0.02313302321270807,0.12181209640599021,-0.039768111103099996,-0.05816090055260583,-0.023487699131707573,-0.016179347188425074,0.2103895073799279,0.008044419973869708,6.717,0.0,1.0,97.0,0.0,6.0,0.0,0.0,0.0,23.0,0.0,10.0,5.0,1.0552281453701224,1.0,0.0,0.0,1.0,88.0,4988.0,0.0,0,11.0,487.0,44139
8418617,2024-12-03 08:05:14+00:00,1,,,27622.0,16317.0,0.0985736430759752,-0.6114337137678488,-0.054488959167710314,0.2259612567881653,0.41236787050388063,-0.07412946629464255,0.1880244731129659,-0.03231283449775203,-0.04317344340611509,0.0778669440877906,-0.06544171956609646,0.07090034106747711,0.13238330771477913,0.14199482941539582,0.16413019796925432,0.13611650753568505,0.06852539126647902,0.09263075257175206,-0.08168565936984104,-0.008431530244752898,0.08965056778496559,-0.05816090055260583,0.04284707524103316,-0.016179347188425074,-0.053592719399028974,0.141236061144545,6.717,0.0,1.0,111.0,0.0,2.0,0.0,0.0,0.0,16.0,0.0,1.0,6.0,1.1113704031544218,0.0,0.0,0.0,329.0,78968.0,2400.0,0.0,1,10.0,286.0,22833
8461512,2024-12-04 06:52:22+00:00,1,"[0, 0, 1, 1, 1, 1, 1, 1, 1, 1, 1]","[1, 1, 1, 1, 1, 1, 1, 1, 1, 1, 1, 1, 1]",25735.0,16317.0,0.09886479123692853,-0.6114337137678488,-0.054488959167710314,0.004753338369163321,0.11939328962621384,0.22755275636556374,-0.043774865933036713,0.030500288512228284,-0.04317344340611509,-0.048236128980226715,-0.07791647071836902,-0.09236929204096728,-0.026172253256940618,0.25953741616204173,0.28748156146469017,0.13611650753568505,0.06852539126647902,0.09263075257175206,0.02313302321270807,-0.008431530244752898,0.08965056778496559,0.15904631144217646,-0.023487699131707573,-0.016179347188425074,-0.053592719399028974,0.008044419973869708,6.717,0.0,2.0,199.0,0.8333333333333334,8.0,8.0,0.8181818181818182,3.0,4.0,3.0,10.0,4.0,0.8861914600550964,0.0,0.0,0.0,1.0,78968.0,0.0,1.0,0,5.0,214.0,38625
8385842,2024-12-03 04:58:32+00:00,0,"[1, 1, 1, 1, 1, 1, 1, 1, 1, 1, 1, 0, 0, 1, 1, 1, 1, 1, 1, 1]","[0, 0, 0, 0, 0, 0, 0, 0, 0, 0, 0, 0, 0, 0, 1, 1, 1, 1, 1, 1, 1, 1, 1, 1, 1, 1, 1, 1, 1, 1, 1, 1, 1, 1, 1, 1, 1, 1, 1, 1, 1, 1, 1, 1, 1, 1, 1, 1, 1, 1, 1, 1, 1, 1, 1, 1, 1, 1, 1, 1, 1, 1, 1, 1, 1, 1, 1, 1, 1, 1, 1, 1, 1, 1]",34943.0,825.0,0.0989675991356845,-0.6114337137678488,0.26094868650223196,0.004753338369163321,-0.06670879924340213,-0.05564041606933876,-0.16547143701628758,0.4065249203285951,-0.04317344340611509,-0.048236128980226715,-0.07791647071836902,0.07090034106747711,-0.026172253256940618,-0.10985411191684905,-0.03481326916714037,0.13611650753568505,0.06852539126647902,0.09263075257175206,0.02313302321270807,-0.008431530244752898,-0.009607996814591997,0.15904631144217646,0.04284707524103316,0.22505449144967976,0.015592503790590144,0.141236061144545,6.717,1436.0,2.0,346.0,0.5378378378378378,19.0,17.0,0.9,3.0,7.0,0.0,9.0,15.0,1.3605497800101234,0.0,0.0,0.0,1.0,4075.0,4284.0,0.9621621621621622,1,138.0,337.0,11
8437004,2024-12-02 21:47:00+00:00,1,"[1, 1, 1, 1, 1, 1, 1, 1, 1, 1, 1, 1, 1, 1, 1]","[1, 1, 1, 1, 1, 1, 1, 1, 1, 1, 1]",20098.0,444.0,0.09903834370716355,-0.6114337137678488,-0.054488959167710314,0.004753338369163321,0.11939328962621384,0.22755275636556374,0.4194777125113977,-0.03231283449775203,0.1740873916033103,-0.048236128980226715,-0.07791647071836902,0.07090034106747711,0.13238330771477913,0.14199482941539582,0.28748156146469017,0.13611650753568505,-0.12296996338010098,0.09263075257175206,-0.08168565936984104,0.12181209640599021,-0.009607996814591997,0.15904631144217646,0.04284707524103316,-0.016179347188425074,-0.053592719399028974,0.141236061144545,6.717,0.0,2.0,179.0,1.0,1.0,1.0,1.0,3.0,6.0,0.0,1.0,7.0,0.879562363238512,0.0,1.0,0.0,329.0,232.0,3960.0,1.0,1,24.0,283.0,15
8465038,2024-12-05 23:56:12+00:00,1,"[1, 1, 1, 1, 0, 1, 1, 1, 1, 1, 1, 1, 1, 1, 1, 1, 1, 1, 1, 1, 1, 1, 1, 1, 1, 1, 1, 1, 1, 1, 1, 1]",,28383.0,468.0,0.09922335931374114,-0.6114337137678488,0.23990797722314114,-0.1165395030712408,0.41236787050388063,-0.07412946629464255,0.14385053025774988,-0.03231283449775203,0.1740873916033103,0.0778669440877906,-0.07791647071836902,-0.09236929204096728,-0.026172253256940618,-0.2062583476798761,0.16413019796925432,-0.1482292857992833,0.06852539126647902,0.09263075257175206,0.02313302321270807,-0.008431530244752898,-0.039768111103099996,-0.05816090055260583,-0.023487699131707573,0.05393564252282038,-0.053592719399028974,0.141236061144545,6.717,87.0,3.0,126.0,0.15625,3.0,5.0,0.96875,0.0,9.0,3.0,2.0,22.0,1.0483102493074792,1.0,0.0,0.0,1.0,295.0,8286.099999999991,0.0,0,39.0,47.0,17700
8460308,2024-12-04 00:54:55+00:00,1,"[0, 0, 0, 0, 0, 0, 0, 0, 0, 0, 0, 0, 0, 0, 0, 0, 0, 1, 1, 1, 1, 1, 1, 0, 0, 0, 0, 0, 0, 0, 0, 0, 0, 0, 0, 0, 0, 0, 1, 1, 1, 1, 1]","[1, 1, 1, 1, 1, 1, 1, 1, 1, 1, 1, 1, 1, 1, 1, 1, 1, 1, 1, 1, 1, 1, 1]",14687.0,544.0,0.09947055822710296,-0.6114337137678488,-0.054488959167710314,0.2259612567881653,0.11939328962621384,-0.05564041606933876,0.14385053025774988,-0.03231283449775203,-0.04317344340611509,0.0778669440877906,0.035324081286162975,0.07090034106747711,-0.026172253256940618,0.14199482941539582,0.28748156146469017,0.13611650753568505,0.06852539126647902,0.09263075257175206,0.02313302321270807,-0.008431530244752898,-0.009607996814591997,0.15904631144217646,-0.023487699131707573,-0.016179347188425074,0.04095250473658998,0.008044419973869708,6.717,0.0,1.0,194.0,0.5107159142726858,4.0,3.0,0.2558139534883721,1.0,23.0,0.0,4.0,6.0,0.9824080267558528,0.0,0.0,0.0,1.0,4812.0,3741.0,1.0,0,24.0,372.0,35000
8468100,2024-12-07 01:23:03+00:00,1,,,25874.0,16317.0,0.09975305078391526,-0.6114337137678488,0.26094868650223196,0.2259612567881653,-0.06670879924340213,-0.07412946629464255,0.4194777125113977,-0.03231283449775203,-0.04317344340611509,0.0778669440877906,0.08779149858909129,0.07090034106747711,-0.026172253256940618,0.20995636990242048,0.28748156146469017,0.13611650753568505,0.06852539126647902,0.09263075257175206,-0.08168565936984104,-0.008431530244752898,-0.039768111103099996,-0.05816090055260583,-0.023487699131707573,-0.016179347188425074,-0.053592719399028974,0.008044419973869708,6.717,200.0,1.0,302.0,0.0,1.0,5.0,0.0,0.0,27.0,0.0,10.0,5.0,1.0267460317460317,0.0,0.0,0.0,329.0,78968.0,8286.099999999991,0.0,0,11.0,138.0,45620
8467143,2024-12-06 09:23:32+00:00,0,,"[1, 1, 1, 1, 1, 1, 1, 1, 1, 1, 1, 1, 1, 1, 1, 1, 1, 1, 1, 1, 1, 1, 1, 1, 1, 1, 1, 1, 1, 1, 1, 1, 1, 1, 1, 1, 1, 1, 1, 1, 1, 1, 1, 1, 1]",38552.0,16317.0,0.10028742056817548,-0.6114337137678488,-0.054488959167710314,0.2259612567881653,0.11939328962621384,0.22755275636556374,-0.16547143701628758,0.030500288512228284,-0.04317344340611509,0.0778669440877906,-0.07791647071836902,-0.09236929204096728,-0.026172253256940618,0.27517336419933297,0.28748156146469017,-0.1482292857992833,-0.12296996338010098,0.09263075257175206,0.02313302321270807,-0.008431530244752898,0.08965056778496559,0.15904631144217646,0.04284707524103316,0.05393564252282038,-0.053592719399028974,0.008044419973869708,6.717,0.0,1.0,132.0,1.0,162.0,8.0,0.0,0.0,10.0,99.0,10.0,3.0,1.0126874885077097,1.0,16.0,0.0,1.0,78968.0,2500.0,1.0,1,39.0,218.0,35092
8468657,2024-12-07 03:16:28+00:00,0,,,25498.0,16317.0,0.10047047070929281,-0.6114337137678488,0.23990797722314114,0.2259612567881653,-0.06670879924340213,-0.07412946629464255,0.1880244731129659,0.4065249203285951,-0.04317344340611509,0.0778669440877906,-0.07791647071836902,-0.0069440649306055586,-0.026172253256940618,0.021081495765742912,-0.03481326916714037,-0.1482292857992833,0.06852539126647902,0.09263075257175206,0.02313302321270807,-0.008431530244752898,0.04544625733308562,-0.05816090055260583,0.04284707524103316,-0.016179347188425074,0.015592503790590144,-0.0035377154089891926,6.717,87.0,1.0,307.0,0.0,2.0,15.0,0.0,0.0,4.0,1.0,10.0,9.0,1.2499019607843138,1.0,0.0,0.0,1.0,591.0,2984.0,0.0,1,34.0,338.0,56633
8438024,2024-12-03 02:53:14+00:00,1,"[0, 1, 1, 0, 1, 1, 1, 1, 0, 0, 1, 1, 1, 1, 1, 0, 1, 1, 1, 0, 1, 1, 1, 1, 1, 1, 1, 1, 1, 1, 1, 1, 1, 1]","[1, 1, 1, 1, 1, 1, 1, 1, 1, 0, 1, 0, 1, 0, 1, 1, 1, 1, 1, 1, 0, 0, 1, 0, 1, 0, 1, 1, 0, 1, 0, 1, 0, 1, 1, 1, 1, 1, 1, 1, 1, 1, 1, 1, 1, 1, 1]",26593.0,531.0,0.10081754074787426,-0.6114337137678488,-0.054488959167710314,0.2259612567881653,0.41236787050388063,-0.07412946629464255,0.1880244731129659,-0.03231283449775203,-0.04317344340611509,0.0778669440877906,-0.06544171956609646,0.07090034106747711,-0.026172253256940618,0.47334886807418025,0.28748156146469017,0.13611650753568505,-0.12296996338010098,0.09263075257175206,0.02313302321270807,-0.008431530244752898,-0.009607996814591997,-0.05484988672575293,-0.023487699131707573,-0.016179347188425074,-0.053592719399028974,0.008044419973869708,6.717,0.0,1.0,116.0,0.12108886107634544,2.0,2.0,0.8235294117647058,0.0,16.0,0.0,2.0,1.0,1.0111406844106463,0.0,1.0,0.0,1.0,78968.0,4017.0,0.8031914893617021,0,32.0,133.0,26670
8464072,2024-12-05 05:58:56+00:00,1,"[1, 1, 1, 1, 1, 1, 1, 1, 1, 1, 1, 1, 1, 1, 1, 1, 1, 1, 1, 1, 1, 1, 1, 1, 1, 1, 1, 1]","[1, 1, 1, 1, 1, 1, 1, 1, 1, 1, 1, 1, 1, 1, 1, 1, 1, 1, 1, 1, 1]",12669.0,704.0,0.10099392118452725,-0.6114337137678488,0.23990797722314114,-0.23295731524514138,-0.06670879924340213,0.17561735485816402,-0.16547143701628758,0.4065249203285951,0.1740873916033103,-0.048236128980226715,-0.07791647071836902,-0.0069440649306055586,0.13238330771477913,-0.46958011525157795,0.28748156146469017,-0.1482292857992833,0.06852539126647902,-0.3012493410357806,0.02313302321270807,-0.008431530244752898,-0.039768111103099996,0.15904631144217646,-0.023487699131707573,0.22505449144967976,-0.053592719399028974,0.141236061144545,6.717,90.0,5.0,304.0,0.7083333333333334,22.0,13.0,1.0,3.0,4.0,1.0,1.0,37.0,0.4692222222222222,1.0,0.0,1.0,1.0,78968.0,4961.0,1.0,0,77.0,171.0,12
8462912,2024-12-05 01:25:35+00:00,1,,"[1, 1, 1, 1]",20070.0,16317.0,0.10099622442373546,-0.6114337137678488,-0.054488959167710314,0.2259612567881653,0.11939328962621384,0.22755275636556374,0.4194777125113977,0.030500288512228284,-0.04317344340611509,0.0778669440877906,-0.07791647071836902,0.07090034106747711,-0.026172253256940618,0.27517336419933297,-0.03481326916714037,0.13611650753568505,0.06852539126647902,0.09263075257175206,0.02313302321270807,-0.008431530244752898,-0.009607996814591997,0.15904631144217646,0.04284707524103316,-0.016179347188425074,0.2103895073799279,-0.018828211620055532,6.717,0.0,1.0,198.0,1.0,1.0,11.0,0.0,1.0,7.0,0.0,10.0,3.0,1.2,0.0,0.0,0.0,1.0,78968.0,4000.0,1.0,1,23.0,489.0,94238
8467720,2024-12-07 00:00:06+00:00,1,"[1, 1, 1, 1, 1, 1, 1, 1, 1, 1, 1, 1, 1, 1, 1, 1, 1, 1, 1, 1, 1]","[1, 1, 1, 1, 1, 1, 1, 1, 1, 1, 1, 1, 1]",19420.0,662.0,0.10112328044600552,-0.6114337137678488,-0.054488959167710314,-0.1165395030712408,0.41236787050388063,0.22755275636556374,-0.14267212177429597,-0.03231283449775203,0.1740873916033103,0.0778669440877906,0.035324081286162975,0.07090034106747711,0.13238330771477913,-0.2062583476798761,0.28748156146469017,-0.1482292857992833,0.06852539126647902,0.09263075257175206,-0.08168565936984104,-0.008431530244752898,-0.009607996814591997,0.15904631144217646,0.04284707524103316,-0.016179347188425074,0.015592503790590144,-0.03707202918461854,6.717,0.0,3.0,124.0,0.8771730914588057,11.0,4.0,1.0,0.0,22.0,0.0,1.0,20.0,0.9984575835475579,1.0,0.0,0.0,329.0,1136.0,3600.0,1.0,1,10.0,319.0,129022
8469274,2024-12-07 05:16:47+00:00,1,"[1, 1, 1, 1, 1]",,29509.0,280.0,0.10203514339986271,-0.6114337137678488,0.23990797722314114,0.2259612567881653,-0.05738860713727523,0.22755275636556374,0.14385053025774988,-0.03231283449775203,0.1740873916033103,0.0778669440877906,-0.07791647071836902,0.07090034106747711,0.13238330771477913,0.021081495765742912,0.16413019796925432,0.13611650753568505,0.06852539126647902,0.09263075257175206,-0.08168565936984104,-0.008431530244752898,-0.039768111103099996,-0.05816090055260583,-0.023487699131707573,-0.016179347188425074,-0.053592719399028974,0.141236061144545,6.717,41.0,1.0,246.0,1.0,3.0,2.0,1.0,0.0,7.0,0.0,1.0,11.0,1.0421316570137025,0.0,0.0,0.0,329.0,78968.0,5417.0,0.0,0,18.0,14.0,24234
8437127,2024-12-02 22:47:54+00:00,1,"[1, 1, 1, 1, 1, 1, 1, 1, 1, 1, 1, 1, 1, 1, 1, 1, 1, 1, 1, 1, 1, 1, 1, 1, 1, 1, 1, 1, 1, 1, 1, 1, 1, 1, 1, 1, 1, 1, 1, 1, 1, 1, 1, 1, 1, 1, 1, 1, 1, 1, 1]","[1, 1, 1, 1, 1, 1, 1, 1, 1, 1, 1, 1, 1, 1, 1, 1, 1, 1, 1, 1, 1, 1, 1, 1, 1, 1, 1, 1, 1, 1, 1, 1, 1, 1, 1, 1, 1, 1, 1, 1, 1, 1, 1, 1, 1, 1]",43172.0,537.0,0.10210790544995055,-0.6114337137678488,-0.054488959167710314,0.2259612567881653,-0.05738860713727523,0.22755275636556374,-0.14267212177429597,0.030500288512228284,0.1740873916033103,0.0778669440877906,-0.07791647071836902,-0.0069440649306055586,0.13238330771477913,0.14199482941539582,-0.03481326916714037,0.13611650753568505,0.06852539126647902,0.09263075257175206,0.02313302321270807,-0.008431530244752898,-0.039768111103099996,0.15904631144217646,-0.023487699131707573,0.22505449144967976,0.2103895073799279,0.141236061144545,6.717,0.0,1.0,300.0,1.0,13.0,8.0,1.0,0.0,2.0,1.0,1.0,7.0,1.5935331463162556,0.0,0.0,0.0,1.0,78968.0,7400.0,1.0,0,80.0,509.0,12
8461431,2024-12-04 05:16:20+00:00,1,,,23751.0,16317.0,0.1022670315372362,-0.6114337137678488,0.23990797722314114,0.2259612567881653,-0.05738860713727523,-0.07412946629464255,0.14385053025774988,-0.03231283449775203,-0.04317344340611509,0.0778669440877906,-0.07791647071836902,0.07090034106747711,-0.026172253256940618,0.25953741616204173,0.28748156146469017,0.13611650753568505,0.06852539126647902,0.09263075257175206,0.02313302321270807,-0.008431530244752898,-0.039768111103099996,-0.05816090055260583,-0.023487699131707573,-0.016179347188425074,-0.053592719399028974,0.141236061144545,6.717,52.0,1.0,276.0,0.0,4.0,1.0,0.0,0.0,5.0,0.0,10.0,4.0,0.9850690556177678,0.0,0.0,0.0,1.0,78968.0,4800.0,0.0,0,1.0,2.0,7
8464468,2024-12-06 08:54:23+00:00,1,,,28280.0,16317.0,0.10230084310644229,-0.6114337137678488,0.26094868650223196,0.004753338369163321,-0.05738860713727523,-0.07412946629464255,0.4194777125113977,0.030500288512228284,-0.04317344340611509,0.0778669440877906,-0.07791647071836902,0.07090034106747711,-0.026172253256940618,0.08251752792097579,0.28748156146469017,-0.1482292857992833,0.06852539126647902,0.09263075257175206,0.02313302321270807,-0.008431530244752898,-0.039768111103099996,-0.05816090055260583,-0.023487699131707573,0.22505449144967976,-0.053592719399028974,0.141236061144545,6.717,1281.0,2.0,216.0,0.0,1.0,9.0,0.0,0.0,6.0,0.0,10.0,8.0,0.9422897507663601,1.0,0.0,0.0,1.0,78968.0,8286.099999999991,0.0,0,74.0,66.0,6
8472726,2024-12-08 06:31:31+00:00,0,"[1, 1, 1, 1, 1, 1, 1, 1, 1, 1, 1, 1, 1, 1, 1, 1, 1]","[1, 1, 1, 1, 1, 1, 1, 1, 1, 1, 1, 1, 1, 1, 1, 1, 1, 1, 1, 1, 1]",25040.0,422.0,0.10234617294565787,-0.6114337137678488,-0.054488959167710314,0.004753338369163321,0.41236787050388063,0.22755275636556374,0.14385053025774988,-0.03231283449775203,0.1740873916033103,0.0778669440877906,-0.06544171956609646,0.07090034106747711,0.13238330771477913,-0.15334582495827825,-0.03481326916714037,0.13611650753568505,0.06852539126647902,0.09263075257175206,0.02313302321270807,-0.008431530244752898,0.04544625733308562,0.15904631144217646,0.04284707524103316,-0.016179347188425074,0.006896750883670848,-0.03707202918461854,6.717,0.0,2.0,39.0,1.0,3.0,4.0,1.0,0.0,18.0,0.0,1.0,17.0,1.319631093544137,0.0,0.0,0.0,1.0,5791.0,2638.0,1.0,1,13.0,295.0,110593
8432983,2024-12-03 05:30:32+00:00,1,,"[1, 1, 1, 1, 1, 1, 1, 1, 1, 1, 1, 1, 1, 1, 1, 1, 1, 1, 1, 1, 1, 1, 1, 1, 1, 1, 1, 1, 1, 1, 1, 1, 1, 1, 1, 1, 1, 1, 1, 1, 1, 1, 1, 1, 1, 1, 1, 1, 1, 1, 1, 1, 1, 1]",21569.0,16317.0,0.10255954988227745,-0.6114337137678488,-0.054488959167710314,0.2259612567881653,0.11939328962621384,0.22755275636556374,0.14385053025774988,0.4065249203285951,-0.04317344340611509,0.0778669440877906,-0.06544171956609646,0.07090034106747711,-0.026172253256940618,0.14199482941539582,-0.03481326916714037,-0.1482292857992833,0.06852539126647902,0.09263075257175206,0.02313302321270807,-0.008431530244752898,-0.039768111103099996,0.15904631144217646,-0.023487699131707573,-0.016179347188425074,0.006896750883670848,-0.018828211620055532,6.717,0.0,1.0,168.0,1.0,4.0,43.0,0.0,1.0,16.0,0.0,10.0,6.0,1.2256506421184226,1.0,0.0,0.0,1.0,78968.0,6139.0,1.0,0,5.0,304.0,64976
8471683,2024-12-08 02:45:44+00:00,1,"[1, 1, 1, 1, 1, 1, 1, 1, 1, 1, 1, 1, 1, 1, 1, 1, 1, 1, 1, 1]","[0, 0, 0, 0, 0, 0, 0, 0, 0, 0, 0, 0, 0, 0, 0, 0, 0, 0, 0, 0, 0, 0, 0, 0, 0, 0, 0, 0, 0, 0, 0, 0, 0, 0, 0, 0, 0, 0, 0, 0, 0, 0, 0, 0, 1, 1, 1, 1, 1, 1, 1, 1, 1, 1, 1, 1, 1, 1, 1, 1, 1, 1, 1, 1, 1, 1, 1, 1, 1, 1, 1, 1, 1, 1, 1, 1, 1, 1, 1, 1, 1, 1]",29904.0,435.0,0.10260500923876516,-0.6114337137678488,0.26094868650223196,0.004753338369163321,0.11939328962621384,0.17561735485816402,0.14385053025774988,-0.03231283449775203,0.1740873916033103,0.0778669440877906,-0.07791647071836902,0.07090034106747711,-0.026172253256940618,-0.2062583476798761,0.28748156146469017,-0.1482292857992833,0.06852539126647902,0.09263075257175206,0.02313302321270807,-0.008431530244752898,-0.039768111103099996,-0.05816090055260583,-0.023487699131707573,-0.016179347188425074,-0.053592719399028974,-0.018828211620055532,6.717,245.0,2.0,150.0,0.6707317073170732,3.0,3.0,1.0,0.0,5.0,0.0,9.0,21.0,0.8394105263157895,1.0,0.0,0.0,1.0,973.0,5536.0,0.7090802233323538,0,20.0,132.0,59630
8459974,2024-12-03 23:23:04+00:00,1,"[1, 1, 1, 1, 1, 1, 1, 1]","[1, 1, 1, 1, 1, 1, 1, 1, 1, 1, 1, 1, 1, 1, 1, 1, 1, 1, 1, 1, 1, 1, 1, 1, 1, 1, 1, 1, 1, 1, 1, 1, 1, 1, 1, 1, 1, 1, 1, 1, 1, 1, 1, 1, 1, 1, 1, 1, 1, 1, 1, 1, 1, 1, 1, 1, 1, 1, 1, 1, 1, 1, 1, 1, 1, 1, 1, 1, 1, 1]",16845.0,258.0,0.10285268481507796,-0.6114337137678488,-0.054488959167710314,0.004753338369163321,0.11939328962621384,0.22755275636556374,-0.14267212177429597,-0.03231283449775203,0.1740873916033103,-0.048236128980226715,-0.07791647071836902,0.07090034106747711,0.13238330771477913,0.021081495765742912,0.28748156146469017,0.13611650753568505,0.06852539126647902,0.09263075257175206,0.02313302321270807,-0.008431530244752898,-0.039768111103099996,0.15904631144217646,-0.023487699131707573,0.22505449144967976,0.015592503790590144,-0.03707202918461854,6.717,0.0,2.0,202.0,1.0,13.0,5.0,1.0,3.0,10.0,0.0,1.0,9.0,0.9423776223776223,0.0,0.0,0.0,1.0,8729.0,4975.0,1.0,0,53.0,336.0,108754
8471927,2024-12-08 03:31:49+00:00,0,,"[1, 1, 1, 1, 1, 1, 1, 1, 1, 1, 1, 1, 1, 1, 1, 1]",14765.0,16317.0,0.10340257401313759,-0.6114337137678488,-0.054488959167710314,0.2259612567881653,-0.05738860713727523,0.22755275636556374,0.14385053025774988,-0.03231283449775203,-0.04317344340611509,0.0778669440877906,0.2659552272166623,-0.0069440649306055586,-0.026172253256940618,0.27517336419933297,-0.03481326916714037,0.13611650753568505,0.06852539126647902,0.09263075257175206,0.02313302321270807,-0.008431530244752898,0.08965056778496559,0.15904631144217646,0.04284707524103316,-0.016179347188425074,-0.053592719399028974,-0.018828211620055532,6.717,0.0,1.0,216.0,1.0,4.0,1.0,0.0,0.0,36.0,1.0,10.0,3.0,1.3671296296296296,0.0,0.0,0.0,1.0,1007.0,2000.0,1.0,1,12.0,267.0,95721
8467977,2024-12-07 00:57:36+00:00,1,"[1, 1, 1, 1, 1, 1, 1, 1, 1, 1, 1, 1, 1, 1, 1, 1, 1, 1, 1]",,19715.0,457.0,0.10348096359800689,-0.6114337137678488,-0.054488959167710314,0.2259612567881653,0.41236787050388063,0.22755275636556374,0.4194777125113977,-0.03231283449775203,0.1740873916033103,0.0778669440877906,0.035324081286162975,-0.0069440649306055586,0.13238330771477913,0.20995636990242048,-0.03481326916714037,0.13611650753568505,-0.12296996338010098,0.09263075257175206,0.02313302321270807,-0.008431530244752898,-0.009607996814591997,-0.05816090055260583,-0.023487699131707573,-0.016179347188425074,-0.053592719399028974,-0.018828211620055532,6.717,0.0,1.0,50.0,1.0,1.0,0.0,1.0,0.0,21.0,1.0,1.0,5.0,1.1735119047619047,0.0,1.0,0.0,1.0,1322.0,4000.0,0.0,0,16.0,30.0,90353
8438290,2024-12-03 03:31:23+00:00,1,,,10190.0,16317.0,0.10381723462296452,-0.6114337137678488,-0.054488959167710314,0.004753338369163321,-0.06670879924340213,-0.07412946629464255,0.4194777125113977,-0.03231283449775203,-0.04317344340611509,0.0778669440877906,0.47611841736311766,-0.0069440649306055586,-0.026172253256940618,0.14199482941539582,0.28748156146469017,0.13611650753568505,0.06852539126647902,0.09263075257175206,-0.08168565936984104,-0.008431530244752898,-0.009607996814591997,-0.05816090055260583,-0.023487699131707573,-0.016179347188425074,0.2103895073799279,-0.03707202918461854,6.717,0.0,2.0,600.0,0.0,1.0,1.0,0.0,0.0,256.0,1.0,10.0,6.0,0.8318367346938775,0.0,0.0,0.0,329.0,78968.0,4200.0,0.0,0,0.0,466.0,168372
8460932,2024-12-04 04:25:12+00:00,1,"[1, 1, 1, 1, 1, 1, 1, 1, 1, 1, 1, 1, 1, 1, 1, 1, 1, 1, 1, 1, 1, 1, 1, 1, 1, 1]","[1, 1, 1, 1, 1, 1, 1, 1, 1, 1, 1, 1, 1, 1, 1, 1, 1, 1, 1, 1]",45000.0,392.0,0.10602795566726171,-0.6114337137678488,-0.054488959167710314,0.004753338369163321,0.41236787050388063,0.22755275636556374,-0.16547143701628758,-0.03231283449775203,0.1740873916033103,0.0778669440877906,0.035324081286162975,0.07090034106747711,0.13238330771477913,-0.01066169917084148,-0.03481326916714037,0.13611650753568505,0.06852539126647902,0.09263075257175206,0.02313302321270807,-0.008431530244752898,-0.009607996814591997,0.15904631144217646,-0.023487699131707573,-0.016179347188425074,0.015592503790590144,-0.018828211620055532,6.717,0.0,2.0,80.0,0.7911125319693095,16.0,1.0,1.0,1.0,21.0,0.0,1.0,13.0,3.991130820399113,0.0,0.0,0.0,1.0,78968.0,4208.0,1.0,0,21.0,334.0,90822
8471058,2024-12-08 01:03:33+00:00,1,,"[0, 1, 1, 1, 1, 1, 1, 1, 1, 1, 1, 1, 1, 1, 1, 1, 1, 1, 1]",12415.0,16317.0,0.10612209801168822,-0.6114337137678488,-0.054488959167710314,0.2259612567881653,0.11939328962621384,0.22755275636556374,0.1880244731129659,0.030500288512228284,-0.04317344340611509,0.0778669440877906,0.08779149858909129,-0.0069440649306055586,-0.026172253256940618,0.14199482941539582,-0.03481326916714037,0.13611650753568505,0.06852539126647902,0.09263075257175206,0.02313302321270807,-0.008431530244752898,-0.009607996814591997,0.15904631144217646,-0.023487699131707573,0.05393564252282038,0.13525803582801485,-0.03707202918461854,6.717,0.0,1.0,186.0,0.763157894736842,2.0,8.0,0.0,0.0,29.0,1.0,2.0,7.0,1.1416091954022989,0.0,0.0,0.0,1.0,7854.0,4441.0,0.9947368421052631,0,47.0,393.0,106101
8406542,2024-12-05 07:10:24+00:00,0,[1],,31001.0,702.0,0.1063122638143579,-0.6114337137678488,0.26094868650223196,0.004753338369163321,-0.06670879924340213,0.22755275636556374,0.14385053025774988,-0.03231283449775203,0.1740873916033103,0.0778669440877906,-0.07791647071836902,-0.0069440649306055586,0.13238330771477913,0.25953741616204173,-0.03481326916714037,-0.1482292857992833,0.06852539126647902,0.09263075257175206,0.02313302321270807,-0.008431530244752898,0.08965056778496559,-0.05816090055260583,0.04284707524103316,-0.016179347188425074,-0.053592719399028974,-0.018828211620055532,6.717,300.0,2.0,347.0,1.0,4.0,1.0,1.0,0.0,2.0,1.0,1.0,4.0,1.2513017154389505,1.0,0.0,0.0,1.0,78968.0,1160.0,0.0,1,0.0,5.0,65368
8464915,2024-12-05 23:24:05+00:00,1,"[1, 1, 1]",,19189.0,351.0,0.1066804886262217,-0.6114337137678488,0.26094868650223196,-0.1165395030712408,-0.05738860713727523,0.22755275636556374,0.1880244731129659,0.4065249203285951,0.1740873916033103,-0.048236128980226715,-0.09921592132150975,0.07090034106747711,0.13238330771477913,-0.15334582495827825,-0.03481326916714037,-0.1482292857992833,0.06852539126647902,0.09263075257175206,0.02313302321270807,-0.008431530244752898,-0.039768111103099996,-0.05816090055260583,-0.023487699131707573,0.22505449144967976,-0.053592719399028974,-0.018828211620055532,6.717,3114.0,3.0,298.0,1.0,2.0,14.0,1.0,3.0,1.0,0.0,1.0,16.0,1.382990990990991,1.0,0.0,0.0,1.0,78968.0,8286.099999999991,0.0,0,123.0,271.0,95999
8436718,2024-12-02 04:09:14+00:00,1,,,19339.0,16317.0,0.10677143392418771,-0.6114337137678488,-0.054488959167710314,0.2259612567881653,-0.06670879924340213,-0.07412946629464255,0.4194777125113977,-0.03231283449775203,-0.04317344340611509,0.0778669440877906,0.47611841736311766,0.07090034106747711,-0.026172253256940618,0.14199482941539582,0.28748156146469017,-0.1482292857992833,0.06852539126647902,0.09263075257175206,-0.08168565936984104,-0.008431530244752898,-0.039768111103099996,-0.05816090055260583,-0.023487699131707573,-0.016179347188425074,0.006896750883670848,0.141236061144545,6.717,0.0,1.0,514.0,0.0,1.0,2.0,0.0,0.0,75.0,0.0,10.0,6.0,0.7758876629889669,1.0,0.0,0.0,329.0,78968.0,4500.0,0.0,0,0.0,299.0,5
8459910,2024-12-03 23:11:47+00:00,1,,"[1, 1, 1, 1, 1, 1, 1, 1, 1, 1, 1, 1, 1, 1, 1, 1, 1, 1, 1, 1, 1, 1, 1, 1, 1, 1]",21219.0,16317.0,0.10721577261755347,-0.6114337137678488,0.26094868650223196,0.2259612567881653,-0.06670879924340213,0.22755275636556374,0.01584713069282676,0.4065249203285951,-0.04317344340611509,0.0778669440877906,-0.07791647071836902,0.07090034106747711,-0.026172253256940618,-0.10985411191684905,-0.03481326916714037,0.13611650753568505,0.06852539126647902,-0.3012493410357806,0.02313302321270807,-0.008431530244752898,-0.039768111103099996,0.15904631144217646,-0.023487699131707573,-0.016179347188425074,0.04095250473658998,-0.018828211620055532,6.717,2351.0,1.0,340.0,0.9912280701754386,6.0,14.0,0.0,1.0,2.0,0.0,10.0,15.0,1.4312984822934234,0.0,0.0,1.0,1.0,78968.0,8167.0,1.0,0,8.0,368.0,57784
8465795,2024-12-06 02:48:27+00:00,0,"[1, 1, 1, 1, 1, 1, 1, 1, 1, 1, 1]","[1, 1]",15437.0,726.0,0.1075310511228849,-0.6114337137678488,0.26094868650223196,0.004753338369163321,-0.05738860713727523,0.22755275636556374,0.14385053025774988,0.030500288512228284,0.1740873916033103,0.0778669440877906,-0.07791647071836902,0.07090034106747711,0.13238330771477913,-0.01066169917084148,-0.03481326916714037,-0.1482292857992833,0.06852539126647902,0.09263075257175206,0.02313302321270807,-0.008431530244752898,-0.039768111103099996,0.15904631144217646,0.04284707524103316,0.22505449144967976,-0.053592719399028974,-0.03707202918461854,6.717,248.0,2.0,226.0,1.0,3.0,9.0,1.0,0.0,2.0,0.0,1.0,13.0,1.208375733855186,1.0,0.0,0.0,1.0,78968.0,5834.0,1.0,1,63.0,189.0,161135
8431331,2024-12-02 01:14:42+00:00,1,,"[1, 1, 1, 1, 1, 1, 1, 1, 1, 1, 1, 1, 1, 1, 1, 1, 1, 1, 1, 1, 1, 1, 1, 1, 1, 1, 1, 1, 1, 1, 1, 1, 1, 1, 1, 1, 1, 1, 1]",19970.0,16317.0,0.1075542234854117,-0.6114337137678488,0.23990797722314114,0.2259612567881653,-0.06670879924340213,0.22755275636556374,-0.16547143701628758,-0.03231283449775203,-0.04317344340611509,0.0778669440877906,0.035324081286162975,-0.0069440649306055586,-0.026172253256940618,0.20995636990242048,-0.03481326916714037,0.13611650753568505,-0.12296996338010098,0.09263075257175206,0.02313302321270807,-0.008431530244752898,-0.009607996814591997,0.15904631144217646,-0.023487699131707573,0.22505449144967976,0.2103895073799279,-0.0035377154089891926,6.717,66.0,1.0,314.0,1.0,22.0,5.0,0.0,1.0,23.0,1.0,10.0,5.0,1.3916376306620208,0.0,1.0,0.0,1.0,78968.0,3656.0,1.0,0,56.0,457.0,53166
8467132,2024-12-06 22:31:48+00:00,1,"[0, 0, 0, 0, 1, 1, 0, 0, 1, 0, 1, 0, 1, 0, 1, 0, 0, 1, 0, 1, 1, 0, 1, 0, 0, 1, 0, 0, 1, 0, 0, 1, 0, 1, 0, 1, 1, 0, 1, 0, 0, 1, 1, 1, 1, 1, 1, 0, 1, 0, 1, 0, 1, 1, 0, 0, 0, 1, 1, 1, 1, 1]",,27965.0,380.0,0.10803003358620682,-0.6114337137678488,0.23990797722314114,0.2259612567881653,0.41236787050388063,-0.07412946629464255,0.4194777125113977,-0.03231283449775203,-0.04317344340611509,-0.048236128980226715,-0.07791647071836902,-0.0069440649306055586,-0.026172253256940618,0.14199482941539582,-0.03481326916714037,-0.1482292857992833,0.06852539126647902,0.09263075257175206,0.02313302321270807,-0.008431530244752898,-0.009607996814591997,-0.05816090055260583,-0.023487699131707573,-0.016179347188425074,-0.053592719399028974,0.141236061144545,6.717,103.0,1.0,88.0,0.016129032258064516,1.0,6.0,0.5161290322580645,3.0,3.0,1.0,3.0,6.0,1.1737177872911946,1.0,0.0,0.0,57.0,78968.0,3467.0,0.0,0,26.0,185.0,10
8437732,2024-12-03 01:29:45+00:00,1,"[1, 1, 1, 1, 1, 1, 1, 1, 1, 1, 1, 1, 1, 1, 1, 1, 1, 1, 1, 1, 1, 1, 1]","[0, 0, 0, 0, 0, 0, 0, 0, 0, 0, 0, 0, 0, 0, 0, 0, 0, 0, 0, 0, 1, 1, 1, 1, 1, 1, 1, 1, 1, 1, 1, 1, 1, 1, 1, 1, 1, 1, 1, 1, 1, 1, 1, 1, 1, 1, 1, 1]",35000.0,715.0,0.1087164502360967,-0.6114337137678488,0.23990797722314114,0.2259612567881653,-0.05738860713727523,-0.05564041606933876,-0.043774865933036713,-0.03231283449775203,0.1740873916033103,0.0778669440877906,-0.07791647071836902,0.07090034106747711,0.13238330771477913,0.27517336419933297,-0.03481326916714037,-0.1482292857992833,0.06852539126647902,0.09263075257175206,0.02313302321270807,-0.008431530244752898,-0.039768111103099996,-0.05484988672575293,-0.023487699131707573,0.22505449144967976,0.04095250473658998,0.141236061144545,6.717,111.0,1.0,238.0,0.5104166666666666,8.0,6.0,1.0,1.0,2.0,0.0,1.0,3.0,1.138803930500423,1.0,0.0,0.0,1.0,1608.0,7870.0,0.8214285714285714,0,55.0,357.0,10
8439226,2024-12-03 06:39:18+00:00,1,,,17623.0,16317.0,0.10885832805773471,-0.6114337137678488,0.26094868650223196,0.2259612567881653,-0.06670879924340213,-0.07412946629464255,0.1880244731129659,0.030500288512228284,-0.04317344340611509,-0.048236128980226715,-0.07791647071836902,0.07090034106747711,-0.026172253256940618,0.08251752792097579,0.28748156146469017,-0.1482292857992833,0.06852539126647902,0.09263075257175206,0.02313302321270807,-0.008431530244752898,-0.009607996814591997,-0.05816090055260583,-0.023487699131707573,0.22505449144967976,-0.053592719399028974,-0.018828211620055532,6.717,2484.0,1.0,369.0,0.0,2.0,12.0,0.0,3.0,8.0,0.0,10.0,8.0,0.9970579915134371,1.0,0.0,0.0,1.0,78968.0,4250.0,0.0,0,55.0,258.0,62223
8472483,2024-12-08 05:24:20+00:00,0,"[1, 1, 1]","[1, 1, 1, 1, 1, 1, 1, 1, 1, 1, 1, 1, 1, 1]",22722.0,240.0,0.10918131682563108,-0.6114337137678488,-0.054488959167710314,0.2259612567881653,-0.05738860713727523,0.22755275636556374,0.4194777125113977,-0.03231283449775203,0.1740873916033103,0.0778669440877906,-0.07791647071836902,0.07090034106747711,0.13238330771477913,0.25953741616204173,-0.03481326916714037,0.13611650753568505,-0.12296996338010098,0.09263075257175206,0.02313302321270807,-0.008431530244752898,0.04544625733308562,0.15904631144217646,0.04284707524103316,-0.016179347188425074,0.04095250473658998,0.141236061144545,6.717,0.0,1.0,231.0,0.7552083333333334,1.0,3.0,1.0,1.0,4.0,0.0,1.0,4.0,1.1865274151436032,0.0,1.0,0.0,1.0,78968.0,2581.0,1.0,1,3.0,366.0,21885
8470454,2024-12-07 23:13:39+00:00,1,,"[0, 0, 0, 0, 0, 0, 0, 0, 0, 0, 0, 0, 1, 1, 1, 1, 1, 1, 1, 1, 1, 1, 1, 1, 1, 1, 1, 1, 1, 1, 1, 1]",24048.0,16317.0,0.10943012896147175,-0.6114337137678488,0.26094868650223196,0.004753338369163321,-0.05738860713727523,0.22755275636556374,-0.043774865933036713,0.4065249203285951,-0.04317344340611509,-0.048236128980226715,-0.09921592132150975,-0.0069440649306055586,-0.026172253256940618,0.021081495765742912,-0.03481326916714037,0.13611650753568505,0.06852539126647902,0.09263075257175206,0.02313302321270807,-0.008431530244752898,-0.039768111103099996,-0.05484988672575293,-0.023487699131707573,-0.016179347188425074,0.2103895073799279,-0.0035377154089891926,6.717,500.0,2.0,270.0,0.7578125,8.0,16.0,0.0,3.0,1.0,1.0,9.0,11.0,1.1979078455790784,0.0,0.0,0.0,1.0,4894.0,5120.0,0.8522727272727273,0,12.0,455.0,49553
8471705,2024-12-08 02:48:55+00:00,1,,,19936.0,16317.0,0.10966772658437637,-0.6114337137678488,0.26094868650223196,0.2259612567881653,-0.06670879924340213,-0.07412946629464255,0.14385053025774988,0.030500288512228284,-0.04317344340611509,0.0778669440877906,-0.07791647071836902,-0.0069440649306055586,-0.026172253256940618,0.27517336419933297,0.28748156146469017,0.13611650753568505,0.06852539126647902,0.09263075257175206,-0.08168565936984104,-0.008431530244752898,-0.039768111103099996,-0.05816090055260583,-0.023487699131707573,-0.016179347188425074,-0.053592719399028974,0.008044419973869708,6.717,8134.0,1.0,337.0,0.0,3.0,9.0,0.0,0.0,3.0,1.0,10.0,3.0,1.0026655937232811,0.0,0.0,0.0,329.0,2269.0,5000.0,0.0,0,8.0,79.0,45464
8461517,2024-12-08 01:01:48+00:00,1,,"[1, 1, 1, 1, 1, 1, 1, 1, 1, 1, 1, 1, 1, 1, 1, 1, 1, 1, 1, 1, 1, 1, 1, 1, 1, 1, 1, 1, 1, 1, 1, 1, 0, 1, 1, 1, 1, 1, 1, 1, 1, 1, 1, 1, 1, 1, 1, 1, 1, 1, 1, 1, 1, 1, 1, 1, 1, 1, 1, 1, 1, 1, 1, 1, 1, 1, 1, 1, 1, 1, 1, 1]",39577.0,16317.0,0.10996255344306052,-0.6114337137678488,0.26094868650223196,0.2259612567881653,-0.05738860713727523,0.17561735485816402,-0.043774865933036713,0.030500288512228284,-0.04317344340611509,0.0778669440877906,-0.07791647071836902,-0.0069440649306055586,-0.026172253256940618,0.14199482941539582,-0.03481326916714037,0.13611650753568505,0.06852539126647902,0.09263075257175206,0.02313302321270807,-0.008431530244752898,-0.039768111103099996,0.15904631144217646,0.04284707524103316,-0.016179347188425074,0.13525803582801485,0.008044419973869708,6.717,165.0,1.0,247.0,0.7291666666666666,7.0,12.0,0.0,1.0,3.0,1.0,10.0,7.0,1.249155698639649,0.0,0.0,0.0,1.0,78968.0,6458.0,0.9874429223744292,1,20.0,388.0,41824
8466263,2024-12-06 04:27:47+00:00,1,"[1, 1, 0, 1, 1, 1, 1]","[1, 1, 1, 1, 1, 1, 1, 1, 1]",33654.0,791.0,0.10996593954218856,-0.6114337137678488,0.26094868650223196,-0.5083517388880758,0.11939328962621384,0.22755275636556374,-0.16547143701628758,0.4065249203285951,-0.04317344340611509,0.0778669440877906,-0.07791647071836902,0.07090034106747711,-0.026172253256940618,-0.46958011525157795,0.16413019796925432,-0.1482292857992833,0.06852539126647902,0.09263075257175206,0.02313302321270807,-0.008431530244752898,-0.039768111103099996,0.15904631144217646,0.04284707524103316,0.22505449144967976,-0.053592719399028974,0.008044419973869708,6.717,6173.0,8.0,170.0,0.9183673469387755,31.0,18.0,0.8571428571428571,0.0,4.0,0.0,2.0,67.0,1.1199334442595674,1.0,0.0,0.0,1.0,1032.0,8036.0,1.0,1,112.0,221.0,40645
8439086,2024-12-03 06:09:41+00:00,1,"[0, 0, 0, 1, 0, 1, 1, 0, 1, 0, 0, 0, 1, 1, 1, 1, 1, 1, 1, 1, 1, 1, 1, 1, 1, 1, 1, 1, 1, 1, 1, 1, 1, 1, 1, 1, 1, 1, 1, 1, 1, 1, 1, 1, 1, 1, 1, 1, 1, 1, 1, 1, 1, 1, 1, 1, 1, 1, 1, 1]",,24422.0,386.0,0.11016148362218567,-0.6114337137678488,0.23990797722314114,0.004753338369163321,0.11939328962621384,-0.07412946629464255,-0.16547143701628758,-0.03231283449775203,-0.04317344340611509,0.0778669440877906,0.035324081286162975,-0.09236929204096728,-0.026172253256940618,0.08251752792097579,0.28748156146469017,0.13611650753568505,-0.12296996338010098,0.09263075257175206,0.02313302321270807,-0.008431530244752898,-0.039768111103099996,-0.05816090055260583,-0.023487699131707573,-0.016179347188425074,0.2103895073799279,0.141236061144545,6.717,50.0,2.0,184.0,0.016666666666666666,162.0,1.0,0.8666666666666667,1.0,21.0,99.0,8.0,8.0,0.7492330347281875,0.0,16.0,0.0,1.0,4569.0,5500.0,0.0,0,25.0,444.0,35
8472710,2024-12-08 06:27:26+00:00,1,"[1, 1, 1, 1, 1, 1, 1, 0, 1, 1, 0, 1, 1, 1, 1, 1, 1, 1, 1, 1, 1, 1, 1, 1, 1, 1, 1, 1, 1, 1, 1, 1, 1, 1]","[1, 1, 1, 1, 1, 1, 1, 1, 1, 1]",12436.0,364.0,0.11055304347578551,-0.6114337137678488,-0.054488959167710314,-0.23295731524514138,0.41236787050388063,0.17561735485816402,-0.14267212177429597,-0.03231283449775203,0.1740873916033103,0.0778669440877906,0.2659552272166623,-0.0069440649306055586,-0.026172253256940618,0.021081495765742912,-0.03481326916714037,0.13611650753568505,0.06852539126647902,0.09263075257175206,0.02313302321270807,-0.008431530244752898,-0.039768111103099996,0.15904631144217646,-0.023487699131707573,-0.016179347188425074,-0.053592719399028974,-0.03707202918461854,6.717,0.0,4.0,94.0,0.6176470588235294,9.0,1.0,0.9411764705882353,0.0,38.0,1.0,2.0,9.0,1.2528712472294983,0.0,0.0,0.0,1.0,887.0,5500.0,1.0,0,11.0,245.0,126711
8464711,2024-12-05 22:03:54+00:00,0,"[0, 0, 0, 0, 0, 1, 1, 1, 0, 0, 1, 1, 1, 1, 1, 1, 1, 1, 1, 1, 1, 1, 1, 1, 1, 1, 1, 1, 1, 1, 1, 1, 1, 1]","[1, 1, 1, 1, 1, 1, 1, 1, 1, 1, 1, 1, 1, 1, 1, 1, 1, 1, 1, 1, 1, 1, 1, 1, 1]",35112.0,659.0,0.11055905029395395,-0.6114337137678488,-0.054488959167710314,0.2259612567881653,-0.06670879924340213,0.17561735485816402,-0.14267212177429597,0.4065249203285951,-0.04317344340611509,-0.048236128980226715,-0.07791647071836902,-0.0069440649306055586,-0.026172253256940618,-0.01066169917084148,-0.03481326916714037,-0.1482292857992833,0.06852539126647902,0.09263075257175206,0.02313302321270807,-0.008431530244752898,0.08965056778496559,0.15904631144217646,0.04284707524103316,0.22505449144967976,-0.053592719399028974,0.008044419973869708,6.717,0.0,1.0,306.0,0.676470588235294,11.0,13.0,0.7941176470588235,3.0,2.0,1.0,3.0,13.0,1.1684525790349418,1.0,0.0,0.0,1.0,1662.0,2550.0,1.0,1,58.0,246.0,43801
8464054,2024-12-06 04:15:50+00:00,1,"[0, 0, 0, 1, 1, 1, 1, 1, 1, 1, 1, 1, 1, 1, 1, 1, 1, 1, 1, 1, 1, 1, 1, 1, 1, 1, 1, 1, 1, 1, 1, 1, 1, 1, 1, 1]",,24922.0,16317.0,0.11061000450589313,-0.6114337137678488,-0.054488959167710314,0.2259612567881653,-0.05738860713727523,-0.07412946629464255,-0.16547143701628758,0.4065249203285951,-0.04317344340611509,0.0778669440877906,-0.07791647071836902,-0.0069440649306055586,-0.026172253256940618,0.021081495765742912,0.28748156146469017,0.13611650753568505,0.06852539126647902,0.09263075257175206,0.02313302321270807,-0.008431530244752898,-0.039768111103099996,-0.05816090055260583,0.04284707524103316,-0.016179347188425074,0.04095250473658998,-0.018828211620055532,6.717,0.0,1.0,286.0,0.023504273504273504,14.0,15.0,0.9166666666666666,1.0,9.0,1.0,10.0,9.0,1.0245426515930114,0.0,0.0,0.0,1.0,78968.0,5325.0,0.0,1,23.0,370.0,83683
8470477,2024-12-07 23:20:17+00:00,1,,"[1, 1, 0, 0, 0, 0, 0, 1, 1, 1, 1, 0, 1, 1, 1, 1, 1, 0, 0, 1, 0, 1, 1, 1, 1, 0, 0, 0, 0, 1, 1, 1]",45000.0,16317.0,0.11140461556009935,-0.6114337137678488,0.23990797722314114,0.2259612567881653,-0.05738860713727523,-0.05564041606933876,-0.14267212177429597,0.030500288512228284,-0.04317344340611509,0.0778669440877906,-0.07791647071836902,-0.09236929204096728,-0.026172253256940618,0.25953741616204173,-0.03481326916714037,0.13611650753568505,0.06852539126647902,0.09263075257175206,0.02313302321270807,-0.008431530244752898,-0.009607996814591997,-0.05816090055260583,-0.023487699131707573,0.22505449144967976,0.13525803582801485,0.141236061144545,6.717,52.0,1.0,260.0,0.546875,10.0,10.0,0.0,1.0,7.0,2.0,10.0,4.0,1.6,0.0,0.0,0.0,1.0,535.0,3560.0,0.6117424242424242,0,80.0,408.0,0
8315912,2024-12-04 00:16:24+00:00,1,,"[1, 0, 0, 0, 0, 1, 1, 1, 1, 0, 0, 0, 0, 0, 0, 0, 1, 1, 0, 0, 1, 1]",14600.0,16317.0,0.11154189184075564,-0.6114337137678488,0.26094868650223196,0.2259612567881653,0.11939328962621384,-0.07412946629464255,-0.043774865933036713,0.030500288512228284,-0.04317344340611509,-0.048236128980226715,-0.06544171956609646,-0.09236929204096728,-0.026172253256940618,0.021081495765742912,0.28748156146469017,0.13611650753568505,0.06852539126647902,0.09263075257175206,0.02313302321270807,-0.008431530244752898,-0.039768111103099996,-0.05816090055260583,-0.023487699131707573,-0.016179347188425074,-0.053592719399028974,-0.018828211620055532,6.717,500.0,1.0,182.0,0.046919038408400116,7.0,11.0,0.0,3.0,16.0,3.0,10.0,9.0,0.9614118266824707,0.0,0.0,0.0,1.0,78968.0,7885.0,0.4308300395256917,0,6.0,240.0,72300
8460336,2024-12-04 00:53:55+00:00,1,[1],"[1, 1, 1, 1, 1, 1, 1, 1, 1, 1, 1, 1, 1, 1, 1]",27083.0,475.0,0.11164011436674143,-0.6114337137678488,0.26094868650223196,-0.1165395030712408,-0.06670879924340213,0.17561735485816402,-0.16547143701628758,0.4065249203285951,0.1740873916033103,0.0778669440877906,-0.07791647071836902,-0.09236929204096728,-0.026172253256940618,-0.3292197513569699,-0.03481326916714037,-0.1482292857992833,0.06852539126647902,0.09263075257175206,0.02313302321270807,-0.008431530244752898,-0.039768111103099996,0.15904631144217646,-0.023487699131707573,0.05393564252282038,-0.053592719399028974,0.008044419973869708,6.717,318.0,3.0,383.0,0.7422126745435016,33.0,43.0,1.0,1.0,2.0,15.0,10.0,26.0,1.2657973452981865,1.0,0.0,0.0,1.0,78968.0,7800.0,1.0,0,50.0,269.0,37103
8461887,2024-12-06 01:58:47+00:00,0,"[1, 1, 1, 1, 1]",,23755.0,295.0,0.11201997203314366,-0.6114337137678488,0.23990797722314114,0.2259612567881653,-0.06670879924340213,0.22755275636556374,0.1880244731129659,-0.03231283449775203,0.1740873916033103,0.0778669440877906,-0.07791647071836902,-0.0069440649306055586,0.13238330771477913,0.25953741616204173,-0.03481326916714037,-0.1482292857992833,0.06852539126647902,0.09263075257175206,-0.08168565936984104,-0.008431530244752898,0.04544625733308562,-0.05816090055260583,0.04284707524103316,-0.016179347188425074,-0.053592719399028974,-0.018828211620055532,6.717,96.0,1.0,344.0,1.0,2.0,1.0,1.0,0.0,2.0,1.0,1.0,4.0,1.3361268912762247,1.0,0.0,0.0,329.0,78968.0,3000.0,0.0,1,7.0,12.0,74533
8469677,2024-12-07 06:43:34+00:00,1,"[0, 1, 1, 0, 1, 1, 1, 1, 1, 1, 1, 1, 0, 1, 1, 1, 1, 1, 1, 0, 0, 0, 0, 1, 1, 1, 1, 1, 1, 1]","[1, 1, 1, 1, 1, 1, 1, 1, 1, 1, 1]",32310.0,356.0,0.11203703614081369,-0.6114337137678488,0.23990797722314114,-0.1165395030712408,-0.05738860713727523,0.17561735485816402,-0.16547143701628758,0.030500288512228284,-0.04317344340611509,0.0778669440877906,-0.07791647071836902,0.07090034106747711,-0.026172253256940618,-0.2062583476798761,0.28748156146469017,0.13611650753568505,0.06852539126647902,0.09263075257175206,0.02313302321270807,-0.008431530244752898,-0.039768111103099996,0.15904631144217646,-0.023487699131707573,0.22505449144967976,0.006896750883670848,0.008044419973869708,6.717,28.0,3.0,272.0,0.6777777777777777,31.0,8.0,0.7666666666666667,0.0,2.0,0.0,3.0,20.0,0.8263427109974425,0.0,0.0,0.0,1.0,464.0,6500.0,1.0,0,56.0,300.0,26583
8470008,2024-12-07 09:06:06+00:00,1,,"[1, 1, 1, 1, 1, 1, 1, 1, 1, 1, 1, 1, 1, 1, 1, 1, 1, 1, 1, 1, 1, 1, 1, 1, 1, 1, 1, 1, 1, 1, 1, 1, 1, 1, 1, 1, 1, 1, 1, 1, 1, 1, 1, 1, 1, 1, 1, 1]",21783.0,16317.0,0.11212518217754279,-0.6114337137678488,-0.054488959167710314,0.004753338369163321,0.11939328962621384,0.22755275636556374,0.01584713069282676,-0.03231283449775203,-0.04317344340611509,0.0778669440877906,0.08779149858909129,-0.09236929204096728,0.13238330771477913,0.021081495765742912,0.28748156146469017,0.13611650753568505,0.06852539126647902,0.09263075257175206,0.02313302321270807,-0.008431530244752898,-0.009607996814591997,0.15904631144217646,-0.023487699131707573,-0.016179347188425074,-0.053592719399028974,0.008044419973869708,6.717,0.0,2.0,186.0,1.0,5.0,2.0,0.0,0.0,29.0,2.0,1.0,9.0,1.0238777908343126,0.0,0.0,0.0,1.0,78968.0,4287.0,1.0,0,15.0,133.0,39999
8468284,2024-12-07 02:00:48+00:00,0,,,1637.0,16317.0,0.11230794838455177,-0.6114337137678488,-0.054488959167710314,0.2259612567881653,-0.06670879924340213,-0.07412946629464255,-0.16547143701628758,-0.03231283449775203,-0.04317344340611509,0.0778669440877906,0.47611841736311766,-0.09236929204096728,-0.026172253256940618,0.27517336419933297,0.28748156146469017,0.13611650753568505,-0.12296996338010098,0.09263075257175206,-0.08168565936984104,0.12181209640599021,0.04544625733308562,-0.05816090055260583,0.04284707524103316,-0.016179347188425074,-0.053592719399028974,-0.018828211620055532,6.717,0.0,1.0,600.0,0.0,162.0,0.0,0.0,0.0,109.0,99.0,10.0,3.0,0.11630550621669627,0.0,16.0,0.0,329.0,93.0,3100.0,0.0,1,0.0,234.0,88379
8467272,2024-12-06 21:34:54+00:00,1,"[1, 1, 1, 1, 1, 1, 1, 1, 1, 1, 1, 1, 1, 1, 1]","[1, 1, 1, 1, 1, 1, 1, 1, 1, 1, 1, 1, 1, 1, 1, 1, 1, 1, 1, 1, 1, 0, 1, 1, 1, 1, 1, 1, 1, 1, 1, 1, 1]",45000.0,16317.0,0.11257217638472661,-0.6114337137678488,-0.054488959167710314,0.2259612567881653,-0.06670879924340213,0.22755275636556374,-0.16547143701628758,-0.03231283449775203,0.1740873916033103,0.0778669440877906,0.2659552272166623,-0.09236929204096728,-0.026172253256940618,0.27517336419933297,-0.03481326916714037,0.13611650753568505,-0.12296996338010098,0.09263075257175206,0.02313302321270807,-0.008431530244752898,-0.009607996814591997,0.15904631144217646,-0.023487699131707573,-0.016179347188425074,0.015592503790590144,0.141236061144545,6.717,0.0,1.0,600.0,0.8333333333333333,162.0,1.0,1.0,0.0,45.0,99.0,10.0,3.0,1.6,0.0,16.0,0.0,1.0,78968.0,3803.0,0.9607843137254902,0,0.0,328.0,0
8471939,2024-12-08 03:33:42+00:00,0,,"[0, 0, 0, 0, 0, 0, 0, 0, 0, 0, 0, 0, 0, 0, 0, 0, 0, 0, 0, 0, 0, 0, 0, 0, 0, 0, 0, 0, 0, 0, 0, 0, 0, 0, 0, 0, 0, 0, 0, 0, 0, 0, 0, 0, 0, 0, 0, 0, 0, 0, 0, 0, 0, 0, 0, 0, 0, 0, 0, 1, 0, 0, 0, 0, 0, 0, 0, 0, 0, 0, 0, 1, 1, 1]",11360.0,16317.0,0.11296013982452449,-0.6114337137678488,-0.054488959167710314,0.2259612567881653,-0.05738860713727523,-0.07412946629464255,0.4194777125113977,-0.03231283449775203,-0.04317344340611509,-0.048236128980226715,0.47611841736311766,0.07090034106747711,-0.026172253256940618,0.47334886807418025,-0.03481326916714037,0.13611650753568505,0.06852539126647902,0.09263075257175206,-0.08168565936984104,-0.008431530244752898,0.08965056778496559,-0.05816090055260583,0.04284707524103316,-0.016179347188425074,-0.053592719399028974,-0.018828211620055532,6.717,0.0,1.0,300.0,0.02084126379901028,1.0,0.0,0.0,3.0,77.0,0.0,9.0,2.0,1.3404129793510324,0.0,0.0,0.0,137.0,1165.0,2160.0,0.10054054054054054,1,0.0,281.0,94830
8470267,2024-12-07 22:32:05+00:00,1,"[1, 1, 1, 1, 1, 1, 1, 1, 1, 1, 1]",,18060.0,280.0,0.11300633631982497,-0.6114337137678488,0.23990797722314114,0.2259612567881653,0.11939328962621384,0.22755275636556374,0.14385053025774988,-0.03231283449775203,0.1740873916033103,0.0778669440877906,-0.07791647071836902,-0.0069440649306055586,0.13238330771477913,-0.01066169917084148,-0.03481326916714037,0.13611650753568505,0.06852539126647902,0.09263075257175206,-0.08168565936984104,-0.008431530244752898,-0.039768111103099996,-0.05816090055260583,0.04284707524103316,0.05393564252282038,-0.053592719399028974,-0.018828211620055532,6.717,71.0,1.0,184.0,1.0,4.0,4.0,1.0,0.0,11.0,1.0,1.0,12.0,1.2637324190049681,0.0,0.0,0.0,329.0,78968.0,5800.0,0.0,1,37.0,16.0,71100
8465236,2024-12-06 00:37:23+00:00,1,"[1, 1, 1, 1, 1, 1, 1, 1, 1, 1, 1, 1, 1, 1]","[0, 0, 0, 0, 0, 0, 0, 0, 0, 0, 0, 0, 0, 0, 0, 0, 0, 0, 0, 0, 0, 1, 1, 1, 1, 1, 1, 1, 1, 1, 0, 0, 0]",13668.0,572.0,0.11358859310709159,-0.6114337137678488,-0.054488959167710314,0.004753338369163321,0.41236787050388063,0.17561735485816402,0.14385053025774988,0.030500288512228284,0.1740873916033103,-0.048236128980226715,-0.07791647071836902,-0.0069440649306055586,-0.026172253256940618,0.20995636990242048,-0.03481326916714037,0.13611650753568505,0.06852539126647902,0.09263075257175206,0.02313302321270807,-0.008431530244752898,-0.009607996814591997,-0.05816090055260583,0.04284707524103316,-0.016179347188425074,-0.053592719399028974,-0.018828211620055532,6.717,7.0,2.0,116.0,0.6767676767676768,4.0,9.0,1.0,3.0,4.0,1.0,9.0,5.0,1.3269902912621359,0.0,0.0,0.0,1.0,15924.0,4330.0,0.41711229946524064,1,21.0,251.0,87480
8469463,2024-12-07 05:55:36+00:00,1,"[1, 1, 1, 1, 1, 1, 1, 1, 1, 1, 1, 1]","[1, 1, 1, 1, 1, 1, 1, 1, 1]",27832.0,450.0,0.11410924001980603,-0.6114337137678488,0.26094868650223196,-0.1165395030712408,0.11939328962621384,0.17561735485816402,0.14385053025774988,0.030500288512228284,0.1740873916033103,0.0778669440877906,-0.07791647071836902,0.07090034106747711,-0.026172253256940618,0.021081495765742912,-0.03481326916714037,0.13611650753568505,0.06852539126647902,-0.3012493410357806,0.02313302321270807,-0.008431530244752898,-0.039768111103099996,0.15904631144217646,-0.023487699131707573,0.05393564252282038,0.015592503790590144,-0.018828211620055532,6.717,1321.0,3.0,164.0,0.7261904761904762,3.0,11.0,1.0,0.0,2.0,0.0,2.0,9.0,1.2546544651309561,0.0,0.0,1.0,1.0,12546.0,6250.0,1.0,0,50.0,329.0,61074
8460942,2024-12-04 03:16:33+00:00,1,"[1, 1, 1, 1, 1, 1, 1, 1, 1, 1, 1, 1, 1, 1, 1, 1, 1, 1, 1, 1, 1, 1, 1, 1, 1, 1, 1, 1, 1, 1, 1, 1, 1]",,35000.0,650.0,0.11419492151005603,-0.6114337137678488,-0.054488959167710314,0.2259612567881653,-0.05738860713727523,0.22755275636556374,0.1880244731129659,0.030500288512228284,0.1740873916033103,0.0778669440877906,-0.07791647071836902,0.07090034106747711,0.13238330771477913,0.47334886807418025,-0.03481326916714037,0.13611650753568505,0.06852539126647902,0.09263075257175206,0.02313302321270807,0.12181209640599021,-0.039768111103099996,-0.05816090055260583,-0.023487699131707573,0.05393564252282038,-0.053592719399028974,-0.018828211620055532,6.717,0.0,1.0,260.0,1.0,2.0,7.0,1.0,0.0,4.0,0.0,1.0,1.0,1.1382113821138211,0.0,0.0,0.0,1.0,186.0,8286.099999999991,0.0,0,38.0,126.0,65274
8437971,2024-12-03 02:25:14+00:00,1,"[1, 1, 1, 1, 1, 1, 1, 1, 1, 1, 1, 1, 1, 1, 1, 1, 1, 1, 1]","[1, 1, 1, 1, 1, 1, 1, 1, 1, 1, 1, 1, 1, 1, 1, 1, 1, 1, 1, 1, 1, 1]",32401.0,392.0,0.11433359447636483,-0.6114337137678488,-0.054488959167710314,0.004753338369163321,0.41236787050388063,0.22755275636556374,0.01584713069282676,-0.03231283449775203,0.1740873916033103,-0.4142474070967134,0.035324081286162975,-0.09236929204096728,0.13238330771477913,0.20995636990242048,0.16413019796925432,-0.1482292857992833,0.06852539126647902,0.09263075257175206,-0.08168565936984104,-0.008431530244752898,-0.039768111103099996,0.15904631144217646,-0.023487699131707573,-0.016179347188425074,0.13525803582801485,-0.0035377154089891926,6.717,0.0,2.0,66.0,1.0,5.0,0.0,1.0,4.0,22.0,3.0,1.0,5.0,1.1153528399311532,1.0,0.0,0.0,329.0,15672.0,4673.0,1.0,0,23.0,414.0,55855
8467143,2024-12-06 09:23:32+00:00,1,,"[1, 1, 1, 1, 1, 1, 1, 1, 1, 1, 1, 1, 1, 1, 1, 1, 1, 1, 1, 1, 1, 1, 1, 1, 1, 1, 1, 1, 1, 1, 1, 1, 1, 1, 1, 1, 1, 1, 1, 1, 1, 1, 1, 1, 1]",38552.0,16317.0,0.11434910040734168,-0.6114337137678488,0.23990797722314114,0.2259612567881653,-0.06670879924340213,0.22755275636556374,-0.16547143701628758,-0.03231283449775203,-0.04317344340611509,0.0778669440877906,-0.07791647071836902,-0.09236929204096728,-0.026172253256940618,0.27517336419933297,0.28748156146469017,-0.1482292857992833,-0.12296996338010098,0.09263075257175206,0.02313302321270807,-0.008431530244752898,-0.039768111103099996,0.15904631144217646,0.04284707524103316,-0.016179347188425074,-0.053592719399028974,0.008044419973869708,6.717,36.0,1.0,310.0,1.0,162.0,3.0,0.0,0.0,3.0,99.0,10.0,3.0,1.0126874885077097,1.0,16.0,0.0,1.0,78968.0,8286.099999999991,1.0,1,14.0,158.0,35092
8469047,2024-12-07 04:29:37+00:00,1,,,22135.0,16317.0,0.11463645238954316,-0.6114337137678488,0.26094868650223196,0.2259612567881653,-0.05738860713727523,-0.07412946629464255,0.1880244731129659,0.4065249203285951,-0.04317344340611509,0.0778669440877906,-0.07791647071836902,0.07090034106747711,-0.026172253256940618,-0.01066169917084148,-0.03481326916714037,0.13611650753568505,0.06852539126647902,-0.3012493410357806,0.02313302321270807,-0.008431530244752898,-0.039768111103099996,-0.05816090055260583,-0.023487699131707573,0.22505449144967976,-0.053592719399028974,0.008044419973869708,6.717,771.0,1.0,288.0,0.0,2.0,29.0,0.0,0.0,4.0,0.0,10.0,12.0,1.1454075032341526,0.0,0.0,1.0,1.0,6977.0,5335.0,0.0,0,69.0,195.0,33967
8353984,2024-12-05 03:51:14+00:00,0,,,31576.0,16317.0,0.11491806877160471,-0.6114337137678488,0.26094868650223196,0.2259612567881653,0.11939328962621384,-0.07412946629464255,0.01584713069282676,-0.03231283449775203,-0.04317344340611509,0.0778669440877906,-0.07791647071836902,-0.0069440649306055586,-0.026172253256940618,0.14199482941539582,-0.03481326916714037,0.13611650753568505,0.06852539126647902,0.09263075257175206,0.02313302321270807,-0.008431530244752898,0.08965056778496559,-0.05816090055260583,0.04284707524103316,-0.016179347188425074,-0.053592719399028974,-0.018828211620055532,6.717,8005.0,1.0,168.0,0.0,5.0,3.0,0.0,1.0,7.0,1.0,10.0,6.0,1.1651660516605167,0.0,0.0,0.0,2.0,78968.0,1248.0,0.0,1,29.0,53.0,80474
8468278,2024-12-07 01:59:03+00:00,1,"[1, 1, 1, 1]","[0, 0, 0, 0, 0, 0, 0, 0, 0, 0, 0, 0, 0, 0, 0, 0, 0, 0, 1, 1, 1, 1, 1, 1, 1]",15086.0,16317.0,0.11508635455576686,-0.6114337137678488,-0.054488959167710314,0.2259612567881653,0.11939328962621384,0.17561735485816402,-0.16547143701628758,-0.03231283449775203,0.1740873916033103,0.0778669440877906,-0.07791647071836902,0.07090034106747711,-0.026172253256940618,0.27517336419933297,0.28748156146469017,-0.1482292857992833,0.06852539126647902,-0.3012493410357806,0.02313302321270807,-0.008431530244752898,-0.039768111103099996,-0.05816090055260583,-0.023487699131707573,-0.016179347188425074,0.13525803582801485,0.008044419973869708,6.717,0.0,1.0,187.0,0.68,27.0,2.0,1.0,0.0,10.0,0.0,9.0,3.0,0.9443505477308294,1.0,0.0,1.0,1.0,1988.0,5000.0,0.47384615384615386,0,8.0,410.0,26875
8436782,2024-12-02 05:49:25+00:00,0,,,20126.0,16317.0,0.11522676181247173,-0.6114337137678488,-0.054488959167710314,0.2259612567881653,-0.05738860713727523,-0.07412946629464255,0.4194777125113977,0.030500288512228284,-0.04317344340611509,0.0778669440877906,-0.07791647071836902,-0.0069440649306055586,-0.026172253256940618,0.25953741616204173,0.16413019796925432,0.13611650753568505,0.06852539126647902,0.09263075257175206,0.02313302321270807,-0.008431530244752898,0.08965056778496559,-0.05816090055260583,0.04284707524103316,-0.016179347188425074,0.015592503790590144,-0.0035377154089891926,6.717,0.0,1.0,299.0,0.0,1.0,7.0,0.0,0.0,3.0,1.0,10.0,4.0,1.0604352178723853,0.0,0.0,0.0,1.0,9927.0,578.0,0.0,1,1.0,323.0,56640
8464429,2024-12-05 07:46:01+00:00,0,,,15844.0,16317.0,0.11533438436494446,-0.6114337137678488,0.26094868650223196,0.2259612567881653,-0.06670879924340213,-0.07412946629464255,0.4194777125113977,-0.03231283449775203,-0.04317344340611509,0.0778669440877906,-0.06544171956609646,0.07090034106747711,-0.026172253256940618,0.20995636990242048,-0.03481326916714037,0.13611650753568505,0.06852539126647902,0.09263075257175206,0.02313302321270807,-0.008431530244752898,0.08965056778496559,-0.05816090055260583,0.04284707524103316,-0.016179347188425074,-0.053592719399028974,-0.018828211620055532,6.717,1518.0,1.0,488.0,0.0,1.0,4.0,0.0,0.0,17.0,0.0,10.0,5.0,1.2363636363636363,0.0,0.0,0.0,1.0,78968.0,0.0,0.0,1,11.0,68.0,97882
8466872,2024-12-06 06:54:48+00:00,1,"[1, 1, 1, 1, 1, 1, 1, 1, 1, 1, 1, 1, 1, 1, 1, 1, 1, 1, 1, 1, 1, 1, 1, 1, 1, 1, 1, 1, 1, 1, 1, 1, 1, 1, 1, 1, 1, 1, 1, 1, 1, 1, 1, 1, 1, 1, 1]","[1, 1, 1, 1, 1, 1, 1, 1, 1, 1, 1, 1, 1, 1, 1, 1, 1, 1, 1, 1, 1, 1, 1, 1, 1, 1, 1, 1, 1, 1, 1, 1, 1, 1, 1, 1, 1, 1, 1, 1, 1, 1, 1, 1, 1, 1, 1, 1, 1, 1, 1, 1, 1]",27543.0,16317.0,0.11541900676509297,-0.6114337137678488,0.26094868650223196,0.2259612567881653,0.11939328962621384,0.22755275636556374,-0.14267212177429597,0.030500288512228284,0.1740873916033103,0.0778669440877906,-0.07791647071836902,-0.09236929204096728,-0.026172253256940618,0.14199482941539582,-0.03481326916714037,-0.1482292857992833,-0.12296996338010098,-0.3012493410357806,0.02313302321270807,-0.008431530244752898,-0.039768111103099996,0.15904631144217646,-0.023487699131707573,0.22505449144967976,-0.053592719399028974,0.008044419973869708,6.717,182.0,1.0,158.0,1.0,9.0,11.0,1.0,0.0,4.0,6.0,10.0,6.0,1.1988248095756258,1.0,3.0,1.0,1.0,1190.0,8112.0,1.0,0,54.0,261.0,46422
8461604,2024-12-04 05:58:00+00:00,1,,,18590.0,16317.0,0.11557556156083107,-0.6114337137678488,0.26094868650223196,0.2259612567881653,-0.06670879924340213,-0.07412946629464255,-0.16547143701628758,-0.03231283449775203,-0.04317344340611509,0.0778669440877906,0.2659552272166623,-0.09236929204096728,-0.026172253256940618,0.27517336419933297,0.28748156146469017,-0.1482292857992833,-0.12296996338010098,0.09263075257175206,0.02313302321270807,-0.008431530244752898,-0.039768111103099996,-0.05816090055260583,-0.023487699131707573,-0.016179347188425074,-0.053592719399028974,0.008044419973869708,6.717,8873.0,1.0,600.0,0.0,162.0,1.0,0.0,0.0,47.0,99.0,10.0,3.0,0.9694915254237289,1.0,16.0,0.0,1.0,78968.0,7600.0,0.0,0,1.0,1.0,46215
8211697,2024-12-08 01:38:28+00:00,1,,"[0, 0, 0, 0, 1, 0, 0, 0, 0, 1, 0, 1, 1, 1, 1, 1, 1, 1, 1, 1, 1, 1, 1, 1, 1, 1, 1, 1, 1, 1, 1, 1, 1, 1, 1, 1, 1, 1, 1, 1, 1, 1, 1, 1, 1]",26469.0,16317.0,0.11612164243896417,-0.6114337137678488,0.26094868650223196,0.2259612567881653,-0.06670879924340213,-0.07412946629464255,-0.043774865933036713,0.030500288512228284,-0.04317344340611509,0.0778669440877906,-0.06544171956609646,0.07090034106747711,-0.026172253256940618,0.27517336419933297,0.28748156146469017,-0.1482292857992833,0.06852539126647902,-0.3012493410357806,0.02313302321270807,-0.008431530244752898,-0.039768111103099996,0.15904631144217646,-0.023487699131707573,-0.016179347188425074,-0.053592719399028974,-0.0035377154089891926,6.717,346.0,1.0,428.0,0.04236111111111111,7.0,7.0,0.0,0.0,18.0,0.0,9.0,3.0,0.9461662198391421,1.0,0.0,1.0,1.0,864.0,6587.0,0.9507246376811594,0,33.0,146.0,55000
8469929,2024-12-07 08:07:28+00:00,1,,,35000.0,16317.0,0.11645411900102765,-0.6114337137678488,-0.054488959167710314,0.004753338369163321,-0.06670879924340213,-0.07412946629464255,0.4194777125113977,-0.03231283449775203,-0.04317344340611509,0.0778669440877906,0.47611841736311766,-0.0069440649306055586,-0.026172253256940618,0.08251752792097579,0.28748156146469017,-0.1482292857992833,0.06852539126647902,0.09263075257175206,0.02313302321270807,-0.008431530244752898,-0.039768111103099996,-0.05816090055260583,-0.023487699131707573,-0.016179347188425074,-0.053592719399028974,0.141236061144545,6.717,0.0,2.0,600.0,0.0,1.0,0.0,0.0,0.0,118.0,1.0,10.0,8.0,0.984916704187303,1.0,0.0,0.0,1.0,78968.0,7500.0,0.0,0,0.0,251.0,1
8459949,2024-12-03 23:15:22+00:00,1,"[0, 0, 0, 0, 0, 0, 0, 1, 0, 0, 1, 1, 1, 1, 1, 1, 1, 1, 1, 1, 1, 1, 1, 1, 1, 1, 1, 1, 1, 1, 1, 1, 1, 1, 1, 1, 1]",,25633.0,442.0,0.1165022660142201,-0.6114337137678488,-0.054488959167710314,0.2259612567881653,0.41236787050388063,-0.07412946629464255,0.1880244731129659,-0.03231283449775203,-0.04317344340611509,-0.048236128980226715,0.08779149858909129,0.07090034106747711,-0.026172253256940618,0.20995636990242048,0.16413019796925432,0.13611650753568505,0.06852539126647902,-0.3012493410357806,0.02313302321270807,0.12181209640599021,-0.009607996814591997,-0.05816090055260583,-0.023487699131707573,-0.016179347188425074,-0.053592719399028974,0.008044419973869708,6.717,0.0,1.0,122.0,0.02702702702702703,2.0,2.0,0.7567567567567568,3.0,26.0,0.0,4.0,5.0,1.1292070484581498,0.0,0.0,1.0,1.0,174.0,4300.0,0.0,0,22.0,240.0,43480
8468521,2024-12-07 02:47:20+00:00,1,,"[1, 1, 1, 1, 1, 1, 1, 1, 1, 1, 1, 1, 1, 1]",23616.0,16317.0,0.11658092334205143,-0.6114337137678488,0.23990797722314114,0.2259612567881653,-0.05738860713727523,-0.05564041606933876,-0.16547143701628758,-0.03231283449775203,-0.04317344340611509,0.0778669440877906,0.2659552272166623,-0.09236929204096728,-0.026172253256940618,0.27517336419933297,-0.03481326916714037,0.13611650753568505,-0.12296996338010098,0.09263075257175206,0.02313302321270807,-0.008431530244752898,-0.039768111103099996,0.15904631144217646,-0.023487699131707573,-0.016179347188425074,0.2103895073799279,-0.018828211620055532,6.717,24.0,1.0,291.0,0.4290416439352609,162.0,3.0,0.0,0.0,45.0,99.0,9.0,3.0,1.2126315789473685,0.0,16.0,0.0,1.0,5039.0,8286.099999999991,1.0,0,22.0,433.0,66309
8470109,2024-12-07 21:04:08+00:00,1,"[1, 1, 1, 1, 1, 1, 1, 1, 1, 1, 1, 1, 1, 1]","[1, 1, 1, 1, 1, 1, 1, 1, 1, 1, 1, 1, 1, 1, 1, 1, 1, 1, 1, 1, 1, 1]",14687.0,384.0,0.11661217313943892,-0.6114337137678488,-0.054488959167710314,0.004753338369163321,0.11939328962621384,0.22755275636556374,-0.14267212177429597,-0.03231283449775203,0.1740873916033103,0.0778669440877906,-0.06544171956609646,-0.0069440649306055586,0.13238330771477913,0.021081495765742912,0.28748156146469017,-0.1482292857992833,0.06852539126647902,0.09263075257175206,0.02313302321270807,-0.008431530244752898,-0.039768111103099996,0.15904631144217646,-0.023487699131707573,-0.016179347188425074,-0.053592719399028974,0.008044419973869708,6.717,0.0,2.0,166.0,1.0,9.0,4.0,1.0,0.0,15.0,1.0,1.0,11.0,0.9824080267558528,1.0,0.0,0.0,1.0,78968.0,5616.0,1.0,0,20.0,157.0,35000
8462668,2024-12-05 00:31:08+00:00,1,"[1, 1, 1, 1, 1, 1, 1, 1, 1, 1, 1, 1, 1]","[1, 1, 1, 1, 1, 1, 1, 1, 1, 1, 1, 1, 1, 1, 1, 1, 1, 1, 1, 1, 1, 1, 1, 1, 1, 1, 1, 1, 1, 1, 1, 1, 1, 1, 1, 1, 1, 1, 1, 1, 1, 1]",11894.0,677.0,0.11662982805860475,-0.6114337137678488,0.23990797722314114,-0.1165395030712408,-0.05738860713727523,-0.05564041606933876,0.01584713069282676,-0.03231283449775203,0.1740873916033103,-0.048236128980226715,-0.07791647071836902,-0.0069440649306055586,-0.026172253256940618,-0.2062583476798761,0.28748156146469017,-0.1482292857992833,0.06852539126647902,0.09263075257175206,-0.08168565936984104,-0.008431530244752898,-0.009607996814591997,0.15904631144217646,0.04284707524103316,0.22505449144967976,0.04095250473658998,-0.018828211620055532,6.717,101.0,3.0,232.0,0.5203125,6.0,6.0,1.0,3.0,3.0,1.0,9.0,20.0,0.9553413654618473,1.0,0.0,0.0,329.0,5158.0,3900.0,1.0,1,56.0,375.0,67585
8471022,2024-12-08 00:54:41+00:00,1,,,14869.0,16317.0,0.11703610773238932,-0.6114337137678488,0.26094868650223196,0.2259612567881653,-0.06670879924340213,-0.07412946629464255,0.4194777125113977,0.030500288512228284,-0.04317344340611509,0.0778669440877906,-0.07791647071836902,0.07090034106747711,-0.026172253256940618,0.25953741616204173,-0.03481326916714037,0.13611650753568505,0.06852539126647902,0.09263075257175206,0.02313302321270807,-0.008431530244752898,-0.039768111103099996,-0.05816090055260583,-0.023487699131707573,0.05393564252282038,0.13525803582801485,-0.018828211620055532,6.717,10711.0,1.0,372.0,0.0,1.0,12.0,0.0,0.0,2.0,0.0,10.0,4.0,1.1684872298624756,0.0,0.0,0.0,1.0,78968.0,5066.0,0.0,0,50.0,421.0,92559
8461688,2024-12-04 06:20:58+00:00,0,,,22267.0,16317.0,0.11718007718886249,-0.6114337137678488,-0.054488959167710314,0.004753338369163321,-0.06670879924340213,-0.07412946629464255,0.1880244731129659,-0.03231283449775203,-0.04317344340611509,0.0778669440877906,0.47611841736311766,0.07090034106747711,-0.026172253256940618,0.20995636990242048,0.28748156146469017,0.13611650753568505,0.06852539126647902,0.09263075257175206,-0.08168565936984104,-0.008431530244752898,-0.009607996814591997,-0.05816090055260583,0.04284707524103316,-0.016179347188425074,-0.053592719399028974,-0.018828211620055532,6.717,0.0,2.0,600.0,0.0,2.0,0.0,0.0,0.0,115.0,0.0,10.0,5.0,0.9807954895828745,0.0,0.0,0.0,329.0,78968.0,4000.0,0.0,1,0.0,130.0,61537
8462189,2024-12-04 21:54:28+00:00,1,"[1, 1, 1, 1, 1, 1, 1, 1, 1, 1, 1]","[1, 1, 1, 1, 1, 1, 1, 1, 1, 1, 1, 1, 1, 1, 1, 1, 1, 1, 1, 1, 1, 1, 1, 1, 1, 1, 1, 1, 1, 1, 1, 1, 1, 0, 1, 1, 1, 1, 1, 1, 1, 1, 1, 1, 1, 1, 1, 1, 1]",14685.0,583.0,0.11737840673407991,-0.6114337137678488,0.23990797722314114,-0.5083517388880758,0.11939328962621384,-0.05564041606933876,-0.16547143701628758,0.030500288512228284,0.1740873916033103,-0.048236128980226715,-0.07791647071836902,0.07090034106747711,-0.026172253256940618,-0.46958011525157795,0.28748156146469017,-0.1482292857992833,0.06852539126647902,0.09263075257175206,0.02313302321270807,-0.008431530244752898,-0.009607996814591997,0.15904631144217646,-0.023487699131707573,0.22505449144967976,0.2103895073799279,-0.018828211620055532,6.717,65.0,6.0,178.0,0.4033098427619677,49.0,12.0,1.0,3.0,7.0,0.0,3.0,42.0,1.0305263157894737,1.0,0.0,0.0,1.0,7064.0,3500.0,0.9722448979591837,0,70.0,544.0,84870
8460159,2024-12-04 00:14:15+00:00,1,,"[0, 0, 0, 0, 0, 0, 0, 0, 0, 0, 0, 0, 1]",20651.0,16317.0,0.11779135442079594,-0.6114337137678488,0.26094868650223196,0.004753338369163321,0.11939328962621384,-0.07412946629464255,-0.14267212177429597,0.030500288512228284,-0.04317344340611509,0.0778669440877906,-0.07791647071836902,0.07090034106747711,-0.026172253256940618,-0.15334582495827825,0.28748156146469017,-0.1482292857992833,0.06852539126647902,0.09263075257175206,0.02313302321270807,-0.008431530244752898,-0.009607996814591997,-0.05816090055260583,-0.023487699131707573,0.05393564252282038,-0.053592719399028974,0.141236061144545,6.717,287.0,2.0,180.0,0.07692307692307693,10.0,7.0,0.0,0.0,5.0,0.0,9.0,16.0,0.9890799367785813,1.0,0.0,0.0,1.0,4852.0,3667.0,0.14285714285714285,0,50.0,73.0,12
8433213,2024-12-05 00:14:35+00:00,1,"[1, 1, 1, 1, 1, 1, 1, 1, 1, 1, 1, 1, 0, 0, 1, 1, 1, 1, 1, 1, 1, 1, 1, 1, 1, 1, 1, 1, 1, 1, 0, 0, 1, 1, 1, 1, 1, 1, 1, 1, 1, 1, 1, 1, 1, 1, 1, 1, 1, 1, 1, 1, 1, 1, 1, 1, 1, 1, 1, 1, 1, 1, 1, 1, 1, 1, 1, 1, 1, 1]",,31895.0,451.0,0.11794617781903595,-0.6114337137678488,0.23990797722314114,0.2259612567881653,0.11939328962621384,-0.07412946629464255,-0.16547143701628758,-0.03231283449775203,0.1740873916033103,0.0778669440877906,-0.06544171956609646,0.07090034106747711,0.13238330771477913,0.14199482941539582,-0.03481326916714037,0.13611650753568505,0.06852539126647902,0.09263075257175206,0.02313302321270807,-0.008431530244752898,-0.039768111103099996,-0.05816090055260583,-0.023487699131707573,-0.016179347188425074,0.015592503790590144,-0.018828211620055532,6.717,58.0,1.0,142.0,0.18571428571428572,17.0,2.0,0.9428571428571428,0.0,18.0,0.0,1.0,6.0,1.3472016895459344,0.0,0.0,0.0,1.0,3220.0,5748.0,0.0,0,33.0,313.0,82794
8438033,2024-12-03 02:36:16+00:00,1,"[1, 1, 1, 1, 1, 1, 1, 1, 1, 1, 1, 1, 1, 1, 1, 1, 1, 1, 1, 1, 1, 1, 1, 1, 1, 1, 1, 1, 1, 1, 1, 1, 1, 1, 1, 1, 1, 1, 1, 1]","[1, 1, 1, 1, 1, 1, 1, 1, 1, 1, 1, 1, 1, 1, 1, 1, 1, 1, 1]",19630.0,347.0,0.11821020122418213,-0.6114337137678488,-0.054488959167710314,0.2259612567881653,-0.05738860713727523,0.17561735485816402,0.1880244731129659,0.030500288512228284,0.1740873916033103,0.0778669440877906,0.08779149858909129,0.07090034106747711,0.13238330771477913,0.20995636990242048,-0.03481326916714037,-0.1482292857992833,0.06852539126647902,0.09263075257175206,0.02313302321270807,-0.008431530244752898,-0.009607996814591997,0.15904631144217646,-0.023487699131707573,-0.016179347188425074,-0.053592719399028974,-0.018828211620055532,6.717,7.0,1.0,240.0,0.6759259259259259,2.0,7.0,1.0,1.0,26.0,0.0,1.0,5.0,1.318688700792691,1.0,0.0,0.0,1.0,1057.0,3600.0,1.0,0,28.0,248.0,95343
8466024,2024-12-06 03:35:34+00:00,1,"[1, 1, 1, 1, 1, 1, 1, 1, 1, 1, 1, 1, 1, 1, 1, 1, 1, 1, 0, 1]","[1, 1, 1, 1, 1, 1, 1, 1, 1, 1, 1, 1, 1, 1, 1, 1, 1, 1, 1, 1, 1, 1, 1, 1, 1, 1, 1, 1, 1, 1, 1, 1, 1, 1, 1, 1, 1, 1, 1, 1]",23166.0,244.0,0.11844578031546625,-0.6114337137678488,0.26094868650223196,0.004753338369163321,0.11939328962621384,0.17561735485816402,-0.16547143701628758,-0.03231283449775203,0.1740873916033103,0.0778669440877906,-0.07791647071836902,-0.09236929204096728,0.13238330771477913,0.25953741616204173,-0.03481326916714037,0.13611650753568505,-0.12296996338010098,0.09263075257175206,0.02313302321270807,-0.008431530244752898,-0.039768111103099996,0.15904631144217646,-0.023487699131707573,-0.016179347188425074,-0.053592719399028974,0.008044419973869708,6.717,13353.0,2.0,154.0,0.6587719298245615,162.0,4.0,0.95,0.0,4.0,99.0,1.0,4.0,1.17,0.0,16.0,0.0,1.0,78968.0,6250.0,1.0,0,29.0,123.0,31412
8462417,2024-12-07 04:07:39+00:00,1,"[0, 0, 1, 1, 1, 1, 1, 1, 1, 1, 1, 1, 1, 1, 1, 1, 1, 1, 1, 1, 1, 1, 1, 1, 1, 1, 1, 1, 1, 1, 1, 1, 1, 1]",,31924.0,448.0,0.11865437101903625,-0.6114337137678488,-0.054488959167710314,0.2259612567881653,0.41236787050388063,-0.07412946629464255,0.14385053025774988,-0.03231283449775203,0.1740873916033103,0.0778669440877906,-0.06544171956609646,-0.0069440649306055586,-0.026172253256940618,0.021081495765742912,-0.03481326916714037,0.13611650753568505,0.06852539126647902,0.09263075257175206,0.02313302321270807,-0.008431530244752898,-0.039768111103099996,-0.05816090055260583,-0.023487699131707573,-0.016179347188425074,-0.053592719399028974,0.141236061144545,6.717,0.0,1.0,42.0,0.029411764705882353,4.0,1.0,0.9411764705882353,0.0,15.0,1.0,2.0,9.0,1.265569871159564,0.0,0.0,0.0,1.0,7612.0,6731.0,0.0,0,14.0,125.0,696
8460125,2024-12-04 00:06:27+00:00,1,,"[1, 1, 1, 1, 1, 1, 1, 1, 1, 1, 1]",6163.0,16317.0,0.11883058512287965,-0.6114337137678488,0.26094868650223196,0.2259612567881653,-0.06670879924340213,0.22755275636556374,0.14385053025774988,0.030500288512228284,-0.04317344340611509,-0.048236128980226715,0.035324081286162975,0.07090034106747711,-0.026172253256940618,0.14199482941539582,-0.03481326916714037,0.13611650753568505,0.06852539126647902,0.09263075257175206,0.02313302321270807,-0.008431530244752898,-0.039768111103099996,0.15904631144217646,-0.023487699131707573,-0.016179347188425074,-0.053592719399028974,-0.03707202918461854,6.717,177.0,1.0,326.0,1.0,4.0,7.0,0.0,3.0,23.0,0.0,10.0,7.0,1.3441657579062158,0.0,0.0,0.0,1.0,78968.0,5150.0,1.0,0,24.0,234.0,145629
8462028,2024-12-05 05:03:34+00:00,1,,,16846.0,16317.0,0.11885274189662444,-0.6114337137678488,0.26094868650223196,0.2259612567881653,-0.06670879924340213,-0.07412946629464255,-0.16547143701628758,-0.03231283449775203,-0.04317344340611509,0.0778669440877906,-0.07791647071836902,-0.09236929204096728,-0.026172253256940618,0.47334886807418025,0.28748156146469017,0.13611650753568505,-0.12296996338010098,0.09263075257175206,0.02313302321270807,-0.008431530244752898,-0.009607996814591997,-0.05816090055260583,-0.023487699131707573,-0.016179347188425074,-0.053592719399028974,-0.0035377154089891926,6.717,133.0,1.0,318.0,0.0,162.0,2.0,0.0,0.0,2.0,99.0,10.0,1.0,1.0111644657863146,0.0,16.0,0.0,1.0,78968.0,3700.0,0.0,0,7.0,40.0,54077
8414356,2024-12-04 06:22:48+00:00,0,"[1, 1, 0, 0, 1, 1, 1, 1, 1, 1, 1, 1, 1, 1, 1, 1, 1, 1, 1, 1, 1, 1, 1, 1, 1, 1, 1]",,33510.0,792.0,0.11911883231549945,-0.6114337137678488,-0.054488959167710314,0.2259612567881653,0.41236787050388063,-0.07412946629464255,-0.14267212177429597,-0.03231283449775203,-0.04317344340611509,0.0778669440877906,-0.06544171956609646,0.07090034106747711,-0.026172253256940618,0.25953741616204173,0.28748156146469017,0.13611650753568505,-0.12296996338010098,0.09263075257175206,0.02313302321270807,-0.008431530244752898,-0.009607996814591997,-0.05816090055260583,0.04284707524103316,-0.016179347188425074,-0.053592719399028974,-0.018828211620055532,6.717,0.0,1.0,118.0,0.1111111111111111,11.0,1.0,0.9259259259259259,0.0,20.0,0.0,3.0,4.0,0.9871560714075296,0.0,1.0,0.0,1.0,2050.0,3613.0,0.0,1,21.0,221.0,84426
8472313,2024-12-08 04:49:27+00:00,1,"[0, 0, 0, 0, 0, 1, 1, 1, 1, 1, 0, 0, 0, 1, 1, 0, 0, 0, 0, 0, 0, 1, 1, 1, 1, 1, 1]",,29914.0,16317.0,0.11913267285263954,-0.6114337137678488,-0.054488959167710314,0.2259612567881653,-0.05738860713727523,-0.07412946629464255,0.4194777125113977,0.030500288512228284,-0.04317344340611509,0.0778669440877906,0.08779149858909129,0.07090034106747711,-0.026172253256940618,0.14199482941539582,-0.03481326916714037,0.13611650753568505,0.06852539126647902,0.09263075257175206,0.02313302321270807,-0.008431530244752898,0.08965056778496559,-0.05816090055260583,0.04284707524103316,-0.016179347188425074,0.2103895073799279,0.008044419973869708,6.717,0.0,1.0,236.0,0.037037037037037035,1.0,7.0,0.48148148148148145,1.0,31.0,0.0,10.0,7.0,1.3817090069284064,0.0,0.0,0.0,1.0,78968.0,2381.0,0.0,1,27.0,602.0,38550
8460957,2024-12-04 03:20:18+00:00,0,"[1, 1, 1, 1]","[0, 0, 0, 0, 0, 0, 0, 0, 0, 0, 0, 0, 0, 0, 0, 0, 0, 0, 0, 0, 0, 0, 0, 1, 1, 1, 0, 0, 1, 1, 1, 1, 1, 1, 1, 1, 1, 1, 1, 1, 0, 1, 1, 1, 1, 1, 1, 1, 1, 1, 1, 1, 1, 1, 1, 1, 1, 1, 1, 1, 1, 1, 1]",22841.0,200.0,0.11920336532498438,-0.6114337137678488,0.26094868650223196,0.004753338369163321,-0.06670879924340213,0.17561735485816402,-0.16547143701628758,0.030500288512228284,0.1740873916033103,-0.048236128980226715,-0.07791647071836902,-0.09236929204096728,0.13238330771477913,0.021081495765742912,-0.03481326916714037,0.13611650753568505,-0.12296996338010098,0.09263075257175206,0.02313302321270807,-0.008431530244752898,0.04544625733308562,-0.05484988672575293,0.04284707524103316,0.22505449144967976,0.2103895073799279,-0.018828211620055532,6.717,121.0,2.0,380.0,0.671957671957672,162.0,9.0,1.0,3.0,6.0,99.0,1.0,9.0,1.4231152647975078,0.0,16.0,0.0,10.0,4053.0,3000.0,0.8154761904761905,1,71.0,514.0,66423
8460893,2024-12-04 03:05:14+00:00,1,,"[0, 0, 0, 0, 0, 0, 0, 0, 0, 0, 0, 0, 0, 0, 0, 0, 0, 0, 0, 0, 0, 0, 0, 0, 0, 0, 0, 0, 0, 0, 1, 1, 1, 1, 1, 1, 1]",17341.0,16317.0,0.1198611070186143,-0.6114337137678488,-0.054488959167710314,0.2259612567881653,-0.05738860713727523,-0.07412946629464255,0.14385053025774988,-0.03231283449775203,-0.04317344340611509,0.0778669440877906,0.2659552272166623,0.07090034106747711,-0.026172253256940618,0.27517336419933297,0.28748156146469017,0.13611650753568505,0.06852539126647902,0.09263075257175206,-0.08168565936984104,-0.008431530244752898,-0.009607996814591997,-0.05816090055260583,-0.023487699131707573,-0.016179347188425074,-0.053592719399028974,0.008044419973869708,6.717,0.0,1.0,296.0,0.02702702702702703,3.0,2.0,0.0,0.0,45.0,0.0,9.0,3.0,0.747038297505708,0.0,0.0,0.0,329.0,78968.0,4013.0,0.3385490753911807,0,1.0,154.0,41304
8437775,2024-12-03 01:39:47+00:00,1,,,16107.0,16317.0,0.12012157842921439,-0.6114337137678488,0.26094868650223196,0.2259612567881653,-0.06670879924340213,-0.07412946629464255,0.14385053025774988,-0.03231283449775203,-0.04317344340611509,0.0778669440877906,-0.06544171956609646,-0.0069440649306055586,-0.026172253256940618,0.14199482941539582,0.16413019796925432,0.13611650753568505,0.06852539126647902,0.09263075257175206,0.02313302321270807,-0.008431530244752898,-0.039768111103099996,-0.05816090055260583,-0.023487699131707573,-0.016179347188425074,-0.053592719399028974,0.141236061144545,6.717,216.0,1.0,348.0,0.0,4.0,4.0,0.0,0.0,14.0,1.0,10.0,7.0,1.0493159609120521,0.0,0.0,0.0,1.0,78968.0,5000.0,0.0,0,23.0,269.0,20859
8470234,2024-12-07 23:29:33+00:00,1,"[1, 0, 1, 1, 1, 1, 1, 1, 1, 1, 1, 1, 1, 1, 1, 1, 1, 1, 1, 1, 1, 1, 1, 1, 1]","[1, 1]",31993.0,661.0,0.12023107479992681,-0.6114337137678488,-0.054488959167710314,0.2259612567881653,0.11939328962621384,0.22755275636556374,0.01584713069282676,-0.03231283449775203,0.1740873916033103,0.0778669440877906,-0.09921592132150975,0.07090034106747711,-0.026172253256940618,0.08251752792097579,-0.03481326916714037,-0.1482292857992833,0.06852539126647902,0.09263075257175206,-0.08168565936984104,-0.008431530244752898,0.04544625733308562,0.15904631144217646,0.04284707524103316,-0.016179347188425074,-0.053592719399028974,0.141236061144545,6.717,0.0,1.0,190.0,0.8160000000000001,6.0,1.0,0.96,0.0,1.0,0.0,2.0,8.0,1.3019044518596892,1.0,0.0,0.0,329.0,78968.0,3077.0,1.0,1,24.0,90.0,33
8471824,2024-12-08 03:12:52+00:00,1,,"[1, 1, 1, 1]",24574.0,16317.0,0.12032872966915502,-0.6114337137678488,0.26094868650223196,0.004753338369163321,-0.06670879924340213,0.22755275636556374,-0.16547143701628758,0.4065249203285951,-0.04317344340611509,0.0778669440877906,-0.07791647071836902,-0.09236929204096728,-0.026172253256940618,-0.3292197513569699,-0.03481326916714037,-0.1482292857992833,0.06852539126647902,0.09263075257175206,0.02313302321270807,-0.008431530244752898,-0.039768111103099996,0.15904631144217646,-0.023487699131707573,0.05393564252282038,-0.053592719399028974,0.141236061144545,6.717,546.0,2.0,444.0,1.0,15.0,16.0,0.0,1.0,2.0,2.0,10.0,24.0,1.2379848866498742,1.0,0.0,0.0,13.0,78968.0,8214.0,1.0,0,50.0,195.0,19618
8436338,2024-12-01 07:12:35+00:00,1,"[1, 1, 1, 1, 1, 1, 1]",,24629.0,564.0,0.12056243622295193,-0.6114337137678488,0.26094868650223196,0.004753338369163321,-0.06670879924340213,0.22755275636556374,0.4194777125113977,-0.03231283449775203,0.1740873916033103,0.0778669440877906,-0.07791647071836902,0.07090034106747711,0.13238330771477913,0.14199482941539582,-0.03481326916714037,0.13611650753568505,0.06852539126647902,0.09263075257175206,0.02313302321270807,-0.008431530244752898,-0.039768111103099996,-0.05816090055260583,-0.023487699131707573,-0.016179347188425074,-0.053592719399028974,-0.018828211620055532,6.717,18775.0,2.0,330.0,1.0,1.0,4.0,1.0,0.0,7.0,0.0,1.0,6.0,1.1840865384615384,0.0,0.0,0.0,1.0,1493.0,7000.0,0.0,0,21.0,201.0,92902
8464031,2024-12-05 05:44:53+00:00,0,"[1, 1, 1, 1, 1, 1, 1, 1, 1, 1, 1, 1, 1, 1, 1, 0, 0, 1, 1, 1, 1, 1, 1, 1, 1, 1, 1, 1, 1, 1, 1, 1, 1, 1, 1, 1, 1, 1, 1, 1, 1, 1, 1, 1, 1, 1]","[1, 1, 1, 1, 1, 1, 1, 0, 0, 1, 1, 1, 1, 1, 1, 0, 0, 0, 1, 1, 1, 1, 1, 1, 1, 1, 1, 1, 1]",19800.0,262.0,0.1205914850747606,-0.6114337137678488,0.26094868650223196,0.004753338369163321,0.11939328962621384,-0.05564041606933876,0.1880244731129659,-0.03231283449775203,0.1740873916033103,0.0778669440877906,-0.07791647071836902,-0.0069440649306055586,-0.026172253256940618,-0.01066169917084148,-0.03481326916714037,-0.1482292857992833,0.06852539126647902,0.09263075257175206,0.02313302321270807,-0.008431530244752898,0.04544625733308562,-0.05484988672575293,0.04284707524103316,-0.016179347188425074,-0.053592719399028974,-0.018828211620055532,6.717,307.0,2.0,132.0,0.4128664834249542,2.0,2.0,0.9565217391304348,0.0,3.0,1.0,9.0,12.0,1.2141280353200883,1.0,0.0,0.0,1.0,78968.0,2946.0,0.8436781609195402,1,29.0,55.0,90989
8466626,2024-12-06 05:52:42+00:00,1,"[1, 1, 1, 1, 1, 1, 1, 1, 1, 1, 0, 1, 0, 1, 1, 1, 1, 0, 0, 1, 1, 1, 1, 1, 1, 1, 1, 1, 1, 1, 1, 1, 1, 1, 1, 1, 1, 1, 1]","[0, 0, 0, 0, 0, 0, 0, 0, 0, 0, 0, 0, 0, 0, 0, 0, 0, 0, 0, 0, 0, 0, 0, 0, 0, 0, 0, 0, 1, 0, 0, 0, 0, 1, 0, 0, 0, 0, 0, 0, 1, 1, 1, 1, 1, 1, 1, 1, 1, 1, 1, 1, 1, 1, 1, 1, 1, 1, 1, 1, 1]",18671.0,420.0,0.12068116796799078,-0.6114337137678488,-0.054488959167710314,-0.1165395030712408,0.41236787050388063,-0.05564041606933876,-0.14267212177429597,-0.03231283449775203,-0.04317344340611509,0.0778669440877906,0.2659552272166623,0.07090034106747711,-0.026172253256940618,0.021081495765742912,0.16413019796925432,0.13611650753568505,0.06852539126647902,0.09263075257175206,0.02313302321270807,-0.008431530244752898,-0.009607996814591997,-0.05816090055260583,0.04284707524103316,-0.016179347188425074,-0.053592719399028974,-0.018828211620055532,6.717,0.0,3.0,70.0,0.43281490822474433,9.0,0.0,0.8974358974358975,0.0,35.0,0.0,9.0,11.0,1.1213813813813813,0.0,0.0,0.0,1.0,3665.0,4246.0,0.5996827075621365,1,11.0,280.0,66419
8439647,2024-12-03 09:49:48+00:00,1,"[1, 1, 1, 1, 1, 1, 1, 1, 1, 1, 1, 1, 1, 1, 1, 1, 1, 1, 1, 1, 1, 1, 1, 1, 1, 1, 1, 1, 1, 1, 1]","[1, 1, 1, 1, 1, 1, 1, 1, 1, 1, 1, 1, 1, 1, 1, 1, 1, 1, 1, 1, 1, 1, 1, 1, 1, 1, 1, 1, 1, 1, 1, 1, 1, 1, 1, 1, 1, 1, 1, 1, 1, 1]",31683.0,549.0,0.12092858128651113,-0.6114337137678488,0.26094868650223196,0.2259612567881653,-0.06670879924340213,0.22755275636556374,-0.16547143701628758,-0.03231283449775203,0.1740873916033103,0.0778669440877906,-0.07791647071836902,-0.09236929204096728,0.13238330771477913,0.25953741616204173,-0.03481326916714037,0.13611650753568505,-0.12296996338010098,0.09263075257175206,0.02313302321270807,-0.008431530244752898,-0.039768111103099996,0.15904631144217646,-0.023487699131707573,-0.016179347188425074,-0.053592719399028974,0.008044419973869708,6.717,29725.0,1.0,352.0,1.0,162.0,3.0,1.0,0.0,6.0,99.0,1.0,4.0,1.2958282208588956,0.0,16.0,0.0,1.0,78968.0,8286.099999999991,1.0,0,26.0,128.0,24703
8459726,2024-12-03 20:11:01+00:00,1,"[1, 0, 0, 0, 1, 1, 0, 1, 1, 1, 1, 1, 1]",,19212.0,485.0,0.12120598066179329,-0.6114337137678488,-0.054488959167710314,0.004753338369163321,-0.05738860713727523,-0.07412946629464255,-0.16547143701628758,0.4065249203285951,-0.04317344340611509,0.0778669440877906,-0.06544171956609646,-0.09236929204096728,-0.026172253256940618,-0.01066169917084148,0.28748156146469017,0.13611650753568505,-0.12296996338010098,0.09263075257175206,0.02313302321270807,-0.008431530244752898,-0.009607996814591997,-0.05816090055260583,-0.023487699131707573,0.05393564252282038,0.13525803582801485,0.141236061144545,6.717,0.0,2.0,256.0,0.15384615384615385,20.0,13.0,0.6923076923076923,0.0,12.0,3.0,3.0,13.0,0.7646567164179104,0.0,2.0,0.0,1.0,2501.0,3500.0,0.0,0,36.0,416.0,5821
8438213,2024-12-03 03:14:17+00:00,0,,,12349.0,16317.0,0.12120890635027923,-0.6114337137678488,-0.054488959167710314,0.2259612567881653,-0.06670879924340213,-0.07412946629464255,-0.16547143701628758,-0.03231283449775203,-0.04317344340611509,0.0778669440877906,0.47611841736311766,-0.09236929204096728,-0.026172253256940618,0.47334886807418025,-0.03481326916714037,0.13611650753568505,-0.12296996338010098,0.09263075257175206,0.02313302321270807,0.12181209640599021,0.08965056778496559,-0.05816090055260583,0.04284707524103316,-0.016179347188425074,-0.053592719399028974,0.008044419973869708,6.717,0.0,1.0,600.0,0.0,162.0,0.0,0.0,0.0,86.0,99.0,10.0,1.0,1.296482939632546,0.0,16.0,0.0,2.0,173.0,0.0,0.0,1,0.0,255.0,42523
8470297,2024-12-07 22:39:22+00:00,1,,,12459.0,16317.0,0.12126928040292019,-0.6114337137678488,-0.054488959167710314,0.2259612567881653,-0.05738860713727523,-0.07412946629464255,-0.16547143701628758,-0.03231283449775203,-0.04317344340611509,-0.048236128980226715,0.47611841736311766,-0.09236929204096728,-0.026172253256940618,0.47334886807418025,0.16413019796925432,0.13611650753568505,-0.12296996338010098,0.09263075257175206,0.02313302321270807,-0.008431530244752898,-0.009607996814591997,-0.05816090055260583,0.04284707524103316,-0.016179347188425074,0.13525803582801485,-0.018828211620055532,6.717,0.0,1.0,285.0,0.0,162.0,0.0,0.0,3.0,92.0,99.0,10.0,2.0,1.1099331848552338,0.0,16.0,0.0,1.0,78968.0,4000.0,0.0,1,0.0,384.0,60713
8439446,2024-12-03 07:32:22+00:00,1,,"[1, 1, 1, 1, 1, 1, 1, 1, 1, 1, 1, 1, 0, 1, 1, 1, 1, 1, 1, 1, 1, 1, 1, 1, 1, 1, 1, 1, 1, 1, 1, 1, 1]",32131.0,16317.0,0.12130365402270527,-0.6114337137678488,0.26094868650223196,0.2259612567881653,-0.05738860713727523,0.17561735485816402,-0.16547143701628758,-0.03231283449775203,-0.04317344340611509,0.0778669440877906,-0.06544171956609646,-0.09236929204096728,-0.026172253256940618,0.021081495765742912,0.28748156146469017,-0.1482292857992833,-0.12296996338010098,0.09263075257175206,0.02313302321270807,-0.008431530244752898,-0.039768111103099996,0.15904631144217646,-0.023487699131707573,-0.016179347188425074,-0.053592719399028974,0.141236061144545,6.717,500.0,1.0,230.0,0.696969696969697,162.0,3.0,0.0,0.0,19.0,99.0,10.0,9.0,0.8733385882416895,1.0,16.0,0.0,1.0,2781.0,8000.0,0.9768270944741533,0,23.0,181.0,11790
8471116,2024-12-08 01:10:46+00:00,1,,"[0, 0, 1, 0, 0, 0, 0, 0, 1, 1, 1, 1, 1, 0, 0, 0, 1, 0, 1, 0, 0, 0, 0, 1, 0, 0, 0, 0, 1, 0, 0, 1, 1, 1, 0, 0, 0, 0, 0, 0, 0, 0, 0, 1, 0, 0, 0, 0, 1, 1, 1, 1, 0, 0, 0, 0, 0, 0, 0, 0, 0, 1, 1, 0, 1, 1, 1, 1, 1, 1, 1, 1, 0, 0, 1, 1, 1, 1, 1, 1, 0, 0]",18674.0,16317.0,0.12140539975590704,-0.6114337137678488,0.26094868650223196,0.2259612567881653,-0.05738860713727523,-0.05564041606933876,0.4194777125113977,-0.03231283449775203,-0.04317344340611509,0.0778669440877906,-0.07791647071836902,-0.0069440649306055586,-0.026172253256940618,0.27517336419933297,0.16413019796925432,-0.1482292857992833,0.06852539126647902,0.09263075257175206,0.02313302321270807,-0.008431530244752898,-0.039768111103099996,-0.05816090055260583,-0.023487699131707573,-0.016179347188425074,-0.053592719399028974,-0.0035377154089891926,6.717,5668.0,1.0,226.0,0.5060975609756098,1.0,5.0,0.0,0.0,2.0,1.0,3.0,3.0,1.0446993006993006,1.0,0.0,0.0,1.0,78968.0,6968.0,0.47898912724067,0,33.0,262.0,53322
8463244,2024-12-05 02:45:10+00:00,1,,"[1, 1, 1, 1, 1, 1, 1, 1, 1, 1, 1, 1, 1, 1, 1, 1, 1, 1, 1, 1, 1, 1, 1, 1, 1, 1, 1, 1, 1, 1, 1, 1, 1, 1, 1, 1, 1, 1, 1, 1, 1, 1, 1, 1, 1, 1, 1, 1, 1, 1, 1, 1, 1, 1, 1, 1, 1, 1, 1, 1, 1, 1]",14662.0,16317.0,0.12166240763002284,-0.6114337137678488,-0.054488959167710314,0.004753338369163321,-0.06670879924340213,0.22755275636556374,0.01584713069282676,0.4065249203285951,-0.04317344340611509,0.0778669440877906,-0.06544171956609646,0.07090034106747711,-0.026172253256940618,0.20995636990242048,-0.03481326916714037,0.13611650753568505,0.06852539126647902,0.09263075257175206,0.02313302321270807,-0.008431530244752898,-0.039768111103099996,0.15904631144217646,-0.023487699131707573,-0.016179347188425074,0.015592503790590144,-0.018828211620055532,6.717,0.0,2.0,320.0,1.0,6.0,13.0,0.0,0.0,17.0,0.0,10.0,5.0,1.2140432226546327,0.0,0.0,0.0,1.0,6731.0,6180.0,1.0,0,12.0,330.0,92523
8466850,2024-12-06 06:48:05+00:00,1,"[1, 1, 1, 1, 1, 1, 1, 1, 1, 1, 1, 1, 1, 1, 1, 1, 1, 1, 1, 1, 1, 1, 1, 1, 1, 1, 1, 1, 1, 1, 1, 1, 1, 1, 1, 1, 1, 1, 1, 1, 1, 1, 1, 1, 1, 1, 1, 1, 1, 1, 1, 1, 1, 1, 1, 1]","[0, 0, 0, 0, 0, 0, 0, 0, 0, 0, 0, 0, 0, 0, 0, 0, 0, 0, 0, 0, 0, 0, 0, 0, 0, 0, 0, 0, 0, 0, 0, 0, 0, 0, 0, 0, 0, 0, 0, 0, 0, 1, 1, 1, 0, 1]",45000.0,395.0,0.1218589659966501,-0.6114337137678488,0.26094868650223196,-0.1165395030712408,0.11939328962621384,0.17561735485816402,-0.16547143701628758,-0.03231283449775203,0.1740873916033103,0.0778669440877906,-0.09921592132150975,0.07090034106747711,-0.026172253256940618,-0.10985411191684905,-0.03481326916714037,-0.1482292857992833,0.06852539126647902,0.09263075257175206,0.02313302321270807,-0.008431530244752898,-0.009607996814591997,-0.05816090055260583,-0.023487699131707573,-0.016179347188425074,0.2103895073799279,0.141236061144545,6.717,305.0,3.0,132.0,0.6739130434782609,21.0,3.0,1.0,1.0,1.0,0.0,10.0,14.0,1.6,1.0,0.0,0.0,1.0,78968.0,3753.0,0.16188714153561518,0,20.0,472.0,0
8465891,2024-12-06 03:08:46+00:00,1,,,19957.0,16317.0,0.12187072343404523,-0.6114337137678488,-0.054488959167710314,0.2259612567881653,-0.06670879924340213,-0.07412946629464255,0.1880244731129659,-0.03231283449775203,-0.04317344340611509,0.0778669440877906,0.47611841736311766,0.07090034106747711,-0.026172253256940618,0.27517336419933297,-0.03481326916714037,0.13611650753568505,0.06852539126647902,0.09263075257175206,0.02313302321270807,-0.008431530244752898,-0.009607996814591997,-0.05816090055260583,-0.023487699131707573,-0.016179347188425074,0.13525803582801485,-0.018828211620055532,6.717,0.0,1.0,600.0,0.0,2.0,2.0,0.0,0.0,69.0,0.0,10.0,3.0,1.1968215892053973,0.0,0.0,0.0,4.0,4927.0,3875.0,0.0,0,9.0,419.0,71786
8463285,2024-12-06 00:47:25+00:00,1,,"[0, 0, 0, 0, 0, 0, 0, 0, 0, 0, 0, 0, 0, 0, 0, 0, 0, 0, 0, 0, 0, 0, 0, 0, 0, 0, 0, 0, 0, 0, 0, 0, 0, 0, 0, 0, 0, 0, 0, 0, 0, 0, 0, 0, 1, 1, 1, 1, 1, 1, 1]",20896.0,16317.0,0.12200307920462297,-0.6114337137678488,-0.054488959167710314,0.004753338369163321,-0.06670879924340213,-0.05564041606933876,0.14385053025774988,-0.03231283449775203,-0.04317344340611509,-0.048236128980226715,0.2659552272166623,-0.09236929204096728,-0.026172253256940618,0.20995636990242048,0.28748156146469017,0.13611650753568505,0.06852539126647902,0.09263075257175206,-0.08168565936984104,-0.008431530244752898,-0.009607996814591997,-0.05816090055260583,-0.023487699131707573,-0.016179347188425074,0.2103895073799279,0.141236061144545,6.717,0.0,2.0,600.0,0.5098039215686274,4.0,1.0,0.0,3.0,53.0,3.0,10.0,5.0,0.8835517970401692,0.0,0.0,0.0,329.0,78968.0,3500.0,0.25339366515837103,0,0.0,626.0,24048
8439046,2024-12-03 06:00:06+00:00,1,,,19634.0,16317.0,0.1220327144795056,-0.6114337137678488,0.26094868650223196,0.2259612567881653,-0.06670879924340213,-0.07412946629464255,0.4194777125113977,-0.03231283449775203,-0.04317344340611509,0.0778669440877906,-0.07791647071836902,0.07090034106747711,-0.026172253256940618,0.47334886807418025,0.16413019796925432,0.13611650753568505,-0.12296996338010098,0.09263075257175206,0.02313302321270807,-0.008431530244752898,-0.039768111103099996,-0.05816090055260583,-0.023487699131707573,-0.016179347188425074,-0.053592719399028974,-0.018828211620055532,6.717,9000.0,0.0,514.0,0.0,0.0,2.0,0.0,0.0,4.0,0.0,10.0,2.0,1.0402119205298013,0.0,1.0,0.0,1.0,78968.0,5000.0,0.0,0,17.0,49.0,67055
8436668,2024-12-02 03:13:03+00:00,1,,"[0, 0, 0, 1, 0, 0, 0, 0, 0, 0, 0, 0, 0, 0, 0, 0, 0, 0, 0, 0, 0, 0, 0, 0, 0, 0, 0, 0, 0, 1, 0, 0, 1, 1, 1, 1]",24782.0,16317.0,0.12215359551386082,-0.6114337137678488,0.26094868650223196,0.2259612567881653,-0.06670879924340213,-0.05564041606933876,-0.043774865933036713,0.030500288512228284,-0.04317344340611509,-0.048236128980226715,-0.07791647071836902,0.07090034106747711,-0.026172253256940618,-0.15334582495827825,0.28748156146469017,-0.1482292857992833,0.06852539126647902,0.09263075257175206,0.02313302321270807,-0.008431530244752898,-0.039768111103099996,-0.05816090055260583,0.04284707524103316,-0.016179347188425074,0.13525803582801485,0.141236061144545,6.717,401.0,1.0,348.0,0.5121527777777778,7.0,9.0,0.0,3.0,3.0,0.0,10.0,17.0,0.926429906542056,1.0,0.0,0.0,1.0,6440.0,8286.099999999991,0.25825825825825827,1,23.0,384.0,19386
8435363,2024-12-07 06:40:34+00:00,1,"[1, 1, 1, 1, 1, 1, 1, 1, 1, 1, 1, 1, 1, 1, 1, 1, 1, 1, 1, 1, 1, 1, 1, 1, 1, 1, 1, 1, 1, 1, 1, 1, 1, 1]",,26508.0,395.0,0.12219978430562975,-0.6114337137678488,0.26094868650223196,0.004753338369163321,0.11939328962621384,0.22755275636556374,-0.043774865933036713,-0.03231283449775203,0.1740873916033103,0.0778669440877906,0.035324081286162975,0.07090034106747711,0.13238330771477913,-0.2062583476798761,-0.03481326916714037,-0.1482292857992833,0.06852539126647902,0.09263075257175206,0.02313302321270807,-0.008431530244752898,-0.039768111103099996,-0.05816090055260583,-0.023487699131707573,0.05393564252282038,-0.053592719399028974,0.141236061144545,6.717,356.0,2.0,148.0,1.0,7.0,3.0,1.0,0.0,21.0,0.0,1.0,21.0,1.310655129789864,1.0,0.0,0.0,1.0,926.0,4951.0,0.0,0,36.0,218.0,17200
8469575,2024-12-07 06:17:36+00:00,0,"[1, 1, 1, 1, 1, 1, 1, 1, 1, 1, 1, 1, 1, 1, 1, 1, 1, 1, 1, 1, 1, 1, 1, 1, 1, 1, 1]","[0, 0, 0, 0, 1, 1, 1, 1, 1, 1, 0, 0, 0, 0, 0, 0, 0, 1, 1, 1, 1, 0, 1, 1, 1, 1, 1, 1, 1, 1]",45000.0,511.0,0.12250799674372029,-0.6114337137678488,-0.054488959167710314,0.2259612567881653,0.11939328962621384,-0.05564041606933876,-0.043774865933036713,-0.03231283449775203,0.1740873916033103,0.0778669440877906,-0.07791647071836902,0.07090034106747711,-0.026172253256940618,0.20995636990242048,-0.03481326916714037,0.13611650753568505,0.06852539126647902,0.09263075257175206,0.02313302321270807,-0.008431530244752898,-0.009607996814591997,-0.05816090055260583,0.04284707524103316,0.05393564252282038,0.04095250473658998,0.141236061144545,6.717,0.0,1.0,192.0,0.4961842670085956,8.0,5.0,1.0,0.0,2.0,0.0,9.0,5.0,1.6,0.0,0.0,0.0,1.0,2934.0,4297.0,0.7204301075268817,1,41.0,357.0,0
8468190,2024-12-07 01:42:01+00:00,0,"[1, 1, 1, 1, 1, 1, 1, 1, 1, 1, 1, 1, 1, 1, 1]",,22794.0,764.0,0.12258003568037856,-0.6114337137678488,-0.054488959167710314,-0.1165395030712408,0.41236787050388063,0.22755275636556374,0.01584713069282676,-0.03231283449775203,0.1740873916033103,0.0778669440877906,-0.07791647071836902,0.07090034106747711,0.13238330771477913,-0.10985411191684905,-0.03481326916714037,-0.1482292857992833,0.06852539126647902,0.09263075257175206,0.02313302321270807,-0.008431530244752898,0.08965056778496559,-0.05816090055260583,0.04284707524103316,-0.016179347188425074,0.04095250473658998,-0.0035377154089891926,6.717,0.0,3.0,85.0,1.0,5.0,0.0,1.0,0.0,5.0,0.0,1.0,15.0,1.1497604035308953,1.0,0.0,0.0,1.0,78968.0,1282.0,0.0,1,14.0,376.0,56397
8472037,2024-12-08 03:52:35+00:00,1,"[1, 1, 0, 0, 1, 1, 1, 1, 1, 1, 1, 1, 1, 1, 1, 1, 1, 1, 1, 1, 1, 1, 1, 1, 1, 0, 1, 1, 1, 1, 1, 1, 1, 0, 0, 0, 1, 0, 0, 0, 0, 0, 0, 1, 0, 1, 1, 1, 1, 1, 1, 1]","[1, 1, 1, 1, 1, 1, 1, 1, 1, 1, 1, 1, 1, 1, 1, 1, 1, 1, 1, 1, 1, 1, 1, 1, 1]",24358.0,287.0,0.12258671795753057,-0.6114337137678488,-0.054488959167710314,0.2259612567881653,0.11939328962621384,-0.05564041606933876,-0.16547143701628758,-0.03231283449775203,-0.04317344340611509,-0.048236128980226715,0.2659552272166623,-0.09236929204096728,-0.026172253256940618,0.25953741616204173,0.16413019796925432,0.13611650753568505,-0.12296996338010098,0.09263075257175206,0.02313302321270807,-0.008431530244752898,-0.039768111103099996,0.15904631144217646,0.04284707524103316,-0.016179347188425074,0.13525803582801485,-0.018828211620055532,6.717,0.0,1.0,167.0,0.40811965811965817,162.0,0.0,0.75,3.0,54.0,99.0,3.0,4.0,1.1329302325581396,0.0,16.0,0.0,1.0,78968.0,6410.0,1.0,1,9.0,414.0,74445
8460364,2024-12-04 01:01:18+00:00,1,"[1, 1, 1, 1, 1, 1, 1, 1, 1, 1, 1, 1, 1, 1, 1, 1, 1, 1, 1, 1, 1, 1, 1, 1, 1, 1, 1, 1, 1, 1, 1, 1, 1]",,24137.0,677.0,0.12261100770080774,-0.6114337137678488,-0.054488959167710314,-0.23295731524514138,0.41236787050388063,0.22755275636556374,0.01584713069282676,-0.03231283449775203,0.1740873916033103,0.0778669440877906,-0.06544171956609646,-0.0069440649306055586,0.13238330771477913,-0.10985411191684905,0.28748156146469017,-0.1482292857992833,-0.12296996338010098,0.09263075257175206,0.02313302321270807,0.12181209640599021,-0.039768111103099996,-0.05816090055260583,-0.023487699131707573,-0.016179347188425074,-0.053592719399028974,0.141236061144545,6.717,0.0,4.0,116.0,1.0,5.0,1.0,1.0,0.0,12.0,1.0,1.0,15.0,0.96548,1.0,1.0,0.0,1.0,143.0,6000.0,0.0,0,12.0,67.0,12
8412363,2024-12-06 05:14:27+00:00,1,,,23639.0,16317.0,0.12350650295349531,-0.6114337137678488,0.26094868650223196,0.004753338369163321,-0.06670879924340213,-0.07412946629464255,0.4194777125113977,-0.03231283449775203,-0.04317344340611509,0.0778669440877906,0.47611841736311766,0.07090034106747711,-0.026172253256940618,0.14199482941539582,-0.03481326916714037,0.13611650753568505,0.06852539126647902,0.09263075257175206,-0.08168565936984104,-0.008431530244752898,-0.039768111103099996,-0.05816090055260583,-0.023487699131707573,-0.016179347188425074,-0.053592719399028974,-0.018828211620055532,6.717,28484.0,2.0,600.0,0.0,1.0,1.0,0.0,0.0,126.0,0.0,10.0,7.0,1.3605179856115108,0.0,0.0,0.0,329.0,78968.0,6306.0,0.0,0,0.0,8.0,60829
8464205,2024-12-05 23:47:19+00:00,1,"[0, 1, 1, 1, 1, 1, 1, 1, 1, 1, 1, 1, 1, 1, 1, 1, 1, 1, 1, 1, 1, 1, 1, 1, 1, 1, 1, 1, 1, 1, 1, 1, 1, 1, 1, 1, 1, 1, 1, 1, 1, 1, 1, 1, 1, 1, 1]","[1, 1, 1, 1, 1, 1, 1, 1]",45000.0,16317.0,0.12358059479313432,-0.6114337137678488,-0.054488959167710314,0.2259612567881653,-0.05738860713727523,0.22755275636556374,-0.16547143701628758,0.030500288512228284,0.1740873916033103,0.0778669440877906,-0.07791647071836902,-0.09236929204096728,-0.026172253256940618,0.20995636990242048,-0.03481326916714037,0.13611650753568505,0.06852539126647902,0.09263075257175206,-0.08168565936984104,0.12181209640599021,-0.039768111103099996,0.15904631144217646,-0.023487699131707573,-0.016179347188425074,0.015592503790590144,0.141236061144545,6.717,0.0,1.0,298.0,0.8601823708206686,15.0,11.0,0.9787234042553191,1.0,8.0,3.0,10.0,5.0,1.6,0.0,0.0,0.0,329.0,261.0,5833.0,1.0,0,0.0,332.0,0
8468341,2024-12-07 02:09:58+00:00,1,"[1, 1, 1]","[1, 1, 1, 1]",45000.0,658.0,0.12415828711944962,-0.6114337137678488,0.23990797722314114,-0.5083517388880758,-0.05738860713727523,0.22755275636556374,-0.16547143701628758,0.4065249203285951,0.1740873916033103,-0.048236128980226715,-0.07791647071836902,0.07090034106747711,0.13238330771477913,-0.3292197513569699,-0.03481326916714037,-0.1482292857992833,0.06852539126647902,0.09263075257175206,0.02313302321270807,-0.008431530244752898,-0.039768111103099996,0.15904631144217646,-0.023487699131707573,0.22505449144967976,-0.053592719399028974,0.141236061144545,6.717,113.0,6.0,240.0,1.0,35.0,17.0,1.0,3.0,3.0,0.0,1.0,31.0,1.6,1.0,0.0,0.0,1.0,496.0,5479.0,1.0,0,109.0,189.0,0
8470111,2024-12-07 21:06:11+00:00,1,,,35000.0,16317.0,0.12417996578560592,-0.6114337137678488,0.26094868650223196,0.2259612567881653,-0.06670879924340213,-0.07412946629464255,0.1880244731129659,-0.03231283449775203,-0.04317344340611509,-0.048236128980226715,-0.07791647071836902,0.07090034106747711,-0.026172253256940618,0.021081495765742912,0.28748156146469017,0.13611650753568505,0.06852539126647902,0.09263075257175206,0.02313302321270807,-0.008431530244752898,-0.039768111103099996,-0.05816090055260583,0.04284707524103316,-0.016179347188425074,-0.053592719399028974,0.008044419973869708,6.717,3132.0,1.0,340.0,0.0,2.0,4.0,0.0,2.0,5.0,0.0,10.0,10.0,0.9259259259259259,0.0,0.0,0.0,1.0,78968.0,7700.0,0.0,1,5.0,102.0,44927
8467693,2024-12-06 23:52:26+00:00,0,,"[0, 0, 0, 0, 0, 0, 0, 0, 0, 0, 0, 0, 0, 0, 0, 0, 0, 0, 0, 0, 0, 0, 0, 0, 0, 0, 0, 0, 0, 0, 0, 0, 0, 0, 0, 0, 0, 0, 0, 0, 1, 1, 1, 1, 1]",13986.0,16317.0,0.12456235657889969,-0.6114337137678488,-0.054488959167710314,-0.23295731524514138,-0.05738860713727523,-0.07412946629464255,0.01584713069282676,-0.03231283449775203,-0.04317344340611509,0.0778669440877906,0.47611841736311766,0.07090034106747711,-0.026172253256940618,0.021081495765742912,0.28748156146469017,0.13611650753568505,0.06852539126647902,0.09263075257175206,0.02313302321270807,-0.008431530244752898,-0.039768111103099996,-0.05816090055260583,0.04284707524103316,-0.016179347188425074,0.2103895073799279,-0.018828211620055532,6.717,0.0,4.0,300.0,0.017208672086720868,5.0,0.0,0.0,0.0,74.0,0.0,9.0,11.0,0.999,0.0,0.0,0.0,4.0,18905.0,5350.0,0.20772946859903382,1,0.0,460.0,63025
8472124,2024-12-08 04:48:05+00:00,1,,"[1, 1, 1, 1, 1, 1, 1, 1, 1, 1, 1, 1, 1, 1, 1, 1, 1, 1, 1, 1, 1]",26625.0,16317.0,0.12459687544550765,-0.6114337137678488,-0.054488959167710314,0.2259612567881653,-0.05738860713727523,0.22755275636556374,0.01584713069282676,0.4065249203285951,-0.04317344340611509,0.0778669440877906,-0.07791647071836902,0.07090034106747711,0.13238330771477913,-0.10985411191684905,-0.03481326916714037,0.13611650753568505,0.06852539126647902,-0.3012493410357806,0.02313302321270807,-0.008431530244752898,-0.039768111103099996,0.15904631144217646,-0.023487699131707573,0.22505449144967976,0.13525803582801485,-0.0035377154089891926,6.717,0.0,1.0,266.0,1.0,5.0,26.0,0.0,0.0,10.0,0.0,1.0,15.0,1.4153952474615916,0.0,0.0,1.0,1.0,2006.0,6279.0,1.0,0,76.0,394.0,49008
8414356,2024-12-04 06:22:48+00:00,1,"[1, 1, 0, 0, 1, 1, 1, 1, 1, 1, 1, 1, 1, 1, 1, 1, 1, 1, 1, 1, 1, 1, 1, 1, 1, 1, 1]",,33510.0,792.0,0.1252310902076202,-0.6114337137678488,-0.054488959167710314,0.2259612567881653,0.11939328962621384,-0.07412946629464255,0.14385053025774988,-0.03231283449775203,-0.04317344340611509,0.0778669440877906,-0.06544171956609646,0.07090034106747711,-0.026172253256940618,0.25953741616204173,0.28748156146469017,0.13611650753568505,0.06852539126647902,0.09263075257175206,0.02313302321270807,-0.008431530244752898,-0.039768111103099996,-0.05816090055260583,0.04284707524103316,-0.016179347188425074,-0.053592719399028974,-0.018828211620055532,6.717,0.0,1.0,154.0,0.1111111111111111,3.0,2.0,0.9259259259259259,0.0,15.0,0.0,3.0,4.0,0.9871560714075296,0.0,0.0,0.0,1.0,78968.0,4940.0,0.0,1,21.0,251.0,84426
8471460,2024-12-08 02:05:05+00:00,1,,,16157.0,16317.0,0.12528927491924294,-0.6114337137678488,-0.054488959167710314,0.2259612567881653,0.11939328962621384,-0.07412946629464255,0.4194777125113977,-0.03231283449775203,-0.04317344340611509,0.0778669440877906,0.035324081286162975,0.07090034106747711,-0.026172253256940618,0.25953741616204173,-0.03481326916714037,0.13611650753568505,0.06852539126647902,0.09263075257175206,0.02313302321270807,-0.008431530244752898,0.08965056778496559,-0.05816090055260583,0.04284707524103316,-0.016179347188425074,-0.053592719399028974,-0.018828211620055532,6.717,0.0,1.0,178.0,0.0,1.0,4.0,0.0,0.0,21.0,0.0,10.0,4.0,1.3548846960167715,0.0,0.0,0.0,1.0,488.0,2367.0,0.0,1,33.0,66.0,68576
8464071,2024-12-05 05:58:31+00:00,1,"[0, 0, 0, 1, 1, 1, 1, 1, 1, 1]","[1, 1, 0, 1, 1, 1, 1, 1, 1, 1, 1, 1, 1, 1, 1, 1, 1, 1, 1, 0, 1, 1, 1, 1, 1, 1, 1, 1, 1, 1, 1, 1, 1, 0, 0, 0, 0, 0, 1, 1, 1, 1, 1, 1, 1]",35000.0,1159.0,0.12536176801646412,-0.6114337137678488,0.26094868650223196,0.004753338369163321,-0.05738860713727523,-0.07412946629464255,0.1880244731129659,-0.03231283449775203,-0.04317344340611509,0.0778669440877906,-0.07791647071836902,0.07090034106747711,-0.026172253256940618,0.021081495765742912,0.28748156146469017,-0.1482292857992833,0.06852539126647902,0.09263075257175206,0.02313302321270807,-0.008431530244752898,-0.039768111103099996,-0.05484988672575293,-0.023487699131707573,-0.016179347188425074,0.2103895073799279,-0.03707202918461854,6.717,171.0,2.0,254.0,0.37916666666666665,2.0,4.0,0.7,0.0,8.0,0.0,3.0,10.0,0.7109486085720089,1.0,0.0,0.0,1.0,5897.0,8286.099999999991,0.8038647342995169,0,17.0,582.0,106339
8438614,2024-12-03 06:48:44+00:00,1,"[0, 0, 0, 0, 0, 0, 0, 0, 0, 0, 0, 1, 1, 1, 1, 0, 0, 1, 0, 0, 1, 1, 1, 0, 0, 1, 1, 1, 1, 1, 1, 1, 1, 1, 1, 1]","[0, 0, 0, 0, 0, 0, 0, 1, 1, 1, 1, 0, 0, 1, 1, 1, 1, 1, 1, 1, 1, 1, 1, 1, 1, 1, 1, 1, 1, 1, 1, 1, 1, 1, 1, 1, 1, 1, 1, 1, 1, 1, 1, 1, 1, 1, 1, 1, 1, 1, 1, 1, 1, 1, 1, 1, 1, 1, 1, 1, 1, 1, 1, 1, 1, 1, 1, 1, 1]",22940.0,16317.0,0.12596906493414245,-0.6114337137678488,0.26094868650223196,0.004753338369163321,-0.05738860713727523,-0.07412946629464255,-0.14267212177429597,0.4065249203285951,-0.04317344340611509,0.0778669440877906,-0.07791647071836902,-0.09236929204096728,-0.026172253256940618,0.021081495765742912,-0.03481326916714037,-0.1482292857992833,0.06852539126647902,0.09263075257175206,0.02313302321270807,-0.008431530244752898,-0.039768111103099996,0.15904631144217646,-0.023487699131707573,-0.016179347188425074,-0.053592719399028974,-0.018828211620055532,6.717,163.0,2.0,277.0,0.3474235104669887,13.0,14.0,0.5277777777777778,1.0,2.0,5.0,10.0,10.0,1.1674300254452927,1.0,0.0,0.0,1.0,78968.0,8286.099999999991,0.9780538302277433,0,0.0,216.0,77649
8471034,2024-12-08 00:57:27+00:00,1,,"[0, 0, 0, 0, 0, 0, 0, 0, 0, 0, 0, 0, 0, 0, 0, 0, 0, 0, 1, 0, 0, 0, 0, 1, 0, 0, 0, 0, 0, 0, 0, 0, 0, 0, 0, 1, 0, 0, 1, 1, 1, 0, 1, 1, 1]",45000.0,16317.0,0.12606989320002518,-0.6114337137678488,-0.054488959167710314,0.2259612567881653,-0.06670879924340213,-0.07412946629464255,-0.16547143701628758,-0.03231283449775203,-0.04317344340611509,-0.048236128980226715,0.2659552272166623,-0.09236929204096728,-0.026172253256940618,0.47334886807418025,-0.03481326916714037,0.13611650753568505,-0.12296996338010098,0.09263075257175206,0.02313302321270807,0.12181209640599021,0.08965056778496559,-0.05816090055260583,-0.023487699131707573,-0.016179347188425074,0.2103895073799279,0.141236061144545,6.717,0.0,1.0,302.0,0.022222222222222223,162.0,4.0,0.0,3.0,46.0,99.0,10.0,1.0,1.6,0.0,16.0,0.0,1.0,197.0,2000.0,0.31980676328502416,0,0.0,479.0,0
8462956,2024-12-05 01:37:50+00:00,0,"[0, 0, 1, 1, 1, 1, 1, 1, 1, 1, 1, 1, 1, 1, 1, 1, 1, 1, 1, 1, 1, 1, 1, 1, 1, 1, 1, 1, 1, 1]","[1, 1, 1, 1, 1, 1, 1, 1, 1, 1, 1, 1]",25928.0,914.0,0.1267417156679973,-0.6114337137678488,-0.054488959167710314,0.004753338369163321,-0.06670879924340213,0.17561735485816402,-0.043774865933036713,-0.03231283449775203,-0.04317344340611509,0.0778669440877906,-0.06544171956609646,-0.0069440649306055586,-0.026172253256940618,0.021081495765742912,0.16413019796925432,0.13611650753568505,0.06852539126647902,0.09263075257175206,0.02313302321270807,-0.008431530244752898,0.08965056778496559,0.15904631144217646,0.04284707524103316,0.05393564252282038,-0.053592719399028974,0.141236061144545,6.717,0.0,2.0,320.0,0.6142138364779874,7.0,5.0,0.9333333333333333,0.0,17.0,1.0,3.0,10.0,1.03712,0.0,0.0,0.0,1.0,78968.0,1078.0,1.0,1,38.0,253.0,12
8469931,2024-12-07 08:07:56+00:00,1,"[1, 1, 1, 1, 1, 1, 1, 1, 1, 1, 1]","[1, 1, 1, 1, 1, 1, 1, 1, 1, 1, 1, 1, 1, 1, 1, 1, 1, 1, 1, 1, 1, 1, 1, 1, 1, 1, 1, 1, 1, 1, 1, 1, 1, 1, 1, 1, 1, 1, 1, 1, 1, 1, 1, 1, 1, 1, 1]",37752.0,1091.0,0.12691897157315243,-0.6114337137678488,0.26094868650223196,-0.1165395030712408,0.11939328962621384,0.17561735485816402,-0.14267212177429597,-0.03231283449775203,0.1740873916033103,0.0778669440877906,-0.07791647071836902,-0.0069440649306055586,-0.026172253256940618,-0.01066169917084148,-0.03481326916714037,0.13611650753568505,0.06852539126647902,0.09263075257175206,-0.08168565936984104,-0.008431530244752898,-0.039768111103099996,0.15904631144217646,-0.023487699131707573,0.05393564252282038,-0.053592719399028974,-0.018828211620055532,6.717,1094.0,3.0,158.0,0.7063492063492064,9.0,5.0,1.0,0.0,3.0,1.0,2.0,12.0,1.1735886595374285,0.0,0.0,0.0,329.0,78968.0,8286.099999999991,1.0,0,46.0,143.0,71926
8472329,2024-12-08 04:48:33+00:00,1,,,15396.0,16317.0,0.12724759444769548,-0.6114337137678488,-0.054488959167710314,0.2259612567881653,-0.06670879924340213,-0.07412946629464255,-0.043774865933036713,0.030500288512228284,-0.04317344340611509,0.0778669440877906,-0.07791647071836902,0.07090034106747711,-0.026172253256940618,0.27517336419933297,0.28748156146469017,0.13611650753568505,0.06852539126647902,0.09263075257175206,0.02313302321270807,-0.008431530244752898,-0.009607996814591997,-0.05816090055260583,-0.023487699131707573,-0.016179347188425074,0.13525803582801485,-0.018828211620055532,6.717,0.0,1.0,372.0,0.0,7.0,7.0,0.0,0.0,6.0,0.0,10.0,3.0,0.5837345971563981,0.0,0.0,0.0,1.0,4566.0,3538.0,0.0,0,13.0,382.0,62262
8469814,2024-12-07 07:25:32+00:00,0,"[1, 1, 1, 1]","[1, 1, 1, 1, 1, 1, 1, 1, 1, 1, 1, 1, 1, 1]",19708.0,533.0,0.12833483224998288,-0.6114337137678488,-0.054488959167710314,-0.23295731524514138,0.11939328962621384,0.17561735485816402,-0.16547143701628758,-0.03231283449775203,0.1740873916033103,0.0778669440877906,-0.07791647071836902,-0.09236929204096728,-0.026172253256940618,0.021081495765742912,0.28748156146469017,0.13611650753568505,-0.12296996338010098,0.09263075257175206,0.02313302321270807,-0.008431530244752898,-0.039768111103099996,0.15904631144217646,0.04284707524103316,-0.016179347188425074,0.015592503790590144,0.141236061144545,6.717,0.0,4.0,168.0,0.7366816856612773,23.0,1.0,1.0,0.0,6.0,3.0,9.0,11.0,0.9991381495564005,0.0,1.0,0.0,1.0,2894.0,4897.0,1.0,1,18.0,345.0,15
8460612,2024-12-04 01:58:27+00:00,0,"[1, 1, 1, 1, 1, 1, 1, 1, 1]","[0, 0, 0, 0, 0, 0, 0, 0, 0, 1, 1, 1, 1, 1, 1, 1, 1, 1, 1, 1, 1, 1, 1, 1, 1, 1, 1, 1, 1]",17737.0,575.0,0.12837495461035914,-0.6114337137678488,-0.054488959167710314,0.004753338369163321,-0.06670879924340213,-0.05564041606933876,0.1880244731129659,-0.03231283449775203,0.1740873916033103,0.0778669440877906,-0.07791647071836902,-0.0069440649306055586,-0.026172253256940618,-0.01066169917084148,0.28748156146469017,0.13611650753568505,0.06852539126647902,0.09263075257175206,0.02313302321270807,-0.008431530244752898,-0.039768111103099996,-0.05484988672575293,0.04284707524103316,0.22505449144967976,-0.053592719399028974,0.008044419973869708,6.717,0.0,2.0,309.0,0.5172413793103449,2.0,5.0,1.0,0.0,3.0,1.0,9.0,12.0,0.9732235939643347,0.0,0.0,0.0,1.0,974.0,5800.0,0.896551724137931,1,57.0,238.0,35789
8464414,2024-12-05 07:40:53+00:00,1,"[1, 1, 1, 1, 1, 1, 1]","[1, 1, 1, 1, 1, 1, 1, 1, 1, 1, 1, 1, 1, 1, 1, 0, 1]",23490.0,631.0,0.12868546554236468,-0.6114337137678488,-0.054488959167710314,-0.23295731524514138,0.41236787050388063,0.17561735485816402,-0.14267212177429597,-0.03231283449775203,0.1740873916033103,0.0778669440877906,-0.07791647071836902,0.07090034106747711,-0.026172253256940618,-0.3292197513569699,0.28748156146469017,0.13611650753568505,0.06852539126647902,0.09263075257175206,0.02313302321270807,-0.008431530244752898,-0.039768111103099996,-0.05484988672575293,0.04284707524103316,-0.016179347188425074,-0.053592719399028974,-0.018828211620055532,6.717,0.0,5.0,96.0,0.6544662309368191,12.0,4.0,1.0,0.0,6.0,0.0,2.0,32.0,0.9238938053097345,0.0,0.0,0.0,1.0,3496.0,5690.0,0.8954248366013072,1,32.0,72.0,65046
8460957,2024-12-04 03:20:18+00:00,1,"[1, 1, 1, 1, 1, 1, 1, 1]",,22841.0,284.0,0.12875739303630584,-0.6114337137678488,-0.054488959167710314,0.2259612567881653,-0.05738860713727523,0.22755275636556374,0.1880244731129659,-0.03231283449775203,0.1740873916033103,0.0778669440877906,-0.07791647071836902,-0.09236929204096728,0.13238330771477913,0.25953741616204173,-0.03481326916714037,0.13611650753568505,0.06852539126647902,0.09263075257175206,0.02313302321270807,-0.008431530244752898,0.04544625733308562,-0.05816090055260583,0.04284707524103316,-0.016179347188425074,-0.053592719399028974,-0.018828211620055532,6.717,0.0,1.0,218.0,1.0,2.0,1.0,1.0,0.0,8.0,2.0,1.0,4.0,1.4231152647975078,0.0,0.0,0.0,1.0,78968.0,3000.0,0.0,1,12.0,30.0,66423
8467720,2024-12-07 00:00:06+00:00,0,"[1, 1, 1, 1, 1, 1, 1, 1, 1, 1, 1, 1, 1, 1, 1, 1, 1, 1, 1, 1, 1]","[0, 0, 0, 0, 0, 0, 0, 0, 0, 0, 0, 0, 0, 0, 0, 0, 0, 0, 0, 0, 1, 1, 1, 1, 1, 1, 1, 1, 1, 1, 1, 1]",19420.0,662.0,0.12894371844999347,-0.6114337137678488,-0.054488959167710314,-0.1165395030712408,0.11939328962621384,0.22755275636556374,-0.16547143701628758,-0.03231283449775203,0.1740873916033103,0.0778669440877906,0.035324081286162975,0.07090034106747711,-0.026172253256940618,-0.2062583476798761,0.28748156146469017,0.13611650753568505,0.06852539126647902,0.09263075257175206,0.02313302321270807,-0.008431530244752898,-0.039768111103099996,-0.05816090055260583,0.04284707524103316,-0.016179347188425074,0.015592503790590144,-0.03707202918461854,6.717,0.0,3.0,194.0,0.80625,29.0,2.0,1.0,0.0,24.0,0.0,8.0,20.0,0.9984575835475579,0.0,0.0,0.0,1.0,2481.0,5808.0,0.6022727272727273,1,9.0,327.0,129022
8465398,2024-12-06 01:13:12+00:00,1,"[1, 1, 1, 1, 1, 1, 1, 1, 1, 1, 1, 1, 1, 1, 1, 1, 1, 1, 1, 1, 1, 1, 1, 1, 1, 1, 1, 1, 1, 1, 1, 1, 1]","[0, 0, 0, 1, 1]",33436.0,494.0,0.12931513497027874,-0.6114337137678488,-0.054488959167710314,0.004753338369163321,0.41236787050388063,-0.05564041606933876,-0.043774865933036713,-0.03231283449775203,0.1740873916033103,0.0778669440877906,-0.07791647071836902,0.07090034106747711,0.13238330771477913,-0.10985411191684905,0.16413019796925432,-0.1482292857992833,0.06852539126647902,0.09263075257175206,0.02313302321270807,-0.008431530244752898,-0.039768111103099996,-0.05816090055260583,-0.023487699131707573,-0.016179347188425074,-0.053592719399028974,0.141236061144545,6.717,0.0,2.0,70.0,0.6,7.0,3.0,1.0,0.0,3.0,0.0,1.0,14.0,1.041619937694704,1.0,0.0,0.0,1.0,1044.0,6931.0,0.6,0,24.0,192.0,5
8470470,2024-12-07 23:37:11+00:00,1,"[1, 1, 1, 1, 1, 1, 1, 1, 1, 1, 1, 1, 1, 1, 1, 1, 1, 1]","[1, 1, 1, 1, 1, 1, 1, 1, 1, 1, 1, 1, 1, 1, 1, 1, 1, 1, 1, 1, 1, 1, 1, 1, 1, 1, 1, 1, 1, 0, 1, 0, 1, 1, 0, 1]",35000.0,674.0,0.12933712760832433,-0.6114337137678488,-0.054488959167710314,-0.1165395030712408,0.11939328962621384,0.22755275636556374,0.14385053025774988,-0.03231283449775203,0.1740873916033103,-0.048236128980226715,-0.07791647071836902,0.07090034106747711,0.13238330771477913,-0.01066169917084148,0.16413019796925432,0.13611650753568505,0.06852539126647902,0.09263075257175206,0.02313302321270807,-0.008431530244752898,0.04544625733308562,-0.05484988672575293,0.04284707524103316,-0.016179347188425074,-0.053592719399028974,0.008044419973869708,6.717,0.0,3.0,204.0,0.9166666666666667,3.0,1.0,1.0,3.0,4.0,0.0,1.0,13.0,1.1070694290684802,0.0,0.0,0.0,1.0,2524.0,3137.0,0.8543543543543544,1,27.0,153.0,42242
8463160,2024-12-05 02:23:23+00:00,0,"[1, 1, 1, 1, 1, 1, 1, 1, 0, 1, 1, 1, 1, 1, 1, 0, 1, 1, 1, 1, 1, 1, 1, 1, 1, 1, 1, 1, 1, 1, 1, 1, 1, 1, 1, 1, 1, 1]","[0, 0, 0, 0, 0, 1, 1, 1]",40113.0,795.0,0.1297376947753694,-0.6114337137678488,0.26094868650223196,-0.5083517388880758,0.11939328962621384,0.17561735485816402,-0.043774865933036713,0.030500288512228284,0.1740873916033103,0.0778669440877906,-0.07791647071836902,-0.0069440649306055586,-0.026172253256940618,-0.3292197513569699,0.16413019796925432,-0.1482292857992833,0.06852539126647902,0.09263075257175206,0.02313302321270807,-0.008431530244752898,-0.009607996814591997,-0.05816090055260583,0.04284707524103316,0.05393564252282038,-0.053592719399028974,0.141236061144545,6.717,2246.0,7.0,194.0,0.6360318925140906,7.0,9.0,0.9473684210526315,1.0,3.0,1.0,9.0,26.0,1.0487058823529412,1.0,0.0,0.0,1.0,78968.0,3800.0,0.5833333333333334,1,45.0,257.0,19965
8471192,2024-12-08 01:20:32+00:00,1,"[1, 1, 1, 1, 1, 1, 1, 1, 1, 1, 1, 1, 1, 1, 1, 1, 1, 1, 1, 1, 1, 1, 1, 1, 1]","[0, 0, 0, 0, 0, 0, 0, 1, 0, 0, 0, 1, 1, 1, 1, 1]",31943.0,345.0,0.1297386797420491,-0.6114337137678488,0.26094868650223196,0.004753338369163321,0.11939328962621384,0.17561735485816402,-0.14267212177429597,-0.03231283449775203,0.1740873916033103,0.0778669440877906,-0.07791647071836902,0.07090034106747711,-0.026172253256940618,0.021081495765742912,-0.03481326916714037,-0.1482292857992833,0.06852539126647902,0.09263075257175206,0.02313302321270807,-0.008431530244752898,-0.039768111103099996,-0.05816090055260583,-0.023487699131707573,-0.016179347188425074,0.04095250473658998,-0.0035377154089891926,6.717,571.0,2.0,174.0,0.6791158536585366,10.0,6.0,1.0,0.0,2.0,0.0,8.0,11.0,1.2321311475409835,1.0,0.0,0.0,1.0,3632.0,5133.0,0.5735294117647058,0,23.0,352.0,52477
8472284,2024-12-08 04:37:57+00:00,1,,,24187.0,16317.0,0.1297527131460669,-0.6114337137678488,-0.054488959167710314,0.2259612567881653,-0.05738860713727523,-0.07412946629464255,0.14385053025774988,0.4065249203285951,-0.04317344340611509,0.0778669440877906,-0.07791647071836902,-0.0069440649306055586,-0.026172253256940618,0.14199482941539582,-0.03481326916714037,0.13611650753568505,0.06852539126647902,0.09263075257175206,0.02313302321270807,-0.008431530244752898,-0.039768111103099996,-0.05816090055260583,-0.023487699131707573,-0.016179347188425074,0.13525803582801485,0.008044419973869708,6.717,0.0,1.0,255.0,0.0,4.0,24.0,0.0,1.0,4.0,1.0,10.0,6.0,1.1382117647058823,0.0,0.0,0.0,1.0,78968.0,4852.0,0.0,0,12.0,419.0,29522
8469637,2024-12-07 06:32:10+00:00,1,,,35000.0,16317.0,0.12976340205561981,-0.6114337137678488,0.26094868650223196,0.2259612567881653,-0.06670879924340213,-0.07412946629464255,-0.16547143701628758,-0.03231283449775203,-0.04317344340611509,0.0778669440877906,0.035324081286162975,-0.09236929204096728,-0.026172253256940618,0.27517336419933297,0.16413019796925432,0.13611650753568505,-0.12296996338010098,0.09263075257175206,0.02313302321270807,-0.008431530244752898,-0.039768111103099996,-0.05816090055260583,0.04284707524103316,-0.016179347188425074,-0.053592719399028974,0.141236061144545,6.717,4000.0,1.0,339.0,0.0,22.0,1.0,0.0,1.0,21.0,6.0,10.0,3.0,1.0385756676557865,0.0,2.0,0.0,1.0,78968.0,4988.0,0.0,1,0.0,232.0,16900
8470420,2024-12-07 23:06:57+00:00,1,"[1, 1, 1, 1, 1, 1, 1, 1, 1, 1, 1, 1, 1, 1, 1, 1, 1, 1, 1, 1, 1, 1, 1, 1, 1, 1, 1, 1, 1]","[1, 1, 1, 1, 1, 1, 1, 1, 1, 1, 0, 0, 0, 0, 1, 1, 1, 1, 1, 1, 1, 1, 1, 1, 1, 1, 1, 1, 1]",27838.0,493.0,0.12998266642368894,-0.6114337137678488,0.26094868650223196,-0.1165395030712408,-0.05738860713727523,0.17561735485816402,-0.16547143701628758,0.030500288512228284,0.1740873916033103,-0.048236128980226715,-0.09921592132150975,0.07090034106747711,-0.026172253256940618,-0.15334582495827825,0.16413019796925432,-0.1482292857992833,0.06852539126647902,0.09263075257175206,0.02313302321270807,-0.008431530244752898,-0.009607996814591997,-0.05484988672575293,-0.023487699131707573,0.22505449144967976,-0.053592719399028974,-0.018828211620055532,6.717,256.0,3.0,258.0,0.6783010933557612,17.0,11.0,1.0,3.0,1.0,0.0,9.0,18.0,1.0992300098716683,1.0,0.0,0.0,1.0,1258.0,4480.0,0.8850574712643678,0,55.0,239.0,67954
8472092,2024-12-08 04:03:51+00:00,1,,,30417.0,16317.0,0.13011708311288314,-0.6114337137678488,0.26094868650223196,0.2259612567881653,-0.06670879924340213,-0.07412946629464255,0.14385053025774988,-0.03231283449775203,-0.04317344340611509,-0.4142474070967134,-0.07791647071836902,0.07090034106747711,-0.026172253256940618,-0.15334582495827825,0.28748156146469017,0.13611650753568505,0.06852539126647902,0.09263075257175206,0.02313302321270807,-0.008431530244752898,-0.009607996814591997,-0.05816090055260583,-0.023487699131707573,0.05393564252282038,0.2103895073799279,0.141236061144545,6.717,4100.0,1.0,312.0,0.0,3.0,6.0,0.0,5.0,6.0,0.0,10.0,17.0,0.9734062980030722,0.0,0.0,0.0,1.0,4257.0,3800.0,0.0,0,39.0,658.0,402
8437174,2024-12-02 23:03:40+00:00,0,,"[0, 1, 1, 1, 1, 1, 1, 1, 1, 1]",12760.0,16317.0,0.13080834828240695,-0.6114337137678488,-0.054488959167710314,0.2259612567881653,-0.06670879924340213,-0.07412946629464255,0.01584713069282676,-0.03231283449775203,-0.04317344340611509,0.0778669440877906,-0.06544171956609646,0.07090034106747711,-0.026172253256940618,0.021081495765742912,0.28748156146469017,0.13611650753568505,0.06852539126647902,0.09263075257175206,-0.08168565936984104,-0.008431530244752898,0.08965056778496559,0.15904631144217646,0.04284707524103316,-0.016179347188425074,-0.053592719399028974,-0.018828211620055532,6.717,0.0,1.0,350.0,0.1,6.0,2.0,0.0,0.0,12.0,0.0,10.0,9.0,1.0047244094488188,0.0,0.0,0.0,329.0,78968.0,2400.0,0.9818181818181818,1,13.0,165.0,86617
8470887,2024-12-08 00:31:49+00:00,1,"[1, 1, 1, 1, 1]","[0, 0, 0, 0, 0, 0, 0, 0, 0, 0, 0, 0, 0, 1, 1, 1, 1, 1]",16699.0,899.0,0.13084740042006301,-0.6114337137678488,-0.054488959167710314,-0.1165395030712408,-0.06670879924340213,0.17561735485816402,-0.043774865933036713,0.030500288512228284,0.1740873916033103,-0.048236128980226715,-0.07791647071836902,-0.0069440649306055586,-0.026172253256940618,-0.2062583476798761,0.28748156146469017,0.13611650753568505,0.06852539126647902,0.09263075257175206,0.02313302321270807,-0.008431530244752898,-0.009607996814591997,-0.05816090055260583,-0.023487699131707573,0.22505449144967976,0.006896750883670848,0.141236061144545,6.717,13.0,3.0,340.0,0.739266883162232,7.0,12.0,1.0,3.0,7.0,1.0,9.0,20.0,0.44876515009002715,0.0,0.0,0.0,1.0,407.0,3843.0,0.4678362573099415,0,83.0,306.0,5410
8433624,2024-12-02 04:37:12+00:00,0,"[1, 1, 1, 1, 1, 1, 1, 1, 1, 1, 1, 1, 1]","[0, 0, 0, 0, 0, 0, 0, 0, 0, 0, 0, 0, 0, 0, 0, 0, 0, 0, 0, 1, 1, 1, 1, 1, 1, 1, 1, 1, 1, 1, 1, 1, 1, 1, 1, 0, 1, 1, 1]",19611.0,396.0,0.13160666790280942,-0.6114337137678488,0.23990797722314114,-0.1165395030712408,0.11939328962621384,0.17561735485816402,-0.14267212177429597,-0.03231283449775203,0.1740873916033103,-0.048236128980226715,-0.06544171956609646,-0.0069440649306055586,-0.026172253256940618,0.021081495765742912,0.16413019796925432,0.13611650753568505,-0.12296996338010098,0.09263075257175206,0.02313302321270807,-0.008431530244752898,-0.039768111103099996,-0.05816090055260583,0.04284707524103316,0.05393564252282038,-0.053592719399028974,-0.0035377154089891926,6.717,55.0,3.0,194.0,0.6752136752136751,10.0,4.0,1.0,3.0,15.0,1.0,9.0,10.0,1.134173847666416,0.0,1.0,0.0,1.0,698.0,4691.0,0.7102564102564103,1,36.0,263.0,51168
8464444,2024-12-05 07:51:24+00:00,1,"[1, 1, 1, 1, 1, 1, 1, 1, 1, 1]","[0, 0, 0, 0, 0, 0, 0, 0, 0, 0, 1, 1, 1, 1, 1, 1, 1, 1, 0, 0, 0, 0, 1, 1, 1, 1, 1]",47859.0,889.0,0.13172396735389932,-0.6114337137678488,0.26094868650223196,-0.5083517388880758,-0.06670879924340213,0.22755275636556374,-0.16547143701628758,0.4065249203285951,0.1740873916033103,0.0778669440877906,-0.07791647071836902,-0.09236929204096728,-0.026172253256940618,-0.46958011525157795,0.16413019796925432,-0.1482292857992833,-0.12296996338010098,0.09263075257175206,0.02313302321270807,-0.008431530244752898,-0.039768111103099996,-0.05816090055260583,-0.023487699131707573,0.22505449144967976,-0.053592719399028974,0.141236061144545,6.717,2820.0,14.0,338.0,0.8339506172839507,19.0,40.0,1.0,1.0,3.0,4.0,9.0,68.0,1.1182009345794393,1.0,2.0,0.0,1.0,78968.0,8286.099999999991,0.6375661375661376,0,152.0,211.0,12
8465602,2024-12-06 02:02:24+00:00,0,[1],"[0, 1, 1, 1, 1, 1, 1, 1, 1, 0, 0, 0, 0, 1, 0, 0, 1, 1, 1, 1, 1, 1, 1, 1, 1, 1, 1, 1, 1, 1, 1, 1, 1, 1, 1, 1, 1, 1, 1, 0, 1, 0, 1, 1, 1, 1, 1, 1, 1, 1, 1, 1, 1, 1, 0, 1, 1, 1, 1, 1, 1, 1, 1, 1, 1, 0, 0, 1, 1, 1, 1, 1, 0, 1, 1, 1]",19944.0,383.0,0.13215562899347377,-0.6114337137678488,0.23990797722314114,0.2259612567881653,-0.05738860713727523,-0.05564041606933876,-0.14267212177429597,0.030500288512228284,0.1740873916033103,-0.048236128980226715,-0.07791647071836902,0.07090034106747711,-0.026172253256940618,0.021081495765742912,-0.03481326916714037,0.13611650753568505,-0.12296996338010098,0.09263075257175206,0.02313302321270807,-0.008431530244752898,0.04544625733308562,-0.05484988672575293,0.04284707524103316,0.22505449144967976,-0.053592719399028974,-0.018828211620055532,6.717,106.0,1.0,214.0,0.506578947368421,9.0,10.0,1.0,3.0,2.0,0.0,2.0,11.0,1.1528323699421965,0.0,1.0,0.0,1.0,1688.0,3200.0,0.8561175666438824,1,91.0,283.0,62409
8417227,2024-12-03 04:17:17+00:00,1,,"[1, 1, 1, 1, 1, 1, 1, 1, 1, 1, 1, 1, 1, 1, 1, 1, 1, 1, 1, 1, 1, 1, 1, 1, 1, 1, 1, 1, 1, 1, 1, 1, 1, 1, 1, 1, 1, 1, 1, 1, 1, 1]",22223.0,16317.0,0.1322051799222891,-0.6114337137678488,0.26094868650223196,0.2259612567881653,-0.05738860713727523,0.22755275636556374,-0.16547143701628758,-0.03231283449775203,-0.04317344340611509,0.0778669440877906,-0.07791647071836902,0.07090034106747711,-0.026172253256940618,0.20995636990242048,-0.03481326916714037,0.13611650753568505,-0.12296996338010098,0.09263075257175206,0.02313302321270807,-0.008431530244752898,-0.039768111103099996,0.15904631144217646,-0.023487699131707573,-0.016179347188425074,0.2103895073799279,-0.018828211620055532,6.717,300.0,1.0,265.0,1.0,14.0,5.0,0.0,1.0,6.0,0.0,10.0,5.0,1.5248387539453823,0.0,2.0,0.0,1.0,78968.0,4938.0,1.0,0,2.0,457.0,57245
8472037,2024-12-08 03:52:35+00:00,0,,,24358.0,16317.0,0.13238832964190564,-0.6114337137678488,-0.054488959167710314,0.2259612567881653,-0.06670879924340213,-0.07412946629464255,0.14385053025774988,-0.03231283449775203,-0.04317344340611509,-0.048236128980226715,-0.09921592132150975,-0.0069440649306055586,-0.026172253256940618,0.47334886807418025,0.16413019796925432,-0.1482292857992833,0.06852539126647902,0.09263075257175206,0.02313302321270807,-0.008431530244752898,0.08965056778496559,-0.05816090055260583,0.04284707524103316,-0.016179347188425074,0.13525803582801485,-0.018828211620055532,6.717,0.0,1.0,600.0,0.0,3.0,0.0,0.0,3.0,0.0,1.0,10.0,2.0,1.1329302325581396,1.0,0.0,0.0,1.0,981.0,0.0,0.0,1,0.0,383.0,74445
8461654,2024-12-04 06:12:10+00:00,1,"[1, 1, 1, 1, 1]",,13369.0,604.0,0.13247313778977246,-0.6114337137678488,-0.054488959167710314,-0.1165395030712408,-0.06670879924340213,0.22755275636556374,0.4194777125113977,-0.03231283449775203,0.1740873916033103,0.0778669440877906,-0.07791647071836902,0.07090034106747711,0.13238330771477913,0.25953741616204173,0.16413019796925432,0.13611650753568505,0.06852539126647902,0.09263075257175206,0.02313302321270807,-0.008431530244752898,-0.039768111103099996,-0.05816090055260583,0.04284707524103316,-0.016179347188425074,-0.053592719399028974,-0.018828211620055532,6.717,0.0,3.0,354.0,1.0,1.0,1.0,1.0,0.0,7.0,0.0,1.0,4.0,1.0363565891472868,0.0,0.0,0.0,12.0,318.0,6740.0,0.0,1,16.0,37.0,94133
8464281,2024-12-05 06:59:33+00:00,1,,,31116.0,16317.0,0.1330351183089803,-0.6114337137678488,0.23990797722314114,0.2259612567881653,-0.06670879924340213,-0.07412946629464255,-0.16547143701628758,-0.03231283449775203,-0.04317344340611509,-0.048236128980226715,-0.06544171956609646,-0.09236929204096728,-0.026172253256940618,0.25953741616204173,0.16413019796925432,0.13611650753568505,-0.12296996338010098,0.09263075257175206,0.02313302321270807,-0.008431530244752898,-0.039768111103099996,-0.05816090055260583,-0.023487699131707573,0.05393564252282038,0.2103895073799279,0.141236061144545,6.717,49.0,1.0,600.0,0.0,162.0,3.0,0.0,3.0,13.0,99.0,10.0,4.0,1.115268817204301,0.0,16.0,0.0,1.0,348.0,8286.099999999991,0.0,0,41.0,433.0,17947
8464054,2024-12-06 04:15:50+00:00,0,"[0, 0, 0, 1, 1, 1, 1, 1, 1, 1, 1, 1, 1, 1, 1, 1, 1, 1, 1, 1, 1, 1, 1, 1, 1, 1, 1, 1, 1, 1, 1, 1, 1, 1, 1, 1]","[1, 1, 1, 1, 1, 1, 1, 1, 1, 1, 0, 0, 1, 0, 1, 1, 0, 1, 1, 1, 1, 1, 1, 1, 1, 1, 1, 1, 1, 1, 1, 1, 1, 1, 1, 1, 1, 1, 0, 1, 0, 0, 1, 1, 1, 1, 1, 1, 1, 1, 1, 1, 1, 1, 1, 1, 1, 1, 1, 0]",24922.0,16317.0,0.1330882022452197,-0.6114337137678488,-0.054488959167710314,0.2259612567881653,-0.05738860713727523,-0.07412946629464255,0.1880244731129659,-0.03231283449775203,-0.04317344340611509,0.0778669440877906,-0.06544171956609646,-0.0069440649306055586,-0.026172253256940618,0.25953741616204173,0.28748156146469017,-0.1482292857992833,0.06852539126647902,0.09263075257175206,0.02313302321270807,-0.008431530244752898,-0.009607996814591997,-0.05484988672575293,0.04284707524103316,-0.016179347188425074,0.13525803582801485,-0.018828211620055532,6.717,0.0,1.0,226.0,0.07678062678062678,2.0,2.0,0.9166666666666666,1.0,13.0,1.0,10.0,4.0,1.0245426515930114,1.0,0.0,0.0,1.0,78968.0,4374.0,0.8710382513661202,1,6.0,415.0,83683
8469313,2024-12-07 05:23:10+00:00,1,"[1, 1, 1, 1, 1, 1, 1, 1, 1, 1, 1, 1, 1, 1, 1, 1, 1, 1, 1, 1, 1, 1, 1, 1, 1, 1, 1, 1, 1, 1, 1, 1, 1, 1, 1, 1, 1, 1, 1, 1, 1, 1, 1, 1]",,22293.0,415.0,0.13309685283149975,-0.6114337137678488,0.23990797722314114,0.004753338369163321,-0.05738860713727523,0.22755275636556374,-0.14267212177429597,0.030500288512228284,0.1740873916033103,0.0778669440877906,-0.09921592132150975,0.07090034106747711,0.13238330771477913,-0.3292197513569699,-0.03481326916714037,0.13611650753568505,0.06852539126647902,0.09263075257175206,0.02313302321270807,-0.008431530244752898,-0.009607996814591997,-0.05816090055260583,-0.023487699131707573,0.22505449144967976,0.04095250473658998,0.008044419973869708,6.717,63.0,2.0,278.0,1.0,11.0,12.0,1.0,1.0,1.0,0.0,1.0,25.0,1.1826525198938993,0.0,0.0,0.0,1.0,78968.0,4250.0,0.0,0,96.0,366.0,27823
8436379,2024-12-01 07:29:57+00:00,1,,,14263.0,16317.0,0.13310957650527794,-0.6114337137678488,0.26094868650223196,0.2259612567881653,-0.06670879924340213,-0.07412946629464255,-0.16547143701628758,0.030500288512228284,-0.04317344340611509,-0.048236128980226715,-0.06544171956609646,-0.09236929204096728,-0.026172253256940618,0.25953741616204173,0.28748156146469017,-0.1482292857992833,-0.12296996338010098,0.09263075257175206,0.02313302321270807,-0.008431530244752898,-0.039768111103099996,-0.05816090055260583,-0.023487699131707573,0.22505449144967976,-0.053592719399028974,-0.018828211620055532,6.717,6079.0,1.0,448.0,0.0,162.0,8.0,0.0,3.0,13.0,99.0,10.0,4.0,0.8221223125252176,1.0,16.0,0.0,1.0,78968.0,5000.0,0.0,0,65.0,163.0,71000
8463338,2024-12-05 03:07:31+00:00,1,"[0, 0, 0, 0, 0, 0, 0, 0, 0, 0, 0, 1, 1, 1, 1, 1, 1, 1, 1, 1, 1, 1, 1, 1, 1, 1, 1, 1, 1]","[1, 1, 1, 1, 1, 1, 1, 1, 1, 1, 1, 1, 1]",28508.0,16317.0,0.13347681339723536,-0.6114337137678488,-0.054488959167710314,0.004753338369163321,-0.06670879924340213,0.22755275636556374,0.01584713069282676,0.4065249203285951,-0.04317344340611509,0.0778669440877906,-0.06544171956609646,0.07090034106747711,-0.026172253256940618,0.14199482941539582,-0.03481326916714037,0.13611650753568505,-0.12296996338010098,0.09263075257175206,0.02313302321270807,-0.008431530244752898,-0.039768111103099996,0.15904631144217646,-0.023487699131707573,-0.016179347188425074,0.04095250473658998,0.141236061144545,6.717,0.0,2.0,317.0,0.7586206896551724,5.0,15.0,0.6206896551724138,1.0,16.0,0.0,10.0,7.0,1.1768008255933953,0.0,1.0,0.0,1.0,1764.0,7600.0,1.0,0,1.0,354.0,24300
8471496,2024-12-08 02:10:22+00:00,1,"[1, 1, 1, 1, 1, 1, 1, 1, 1, 1, 1, 1, 1, 1, 1, 1, 1, 1, 1]",,51294.0,380.0,0.1335639253825765,-0.6114337137678488,-0.054488959167710314,0.2259612567881653,-0.05738860713727523,0.22755275636556374,-0.14267212177429597,-0.03231283449775203,0.1740873916033103,0.0778669440877906,-0.06544171956609646,0.07090034106747711,0.13238330771477913,0.08251752792097579,-0.03481326916714037,0.13611650753568505,0.06852539126647902,0.09263075257175206,0.02313302321270807,0.12181209640599021,-0.009607996814591997,-0.05816090055260583,0.04284707524103316,-0.016179347188425074,0.015592503790590144,0.141236061144545,6.717,18.0,1.0,216.0,1.0,11.0,4.0,1.0,0.0,14.0,0.0,1.0,8.0,1.1472601207783493,0.0,0.0,0.0,1.0,235.0,3683.0,0.0,1,20.0,316.0,15
8437914,2024-12-03 02:41:04+00:00,1,"[1, 1, 1, 1, 1, 1, 1, 1, 1, 1, 1, 1, 1, 1, 1, 1, 1, 1, 1, 1, 1, 1, 1, 1, 1, 1, 1, 1, 1, 1, 1, 1, 1]","[0, 1, 1, 1, 1, 1, 1, 1, 1, 1, 1, 1, 1, 1]",6879.0,544.0,0.13359074983433686,-0.6114337137678488,-0.054488959167710314,0.2259612567881653,-0.06670879924340213,0.17561735485816402,-0.16547143701628758,-0.03231283449775203,0.1740873916033103,0.0778669440877906,-0.07791647071836902,-0.09236929204096728,-0.026172253256940618,0.14199482941539582,0.28748156146469017,-0.1482292857992833,0.06852539126647902,-0.3012493410357806,0.02313302321270807,-0.008431530244752898,-0.009607996814591997,0.15904631144217646,-0.023487699131707573,-0.016179347188425074,-0.053592719399028974,-0.018828211620055532,6.717,0.0,1.0,354.0,0.6904761904761904,23.0,2.0,1.0,0.0,5.0,3.0,10.0,7.0,0.9757446808510638,1.0,0.0,1.0,1.0,1020.0,4167.0,0.9904761904761905,0,21.0,225.0,87506
8471392,2024-12-08 01:52:14+00:00,0,"[1, 1, 1, 1, 1, 1, 1, 1, 1, 1, 1, 1, 1, 1, 1, 1, 1, 1, 1, 1, 1, 1, 1, 1, 1, 1, 1, 1, 1]","[1, 1, 1, 1, 1, 1, 1, 1, 1, 1, 1, 1, 1]",31530.0,581.0,0.13360984704719422,-0.6114337137678488,-0.054488959167710314,-0.1165395030712408,0.41236787050388063,0.22755275636556374,-0.16547143701628758,-0.03231283449775203,0.1740873916033103,-0.048236128980226715,-0.07791647071836902,-0.09236929204096728,-0.026172253256940618,-0.01066169917084148,0.16413019796925432,-0.1482292857992833,-0.12296996338010098,-0.3012493410357806,0.02313302321270807,-0.008431530244752898,-0.039768111103099996,0.15904631144217646,0.04284707524103316,0.22505449144967976,0.13525803582801485,-0.018828211620055532,6.717,0.0,3.0,86.0,0.8277867965367965,23.0,1.0,1.0,3.0,4.0,2.0,2.0,13.0,1.1280858676207512,1.0,1.0,1.0,1.0,4033.0,6240.0,1.0,1,52.0,411.0,83688
8468692,2024-12-07 03:22:40+00:00,1,,"[0, 0, 1, 1, 1, 1, 1, 1, 1, 1, 1, 1, 1, 1, 1]",35000.0,16317.0,0.13370497405445325,-0.6114337137678488,0.26094868650223196,0.004753338369163321,-0.05738860713727523,0.17561735485816402,-0.16547143701628758,0.030500288512228284,-0.04317344340611509,0.0778669440877906,-0.07791647071836902,-0.09236929204096728,0.13238330771477913,0.021081495765742912,0.28748156146469017,-0.1482292857992833,-0.12296996338010098,0.09263075257175206,0.02313302321270807,-0.008431530244752898,-0.039768111103099996,0.15904631144217646,-0.023487699131707573,0.05393564252282038,-0.053592719399028974,-0.0035377154089891926,6.717,468.0,2.0,280.0,0.6888888888888888,162.0,8.0,0.0,0.0,6.0,99.0,1.0,9.0,1.0071942446043165,1.0,16.0,0.0,1.0,78968.0,8286.099999999991,0.975,0,37.0,93.0,52841
8438180,2024-12-03 03:10:01+00:00,1,,,22229.0,16317.0,0.13404918335468677,-0.6114337137678488,0.26094868650223196,0.2259612567881653,-0.05738860713727523,-0.07412946629464255,-0.16547143701628758,-0.03231283449775203,-0.04317344340611509,0.0778669440877906,-0.07791647071836902,-0.09236929204096728,-0.026172253256940618,0.27517336419933297,0.28748156146469017,0.13611650753568505,-0.12296996338010098,0.09263075257175206,0.02313302321270807,-0.008431530244752898,-0.039768111103099996,-0.05816090055260583,-0.023487699131707573,-0.016179347188425074,-0.053592719399028974,0.008044419973869708,6.717,500.0,1.0,300.0,0.0,162.0,1.0,0.0,0.0,8.0,99.0,10.0,3.0,0.9940968650775904,0.0,16.0,0.0,1.0,78968.0,5000.0,0.0,0,0.0,8.0,29169
8435752,2024-12-03 04:09:48+00:00,1,,"[1, 1, 1, 1, 1, 1, 1, 1, 1, 1, 1, 1, 1, 1, 1, 1, 0, 1, 1, 1, 1, 1, 1, 1, 1, 1, 1, 1, 1, 1]",29521.0,16317.0,0.13404929576682065,-0.6114337137678488,-0.054488959167710314,0.2259612567881653,-0.06670879924340213,-0.07412946629464255,0.01584713069282676,-0.03231283449775203,-0.04317344340611509,0.0778669440877906,-0.07791647071836902,0.07090034106747711,-0.026172253256940618,0.47334886807418025,0.16413019796925432,0.13611650753568505,0.06852539126647902,0.09263075257175206,0.02313302321270807,-0.008431530244752898,-0.039768111103099996,0.15904631144217646,0.04284707524103316,-0.016179347188425074,-0.053592719399028974,0.008044419973869708,6.717,0.0,1.0,496.0,0.3833333333333333,6.0,6.0,0.0,0.0,7.0,0.0,10.0,2.0,1.1212777271346095,0.0,0.0,0.0,1.0,2142.0,8286.099999999991,0.9634408602150538,1,30.0,212.0,30878
8464353,2024-12-05 07:18:31+00:00,1,,"[1, 1, 1, 1, 1, 1, 1, 1, 1, 1, 1, 1, 1, 1, 1, 1]",19189.0,16317.0,0.13416599855994107,-0.6114337137678488,-0.054488959167710314,0.2259612567881653,-0.06670879924340213,0.22755275636556374,-0.14267212177429597,-0.03231283449775203,-0.04317344340611509,-0.048236128980226715,-0.06544171956609646,-0.0069440649306055586,-0.026172253256940618,0.08251752792097579,0.28748156146469017,0.13611650753568505,0.06852539126647902,0.09263075257175206,0.02313302321270807,-0.008431530244752898,-0.009607996814591997,0.15904631144217646,-0.023487699131707573,-0.016179347188425074,0.015592503790590144,-0.0035377154089891926,6.717,0.0,1.0,349.0,1.0,9.0,1.0,0.0,3.0,12.0,1.0,10.0,8.0,0.9192335329341318,0.0,0.0,0.0,1.0,3986.0,4290.0,1.0,0,9.0,333.0,56381
8471676,2024-12-08 02:48:32+00:00,1,,,10991.0,16317.0,0.13476527696102386,-0.6114337137678488,-0.054488959167710314,0.2259612567881653,-0.06670879924340213,-0.07412946629464255,0.4194777125113977,-0.03231283449775203,-0.04317344340611509,0.0778669440877906,0.035324081286162975,0.07090034106747711,-0.026172253256940618,0.021081495765742912,0.28748156146469017,0.13611650753568505,-0.12296996338010098,0.09263075257175206,0.02313302321270807,-0.008431530244752898,0.08965056778496559,-0.05816090055260583,-0.023487699131707573,-0.016179347188425074,0.006896750883670848,-0.018828211620055532,6.717,0.0,1.0,434.0,0.0,1.0,3.0,0.0,1.0,25.0,0.0,10.0,10.0,0.9373987206823028,0.0,1.0,0.0,1.0,5103.0,2340.0,0.0,0,7.0,296.0,95479
8460856,2024-12-04 23:17:50+00:00,1,"[1, 0, 1, 0, 1, 1, 1, 1, 0, 1, 1, 1, 1, 1, 1, 1, 1, 1, 1, 1, 1, 1, 1, 1, 1, 1, 1, 1, 1, 1, 1, 1, 1]","[1, 1, 1, 1, 1, 1, 1, 1, 1, 1, 1, 1]",45000.0,16317.0,0.13482890528323102,-0.6114337137678488,-0.054488959167710314,0.2259612567881653,0.41236787050388063,-0.05564041606933876,-0.14267212177429597,-0.03231283449775203,-0.04317344340611509,-0.048236128980226715,0.08779149858909129,-0.0069440649306055586,-0.026172253256940618,0.27517336419933297,-0.03481326916714037,0.13611650753568505,-0.12296996338010098,-0.3012493410357806,0.02313302321270807,-0.008431530244752898,-0.009607996814591997,0.15904631144217646,-0.023487699131707573,-0.016179347188425074,0.2103895073799279,0.141236061144545,6.717,0.0,1.0,129.0,0.4288129414445203,10.0,4.0,0.9090909090909091,3.0,27.0,1.0,10.0,3.0,1.6,0.0,1.0,1.0,1.0,78968.0,3657.0,1.0,0,11.0,463.0,0
8469896,2024-12-07 07:53:17+00:00,0,"[1, 1, 1, 1, 1, 0, 1, 1, 1, 1, 1, 1, 1, 1, 1, 1, 1, 1, 1, 1, 1, 1, 1, 1]","[1, 1, 1, 1, 1, 1, 1, 1, 1]",26543.0,669.0,0.13488505133612602,-0.6114337137678488,-0.054488959167710314,0.004753338369163321,0.11939328962621384,0.17561735485816402,-0.14267212177429597,0.030500288512228284,0.1740873916033103,-0.048236128980226715,-0.06544171956609646,-0.0069440649306055586,-0.026172253256940618,-0.01066169917084148,-0.03481326916714037,-0.1482292857992833,0.06852539126647902,-0.3012493410357806,0.02313302321270807,-0.008431530244752898,0.08965056778496559,0.15904631144217646,0.04284707524103316,0.05393564252282038,0.2103895073799279,-0.018828211620055532,6.717,16.0,2.0,188.0,0.625,11.0,7.0,0.9583333333333334,3.0,18.0,1.0,2.0,12.0,1.199683615819209,1.0,0.0,1.0,1.0,357.0,0.0,1.0,1,50.0,493.0,70659
8466320,2024-12-06 04:39:05+00:00,1,"[0, 0, 0, 1, 0, 1, 1, 1, 1, 1, 1, 1, 1, 0, 0, 0, 0, 0, 0, 0, 0, 1, 1, 0, 0, 0, 0, 0, 1, 1, 1, 1, 1, 1, 1, 1, 1]",,30893.0,613.0,0.13537558388460957,-0.6114337137678488,-0.054488959167710314,0.2259612567881653,0.11939328962621384,-0.07412946629464255,0.14385053025774988,-0.03231283449775203,-0.04317344340611509,0.0778669440877906,-0.07791647071836902,-0.0069440649306055586,-0.026172253256940618,0.27517336419933297,0.16413019796925432,0.13611650753568505,0.06852539126647902,0.09263075257175206,0.02313302321270807,-0.008431530244752898,-0.039768111103099996,-0.05816090055260583,-0.023487699131707573,-0.016179347188425074,-0.053592719399028974,0.141236061144545,6.717,0.0,1.0,194.0,0.02702702702702703,4.0,6.0,0.5405405405405406,0.0,5.0,1.0,2.0,3.0,1.0453068958516614,0.0,0.0,0.0,1.0,1450.0,4972.0,0.0,0,13.0,213.0,4347
8439532,2024-12-04 04:29:03+00:00,1,"[0, 1, 1, 1, 1]","[1, 1, 1, 1, 1, 1, 1, 1, 1, 1, 1, 1, 1, 1, 1, 1, 1, 1, 1, 1, 1, 1, 1, 1, 1, 1, 1, 1, 1, 1, 1, 1, 1, 1, 1, 1, 1, 1, 1, 1, 1, 1, 1, 1, 1, 1, 1, 1, 1, 1, 1]",45000.0,16317.0,0.13543451990700495,-0.6114337137678488,-0.054488959167710314,0.004753338369163321,0.41236787050388063,0.22755275636556374,-0.16547143701628758,0.030500288512228284,-0.04317344340611509,0.0778669440877906,-0.07791647071836902,-0.09236929204096728,-0.026172253256940618,0.021081495765742912,-0.03481326916714037,-0.1482292857992833,0.06852539126647902,-0.3012493410357806,-0.08168565936984104,-0.008431530244752898,0.04544625733308562,0.15904631144217646,0.04284707524103316,-0.016179347188425074,0.2103895073799279,0.141236061144545,6.717,0.0,2.0,67.0,0.8400000000000001,17.0,7.0,0.8,1.0,8.0,3.0,10.0,10.0,1.6,1.0,0.0,1.0,329.0,78968.0,3200.0,1.0,1,10.0,494.0,0
8472535,2024-12-08 05:40:53+00:00,1,"[1, 1, 1, 1, 1, 1, 1, 0, 1, 1, 1, 1, 1, 0, 0, 1, 1, 1, 0, 0, 1, 1, 1, 1, 1, 1, 1, 1, 1, 1, 1, 1, 1, 1, 1, 1, 1, 1, 1, 1, 1, 1, 1, 1, 1, 1, 1, 1]","[1, 1, 1, 1, 1, 1, 1, 1, 1, 1, 1, 1, 1, 1, 1, 1, 1, 1, 1, 0, 0, 1, 0, 0, 0, 0, 1, 1, 1, 1, 1, 1, 1, 1, 1, 1, 1, 1, 1]",16718.0,614.0,0.1354642301525742,-0.6114337137678488,-0.054488959167710314,0.2259612567881653,-0.06670879924340213,-0.07412946629464255,0.01584713069282676,-0.03231283449775203,-0.04317344340611509,0.0778669440877906,0.08779149858909129,0.07090034106747711,0.13238330771477913,-0.01066169917084148,0.28748156146469017,0.13611650753568505,0.06852539126647902,0.09263075257175206,0.02313302321270807,-0.008431530244752898,-0.009607996814591997,-0.05484988672575293,0.04284707524103316,-0.016179347188425074,-0.053592719399028974,0.141236061144545,6.717,0.0,1.0,396.0,0.3397435897435897,5.0,1.0,0.8958333333333334,0.0,30.0,0.0,1.0,12.0,0.607529616977978,0.0,0.0,0.0,1.0,318.0,3500.0,0.8217948717948718,1,9.0,218.0,13
8432385,2024-12-04 23:13:23+00:00,0,"[1, 1, 1, 1, 1, 1, 1, 1]",,19867.0,519.0,0.13553984589770476,-0.6114337137678488,0.23990797722314114,0.004753338369163321,-0.05738860713727523,0.22755275636556374,-0.16547143701628758,-0.03231283449775203,0.1740873916033103,0.0778669440877906,-0.09921592132150975,-0.0069440649306055586,0.13238330771477913,-0.15334582495827825,-0.03481326916714037,-0.1482292857992833,0.06852539126647902,0.09263075257175206,0.02313302321270807,-0.008431530244752898,0.08965056778496559,-0.05816090055260583,0.04284707524103316,0.05393564252282038,-0.053592719399028974,0.008044419973869708,6.717,72.0,2.0,253.0,1.0,14.0,3.0,1.0,0.0,0.0,1.0,1.0,17.0,1.177652637818613,1.0,0.0,0.0,1.0,78968.0,1950.0,0.0,1,39.0,15.0,43958
8437307,2024-12-05 01:32:44+00:00,1,[],,30980.0,785.0,0.1355922420811701,-0.6114337137678488,0.23990797722314114,0.004753338369163321,0.11939328962621384,-0.07412946629464255,-0.14267212177429597,0.030500288512228284,-0.04317344340611509,0.0778669440877906,-0.07791647071836902,-0.0069440649306055586,0.13238330771477913,-0.15334582495827825,0.28748156146469017,-0.1482292857992833,0.06852539126647902,0.09263075257175206,-0.08168565936984104,-0.008431530244752898,-0.039768111103099996,-0.05816090055260583,-0.023487699131707573,0.22505449144967976,-0.053592719399028974,0.008044419973869708,6.717,102.0,2.0,188.0,0.0,9.0,9.0,0.0,1.0,3.0,1.0,1.0,16.0,0.8986221899927483,1.0,0.0,0.0,131.0,778.0,8286.099999999991,0.0,0,59.0,220.0,41548
8439637,2024-12-03 09:34:32+00:00,0,"[1, 1, 1]",,17825.0,854.0,0.13583143674490522,-0.6114337137678488,-0.054488959167710314,0.004753338369163321,-0.06670879924340213,0.22755275636556374,0.1880244731129659,-0.03231283449775203,0.1740873916033103,0.0778669440877906,-0.07791647071836902,0.07090034106747711,0.13238330771477913,-0.01066169917084148,0.28748156146469017,-0.1482292857992833,0.06852539126647902,0.09263075257175206,0.02313302321270807,-0.008431530244752898,-0.009607996814591997,-0.05816090055260583,0.04284707524103316,-0.016179347188425074,-0.053592719399028974,-0.018828211620055532,6.717,7.0,2.0,302.0,1.0,2.0,6.0,1.0,0.0,5.0,0.0,1.0,12.0,0.9668583206769364,1.0,0.0,0.0,1.0,78968.0,3526.0,0.0,1,20.0,131.0,66240
8472153,2024-12-08 04:15:56+00:00,0,"[0, 1, 1, 1, 1, 1, 1, 1, 1, 1, 1, 1, 1, 1, 1, 1, 1, 1, 1, 1, 1]","[1, 1, 1, 1, 1, 1, 1, 1, 1, 1, 1, 1, 1, 1, 1, 1, 1, 1, 1]",18949.0,16317.0,0.1359050745702404,-0.6114337137678488,-0.054488959167710314,0.2259612567881653,-0.05738860713727523,0.17561735485816402,-0.043774865933036713,-0.03231283449775203,0.1740873916033103,0.0778669440877906,-0.07791647071836902,0.07090034106747711,-0.026172253256940618,0.021081495765742912,-0.03481326916714037,0.13611650753568505,0.06852539126647902,0.09263075257175206,0.02313302321270807,-0.008431530244752898,-0.039768111103099996,0.15904631144217646,0.04284707524103316,-0.016179347188425074,0.006896750883670848,0.141236061144545,6.717,0.0,1.0,286.0,0.6144018583042973,7.0,2.0,0.9523809523809523,1.0,2.0,0.0,10.0,9.0,1.1466868381240545,0.0,0.0,0.0,1.0,78968.0,4680.0,1.0,1,1.0,291.0,23418
8464459,2024-12-05 07:57:55+00:00,1,,,21751.0,16317.0,0.13593915007167273,-0.6114337137678488,0.26094868650223196,0.2259612567881653,-0.06670879924340213,-0.07412946629464255,-0.16547143701628758,-0.03231283449775203,-0.04317344340611509,0.0778669440877906,-0.07791647071836902,-0.09236929204096728,-0.026172253256940618,0.25953741616204173,0.28748156146469017,0.13611650753568505,-0.12296996338010098,0.09263075257175206,0.02313302321270807,-0.008431530244752898,-0.039768111103099996,-0.05816090055260583,-0.023487699131707573,-0.016179347188425074,-0.053592719399028974,0.008044419973869708,6.717,764.0,1.0,396.0,0.0,162.0,4.0,0.0,0.0,10.0,99.0,10.0,4.0,0.9315203426124197,0.0,16.0,0.0,1.0,78968.0,6760.0,0.0,0,26.0,27.0,29684
8462382,2024-12-04 23:20:25+00:00,1,"[1, 1, 1, 1, 1, 1, 1, 1, 1, 1, 1, 1, 1, 1, 1, 1, 1, 1]","[0, 0, 0, 0, 0, 0, 0, 0, 0, 0, 0, 0, 0, 0, 0, 0, 0, 0, 0, 0, 0, 0, 0, 0, 0, 0, 0, 0, 0, 0, 0, 0, 1, 0, 1, 1, 0, 1, 1, 1, 0, 1, 1, 1, 1, 1, 1, 1, 1, 1, 1, 1, 1, 1, 1, 1, 1, 1, 1]",59130.0,409.0,0.1362702467880721,-0.6114337137678488,0.26094868650223196,-0.1165395030712408,0.41236787050388063,0.17561735485816402,-0.14267212177429597,-0.03231283449775203,0.1740873916033103,-0.048236128980226715,-0.07791647071836902,-0.09236929204096728,-0.026172253256940618,-0.3292197513569699,-0.03481326916714037,-0.1482292857992833,0.06852539126647902,0.09263075257175206,0.02313302321270807,-0.008431530244752898,-0.039768111103099996,-0.05816090055260583,-0.023487699131707573,-0.016179347188425074,-0.053592719399028974,0.141236061144545,6.717,222.0,3.0,64.0,0.672316384180791,13.0,6.0,1.0,3.0,2.0,3.0,9.0,29.0,1.1597301219942728,1.0,0.0,0.0,1.0,78968.0,8286.099999999991,0.6384180790960452,0,16.0,80.0,1
8462069,2024-12-04 22:50:29+00:00,1,"[1, 1, 1, 1, 1, 1, 1, 1, 1, 1, 1, 1, 1, 1, 1, 1, 1, 1, 1, 1, 1, 1, 1, 1, 1, 1, 1]","[0, 0, 0, 0, 0, 0, 0, 0, 0, 0, 0, 0, 0, 0, 0, 0, 0, 0, 0, 1, 1, 1, 1, 1, 1, 1, 1, 1, 1, 1, 1, 1, 1]",28422.0,611.0,0.13635482287377837,-0.6114337137678488,-0.054488959167710314,0.004753338369163321,0.41236787050388063,-0.05564041606933876,-0.14267212177429597,-0.03231283449775203,0.1740873916033103,0.0778669440877906,-0.07791647071836902,0.07090034106747711,0.13238330771477913,-0.10985411191684905,0.28748156146469017,-0.1482292857992833,0.06852539126647902,-0.3012493410357806,0.02313302321270807,-0.008431530244752898,-0.039768111103099996,-0.05816090055260583,-0.023487699131707573,-0.016179347188425074,-0.053592719399028974,0.141236061144545,6.717,0.0,2.0,44.0,0.5151515151515151,12.0,1.0,1.0,0.0,9.0,0.0,1.0,15.0,0.8685103132161955,1.0,0.0,1.0,1.0,3529.0,5750.0,0.661319073083779,0,26.0,168.0,832
8466342,2024-12-06 04:42:25+00:00,1,"[1, 1, 1, 1, 1, 1, 1, 1, 1, 1, 1, 1]",,17210.0,372.0,0.13650782981613394,-0.6114337137678488,-0.054488959167710314,-0.23295731524514138,0.11939328962621384,0.22755275636556374,-0.043774865933036713,-0.03231283449775203,0.1740873916033103,0.0778669440877906,-0.07791647071836902,0.07090034106747711,0.13238330771477913,-0.2062583476798761,0.28748156146469017,0.13611650753568505,0.06852539126647902,0.09263075257175206,0.02313302321270807,-0.008431530244752898,-0.039768111103099996,-0.05816090055260583,-0.023487699131707573,-0.016179347188425074,0.13525803582801485,-0.0035377154089891926,6.717,0.0,4.0,166.0,1.0,8.0,3.0,1.0,0.0,10.0,0.0,1.0,22.0,1.0123529411764707,0.0,0.0,0.0,1.0,1687.0,5000.0,0.0,0,28.0,413.0,49020
8471917,2024-12-08 03:30:03+00:00,0,,"[0, 0, 0, 0, 0, 0, 0, 0, 0, 0, 0, 0, 1, 1, 1, 1, 1, 1, 1, 0, 1, 1, 1, 1, 1]",13541.0,16317.0,0.13662924842696686,-0.6114337137678488,-0.054488959167710314,0.004753338369163321,-0.05738860713727523,-0.07412946629464255,0.14385053025774988,-0.03231283449775203,-0.04317344340611509,-0.048236128980226715,-0.06544171956609646,-0.09236929204096728,-0.026172253256940618,0.14199482941539582,0.28748156146469017,0.13611650753568505,0.06852539126647902,0.09263075257175206,0.02313302321270807,-0.008431530244752898,0.08965056778496559,-0.05816090055260583,0.04284707524103316,-0.016179347188425074,0.13525803582801485,-0.018828211620055532,6.717,0.0,2.0,253.0,0.04,4.0,1.0,0.0,3.0,18.0,2.0,9.0,6.0,0.9865938069216758,0.0,0.0,0.0,1.0,2389.0,1800.0,0.6984615384615385,1,3.0,396.0,62185
8466294,2024-12-06 04:33:44+00:00,1,,,12395.0,16317.0,0.13689561716544588,-0.6114337137678488,0.26094868650223196,0.2259612567881653,-0.05738860713727523,-0.07412946629464255,-0.16547143701628758,-0.03231283449775203,-0.04317344340611509,0.0778669440877906,0.08779149858909129,-0.09236929204096728,-0.026172253256940618,0.47334886807418025,-0.03481326916714037,0.13611650753568505,-0.12296996338010098,0.09263075257175206,-0.08168565936984104,-0.008431530244752898,-0.009607996814591997,-0.05816090055260583,0.04284707524103316,-0.016179347188425074,0.2103895073799279,-0.03707202918461854,6.717,17790.0,1.0,220.0,0.0,162.0,2.0,0.0,0.0,31.0,99.0,10.0,2.0,1.484431137724551,0.0,16.0,0.0,329.0,78968.0,3500.0,0.0,1,11.0,436.0,99508
8466088,2024-12-06 03:48:38+00:00,0,,"[0, 0, 0, 0, 0, 0, 0, 0, 0, 0, 0, 0, 0, 0, 0, 0, 0, 0, 0, 0, 0, 0, 0, 0, 0, 0, 0, 0, 0, 0, 0, 0, 0, 0, 0, 0, 0, 0, 0, 0, 0, 0, 1, 1, 1, 1, 1, 1, 1]",12823.0,16317.0,0.13691026054499883,-0.6114337137678488,-0.054488959167710314,0.2259612567881653,-0.06670879924340213,-0.05564041606933876,0.4194777125113977,-0.03231283449775203,-0.04317344340611509,0.0778669440877906,-0.06544171956609646,0.07090034106747711,-0.026172253256940618,0.27517336419933297,0.28748156146469017,-0.1482292857992833,-0.12296996338010098,0.09263075257175206,0.02313302321270807,0.12181209640599021,0.04544625733308562,-0.05816090055260583,0.04284707524103316,-0.016179347188425074,-0.053592719399028974,-0.018828211620055532,6.717,0.0,0.0,474.0,0.5102040816326531,0.0,1.0,0.0,0.0,15.0,0.0,8.0,3.0,0.985399216168447,1.0,1.0,0.0,1.0,206.0,3000.0,0.26285714285714284,1,4.0,127.0,81845
8464471,2024-12-06 23:47:56+00:00,0,"[1, 1, 1, 1, 1]",,23455.0,662.0,0.13718728347239018,-0.6114337137678488,0.26094868650223196,-0.23295731524514138,-0.06670879924340213,0.22755275636556374,-0.16547143701628758,-0.03231283449775203,0.1740873916033103,0.0778669440877906,-0.07791647071836902,-0.09236929204096728,0.13238330771477913,-0.10985411191684905,0.28748156146469017,-0.1482292857992833,-0.12296996338010098,0.09263075257175206,0.02313302321270807,-0.008431530244752898,-0.009607996814591997,-0.05816090055260583,0.04284707524103316,-0.016179347188425074,-0.053592719399028974,0.141236061144545,6.717,1425.0,5.0,374.0,1.0,23.0,4.0,1.0,0.0,7.0,9.0,1.0,15.0,0.9079471993187009,1.0,1.0,0.0,1.0,4603.0,3639.0,0.0,1,29.0,61.0,18485
8469333,2024-12-07 05:38:15+00:00,1,"[1, 1, 1, 1, 1, 1, 1, 1, 0, 1, 1, 1, 1, 1]","[1, 1, 1, 1, 0, 1, 1, 1, 1, 0, 1, 1, 1, 1]",16508.0,196.0,0.13730961214066875,-0.6114337137678488,-0.054488959167710314,0.004753338369163321,0.41236787050388063,-0.05564041606933876,-0.16547143701628758,-0.03231283449775203,-0.04317344340611509,0.0778669440877906,-0.07791647071836902,-0.0069440649306055586,-0.026172253256940618,-0.10985411191684905,0.28748156146469017,-0.1482292857992833,0.06852539126647902,0.09263075257175206,0.02313302321270807,-0.008431530244752898,-0.039768111103099996,-0.05484988672575293,-0.023487699131707573,0.05393564252282038,0.13525803582801485,-0.018828211620055532,6.717,0.0,2.0,122.0,0.5298507462686567,27.0,5.0,0.9285714285714286,1.0,2.0,1.0,2.0,14.0,0.8379695431472082,1.0,0.0,0.0,1.0,3580.0,5555.0,0.8571428571428571,0,45.0,405.0,71756
8471761,2024-12-08 03:02:19+00:00,1,"[1, 1, 1, 1, 1, 1, 1, 1, 1, 1]","[1, 1, 1, 1, 1, 1, 1, 1, 1, 1, 1, 1, 1, 1, 1, 1, 1, 1, 1, 1, 1, 1, 1]",25419.0,485.0,0.1374032791060663,-0.6114337137678488,-0.054488959167710314,-0.1165395030712408,0.11939328962621384,0.17561735485816402,-0.16547143701628758,0.030500288512228284,0.1740873916033103,0.0778669440877906,-0.07791647071836902,-0.0069440649306055586,-0.026172253256940618,-0.2062583476798761,0.16413019796925432,0.13611650753568505,0.06852539126647902,-0.3012493410357806,0.02313302321270807,-0.008431530244752898,-0.009607996814591997,0.15904631144217646,0.04284707524103316,0.05393564252282038,-0.053592719399028974,0.141236061144545,6.717,0.0,3.0,164.0,0.648176406926407,26.0,8.0,1.0,1.0,2.0,1.0,10.0,22.0,1.1073886904243269,0.0,0.0,1.0,1.0,78968.0,4156.0,1.0,1,49.0,161.0,20953
8469495,2024-12-07 06:00:55+00:00,1,,"[1, 1, 1, 1, 1, 1, 1, 1, 1, 1, 1, 1, 1, 1, 1, 1, 1, 1, 1, 1, 1, 1, 1, 1, 1, 1, 1, 1, 1, 1, 1, 1, 1, 1, 1, 1, 0, 1, 1, 1, 1, 1]",6421.0,16317.0,0.13756416416738906,-0.6114337137678488,-0.054488959167710314,-0.5083517388880758,-0.05738860713727523,0.22755275636556374,-0.16547143701628758,0.4065249203285951,-0.04317344340611509,0.0778669440877906,-0.07791647071836902,-0.0069440649306055586,-0.026172253256940618,-0.3292197513569699,0.28748156146469017,0.13611650753568505,0.06852539126647902,0.09263075257175206,0.02313302321270807,0.12181209640599021,-0.039768111103099996,0.15904631144217646,-0.023487699131707573,-0.016179347188425074,0.015592503790590144,0.008044419973869708,6.717,0.0,7.0,280.0,0.8809523809523809,32.0,18.0,0.0,1.0,4.0,1.0,10.0,32.0,0.3669142857142857,0.0,0.0,0.0,1.0,103.0,4500.0,0.9590254706533776,0,12.0,336.0,40600
8463543,2024-12-06 02:12:31+00:00,1,,,25845.0,16317.0,0.13767858328378785,-0.6114337137678488,-0.054488959167710314,0.2259612567881653,-0.06670879924340213,-0.07412946629464255,0.14385053025774988,-0.03231283449775203,-0.04317344340611509,0.0778669440877906,-0.07791647071836902,-0.09236929204096728,-0.026172253256940618,0.47334886807418025,0.28748156146469017,0.13611650753568505,-0.12296996338010098,0.09263075257175206,0.02313302321270807,-0.008431530244752898,-0.009607996814591997,-0.05816090055260583,0.04284707524103316,-0.016179347188425074,-0.053592719399028974,0.141236061144545,6.717,0.0,1.0,600.0,0.0,3.0,0.0,0.0,0.0,4.0,2.0,10.0,1.0,0.7657324010429012,0.0,1.0,0.0,1.0,1036.0,3553.0,0.0,1,0.0,201.0,2926
8470054,2024-12-08 05:41:59+00:00,1,"[1, 1, 1, 1, 1, 1, 1, 1, 1, 1, 1, 1, 1, 1, 1, 1, 1, 1, 1, 1, 1, 1, 1, 1, 1, 1, 1, 1, 1, 1, 1]","[1, 1, 1, 1, 1, 1]",18354.0,16317.0,0.1377169169805841,-0.6114337137678488,-0.054488959167710314,-0.23295731524514138,-0.06670879924340213,0.22755275636556374,-0.14267212177429597,-0.03231283449775203,0.1740873916033103,-0.048236128980226715,0.08779149858909129,-0.09236929204096728,-0.026172253256940618,-0.10985411191684905,0.28748156146469017,-0.1482292857992833,0.06852539126647902,0.09263075257175206,0.02313302321270807,-0.008431530244752898,0.04544625733308562,0.15904631144217646,-0.023487699131707573,-0.016179347188425074,-0.053592719399028974,-0.018828211620055532,6.717,0.0,4.0,600.0,1.0,11.0,6.0,1.0,3.0,31.0,2.0,10.0,15.0,0.912,1.0,0.0,0.0,1.0,78968.0,2774.0,1.0,0,0.0,217.0,64529
8437791,2024-12-03 01:42:26+00:00,1,"[1, 1, 1, 1]",,23661.0,549.0,0.13808416548922628,-0.6114337137678488,-0.054488959167710314,0.2259612567881653,0.11939328962621384,0.22755275636556374,0.14385053025774988,-0.03231283449775203,0.1740873916033103,0.0778669440877906,-0.07791647071836902,-0.0069440649306055586,0.13238330771477913,-0.01066169917084148,0.16413019796925432,0.13611650753568505,0.06852539126647902,-0.3012493410357806,0.02313302321270807,-0.008431530244752898,-0.039768111103099996,-0.05816090055260583,0.04284707524103316,-0.016179347188425074,-0.053592719399028974,-0.018828211620055532,6.717,0.0,1.0,180.0,1.0,4.0,1.0,1.0,0.0,7.0,1.0,1.0,13.0,1.1334610778443113,0.0,0.0,1.0,1.0,78968.0,5460.0,0.0,1,16.0,46.0,59376
8462752,2024-12-05 01:17:00+00:00,1,,,22697.0,16317.0,0.1393430869766913,-0.6114337137678488,-0.054488959167710314,-0.5083517388880758,-0.06670879924340213,-0.07412946629464255,0.4194777125113977,-0.03231283449775203,-0.04317344340611509,0.0778669440877906,0.2659552272166623,0.07090034106747711,-0.026172253256940618,0.47334886807418025,0.16413019796925432,0.13611650753568505,0.06852539126647902,0.09263075257175206,0.02313302321270807,-0.008431530244752898,-0.009607996814591997,-0.05816090055260583,0.04284707524103316,-0.016179347188425074,-0.053592719399028974,0.141236061144545,6.717,0.0,35.0,364.0,0.0,1.0,1.0,0.0,0.0,36.0,0.0,10.0,0.0,1.1153316953316954,0.0,0.0,0.0,1.0,78968.0,4333.0,0.0,1,3.0,113.0,24379
8466866,2024-12-06 06:53:11+00:00,1,,"[1, 0, 0, 1, 1, 0, 1, 0, 1, 0, 1, 1, 1, 0, 1, 1, 1, 0, 1, 1, 1, 1, 1, 1, 1, 1, 1, 1, 1, 1, 1, 1, 1, 1, 1, 1, 1, 1, 1, 1, 1, 1, 1, 1, 1, 1, 1, 1, 1, 1, 1, 1, 1, 1, 1, 1, 1, 1, 1]",14753.0,16317.0,0.1395721835750634,-0.6114337137678488,-0.054488959167710314,0.2259612567881653,0.11939328962621384,-0.05564041606933876,-0.043774865933036713,0.030500288512228284,-0.04317344340611509,0.0778669440877906,0.08779149858909129,-0.0069440649306055586,-0.026172253256940618,0.47334886807418025,-0.03481326916714037,0.13611650753568505,-0.12296996338010098,0.09263075257175206,0.02313302321270807,-0.008431530244752898,-0.039768111103099996,0.15904631144217646,-0.023487699131707573,-0.016179347188425074,0.04095250473658998,-0.018828211620055532,6.717,0.0,1.0,165.0,0.4728378965667101,8.0,10.0,0.0,0.0,33.0,1.0,2.0,2.0,1.2690752688172042,0.0,1.0,0.0,1.0,78968.0,5000.0,0.9655367231638418,0,8.0,371.0,86625
8470688,2024-12-07 23:58:44+00:00,1,"[0, 0, 0, 0, 1, 1, 0, 0, 0, 0, 0, 0, 1, 1, 1, 1, 1, 1, 1, 1, 1, 1]","[1, 1, 1, 1]",27441.0,345.0,0.13966532440563612,-0.6114337137678488,-0.054488959167710314,-0.5083517388880758,-0.05738860713727523,0.17561735485816402,-0.16547143701628758,0.4065249203285951,-0.04317344340611509,0.0778669440877906,-0.07791647071836902,-0.09236929204096728,-0.026172253256940618,-0.2062583476798761,0.28748156146469017,-0.1482292857992833,0.06852539126647902,0.09263075257175206,0.02313302321270807,-0.008431530244752898,-0.039768111103099996,0.15904631144217646,-0.023487699131707573,0.22505449144967976,0.015592503790590144,-0.018828211620055532,6.717,0.0,6.0,258.0,0.7135569538820313,21.0,17.0,0.5454545454545454,0.0,3.0,2.0,3.0,21.0,0.8315454545454546,1.0,0.0,0.0,1.0,6890.0,5511.0,1.0,0,63.0,327.0,62385
8461400,2024-12-04 05:06:46+00:00,1,"[1, 1, 1, 1, 1, 1, 1]","[0, 0, 0, 0, 0, 0, 0, 0, 0, 0, 0, 0, 0, 0, 0, 1, 1, 1, 1, 1, 0, 0, 0, 1, 0, 0, 1, 1, 1, 1]",15163.0,495.0,0.13982906946431928,-0.6114337137678488,-0.054488959167710314,0.2259612567881653,-0.05738860713727523,-0.05564041606933876,0.1880244731129659,-0.03231283449775203,0.1740873916033103,-0.048236128980226715,-0.07791647071836902,0.07090034106747711,-0.026172253256940618,0.25953741616204173,0.16413019796925432,0.13611650753568505,0.06852539126647902,0.09263075257175206,0.02313302321270807,-0.008431530244752898,-0.039768111103099996,-0.05816090055260583,-0.023487699131707573,-0.016179347188425074,0.006896750883670848,-0.03707202918461854,6.717,0.0,1.0,271.0,0.5166666666666667,2.0,0.0,1.0,2.0,9.0,0.0,9.0,4.0,1.1088117001828153,0.0,0.0,0.0,1.0,78968.0,5300.0,0.49032258064516127,0,12.0,303.0,104462
8463543,2024-12-06 02:12:31+00:00,0,,"[0, 0, 0, 0, 0, 0, 0, 0, 0, 0, 0, 0, 0, 1, 1, 1, 1, 1, 1, 1]",25845.0,16317.0,0.1398933488370051,-0.6114337137678488,-0.054488959167710314,0.004753338369163321,-0.06670879924340213,0.17561735485816402,0.01584713069282676,-0.03231283449775203,-0.04317344340611509,0.0778669440877906,0.08779149858909129,0.07090034106747711,-0.026172253256940618,0.27517336419933297,0.28748156146469017,0.13611650753568505,0.06852539126647902,-0.3012493410357806,0.02313302321270807,-0.008431530244752898,-0.009607996814591997,-0.05816090055260583,0.04284707524103316,-0.016179347188425074,-0.053592719399028974,0.141236061144545,6.717,0.0,2.0,421.0,0.6833333333333332,5.0,1.0,0.0,0.0,32.0,0.0,10.0,3.0,0.7657324010429012,0.0,0.0,1.0,1.0,2489.0,3380.0,0.5666666666666667,1,1.0,186.0,2926
8465218,2024-12-06 00:33:39+00:00,1,"[1, 1, 1, 1, 1, 1, 1, 1, 1, 1, 1, 1, 1, 1, 1, 1, 1, 1, 1, 1, 1, 1, 1, 1, 1, 1, 1, 1]","[0, 0, 0, 0, 0, 0, 1, 1, 1, 1, 1, 1, 1, 1, 1, 1, 1, 1]",17144.0,444.0,0.13989469590703926,-0.6114337137678488,0.26094868650223196,-0.23295731524514138,0.11939328962621384,0.17561735485816402,-0.16547143701628758,0.030500288512228284,0.1740873916033103,0.0778669440877906,-0.09921592132150975,0.07090034106747711,0.13238330771477913,-0.3292197513569699,0.28748156146469017,-0.1482292857992833,-0.12296996338010098,0.09263075257175206,0.02313302321270807,-0.008431530244752898,-0.009607996814591997,-0.05484988672575293,-0.023487699131707573,-0.016179347188425074,-0.053592719399028974,-0.018828211620055532,6.717,315.0,4.0,146.0,0.6851851851851851,24.0,7.0,1.0,0.0,1.0,0.0,1.0,26.0,1.0040409956076135,1.0,2.0,0.0,13.0,5040.0,3587.0,0.8771929824561403,0,23.0,218.0,80652
8463693,2024-12-05 04:26:38+00:00,1,,,27801.0,16317.0,0.14019782193088,-0.6114337137678488,0.26094868650223196,0.004753338369163321,0.11939328962621384,-0.07412946629464255,-0.043774865933036713,-0.03231283449775203,-0.04317344340611509,0.0778669440877906,-0.07791647071836902,0.07090034106747711,-0.026172253256940618,0.021081495765742912,0.28748156146469017,-0.1482292857992833,0.06852539126647902,0.09263075257175206,-0.08168565936984104,-0.008431530244752898,-0.039768111103099996,-0.05816090055260583,-0.023487699131707573,-0.016179347188425074,-0.053592719399028974,0.008044419973869708,6.717,6207.0,2.0,146.0,0.0,7.0,3.0,0.0,0.0,7.0,0.0,10.0,11.0,0.8716413230913936,1.0,0.0,0.0,329.0,1488.0,6188.0,0.0,0,20.0,262.0,36854
8461453,2024-12-04 05:23:21+00:00,1,"[1, 1, 1, 1, 1, 1, 1, 1, 1, 1, 1, 1, 1, 1, 1, 1, 1]","[1, 1, 1, 1, 1, 1, 1, 1, 1, 1, 1, 1, 1, 1, 1, 1, 1, 1, 1, 1, 1, 1, 1, 1, 1]",28610.0,229.0,0.14028578688844437,-0.6114337137678488,-0.054488959167710314,-0.1165395030712408,-0.05738860713727523,0.22755275636556374,-0.16547143701628758,-0.03231283449775203,0.1740873916033103,0.0778669440877906,-0.07791647071836902,0.07090034106747711,0.13238330771477913,-0.3292197513569699,0.28748156146469017,0.13611650753568505,0.06852539126647902,0.09263075257175206,-0.08168565936984104,0.12181209640599021,-0.009607996814591997,0.15904631144217646,-0.023487699131707573,-0.016179347188425074,-0.053592719399028974,0.141236061144545,6.717,0.0,3.0,237.0,1.0,17.0,0.0,1.0,0.0,2.0,0.0,1.0,25.0,0.9177519727978444,0.0,0.0,0.0,329.0,201.0,3980.0,1.0,0,10.0,82.0,15
8437762,2024-12-03 01:35:42+00:00,1,,[],21383.0,16317.0,0.14029810897592668,-0.6114337137678488,0.23990797722314114,0.2259612567881653,-0.06670879924340213,-0.07412946629464255,0.4194777125113977,-0.03231283449775203,-0.04317344340611509,0.0778669440877906,-0.07791647071836902,-0.0069440649306055586,-0.026172253256940618,0.20995636990242048,-0.03481326916714037,0.13611650753568505,0.06852539126647902,0.09263075257175206,0.02313302321270807,-0.008431530244752898,-0.009607996814591997,-0.05816090055260583,-0.023487699131707573,-0.016179347188425074,-0.053592719399028974,-0.0035377154089891926,6.717,115.0,1.0,323.0,0.0,1.0,1.0,0.0,0.0,3.0,1.0,10.0,5.0,1.2900754147812972,0.0,0.0,0.0,1.0,2915.0,4400.0,0.0,0,1.0,204.0,47910
8460419,2024-12-04 01:14:13+00:00,1,,"[1, 1, 1, 1, 1, 1, 1, 1, 1, 1, 1, 1, 1, 1, 1, 1, 1, 1, 1, 1, 1, 1, 1, 1, 1, 1, 1, 1, 1, 1, 1, 1, 1, 1, 1, 1, 1, 1, 1, 1, 1, 1, 1, 1, 1, 1, 1, 1, 1, 1, 1, 1, 1, 1, 1, 1, 1, 1, 1, 1, 1, 1, 1, 1, 1, 1, 1]",45000.0,16317.0,0.1403820817527731,-0.6114337137678488,-0.054488959167710314,-0.1165395030712408,-0.05738860713727523,0.22755275636556374,-0.16547143701628758,0.4065249203285951,-0.04317344340611509,0.0778669440877906,0.08779149858909129,0.07090034106747711,-0.026172253256940618,0.021081495765742912,-0.03481326916714037,0.13611650753568505,0.06852539126647902,-0.3012493410357806,0.02313302321270807,-0.008431530244752898,-0.009607996814591997,0.15904631144217646,-0.023487699131707573,-0.016179347188425074,-0.053592719399028974,0.141236061144545,6.717,0.0,3.0,300.0,1.0,31.0,14.0,0.0,1.0,33.0,0.0,10.0,10.0,1.6,0.0,0.0,1.0,1.0,78968.0,3813.0,1.0,0,0.0,175.0,0
8438076,2024-12-03 02:43:25+00:00,0,"[1, 1, 1, 1, 1, 1, 1]",[1],25895.0,165.0,0.14040054003041635,-0.6114337137678488,0.26094868650223196,-0.5083517388880758,-0.06670879924340213,0.22755275636556374,-0.16547143701628758,0.030500288512228284,0.1740873916033103,0.0778669440877906,-0.07791647071836902,0.07090034106747711,0.13238330771477913,-0.46958011525157795,0.16413019796925432,-0.1482292857992833,0.06852539126647902,-0.3012493410357806,0.02313302321270807,0.12181209640599021,-0.039768111103099996,0.15904631144217646,0.04284707524103316,0.22505449144967976,0.2103895073799279,-0.018828211620055532,6.717,1663.0,8.0,314.0,1.0,39.0,11.0,1.0,0.0,2.0,0.0,1.0,39.0,1.0515736040609136,1.0,0.0,1.0,1.0,204.0,6500.0,1.0,1,126.0,458.0,88142
8465614,2024-12-06 02:04:07+00:00,0,"[1, 0, 1, 1, 1, 1, 1, 1, 1, 1, 1, 1, 1, 1, 1]","[1, 1, 1, 1, 1, 1, 1, 1, 1, 1, 1, 1, 1, 1, 1, 1, 1, 1, 1, 1, 1, 1, 1, 1, 1, 1, 1, 1, 1]",64478.0,982.0,0.14052432902592857,-0.6114337137678488,-0.054488959167710314,-0.1165395030712408,0.11939328962621384,-0.05564041606933876,0.01584713069282676,0.030500288512228284,-0.04317344340611509,-0.048236128980226715,-0.06544171956609646,-0.0069440649306055586,-0.026172253256940618,-0.01066169917084148,0.16413019796925432,0.13611650753568505,0.06852539126647902,0.09263075257175206,-0.08168565936984104,-0.008431530244752898,-0.039768111103099996,0.15904631144217646,0.04284707524103316,0.22505449144967976,0.13525803582801485,0.141236061144545,6.717,0.0,3.0,178.0,0.5533966305228561,6.0,7.0,0.9333333333333333,3.0,15.0,1.0,2.0,13.0,1.0954282122288101,0.0,0.0,0.0,142.0,2387.0,4644.0,1.0,1,58.0,384.0,1
8471496,2024-12-08 02:10:22+00:00,0,"[1, 1, 1, 1, 1, 1, 1, 1, 1, 1, 1, 1, 1, 1, 1, 1, 1, 1, 1]",,51294.0,380.0,0.14086976656653308,-0.6114337137678488,-0.054488959167710314,0.2259612567881653,-0.06670879924340213,0.22755275636556374,-0.16547143701628758,-0.03231283449775203,0.1740873916033103,0.0778669440877906,-0.07791647071836902,0.07090034106747711,0.13238330771477913,0.021081495765742912,-0.03481326916714037,0.13611650753568505,0.06852539126647902,0.09263075257175206,0.02313302321270807,-0.008431530244752898,-0.039768111103099996,-0.05816090055260583,0.04284707524103316,0.22505449144967976,0.015592503790590144,0.141236061144545,6.717,18.0,1.0,310.0,1.0,14.0,3.0,1.0,0.0,3.0,0.0,1.0,9.0,1.1472601207783493,0.0,0.0,0.0,1.0,78968.0,5250.0,0.0,1,53.0,327.0,15
8468451,2024-12-07 02:36:58+00:00,1,"[0, 0, 0, 1, 1, 0, 0, 0, 0, 0, 0, 1, 1, 1, 1, 1, 1, 1, 1, 1, 1, 1, 1, 1, 1, 1, 1, 1, 1, 1]","[0, 0, 0, 0, 0, 0, 0, 0, 0, 1, 1, 1, 0, 0, 1, 0, 1, 1, 0, 0, 1, 1, 1, 0, 0, 1, 0, 0, 0, 1, 0, 0, 0, 1, 1, 1, 0, 0, 0, 0, 0, 1, 0, 0, 0, 0, 0, 0, 0, 0, 0, 0, 0, 0, 0, 0, 0, 0, 0, 0, 0, 0, 0, 0]",45000.0,165.0,0.14089791670030657,-0.6114337137678488,0.26094868650223196,0.2259612567881653,-0.05738860713727523,-0.07412946629464255,0.4194777125113977,0.030500288512228284,-0.04317344340611509,-0.4142474070967134,-0.06544171956609646,-0.0069440649306055586,-0.026172253256940618,0.47334886807418025,-0.03481326916714037,0.13611650753568505,0.06852539126647902,0.09263075257175206,0.02313302321270807,-0.008431530244752898,-0.039768111103099996,-0.05816090055260583,-0.023487699131707573,-0.016179347188425074,0.015592503790590144,0.141236061144545,6.717,2977.0,1.0,246.0,0.024479166666666666,1.0,7.0,0.7,5.0,15.0,1.0,3.0,2.0,1.6,0.0,0.0,0.0,1.0,6065.0,5600.0,0.16923076923076924,0,21.0,325.0,0
8469468,2024-12-07 05:57:15+00:00,1,[1],"[1, 1, 1, 1, 1, 1, 1, 1, 1, 1, 1, 1, 1, 1, 1]",23093.0,545.0,0.1416344471892049,-0.6114337137678488,0.26094868650223196,-0.23295731524514138,-0.06670879924340213,0.22755275636556374,-0.16547143701628758,-0.03231283449775203,0.1740873916033103,0.0778669440877906,-0.07791647071836902,-0.09236929204096728,0.13238330771477913,-0.3292197513569699,-0.03481326916714037,0.13611650753568505,0.06852539126647902,0.09263075257175206,0.02313302321270807,-0.008431530244752898,0.04544625733308562,0.15904631144217646,0.04284707524103316,0.05393564252282038,-0.053592719399028974,-0.018828211620055532,6.717,1367.0,5.0,326.0,1.0,14.0,6.0,1.0,1.0,2.0,2.0,1.0,24.0,1.1560951188986233,0.0,0.0,0.0,1.0,398.0,2800.0,1.0,1,43.0,201.0,69515
8464056,2024-12-05 05:52:22+00:00,1,,"[1, 1, 1, 1, 1]",8132.0,16317.0,0.1418086823794865,-0.6114337137678488,0.26094868650223196,0.2259612567881653,-0.06670879924340213,0.17561735485816402,0.14385053025774988,0.030500288512228284,-0.04317344340611509,-0.048236128980226715,-0.07791647071836902,-0.0069440649306055586,-0.026172253256940618,0.021081495765742912,-0.03481326916714037,-0.1482292857992833,0.06852539126647902,0.09263075257175206,0.02313302321270807,-0.008431530244752898,-0.039768111103099996,0.15904631144217646,-0.023487699131707573,-0.016179347188425074,0.04095250473658998,-0.03707202918461854,6.717,434.0,1.0,347.0,0.6785714285714285,4.0,10.0,0.0,3.0,3.0,1.0,10.0,11.0,1.1958823529411764,1.0,0.0,0.0,1.0,78968.0,5835.0,1.0,0,0.0,356.0,116588
8467936,2024-12-07 00:47:28+00:00,1,"[1, 0, 1, 1, 0, 1, 1, 1, 1, 1, 0, 0, 1, 0, 1, 1, 1, 1, 1, 1, 1, 1, 1, 1, 1, 1, 1, 1, 1, 1, 1, 1]","[1, 1, 1, 1, 0, 0, 0, 1, 1, 1, 1, 1, 1, 1, 1, 1, 1, 1, 1, 1, 1, 1, 1, 1, 1, 1, 1, 1, 1, 1, 1, 1, 1, 1, 1, 1, 1, 1, 1, 1, 1, 1, 1, 1, 1, 1, 1, 1, 1, 1, 1, 1, 1, 1, 1, 1, 1, 1, 1, 1, 1, 1, 1, 1, 1, 1, 1, 1, 1, 1, 1, 1, 1, 1, 1, 1, 1, 1, 1, 1, 1, 1]",150.0,284.0,0.14204098320237477,-0.6114337137678488,-0.054488959167710314,0.2259612567881653,0.41236787050388063,-0.05564041606933876,-0.16547143701628758,0.030500288512228284,-0.04317344340611509,-0.048236128980226715,-0.06544171956609646,-0.09236929204096728,-0.026172253256940618,0.021081495765742912,0.28748156146469017,-0.1482292857992833,-0.12296996338010098,-0.3012493410357806,0.02313302321270807,-0.008431530244752898,-0.009607996814591997,0.15904631144217646,-0.023487699131707573,-0.016179347188425074,-0.053592719399028974,0.141236061144545,6.717,0.0,1.0,119.0,0.5308689024390244,18.0,10.0,0.84375,3.0,19.0,3.0,2.0,9.0,0.005333333333333333,1.0,1.0,1.0,6.0,78968.0,4395.0,0.9947105495151337,0,12.0,131.0,0
8464031,2024-12-05 05:44:53+00:00,1,,"[1, 1, 1, 1, 1, 1, 1, 0, 0, 1, 1, 1, 1, 1, 1, 0, 0, 0, 1, 1, 1, 1, 1, 1, 1, 1, 1, 1, 1]",19800.0,16317.0,0.14211968585133275,-0.6114337137678488,0.26094868650223196,0.004753338369163321,0.11939328962621384,-0.07412946629464255,0.01584713069282676,-0.03231283449775203,-0.04317344340611509,0.0778669440877906,-0.07791647071836902,-0.09236929204096728,-0.026172253256940618,0.20995636990242048,-0.03481326916714037,-0.1482292857992833,0.06852539126647902,0.09263075257175206,0.02313302321270807,-0.008431530244752898,0.04544625733308562,-0.05484988672575293,0.04284707524103316,-0.016179347188425074,-0.053592719399028974,-0.018828211620055532,6.717,503.0,2.0,202.0,0.1518199233716475,5.0,2.0,0.0,0.0,6.0,2.0,9.0,5.0,1.2141280353200883,1.0,0.0,0.0,2.0,78968.0,2924.0,0.8436781609195402,1,12.0,46.0,90989
8463151,2024-12-05 02:22:02+00:00,0,,,11602.0,16317.0,0.1421347701581637,-0.6114337137678488,-0.054488959167710314,0.2259612567881653,-0.05738860713727523,-0.07412946629464255,0.1880244731129659,-0.03231283449775203,-0.04317344340611509,0.0778669440877906,-0.06544171956609646,0.07090034106747711,-0.026172253256940618,0.47334886807418025,0.28748156146469017,-0.1482292857992833,-0.12296996338010098,0.09263075257175206,0.02313302321270807,-0.008431530244752898,0.04544625733308562,-0.05816090055260583,0.04284707524103316,-0.016179347188425074,-0.053592719399028974,-0.018828211620055532,6.717,0.0,0.0,246.0,0.0,2.0,5.0,0.0,0.0,15.0,0.0,10.0,1.0,0.8468613138686132,1.0,1.0,0.0,1.0,78968.0,3000.0,0.0,1,21.0,176.0,58540
8468818,2024-12-07 03:48:38+00:00,1,,,14935.0,16317.0,0.14258408146593918,-0.6114337137678488,-0.054488959167710314,-0.1165395030712408,0.41236787050388063,-0.07412946629464255,-0.14267212177429597,-0.03231283449775203,-0.04317344340611509,0.0778669440877906,-0.07791647071836902,-0.0069440649306055586,-0.026172253256940618,-0.2062583476798761,0.28748156146469017,0.13611650753568505,0.06852539126647902,0.09263075257175206,0.02313302321270807,-0.008431530244752898,-0.009607996814591997,-0.05816090055260583,-0.023487699131707573,-0.016179347188425074,-0.053592719399028974,0.141236061144545,6.717,0.0,3.0,88.0,0.0,12.0,0.0,0.0,0.0,10.0,1.0,10.0,22.0,0.7923076923076923,0.0,0.0,0.0,10.0,78968.0,3750.0,0.0,0,13.0,72.0,16403
8471951,2024-12-08 03:36:23+00:00,1,,"[1, 1, 1, 1, 1, 0, 0, 1, 1, 1, 1, 0, 0, 1, 1, 1, 1, 1, 0, 0, 1, 1, 1, 1, 1, 1, 1, 1, 1, 1, 1, 1, 1, 1, 1, 1, 1, 1, 1, 1, 1, 1, 1, 1, 1, 1, 1, 1, 1, 1, 1, 1, 1, 1, 1, 1, 1, 1, 1, 1, 1, 1, 1, 1, 1, 1, 1, 1, 1]",28150.0,16317.0,0.14261460252605715,-0.6114337137678488,-0.054488959167710314,0.2259612567881653,-0.05738860713727523,-0.05564041606933876,-0.16547143701628758,-0.03231283449775203,-0.04317344340611509,0.0778669440877906,0.035324081286162975,-0.09236929204096728,-0.026172253256940618,0.47334886807418025,0.16413019796925432,0.13611650753568505,-0.12296996338010098,0.09263075257175206,0.02313302321270807,-0.008431530244752898,-0.009607996814591997,0.15904631144217646,-0.023487699131707573,0.05393564252282038,-0.053592719399028974,0.008044419973869708,6.717,0.0,0.0,248.0,0.5434782608695652,162.0,4.0,0.0,0.0,25.0,99.0,10.0,2.0,1.0795781399808246,0.0,16.0,0.0,1.0,78968.0,4167.0,0.9681159420289855,0,37.0,180.0,26702
8466865,2024-12-06 06:52:35+00:00,1,"[0, 1, 1, 1, 1, 1, 1, 1, 1, 1, 1, 1, 1, 1, 1, 1, 1, 1, 1, 1, 1, 1, 1]","[1, 1, 1, 1, 1, 1, 1, 1, 1, 1, 1, 1, 1, 1, 1, 1, 1, 1, 1, 1, 1, 1, 1, 1, 1, 1, 1, 1, 1, 1]",45000.0,16317.0,0.14291088512845976,-0.6114337137678488,-0.054488959167710314,0.004753338369163321,-0.06670879924340213,0.22755275636556374,0.1880244731129659,-0.03231283449775203,0.1740873916033103,0.0778669440877906,-0.07791647071836902,0.07090034106747711,-0.026172253256940618,0.27517336419933297,-0.03481326916714037,-0.1482292857992833,0.06852539126647902,0.09263075257175206,0.02313302321270807,-0.008431530244752898,-0.039768111103099996,0.15904631144217646,-0.023487699131707573,-0.016179347188425074,-0.053592719399028974,0.141236061144545,6.717,0.0,2.0,456.0,0.7608695652173914,2.0,6.0,0.9565217391304348,1.0,7.0,0.0,10.0,3.0,1.6,1.0,0.0,0.0,1.0,78968.0,5153.0,1.0,0,0.0,236.0,0
8423356,2024-12-07 03:01:14+00:00,1,"[1, 1, 1, 1, 1, 1, 1, 1, 1, 1, 1, 1, 1, 1, 1, 1, 1, 1, 1, 1, 1, 1, 1, 1, 1, 1, 1, 1, 1, 1, 1, 1]","[1, 1, 1, 1, 1, 1, 1, 1, 1, 1, 1, 1, 1, 1, 1, 1, 1, 1, 1]",20972.0,466.0,0.14330205064195672,-0.6114337137678488,-0.054488959167710314,0.2259612567881653,0.41236787050388063,0.22755275636556374,-0.16547143701628758,-0.03231283449775203,0.1740873916033103,0.0778669440877906,-0.07791647071836902,-0.0069440649306055586,0.13238330771477913,0.021081495765742912,-0.03481326916714037,0.13611650753568505,-0.12296996338010098,-0.3012493410357806,0.02313302321270807,-0.008431530244752898,-0.009607996814591997,0.15904631144217646,-0.023487699131707573,-0.016179347188425074,-0.053592719399028974,-0.018828211620055532,6.717,0.0,1.0,48.0,1.0,46.0,2.0,1.0,0.0,11.0,1.0,1.0,11.0,1.2465525439847835,0.0,1.0,1.0,1.0,1034.0,3770.0,1.0,0,17.0,289.0,73553
8437148,2024-12-02 22:55:21+00:00,1,"[1, 1, 1, 1, 0, 1, 1, 1, 1, 1, 1, 1, 1, 1, 1, 1, 1, 1, 1]",,21525.0,16317.0,0.14344416193067697,-0.6114337137678488,-0.054488959167710314,-0.23295731524514138,-0.06670879924340213,-0.07412946629464255,0.1880244731129659,-0.03231283449775203,0.1740873916033103,0.0778669440877906,-0.07791647071836902,-0.0069440649306055586,-0.026172253256940618,0.021081495765742912,0.28748156146469017,-0.1482292857992833,0.06852539126647902,0.09263075257175206,0.02313302321270807,-0.008431530244752898,-0.009607996814591997,-0.05816090055260583,-0.023487699131707573,-0.016179347188425074,0.13525803582801485,0.141236061144545,6.717,0.0,4.0,600.0,0.2631578947368421,2.0,3.0,0.9473684210526315,1.0,11.0,1.0,10.0,11.0,0.9761904761904762,1.0,0.0,0.0,1.0,78968.0,3800.0,0.0,0,0.0,413.0,10957
8471049,2024-12-08 01:00:07+00:00,1,,,20200.0,16317.0,0.14346219385304482,-0.6114337137678488,-0.054488959167710314,0.2259612567881653,-0.06670879924340213,-0.07412946629464255,0.14385053025774988,-0.03231283449775203,-0.04317344340611509,0.0778669440877906,-0.09921592132150975,0.07090034106747711,-0.026172253256940618,0.20995636990242048,0.28748156146469017,0.13611650753568505,0.06852539126647902,0.09263075257175206,-0.08168565936984104,-0.008431530244752898,-0.009607996814591997,-0.05816090055260583,-0.023487699131707573,-0.016179347188425074,0.015592503790590144,0.141236061144545,6.717,0.0,1.0,600.0,0.0,3.0,0.0,0.0,0.0,0.0,0.0,10.0,5.0,0.8084850910546327,0.0,0.0,0.0,99.0,78968.0,4000.0,0.0,0,0.0,350.0,9
8462388,2024-12-04 23:23:13+00:00,0,,"[0, 0, 0, 0, 0, 1, 1, 1, 0, 1, 1, 1, 1, 1, 1, 1]",23339.0,16317.0,0.1437234579436927,-0.6114337137678488,-0.054488959167710314,0.004753338369163321,-0.06670879924340213,-0.07412946629464255,0.4194777125113977,-0.03231283449775203,-0.04317344340611509,0.0778669440877906,-0.06544171956609646,-0.0069440649306055586,0.13238330771477913,0.25953741616204173,0.28748156146469017,0.13611650753568505,0.06852539126647902,0.09263075257175206,-0.08168565936984104,-0.008431530244752898,0.04544625733308562,-0.05484988672575293,0.04284707524103316,-0.016179347188425074,-0.053592719399028974,-0.0035377154089891926,6.717,0.0,2.0,356.0,0.3726851851851852,1.0,1.0,0.0,0.0,12.0,1.0,0.0,4.0,0.9973079223997949,0.0,0.0,0.0,329.0,78968.0,2600.0,0.8235294117647058,1,7.0,73.0,49867
8437442,2024-12-03 00:22:32+00:00,1,"[1, 1, 1, 1, 1, 1, 1, 1, 1]","[1, 1, 1, 1, 1, 1]",42660.0,873.0,0.1437356583599519,-0.6114337137678488,0.26094868650223196,-0.23295731524514138,0.11939328962621384,0.22755275636556374,-0.043774865933036713,-0.03231283449775203,0.1740873916033103,-0.4142474070967134,-0.07791647071836902,-0.09236929204096728,0.13238330771477913,0.021081495765742912,-0.03481326916714037,-0.1482292857992833,0.06852539126647902,0.09263075257175206,0.02313302321270807,-0.008431530244752898,-0.039768111103099996,0.15904631144217646,-0.023487699131707573,0.22505449144967976,-0.053592719399028974,0.141236061144545,6.717,1730.0,5.0,130.0,1.0,8.0,4.0,1.0,4.0,7.0,6.0,1.0,10.0,1.3320843091334895,1.0,0.0,0.0,1.0,4788.0,6667.0,1.0,0,159.0,217.0,19813
8464482,2024-12-05 08:09:58+00:00,1,"[0, 0, 0, 0, 0, 0, 0, 0, 0, 0, 0, 0, 0, 0, 0, 0, 0, 0, 0, 0, 0, 0, 0, 0, 0, 0, 0, 0, 0, 0, 0, 0, 0, 0, 0, 0, 0, 0, 0, 0, 0, 0, 0, 0, 0, 0, 0, 0, 0, 1, 0, 0, 1, 1, 1, 0, 0, 0, 0, 0, 0, 0, 0, 0, 0, 1, 1, 0, 1, 1, 1, 1, 1, 1, 1, 1, 1, 1, 1, 1]",,26060.0,16317.0,0.14381113117095337,-0.6114337137678488,0.23990797722314114,0.2259612567881653,-0.06670879924340213,-0.07412946629464255,-0.043774865933036713,0.030500288512228284,-0.04317344340611509,0.0778669440877906,-0.06544171956609646,0.07090034106747711,-0.026172253256940618,0.14199482941539582,0.16413019796925432,0.13611650753568505,-0.12296996338010098,0.09263075257175206,0.02313302321270807,-0.008431530244752898,-0.039768111103099996,-0.05816090055260583,-0.023487699131707573,-0.016179347188425074,0.04095250473658998,-0.018828211620055532,6.717,87.0,0.0,348.0,0.0125,8.0,7.0,0.225,1.0,12.0,0.0,10.0,6.0,1.0781515038682719,0.0,1.0,0.0,1.0,78968.0,5200.0,0.0,0,25.0,355.0,60689
8337838,2024-12-05 01:21:04+00:00,1,"[0, 0, 0, 0, 0, 0, 0, 0, 0, 0, 0, 0, 1, 1]","[0, 0, 0, 0, 0, 0, 0, 0, 0, 0, 0, 0, 0, 0, 0, 0, 1, 1, 1, 1, 1, 1, 1]",21251.0,16317.0,0.1439518088806186,-0.6114337137678488,-0.054488959167710314,0.004753338369163321,-0.06670879924340213,-0.07412946629464255,-0.043774865933036713,0.4065249203285951,-0.04317344340611509,0.0778669440877906,-0.06544171956609646,0.07090034106747711,-0.026172253256940618,0.25953741616204173,-0.03481326916714037,0.13611650753568505,0.06852539126647902,0.09263075257175206,0.02313302321270807,-0.008431530244752898,-0.009607996814591997,-0.05816090055260583,-0.023487699131707573,-0.016179347188425074,0.04095250473658998,-0.018828211620055532,6.717,0.0,2.0,426.0,0.3920289855072464,8.0,16.0,0.14285714285714285,1.0,15.0,0.0,10.0,4.0,1.268110753073159,0.0,0.0,0.0,1.0,78968.0,4177.0,0.5072463768115942,0,0.0,364.0,79998
8472265,2024-12-08 04:34:48+00:00,1,,"[0, 0, 0, 0, 0, 0, 0, 0, 0, 0, 0, 0, 0, 0, 0, 0, 0, 0, 0, 0, 0, 0, 0, 0, 0, 0, 0, 0, 0, 0, 0, 0, 0, 0, 0, 0, 0, 0, 0, 0, 0, 0, 0, 0, 0, 0, 0, 0, 0, 0, 0, 0, 0, 0, 0, 0, 1, 1, 1, 0, 1, 0, 1, 1, 1, 1, 1, 0, 0, 1, 1, 1, 1, 1, 1, 0, 0, 1, 1, 1, 1, 1]",26613.0,16317.0,0.14441701985330216,-0.6114337137678488,-0.054488959167710314,0.2259612567881653,-0.05738860713727523,-0.07412946629464255,0.4194777125113977,-0.03231283449775203,-0.04317344340611509,-0.4142474070967134,0.47611841736311766,0.07090034106747711,-0.026172253256940618,0.021081495765742912,0.16413019796925432,-0.1482292857992833,0.06852539126647902,0.09263075257175206,0.02313302321270807,-0.008431530244752898,-0.039768111103099996,-0.05816090055260583,-0.023487699131707573,-0.016179347188425074,0.13525803582801485,0.141236061144545,6.717,0.0,1.0,276.0,0.012195121951219513,1.0,1.0,0.0,4.0,84.0,0.0,9.0,9.0,1.06452,1.0,0.0,0.0,1.0,4627.0,8286.099999999991,0.4099324125771378,0,8.0,382.0,12
8463157,2024-12-05 02:22:42+00:00,1,,"[0, 0, 0, 0, 0, 0, 1, 1, 1, 1, 1, 1, 1, 1, 1, 1, 1, 1, 1, 1, 1, 1, 1, 1, 1, 1, 1, 1, 1, 1, 1, 1]",17344.0,16317.0,0.14448493803686357,-0.6114337137678488,0.23990797722314114,0.2259612567881653,-0.06670879924340213,-0.05564041606933876,-0.043774865933036713,-0.03231283449775203,-0.04317344340611509,0.0778669440877906,-0.09921592132150975,-0.0069440649306055586,-0.026172253256940618,0.021081495765742912,-0.03481326916714037,-0.1482292857992833,0.06852539126647902,0.09263075257175206,-0.08168565936984104,-0.008431530244752898,0.08965056778496559,0.15904631144217646,0.04284707524103316,-0.016179347188425074,0.015592503790590144,-0.018828211620055532,6.717,54.0,1.0,323.0,0.515625,8.0,6.0,0.0,0.0,1.0,1.0,10.0,9.0,1.250018018018018,1.0,0.0,0.0,329.0,3375.0,2182.0,0.9602272727272727,1,1.0,345.0,88029
8437957,2024-12-03 02:21:54+00:00,0,,,18020.0,16317.0,0.14471824054386295,-0.6114337137678488,-0.054488959167710314,0.2259612567881653,-0.06670879924340213,-0.07412946629464255,-0.043774865933036713,-0.03231283449775203,-0.04317344340611509,0.0778669440877906,0.2659552272166623,-0.09236929204096728,-0.026172253256940618,0.021081495765742912,0.28748156146469017,-0.1482292857992833,0.06852539126647902,-0.3012493410357806,0.02313302321270807,-0.008431530244752898,0.04544625733308562,-0.05816090055260583,0.04284707524103316,-0.016179347188425074,0.04095250473658998,-0.03707202918461854,6.717,0.0,0.0,600.0,0.0,8.0,0.0,0.0,0.0,66.0,2.0,10.0,9.0,0.9997226074895977,1.0,0.0,1.0,1.0,3342.0,2965.0,0.0,1,0.0,372.0,108754
8465689,2024-12-06 02:23:41+00:00,0,,"[0, 0, 0, 0, 0, 0, 0, 1, 1, 1, 0, 0, 0, 0, 0, 0, 0, 0, 0, 0, 0, 0, 0, 0, 0, 0, 0, 0, 1, 1, 1, 1, 1, 1, 0, 1, 1, 1]",25882.0,16317.0,0.14479553582847174,-0.6114337137678488,0.23990797722314114,-0.1165395030712408,-0.05738860713727523,-0.07412946629464255,-0.16547143701628758,0.030500288512228284,-0.04317344340611509,0.0778669440877906,-0.07791647071836902,-0.09236929204096728,-0.026172253256940618,0.021081495765742912,0.28748156146469017,0.13611650753568505,0.06852539126647902,0.09263075257175206,-0.08168565936984104,-0.008431530244752898,-0.039768111103099996,-0.05816090055260583,0.04284707524103316,-0.016179347188425074,-0.053592719399028974,0.141236061144545,6.717,54.0,3.0,276.0,0.028309409888357256,17.0,9.0,0.0,0.0,2.0,6.0,8.0,11.0,0.9603354235464361,0.0,0.0,0.0,329.0,2572.0,5000.0,0.44129554655870445,1,10.0,101.0,5
8471992,2024-12-08 04:32:58+00:00,1,,"[1, 1, 1, 1, 1, 1, 1, 1, 1, 1, 1, 1, 1, 1, 1, 1, 1, 1, 1, 1, 1, 1, 0, 1, 1, 1, 1, 1, 1, 1, 1, 1, 1, 1, 1, 1, 1, 1, 1, 1, 1, 1, 1, 1, 1, 1, 1, 1]",29413.0,16317.0,0.14508481076995564,-0.6114337137678488,-0.054488959167710314,0.2259612567881653,-0.06670879924340213,-0.05564041606933876,0.01584713069282676,0.4065249203285951,-0.04317344340611509,0.0778669440877906,-0.07791647071836902,0.07090034106747711,-0.026172253256940618,-0.10985411191684905,-0.03481326916714037,-0.1482292857992833,0.06852539126647902,0.09263075257175206,0.02313302321270807,-0.008431530244752898,-0.039768111103099996,0.15904631144217646,-0.023487699131707573,0.05393564252282038,0.015592503790590144,0.008044419973869708,6.717,0.0,0.0,465.0,0.4791666666666667,5.0,13.0,0.0,1.0,5.0,0.0,10.0,14.0,1.522490812153838,1.0,0.0,0.0,1.0,78968.0,7526.0,0.9804421768707483,0,40.0,336.0,29726
8463151,2024-12-05 02:22:02+00:00,1,,"[1, 1, 1, 1, 1, 1, 1, 1, 1, 1, 1, 1, 1, 1, 1, 1, 1, 1, 1]",11602.0,16317.0,0.14521872957688237,-0.6114337137678488,-0.054488959167710314,0.2259612567881653,-0.05738860713727523,0.22755275636556374,0.1880244731129659,-0.03231283449775203,-0.04317344340611509,-0.4142474070967134,-0.07791647071836902,-0.0069440649306055586,-0.026172253256940618,0.20995636990242048,0.28748156146469017,-0.1482292857992833,0.06852539126647902,0.09263075257175206,0.02313302321270807,-0.008431530244752898,0.04544625733308562,0.15904631144217646,0.04284707524103316,-0.016179347188425074,-0.053592719399028974,-0.018828211620055532,6.717,0.0,0.0,286.0,1.0,2.0,2.0,0.0,4.0,10.0,1.0,10.0,5.0,0.8468613138686132,1.0,0.0,0.0,1.0,766.0,3000.0,1.0,1,21.0,176.0,58540
8469637,2024-12-07 06:32:10+00:00,0,"[0, 0, 0, 0, 0, 0, 0, 0, 0, 1, 0, 0, 0, 0, 0, 0, 0, 0, 0, 0, 1, 0, 0, 0, 0, 0, 0, 0, 1, 0, 0, 1, 0, 0, 0, 1, 1, 1, 0, 1, 0, 1, 0, 0, 0, 0, 0, 0, 0, 0, 1, 0, 1, 0, 0, 0, 1, 0, 1, 0, 0, 0, 0, 1, 1, 1, 1, 1]","[1, 1, 1, 1, 0, 1, 1, 1, 1, 1, 1, 1]",35000.0,582.0,0.14551387899439674,-0.6114337137678488,-0.054488959167710314,-0.23295731524514138,0.41236787050388063,-0.07412946629464255,-0.14267212177429597,-0.03231283449775203,-0.04317344340611509,0.0778669440877906,0.08779149858909129,0.07090034106747711,-0.026172253256940618,-0.10985411191684905,0.16413019796925432,0.13611650753568505,0.06852539126647902,-0.3012493410357806,0.02313302321270807,-0.008431530244752898,-0.009607996814591997,0.15904631144217646,0.04284707524103316,-0.016179347188425074,-0.053592719399028974,0.141236061144545,6.717,0.0,4.0,100.0,0.21344259096673493,13.0,0.0,0.2647058823529412,0.0,33.0,0.0,3.0,15.0,1.0385756676557865,0.0,0.0,1.0,1.0,5700.0,4100.0,0.9358974358974359,1,30.0,225.0,16900
8439151,2024-12-03 06:21:10+00:00,1,"[1, 1, 1, 1, 1, 1, 0, 1, 1, 1, 1, 1, 1, 1, 1, 1, 1, 1, 1, 1, 1, 1]","[0, 0, 0, 0, 0, 0, 0, 0, 0, 0, 0, 0, 0, 0, 0, 0, 0, 0, 0, 0, 0, 0, 0, 0, 0, 0, 0, 0, 1, 1, 1, 1, 1, 1, 1, 0, 1, 1, 1, 1, 1, 1, 1, 1, 1, 1, 1, 1, 1, 1, 1]",27345.0,677.0,0.14564370687707245,-0.6114337137678488,-0.054488959167710314,0.2259612567881653,0.41236787050388063,-0.05564041606933876,-0.14267212177429597,-0.03231283449775203,0.1740873916033103,0.0778669440877906,0.035324081286162975,0.07090034106747711,-0.026172253256940618,0.021081495765742912,-0.03481326916714037,-0.1482292857992833,0.06852539126647902,-0.3012493410357806,-0.08168565936984104,-0.008431530244752898,-0.009607996814591997,-0.05816090055260583,0.04284707524103316,-0.016179347188425074,0.13525803582801485,-0.018828211620055532,6.717,0.0,1.0,126.0,0.5778036532305982,9.0,5.0,0.9545454545454546,0.0,25.0,0.0,9.0,11.0,1.594460641399417,1.0,0.0,1.0,329.0,5976.0,3950.0,0.6666666666666666,1,19.0,407.0,60581
8466951,2024-12-06 07:21:05+00:00,1,"[1, 1, 1, 1, 1, 0, 0, 0, 0, 1, 1, 1, 1, 1, 1, 1, 1, 1, 1, 1, 1, 1, 1, 1, 1, 1, 1, 1, 1, 1, 1, 1, 1, 1, 1, 1]",,19529.0,457.0,0.1459872998992489,-0.6114337137678488,-0.054488959167710314,0.2259612567881653,0.11939328962621384,-0.07412946629464255,0.01584713069282676,-0.03231283449775203,-0.04317344340611509,0.0778669440877906,0.2659552272166623,-0.0069440649306055586,-0.026172253256940618,0.47334886807418025,-0.03481326916714037,0.13611650753568505,-0.12296996338010098,-0.3012493410357806,0.02313302321270807,-0.008431530244752898,0.08965056778496559,-0.05816090055260583,0.04284707524103316,-0.016179347188425074,-0.053592719399028974,-0.018828211620055532,6.717,0.0,1.0,196.0,0.16666666666666666,6.0,0.0,0.8888888888888888,0.0,38.0,1.0,3.0,2.0,1.2301732283464566,0.0,2.0,1.0,1.0,78968.0,2400.0,0.0,1,10.0,80.0,87748
8460270,2024-12-04 23:48:48+00:00,1,,"[0, 0, 0, 0, 0, 0, 0, 0, 0, 0, 0, 0, 0, 0, 0, 0, 0, 0, 0, 0, 0, 0, 0, 0, 0, 0, 0, 0, 0, 0, 0, 0, 0, 0, 0, 1, 1, 1, 1, 1, 1, 1, 1, 1]",35000.0,16317.0,0.14616335034899236,-0.6114337137678488,-0.054488959167710314,-0.1165395030712408,-0.05738860713727523,-0.07412946629464255,-0.14267212177429597,0.4065249203285951,-0.04317344340611509,0.0778669440877906,-0.07791647071836902,0.07090034106747711,-0.026172253256940618,-0.01066169917084148,0.28748156146469017,0.13611650753568505,0.06852539126647902,-0.3012493410357806,0.02313302321270807,-0.008431530244752898,-0.039768111103099996,-0.05816090055260583,-0.023487699131707573,-0.016179347188425074,0.015592503790590144,0.141236061144545,6.717,12.0,3.0,275.0,0.022727272727272728,9.0,13.0,0.0,1.0,5.0,0.0,10.0,13.0,0.9749303621169917,0.0,0.0,1.0,1.0,1626.0,7606.0,0.36363636363636365,0,3.0,313.0,9876
8471460,2024-12-08 02:05:05+00:00,0,"[0, 0, 0, 0, 0, 0, 0, 0, 0, 0, 0, 0, 0, 0, 0, 0, 0, 0, 0, 0, 0, 0, 0, 0, 0, 0, 0, 0, 0, 0, 0, 1, 1, 1, 1]",,16157.0,441.0,0.1462787348747518,-0.6114337137678488,-0.054488959167710314,0.2259612567881653,0.41236787050388063,-0.07412946629464255,0.4194777125113977,-0.03231283449775203,-0.04317344340611509,-0.4142474070967134,0.2659552272166623,0.07090034106747711,-0.026172253256940618,0.27517336419933297,-0.03481326916714037,0.13611650753568505,-0.12296996338010098,0.09263075257175206,0.02313302321270807,-0.008431530244752898,-0.009607996814591997,-0.05816090055260583,0.04284707524103316,-0.016179347188425074,0.006896750883670848,-0.018828211620055532,6.717,0.0,1.0,88.0,0.02857142857142857,0.0,1.0,0.11428571428571428,4.0,37.0,0.0,5.0,3.0,1.3548846960167715,0.0,1.0,0.0,1.0,3290.0,3324.0,0.0,1,12.0,298.0,68576
8466475,2024-12-07 06:01:59+00:00,1,"[1, 1, 1, 0, 0, 0, 0, 0, 1, 1]","[0, 0, 0, 0, 0, 0, 1, 1, 1, 1, 1, 1]",14169.0,591.0,0.14642297042743785,-0.6114337137678488,-0.054488959167710314,0.004753338369163321,0.11939328962621384,-0.07412946629464255,-0.16547143701628758,0.4065249203285951,-0.04317344340611509,0.0778669440877906,-0.07791647071836902,-0.0069440649306055586,-0.026172253256940618,-0.15334582495827825,-0.03481326916714037,0.13611650753568505,0.06852539126647902,0.09263075257175206,0.02313302321270807,-0.008431530244752898,-0.039768111103099996,-0.05816090055260583,-0.023487699131707573,0.22505449144967976,0.04095250473658998,-0.018828211620055532,6.717,0.0,2.0,192.0,0.37529761904761905,14.0,36.0,0.5,1.0,5.0,1.0,4.0,18.0,1.6286206896551725,0.0,0.0,0.0,1.0,3600.0,8286.099999999991,0.7307692307692307,0,155.0,353.0,72889
8461645,2024-12-04 06:10:38+00:00,1,,"[1, 1, 1, 1, 1, 1, 1, 1, 1]",14300.0,16317.0,0.14654488315718683,-0.6114337137678488,-0.054488959167710314,0.2259612567881653,-0.06670879924340213,0.22755275636556374,0.01584713069282676,-0.03231283449775203,-0.04317344340611509,0.0778669440877906,0.08779149858909129,0.07090034106747711,-0.026172253256940618,0.47334886807418025,-0.03481326916714037,0.13611650753568505,0.06852539126647902,0.09263075257175206,-0.08168565936984104,-0.008431530244752898,-0.039768111103099996,0.15904631144217646,-0.023487699131707573,-0.016179347188425074,-0.053592719399028974,-0.0035377154089891926,6.717,0.0,1.0,381.0,1.0,5.0,4.0,0.0,0.0,27.0,0.0,10.0,1.0,1.329985119047619,0.0,0.0,0.0,329.0,699.0,8286.099999999991,1.0,0,0.0,110.0,47737
8469912,2024-12-07 07:57:57+00:00,1,"[1, 1, 1, 1, 1, 1, 1, 1, 1]","[0, 1, 1, 1, 1, 1, 1, 1, 1, 1, 1, 1, 1, 1, 1, 1, 1, 1, 1, 1, 1, 1]",19662.0,526.0,0.1483117149018907,-0.6114337137678488,0.26094868650223196,-0.23295731524514138,0.11939328962621384,0.17561735485816402,-0.043774865933036713,-0.03231283449775203,0.1740873916033103,0.0778669440877906,-0.07791647071836902,-0.09236929204096728,0.13238330771477913,-0.46958011525157795,0.16413019796925432,-0.1482292857992833,0.06852539126647902,-0.3012493410357806,0.02313302321270807,-0.008431530244752898,-0.039768111103099996,0.15904631144217646,0.04284707524103316,-0.016179347188425074,0.015592503790590144,0.008044419973869708,6.717,797.0,4.0,204.0,0.6818181818181818,8.0,2.0,1.0,0.0,2.0,4.0,1.0,39.0,1.0969037656903766,1.0,0.0,1.0,1.0,78968.0,5250.0,0.9960474308300395,1,33.0,316.0,42573
8460418,2024-12-04 01:14:14+00:00,1,,,27943.0,16317.0,0.14857132895671185,-0.6114337137678488,-0.054488959167710314,0.2259612567881653,0.41236787050388063,-0.07412946629464255,0.14385053025774988,-0.03231283449775203,-0.04317344340611509,0.0778669440877906,-0.06544171956609646,0.07090034106747711,-0.026172253256940618,0.20995636990242048,-0.03481326916714037,-0.1482292857992833,0.06852539126647902,0.09263075257175206,0.02313302321270807,-0.008431530244752898,-0.009607996814591997,-0.05816090055260583,-0.023487699131707573,-0.016179347188425074,-0.053592719399028974,-0.018828211620055532,6.717,0.0,1.0,91.0,0.0,4.0,0.0,0.0,0.0,12.0,0.0,10.0,5.0,1.2018494623655913,1.0,0.0,0.0,1.0,78968.0,3560.0,0.0,0,11.0,34.0,71698
8470431,2024-12-07 23:08:59+00:00,1,"[1, 1, 1, 1, 1, 1, 1, 1, 1, 1, 1, 1, 1, 1, 1, 1, 1, 1, 1, 1, 1, 1, 1, 1, 1, 1, 1, 1, 1, 1, 1, 1, 1, 1, 1, 1, 1, 1, 1, 1, 1, 1, 1]","[0, 0, 0, 0, 1, 1, 1]",23541.0,471.0,0.14924425579451703,-0.6114337137678488,-0.054488959167710314,0.004753338369163321,0.41236787050388063,-0.05564041606933876,-0.16547143701628758,-0.03231283449775203,0.1740873916033103,-0.048236128980226715,0.035324081286162975,-0.0069440649306055586,0.13238330771477913,-0.10985411191684905,0.16413019796925432,0.13611650753568505,-0.12296996338010098,-0.3012493410357806,0.02313302321270807,-0.008431530244752898,-0.009607996814591997,-0.05816090055260583,-0.023487699131707573,-0.016179347188425074,0.2103895073799279,0.008044419973869708,6.717,0.0,2.0,25.0,0.4749694749694749,20.0,0.0,1.0,3.0,23.0,1.0,1.0,15.0,1.1052112676056338,0.0,1.0,1.0,1.0,17497.0,4269.0,0.6428571428571429,0,23.0,472.0,29718
8461691,2024-12-04 06:27:29+00:00,1,"[1, 0, 1, 1, 1, 1, 1, 1, 0, 1, 1, 1, 1, 1, 1, 1, 1, 1, 1, 0, 1, 1, 0, 0, 0, 1, 1, 1, 1, 1, 1, 1, 1, 1, 1, 1]","[1, 1, 1, 1, 1, 1, 1, 1, 1, 1, 1, 1, 1, 1, 1, 1, 1, 1, 1, 1, 1, 1, 1, 1, 1, 1, 1, 1, 1, 1, 1, 1, 1, 1, 1, 1, 1]",16609.0,376.0,0.14953080130748408,-0.6114337137678488,-0.054488959167710314,0.004753338369163321,-0.05738860713727523,0.22755275636556374,-0.16547143701628758,-0.03231283449775203,-0.04317344340611509,0.0778669440877906,0.08779149858909129,0.07090034106747711,-0.026172253256940618,0.25953741616204173,0.28748156146469017,-0.1482292857992833,-0.12296996338010098,0.09263075257175206,0.02313302321270807,-0.008431530244752898,-0.009607996814591997,0.15904631144217646,-0.023487699131707573,-0.016179347188425074,-0.053592719399028974,-0.018828211620055532,6.717,0.0,2.0,272.0,0.7638888888888888,54.0,3.0,0.8333333333333334,0.0,26.0,0.0,2.0,4.0,1.018957055214724,1.0,1.0,0.0,1.0,6978.0,4000.0,1.0,0,11.0,239.0,80003
8464421,2024-12-05 07:44:13+00:00,1,,"[0, 0, 0, 0, 0, 0, 0, 0, 0, 0, 0, 0, 0, 0, 0, 0, 0, 0, 0, 0, 0, 0, 0, 0, 0, 0, 0, 0, 0, 0, 0, 1, 1, 1, 1, 1, 1, 1, 1, 1, 1, 1, 1, 1, 1, 1]",8062.0,16317.0,0.14954991440768303,-0.6114337137678488,-0.054488959167710314,0.2259612567881653,-0.05738860713727523,-0.07412946629464255,0.1880244731129659,-0.03231283449775203,-0.04317344340611509,0.0778669440877906,-0.07791647071836902,-0.0069440649306055586,-0.026172253256940618,0.47334886807418025,0.28748156146469017,0.13611650753568505,-0.12296996338010098,0.09263075257175206,-0.08168565936984104,0.12181209640599021,-0.009607996814591997,-0.05816090055260583,-0.023487699131707573,-0.016179347188425074,-0.053592719399028974,-0.018828211620055532,6.717,0.0,1.0,297.0,0.021739130434782608,2.0,0.0,0.0,0.0,3.0,1.0,9.0,2.0,0.9387517466231952,0.0,1.0,0.0,329.0,281.0,4200.0,0.5411655874190564,0,0.0,53.0,75107
8470530,2024-12-07 23:27:58+00:00,1,,,12706.0,16317.0,0.1499457726950053,-0.6114337137678488,-0.054488959167710314,0.004753338369163321,-0.05738860713727523,-0.07412946629464255,0.1880244731129659,-0.03231283449775203,-0.04317344340611509,0.0778669440877906,0.035324081286162975,-0.0069440649306055586,-0.026172253256940618,-0.01066169917084148,0.28748156146469017,0.13611650753568505,0.06852539126647902,0.09263075257175206,0.02313302321270807,0.12181209640599021,-0.009607996814591997,-0.05816090055260583,-0.023487699131707573,-0.016179347188425074,-0.053592719399028974,0.008044419973869708,6.717,0.0,2.0,280.0,0.0,2.0,0.0,0.0,0.0,23.0,1.0,9.0,13.0,1.035112016293279,0.0,0.0,0.0,1.0,207.0,4250.0,0.0,0,1.0,47.0,34395
8471639,2024-12-08 02:36:14+00:00,0,,"[1, 0, 1, 0, 0, 1, 0, 0, 0, 0, 1, 1, 1, 1, 1, 1, 1, 1, 1, 0, 0, 0, 1, 0, 0, 1, 1, 1, 0, 0, 0, 0, 0, 0, 0, 1, 0, 0, 1, 1, 0, 1, 1, 1, 1, 1, 1, 1, 1, 1, 1, 1, 1, 1, 1, 1, 1, 1, 1, 1, 1, 1, 1]",19500.0,16317.0,0.14999119728527113,-0.6114337137678488,-0.054488959167710314,0.2259612567881653,-0.05738860713727523,-0.07412946629464255,-0.16547143701628758,-0.03231283449775203,-0.04317344340611509,0.0778669440877906,0.2659552272166623,-0.09236929204096728,-0.026172253256940618,0.20995636990242048,0.16413019796925432,0.13611650753568505,-0.12296996338010098,0.09263075257175206,-0.08168565936984104,-0.008431530244752898,0.08965056778496559,-0.05484988672575293,0.04284707524103316,-0.016179347188425074,-0.053592719399028974,-0.018828211620055532,6.717,0.0,1.0,296.0,0.031746031746031744,162.0,1.0,0.0,0.0,67.0,99.0,10.0,5.0,1.1320754716981132,0.0,16.0,0.0,329.0,78968.0,1700.0,0.7534722222222222,1,0.0,149.0,84307
8439214,2024-12-03 06:35:42+00:00,1,,,35695.0,16317.0,0.1500418394319516,-0.6114337137678488,0.23990797722314114,-0.23295731524514138,0.11939328962621384,-0.07412946629464255,-0.14267212177429597,0.4065249203285951,-0.04317344340611509,0.0778669440877906,-0.09921592132150975,-0.09236929204096728,-0.026172253256940618,-0.46958011525157795,-0.03481326916714037,0.13611650753568505,0.06852539126647902,0.09263075257175206,0.02313302321270807,-0.008431530244752898,-0.039768111103099996,-0.05816090055260583,-0.023487699131707573,0.05393564252282038,-0.053592719399028974,0.141236061144545,6.717,58.0,4.0,184.0,0.0,11.0,13.0,0.0,0.0,1.0,2.0,10.0,36.0,1.1941322092867657,0.0,0.0,0.0,1.0,78968.0,6000.0,0.0,0,38.0,141.0,2200
8469610,2024-12-07 06:26:04+00:00,1,"[1, 1, 1, 1, 1, 1, 1, 1, 1, 1, 1, 1, 1, 1, 1, 1, 1, 1, 1, 1, 1, 1, 1, 1, 1, 1, 1, 1, 1, 1, 1, 1, 1]","[1, 1, 1, 1, 1, 1, 1, 1, 1, 1]",28643.0,414.0,0.1502296045457299,-0.6114337137678488,-0.054488959167710314,0.2259612567881653,0.11939328962621384,0.17561735485816402,-0.16547143701628758,0.030500288512228284,0.1740873916033103,0.0778669440877906,-0.07791647071836902,-0.0069440649306055586,0.13238330771477913,0.021081495765742912,-0.03481326916714037,-0.1482292857992833,0.06852539126647902,-0.3012493410357806,0.02313302321270807,-0.008431530244752898,-0.039768111103099996,0.15904631144217646,-0.023487699131707573,0.22505449144967976,-0.053592719399028974,-0.03707202918461854,6.717,0.0,1.0,186.0,0.6754385964912281,23.0,12.0,1.0,0.0,3.0,1.0,1.0,11.0,1.1971995820271681,1.0,0.0,1.0,1.0,3321.0,8286.099999999991,1.0,0,62.0,225.0,100978
8462240,2024-12-04 22:24:25+00:00,1,,,20947.0,16317.0,0.15083289004869418,-0.6114337137678488,0.26094868650223196,0.2259612567881653,-0.06670879924340213,-0.07412946629464255,-0.16547143701628758,-0.03231283449775203,-0.04317344340611509,0.0778669440877906,0.035324081286162975,-0.09236929204096728,-0.026172253256940618,0.14199482941539582,0.16413019796925432,0.13611650753568505,-0.12296996338010098,0.09263075257175206,0.02313302321270807,-0.008431530244752898,-0.039768111103099996,-0.05816090055260583,-0.023487699131707573,-0.016179347188425074,-0.053592719399028974,-0.0035377154089891926,6.717,221.0,1.0,420.0,0.0,162.0,2.0,0.0,0.0,25.0,99.0,10.0,6.0,1.0687244897959183,0.0,16.0,0.0,1.0,78968.0,4800.0,0.0,0,13.0,34.0,48616
8470234,2024-12-07 23:29:33+00:00,0,"[1, 0, 1, 1, 1, 1, 1, 1, 1, 1, 1, 1, 1, 1, 1, 1, 1, 1, 1, 1, 1, 1, 1, 1, 1]","[1, 1]",31993.0,661.0,0.15091666347506036,-0.6114337137678488,-0.054488959167710314,0.2259612567881653,0.41236787050388063,-0.05564041606933876,-0.14267212177429597,-0.03231283449775203,0.1740873916033103,-0.4142474070967134,-0.07791647071836902,0.07090034106747711,-0.026172253256940618,0.14199482941539582,-0.03481326916714037,-0.1482292857992833,0.06852539126647902,0.09263075257175206,-0.08168565936984104,-0.008431530244752898,-0.009607996814591997,0.15904631144217646,0.04284707524103316,-0.016179347188425074,-0.053592719399028974,0.141236061144545,6.717,0.0,1.0,46.0,0.54,9.0,1.0,0.96,4.0,4.0,0.0,2.0,6.0,1.3019044518596892,1.0,0.0,0.0,329.0,78968.0,3417.0,1.0,1,24.0,41.0,33
8469419,2024-12-07 05:46:54+00:00,1,"[1, 1, 1, 1, 1, 1, 1, 1, 1, 1, 1]","[1, 1, 1, 1, 1, 1, 1, 1, 1, 1, 1, 1, 1, 1, 1, 1, 1, 1, 1, 1, 1, 1, 1, 1, 1, 1, 1, 1, 1, 1, 1, 1]",12382.0,699.0,0.15109585118119426,-0.6114337137678488,0.26094868650223196,-0.23295731524514138,-0.05738860713727523,0.22755275636556374,-0.16547143701628758,0.030500288512228284,0.1740873916033103,-0.048236128980226715,-0.07791647071836902,-0.09236929204096728,0.13238330771477913,-0.46958011525157795,-0.03481326916714037,0.13611650753568505,0.06852539126647902,0.09263075257175206,0.02313302321270807,0.12181209640599021,-0.039768111103099996,0.15904631144217646,-0.023487699131707573,0.22505449144967976,-0.053592719399028974,-0.018828211620055532,6.717,281.0,5.0,288.0,1.0,16.0,10.0,1.0,3.0,6.0,2.0,1.0,37.0,1.3606593406593406,0.0,0.0,0.0,1.0,259.0,8000.0,1.0,0,60.0,223.0,75511
8471266,2024-12-08 01:33:47+00:00,1,,"[1, 1, 1, 1, 1, 1, 1, 1, 1, 1, 1, 1, 1, 1, 1, 1, 1, 1, 1, 1, 1, 1, 1, 1, 1, 1, 1, 1, 1, 1, 1, 1, 1, 1, 0, 1, 1, 1, 1, 1, 1, 1, 1, 1, 1, 1, 1, 1, 1, 1, 1, 1, 1, 1, 1]",22921.0,16317.0,0.15123910092965218,-0.6114337137678488,-0.054488959167710314,0.2259612567881653,0.11939328962621384,0.17561735485816402,-0.16547143701628758,-0.03231283449775203,-0.04317344340611509,0.0778669440877906,0.2659552272166623,-0.09236929204096728,0.13238330771477913,0.08251752792097579,-0.03481326916714037,0.13611650753568505,-0.12296996338010098,0.09263075257175206,-0.08168565936984104,-0.008431530244752898,-0.009607996814591997,0.15904631144217646,-0.023487699131707573,-0.016179347188425074,-0.053592719399028974,0.141236061144545,6.717,0.0,1.0,166.0,0.6363636363636364,162.0,1.0,0.0,0.0,58.0,99.0,1.0,8.0,1.2224533333333334,0.0,16.0,0.0,329.0,78968.0,4400.0,0.9772727272727273,0,8.0,133.0,11336
8469104,2024-12-07 04:42:13+00:00,1,"[0, 0, 1, 1, 1, 1, 1, 1, 1, 1, 1, 1, 1, 1, 1, 1, 1, 1, 1, 1, 1, 0, 0, 1, 0, 1, 1, 1, 1, 1, 1, 1, 1, 1, 1, 1, 0, 1, 1, 1]","[1, 1, 1, 1, 1, 1, 1, 1, 1, 1, 1, 1, 1, 1, 1, 1, 1, 1, 1, 1, 1]",24766.0,575.0,0.15127970237329214,-0.6114337137678488,-0.054488959167710314,-0.1165395030712408,0.41236787050388063,0.17561735485816402,-0.14267212177429597,-0.03231283449775203,-0.04317344340611509,0.0778669440877906,-0.07791647071836902,0.07090034106747711,-0.026172253256940618,-0.3292197513569699,0.16413019796925432,0.13611650753568505,0.06852539126647902,0.09263075257175206,0.02313302321270807,-0.008431530244752898,-0.039768111103099996,0.15904631144217646,0.04284707524103316,-0.016179347188425074,-0.053592719399028974,-0.03707202918461854,6.717,0.0,3.0,108.0,0.6749999999999999,10.0,6.0,0.85,0.0,9.0,0.0,3.0,27.0,1.121902604756512,0.0,0.0,0.0,1.0,78968.0,5238.0,1.0,1,32.0,197.0,102527
8468284,2024-12-07 02:00:48+00:00,1,,,1637.0,16317.0,0.15129462037038854,-0.6114337137678488,-0.054488959167710314,0.2259612567881653,-0.06670879924340213,-0.07412946629464255,0.01584713069282676,-0.03231283449775203,-0.04317344340611509,0.0778669440877906,-0.06544171956609646,-0.0069440649306055586,-0.026172253256940618,0.14199482941539582,0.28748156146469017,0.13611650753568505,-0.12296996338010098,0.09263075257175206,0.02313302321270807,-0.008431530244752898,0.08965056778496559,-0.05816090055260583,0.04284707524103316,-0.016179347188425074,-0.053592719399028974,-0.018828211620055532,6.717,0.0,1.0,326.0,0.0,5.0,0.0,0.0,0.0,12.0,1.0,10.0,6.0,0.11630550621669627,0.0,1.0,0.0,4.0,78968.0,1300.0,0.0,1,2.0,239.0,88379
8468129,2024-12-07 01:31:39+00:00,1,"[0, 0, 0, 0, 0, 0, 0, 0, 0, 1, 1, 1, 1, 1, 1, 1, 1, 1, 1, 1, 1, 1, 1, 1, 1]","[1, 1, 1, 1, 1, 1, 0, 1, 1, 1, 1, 1, 1, 1, 1, 1, 1, 1, 1, 1]",18437.0,250.0,0.15134962991461556,-0.6114337137678488,-0.054488959167710314,-0.1165395030712408,-0.06670879924340213,-0.05564041606933876,0.1880244731129659,-0.03231283449775203,-0.04317344340611509,0.0778669440877906,0.47611841736311766,0.07090034106747711,-0.026172253256940618,0.14199482941539582,-0.03481326916714037,-0.1482292857992833,0.06852539126647902,0.09263075257175206,0.02313302321270807,-0.008431530244752898,-0.009607996814591997,0.15904631144217646,-0.023487699131707573,-0.016179347188425074,0.015592503790590144,-0.018828211620055532,6.717,0.0,3.0,600.0,0.4633333333333333,2.0,0.0,0.64,0.0,69.0,0.0,10.0,7.0,1.2542176870748298,1.0,0.0,0.0,1.0,78968.0,3779.0,0.9666666666666667,0,0.0,312.0,68902
8462389,2024-12-04 23:23:16+00:00,1,,"[0, 0, 0, 0, 0, 0, 0, 0, 0, 0, 0, 0, 0, 0, 0, 1, 0, 0, 0, 0, 0, 1, 1, 1, 1, 1, 1, 1, 1, 1, 1, 1, 1, 1]",17960.0,16317.0,0.15145182024362147,-0.6114337137678488,0.26094868650223196,0.2259612567881653,-0.06670879924340213,-0.07412946629464255,-0.14267212177429597,-0.03231283449775203,-0.04317344340611509,0.0778669440877906,-0.07791647071836902,-0.0069440649306055586,-0.026172253256940618,0.20995636990242048,0.28748156146469017,-0.1482292857992833,0.06852539126647902,-0.3012493410357806,-0.08168565936984104,-0.008431530244752898,-0.009607996814591997,-0.05816090055260583,0.04284707524103316,-0.016179347188425074,-0.053592719399028974,-0.018828211620055532,6.717,132.0,1.0,346.0,0.35548293391430646,13.0,2.0,0.0,1.0,4.0,1.0,9.0,5.0,0.8924223602484472,1.0,0.0,1.0,329.0,2074.0,4000.0,0.6386554621848739,1,6.0,188.0,64529
8471577,2024-12-08 02:25:03+00:00,1,,"[0, 0, 0, 0, 0, 0, 0, 0, 0, 0, 0, 0, 0, 0, 0, 0, 0, 0, 0, 0, 1, 0, 1, 1, 1, 1, 1, 1, 1, 1, 1, 1]",6202.0,16317.0,0.15145190705421288,-0.6114337137678488,0.23990797722314114,0.004753338369163321,-0.06670879924340213,-0.07412946629464255,0.1880244731129659,-0.03231283449775203,-0.04317344340611509,0.0778669440877906,-0.07791647071836902,-0.09236929204096728,-0.026172253256940618,0.25953741616204173,0.16413019796925432,0.13611650753568505,-0.12296996338010098,0.09263075257175206,0.02313302321270807,-0.008431530244752898,-0.009607996814591997,-0.05816090055260583,-0.023487699131707573,-0.016179347188425074,0.006896750883670848,-0.03707202918461854,6.717,81.0,2.0,509.0,0.03125,2.0,2.0,0.0,0.0,2.0,2.0,10.0,4.0,1.1276363636363635,0.0,2.0,0.0,1.0,2162.0,4333.0,0.5606060606060606,0,0.0,308.0,149200
8463586,2024-12-05 04:01:04+00:00,1,[],,19607.0,193.0,0.15149127000030582,-0.6114337137678488,0.26094868650223196,0.2259612567881653,-0.06670879924340213,-0.07412946629464255,0.4194777125113977,-0.03231283449775203,-0.04317344340611509,0.0778669440877906,-0.09921592132150975,-0.0069440649306055586,0.13238330771477913,0.021081495765742912,0.16413019796925432,-0.1482292857992833,0.06852539126647902,0.09263075257175206,-0.08168565936984104,-0.008431530244752898,-0.039768111103099996,-0.05816090055260583,-0.023487699131707573,-0.016179347188425074,-0.053592719399028974,0.008044419973869708,6.717,2000.0,1.0,477.0,0.0,1.0,2.0,0.0,0.0,1.0,1.0,1.0,10.0,1.0999719495091165,1.0,0.0,0.0,329.0,78968.0,4500.0,0.0,0,12.0,223.0,34906
8466210,2024-12-06 04:15:38+00:00,1,"[1, 1, 1, 1, 1, 1, 1, 1, 1, 1, 1, 1, 1, 1, 1, 1, 1, 1, 1, 1, 1, 1, 1, 1, 1, 1, 1, 1, 1, 1, 1, 1, 1, 1, 1, 1, 1, 1, 1, 1, 1, 1, 1, 1, 1, 1, 1, 1, 1, 1, 1, 1, 1, 1, 1, 1, 1, 1, 1, 1]",,25822.0,428.0,0.15156472773307483,-0.6114337137678488,-0.054488959167710314,-0.1165395030712408,0.11939328962621384,0.22755275636556374,-0.043774865933036713,-0.03231283449775203,0.1740873916033103,-0.048236128980226715,0.035324081286162975,0.07090034106747711,0.13238330771477913,0.021081495765742912,-0.03481326916714037,0.13611650753568505,0.06852539126647902,-0.3012493410357806,0.02313302321270807,-0.008431530244752898,0.08965056778496559,-0.05816090055260583,0.04284707524103316,-0.016179347188425074,0.13525803582801485,-0.018828211620055532,6.717,0.0,3.0,206.0,1.0,7.0,2.0,1.0,3.0,23.0,0.0,1.0,9.0,1.2830807453416149,0.0,0.0,1.0,1.0,342.0,1100.0,0.0,1,11.0,398.0,59596
8471283,2024-12-08 01:39:36+00:00,1,"[1, 1, 1, 1, 1, 1, 1, 1, 1, 1, 1, 1, 1, 1, 1, 1, 1]",,17169.0,372.0,0.15189634443080766,-0.6114337137678488,0.26094868650223196,0.2259612567881653,-0.05738860713727523,-0.05564041606933876,-0.043774865933036713,-0.03231283449775203,0.1740873916033103,0.0778669440877906,-0.07791647071836902,-0.0069440649306055586,0.13238330771477913,-0.15334582495827825,-0.03481326916714037,-0.1482292857992833,0.06852539126647902,0.09263075257175206,-0.08168565936984104,-0.008431530244752898,-0.009607996814591997,-0.05816090055260583,0.04284707524103316,0.05393564252282038,0.04095250473658998,-0.0035377154089891926,6.717,1500.0,1.0,258.0,0.5416666666666666,7.0,5.0,1.0,1.0,10.0,1.0,1.0,17.0,1.5875173370319002,1.0,0.0,0.0,329.0,2155.0,4293.0,0.0,1,43.0,354.0,55969
8461593,2024-12-04 05:54:35+00:00,1,"[1, 1, 1, 1, 0, 0, 1, 1, 1, 1, 1, 1, 1, 1, 0, 0, 0, 0, 0, 0, 0, 0, 0, 0, 1, 1, 1, 1, 1, 1, 1, 1, 1, 1, 1, 1, 1, 1, 1, 1, 1, 1, 1, 1, 1, 1, 1]","[1, 1, 1, 1, 1, 1, 1, 1, 1, 1, 1, 1, 1, 1, 1, 1, 1, 1, 1, 1, 1, 1, 1, 1, 1]",22738.0,579.0,0.15191746116027904,-0.6114337137678488,-0.054488959167710314,-0.1165395030712408,-0.05738860713727523,-0.05564041606933876,0.01584713069282676,-0.03231283449775203,-0.04317344340611509,0.0778669440877906,-0.07791647071836902,0.07090034106747711,-0.026172253256940618,-0.15334582495827825,0.28748156146469017,0.13611650753568505,0.06852539126647902,0.09263075257175206,0.02313302321270807,-0.008431530244752898,-0.009607996814591997,0.15904631144217646,-0.023487699131707573,-0.016179347188425074,0.13525803582801485,0.141236061144545,6.717,0.0,3.0,241.0,0.5531914893617021,5.0,0.0,0.7446808510638298,0.0,2.0,0.0,3.0,18.0,0.8500186915887851,0.0,0.0,0.0,1.0,78968.0,3750.0,1.0,0,8.0,390.0,10
8470139,2024-12-07 21:34:03+00:00,1,"[0, 0, 0, 0, 0, 0, 0, 0, 0, 0, 0, 0, 0, 0, 0, 0, 0, 0, 0, 0, 0, 0, 0, 0, 0, 0, 0, 0, 0, 0, 0, 0, 0, 0, 0, 0, 0, 0, 0, 1, 0, 1, 1, 1, 1, 1, 1, 1, 1, 1, 1, 1, 1, 1, 1, 1, 1, 1, 1, 1, 1, 1, 1, 1, 1, 1, 0]",,29264.0,16317.0,0.15215514853988807,-0.6114337137678488,-0.054488959167710314,0.2259612567881653,0.11939328962621384,-0.07412946629464255,-0.043774865933036713,-0.03231283449775203,-0.04317344340611509,0.0778669440877906,-0.07791647071836902,0.07090034106747711,-0.026172253256940618,0.27517336419933297,0.16413019796925432,0.13611650753568505,0.06852539126647902,0.09263075257175206,-0.08168565936984104,-0.008431530244752898,-0.039768111103099996,-0.05816090055260583,-0.023487699131707573,-0.016179347188425074,-0.053592719399028974,0.141236061144545,6.717,0.0,1.0,145.0,0.014925373134328358,7.0,1.0,0.3880597014925373,1.0,6.0,0.0,10.0,3.0,1.0388725194362598,0.0,0.0,0.0,329.0,78968.0,4705.0,0.0,0,7.0,265.0,3
8461517,2024-12-08 01:01:48+00:00,0,,"[1, 1, 1, 1, 1, 1, 1, 1, 1, 1, 1, 1, 1, 1, 1, 1, 1, 1, 1, 1, 1, 1, 1, 1, 1, 1, 1, 1, 1, 1, 1, 1, 0, 1, 1, 1, 1, 1, 1, 1, 1, 1, 1, 1, 1, 1, 1, 1, 1, 1, 1, 1, 1, 1, 1, 1, 1, 1, 1, 1, 1, 1, 1, 1, 1, 1, 1, 1, 1, 1, 1, 1]",39577.0,16317.0,0.15219669448046952,-0.6114337137678488,-0.054488959167710314,0.2259612567881653,-0.06670879924340213,0.17561735485816402,0.01584713069282676,-0.03231283449775203,-0.04317344340611509,0.0778669440877906,-0.07791647071836902,-0.0069440649306055586,-0.026172253256940618,0.14199482941539582,-0.03481326916714037,0.13611650753568505,0.06852539126647902,0.09263075257175206,0.02313302321270807,-0.008431530244752898,-0.039768111103099996,0.15904631144217646,0.04284707524103316,-0.016179347188425074,0.2103895073799279,0.008044419973869708,6.717,0.0,1.0,600.0,0.7291666666666666,5.0,4.0,0.0,1.0,10.0,1.0,10.0,6.0,1.249155698639649,0.0,0.0,0.0,1.0,78968.0,5552.0,0.9874429223744292,1,0.0,425.0,41824
8393791,2024-12-04 04:39:57+00:00,1,,,45000.0,16317.0,0.15227573154181787,-0.6114337137678488,0.26094868650223196,0.004753338369163321,0.11939328962621384,-0.07412946629464255,0.01584713069282676,-0.03231283449775203,-0.04317344340611509,0.0778669440877906,-0.07791647071836902,-0.0069440649306055586,-0.026172253256940618,0.14199482941539582,-0.03481326916714037,-0.1482292857992833,0.06852539126647902,0.09263075257175206,0.02313302321270807,-0.008431530244752898,-0.039768111103099996,-0.05816090055260583,-0.023487699131707573,-0.016179347188425074,0.006896750883670848,0.141236061144545,6.717,14760.0,2.0,152.0,0.0,6.0,3.0,0.0,1.0,5.0,1.0,10.0,6.0,1.6,1.0,0.0,0.0,20.0,78968.0,8286.099999999991,0.0,0,11.0,300.0,0
8462901,2024-12-05 01:23:43+00:00,1,,"[0, 0, 0, 0, 0, 1, 0, 1, 1, 0, 1, 1, 1, 1, 1, 1, 1, 1, 1]",23587.0,16317.0,0.15228743892692623,-0.6114337137678488,-0.054488959167710314,0.004753338369163321,-0.05738860713727523,0.17561735485816402,0.14385053025774988,-0.03231283449775203,-0.04317344340611509,0.0778669440877906,0.2659552272166623,-0.0069440649306055586,-0.026172253256940618,0.14199482941539582,0.28748156146469017,0.13611650753568505,0.06852539126647902,-0.3012493410357806,-0.08168565936984104,-0.008431530244752898,-0.009607996814591997,-0.05484988672575293,-0.023487699131707573,-0.016179347188425074,-0.053592719399028974,-0.018828211620055532,6.717,0.0,2.0,279.0,0.6842105263157894,3.0,0.0,0.0,0.0,42.0,1.0,10.0,7.0,0.9994491525423729,0.0,0.0,1.0,329.0,3408.0,4100.0,0.8315789473684211,0,0.0,156.0,61446
8438932,2024-12-03 05:37:18+00:00,1,,,45000.0,16317.0,0.15253864796049796,-0.6114337137678488,-0.054488959167710314,0.2259612567881653,0.11939328962621384,-0.07412946629464255,0.14385053025774988,-0.03231283449775203,-0.04317344340611509,0.0778669440877906,-0.06544171956609646,-0.09236929204096728,-0.026172253256940618,0.14199482941539582,-0.03481326916714037,0.13611650753568505,0.06852539126647902,0.09263075257175206,0.02313302321270807,-0.008431530244752898,-0.039768111103099996,-0.05816090055260583,-0.023487699131707573,-0.016179347188425074,0.2103895073799279,0.141236061144545,6.717,0.0,0.0,166.0,0.0,4.0,2.0,0.0,0.0,13.0,2.0,10.0,6.0,1.6,0.0,0.0,0.0,1.0,78968.0,6800.0,0.0,0,17.0,522.0,0
8421164,2024-12-03 23:21:54+00:00,1,,,14906.0,16317.0,0.15256569829444222,-0.6114337137678488,0.26094868650223196,0.004753338369163321,-0.06670879924340213,-0.07412946629464255,-0.14267212177429597,0.030500288512228284,-0.04317344340611509,0.0778669440877906,-0.07791647071836902,0.07090034106747711,-0.026172253256940618,0.021081495765742912,-0.03481326916714037,0.13611650753568505,0.06852539126647902,0.09263075257175206,0.02313302321270807,-0.008431530244752898,-0.009607996814591997,-0.05816090055260583,-0.023487699131707573,0.22505449144967976,0.04095250473658998,-0.018828211620055532,6.717,362.0,2.0,434.0,0.0,10.0,9.0,0.0,1.0,3.0,0.0,10.0,11.0,1.3643935926773456,0.0,0.0,0.0,1.0,78968.0,4304.0,0.0,0,73.0,356.0,73698
8438854,2024-12-03 05:24:19+00:00,1,"[1, 1, 1, 1]",,20273.0,497.0,0.15276556641772251,-0.6114337137678488,-0.054488959167710314,-0.1165395030712408,-0.05738860713727523,0.22755275636556374,-0.043774865933036713,-0.03231283449775203,0.1740873916033103,0.0778669440877906,-0.07791647071836902,0.07090034106747711,0.13238330771477913,-0.10985411191684905,0.28748156146469017,0.13611650753568505,0.06852539126647902,0.09263075257175206,0.02313302321270807,-0.008431530244752898,-0.039768111103099996,-0.05816090055260583,0.04284707524103316,-0.016179347188425074,-0.053592719399028974,-0.018828211620055532,6.717,0.0,3.0,242.0,1.0,8.0,0.0,1.0,0.0,6.0,0.0,1.0,15.0,0.9974415744157441,0.0,0.0,0.0,1.0,78968.0,6286.0,0.0,1,8.0,226.0,61430
8461654,2024-12-04 06:12:10+00:00,0,"[1, 1, 1, 1, 1]",,13369.0,604.0,0.15291313888772373,-0.6114337137678488,-0.054488959167710314,0.004753338369163321,-0.06670879924340213,0.22755275636556374,0.01584713069282676,-0.03231283449775203,0.1740873916033103,0.0778669440877906,-0.07791647071836902,0.07090034106747711,0.13238330771477913,0.08251752792097579,0.16413019796925432,-0.1482292857992833,0.06852539126647902,0.09263075257175206,-0.08168565936984104,-0.008431530244752898,0.04544625733308562,-0.05816090055260583,0.04284707524103316,-0.016179347188425074,-0.053592719399028974,-0.018828211620055532,6.717,0.0,2.0,351.0,1.0,5.0,1.0,1.0,0.0,7.0,0.0,1.0,8.0,1.0363565891472868,1.0,0.0,0.0,329.0,540.0,3000.0,0.0,1,16.0,114.0,94133
8438958,2024-12-03 05:41:19+00:00,1,"[1, 1, 1]","[0, 0, 0, 0, 0, 1, 1, 1, 1, 0, 1, 1, 0, 1, 1, 1, 1, 1, 0, 1, 1, 1, 1, 1, 1, 1, 1, 1, 1, 1, 1, 1, 1, 1, 1, 1, 1, 1, 1, 1, 1, 1, 1, 1, 1, 1, 1, 1, 1, 1, 1, 1, 1, 1, 1, 1, 1, 1]",26251.0,787.0,0.15298521867164575,-0.6114337137678488,-0.054488959167710314,0.004753338369163321,-0.05738860713727523,-0.07412946629464255,0.01584713069282676,-0.03231283449775203,0.1740873916033103,-0.048236128980226715,-0.07791647071836902,0.07090034106747711,0.13238330771477913,-0.15334582495827825,0.28748156146469017,0.13611650753568505,0.06852539126647902,-0.3012493410357806,0.02313302321270807,-0.008431530244752898,-0.009607996814591997,0.15904631144217646,-0.023487699131707573,-0.016179347188425074,0.2103895073799279,-0.018828211620055532,6.717,0.0,2.0,214.0,0.36871008939974453,5.0,1.0,1.0,3.0,5.0,0.0,1.0,18.0,1.02044703595724,0.0,0.0,1.0,1.0,704.0,4150.0,0.9666861484511982,0,25.0,440.0,83566
8471729,2024-12-08 02:53:17+00:00,1,,,25684.0,16317.0,0.15302439067022672,-0.6114337137678488,-0.054488959167710314,0.2259612567881653,-0.06670879924340213,-0.07412946629464255,0.14385053025774988,-0.03231283449775203,-0.04317344340611509,0.0778669440877906,-0.09921592132150975,-0.09236929204096728,-0.026172253256940618,0.25953741616204173,0.28748156146469017,0.13611650753568505,0.06852539126647902,0.09263075257175206,-0.08168565936984104,-0.008431530244752898,-0.039768111103099996,-0.05816090055260583,-0.023487699131707573,-0.016179347188425074,-0.053592719399028974,0.141236061144545,6.717,0.0,1.0,600.0,0.0,4.0,0.0,0.0,0.0,0.0,4.0,10.0,4.0,0.9825554705432288,0.0,0.0,0.0,329.0,78968.0,4500.0,0.0,0,0.0,14.0,12
8470297,2024-12-07 22:39:22+00:00,0,,,12459.0,16317.0,0.1530274973600122,-0.6114337137678488,-0.054488959167710314,0.2259612567881653,-0.06670879924340213,-0.07412946629464255,-0.16547143701628758,-0.03231283449775203,-0.04317344340611509,-0.048236128980226715,-0.09921592132150975,-0.09236929204096728,-0.026172253256940618,0.47334886807418025,0.16413019796925432,0.13611650753568505,-0.12296996338010098,0.09263075257175206,0.02313302321270807,0.12181209640599021,0.08965056778496559,-0.05816090055260583,0.04284707524103316,-0.016179347188425074,0.006896750883670848,-0.018828211620055532,6.717,0.0,1.0,600.0,0.0,162.0,0.0,0.0,3.0,0.0,99.0,10.0,1.0,1.1099331848552338,0.0,16.0,0.0,1.0,212.0,1700.0,0.0,1,0.0,309.0,60713
8471595,2024-12-08 02:28:33+00:00,1,,"[1, 1, 1, 1, 1, 1, 1, 1, 1, 1, 1, 1, 1, 1, 1, 1, 1, 1, 1, 1, 1, 1, 1, 1, 1, 1, 1, 1, 1, 1, 1, 1, 1, 1]",17396.0,16317.0,0.15304467116303827,-0.6114337137678488,-0.054488959167710314,0.2259612567881653,0.11939328962621384,0.22755275636556374,-0.16547143701628758,0.030500288512228284,-0.04317344340611509,0.0778669440877906,-0.06544171956609646,-0.09236929204096728,-0.026172253256940618,0.25953741616204173,-0.03481326916714037,0.13611650753568505,-0.12296996338010098,0.09263075257175206,0.02313302321270807,-0.008431530244752898,-0.009607996814591997,0.15904631144217646,-0.023487699131707573,0.05393564252282038,-0.053592719399028974,-0.0035377154089891926,6.717,0.0,1.0,168.0,1.0,162.0,7.0,0.0,0.0,13.0,99.0,10.0,4.0,1.2425714285714287,0.0,16.0,0.0,1.0,78968.0,3730.0,1.0,0,48.0,223.0,50621
8470202,2024-12-07 22:08:24+00:00,0,,,20115.0,16317.0,0.15316959267705355,-0.6114337137678488,-0.054488959167710314,0.2259612567881653,-0.06670879924340213,-0.07412946629464255,0.4194777125113977,-0.03231283449775203,-0.04317344340611509,0.0778669440877906,0.08779149858909129,0.07090034106747711,-0.026172253256940618,0.25953741616204173,-0.03481326916714037,0.13611650753568505,0.06852539126647902,0.09263075257175206,-0.08168565936984104,-0.008431530244752898,0.04544625733308562,-0.05816090055260583,0.04284707524103316,-0.016179347188425074,0.04095250473658998,-0.018828211620055532,6.717,0.0,1.0,353.0,0.0,1.0,1.0,0.0,0.0,27.0,0.0,10.0,4.0,1.164399421128799,0.0,0.0,0.0,329.0,738.0,2760.0,0.0,1,1.0,353.0,79849
8466407,2024-12-06 04:57:37+00:00,1,,"[1, 1, 1, 1, 1, 1, 1, 1, 1, 1, 1, 1, 1, 1, 1, 1, 1, 1, 1, 1, 1, 1]",15984.0,16317.0,0.1535268619140662,-0.6114337137678488,0.23990797722314114,-0.23295731524514138,0.41236787050388063,0.22755275636556374,-0.16547143701628758,0.030500288512228284,-0.04317344340611509,0.0778669440877906,-0.07791647071836902,-0.09236929204096728,0.13238330771477913,-0.46958011525157795,-0.03481326916714037,-0.1482292857992833,0.06852539126647902,-0.3012493410357806,0.02313302321270807,-0.008431530244752898,-0.009607996814591997,0.15904631144217646,0.04284707524103316,0.05393564252282038,0.13525803582801485,-0.018828211620055532,6.717,50.0,5.0,85.0,1.0,22.0,7.0,0.0,0.0,4.0,2.0,1.0,56.0,1.1603629764065335,1.0,0.0,1.0,1.0,78968.0,3451.0,1.0,1,37.0,379.0,77588
8461336,2024-12-04 04:52:42+00:00,1,,,17538.0,16317.0,0.15371048663036763,-0.6114337137678488,-0.054488959167710314,0.2259612567881653,-0.06670879924340213,-0.07412946629464255,0.4194777125113977,-0.03231283449775203,-0.04317344340611509,0.0778669440877906,0.47611841736311766,-0.0069440649306055586,-0.026172253256940618,0.20995636990242048,-0.03481326916714037,-0.1482292857992833,0.06852539126647902,0.09263075257175206,-0.08168565936984104,-0.008431530244752898,-0.009607996814591997,-0.05816090055260583,-0.023487699131707573,-0.016179347188425074,-0.053592719399028974,-0.03707202918461854,6.717,0.0,1.0,600.0,0.0,1.0,1.0,0.0,0.0,84.0,1.0,10.0,5.0,1.1500327868852458,1.0,0.0,0.0,329.0,1213.0,3776.0,0.0,0,0.0,123.0,104449
8437549,2024-12-03 00:46:47+00:00,1,,,14939.0,16317.0,0.1539485659541813,-0.6114337137678488,-0.054488959167710314,0.004753338369163321,0.11939328962621384,-0.07412946629464255,0.1880244731129659,-0.03231283449775203,-0.04317344340611509,-0.048236128980226715,0.2659552272166623,0.07090034106747711,-0.026172253256940618,0.14199482941539582,-0.03481326916714037,0.13611650753568505,0.06852539126647902,0.09263075257175206,0.02313302321270807,-0.008431530244752898,-0.039768111103099996,-0.05816090055260583,-0.023487699131707573,-0.016179347188425074,0.2103895073799279,-0.018828211620055532,6.717,0.0,2.0,168.0,0.0,2.0,3.0,0.0,3.0,66.0,0.0,10.0,6.0,1.1491538461538462,0.0,0.0,0.0,1.0,78968.0,5398.0,0.0,0,13.0,541.0,69993
8460469,2024-12-05 06:40:45+00:00,1,,"[0, 0, 0, 1, 1, 1, 1, 1, 1, 1, 1, 1, 1, 1, 1, 1, 1, 1, 1, 1, 1, 1, 1, 1, 1, 1, 1, 1, 1, 1, 1, 1, 1, 1, 1, 1, 1, 1, 1, 1, 1, 1, 1, 1, 1, 1, 1, 1, 1, 1, 1]",11320.0,16317.0,0.15403658002355933,-0.6114337137678488,-0.054488959167710314,-0.5083517388880758,-0.05738860713727523,-0.05564041606933876,-0.16547143701628758,-0.03231283449775203,-0.04317344340611509,-0.048236128980226715,0.2659552272166623,-0.09236929204096728,-0.026172253256940618,0.47334886807418025,0.28748156146469017,0.13611650753568505,-0.12296996338010098,0.09263075257175206,0.02313302321270807,0.12181209640599021,-0.009607996814591997,0.15904631144217646,-0.023487699131707573,-0.016179347188425074,0.006896750883670848,-0.018828211620055532,6.717,0.0,35.0,214.0,0.42647058823529416,162.0,1.0,0.0,3.0,52.0,99.0,8.0,0.0,0.8775193798449612,0.0,16.0,0.0,1.0,159.0,3500.0,0.995475113122172,0,7.0,292.0,94133
8460713,2024-12-04 02:26:48+00:00,1,"[1, 0, 1, 1, 1, 1, 1, 1]","[1, 1, 1, 1, 1, 1, 1, 1, 1, 1, 1, 1, 1, 1, 1, 1, 1, 1, 1, 1]",27115.0,369.0,0.1543643229624376,-0.6114337137678488,-0.054488959167710314,-0.1165395030712408,-0.05738860713727523,0.22755275636556374,-0.16547143701628758,-0.03231283449775203,-0.04317344340611509,0.0778669440877906,-0.07791647071836902,-0.0069440649306055586,-0.026172253256940618,-0.15334582495827825,0.28748156146469017,0.13611650753568505,0.06852539126647902,0.09263075257175206,0.02313302321270807,-0.008431530244752898,-0.009607996814591997,0.15904631144217646,0.04284707524103316,-0.016179347188425074,-0.053592719399028974,0.141236061144545,6.717,0.0,3.0,300.0,0.8143382352941176,24.0,1.0,0.875,0.0,10.0,1.0,9.0,17.0,0.771210785289684,0.0,0.0,0.0,1.0,78968.0,4000.0,1.0,1,34.0,269.0,15
8464737,2024-12-05 22:20:54+00:00,1,,,24389.0,16317.0,0.15477748263961608,-0.6114337137678488,-0.054488959167710314,0.2259612567881653,-0.06670879924340213,-0.07412946629464255,0.1880244731129659,-0.03231283449775203,-0.04317344340611509,0.0778669440877906,-0.07791647071836902,0.07090034106747711,-0.026172253256940618,0.14199482941539582,0.28748156146469017,-0.1482292857992833,0.06852539126647902,0.09263075257175206,0.02313302321270807,-0.008431530244752898,-0.039768111103099996,-0.05816090055260583,-0.023487699131707573,-0.016179347188425074,-0.053592719399028974,0.141236061144545,6.717,0.0,1.0,320.0,0.0,2.0,1.0,0.0,0.0,10.0,0.0,10.0,7.0,0.7724148851939826,1.0,0.0,0.0,1.0,78968.0,5401.0,0.0,0,1.0,12.0,7571
8468534,2024-12-07 02:49:50+00:00,1,"[1, 1, 1, 1, 1, 1]",,35000.0,867.0,0.15499715107166248,-0.6114337137678488,-0.054488959167710314,-0.1165395030712408,-0.05738860713727523,0.22755275636556374,0.01584713069282676,-0.03231283449775203,0.1740873916033103,0.0778669440877906,-0.07791647071836902,0.07090034106747711,0.13238330771477913,-0.10985411191684905,0.28748156146469017,0.13611650753568505,0.06852539126647902,0.09263075257175206,-0.08168565936984104,-0.008431530244752898,-0.039768111103099996,-0.05816090055260583,-0.023487699131707573,-0.016179347188425074,-0.053592719399028974,0.141236061144545,6.717,0.0,3.0,224.0,1.0,5.0,0.0,1.0,0.0,2.0,0.0,1.0,15.0,0.4464342657431855,0.0,0.0,0.0,329.0,2855.0,8286.099999999991,0.0,0,18.0,93.0,20
8464131,2024-12-05 06:15:51+00:00,1,"[1, 1, 1, 1, 1]",,17590.0,509.0,0.15511781408868291,-0.6114337137678488,-0.054488959167710314,-0.1165395030712408,-0.05738860713727523,0.22755275636556374,-0.14267212177429597,-0.03231283449775203,0.1740873916033103,0.0778669440877906,-0.07791647071836902,-0.0069440649306055586,0.13238330771477913,-0.15334582495827825,0.28748156146469017,0.13611650753568505,0.06852539126647902,0.09263075257175206,0.02313302321270807,-0.008431530244752898,-0.009607996814591997,-0.05816090055260583,-0.023487699131707573,-0.016179347188425074,-0.053592719399028974,0.008044419973869708,6.717,0.0,3.0,210.0,1.0,9.0,1.0,1.0,0.0,7.0,1.0,1.0,19.0,1.0197101449275363,0.0,0.0,0.0,1.0,78968.0,4000.0,0.0,0,22.0,22.0,28322
8460588,2024-12-04 23:16:15+00:00,1,,"[1, 1, 1, 1]",15355.0,16317.0,0.1554398445553219,-0.6114337137678488,-0.054488959167710314,0.2259612567881653,-0.05738860713727523,0.17561735485816402,0.01584713069282676,0.030500288512228284,-0.04317344340611509,0.0778669440877906,-0.07791647071836902,-0.0069440649306055586,-0.026172253256940618,0.021081495765742912,0.16413019796925432,-0.1482292857992833,0.06852539126647902,0.09263075257175206,0.02313302321270807,-0.008431530244752898,-0.039768111103099996,0.15904631144217646,-0.023487699131707573,-0.016179347188425074,-0.053592719399028974,0.008044419973869708,6.717,0.0,1.0,275.0,0.7456140350877194,5.0,9.0,0.0,1.0,10.0,1.0,10.0,9.0,1.1106690777576853,1.0,0.0,0.0,1.0,78968.0,6667.0,1.0,0,18.0,278.0,39952
8469612,2024-12-07 06:26:20+00:00,1,,,25988.0,16317.0,0.15561350396194076,-0.6114337137678488,0.23990797722314114,0.2259612567881653,0.41236787050388063,-0.07412946629464255,0.14385053025774988,-0.03231283449775203,-0.04317344340611509,0.0778669440877906,-0.07791647071836902,-0.09236929204096728,-0.026172253256940618,-0.10985411191684905,-0.03481326916714037,-0.1482292857992833,-0.12296996338010098,0.09263075257175206,-0.08168565936984104,-0.008431530244752898,-0.039768111103099996,-0.05816090055260583,-0.023487699131707573,-0.016179347188425074,0.13525803582801485,-0.018828211620055532,6.717,110.0,1.0,62.0,0.0,4.0,1.0,0.0,0.0,6.0,3.0,10.0,14.0,1.1653811659192825,1.0,1.0,0.0,329.0,78968.0,8286.099999999991,0.0,0,14.0,385.0,64500
8472780,2024-12-08 06:55:38+00:00,1,"[1, 1, 1, 1, 1, 1, 1, 1, 1, 1, 1, 1]","[1, 1, 1]",12150.0,614.0,0.15596226889120735,-0.6114337137678488,-0.054488959167710314,-0.5083517388880758,0.11939328962621384,0.22755275636556374,-0.16547143701628758,0.4065249203285951,0.1740873916033103,0.0778669440877906,-0.07791647071836902,-0.09236929204096728,-0.026172253256940618,-0.46958011525157795,0.16413019796925432,0.13611650753568505,-0.12296996338010098,-0.3012493410357806,0.02313302321270807,-0.008431530244752898,-0.009607996814591997,0.15904631144217646,-0.023487699131707573,-0.016179347188425074,0.13525803582801485,-0.018828211620055532,6.717,20.0,7.0,159.0,0.8624338624338624,51.0,15.0,1.0,1.0,3.0,3.0,10.0,60.0,1.0588235294117647,0.0,1.0,1.0,1.0,78968.0,4200.0,1.0,0,20.0,386.0,85533
8470860,2024-12-08 00:26:59+00:00,1,"[0, 0, 0, 0, 1, 0, 1, 0, 0, 0, 0, 0, 0, 0, 0, 0, 0, 0, 0, 0, 0, 0, 0, 0, 0, 0, 1, 0, 0, 0, 0, 0, 1, 1, 1, 1, 1]",,45000.0,443.0,0.15622487783716738,-0.6114337137678488,-0.054488959167710314,0.004753338369163321,0.11939328962621384,-0.07412946629464255,0.14385053025774988,-0.03231283449775203,-0.04317344340611509,-0.048236128980226715,0.2659552272166623,0.07090034106747711,-0.026172253256940618,0.25953741616204173,-0.03481326916714037,0.13611650753568505,0.06852539126647902,0.09263075257175206,0.02313302321270807,-0.008431530244752898,-0.039768111103099996,-0.05816090055260583,-0.023487699131707573,-0.016179347188425074,-0.053592719399028974,0.141236061144545,6.717,0.0,2.0,147.0,0.02702702702702703,3.0,1.0,0.21621621621621623,2.0,40.0,0.0,3.0,4.0,1.6,0.0,0.0,0.0,1.0,1434.0,4900.0,0.0,0,10.0,220.0,0
8471012,2024-12-08 01:27:34+00:00,1,,,24769.0,16317.0,0.15630365029291246,-0.6114337137678488,0.23990797722314114,0.2259612567881653,-0.06670879924340213,-0.07412946629464255,0.1880244731129659,-0.03231283449775203,-0.04317344340611509,0.0778669440877906,-0.06544171956609646,0.07090034106747711,-0.026172253256940618,0.14199482941539582,-0.03481326916714037,0.13611650753568505,0.06852539126647902,0.09263075257175206,0.02313302321270807,-0.008431530244752898,-0.039768111103099996,-0.05816090055260583,-0.023487699131707573,-0.016179347188425074,-0.053592719399028974,0.008044419973869708,6.717,49.0,1.0,341.0,0.0,2.0,1.0,0.0,0.0,20.0,0.0,10.0,6.0,1.3054179403394117,0.0,0.0,0.0,1.0,78968.0,5457.0,0.0,0,17.0,29.0,27194
8468768,2024-12-07 03:36:32+00:00,1,[],"[1, 1, 1, 1, 1, 1, 1, 1, 1, 1, 1, 1, 1, 1, 1, 1, 1, 1, 1, 1, 1]",23374.0,16317.0,0.15667000000163694,-0.6114337137678488,0.23990797722314114,-0.23295731524514138,-0.05738860713727523,-0.07412946629464255,-0.14267212177429597,0.4065249203285951,-0.04317344340611509,0.0778669440877906,-0.09921592132150975,-0.0069440649306055586,-0.026172253256940618,-0.2062583476798761,-0.03481326916714037,0.13611650753568505,0.06852539126647902,-0.3012493410357806,0.02313302321270807,-0.008431530244752898,-0.009607996814591997,0.15904631144217646,0.04284707524103316,0.05393564252282038,-0.053592719399028974,-0.018828211620055532,6.717,105.0,4.0,254.0,0.3502353444587078,12.0,15.0,0.0,0.0,1.0,1.0,2.0,21.0,1.2269816272965879,0.0,0.0,1.0,1.0,78968.0,3500.0,1.0,1,43.0,173.0,75043
8468760,2024-12-07 03:35:05+00:00,1,"[1, 1, 1, 1, 1, 1, 1]",,15846.0,547.0,0.1572131807343941,-0.6114337137678488,-0.054488959167710314,-0.1165395030712408,-0.06670879924340213,0.22755275636556374,0.14385053025774988,-0.03231283449775203,0.1740873916033103,0.0778669440877906,-0.07791647071836902,-0.0069440649306055586,0.13238330771477913,-0.10985411191684905,0.28748156146469017,-0.1482292857992833,0.06852539126647902,0.09263075257175206,0.02313302321270807,-0.008431530244752898,-0.009607996814591997,-0.05816090055260583,-0.023487699131707573,-0.016179347188425074,-0.053592719399028974,-0.03707202918461854,6.717,0.0,3.0,318.0,1.0,3.0,2.0,1.0,0.0,6.0,1.0,1.0,14.0,0.9469343850842596,1.0,0.0,0.0,1.0,78968.0,3600.0,0.0,0,22.0,25.0,102507
8437071,2024-12-02 22:25:21+00:00,0,"[1, 1, 1, 1, 1, 1, 1, 1, 1, 1, 1, 1, 1, 1, 1, 1, 1, 1, 1, 1, 1, 1, 1, 1, 0, 1, 1, 1, 0, 1, 1, 1, 0, 1, 1, 1, 1, 1, 1, 1, 1, 1, 1, 1, 0, 1, 1]","[0, 1, 1, 1, 1, 1, 1, 1, 1, 1, 1, 0, 0, 1, 1, 1, 1, 1, 1, 1, 1, 1, 1, 1, 1, 1, 1, 1, 1]",29698.0,475.0,0.15725229603270943,-0.6114337137678488,0.23990797722314114,0.2259612567881653,-0.05738860713727523,-0.07412946629464255,-0.16547143701628758,0.030500288512228284,-0.04317344340611509,0.0778669440877906,-0.07791647071836902,0.07090034106747711,0.13238330771477913,0.08251752792097579,-0.03481326916714037,-0.1482292857992833,0.06852539126647902,-0.3012493410357806,-0.08168565936984104,-0.008431530244752898,-0.039768111103099996,0.15904631144217646,0.04284707524103316,0.22505449144967976,0.015592503790590144,0.141236061144545,6.717,83.0,1.0,250.0,0.28319882611885544,20.0,7.0,0.9148936170212766,0.0,5.0,0.0,1.0,8.0,1.312096845453742,1.0,0.0,1.0,329.0,15816.0,7300.0,0.9402298850574713,1,60.0,316.0,12
8463476,2024-12-05 03:35:34+00:00,1,"[0, 1, 0, 1, 0, 1, 1]","[1, 1, 1, 1, 1, 1, 1, 1, 1, 1, 1, 1, 1, 1, 1, 1, 1, 1, 1, 1, 1, 1, 1, 1, 1, 1, 1, 1, 1, 1, 1, 1, 1, 1, 1, 1, 1, 1, 1, 1, 1, 1, 1, 1, 1, 1, 1, 1, 1, 1, 1, 1, 1, 1, 1, 1, 1, 1, 1, 1]",14176.0,663.0,0.1575801555322198,-0.6114337137678488,-0.054488959167710314,0.004753338369163321,-0.06670879924340213,-0.05564041606933876,-0.14267212177429597,0.4065249203285951,-0.04317344340611509,0.0778669440877906,-0.07791647071836902,-0.0069440649306055586,-0.026172253256940618,-0.2062583476798761,0.28748156146469017,-0.1482292857992833,-0.12296996338010098,0.09263075257175206,0.02313302321270807,-0.008431530244752898,-0.039768111103099996,0.15904631144217646,-0.023487699131707573,-0.016179347188425074,-0.053592719399028974,0.008044419973869708,6.717,0.0,2.0,376.0,0.5714285714285714,10.0,19.0,0.5714285714285714,0.0,4.0,1.0,2.0,23.0,0.7186818757921419,1.0,3.0,0.0,7.0,5108.0,5000.0,1.0,0,18.0,282.0,32980
8464998,2024-12-05 23:46:55+00:00,1,,"[1, 1, 1, 1, 1, 1, 1, 1, 1, 1, 1, 1, 1, 1, 1, 1, 1, 1, 1, 1, 1, 1, 1, 1, 1, 1, 1, 1, 1, 1, 1, 1, 1, 1, 1, 1, 1, 1, 1, 1, 1, 1, 1, 1, 1, 1, 1, 1, 1, 1, 1, 1, 1, 1, 1, 1, 1, 1, 1, 1, 1, 1]",45000.0,16317.0,0.15804439093398703,-0.6114337137678488,-0.054488959167710314,0.2259612567881653,-0.06670879924340213,0.22755275636556374,0.4194777125113977,-0.03231283449775203,-0.04317344340611509,-0.048236128980226715,-0.06544171956609646,0.07090034106747711,-0.026172253256940618,0.14199482941539582,-0.03481326916714037,0.13611650753568505,0.06852539126647902,0.09263075257175206,0.02313302321270807,-0.008431530244752898,-0.039768111103099996,0.15904631144217646,-0.023487699131707573,-0.016179347188425074,-0.053592719399028974,0.141236061144545,6.717,0.0,1.0,422.0,1.0,1.0,5.0,0.0,3.0,20.0,0.0,10.0,6.0,1.6,0.0,0.0,0.0,1.0,4359.0,5833.0,1.0,0,8.0,132.0,0
8471939,2024-12-08 03:33:42+00:00,1,,,11360.0,16317.0,0.15808226610198992,-0.6114337137678488,-0.054488959167710314,0.2259612567881653,-0.05738860713727523,-0.07412946629464255,0.01584713069282676,-0.03231283449775203,-0.04317344340611509,-0.4142474070967134,0.2659552272166623,-0.09236929204096728,-0.026172253256940618,0.47334886807418025,-0.03481326916714037,0.13611650753568505,0.06852539126647902,0.09263075257175206,0.02313302321270807,-0.008431530244752898,0.08965056778496559,-0.05816090055260583,0.04284707524103316,-0.016179347188425074,0.006896750883670848,-0.018828211620055532,6.717,0.0,1.0,300.0,0.0,5.0,1.0,0.0,5.0,61.0,3.0,10.0,2.0,1.3404129793510324,0.0,0.0,0.0,1.0,78968.0,2200.0,0.0,1,0.0,291.0,94830
8463711,2024-12-05 04:32:56+00:00,1,,"[0, 0, 0, 0, 0, 0, 0, 0, 0, 0, 0, 0, 0, 0, 0, 0, 0, 0, 0, 0, 0, 0, 0, 0, 1, 1, 1, 1, 1, 1, 1, 1, 1, 1, 1, 1, 1, 1, 1, 1, 1, 1, 1, 1, 1, 1, 1, 1, 1]",15902.0,16317.0,0.15815933665341161,-0.6114337137678488,-0.054488959167710314,-0.23295731524514138,-0.06670879924340213,-0.07412946629464255,0.1880244731129659,-0.03231283449775203,-0.04317344340611509,0.0778669440877906,0.08779149858909129,-0.0069440649306055586,-0.026172253256940618,0.20995636990242048,0.28748156146469017,0.13611650753568505,0.06852539126647902,0.09263075257175206,0.02313302321270807,-0.008431530244752898,-0.009607996814591997,-0.05484988672575293,-0.023487699131707573,-0.016179347188425074,-0.053592719399028974,0.008044419973869708,6.717,0.0,4.0,494.0,0.022399203583872575,2.0,1.0,0.0,0.0,28.0,1.0,8.0,5.0,0.7619549592716819,0.0,0.0,0.0,1.0,1102.0,3680.0,0.7551020408163265,0,0.0,281.0,26826
8460252,2024-12-04 00:38:22+00:00,1,"[1, 1]","[0, 1, 1, 0, 1, 1, 0, 1, 1, 1, 1, 1, 1, 1, 1, 1, 1, 1, 1, 1, 1, 1, 1, 1, 1, 1, 1, 1, 1, 1, 1, 1, 1, 1, 1]",28208.0,646.0,0.15823938853665523,-0.6114337137678488,-0.054488959167710314,0.004753338369163321,0.11939328962621384,-0.05564041606933876,0.14385053025774988,-0.03231283449775203,0.1740873916033103,0.0778669440877906,-0.07791647071836902,-0.0069440649306055586,-0.026172253256940618,-0.01066169917084148,-0.03481326916714037,0.13611650753568505,0.06852539126647902,0.09263075257175206,0.02313302321270807,-0.008431530244752898,-0.039768111103099996,0.15904631144217646,-0.023487699131707573,-0.016179347188425074,-0.053592719399028974,-0.018828211620055532,6.717,0.0,2.0,184.0,0.5142857142857142,3.0,0.0,1.0,0.0,5.0,1.0,2.0,13.0,1.3165927654609102,0.0,0.0,0.0,1.0,78968.0,5200.0,0.9809523809523809,0,7.0,39.0,70167
8469058,2024-12-07 04:31:04+00:00,1,,"[1, 1, 1, 1, 1, 1, 1, 1, 1, 1, 1, 1, 1, 1, 1, 1, 1, 1, 1, 1, 1, 1, 1, 1, 1, 1, 1, 1, 1, 1, 1, 1, 1, 1, 1, 1, 1, 1, 1, 1, 1, 1, 1, 1, 1, 1, 1, 1, 1, 1, 1, 1, 1, 1, 1, 1, 1, 1, 1, 1]",20647.0,16317.0,0.158555547559817,-0.6114337137678488,-0.054488959167710314,-0.23295731524514138,-0.05738860713727523,0.22755275636556374,-0.16547143701628758,-0.03231283449775203,-0.04317344340611509,0.0778669440877906,0.2659552272166623,0.07090034106747711,-0.026172253256940618,-0.2062583476798761,0.28748156146469017,-0.1482292857992833,0.06852539126647902,0.09263075257175206,0.02313302321270807,-0.008431530244752898,-0.039768111103099996,0.15904631144217646,-0.023487699131707573,-0.016179347188425074,0.015592503790590144,-0.018828211620055532,6.717,0.0,5.0,280.0,1.0,43.0,1.0,0.0,0.0,38.0,0.0,10.0,21.0,0.9597452703016781,1.0,0.0,0.0,1.0,2372.0,6100.0,1.0,0,0.0,348.0,74000
8465866,2024-12-06 03:04:06+00:00,1,"[1, 0, 0, 0, 0, 0, 0, 1, 1, 0, 0, 0, 0, 0, 0, 1, 1, 1, 0, 0, 1, 1, 1, 1, 1, 1, 1, 1, 1, 1, 1, 1, 1]",,10685.0,603.0,0.15893233759050188,-0.6114337137678488,-0.054488959167710314,0.004753338369163321,0.11939328962621384,-0.07412946629464255,-0.16547143701628758,-0.03231283449775203,-0.04317344340611509,0.0778669440877906,0.08779149858909129,0.07090034106747711,-0.026172253256940618,-0.01066169917084148,0.28748156146469017,0.13611650753568505,-0.12296996338010098,0.09263075257175206,-0.08168565936984104,-0.008431530244752898,-0.039768111103099996,-0.05816090055260583,-0.023487699131707573,-0.016179347188425074,0.2103895073799279,0.141236061144545,6.717,0.0,2.0,196.0,0.06060606060606061,18.0,5.0,0.5757575757575758,0.0,29.0,0.0,2.0,13.0,0.4423148569772737,0.0,1.0,0.0,329.0,6746.0,4500.0,0.0,0,7.0,459.0,19537
8436782,2024-12-02 05:49:25+00:00,1,,"[0, 0, 0, 0, 0, 0, 0, 0, 0, 0, 0, 0, 0, 0, 0, 0, 1, 1, 1, 1, 1, 1]",20126.0,16317.0,0.15928324144690637,-0.6114337137678488,-0.054488959167710314,0.2259612567881653,-0.06670879924340213,-0.07412946629464255,0.14385053025774988,0.030500288512228284,-0.04317344340611509,0.0778669440877906,-0.06544171956609646,0.07090034106747711,-0.026172253256940618,0.25953741616204173,0.16413019796925432,0.13611650753568505,0.06852539126647902,0.09263075257175206,-0.08168565936984104,-0.008431530244752898,-0.039768111103099996,-0.05816090055260583,0.04284707524103316,-0.016179347188425074,0.015592503790590144,-0.0035377154089891926,6.717,0.0,1.0,447.0,0.03588516746411483,4.0,7.0,0.0,0.0,18.0,0.0,9.0,4.0,1.0604352178723853,0.0,0.0,0.0,329.0,17384.0,4857.0,0.4624505928853755,1,0.0,350.0,56640
8470270,2024-12-07 22:33:45+00:00,1,[1],"[0, 0, 0, 0, 0, 0, 0, 0, 0, 0, 0, 0, 0, 0, 0, 0, 0, 0, 0, 0, 0, 0, 0, 0, 1, 1, 1, 1, 1, 1, 1]",25295.0,413.0,0.15943886997460222,-0.6114337137678488,-0.054488959167710314,-0.1165395030712408,-0.06670879924340213,0.17561735485816402,-0.16547143701628758,-0.03231283449775203,0.1740873916033103,-0.048236128980226715,-0.07791647071836902,0.07090034106747711,-0.026172253256940618,-0.10985411191684905,0.28748156146469017,-0.1482292857992833,0.06852539126647902,0.09263075257175206,0.02313302321270807,-0.008431530244752898,-0.039768111103099996,-0.05816090055260583,-0.023487699131707573,-0.016179347188425074,0.13525803582801485,0.141236061144545,6.717,0.0,3.0,324.0,0.6015885504477164,19.0,0.0,1.0,2.0,3.0,0.0,10.0,15.0,1.0118,1.0,0.0,0.0,1.0,78968.0,4587.0,0.3951612903225806,0,0.0,382.0,12
8465448,2024-12-06 01:25:15+00:00,1,,"[0, 0, 0, 0, 0, 1, 1, 1, 1, 1, 1, 1, 1, 1, 1, 1, 1, 1]",21096.0,16317.0,0.1598570994107834,-0.6114337137678488,0.23990797722314114,0.2259612567881653,0.41236787050388063,-0.07412946629464255,-0.16547143701628758,-0.03231283449775203,-0.04317344340611509,0.0778669440877906,-0.07791647071836902,-0.09236929204096728,-0.026172253256940618,0.021081495765742912,-0.03481326916714037,-0.1482292857992833,-0.12296996338010098,0.09263075257175206,0.02313302321270807,-0.008431530244752898,-0.039768111103099996,-0.05484988672575293,-0.023487699131707573,-0.016179347188425074,-0.053592719399028974,-0.018828211620055532,6.717,115.0,1.0,126.0,0.05555555555555555,162.0,2.0,0.0,0.0,2.0,99.0,10.0,10.0,1.331397917324077,1.0,16.0,0.0,1.0,78968.0,5176.0,0.9122807017543859,0,24.0,136.0,72173
8471102,2024-12-08 01:09:15+00:00,1,"[0, 0, 0, 0, 0, 1, 0, 0, 0, 0, 0, 0, 0, 1, 1, 1, 0, 0, 0, 1, 0, 1, 1, 0, 0, 0, 0, 1, 0, 1, 1, 1, 0, 0, 1, 1, 1, 1, 1, 1, 0, 1, 1, 1, 1, 1, 1, 1, 1, 1, 1, 1, 1, 1, 1, 1, 1, 1]","[1, 1, 1, 1, 1, 1, 1, 1, 1, 1, 1, 1, 1, 1, 1, 1, 1, 1, 1, 1, 1, 1, 1, 1]",23664.0,456.0,0.1599117268628695,-0.6114337137678488,-0.054488959167710314,0.004753338369163321,0.11939328962621384,-0.05564041606933876,-0.043774865933036713,-0.03231283449775203,-0.04317344340611509,0.0778669440877906,-0.06544171956609646,-0.09236929204096728,-0.026172253256940618,-0.15334582495827825,0.28748156146469017,-0.1482292857992833,-0.12296996338010098,0.09263075257175206,0.02313302321270807,-0.008431530244752898,-0.039768111103099996,0.15904631144217646,-0.023487699131707573,-0.016179347188425074,0.2103895073799279,0.141236061144545,6.717,0.0,2.0,194.0,0.5086206896551724,7.0,4.0,0.5862068965517241,0.0,15.0,3.0,3.0,18.0,0.8793103448275862,1.0,1.0,0.0,1.0,5848.0,4588.0,1.0,0,13.0,459.0,4082
8422012,2024-12-06 00:22:22+00:00,1,"[1, 1, 1, 1, 0, 0, 0, 1, 1, 0, 1, 0, 0, 1, 1, 1, 0, 1, 1, 1, 1, 1, 1]","[1, 1, 1, 1, 1, 1, 1, 1, 1, 1, 1, 1, 1, 1, 1, 1, 1, 1, 1, 1, 1, 1, 1]",26259.0,200.0,0.15993700382145928,-0.6114337137678488,-0.054488959167710314,0.004753338369163321,-0.05738860713727523,0.17561735485816402,0.4194777125113977,-0.03231283449775203,-0.04317344340611509,0.0778669440877906,0.035324081286162975,0.07090034106747711,-0.026172253256940618,0.20995636990242048,-0.03481326916714037,0.13611650753568505,0.06852539126647902,0.09263075257175206,-0.08168565936984104,0.12181209640599021,-0.039768111103099996,0.15904631144217646,0.04284707524103316,-0.016179347188425074,-0.053592719399028974,-0.03707202918461854,6.717,0.0,2.0,253.0,0.6086956521739131,1.0,1.0,0.6956521739130435,0.0,24.0,0.0,3.0,5.0,1.1779033777418921,0.0,0.0,0.0,329.0,117.0,5931.0,1.0,1,6.0,152.0,109901
8460350,2024-12-04 00:57:14+00:00,1,"[1, 1, 1, 1, 1, 1]","[1, 1, 1, 1, 1, 1, 1, 1, 1]",45470.0,539.0,0.15995929192998515,-0.6114337137678488,-0.054488959167710314,-0.1165395030712408,0.41236787050388063,0.22755275636556374,-0.16547143701628758,-0.03231283449775203,0.1740873916033103,0.0778669440877906,-0.07791647071836902,0.07090034106747711,0.13238330771477913,-0.46958011525157795,-0.03481326916714037,-0.1482292857992833,0.06852539126647902,0.09263075257175206,0.02313302321270807,-0.008431530244752898,-0.039768111103099996,0.15904631144217646,-0.023487699131707573,-0.016179347188425074,-0.053592719399028974,0.141236061144545,6.717,0.0,3.0,117.0,1.0,14.0,0.0,1.0,0.0,8.0,0.0,1.0,34.0,1.1500910562525293,1.0,0.0,0.0,1.0,16457.0,5000.0,1.0,0,29.0,266.0,12
8468578,2024-12-07 03:00:26+00:00,1,"[1, 1, 1, 1, 1]","[1, 1, 1, 1]",12228.0,771.0,0.16001002644224888,-0.6114337137678488,0.23990797722314114,-0.5083517388880758,0.11939328962621384,0.17561735485816402,-0.14267212177429597,0.030500288512228284,0.1740873916033103,-0.048236128980226715,-0.07791647071836902,-0.09236929204096728,-0.026172253256940618,-0.15334582495827825,0.28748156146469017,-0.1482292857992833,-0.12296996338010098,-0.3012493410357806,0.02313302321270807,-0.008431530244752898,-0.039768111103099996,0.15904631144217646,0.04284707524103316,0.05393564252282038,-0.053592719399028974,-0.018828211620055532,6.717,99.0,7.0,140.0,0.6710526315789473,12.0,7.0,1.0,3.0,5.0,2.0,5.0,18.0,0.8152,1.0,1.0,1.0,1.0,2221.0,6400.0,1.0,1,42.0,241.0,64143
8468271,2024-12-07 01:56:07+00:00,1,"[0, 0, 0, 0, 1, 1, 1, 1, 0, 1, 0, 0, 1, 0, 0, 0, 1, 1, 0, 0, 0, 0, 0, 0, 1, 1, 1, 1, 1, 1, 1, 1, 1, 1, 1, 1, 1]","[1, 1, 1, 1, 1, 1, 1, 1, 1, 1, 1, 1, 1, 1, 1, 1, 1, 1, 1, 1, 1, 1, 1, 1, 1, 1, 1, 1, 1, 1, 1, 1, 1, 1, 1, 1, 1, 1, 1, 1, 1]",28084.0,16317.0,0.16008477477568506,-0.6114337137678488,0.26094868650223196,0.004753338369163321,-0.05738860713727523,0.17561735485816402,-0.043774865933036713,0.030500288512228284,-0.04317344340611509,-0.4142474070967134,0.08779149858909129,0.07090034106747711,-0.026172253256940618,0.021081495765742912,0.28748156146469017,-0.1482292857992833,0.06852539126647902,-0.3012493410357806,-0.08168565936984104,-0.008431530244752898,-0.009607996814591997,0.15904631144217646,-0.023487699131707573,-0.016179347188425074,-0.053592719399028974,0.008044419973869708,6.717,27828.0,2.0,292.0,0.6756756756756758,7.0,11.0,0.5675675675675675,5.0,30.0,0.0,10.0,11.0,0.5096914700544465,1.0,0.0,1.0,329.0,78968.0,4264.0,1.0,0,8.0,256.0,28702
8464733,2024-12-07 04:51:01+00:00,1,,,22570.0,16317.0,0.16035162256110344,-0.6114337137678488,-0.054488959167710314,0.2259612567881653,-0.06670879924340213,-0.07412946629464255,0.4194777125113977,-0.03231283449775203,-0.04317344340611509,0.0778669440877906,-0.06544171956609646,-0.0069440649306055586,-0.026172253256940618,0.20995636990242048,0.16413019796925432,0.13611650753568505,0.06852539126647902,0.09263075257175206,0.02313302321270807,-0.008431530244752898,-0.039768111103099996,-0.05816090055260583,-0.023487699131707573,-0.016179347188425074,-0.053592719399028974,-0.018828211620055532,6.717,0.0,1.0,364.0,0.0,1.0,5.0,0.0,0.0,14.0,1.0,10.0,5.0,1.0388952819332566,0.0,0.0,0.0,1.0,78968.0,6287.0,0.0,0,18.0,205.0,58352
8439151,2024-12-03 06:21:10+00:00,0,,,27345.0,16317.0,0.1604245408491853,-0.6114337137678488,-0.054488959167710314,0.2259612567881653,0.41236787050388063,-0.07412946629464255,0.01584713069282676,-0.03231283449775203,-0.04317344340611509,0.0778669440877906,-0.06544171956609646,0.07090034106747711,-0.026172253256940618,0.08251752792097579,-0.03481326916714037,-0.1482292857992833,-0.12296996338010098,0.09263075257175206,-0.08168565936984104,-0.008431530244752898,0.04544625733308562,-0.05816090055260583,0.04284707524103316,-0.016179347188425074,0.2103895073799279,-0.018828211620055532,6.717,0.0,1.0,119.0,0.0,5.0,1.0,0.0,0.0,18.0,0.0,10.0,8.0,1.594460641399417,1.0,1.0,0.0,329.0,405.0,2700.0,0.0,1,22.0,459.0,60581
8462202,2024-12-04 21:59:51+00:00,1,"[1, 1, 1, 1, 1, 1, 1, 1, 1, 1, 1, 1, 1, 1, 1, 1, 1, 1, 1]","[0, 0, 0, 0, 0, 0, 0, 0, 0, 0, 0, 0, 0, 0, 0, 0, 0, 0, 0, 1, 1, 1, 1, 1, 1, 1, 1, 1, 1, 1, 1, 1, 1]",773.0,389.0,0.1604775518048837,-0.6114337137678488,-0.054488959167710314,-0.23295731524514138,0.11939328962621384,-0.05564041606933876,-0.14267212177429597,-0.03231283449775203,0.1740873916033103,0.0778669440877906,-0.07791647071836902,-0.09236929204096728,0.13238330771477913,-0.15334582495827825,0.28748156146469017,-0.1482292857992833,0.06852539126647902,0.09263075257175206,0.02313302321270807,-0.008431530244752898,-0.009607996814591997,-0.05816090055260583,-0.023487699131707573,-0.016179347188425074,-0.053592719399028974,0.141236061144545,6.717,0.0,4.0,202.0,0.5811051693404634,13.0,3.0,1.0,0.0,7.0,2.0,1.0,17.0,0.027484444444444443,1.0,0.0,0.0,9.0,714.0,4333.0,0.661319073083779,0,17.0,181.0,0
8437176,2024-12-02 23:05:19+00:00,1,,"[0, 0, 0, 0, 0, 0, 0, 0, 0, 0, 0, 0, 0, 0, 0, 0, 1, 1]",9258.0,16317.0,0.16050099439729695,-0.6114337137678488,-0.054488959167710314,0.004753338369163321,-0.05738860713727523,-0.07412946629464255,0.1880244731129659,-0.03231283449775203,-0.04317344340611509,0.0778669440877906,-0.06544171956609646,0.07090034106747711,-0.026172253256940618,0.25953741616204173,0.28748156146469017,0.13611650753568505,0.06852539126647902,0.09263075257175206,0.02313302321270807,-0.008431530244752898,-0.039768111103099996,-0.05816090055260583,-0.023487699131707573,-0.016179347188425074,-0.053592719399028974,-0.018828211620055532,6.717,0.0,2.0,298.0,0.043402777777777776,2.0,0.0,0.0,0.0,19.0,0.0,9.0,4.0,0.7176744186046512,0.0,0.0,0.0,1.0,1176.0,6300.0,0.2046783625730994,0,7.0,219.0,62253
8438924,2024-12-03 05:35:42+00:00,1,"[0, 1, 1, 1, 1, 0, 0, 1, 1, 1]","[0, 1, 1, 0, 1, 1, 0, 1, 0, 0, 1, 1]",23551.0,16317.0,0.1607998915994711,-0.6114337137678488,-0.054488959167710314,0.2259612567881653,0.11939328962621384,0.17561735485816402,-0.14267212177429597,-0.03231283449775203,-0.04317344340611509,0.0778669440877906,-0.06544171956609646,-0.0069440649306055586,-0.026172253256940618,0.25953741616204173,-0.03481326916714037,0.13611650753568505,0.06852539126647902,0.09263075257175206,0.02313302321270807,-0.008431530244752898,-0.039768111103099996,-0.05816090055260583,-0.023487699131707573,0.05393564252282038,0.015592503790590144,-0.0035377154089891926,6.717,0.0,0.0,148.0,0.6697916666666667,11.0,3.0,0.7,0.0,16.0,1.0,2.0,4.0,1.2477350993377483,0.0,0.0,0.0,10.0,16633.0,4697.0,0.6025641025641025,0,50.0,351.0,55200
8471349,2024-12-08 01:46:02+00:00,1,"[1, 1, 1, 1, 1, 1, 1, 1, 1, 1]","[1, 1, 1, 1, 1, 1, 1, 1, 1, 1, 1, 1, 1, 1, 1, 1, 1, 1, 1, 1, 1, 1, 1, 1, 1]",26682.0,697.0,0.1609154689905825,-0.6114337137678488,0.23990797722314114,-0.23295731524514138,0.11939328962621384,-0.05564041606933876,-0.14267212177429597,-0.03231283449775203,0.1740873916033103,-0.048236128980226715,-0.06544171956609646,0.07090034106747711,-0.026172253256940618,-0.3292197513569699,-0.03481326916714037,-0.1482292857992833,0.06852539126647902,0.09263075257175206,-0.08168565936984104,-0.008431530244752898,-0.039768111103099996,0.15904631144217646,-0.023487699131707573,0.22505449144967976,0.015592503790590144,0.141236061144545,6.717,61.0,5.0,138.0,0.5839285714285715,10.0,2.0,1.0,3.0,12.0,0.0,2.0,29.0,1.1607935264943878,1.0,0.0,0.0,329.0,359.0,8286.099999999991,1.0,0,63.0,332.0,11766
8461677,2024-12-04 06:18:36+00:00,1,"[1, 1, 1, 1, 1, 1, 1, 1, 1, 1, 1, 1, 1, 1, 1, 1, 1, 1, 1, 1, 1, 1, 1, 1, 1, 1, 1, 1, 1, 1, 1, 1, 1, 1, 1, 1, 1, 1, 1, 1, 1]",,24119.0,644.0,0.16091899920226707,-0.6114337137678488,-0.054488959167710314,0.2259612567881653,0.11939328962621384,-0.05564041606933876,0.01584713069282676,-0.03231283449775203,0.1740873916033103,0.0778669440877906,0.035324081286162975,-0.09236929204096728,-0.026172253256940618,0.021081495765742912,0.16413019796925432,-0.1482292857992833,-0.12296996338010098,0.09263075257175206,-0.08168565936984104,-0.008431530244752898,-0.009607996814591997,-0.05816090055260583,-0.023487699131707573,-0.016179347188425074,-0.053592719399028974,0.008044419973869708,6.717,0.0,1.0,178.0,0.5166666666666667,6.0,1.0,1.0,0.0,25.0,2.0,3.0,10.0,1.0593376669009136,1.0,1.0,0.0,329.0,699.0,3800.0,0.0,0,25.0,79.0,29081
8460713,2024-12-04 02:26:48+00:00,0,"[1, 0, 1, 1, 1, 1, 1, 1]","[1, 1, 1, 1, 1, 1, 1, 1, 1, 1, 1, 1, 1, 1, 1, 1, 1, 1, 1, 1]",27115.0,369.0,0.16111283937846133,-0.6114337137678488,-0.054488959167710314,-0.23295731524514138,-0.05738860713727523,0.17561735485816402,-0.16547143701628758,-0.03231283449775203,-0.04317344340611509,-0.048236128980226715,-0.07791647071836902,-0.09236929204096728,-0.026172253256940618,-0.2062583476798761,0.28748156146469017,0.13611650753568505,0.06852539126647902,0.09263075257175206,0.02313302321270807,-0.008431530244752898,0.04544625733308562,0.15904631144217646,0.04284707524103316,-0.016179347188425074,0.04095250473658998,0.141236061144545,6.717,0.0,4.0,293.0,0.6125,19.0,0.0,0.875,3.0,10.0,4.0,9.0,23.0,0.771210785289684,0.0,0.0,0.0,1.0,5391.0,3000.0,1.0,1,18.0,358.0,15
8463208,2024-12-05 02:35:22+00:00,1,,,19542.0,16317.0,0.16120023632478495,-0.6114337137678488,-0.054488959167710314,0.2259612567881653,-0.06670879924340213,-0.07412946629464255,0.14385053025774988,-0.03231283449775203,-0.04317344340611509,0.0778669440877906,-0.06544171956609646,-0.09236929204096728,-0.026172253256940618,0.27517336419933297,0.16413019796925432,0.13611650753568505,0.06852539126647902,0.09263075257175206,0.02313302321270807,-0.008431530244752898,-0.009607996814591997,-0.05816090055260583,-0.023487699131707573,-0.016179347188425074,-0.053592719399028974,-0.03707202918461854,6.717,0.0,1.0,376.0,0.0,3.0,0.0,0.0,0.0,15.0,2.0,10.0,3.0,1.1119203413940255,0.0,0.0,0.0,24.0,78968.0,4000.0,0.0,0,0.0,92.0,105249
8466993,2024-12-06 07:38:31+00:00,1,"[1, 1, 1, 1, 1, 1, 1, 1, 1, 1, 1, 1, 1, 1, 1, 1, 1, 1, 1, 1, 1, 1, 1, 1, 1, 1, 1, 1, 1, 1, 1, 1, 1, 1, 1, 1, 1, 1]","[1, 1, 1, 1, 1, 1, 1, 1, 1, 1, 1, 1, 1, 1, 1, 1, 1, 1, 1, 1, 1, 1, 1, 1, 1, 1, 1, 1, 1, 1, 1, 1, 1, 1, 1, 1, 1, 1, 1, 1, 1, 1, 1, 1, 1, 1, 1, 1, 1, 1, 1, 1, 1]",22757.0,491.0,0.16120589467584392,-0.6114337137678488,-0.054488959167710314,0.004753338369163321,0.11939328962621384,-0.05564041606933876,-0.14267212177429597,-0.03231283449775203,0.1740873916033103,-0.4142474070967134,-0.07791647071836902,-0.09236929204096728,0.13238330771477913,0.20995636990242048,0.16413019796925432,0.13611650753568505,0.06852539126647902,0.09263075257175206,-0.08168565936984104,-0.008431530244752898,-0.009607996814591997,0.15904631144217646,-0.023487699131707573,-0.016179347188425074,-0.053592719399028974,0.141236061144545,6.717,0.0,2.0,192.0,0.6001697792869269,12.0,2.0,1.0,4.0,8.0,2.0,1.0,5.0,1.1224167694204685,0.0,0.0,0.0,329.0,2662.0,4200.0,1.0,0,14.0,161.0,4143
8439451,2024-12-03 07:34:40+00:00,1,"[1, 1, 1, 1, 1, 1, 1, 1, 1, 0, 1, 1, 1, 0, 1, 1, 1, 0, 1, 0, 0, 1, 0, 1, 0, 0, 0, 1, 1, 1, 1, 1, 0, 1, 1, 1, 1, 1, 1, 1]",,18030.0,300.0,0.16136741720707004,-0.6114337137678488,-0.054488959167710314,0.004753338369163321,0.41236787050388063,-0.07412946629464255,-0.16547143701628758,-0.03231283449775203,-0.04317344340611509,-0.4142474070967134,-0.07791647071836902,-0.09236929204096728,-0.026172253256940618,0.021081495765742912,0.28748156146469017,0.13611650753568505,0.06852539126647902,0.09263075257175206,0.02313302321270807,-0.008431530244752898,-0.009607996814591997,-0.05816090055260583,-0.023487699131707573,-0.016179347188425074,-0.053592719399028974,0.141236061144545,6.717,0.0,2.0,64.0,0.25,21.0,2.0,0.75,4.0,4.0,4.0,2.0,9.0,0.7468312484466905,0.0,0.0,0.0,1.0,831.0,4087.0,0.0,0,13.0,112.0,3
8469716,2024-12-07 06:53:19+00:00,1,,"[0, 0, 0, 0, 0, 0, 0, 0, 0, 0, 0, 0, 0, 0, 0, 0, 0, 0, 0, 0, 0, 0, 0, 0, 0, 0, 0, 0, 0, 0, 0, 0, 0, 0, 1, 1, 0, 1, 1, 1, 1, 1, 1, 1, 1, 1, 1, 1]",18310.0,16317.0,0.16166041176075496,-0.6114337137678488,-0.054488959167710314,0.2259612567881653,-0.05738860713727523,-0.07412946629464255,-0.14267212177429597,-0.03231283449775203,-0.04317344340611509,0.0778669440877906,0.2659552272166623,0.07090034106747711,-0.026172253256940618,0.47334886807418025,0.16413019796925432,0.13611650753568505,0.06852539126647902,-0.3012493410357806,-0.08168565936984104,-0.008431530244752898,-0.039768111103099996,-0.05816090055260583,-0.023487699131707573,-0.016179347188425074,-0.053592719399028974,-0.0035377154089891926,6.717,0.0,1.0,243.0,0.01903735632183908,9.0,4.0,0.0,0.0,41.0,0.0,9.0,2.0,1.09778763714851,0.0,0.0,1.0,329.0,6726.0,8286.099999999991,0.46258503401360546,0,5.0,179.0,52889
8460857,2024-12-04 05:34:35+00:00,1,,"[1, 1]",35000.0,16317.0,0.1618003715523173,-0.6114337137678488,-0.054488959167710314,0.2259612567881653,-0.06670879924340213,0.22755275636556374,-0.16547143701628758,-0.03231283449775203,-0.04317344340611509,0.0778669440877906,-0.06544171956609646,-0.0069440649306055586,-0.026172253256940618,0.14199482941539582,0.16413019796925432,0.13611650753568505,-0.12296996338010098,0.09263075257175206,0.02313302321270807,-0.008431530244752898,-0.039768111103099996,0.15904631144217646,-0.023487699131707573,-0.016179347188425074,-0.053592719399028974,0.141236061144545,6.717,0.0,1.0,409.0,1.0,20.0,1.0,0.0,0.0,12.0,1.0,10.0,6.0,1.0471204188481675,0.0,1.0,0.0,1.0,1745.0,7471.0,1.0,0,3.0,259.0,3844
8470712,2024-12-08 00:02:16+00:00,1,"[1, 1, 1, 1, 1, 1, 1, 1, 1, 1, 1, 1]","[0, 0, 0, 0, 0, 0, 0, 0, 0, 0, 0, 0, 0, 0, 0, 0, 0, 0, 0]",19422.0,537.0,0.16201699670231426,-0.6114337137678488,-0.054488959167710314,-0.1165395030712408,0.41236787050388063,-0.07412946629464255,-0.16547143701628758,-0.03231283449775203,0.1740873916033103,0.0778669440877906,-0.06544171956609646,0.07090034106747711,0.13238330771477913,-0.15334582495827825,-0.03481326916714037,-0.1482292857992833,0.06852539126647902,0.09263075257175206,0.02313302321270807,-0.008431530244752898,-0.009607996814591997,-0.05816090055260583,-0.023487699131707573,-0.016179347188425074,0.13525803582801485,-0.0035377154089891926,6.717,0.0,3.0,106.0,0.35494223363286265,14.0,5.0,1.0,1.0,15.0,0.0,1.0,17.0,1.263219512195122,1.0,0.0,0.0,1.0,1110.0,4200.0,0.0,0,11.0,412.0,53375
8470294,2024-12-07 22:38:33+00:00,1,,"[1, 1, 1, 1, 1, 1, 1, 1, 1, 1, 1, 1, 1, 1, 1, 1, 1, 1, 1, 1, 1, 1, 1, 1, 1, 1, 1, 1, 1, 1, 1, 1, 1, 1, 1, 1, 1, 1, 1, 1]",45000.0,16317.0,0.162029140952984,-0.6114337137678488,-0.054488959167710314,0.004753338369163321,-0.06670879924340213,0.22755275636556374,0.4194777125113977,-0.03231283449775203,-0.04317344340611509,0.0778669440877906,-0.07791647071836902,0.07090034106747711,-0.026172253256940618,0.25953741616204173,-0.03481326916714037,-0.1482292857992833,0.06852539126647902,0.09263075257175206,0.02313302321270807,-0.008431530244752898,-0.039768111103099996,0.15904631144217646,-0.023487699131707573,-0.016179347188425074,0.015592503790590144,0.141236061144545,6.717,0.0,2.0,346.0,0.9922480620155039,1.0,5.0,0.0,0.0,7.0,0.0,10.0,4.0,1.6,1.0,0.0,0.0,1.0,336.0,5417.0,1.0,0,29.0,312.0,0
8438258,2024-12-03 03:25:08+00:00,1,"[1, 1, 1, 1, 1, 1, 1, 1, 1]","[1, 1, 1, 1, 1, 1, 1, 1, 1]",20704.0,488.0,0.16215344765933998,-0.6114337137678488,-0.054488959167710314,-0.1165395030712408,-0.05738860713727523,0.17561735485816402,0.14385053025774988,-0.03231283449775203,0.1740873916033103,0.0778669440877906,-0.06544171956609646,0.07090034106747711,-0.026172253256940618,0.021081495765742912,-0.03481326916714037,0.13611650753568505,0.06852539126647902,0.09263075257175206,0.02313302321270807,-0.008431530244752898,-0.009607996814591997,0.15904631144217646,-0.023487699131707573,-0.016179347188425074,-0.053592719399028974,0.008044419973869708,6.717,0.0,3.0,218.0,0.6712962962962963,4.0,3.0,1.0,0.0,12.0,0.0,9.0,9.0,1.3400647249190938,0.0,0.0,0.0,1.0,723.0,4000.0,1.0,0,24.0,204.0,45076
8436698,2024-12-02 22:38:10+00:00,1,[],,40517.0,644.0,0.16221932994651692,-0.6114337137678488,0.23990797722314114,-0.23295731524514138,-0.05738860713727523,-0.07412946629464255,-0.043774865933036713,-0.03231283449775203,-0.04317344340611509,0.0778669440877906,-0.07791647071836902,0.07090034106747711,-0.026172253256940618,-0.2062583476798761,-0.03481326916714037,0.13611650753568505,0.06852539126647902,0.09263075257175206,0.02313302321270807,-0.008431530244752898,0.08965056778496559,-0.05816090055260583,0.04284707524103316,0.22505449144967976,-0.053592719399028974,0.141236061144545,6.717,74.0,4.0,218.0,0.3333333333333333,7.0,4.0,0.0,0.0,2.0,0.0,2.0,21.0,1.259543645859239,0.0,0.0,0.0,1.0,78968.0,0.0,0.0,1,52.0,266.0,12
8436655,2024-12-02 02:58:34+00:00,1,,"[1, 1, 1, 1, 1, 1, 0, 0, 0, 0, 1, 1, 1, 1, 0, 0, 1, 1, 1, 0, 0, 1, 1, 1]",19868.0,16317.0,0.16235618590831294,-0.6114337137678488,-0.054488959167710314,0.2259612567881653,-0.05738860713727523,-0.07412946629464255,0.1880244731129659,-0.03231283449775203,-0.04317344340611509,0.0778669440877906,-0.06544171956609646,-0.0069440649306055586,-0.026172253256940618,0.27517336419933297,0.28748156146469017,0.13611650753568505,0.06852539126647902,-0.3012493410357806,0.02313302321270807,-0.008431530244752898,-0.009607996814591997,-0.05816090055260583,-0.023487699131707573,-0.016179347188425074,-0.053592719399028974,-0.03707202918461854,6.717,0.0,1.0,277.0,0.2916666666666667,2.0,3.0,0.0,0.0,20.0,1.0,10.0,3.0,0.9835643564356435,0.0,0.0,1.0,1.0,78968.0,4100.0,0.6466666666666666,0,0.0,112.0,133700
8471257,2024-12-08 01:32:06+00:00,0,,,45000.0,16317.0,0.16261342826805006,-0.6114337137678488,-0.054488959167710314,0.2259612567881653,-0.06670879924340213,-0.07412946629464255,0.4194777125113977,-0.03231283449775203,-0.04317344340611509,0.0778669440877906,-0.09921592132150975,0.07090034106747711,-0.026172253256940618,0.14199482941539582,-0.03481326916714037,-0.1482292857992833,0.06852539126647902,0.09263075257175206,-0.08168565936984104,-0.008431530244752898,0.08965056778496559,-0.05816090055260583,0.04284707524103316,-0.016179347188425074,0.13525803582801485,0.141236061144545,6.717,0.0,1.0,600.0,0.0,1.0,0.0,0.0,0.0,0.0,0.0,10.0,6.0,1.6,1.0,0.0,0.0,329.0,322.0,1800.0,0.0,1,0.0,391.0,0
8460275,2024-12-04 00:44:20+00:00,1,,"[0, 0, 0, 0, 0, 0, 0, 0, 0, 0, 1, 0, 1, 0, 0, 1, 0, 0, 0, 1, 0, 0, 0, 0, 0, 0, 0, 0, 0, 0, 1, 1, 1]",24188.0,16317.0,0.16266246170624027,-0.6114337137678488,0.26094868650223196,0.2259612567881653,-0.06670879924340213,-0.05564041606933876,-0.14267212177429597,-0.03231283449775203,-0.04317344340611509,-0.4142474070967134,-0.07791647071836902,0.07090034106747711,-0.026172253256940618,0.27517336419933297,0.28748156146469017,0.13611650753568505,-0.12296996338010098,0.09263075257175206,0.02313302321270807,-0.008431530244752898,-0.039768111103099996,-0.05816090055260583,-0.023487699131707573,-0.016179347188425074,-0.053592719399028974,0.141236061144545,6.717,445.0,1.0,360.0,0.5151515151515151,13.0,5.0,0.0,4.0,2.0,0.0,9.0,3.0,0.9617495029821074,0.0,1.0,0.0,1.0,3881.0,8286.099999999991,0.27807486631016043,0,25.0,155.0,19626
8466459,2024-12-06 05:14:34+00:00,1,"[1, 1]",,35000.0,667.0,0.16283487083029116,-0.6114337137678488,-0.054488959167710314,-0.1165395030712408,0.11939328962621384,-0.05564041606933876,-0.16547143701628758,0.030500288512228284,0.1740873916033103,0.0778669440877906,-0.07791647071836902,-0.09236929204096728,-0.026172253256940618,-0.3292197513569699,0.28748156146469017,-0.1482292857992833,-0.12296996338010098,0.09263075257175206,0.02313302321270807,-0.008431530244752898,-0.039768111103099996,-0.05816090055260583,-0.023487699131707573,0.22505449144967976,0.13525803582801485,0.008044419973869708,6.717,0.0,3.0,196.0,0.51,162.0,7.0,1.0,0.0,2.0,99.0,4.0,27.0,0.9162303664921466,1.0,16.0,0.0,1.0,4217.0,7000.0,0.0,0,65.0,382.0,44298
8462082,2024-12-04 09:39:26+00:00,1,"[1, 1, 1, 1, 0, 1, 1, 1, 1, 1, 1, 1, 1, 1, 1, 1, 1]","[1, 1, 1, 1, 1, 1, 1, 1, 1, 1, 1, 1, 1, 1, 1, 1, 1, 1, 1, 1, 1, 1, 1, 1, 1, 1, 1, 1, 1, 1]",27103.0,319.0,0.16288189421667965,-0.6114337137678488,-0.054488959167710314,0.004753338369163321,0.11939328962621384,0.22755275636556374,-0.16547143701628758,0.4065249203285951,0.1740873916033103,-0.4142474070967134,-0.07791647071836902,0.07090034106747711,0.13238330771477913,-0.15334582495827825,-0.03481326916714037,-0.1482292857992833,0.06852539126647902,-0.3012493410357806,-0.08168565936984104,-0.008431530244752898,-0.039768111103099996,0.15904631144217646,-0.023487699131707573,0.22505449144967976,-0.053592719399028974,0.141236061144545,6.717,0.0,2.0,200.0,0.7647058823529411,59.0,19.0,0.9411764705882353,5.0,7.0,0.0,1.0,16.0,1.144455704754666,1.0,0.0,1.0,329.0,1301.0,4599.0,1.0,0,132.0,163.0,9
8439469,2024-12-03 07:40:37+00:00,1,"[1, 1, 1, 1, 1, 1]",,20847.0,254.0,0.16336017739317202,-0.6114337137678488,-0.054488959167710314,0.2259612567881653,-0.05738860713727523,0.22755275636556374,0.01584713069282676,-0.03231283449775203,0.1740873916033103,-0.048236128980226715,-0.07791647071836902,0.07090034106747711,0.13238330771477913,0.14199482941539582,-0.03481326916714037,-0.1482292857992833,0.06852539126647902,0.09263075257175206,0.02313302321270807,-0.008431530244752898,-0.039768111103099996,-0.05816090055260583,-0.023487699131707573,-0.016179347188425074,0.2103895073799279,-0.018828211620055532,6.717,0.0,1.0,215.0,0.8947368421052632,5.0,0.0,1.0,3.0,9.0,0.0,1.0,6.0,1.151767955801105,1.0,0.0,0.0,1.0,659.0,4682.0,0.0,0,5.0,431.0,64337
8439475,2024-12-03 07:43:18+00:00,1,"[1, 0, 0, 1, 0, 1, 1, 1, 1, 1, 0, 0, 0, 1, 0, 0, 1, 0, 0, 1, 1, 0, 0, 1, 0, 0, 0, 1, 1, 0, 1, 0, 1, 1, 0, 1, 0, 0, 1, 1, 1, 1, 1, 1, 1, 1, 1, 1, 1, 1, 1, 1, 1, 1, 1, 1, 1, 1, 1, 1, 1, 1, 1, 1, 1]","[0, 0, 0, 0, 0, 1, 1, 1, 1, 1, 1, 1, 1, 1, 1, 1, 1, 1, 1, 1, 1, 1, 1, 1, 1, 1]",44500.0,446.0,0.16340352981819908,-0.6114337137678488,-0.054488959167710314,-0.5083517388880758,-0.05738860713727523,0.17561735485816402,0.01584713069282676,-0.03231283449775203,-0.04317344340611509,0.0778669440877906,0.035324081286162975,-0.0069440649306055586,-0.026172253256940618,0.47334886807418025,-0.03481326916714037,0.13611650753568505,0.06852539126647902,0.09263075257175206,0.02313302321270807,-0.008431530244752898,-0.039768111103099996,0.15904631144217646,-0.023487699131707573,-0.016179347188425074,0.2103895073799279,0.141236061144545,6.717,0.0,35.0,222.0,0.6782051282051281,5.0,6.0,0.6923076923076923,0.0,25.0,1.0,9.0,0.0,1.2678062678062678,0.0,0.0,0.0,1.0,1206.0,5834.0,0.9572649572649573,0,15.0,459.0,25
8462840,2024-12-05 01:07:36+00:00,1,,"[0, 0, 0, 0, 0, 0, 0, 0, 0, 0, 0, 0, 0, 0, 0, 0, 0, 0, 0, 0, 1, 1, 1, 0, 0, 0, 1, 0, 0, 1, 1, 1, 1, 1, 1, 1, 1, 1, 1, 1, 1, 1, 1]",10551.0,16317.0,0.16383630488731493,-0.6114337137678488,0.23990797722314114,0.2259612567881653,-0.05738860713727523,-0.07412946629464255,0.4194777125113977,-0.03231283449775203,-0.04317344340611509,0.0778669440877906,0.08779149858909129,0.07090034106747711,-0.026172253256940618,0.27517336419933297,-0.03481326916714037,0.13611650753568505,-0.12296996338010098,-0.3012493410357806,0.02313302321270807,-0.008431530244752898,-0.009607996814591997,-0.05816090055260583,-0.023487699131707573,-0.016179347188425074,-0.053592719399028974,-0.018828211620055532,6.717,96.0,1.0,280.0,0.0238230289279637,0.0,5.0,0.0,0.0,32.0,0.0,9.0,3.0,1.2092836676217764,0.0,1.0,1.0,1.0,8242.0,4358.0,0.638477801268499,0,15.0,89.0,71483
8467721,2024-12-06 23:59:46+00:00,1,"[1, 1]","[0, 0, 1, 1, 0, 0, 1, 1, 1, 1, 1, 1, 1, 1, 1, 1, 1, 1, 1, 1, 1, 1, 1, 1, 1, 1, 1, 1, 1, 1, 1, 1, 1, 1, 1, 1, 1, 1, 1, 1, 1, 1, 1, 1, 1, 1, 0]",36211.0,480.0,0.16387376886214183,-0.6114337137678488,-0.054488959167710314,-0.1165395030712408,0.41236787050388063,-0.07412946629464255,-0.16547143701628758,-0.03231283449775203,0.1740873916033103,0.0778669440877906,-0.07791647071836902,-0.09236929204096728,0.13238330771477913,0.14199482941539582,-0.03481326916714037,-0.1482292857992833,-0.12296996338010098,0.09263075257175206,-0.08168565936984104,-0.008431530244752898,-0.039768111103099996,0.15904631144217646,-0.023487699131707573,-0.016179347188425074,0.04095250473658998,0.141236061144545,6.717,0.0,3.0,92.0,0.27779976909120896,162.0,0.0,1.0,0.0,4.0,99.0,1.0,6.0,1.290944741532977,1.0,16.0,0.0,329.0,7703.0,5500.0,0.9459219858156028,0,9.0,366.0,10
8470802,2024-12-08 00:17:52+00:00,0,,,25701.0,16317.0,0.16393597098552748,-0.6114337137678488,-0.054488959167710314,0.2259612567881653,-0.05738860713727523,-0.07412946629464255,0.4194777125113977,-0.03231283449775203,-0.04317344340611509,0.0778669440877906,-0.06544171956609646,0.07090034106747711,-0.026172253256940618,0.27517336419933297,-0.03481326916714037,0.13611650753568505,0.06852539126647902,0.09263075257175206,-0.08168565936984104,-0.008431530244752898,0.08965056778496559,-0.05816090055260583,0.04284707524103316,-0.016179347188425074,-0.053592719399028974,-0.018828211620055532,6.717,0.0,0.0,296.0,0.0,1.0,1.0,0.0,0.0,12.0,0.0,10.0,3.0,1.1512206047032474,0.0,0.0,0.0,329.0,2535.0,0.0,0.0,1,0.0,59.0,87521
8439160,2024-12-03 06:22:43+00:00,1,,,10871.0,16317.0,0.16405163179795715,-0.6114337137678488,-0.054488959167710314,0.2259612567881653,-0.06670879924340213,-0.07412946629464255,-0.16547143701628758,-0.03231283449775203,-0.04317344340611509,0.0778669440877906,-0.09921592132150975,-0.09236929204096728,-0.026172253256940618,0.47334886807418025,0.28748156146469017,0.13611650753568505,-0.12296996338010098,0.09263075257175206,0.02313302321270807,-0.008431530244752898,-0.009607996814591997,-0.05816090055260583,-0.023487699131707573,-0.016179347188425074,-0.053592719399028974,-0.0035377154089891926,6.717,0.0,0.0,600.0,0.0,162.0,0.0,0.0,0.0,0.0,99.0,10.0,1.0,0.9425177735391018,0.0,16.0,0.0,1.0,78968.0,3860.0,0.0,0,0.0,20.0,50702
8471819,2024-12-08 03:12:22+00:00,1,,,17654.0,16317.0,0.1640553646572319,-0.6114337137678488,-0.054488959167710314,0.2259612567881653,-0.05738860713727523,-0.07412946629464255,0.4194777125113977,-0.03231283449775203,-0.04317344340611509,0.0778669440877906,-0.06544171956609646,0.07090034106747711,-0.026172253256940618,0.20995636990242048,0.16413019796925432,0.13611650753568505,0.06852539126647902,0.09263075257175206,-0.08168565936984104,-0.008431530244752898,-0.009607996814591997,-0.05816090055260583,-0.023487699131707573,-0.016179347188425074,-0.053592719399028974,-0.018828211620055532,6.717,0.0,1.0,299.0,0.0,1.0,0.0,0.0,0.0,13.0,0.0,10.0,5.0,1.0814088820826953,0.0,0.0,0.0,329.0,78968.0,4109.0,0.0,0,4.0,13.0,90267
8436353,2024-12-01 07:16:51+00:00,1,"[1, 1, 1, 1, 1, 1, 1, 1, 0, 1, 1, 1, 1, 1, 1]","[1, 1, 1, 1, 1, 1, 1, 1, 1, 1, 1, 1, 1, 1, 1, 1, 1, 1, 1, 1, 1, 1, 1, 1, 1, 1, 1, 1, 1, 1, 1, 1, 1]",16425.0,368.0,0.16420593121152477,-0.6114337137678488,0.26094868650223196,-0.1165395030712408,-0.05738860713727523,-0.05564041606933876,0.14385053025774988,0.030500288512228284,-0.04317344340611509,0.0778669440877906,-0.06544171956609646,0.07090034106747711,-0.026172253256940618,-0.3292197513569699,-0.03481326916714037,0.13611650753568505,0.06852539126647902,0.09263075257175206,0.02313302321270807,-0.008431530244752898,-0.039768111103099996,0.15904631144217646,-0.023487699131707573,0.22505449144967976,-0.053592719399028974,0.008044419973869708,6.717,249.0,3.0,252.0,0.5428571428571428,4.0,11.0,0.9333333333333333,0.0,16.0,0.0,2.0,27.0,1.1366782006920415,0.0,0.0,0.0,1.0,365.0,8286.099999999991,1.0,0,79.0,98.0,33065
8439340,2024-12-03 07:01:33+00:00,1,,"[1, 1, 1, 1, 1]",18989.0,16317.0,0.16434867799224717,-0.6114337137678488,-0.054488959167710314,0.2259612567881653,-0.06670879924340213,0.17561735485816402,-0.16547143701628758,-0.03231283449775203,-0.04317344340611509,0.0778669440877906,0.035324081286162975,-0.09236929204096728,-0.026172253256940618,-0.10985411191684905,0.16413019796925432,-0.1482292857992833,0.06852539126647902,0.09263075257175206,0.02313302321270807,-0.008431530244752898,-0.009607996814591997,0.15904631144217646,-0.023487699131707573,-0.016179347188425074,-0.053592719399028974,-0.0035377154089891926,6.717,0.0,1.0,310.0,0.7310769230769231,15.0,2.0,0.0,0.0,21.0,2.0,10.0,14.0,1.0825494555612565,1.0,0.0,0.0,1.0,342.0,3680.0,1.0,0,12.0,227.0,56345
8385842,2024-12-03 04:58:32+00:00,1,"[1, 1, 1, 1, 1, 1, 1, 1, 1, 1, 1, 0, 0, 1, 1, 1, 1, 1, 1, 1]","[0, 0, 0, 0, 0, 0, 0, 0, 0, 0, 0, 0, 0, 0, 1, 1, 1, 1, 1, 1, 1, 1, 1, 1, 1, 1, 1, 1, 1, 1, 1, 1, 1, 1, 1, 1, 1, 1, 1, 1, 1, 1, 1, 1, 1, 1, 1, 1, 1, 1, 1, 1, 1, 1, 1, 1, 1, 1, 1, 1, 1, 1, 1, 1, 1, 1, 1, 1, 1, 1, 1, 1, 1, 1]",34943.0,825.0,0.16453719399421207,-0.6114337137678488,-0.054488959167710314,0.004753338369163321,0.11939328962621384,-0.07412946629464255,0.14385053025774988,-0.03231283449775203,-0.04317344340611509,-0.048236128980226715,0.035324081286162975,0.07090034106747711,-0.026172253256940618,0.14199482941539582,-0.03481326916714037,0.13611650753568505,0.06852539126647902,0.09263075257175206,0.02313302321270807,-0.008431530244752898,-0.039768111103099996,0.15904631144217646,0.04284707524103316,-0.016179347188425074,-0.053592719399028974,0.141236061144545,6.717,0.0,2.0,140.0,0.30675675675675673,3.0,1.0,0.9,3.0,22.0,0.0,9.0,6.0,1.3605497800101234,0.0,0.0,0.0,1.0,1279.0,8118.0,0.9621621621621622,1,11.0,237.0,11
8461778,2024-12-04 06:49:41+00:00,1,"[1, 1, 1, 1, 1, 1, 1, 1, 1, 1, 1, 1, 1, 1]","[0, 0, 0, 0, 0, 0, 0, 0, 0, 0, 0, 0, 0, 1, 1, 1, 1, 1, 1, 1]",10720.0,462.0,0.16495786631436943,-0.6114337137678488,-0.054488959167710314,-0.5083517388880758,0.11939328962621384,-0.05564041606933876,0.01584713069282676,-0.03231283449775203,0.1740873916033103,0.0778669440877906,-0.06544171956609646,0.07090034106747711,-0.026172253256940618,-0.2062583476798761,0.28748156146469017,0.13611650753568505,0.06852539126647902,0.09263075257175206,0.02313302321270807,-0.008431530244752898,-0.009607996814591997,-0.05816090055260583,-0.023487699131707573,0.05393564252282038,0.006896750883670848,-0.018828211620055532,6.717,0.0,6.0,176.0,0.525,5.0,6.0,1.0,1.0,16.0,0.0,9.0,20.0,0.906553911205074,0.0,0.0,0.0,1.0,78968.0,4300.0,0.5666666666666667,0,41.0,310.0,63382
8471761,2024-12-08 03:02:19+00:00,0,"[1, 1, 1, 1, 1, 1, 1, 1, 1, 1]","[1, 0, 1, 1, 1, 1, 1]",25419.0,485.0,0.16504216968703128,-0.6114337137678488,-0.054488959167710314,-0.1165395030712408,-0.05738860713727523,-0.05564041606933876,-0.16547143701628758,-0.03231283449775203,0.1740873916033103,0.0778669440877906,-0.07791647071836902,-0.0069440649306055586,-0.026172253256940618,-0.15334582495827825,0.16413019796925432,0.13611650753568505,0.06852539126647902,0.09263075257175206,0.02313302321270807,-0.008431530244752898,-0.039768111103099996,-0.05484988672575293,0.04284707524103316,0.22505449144967976,-0.053592719399028974,0.141236061144545,6.717,0.0,3.0,234.0,0.5588906926406927,28.0,6.0,1.0,1.0,6.0,1.0,10.0,19.0,1.1073886904243269,0.0,0.0,0.0,1.0,78968.0,4500.0,0.9285714285714286,1,62.0,154.0,20953
8439042,2024-12-03 05:58:55+00:00,1,,,13106.0,16317.0,0.1651402538205624,-0.6114337137678488,0.23990797722314114,0.004753338369163321,0.41236787050388063,-0.07412946629464255,0.01584713069282676,-0.03231283449775203,-0.04317344340611509,0.0778669440877906,-0.07791647071836902,0.07090034106747711,-0.026172253256940618,-0.01066169917084148,-0.03481326916714037,-0.1482292857992833,0.06852539126647902,-0.3012493410357806,0.02313302321270807,-0.008431530244752898,-0.009607996814591997,-0.05816090055260583,-0.023487699131707573,-0.016179347188425074,-0.053592719399028974,-0.03707202918461854,6.717,58.0,2.0,119.0,0.0,5.0,1.0,0.0,0.0,4.0,0.0,10.0,12.0,1.1446288209606987,1.0,0.0,1.0,4.0,78968.0,3976.0,0.0,0,18.0,49.0,110997
8471848,2024-12-08 03:18:21+00:00,1,,"[0, 0, 0, 0, 0, 0, 0, 0, 0, 0, 0, 0, 0, 0, 0, 0, 0, 0, 0, 0, 0, 0, 0, 0, 0, 0, 0, 0, 0, 0, 0, 0, 0, 0, 0, 0, 0, 0, 0, 0, 0, 0, 0, 0, 0, 0, 0, 0, 0, 0, 0, 0, 0, 0, 0, 0, 0, 0, 0, 0, 0, 0, 1, 0, 0, 0, 0, 0, 1, 1, 1, 1, 1, 1, 1, 1, 1, 1, 1, 1, 1, 1]",23491.0,16317.0,0.1652347169996275,-0.6114337137678488,-0.054488959167710314,0.2259612567881653,-0.06670879924340213,-0.05564041606933876,-0.16547143701628758,-0.03231283449775203,-0.04317344340611509,0.0778669440877906,0.47611841736311766,-0.09236929204096728,-0.026172253256940618,0.20995636990242048,-0.03481326916714037,0.13611650753568505,-0.12296996338010098,0.09263075257175206,0.02313302321270807,-0.008431530244752898,-0.039768111103099996,-0.05816090055260583,-0.023487699131707573,-0.016179347188425074,0.13525803582801485,-0.018828211620055532,6.717,0.0,1.0,382.0,0.5060975609756098,162.0,3.0,0.0,0.0,74.0,99.0,9.0,5.0,1.2000510855683268,0.0,16.0,0.0,1.0,6484.0,6028.0,0.32912136350279164,0,22.0,399.0,92845
8464952,2024-12-05 23:34:23+00:00,0,"[1, 1, 1, 1, 1, 1, 1]","[1, 1, 1, 0, 1, 0, 1, 1, 1, 1, 1, 1, 1, 1, 1, 1, 1, 1, 1, 1, 1, 1, 1, 1, 1, 1, 1, 1, 1, 1, 1, 1, 1, 1, 1, 1, 1, 1, 1, 1, 1, 1, 1, 1, 1, 1, 1, 1, 1, 1, 1, 1, 1, 1, 1, 1, 1, 1, 1, 1, 1]",19772.0,597.0,0.1653185503148519,-0.6114337137678488,-0.054488959167710314,-0.1165395030712408,0.11939328962621384,-0.05564041606933876,-0.14267212177429597,-0.03231283449775203,0.1740873916033103,0.0778669440877906,-0.07791647071836902,0.07090034106747711,-0.026172253256940618,0.021081495765742912,-0.03481326916714037,0.13611650753568505,0.06852539126647902,0.09263075257175206,0.02313302321270807,-0.008431530244752898,-0.039768111103099996,0.15904631144217646,0.04284707524103316,-0.016179347188425074,0.015592503790590144,-0.018828211620055532,6.717,0.0,3.0,148.0,0.5327868852459017,12.0,2.0,1.0,0.0,9.0,0.0,2.0,11.0,1.2494154818325434,0.0,0.0,0.0,1.0,610.0,5000.0,0.994711792702274,1,19.0,325.0,68420
8469694,2024-12-07 06:47:13+00:00,1,,,11789.0,16317.0,0.16533971287171237,-0.6114337137678488,0.23990797722314114,-0.1165395030712408,-0.06670879924340213,-0.07412946629464255,0.01584713069282676,-0.03231283449775203,-0.04317344340611509,-0.048236128980226715,-0.07791647071836902,-0.0069440649306055586,-0.026172253256940618,0.021081495765742912,0.28748156146469017,-0.1482292857992833,0.06852539126647902,0.09263075257175206,0.02313302321270807,-0.008431530244752898,-0.009607996814591997,-0.05816090055260583,-0.023487699131707573,-0.016179347188425074,-0.053592719399028974,-0.018828211620055532,6.717,93.0,3.0,600.0,0.0,6.0,1.0,0.0,3.0,2.0,1.0,10.0,11.0,1.0273638344226579,1.0,0.0,0.0,1.0,78968.0,4000.0,0.0,0,1.0,197.0,85533
8459909,2024-12-03 23:01:30+00:00,1,"[1, 1, 0, 1, 1, 1, 1, 1, 1, 1, 1, 1, 1, 1, 1, 1, 1, 1, 1, 1, 1]",,16901.0,441.0,0.1653951229623382,-0.6114337137678488,-0.054488959167710314,0.004753338369163321,0.11939328962621384,-0.07412946629464255,-0.16547143701628758,-0.03231283449775203,0.1740873916033103,-0.048236128980226715,-0.06544171956609646,0.07090034106747711,-0.026172253256940618,-0.15334582495827825,-0.03481326916714037,0.13611650753568505,0.06852539126647902,0.09263075257175206,0.02313302321270807,-0.008431530244752898,0.04544625733308562,-0.05816090055260583,0.04284707524103316,-0.016179347188425074,0.2103895073799279,-0.018828211620055532,6.717,0.0,2.0,182.0,0.14285714285714285,14.0,4.0,0.9523809523809523,3.0,13.0,0.0,2.0,18.0,1.2589199255121042,0.0,0.0,0.0,1.0,78968.0,3000.0,0.0,1,29.0,489.0,61987
8471623,2024-12-08 02:33:28+00:00,1,,,11859.0,16317.0,0.16542077740527658,-0.6114337137678488,-0.054488959167710314,0.004753338369163321,-0.06670879924340213,-0.07412946629464255,0.01584713069282676,-0.03231283449775203,-0.04317344340611509,0.0778669440877906,0.2659552272166623,0.07090034106747711,-0.026172253256940618,0.021081495765742912,0.28748156146469017,0.13611650753568505,0.06852539126647902,-0.3012493410357806,0.02313302321270807,-0.008431530244752898,-0.009607996814591997,-0.05816090055260583,-0.023487699131707573,-0.016179347188425074,-0.053592719399028974,0.008044419973869708,6.717,0.0,2.0,516.0,0.0,6.0,1.0,0.0,0.0,36.0,0.0,10.0,9.0,0.9800826446280991,0.0,0.0,1.0,1.0,838.0,4166.0,0.0,0,0.0,116.0,34500
8472452,2024-12-08 05:13:42+00:00,0,,"[1, 1, 1, 1, 1, 1, 1, 1, 1, 1, 1, 1, 1, 1, 1, 1, 1, 1, 1, 1, 1, 1, 1, 1, 1, 0, 0, 1, 1, 1, 1, 1, 1, 1, 1, 1, 1, 1]",22911.0,16317.0,0.16551352525857985,-0.6114337137678488,-0.054488959167710314,0.2259612567881653,-0.06670879924340213,0.17561735485816402,-0.043774865933036713,-0.03231283449775203,-0.04317344340611509,0.0778669440877906,0.2659552272166623,-0.0069440649306055586,0.13238330771477913,0.021081495765742912,-0.03481326916714037,0.13611650753568505,0.06852539126647902,-0.3012493410357806,-0.08168565936984104,-0.008431530244752898,0.08965056778496559,-0.05484988672575293,0.04284707524103316,-0.016179347188425074,-0.053592719399028974,0.141236061144545,6.717,0.0,1.0,314.0,0.6842105263157895,8.0,3.0,0.0,0.0,45.0,1.0,1.0,10.0,1.2570503676067157,0.0,0.0,1.0,329.0,9846.0,0.0,0.9284750337381916,1,5.0,63.0,22558
8459909,2024-12-03 23:01:30+00:00,0,,"[0, 0, 1, 0, 1, 1, 1, 0, 0, 1, 1, 1]",16901.0,16317.0,0.16553517939756546,-0.6114337137678488,-0.054488959167710314,0.2259612567881653,-0.06670879924340213,-0.07412946629464255,0.4194777125113977,-0.03231283449775203,-0.04317344340611509,0.0778669440877906,0.035324081286162975,-0.0069440649306055586,-0.026172253256940618,0.27517336419933297,-0.03481326916714037,0.13611650753568505,0.06852539126647902,0.09263075257175206,0.02313302321270807,-0.008431530244752898,-0.009607996814591997,-0.05816090055260583,0.04284707524103316,-0.016179347188425074,-0.053592719399028974,-0.018828211620055532,6.717,0.0,1.0,600.0,0.08333333333333333,1.0,2.0,0.0,1.0,21.0,1.0,10.0,3.0,1.2589199255121042,0.0,0.0,0.0,1.0,1555.0,3795.0,0.6923076923076923,1,0.0,153.0,61987
8472148,2024-12-08 04:12:38+00:00,0,,,45000.0,16317.0,0.16554380663417426,-0.6114337137678488,-0.054488959167710314,-0.23295731524514138,-0.06670879924340213,-0.07412946629464255,0.14385053025774988,-0.03231283449775203,-0.04317344340611509,0.0778669440877906,0.2659552272166623,0.07090034106747711,-0.026172253256940618,0.021081495765742912,-0.03481326916714037,0.13611650753568505,0.06852539126647902,0.09263075257175206,-0.08168565936984104,-0.008431530244752898,0.08965056778496559,-0.05816090055260583,0.04284707524103316,-0.016179347188425074,0.13525803582801485,0.141236061144545,6.717,0.0,4.0,600.0,0.0,3.0,1.0,0.0,0.0,58.0,0.0,10.0,9.0,1.6,0.0,0.0,0.0,329.0,78968.0,1772.0,0.0,1,0.0,407.0,0
8323560,2024-12-06 00:45:28+00:00,1,,,24236.0,16317.0,0.1655788667417359,-0.6114337137678488,-0.054488959167710314,0.004753338369163321,-0.05738860713727523,-0.07412946629464255,0.14385053025774988,-0.03231283449775203,-0.04317344340611509,0.0778669440877906,-0.07791647071836902,0.07090034106747711,-0.026172253256940618,0.08251752792097579,0.16413019796925432,-0.1482292857992833,0.06852539126647902,0.09263075257175206,0.02313302321270807,-0.008431530244752898,0.08965056778496559,-0.05816090055260583,0.04284707524103316,-0.016179347188425074,0.04095250473658998,-0.018828211620055532,6.717,0.0,2.0,268.0,0.0,3.0,0.0,0.0,0.0,10.0,0.0,10.0,8.0,1.1259465737514518,1.0,0.0,0.0,1.0,6330.0,2169.0,0.0,1,9.0,357.0,77372
8468840,2024-12-07 03:52:01+00:00,1,,"[0, 0, 0, 0, 0, 0, 0, 0, 0, 0, 0, 0, 0, 1, 0, 0, 1, 1, 1, 1, 1, 1]",16107.0,16317.0,0.16569553451540509,-0.6114337137678488,0.26094868650223196,-0.1165395030712408,-0.05738860713727523,-0.07412946629464255,-0.16547143701628758,-0.03231283449775203,-0.04317344340611509,0.0778669440877906,-0.07791647071836902,-0.09236929204096728,-0.026172253256940618,-0.15334582495827825,0.16413019796925432,0.13611650753568505,0.06852539126647902,0.09263075257175206,0.02313302321270807,-0.008431530244752898,-0.009607996814591997,-0.05816090055260583,-0.023487699131707573,-0.016179347188425074,-0.053592719399028974,0.141236061144545,6.717,2315.0,3.0,244.0,0.3555770470664088,19.0,5.0,0.0,0.0,3.0,3.0,9.0,16.0,1.0493159609120521,0.0,0.0,0.0,1.0,78968.0,4000.0,0.5177865612648221,0,30.0,176.0,20859
8437957,2024-12-03 02:21:54+00:00,1,,,18020.0,16317.0,0.16572694115424746,-0.6114337137678488,-0.054488959167710314,0.2259612567881653,-0.05738860713727523,-0.07412946629464255,-0.14267212177429597,-0.03231283449775203,-0.04317344340611509,0.0778669440877906,-0.07791647071836902,0.07090034106747711,-0.026172253256940618,0.25953741616204173,0.28748156146469017,-0.1482292857992833,0.06852539126647902,-0.3012493410357806,0.02313302321270807,-0.008431530244752898,0.04544625733308562,-0.05816090055260583,0.04284707524103316,-0.016179347188425074,0.015592503790590144,-0.03707202918461854,6.717,0.0,0.0,289.0,0.0,11.0,0.0,0.0,0.0,3.0,0.0,10.0,4.0,0.9997226074895977,1.0,0.0,1.0,1.0,1575.0,2956.0,0.0,1,1.0,314.0,108754
8463393,2024-12-05 03:19:12+00:00,1,,"[0, 0, 0, 1, 1]",16384.0,16317.0,0.1658877886678797,-0.6114337137678488,-0.054488959167710314,0.2259612567881653,-0.06670879924340213,-0.07412946629464255,-0.14267212177429597,-0.03231283449775203,-0.04317344340611509,0.0778669440877906,0.035324081286162975,0.07090034106747711,-0.026172253256940618,-0.10985411191684905,0.28748156146469017,-0.1482292857992833,0.06852539126647902,0.09263075257175206,0.02313302321270807,-0.008431530244752898,-0.009607996814591997,-0.05816090055260583,-0.023487699131707573,-0.016179347188425074,-0.053592719399028974,0.141236061144545,6.717,0.0,1.0,526.0,0.2,12.0,6.0,0.0,1.0,22.0,0.0,10.0,14.0,0.6418805093046033,1.0,0.0,0.0,1.0,78968.0,3900.0,0.6,0,0.0,279.0,16809
8461688,2024-12-04 06:20:58+00:00,1,"[1, 1, 1, 1, 1, 1, 1, 1, 0, 0, 0, 0, 0, 0, 0, 1, 1, 0, 1, 1, 1, 1, 1, 1, 0, 0, 0, 1, 1, 1, 1, 1, 1, 1, 1, 1, 1, 1, 1, 1, 1, 1]",,22267.0,733.0,0.16599198227394396,-0.6114337137678488,-0.054488959167710314,0.004753338369163321,0.11939328962621384,-0.07412946629464255,-0.043774865933036713,-0.03231283449775203,-0.04317344340611509,0.0778669440877906,0.2659552272166623,-0.0069440649306055586,-0.026172253256940618,0.14199482941539582,0.28748156146469017,-0.1482292857992833,-0.12296996338010098,0.09263075257175206,-0.08168565936984104,-0.008431530244752898,-0.039768111103099996,-0.05816090055260583,0.04284707524103316,-0.016179347188425074,-0.053592719399028974,-0.018828211620055532,6.717,0.0,2.0,182.0,0.21428571428571427,7.0,2.0,0.7380952380952381,0.0,39.0,1.0,3.0,6.0,0.9807954895828745,1.0,1.0,0.0,329.0,632.0,5014.0,0.0,1,8.0,192.0,61537
8469300,2024-12-07 05:20:34+00:00,1,,"[0, 0, 0, 0, 0, 0, 0, 0, 0, 0, 0, 0, 0, 0, 0, 0, 0, 0, 1, 1, 1, 0, 0, 1, 1, 1, 1]",14005.0,16317.0,0.16600308541795714,-0.6114337137678488,-0.054488959167710314,0.004753338369163321,-0.05738860713727523,-0.07412946629464255,-0.14267212177429597,-0.03231283449775203,-0.04317344340611509,0.0778669440877906,-0.07791647071836902,0.07090034106747711,-0.026172253256940618,0.25953741616204173,0.28748156146469017,0.13611650753568505,0.06852539126647902,0.09263075257175206,0.02313302321270807,-0.008431530244752898,-0.009607996814591997,-0.05816090055260583,-0.023487699131707573,-0.016179347188425074,-0.053592719399028974,-0.0035377154089891926,6.717,0.0,2.0,241.0,0.037037037037037035,11.0,1.0,0.0,0.0,5.0,0.0,9.0,4.0,0.8539634146341464,0.0,0.0,0.0,1.0,1262.0,4372.0,0.42857142857142855,0,12.0,171.0,49857
8463093,2024-12-05 02:09:45+00:00,1,,,11507.0,16317.0,0.16602330237200444,-0.6114337137678488,0.26094868650223196,0.2259612567881653,-0.05738860713727523,-0.07412946629464255,0.01584713069282676,-0.03231283449775203,-0.04317344340611509,0.0778669440877906,-0.07791647071836902,-0.09236929204096728,-0.026172253256940618,0.021081495765742912,0.16413019796925432,0.13611650753568505,0.06852539126647902,-0.3012493410357806,-0.08168565936984104,-0.008431530244752898,-0.009607996814591997,-0.05816090055260583,0.04284707524103316,-0.016179347188425074,-0.053592719399028974,-0.018828211620055532,6.717,400.0,1.0,300.0,0.0,6.0,1.0,0.0,0.0,2.0,2.0,10.0,11.0,1.1264806656877142,0.0,0.0,1.0,329.0,78968.0,3550.0,0.0,1,12.0,203.0,65455
8466709,2024-12-06 06:11:30+00:00,1,,"[0, 0, 0, 0, 0, 0, 0, 0, 0, 0, 0, 0, 0, 0, 0, 0, 1, 1, 1]",16990.0,16317.0,0.16623208802894904,-0.6114337137678488,0.26094868650223196,-0.23295731524514138,-0.05738860713727523,-0.07412946629464255,0.1880244731129659,-0.03231283449775203,-0.04317344340611509,0.0778669440877906,0.035324081286162975,0.07090034106747711,-0.026172253256940618,-0.15334582495827825,-0.03481326916714037,0.13611650753568505,0.06852539126647902,0.09263075257175206,0.02313302321270807,0.12181209640599021,-0.039768111103099996,-0.05816090055260583,-0.023487699131707573,0.05393564252282038,0.13525803582801485,-0.018828211620055532,6.717,961.0,4.0,230.0,0.12631578947368421,2.0,6.0,0.0,0.0,21.0,0.0,9.0,16.0,1.179861111111111,0.0,0.0,0.0,14.0,233.0,5622.0,0.28421052631578947,0,41.0,418.0,80327
8468709,2024-12-07 03:25:53+00:00,1,,"[1, 1, 1, 1, 1]",21423.0,16317.0,0.16645846054511743,-0.6114337137678488,-0.054488959167710314,0.004753338369163321,-0.06670879924340213,-0.05564041606933876,-0.14267212177429597,0.030500288512228284,-0.04317344340611509,-0.048236128980226715,-0.07791647071836902,-0.0069440649306055586,-0.026172253256940618,0.021081495765742912,0.28748156146469017,-0.1482292857992833,0.06852539126647902,0.09263075257175206,0.02313302321270807,-0.008431530244752898,-0.009607996814591997,0.15904631144217646,-0.023487699131707573,-0.016179347188425074,-0.053592719399028974,0.141236061144545,6.717,0.0,2.0,317.0,0.50625,11.0,7.0,0.0,3.0,2.0,1.0,8.0,11.0,0.7938560735196027,1.0,0.0,0.0,1.0,14933.0,4105.0,1.0,0,11.0,140.0,15
8436871,2024-12-03 01:05:21+00:00,1,"[1, 1, 1, 1, 1, 1, 1, 1, 1, 1, 1, 1, 1, 1, 1, 1, 1, 1, 1, 1, 1, 1, 1, 1, 1, 1, 1, 1, 1, 1, 1, 1, 1, 1, 1, 1, 1, 1]","[1, 1, 0, 1, 1, 1, 1, 1, 1, 1, 1, 1, 1, 1, 1, 1, 1, 1, 1, 1, 1, 1, 1, 1, 1, 1, 1, 1, 1, 1, 1, 1, 1, 1, 1, 1, 1, 1]",21742.0,16317.0,0.16656435889419374,-0.6114337137678488,-0.054488959167710314,0.2259612567881653,-0.06670879924340213,-0.05564041606933876,-0.043774865933036713,0.030500288512228284,0.1740873916033103,0.0778669440877906,-0.07791647071836902,-0.09236929204096728,0.13238330771477913,0.021081495765742912,-0.03481326916714037,0.13611650753568505,0.06852539126647902,-0.3012493410357806,0.02313302321270807,-0.008431530244752898,-0.039768111103099996,0.15904631144217646,-0.023487699131707573,0.22505449144967976,-0.053592719399028974,0.008044419973869708,6.717,0.0,1.0,344.0,0.5394736842105263,8.0,12.0,1.0,0.0,9.0,2.0,1.0,10.0,1.2078888888888888,0.0,0.0,1.0,1.0,78968.0,5000.0,0.9959514170040485,0,103.0,194.0,39600
8464711,2024-12-05 22:03:54+00:00,1,,"[1, 1, 1, 1, 1, 1, 1, 1, 1, 1, 1, 1, 1, 1, 1, 1, 1, 1, 1, 1, 1, 1, 1, 1, 1]",35112.0,16317.0,0.1665689284820866,-0.6114337137678488,-0.054488959167710314,0.2259612567881653,-0.05738860713727523,0.22755275636556374,0.4194777125113977,0.030500288512228284,-0.04317344340611509,-0.048236128980226715,-0.07791647071836902,0.07090034106747711,-0.026172253256940618,-0.01066169917084148,-0.03481326916714037,0.13611650753568505,0.06852539126647902,0.09263075257175206,-0.08168565936984104,-0.008431530244752898,-0.009607996814591997,0.15904631144217646,0.04284707524103316,-0.016179347188425074,0.006896750883670848,0.008044419973869708,6.717,0.0,1.0,215.0,1.0,1.0,7.0,0.0,3.0,9.0,0.0,10.0,12.0,1.1684525790349418,0.0,0.0,0.0,187.0,2463.0,3500.0,1.0,1,15.0,291.0,43801
8468116,2024-12-07 01:26:21+00:00,1,"[0, 1, 0, 1, 0, 1, 1, 1, 0, 0, 1, 1, 1, 1, 1, 1, 1, 1, 1, 1, 1, 1, 1]","[0, 0, 0, 0, 0, 0, 0, 0, 1, 1, 1, 1, 1, 1, 1, 1, 1, 1, 1, 1, 1, 1, 1, 1, 1]",26599.0,521.0,0.16673029624126873,-0.6114337137678488,-0.054488959167710314,0.004753338369163321,0.11939328962621384,0.17561735485816402,-0.14267212177429597,-0.03231283449775203,-0.04317344340611509,0.0778669440877906,-0.07791647071836902,0.07090034106747711,-0.026172253256940618,0.021081495765742912,0.16413019796925432,-0.1482292857992833,0.06852539126647902,0.09263075257175206,0.02313302321270807,-0.008431530244752898,-0.039768111103099996,-0.05484988672575293,-0.023487699131707573,-0.016179347188425074,0.04095250473658998,0.141236061144545,6.717,0.0,2.0,158.0,0.6071635610766045,9.0,4.0,0.782608695652174,0.0,9.0,0.0,9.0,10.0,1.098678232135481,1.0,0.0,0.0,1.0,4169.0,8000.0,0.8892307692307693,0,10.0,364.0,15
8464414,2024-12-05 07:40:53+00:00,0,,,23490.0,16317.0,0.16699334904883534,-0.6114337137678488,-0.054488959167710314,-0.1165395030712408,-0.05738860713727523,-0.07412946629464255,-0.16547143701628758,-0.03231283449775203,-0.04317344340611509,0.0778669440877906,0.2659552272166623,-0.09236929204096728,-0.026172253256940618,0.20995636990242048,0.28748156146469017,-0.1482292857992833,-0.12296996338010098,0.09263075257175206,-0.08168565936984104,-0.008431530244752898,0.08965056778496559,-0.05816090055260583,0.04284707524103316,-0.016179347188425074,-0.053592719399028974,-0.018828211620055532,6.717,0.0,3.0,291.0,0.0,162.0,1.0,0.0,0.0,45.0,99.0,10.0,5.0,0.9238938053097345,1.0,16.0,0.0,329.0,1940.0,0.0,0.0,1,0.0,61.0,65046
8465488,2024-12-06 01:32:58+00:00,1,"[0, 0, 0, 1, 1, 1, 1, 1, 1, 1, 1, 1, 1, 1, 1, 1, 1]","[1, 1, 1, 1, 1, 1, 1, 1, 1, 1, 1, 1, 1, 1, 1, 1, 1, 1, 1, 1, 1, 1, 1, 1, 1, 1, 1, 1, 1, 1, 1, 1, 1, 1, 1, 1, 1, 1, 1, 1, 1, 1, 1, 1, 1, 1, 1, 1, 1, 1, 1, 1, 1, 1, 1, 1, 1, 1, 1, 1, 1]",20932.0,16317.0,0.167019421537489,-0.6114337137678488,-0.054488959167710314,0.2259612567881653,-0.06670879924340213,-0.05564041606933876,0.1880244731129659,0.030500288512228284,-0.04317344340611509,0.0778669440877906,-0.07791647071836902,0.07090034106747711,-0.026172253256940618,0.14199482941539582,-0.03481326916714037,0.13611650753568505,0.06852539126647902,-0.3012493410357806,0.02313302321270807,-0.008431530244752898,-0.039768111103099996,0.15904631144217646,-0.023487699131707573,0.22505449144967976,0.13525803582801485,-0.018828211620055532,6.717,0.0,1.0,434.0,0.5294117647058824,2.0,11.0,0.8235294117647058,0.0,7.0,0.0,5.0,6.0,1.1961142857142857,0.0,0.0,1.0,1.0,78968.0,5000.0,1.0,0,53.0,389.0,57129
8471917,2024-12-08 03:30:03+00:00,1,"[0, 0, 0, 0, 0, 0, 0, 0, 0, 0, 0, 0, 0, 0, 0, 0, 0, 0, 0, 0, 0, 0, 0, 0, 0, 0, 0, 0, 0, 0, 0, 0, 0, 0, 0, 0, 0, 0, 0, 0, 0, 0, 0, 0, 0, 0, 0, 0, 0, 0, 0, 0, 1, 1]",,13541.0,16317.0,0.16727732863255568,-0.6114337137678488,-0.054488959167710314,-0.1165395030712408,-0.05738860713727523,-0.07412946629464255,0.01584713069282676,-0.03231283449775203,-0.04317344340611509,0.0778669440877906,0.2659552272166623,-0.09236929204096728,-0.026172253256940618,0.14199482941539582,0.28748156146469017,-0.1482292857992833,-0.12296996338010098,0.09263075257175206,0.02313302321270807,-0.008431530244752898,-0.039768111103099996,-0.05816090055260583,0.04284707524103316,-0.016179347188425074,0.13525803582801485,-0.018828211620055532,6.717,0.0,3.0,275.0,0.018518518518518517,5.0,2.0,0.037037037037037035,0.0,53.0,2.0,5.0,7.0,0.9865938069216758,1.0,2.0,0.0,1.0,78968.0,8286.099999999991,0.0,1,0.0,396.0,62185
8465664,2024-12-06 02:17:20+00:00,1,,,26481.0,16317.0,0.16749284945423762,-0.6114337137678488,-0.054488959167710314,0.2259612567881653,-0.05738860713727523,-0.07412946629464255,-0.16547143701628758,0.4065249203285951,-0.04317344340611509,0.0778669440877906,-0.07791647071836902,-0.09236929204096728,-0.026172253256940618,-0.01066169917084148,0.16413019796925432,-0.1482292857992833,-0.12296996338010098,-0.3012493410357806,0.02313302321270807,-0.008431530244752898,-0.039768111103099996,-0.05816090055260583,-0.023487699131707573,-0.016179347188425074,0.13525803582801485,0.141236061144545,6.717,0.0,1.0,289.0,0.0,26.0,31.0,0.0,0.0,5.0,19.0,10.0,12.0,1.05924,1.0,2.0,1.0,1.0,5953.0,6789.0,0.0,0,13.0,384.0,12
8466566,2024-12-06 05:38:52+00:00,1,,"[0, 0, 0, 0, 1, 1, 1, 1, 1, 1, 1, 1, 1, 1, 1, 1, 1, 1, 1, 1, 1, 1, 1]",8834.0,16317.0,0.16768584048012652,-0.6114337137678488,-0.054488959167710314,0.2259612567881653,-0.06670879924340213,-0.07412946629464255,-0.14267212177429597,-0.03231283449775203,-0.04317344340611509,0.0778669440877906,-0.06544171956609646,-0.0069440649306055586,-0.026172253256940618,0.25953741616204173,0.28748156146469017,-0.1482292857992833,0.06852539126647902,-0.3012493410357806,-0.08168565936984104,-0.008431530244752898,-0.009607996814591997,0.15904631144217646,-0.023487699131707573,-0.016179347188425074,-0.053592719399028974,0.141236061144545,6.717,0.0,1.0,346.0,0.043478260869565216,10.0,0.0,0.0,0.0,16.0,1.0,10.0,4.0,0.9898039215686274,1.0,0.0,1.0,329.0,78968.0,3500.0,0.9637681159420289,0,0.0,77.0,9830
8472418,2024-12-08 05:07:02+00:00,0,,,23704.0,16317.0,0.1679026480636121,-0.6114337137678488,0.26094868650223196,0.2259612567881653,0.11939328962621384,-0.07412946629464255,-0.16547143701628758,-0.03231283449775203,-0.04317344340611509,0.0778669440877906,-0.07791647071836902,-0.09236929204096728,-0.026172253256940618,0.20995636990242048,-0.03481326916714037,-0.1482292857992833,-0.12296996338010098,0.09263075257175206,0.02313302321270807,-0.008431530244752898,-0.009607996814591997,-0.05816090055260583,0.04284707524103316,-0.016179347188425074,-0.053592719399028974,-0.018828211620055532,6.717,174.0,1.0,182.0,0.0,162.0,3.0,0.0,0.0,2.0,99.0,10.0,5.0,1.2525231175693528,1.0,16.0,0.0,1.0,78968.0,3700.0,0.0,1,26.0,163.0,65068
8472418,2024-12-08 05:07:02+00:00,1,"[0, 1, 1, 1, 1, 0, 1, 1, 1, 1]","[1, 1, 1]",23704.0,460.0,0.16791180399697353,-0.6114337137678488,-0.054488959167710314,-0.1165395030712408,-0.05738860713727523,0.17561735485816402,-0.14267212177429597,0.4065249203285951,-0.04317344340611509,-0.4142474070967134,-0.07791647071836902,0.07090034106747711,-0.026172253256940618,0.021081495765742912,-0.03481326916714037,0.13611650753568505,0.06852539126647902,0.09263075257175206,0.02313302321270807,-0.008431530244752898,-0.009607996814591997,0.15904631144217646,0.04284707524103316,0.22505449144967976,-0.053592719399028974,-0.018828211620055532,6.717,0.0,3.0,294.0,0.6909090909090909,12.0,15.0,0.8,4.0,5.0,0.0,9.0,9.0,1.2525231175693528,0.0,0.0,0.0,1.0,2971.0,3500.0,1.0,1,75.0,199.0,65068
8437290,2024-12-03 00:54:58+00:00,1,"[0, 1, 1, 1, 1, 1, 1, 1, 0, 0, 1, 1, 1, 1, 1, 1, 1, 1, 1, 1, 1, 1, 1, 1, 1, 1, 1, 1, 1, 1, 1, 1, 1, 1, 1, 1, 1, 1]","[1, 1, 1, 1, 1, 1, 1, 1, 1, 1, 1, 1, 1, 1, 0, 1, 0, 1, 1, 0, 1, 1, 1, 1, 1, 1]",33914.0,941.0,0.16798702748077965,-0.6114337137678488,-0.054488959167710314,0.2259612567881653,0.11939328962621384,-0.07412946629464255,0.01584713069282676,0.030500288512228284,-0.04317344340611509,0.0778669440877906,-0.07791647071836902,-0.0069440649306055586,-0.026172253256940618,0.20995636990242048,-0.03481326916714037,-0.1482292857992833,0.06852539126647902,0.09263075257175206,0.02313302321270807,-0.008431530244752898,-0.039768111103099996,-0.05484988672575293,-0.023487699131707573,0.22505449144967976,-0.053592719399028974,0.008044419973869708,6.717,5.0,1.0,178.0,0.3016194331983805,5.0,10.0,0.9210526315789473,0.0,3.0,1.0,2.0,5.0,1.401404958677686,1.0,0.0,0.0,1.0,78968.0,6000.0,0.8518518518518519,0,73.0,82.0,43303
8461452,2024-12-04 05:23:53+00:00,1,,,20152.0,16317.0,0.16805707863863417,-0.6114337137678488,-0.054488959167710314,0.2259612567881653,-0.06670879924340213,-0.07412946629464255,0.4194777125113977,-0.03231283449775203,-0.04317344340611509,0.0778669440877906,-0.07791647071836902,-0.0069440649306055586,-0.026172253256940618,0.021081495765742912,0.16413019796925432,0.13611650753568505,0.06852539126647902,0.09263075257175206,0.02313302321270807,-0.008431530244752898,-0.009607996814591997,-0.05816090055260583,-0.023487699131707573,-0.016179347188425074,-0.053592719399028974,-0.018828211620055532,6.717,0.0,1.0,600.0,0.0,1.0,0.0,0.0,0.0,4.0,1.0,10.0,9.0,1.0606315789473684,0.0,0.0,0.0,1.0,78968.0,3825.0,0.0,0,0.0,112.0,71327
8470524,2024-12-07 23:27:06+00:00,1,,"[1, 1, 1, 1, 1, 1, 1, 1, 1, 1, 1, 1, 1, 1, 1, 1, 1, 1, 1, 1, 1, 1, 1, 1, 1, 1, 1, 1, 1, 1, 1, 1, 1, 1, 1, 1, 1, 1, 1, 1, 1, 1, 0, 0, 1, 1, 1, 1, 0, 0, 0, 0, 1, 1, 0, 0, 1, 0, 0, 0, 0, 0, 0, 0, 0, 1, 1, 1, 1, 1, 1, 1, 1]",29276.0,16317.0,0.16812383597688382,-0.6114337137678488,-0.054488959167710314,-0.1165395030712408,-0.05738860713727523,0.22755275636556374,-0.16547143701628758,0.030500288512228284,-0.04317344340611509,0.0778669440877906,-0.07791647071836902,-0.09236929204096728,-0.026172253256940618,-0.3292197513569699,0.28748156146469017,0.13611650753568505,0.06852539126647902,0.09263075257175206,0.02313302321270807,-0.008431530244752898,-0.039768111103099996,-0.05816090055260583,-0.023487699131707573,-0.016179347188425074,0.2103895073799279,0.141236061144545,6.717,15.0,3.0,210.0,0.863013698630137,18.0,12.0,0.0,1.0,5.0,2.0,10.0,26.0,0.6420879482399386,0.0,0.0,0.0,1.0,2218.0,5420.0,0.6697519437245465,0,20.0,468.0,550
8461492,2024-12-04 05:31:59+00:00,1,,"[0, 0, 0, 1, 1, 1, 1, 1, 1, 1, 1, 1, 1, 1, 1, 1]",17396.0,16317.0,0.16836137198856496,-0.6114337137678488,-0.054488959167710314,-0.1165395030712408,-0.06670879924340213,-0.07412946629464255,-0.16547143701628758,-0.03231283449775203,-0.04317344340611509,0.0778669440877906,-0.07791647071836902,-0.09236929204096728,-0.026172253256940618,-0.10985411191684905,0.28748156146469017,0.13611650753568505,0.06852539126647902,0.09263075257175206,0.02313302321270807,-0.008431530244752898,-0.009607996814591997,0.15904631144217646,-0.023487699131707573,-0.016179347188425074,0.015592503790590144,0.141236061144545,6.717,0.0,3.0,321.0,0.046875,40.0,5.0,0.0,0.0,2.0,3.0,10.0,15.0,0.7828278282782828,0.0,0.0,0.0,1.0,6387.0,4099.0,0.9558823529411765,0,3.0,350.0,10401
8437347,2024-12-02 23:58:59+00:00,1,,,19902.0,16317.0,0.16896893695034151,-0.6114337137678488,-0.054488959167710314,0.2259612567881653,0.11939328962621384,-0.07412946629464255,-0.16547143701628758,-0.03231283449775203,-0.04317344340611509,0.0778669440877906,-0.07791647071836902,-0.09236929204096728,-0.026172253256940618,0.27517336419933297,-0.03481326916714037,-0.1482292857992833,-0.12296996338010098,0.09263075257175206,0.02313302321270807,-0.008431530244752898,0.08965056778496559,-0.05816090055260583,0.04284707524103316,-0.016179347188425074,0.2103895073799279,-0.018828211620055532,6.717,0.0,1.0,194.0,0.0,162.0,0.0,0.0,0.0,4.0,99.0,10.0,3.0,1.1953153153153153,1.0,16.0,0.0,1.0,439.0,2340.0,0.0,1,11.0,470.0,72840
8438854,2024-12-03 05:24:19+00:00,0,,,20273.0,16317.0,0.16905721068233048,-0.6114337137678488,-0.054488959167710314,0.004753338369163321,-0.06670879924340213,-0.07412946629464255,0.14385053025774988,-0.03231283449775203,-0.04317344340611509,0.0778669440877906,-0.09921592132150975,-0.0069440649306055586,-0.026172253256940618,0.08251752792097579,0.28748156146469017,0.13611650753568505,0.06852539126647902,0.09263075257175206,-0.08168565936984104,-0.008431530244752898,0.04544625733308562,-0.05816090055260583,0.04284707524103316,-0.016179347188425074,-0.053592719399028974,-0.018828211620055532,6.717,0.0,2.0,600.0,0.0,4.0,0.0,0.0,0.0,0.0,1.0,10.0,8.0,0.9974415744157441,0.0,0.0,0.0,329.0,78968.0,3000.0,0.0,1,0.0,201.0,61430
8402732,2024-12-06 07:38:00+00:00,0,"[0, 0, 0, 0, 0, 0, 0, 1, 0, 0, 0, 0, 0, 0, 0, 0, 0, 1, 1, 1, 1, 1, 1, 0, 0, 0, 0, 1, 0, 1, 1, 1, 0, 1, 1, 1, 1, 1, 1, 1, 1, 0, 1, 0, 0, 1, 1, 1, 1, 1, 1, 1, 1, 1]","[0, 0, 0, 0, 0, 0, 0, 0, 0, 1, 1, 0, 0, 1, 0, 0, 0, 1, 0, 0, 0, 0, 0, 0, 0, 1, 1, 1, 1, 1]",35000.0,624.0,0.1691693151512849,-0.6114337137678488,-0.054488959167710314,0.2259612567881653,-0.06670879924340213,-0.07412946629464255,-0.16547143701628758,-0.03231283449775203,-0.04317344340611509,-0.048236128980226715,-0.07791647071836902,-0.09236929204096728,-0.026172253256940618,0.14199482941539582,0.28748156146469017,0.13611650753568505,-0.12296996338010098,0.09263075257175206,0.02313302321270807,-0.008431530244752898,-0.009607996814591997,-0.05816090055260583,0.04284707524103316,0.05393564252282038,0.04095250473658998,0.141236061144545,6.717,20.0,1.0,308.0,0.025925925925925925,162.0,4.0,0.5370370370370371,3.0,7.0,99.0,4.0,6.0,0.7571660356949702,0.0,16.0,0.0,1.0,17900.0,3500.0,0.4150537634408602,1,38.0,357.0,3113
8465929,2024-12-06 03:14:43+00:00,1,,"[1, 1]",11009.0,16317.0,0.16919723590118088,-0.6114337137678488,0.26094868650223196,0.2259612567881653,-0.06670879924340213,0.22755275636556374,-0.14267212177429597,0.030500288512228284,-0.04317344340611509,-0.048236128980226715,-0.07791647071836902,0.07090034106747711,-0.026172253256940618,0.08251752792097579,-0.03481326916714037,-0.1482292857992833,0.06852539126647902,-0.3012493410357806,0.02313302321270807,-0.008431530244752898,-0.039768111103099996,0.15904631144217646,-0.023487699131707573,-0.016179347188425074,0.015592503790590144,-0.03707202918461854,6.717,11196.0,1.0,388.0,1.0,10.0,7.0,0.0,3.0,3.0,0.0,10.0,8.0,1.2838483965014578,1.0,0.0,1.0,1.0,1345.0,6000.0,1.0,0,16.0,346.0,101313
8467725,2024-12-07 00:01:40+00:00,1,,,15387.0,16317.0,0.16927028054444718,-0.6114337137678488,0.23990797722314114,0.004753338369163321,-0.06670879924340213,-0.07412946629464255,0.01584713069282676,-0.03231283449775203,-0.04317344340611509,0.0778669440877906,-0.06544171956609646,0.07090034106747711,-0.026172253256940618,-0.01066169917084148,0.28748156146469017,-0.1482292857992833,-0.12296996338010098,0.09263075257175206,0.02313302321270807,-0.008431530244752898,-0.009607996814591997,-0.05816090055260583,-0.023487699131707573,-0.016179347188425074,-0.053592719399028974,-0.018828211620055532,6.717,100.0,2.0,311.0,0.0,5.0,3.0,0.0,0.0,16.0,0.0,10.0,13.0,0.8385286103542234,1.0,1.0,0.0,1.0,78968.0,3500.0,0.0,0,12.0,95.0,59288
8430112,2024-12-04 02:32:09+00:00,0,"[1, 1, 1, 1, 1, 1, 1, 1, 1, 1, 1, 1, 1, 1, 1]","[1, 1, 1, 1, 1, 1, 1, 1, 1, 1, 1, 1, 1, 1, 1, 1, 1, 1, 1, 1, 1]",27813.0,464.0,0.16936063124339187,-0.6114337137678488,-0.054488959167710314,0.2259612567881653,0.11939328962621384,0.17561735485816402,-0.16547143701628758,-0.03231283449775203,0.1740873916033103,0.0778669440877906,-0.07791647071836902,-0.0069440649306055586,-0.026172253256940618,0.021081495765742912,-0.03481326916714037,0.13611650753568505,-0.12296996338010098,0.09263075257175206,-0.08168565936984104,-0.008431530244752898,-0.039768111103099996,0.15904631144217646,0.04284707524103316,-0.016179347188425074,-0.053592719399028974,-0.0035377154089891926,6.717,0.0,1.0,206.0,0.6707317073170732,15.0,5.0,1.0,0.0,3.0,1.0,9.0,10.0,1.2585067873303168,0.0,1.0,0.0,329.0,632.0,4500.0,1.0,1,27.0,122.0,49213
8469433,2024-12-07 05:51:00+00:00,1,,,13619.0,16317.0,0.16964060425589422,-0.6114337137678488,-0.054488959167710314,0.2259612567881653,-0.06670879924340213,-0.07412946629464255,-0.14267212177429597,-0.03231283449775203,-0.04317344340611509,0.0778669440877906,0.47611841736311766,0.07090034106747711,-0.026172253256940618,0.021081495765742912,-0.03481326916714037,0.13611650753568505,0.06852539126647902,0.09263075257175206,-0.08168565936984104,0.12181209640599021,-0.039768111103099996,-0.05816090055260583,-0.023487699131707573,-0.016179347188425074,-0.053592719399028974,-0.018828211620055532,6.717,0.0,1.0,600.0,0.0,10.0,0.0,0.0,0.0,188.0,0.0,10.0,10.0,1.2105777777777778,0.0,0.0,0.0,329.0,263.0,6067.0,0.0,0,0.0,217.0,93024
8469121,2024-12-07 04:45:25+00:00,1,,"[1, 1, 1, 1, 1, 1, 1, 1, 1, 1, 1, 1, 1, 1, 1, 1, 1, 1]",29446.0,16317.0,0.17034192858034067,-0.6114337137678488,-0.054488959167710314,0.2259612567881653,0.11939328962621384,0.22755275636556374,-0.16547143701628758,-0.03231283449775203,-0.04317344340611509,0.0778669440877906,-0.07791647071836902,-0.09236929204096728,-0.026172253256940618,0.20995636990242048,-0.03481326916714037,-0.1482292857992833,-0.12296996338010098,0.09263075257175206,0.02313302321270807,-0.008431530244752898,-0.039768111103099996,0.15904631144217646,-0.023487699131707573,-0.016179347188425074,0.2103895073799279,-0.018828211620055532,6.717,0.0,1.0,149.0,1.0,162.0,0.0,0.0,0.0,8.0,99.0,10.0,5.0,1.1947577700235332,1.0,16.0,0.0,1.0,78968.0,6000.0,1.0,0,6.0,458.0,83178
8439024,2024-12-03 05:55:43+00:00,1,,"[1, 0, 0, 0, 0, 0, 0, 0, 0, 0, 0, 1, 0, 0, 0, 1, 0, 0, 0, 0, 0, 0, 0, 0, 1, 0, 1, 1, 1, 0, 1, 1, 1, 1, 1, 1, 1, 1, 1, 0, 1, 0, 0, 1, 1, 0, 1, 0, 1, 0, 0, 1, 1, 1, 1, 1, 1, 1, 1, 0, 0, 0, 1, 1, 1, 1, 1, 1, 1, 1, 1, 1, 1, 1, 1, 1, 1, 1]",22495.0,16317.0,0.170509870280118,-0.6114337137678488,-0.054488959167710314,0.2259612567881653,-0.06670879924340213,0.22755275636556374,0.14385053025774988,-0.03231283449775203,-0.04317344340611509,0.0778669440877906,-0.07791647071836902,0.07090034106747711,-0.026172253256940618,0.14199482941539582,0.16413019796925432,-0.1482292857992833,0.06852539126647902,0.09263075257175206,0.02313302321270807,-0.008431530244752898,-0.039768111103099996,-0.05816090055260583,-0.023487699131707573,-0.016179347188425074,-0.053592719399028974,-0.018828211620055532,6.717,0.0,1.0,428.0,0.8051282051282052,3.0,5.0,0.0,0.0,6.0,0.0,10.0,6.0,1.0661137440758295,1.0,0.0,0.0,1.0,4129.0,6595.0,0.7306069457968192,0,11.0,248.0,75095
8470883,2024-12-08 00:30:56+00:00,1,"[1, 1, 1, 1, 1, 1, 1, 1, 1, 1, 1, 1, 1, 1, 1, 1, 1, 1, 1, 1, 1, 1, 1]","[0, 0, 0, 0, 0, 0, 0, 0, 0, 0, 0, 0, 0, 0, 0, 0, 0, 0, 0, 0, 0, 0, 0, 1, 1, 1, 1, 1, 0, 1, 1, 1, 0, 1, 1, 1, 1, 1, 1, 1, 1, 1, 1, 1, 1, 1, 1, 1, 1, 1, 1, 1, 1, 1, 1, 1, 1, 1, 1, 1, 1, 1, 1, 1, 1, 1, 1, 1, 1, 1, 1, 1, 1, 1, 1, 1, 1, 1, 1, 1, 1, 1]",32697.0,892.0,0.17063976723796315,-0.6114337137678488,-0.054488959167710314,0.004753338369163321,0.11939328962621384,0.17561735485816402,0.14385053025774988,-0.03231283449775203,0.1740873916033103,-0.048236128980226715,-0.09921592132150975,0.07090034106747711,-0.026172253256940618,-0.15334582495827825,-0.03481326916714037,-0.1482292857992833,0.06852539126647902,0.09263075257175206,0.02313302321270807,-0.008431530244752898,-0.039768111103099996,-0.05484988672575293,0.04284707524103316,0.05393564252282038,0.04095250473658998,0.141236061144545,6.717,0.0,2.0,180.0,0.6707317073170732,3.0,4.0,1.0,3.0,1.0,0.0,9.0,16.0,1.2292105263157895,1.0,0.0,0.0,1.0,78968.0,8286.099999999991,0.9006758742286218,1,45.0,376.0,13110
8472750,2024-12-08 06:41:36+00:00,1,,,17026.0,16317.0,0.1708249099979792,-0.6114337137678488,-0.054488959167710314,0.004753338369163321,-0.05738860713727523,-0.07412946629464255,0.14385053025774988,-0.03231283449775203,-0.04317344340611509,0.0778669440877906,-0.09921592132150975,-0.09236929204096728,-0.026172253256940618,0.08251752792097579,0.28748156146469017,0.13611650753568505,0.06852539126647902,0.09263075257175206,0.02313302321270807,-0.008431530244752898,-0.009607996814591997,-0.05816090055260583,-0.023487699131707573,-0.016179347188425074,-0.053592719399028974,0.008044419973869708,6.717,0.0,2.0,274.0,0.0,3.0,2.0,0.0,0.0,1.0,2.0,10.0,8.0,0.7883502338287726,0.0,0.0,0.0,1.0,78968.0,4000.0,0.0,0,4.0,65.0,41021
8465795,2024-12-06 02:48:27+00:00,1,"[1, 1, 1, 1, 1, 1, 1, 1, 1, 1, 1]","[1, 1]",15437.0,726.0,0.17096800551139532,-0.6114337137678488,-0.054488959167710314,0.004753338369163321,-0.05738860713727523,0.22755275636556374,-0.16547143701628758,-0.03231283449775203,0.1740873916033103,0.0778669440877906,-0.07791647071836902,-0.0069440649306055586,0.13238330771477913,0.021081495765742912,-0.03481326916714037,-0.1482292857992833,0.06852539126647902,0.09263075257175206,0.02313302321270807,-0.008431530244752898,-0.009607996814591997,0.15904631144217646,0.04284707524103316,0.05393564252282038,-0.053592719399028974,-0.03707202918461854,6.717,0.0,2.0,268.0,1.0,17.0,3.0,1.0,0.0,11.0,1.0,1.0,9.0,1.208375733855186,1.0,0.0,0.0,1.0,78968.0,3659.0,1.0,1,39.0,183.0,161135
8465527,2024-12-06 01:43:21+00:00,1,"[0, 1, 1, 1, 1, 1, 1, 1, 1, 1, 1, 1, 1, 1, 1, 1, 1, 1, 1, 1, 1, 1, 1, 1, 1, 1, 1]","[0, 0, 0, 0, 0, 0, 0, 0, 0, 0, 0, 0, 0, 0, 0, 0, 0, 0, 0, 1, 1, 1, 1, 1, 1, 1, 1, 1, 1, 1, 1, 1, 1, 1, 1, 1, 1, 1, 1, 1, 1, 1, 1, 1, 1, 1, 1, 1, 1]",16854.0,778.0,0.17111373547397007,-0.6114337137678488,-0.054488959167710314,-0.23295731524514138,0.11939328962621384,-0.07412946629464255,-0.16547143701628758,0.030500288512228284,0.1740873916033103,-0.048236128980226715,-0.07791647071836902,-0.09236929204096728,-0.026172253256940618,-0.10985411191684905,0.28748156146469017,-0.1482292857992833,0.06852539126647902,0.09263075257175206,0.02313302321270807,-0.008431530244752898,-0.039768111103099996,-0.05484988672575293,-0.023487699131707573,-0.016179347188425074,0.04095250473658998,-0.018828211620055532,6.717,0.0,5.0,198.0,0.04137062232300327,18.0,10.0,0.9629629629629629,3.0,3.0,4.0,8.0,15.0,0.8374658385093168,1.0,0.0,0.0,6.0,28937.0,7000.0,0.8448979591836735,0,20.0,375.0,64529
8463887,2024-12-05 05:09:49+00:00,1,"[1, 0, 1, 1, 1, 1, 1, 1, 1, 1, 1, 1, 1, 1, 1, 0, 1, 1, 1, 1, 1, 1, 1, 1, 0]",,18356.0,362.0,0.1712707934681378,-0.6114337137678488,-0.054488959167710314,0.2259612567881653,0.11939328962621384,-0.07412946629464255,0.14385053025774988,-0.03231283449775203,-0.04317344340611509,0.0778669440877906,-0.06544171956609646,-0.0069440649306055586,-0.026172253256940618,0.14199482941539582,-0.03481326916714037,-0.1482292857992833,0.06852539126647902,0.09263075257175206,0.02313302321270807,-0.008431530244752898,-0.009607996814591997,-0.05816090055260583,-0.023487699131707573,0.22505449144967976,-0.053592719399028974,-0.018828211620055532,6.717,0.0,1.0,174.0,0.08,3.0,4.0,0.88,0.0,20.0,1.0,2.0,6.0,1.1418973561430794,1.0,0.0,0.0,1.0,78968.0,4095.0,0.0,0,53.0,100.0,73113
8469326,2024-12-07 05:25:06+00:00,1,"[0, 0, 0, 0, 0, 0, 0, 0, 0, 0, 0, 0, 0, 0, 0, 0, 0, 0, 0, 0, 0, 0, 0, 0, 0, 0, 0, 0, 0, 0, 0, 0, 0, 0, 0, 0, 0, 0, 0, 0, 0, 0, 0, 0, 0, 0, 0, 0, 0, 0, 0, 0, 0, 0, 0, 0, 0, 0, 0, 0, 0, 0, 0, 0, 1, 0]",,6421.0,16317.0,0.17129884194142425,-0.6114337137678488,0.26094868650223196,-0.1165395030712408,-0.05738860713727523,-0.07412946629464255,-0.16547143701628758,-0.03231283449775203,-0.04317344340611509,0.0778669440877906,-0.07791647071836902,-0.09236929204096728,-0.026172253256940618,-0.15334582495827825,0.28748156146469017,0.13611650753568505,-0.12296996338010098,0.09263075257175206,0.02313302321270807,-0.008431530244752898,-0.009607996814591997,-0.05816090055260583,0.04284707524103316,-0.016179347188425074,0.006896750883670848,0.008044419973869708,6.717,283.0,3.0,284.0,0.015151515151515152,14.0,3.0,0.015151515151515152,0.0,7.0,5.0,5.0,17.0,0.3669142857142857,0.0,1.0,0.0,1.0,3615.0,4000.0,0.0,1,31.0,308.0,40600
8430962,2024-12-03 05:49:31+00:00,1,"[1, 1, 1, 1, 0, 1, 1, 1, 0, 1, 1, 1, 1, 1, 0, 1, 0, 1, 1, 1, 1, 1, 1, 1, 1, 1, 1, 1, 0, 1, 0, 0, 1, 1, 1, 1, 1, 1, 1, 1, 1, 1, 1, 1, 1, 1, 1]",,27399.0,467.0,0.17142048656017198,-0.6114337137678488,0.26094868650223196,0.2259612567881653,-0.06670879924340213,-0.07412946629464255,-0.16547143701628758,0.4065249203285951,-0.04317344340611509,-0.048236128980226715,-0.09921592132150975,-0.09236929204096728,-0.026172253256940618,-0.15334582495827825,-0.03481326916714037,-0.1482292857992833,-0.12296996338010098,-0.3012493410357806,0.02313302321270807,-0.008431530244752898,-0.039768111103099996,-0.05816090055260583,-0.023487699131707573,0.22505449144967976,-0.053592719399028974,0.141236061144545,6.717,215.0,1.0,322.0,0.10638297872340426,36.0,18.0,0.851063829787234,3.0,0.0,7.0,2.0,18.0,1.2030296377607026,1.0,1.0,1.0,1.0,2618.0,5917.0,0.0,0,97.0,207.0,17706
8472049,2024-12-08 03:54:30+00:00,1,,,24304.0,16317.0,0.171773640548887,-0.6114337137678488,-0.054488959167710314,0.2259612567881653,-0.06670879924340213,-0.07412946629464255,-0.16547143701628758,-0.03231283449775203,-0.04317344340611509,0.0778669440877906,0.035324081286162975,-0.09236929204096728,-0.026172253256940618,0.27517336419933297,0.28748156146469017,-0.1482292857992833,-0.12296996338010098,0.09263075257175206,0.02313302321270807,-0.008431530244752898,-0.039768111103099996,-0.05816090055260583,-0.023487699131707573,-0.016179347188425074,-0.053592719399028974,0.141236061144545,6.717,0.0,1.0,358.0,0.0,162.0,1.0,0.0,0.0,21.0,99.0,10.0,3.0,0.7622871122541793,1.0,16.0,0.0,1.0,78968.0,4770.0,0.0,0,2.0,53.0,11
8438778,2024-12-03 05:07:24+00:00,1,,,8038.0,16317.0,0.1718273252647241,-0.6114337137678488,-0.054488959167710314,0.2259612567881653,-0.06670879924340213,-0.07412946629464255,0.4194777125113977,-0.03231283449775203,-0.04317344340611509,0.0778669440877906,-0.07791647071836902,-0.0069440649306055586,-0.026172253256940618,0.14199482941539582,0.16413019796925432,0.13611650753568505,-0.12296996338010098,0.09263075257175206,0.02313302321270807,0.12181209640599021,-0.009607996814591997,-0.05816090055260583,-0.023487699131707573,-0.016179347188425074,-0.053592719399028974,-0.018828211620055532,6.717,0.0,1.0,303.0,0.0,1.0,0.0,0.0,0.0,9.0,1.0,10.0,7.0,1.101095890410959,0.0,1.0,0.0,1.0,196.0,3500.0,0.0,0,17.0,39.0,84132
8465783,2024-12-06 02:45:29+00:00,0,,,13852.0,16317.0,0.172303477237051,-0.6114337137678488,-0.054488959167710314,0.004753338369163321,-0.05738860713727523,-0.07412946629464255,0.01584713069282676,-0.03231283449775203,-0.04317344340611509,0.0778669440877906,-0.06544171956609646,0.07090034106747711,0.13238330771477913,-0.01066169917084148,0.28748156146469017,0.13611650753568505,0.06852539126647902,-0.3012493410357806,0.02313302321270807,-0.008431530244752898,0.08965056778496559,-0.05816090055260583,0.04284707524103316,-0.016179347188425074,0.015592503790590144,-0.018828211620055532,6.717,0.0,2.0,210.0,0.0,6.0,0.0,0.0,0.0,15.0,0.0,1.0,12.0,0.9455290102389079,0.0,0.0,1.0,1.0,78968.0,700.0,0.0,1,9.0,324.0,61305
8438913,2024-12-03 05:33:39+00:00,1,"[1, 1, 1]","[0, 0, 0, 0, 0, 0, 0, 0, 0, 0, 0, 0, 0, 0, 0, 0, 0, 0, 0, 0, 0, 0, 0, 0, 0, 0, 0, 0, 0, 0, 0, 0, 0, 0, 0, 1, 0, 0, 0, 0, 0, 0, 0, 0, 0, 1, 1, 1, 1]",60760.0,862.0,0.17236054603778528,-0.6114337137678488,0.26094868650223196,-0.23295731524514138,0.11939328962621384,-0.05564041606933876,-0.16547143701628758,0.030500288512228284,0.1740873916033103,0.0778669440877906,-0.07791647071836902,-0.09236929204096728,-0.026172253256940618,-0.46958011525157795,0.28748156146469017,-0.1482292857992833,-0.12296996338010098,-0.3012493410357806,0.02313302321270807,0.12181209640599021,-0.039768111103099996,-0.05816090055260583,-0.023487699131707573,-0.016179347188425074,0.006896750883670848,0.008044419973869708,6.717,14816.0,5.0,171.0,0.5102040816326531,29.0,10.0,1.0,0.0,4.0,5.0,9.0,56.0,0.9811869196608801,1.0,3.0,1.0,1.0,248.0,8286.099999999991,0.18448979591836734,0,22.0,292.0,32330
8438351,2024-12-03 03:43:29+00:00,0,,,26652.0,16317.0,0.17245427946125685,-0.6114337137678488,0.23990797722314114,0.2259612567881653,-0.06670879924340213,-0.07412946629464255,0.4194777125113977,-0.03231283449775203,-0.04317344340611509,-0.048236128980226715,-0.07791647071836902,0.07090034106747711,-0.026172253256940618,0.021081495765742912,-0.03481326916714037,-0.1482292857992833,0.06852539126647902,0.09263075257175206,-0.08168565936984104,-0.008431530244752898,0.04544625733308562,-0.05816090055260583,0.04284707524103316,-0.016179347188425074,-0.053592719399028974,-0.03707202918461854,6.717,25.0,1.0,385.0,0.0,1.0,1.0,0.0,3.0,2.0,0.0,10.0,9.0,1.3791461836998706,1.0,0.0,0.0,329.0,78968.0,3046.0,0.0,1,1.0,12.0,100961
8465783,2024-12-06 02:45:29+00:00,1,"[1, 1, 1, 1, 1, 1, 1, 1, 1, 1, 1, 1, 1]","[0, 0, 0, 0, 0, 0, 0, 0, 0, 0, 0, 0, 0, 0, 0, 0, 0, 0, 0, 0, 0, 0, 0, 0, 0, 1, 1, 1, 1, 1, 1, 1, 1, 1, 1, 1, 1, 1, 1]",13852.0,540.0,0.17259131292651697,-0.6114337137678488,-0.054488959167710314,0.004753338369163321,-0.05738860713727523,-0.07412946629464255,-0.16547143701628758,-0.03231283449775203,0.1740873916033103,0.0778669440877906,-0.07791647071836902,-0.09236929204096728,-0.026172253256940618,-0.01066169917084148,0.28748156146469017,-0.1482292857992833,-0.12296996338010098,0.09263075257175206,0.02313302321270807,-0.008431530244752898,-0.039768111103099996,-0.05816090055260583,0.04284707524103316,-0.016179347188425074,0.2103895073799279,-0.018828211620055532,6.717,0.0,2.0,212.0,0.3675671450061694,162.0,2.0,1.0,0.0,5.0,99.0,9.0,12.0,0.9455290102389079,1.0,16.0,0.0,1.0,78968.0,6861.0,0.5833333333333334,1,25.0,447.0,61305
8470192,2024-12-07 22:04:52+00:00,1,,"[0, 0, 0, 0, 0, 0, 1, 1, 1, 0, 1, 1, 1, 1, 1, 1]",27590.0,16317.0,0.17264416523583304,-0.6114337137678488,-0.054488959167710314,0.2259612567881653,-0.05738860713727523,-0.05564041606933876,-0.14267212177429597,0.030500288512228284,-0.04317344340611509,0.0778669440877906,-0.06544171956609646,0.07090034106747711,-0.026172253256940618,-0.15334582495827825,0.28748156146469017,0.13611650753568505,0.06852539126647902,-0.3012493410357806,0.02313302321270807,-0.008431530244752898,-0.039768111103099996,-0.05484988672575293,-0.023487699131707573,-0.016179347188425074,0.13525803582801485,0.141236061144545,6.717,0.0,1.0,254.0,0.53125,13.0,12.0,0.0,1.0,13.0,0.0,10.0,17.0,1.0202270458159228,0.0,0.0,1.0,1.0,12249.0,4500.0,0.7720588235294118,0,25.0,380.0,2
8467631,2024-12-07 01:26:30+00:00,1,"[1, 1, 1, 1, 1, 1, 1, 1, 1, 1, 1, 1, 1, 1, 1, 1, 1, 1, 1, 1, 1, 1]","[0, 0, 0, 0, 0, 0, 1, 1, 1, 1, 1, 1, 1, 1, 1, 1, 1, 1, 1, 1, 1, 1, 1, 1, 1, 1, 1, 1]",45000.0,16317.0,0.17308261134301453,-0.6114337137678488,0.23990797722314114,-0.1165395030712408,-0.06670879924340213,0.22755275636556374,-0.16547143701628758,-0.03231283449775203,0.1740873916033103,0.0778669440877906,-0.07791647071836902,-0.0069440649306055586,-0.026172253256940618,-0.3292197513569699,-0.03481326916714037,-0.1482292857992833,0.06852539126647902,0.09263075257175206,0.02313302321270807,-0.008431530244752898,-0.039768111103099996,0.15904631144217646,-0.023487699131707573,-0.016179347188425074,-0.053592719399028974,-0.018828211620055532,6.717,23.0,3.0,308.0,0.8392857142857143,32.0,5.0,1.0,1.0,9.0,1.0,10.0,26.0,3.821656050955414,1.0,0.0,0.0,1.0,78968.0,7643.0,0.9482758620689655,0,8.0,126.0,69927
8461979,2024-12-04 08:11:32+00:00,0,,,18199.0,16317.0,0.1734452453880157,-0.6114337137678488,0.23990797722314114,0.2259612567881653,-0.06670879924340213,-0.07412946629464255,-0.043774865933036713,-0.03231283449775203,-0.04317344340611509,0.0778669440877906,-0.07791647071836902,-0.09236929204096728,-0.026172253256940618,0.27517336419933297,-0.03481326916714037,-0.1482292857992833,0.06852539126647902,0.09263075257175206,-0.08168565936984104,-0.008431530244752898,-0.009607996814591997,-0.05816090055260583,0.04284707524103316,-0.016179347188425074,-0.053592719399028974,-0.018828211620055532,6.717,83.0,1.0,600.0,0.0,8.0,1.0,0.0,0.0,2.0,2.0,10.0,3.0,1.2562297232001105,1.0,0.0,0.0,329.0,78968.0,3851.0,0.0,1,0.0,191.0,67920
8388471,2024-12-04 01:44:30+00:00,0,"[0, 0, 0, 0, 0, 0, 0, 0, 0, 0, 0, 0, 0, 0, 1, 1]","[1, 1, 1, 1, 1, 1, 1, 1, 1, 1, 1, 1, 1, 1, 1, 1, 1, 1, 1, 1, 1, 1, 1, 1, 1, 1, 1, 1, 1, 1, 1, 1, 1, 1, 1, 1, 1, 1, 1, 1, 1, 1, 1, 1, 1, 1, 1, 1, 1]",21928.0,16317.0,0.17347855320236125,-0.6114337137678488,-0.054488959167710314,0.004753338369163321,-0.05738860713727523,0.22755275636556374,0.4194777125113977,0.030500288512228284,-0.04317344340611509,0.0778669440877906,-0.06544171956609646,0.07090034106747711,-0.026172253256940618,0.021081495765742912,-0.03481326916714037,-0.1482292857992833,0.06852539126647902,0.09263075257175206,0.02313302321270807,-0.008431530244752898,-0.039768111103099996,0.15904631144217646,0.04284707524103316,-0.016179347188425074,0.015592503790590144,0.008044419973869708,6.717,0.0,2.0,271.0,0.765625,1.0,10.0,0.125,1.0,17.0,0.0,10.0,9.0,1.316996996996997,1.0,0.0,0.0,1.0,78968.0,8286.099999999991,1.0,1,0.0,323.0,45534
8464252,2024-12-05 06:51:10+00:00,1,"[1, 0, 0, 1, 0, 0, 1, 1, 1, 0, 0, 0, 1, 0, 1, 0, 0, 1, 0, 1, 0, 0, 0, 0, 0, 0, 1, 1, 0, 1, 0, 1, 0, 1, 1, 1, 1, 1, 1, 1, 1, 1, 1, 1]","[1, 1, 1, 1, 1, 1, 0, 1, 1, 1, 1, 1, 1, 1, 1, 1, 0, 0, 0, 0, 1, 1, 1, 1, 1, 1, 1, 1]",35000.0,601.0,0.17349103164682145,-0.6114337137678488,-0.054488959167710314,-0.1165395030712408,-0.05738860713727523,0.17561735485816402,-0.14267212177429597,0.4065249203285951,-0.04317344340611509,0.0778669440877906,-0.07791647071836902,-0.09236929204096728,-0.026172253256940618,-0.15334582495827825,0.16413019796925432,-0.1482292857992833,0.06852539126647902,-0.3012493410357806,0.02313302321270807,-0.008431530244752898,-0.039768111103099996,-0.05484988672575293,-0.023487699131707573,-0.016179347188425074,0.015592503790590144,0.141236061144545,6.717,0.0,3.0,250.0,0.6350909090909092,11.0,13.0,0.5454545454545454,1.0,3.0,2.0,4.0,16.0,1.1191405000959262,1.0,0.0,1.0,1.0,2477.0,8286.099999999991,0.8004926108374384,0,26.0,313.0,2
8471783,2024-12-08 03:05:05+00:00,1,"[1, 1, 1, 1, 1]","[0, 0, 0, 0, 0, 0, 0, 0, 0, 0, 1, 1, 1, 1, 1, 1, 1, 1, 1]",22148.0,336.0,0.17355440891619534,-0.6114337137678488,-0.054488959167710314,0.004753338369163321,-0.05738860713727523,0.22755275636556374,0.01584713069282676,-0.03231283449775203,0.1740873916033103,0.0778669440877906,-0.07791647071836902,0.07090034106747711,-0.026172253256940618,0.021081495765742912,-0.03481326916714037,0.13611650753568505,0.06852539126647902,0.09263075257175206,0.02313302321270807,-0.008431530244752898,-0.039768111103099996,-0.05816090055260583,-0.023487699131707573,-0.016179347188425074,-0.053592719399028974,0.141236061144545,6.717,0.0,2.0,271.0,0.763157894736842,5.0,2.0,1.0,0.0,7.0,0.0,8.0,9.0,1.185970548862115,0.0,0.0,0.0,5.0,456.0,5872.0,0.7105263157894737,0,5.0,97.0,22822
8436436,2024-12-05 06:33:09+00:00,1,,,28500.0,16317.0,0.1737782174863811,-0.6114337137678488,-0.054488959167710314,0.2259612567881653,0.11939328962621384,-0.07412946629464255,0.14385053025774988,-0.03231283449775203,-0.04317344340611509,-0.048236128980226715,0.035324081286162975,0.07090034106747711,0.13238330771477913,0.47334886807418025,-0.03481326916714037,0.13611650753568505,-0.12296996338010098,0.09263075257175206,0.02313302321270807,-0.008431530244752898,-0.009607996814591997,-0.05816090055260583,0.04284707524103316,-0.016179347188425074,-0.053592719399028974,-0.0035377154089891926,6.717,0.0,1.0,152.0,0.0,3.0,0.0,0.0,3.0,23.0,0.0,1.0,2.0,1.2167527643768945,0.0,1.0,0.0,1.0,78968.0,3467.0,0.0,1,10.0,230.0,52318
8472022,2024-12-08 03:49:18+00:00,1,,,20013.0,16317.0,0.17378155150037813,-0.6114337137678488,0.26094868650223196,0.2259612567881653,-0.05738860713727523,-0.07412946629464255,-0.16547143701628758,-0.03231283449775203,-0.04317344340611509,0.0778669440877906,-0.07791647071836902,-0.09236929204096728,-0.026172253256940618,0.20995636990242048,-0.03481326916714037,0.13611650753568505,-0.12296996338010098,0.09263075257175206,0.02313302321270807,-0.008431530244752898,-0.039768111103099996,-0.05816090055260583,-0.023487699131707573,-0.016179347188425074,0.13525803582801485,-0.018828211620055532,6.717,300.0,1.0,278.0,0.0,162.0,2.0,0.0,0.0,7.0,99.0,10.0,5.0,1.2240366972477064,0.0,16.0,0.0,1.0,8120.0,5233.0,0.0,0,2.0,417.0,58828
8467525,2024-12-06 23:10:01+00:00,1,,"[0, 0, 0, 0, 0, 0, 0, 0, 0, 0, 0, 0, 0, 0, 0, 0, 0, 1, 1, 1, 0, 0, 0, 0, 0, 0, 0, 0, 1, 1, 1, 1, 0, 0, 0, 0, 1, 1, 1, 1, 1, 1, 1, 1, 1, 1, 1, 1, 1, 1]",14482.0,16317.0,0.17397007465853428,-0.6114337137678488,0.23990797722314114,0.2259612567881653,-0.05738860713727523,-0.07412946629464255,-0.16547143701628758,-0.03231283449775203,-0.04317344340611509,0.0778669440877906,-0.07791647071836902,-0.09236929204096728,-0.026172253256940618,0.021081495765742912,0.28748156146469017,-0.1482292857992833,-0.12296996338010098,-0.3012493410357806,0.02313302321270807,-0.008431530244752898,-0.009607996814591997,-0.05816090055260583,-0.023487699131707573,-0.016179347188425074,0.04095250473658998,0.008044419973869708,6.717,66.0,1.0,236.0,0.043333333333333335,22.0,4.0,0.0,0.0,9.0,3.0,9.0,10.0,0.9670784641068447,1.0,1.0,1.0,1.0,1945.0,4004.0,0.6180392156862745,0,22.0,376.0,41779
8470411,2024-12-08 03:45:41+00:00,1,,"[0, 1, 0, 1, 1, 1, 1, 1, 1, 1]",23626.0,16317.0,0.17442743741737235,-0.6114337137678488,-0.054488959167710314,-0.1165395030712408,0.41236787050388063,-0.07412946629464255,0.4194777125113977,-0.03231283449775203,-0.04317344340611509,0.0778669440877906,-0.06544171956609646,0.07090034106747711,-0.026172253256940618,0.14199482941539582,-0.03481326916714037,-0.1482292857992833,0.06852539126647902,0.09263075257175206,0.02313302321270807,-0.008431530244752898,-0.039768111103099996,-0.05484988672575293,-0.023487699131707573,-0.016179347188425074,-0.053592719399028974,-0.018828211620055532,6.717,0.0,3.0,85.0,0.3923076923076923,1.0,3.0,0.0,1.0,12.0,0.0,3.0,7.0,1.4729426433915211,1.0,0.0,0.0,1.0,78968.0,4877.0,0.9272727272727272,0,27.0,244.0,90582
8438346,2024-12-03 03:42:37+00:00,1,,,31555.0,16317.0,0.1745289677882783,-0.6114337137678488,0.26094868650223196,-0.1165395030712408,0.41236787050388063,-0.07412946629464255,-0.043774865933036713,-0.03231283449775203,-0.04317344340611509,0.0778669440877906,-0.07791647071836902,0.07090034106747711,-0.026172253256940618,0.021081495765742912,-0.03481326916714037,-0.1482292857992833,0.06852539126647902,-0.3012493410357806,0.02313302321270807,-0.008431530244752898,-0.039768111103099996,-0.05816090055260583,-0.023487699131707573,-0.016179347188425074,-0.053592719399028974,0.008044419973869708,6.717,200.0,3.0,115.0,0.0,8.0,3.0,0.0,0.0,2.0,0.0,10.0,11.0,1.1622467771639042,1.0,0.0,1.0,1.0,2749.0,5000.0,0.0,0,17.0,106.0,42930
8471189,2024-12-08 01:19:36+00:00,0,"[1, 1, 1, 1]",,48334.0,655.0,0.1749255009238736,-0.6114337137678488,-0.054488959167710314,-0.1165395030712408,-0.05738860713727523,0.22755275636556374,-0.043774865933036713,-0.03231283449775203,0.1740873916033103,0.0778669440877906,-0.07791647071836902,-0.0069440649306055586,0.13238330771477913,-0.3292197513569699,-0.03481326916714037,-0.1482292857992833,0.06852539126647902,-0.3012493410357806,0.02313302321270807,-0.008431530244752898,0.08965056778496559,-0.05816090055260583,0.04284707524103316,0.22505449144967976,0.2103895073799279,0.141236061144545,6.717,0.0,3.0,210.0,0.9857142857142858,7.0,1.0,1.0,0.0,5.0,1.0,1.0,26.0,1.1978686493184634,1.0,0.0,1.0,1.0,78968.0,0.0,0.0,1,79.0,442.0,23657
8438706,2024-12-03 04:53:16+00:00,1,"[0, 0, 0, 1, 1, 1, 1, 1, 1, 1]","[0, 0, 0, 0, 0, 0, 0, 0, 0, 0, 0, 0, 0, 1, 1, 1, 1, 1, 1, 1, 1, 1, 1, 1, 1, 1, 1, 1, 1, 1, 1, 1, 1, 1, 1, 1, 1, 1, 1, 1]",23658.0,650.0,0.17494275603643633,-0.6114337137678488,-0.054488959167710314,-0.23295731524514138,-0.05738860713727523,-0.05564041606933876,0.14385053025774988,-0.03231283449775203,-0.04317344340611509,0.0778669440877906,-0.07791647071836902,-0.09236929204096728,-0.026172253256940618,-0.01066169917084148,0.28748156146469017,0.13611650753568505,0.06852539126647902,0.09263075257175206,0.02313302321270807,-0.008431530244752898,-0.009607996814591997,-0.05484988672575293,0.04284707524103316,0.05393564252282038,0.04095250473658998,0.008044419973869708,6.717,0.0,4.0,234.0,0.4138888888888888,3.0,3.0,0.7,0.0,5.0,2.0,9.0,13.0,0.9971759747102212,0.0,0.0,0.0,1.0,465.0,3700.0,0.8890243902439025,1,40.0,364.0,38668
8462752,2024-12-05 01:17:00+00:00,0,,"[0, 0, 0, 0, 0, 0, 0, 0, 0, 0, 0, 0, 0, 0, 0, 0, 0, 0, 0, 0, 0, 0, 0, 0, 0, 0, 0, 1, 1, 1, 1, 1, 1]",22697.0,16317.0,0.17495121436946764,-0.6114337137678488,0.26094868650223196,0.2259612567881653,-0.06670879924340213,-0.07412946629464255,-0.16547143701628758,-0.03231283449775203,-0.04317344340611509,0.0778669440877906,-0.07791647071836902,-0.09236929204096728,-0.026172253256940618,0.25953741616204173,0.16413019796925432,-0.1482292857992833,-0.12296996338010098,-0.3012493410357806,0.02313302321270807,-0.008431530244752898,-0.039768111103099996,-0.05816090055260583,0.04284707524103316,-0.016179347188425074,-0.053592719399028974,0.141236061144545,6.717,2264.0,1.0,346.0,0.08658008658008658,162.0,2.0,0.0,0.0,6.0,99.0,9.0,4.0,1.1153316953316954,1.0,16.0,1.0,1.0,920.0,8286.099999999991,0.32620320855614976,1,19.0,145.0,24379
8466171,2024-12-06 04:40:50+00:00,1,,"[1, 1, 1, 1, 1, 1, 1, 1, 1, 0, 1, 0, 1, 1, 1, 1, 1, 1, 1, 1, 1, 1, 1, 1, 1, 1, 1, 1, 1, 1, 1, 1, 1, 1, 0, 1, 1, 1, 1, 1, 1, 1, 1, 1, 1, 1, 1, 1, 1, 1, 1, 1, 1, 1, 1, 1, 1, 1, 1, 0, 0, 0, 0, 0, 0, 0, 0, 0, 0, 0, 0, 0, 0, 0, 0, 0, 0, 0, 0]",19356.0,16317.0,0.17500427728158363,-0.6114337137678488,-0.054488959167710314,0.2259612567881653,-0.06670879924340213,-0.05564041606933876,0.1880244731129659,-0.03231283449775203,-0.04317344340611509,0.0778669440877906,0.08779149858909129,0.07090034106747711,-0.026172253256940618,0.14199482941539582,-0.03481326916714037,0.13611650753568505,0.06852539126647902,0.09263075257175206,0.02313302321270807,-0.008431530244752898,-0.009607996814591997,-0.05816090055260583,-0.023487699131707573,-0.016179347188425074,0.015592503790590144,-0.018828211620055532,6.717,0.0,1.0,336.0,0.5632911392405063,2.0,4.0,0.0,0.0,30.0,0.0,10.0,7.0,1.185666156202144,0.0,0.0,0.0,1.0,4843.0,3987.0,0.5420886075949367,0,0.0,319.0,90267
8469091,2024-12-07 04:39:30+00:00,0,"[1, 1, 1, 1, 1, 1, 1, 1, 1, 1, 1, 1, 1]","[0, 0, 0, 0, 0, 0, 0, 0, 0, 0, 0, 0, 0, 0, 0, 0, 0, 0, 0, 0, 0, 0, 0, 0, 0, 0, 0, 0, 0, 0, 0, 0, 0, 0, 0, 0, 0, 0, 0, 0, 0, 0, 0, 1, 0, 0, 0, 0, 0, 0, 0, 0, 0, 0, 1, 1, 1, 1, 1, 1, 1, 1, 1, 1]",16348.0,485.0,0.17531370621823594,-0.6114337137678488,-0.054488959167710314,-0.23295731524514138,0.41236787050388063,-0.07412946629464255,-0.16547143701628758,-0.03231283449775203,0.1740873916033103,0.0778669440877906,-0.06544171956609646,0.07090034106747711,-0.026172253256940618,-0.2062583476798761,-0.03481326916714037,0.13611650753568505,0.06852539126647902,-0.3012493410357806,0.02313302321270807,-0.008431530244752898,0.08965056778496559,-0.05816090055260583,0.04284707524103316,-0.016179347188425074,-0.053592719399028974,-0.018828211620055532,6.717,0.0,4.0,51.0,0.3492943548387097,16.0,1.0,1.0,0.0,16.0,0.0,8.0,22.0,1.2132096474953618,0.0,0.0,1.0,1.0,479.0,2300.0,0.3072115384615385,1,21.0,88.0,86117
8469575,2024-12-07 06:17:36+00:00,1,,"[0, 0, 0, 0, 0, 0, 0, 0, 0, 0, 0, 0, 0, 0, 0, 0, 0, 0, 0, 0, 0, 0, 0, 0, 0, 0, 0, 0, 0, 1, 1, 1, 1, 1, 1, 1, 1, 1, 1, 1, 1, 1, 1, 0, 1, 1, 0, 0, 1, 1, 1, 1, 1, 1]",45000.0,16317.0,0.17537100792651425,-0.6114337137678488,-0.054488959167710314,0.004753338369163321,-0.05738860713727523,-0.07412946629464255,0.1880244731129659,-0.03231283449775203,-0.04317344340611509,0.0778669440877906,-0.07791647071836902,0.07090034106747711,-0.026172253256940618,0.14199482941539582,-0.03481326916714037,0.13611650753568505,0.06852539126647902,0.09263075257175206,0.02313302321270807,-0.008431530244752898,0.08965056778496559,-0.05816090055260583,0.04284707524103316,-0.016179347188425074,-0.053592719399028974,0.141236061144545,6.717,0.0,2.0,297.0,0.018518518518518517,2.0,3.0,0.0,0.0,2.0,0.0,9.0,6.0,1.6,0.0,0.0,0.0,1.0,4058.0,1796.0,0.6134680134680135,1,0.0,59.0,0
8438670,2024-12-03 04:47:29+00:00,1,"[1, 1, 1, 1, 1]","[0, 0, 0, 0, 0, 0, 0, 0, 0, 0, 0, 0, 0, 0, 0, 0, 0, 1, 1, 1, 1]",15121.0,774.0,0.17590932957097222,-0.6114337137678488,-0.054488959167710314,-0.5083517388880758,-0.06670879924340213,-0.05564041606933876,-0.16547143701628758,0.4065249203285951,0.1740873916033103,-0.048236128980226715,-0.07791647071836902,-0.09236929204096728,-0.026172253256940618,-0.46958011525157795,0.28748156146469017,0.13611650753568505,-0.12296996338010098,0.09263075257175206,0.02313302321270807,-0.008431530244752898,-0.039768111103099996,-0.05816090055260583,-0.023487699131707573,0.05393564252282038,0.2103895073799279,0.008044419973869708,6.717,0.0,9.0,314.0,0.5626706626706627,26.0,25.0,1.0,3.0,5.0,6.0,9.0,50.0,0.7665906210392902,0.0,1.0,0.0,1.0,15057.0,7000.0,0.33766233766233766,0,45.0,604.0,32980
8430112,2024-12-04 02:32:09+00:00,1,,"[0, 1, 1, 1, 1, 1, 1, 1, 1, 1, 1, 1, 1]",27813.0,16317.0,0.17618004894853725,-0.6114337137678488,0.23990797722314114,0.2259612567881653,-0.06670879924340213,-0.07412946629464255,-0.16547143701628758,-0.03231283449775203,-0.04317344340611509,0.0778669440877906,-0.07791647071836902,-0.09236929204096728,-0.026172253256940618,0.27517336419933297,-0.03481326916714037,0.13611650753568505,-0.12296996338010098,0.09263075257175206,-0.08168565936984104,-0.008431530244752898,-0.039768111103099996,0.15904631144217646,0.04284707524103316,-0.016179347188425074,-0.053592719399028974,-0.0035377154089891926,6.717,55.0,1.0,438.0,0.07692307692307693,162.0,2.0,0.0,0.0,3.0,99.0,10.0,3.0,1.2585067873303168,0.0,16.0,0.0,329.0,571.0,8286.099999999991,0.989010989010989,1,11.0,232.0,49213
8461756,2024-12-04 06:43:34+00:00,1,"[1, 1]","[0, 0, 0, 0, 0, 0, 0, 0, 0, 0, 0, 0, 0, 0, 0, 0, 0, 0, 0, 0, 0, 0, 1, 0, 0, 1, 1, 1, 1, 1, 1, 1, 1, 1]",7675.0,420.0,0.17628232274193195,-0.6114337137678488,-0.054488959167710314,-0.23295731524514138,-0.06670879924340213,-0.07412946629464255,-0.043774865933036713,0.030500288512228284,0.1740873916033103,0.0778669440877906,-0.07791647071836902,0.07090034106747711,-0.026172253256940618,-0.2062583476798761,0.28748156146469017,0.13611650753568505,0.06852539126647902,0.09263075257175206,0.02313302321270807,-0.008431530244752898,-0.039768111103099996,-0.05816090055260583,-0.023487699131707573,-0.016179347188425074,0.006896750883670848,-0.03707202918461854,6.717,0.0,4.0,346.0,0.35323826500297084,8.0,10.0,1.0,0.0,4.0,0.0,9.0,23.0,0.6427434888200318,0.0,0.0,0.0,1.0,4439.0,4648.0,0.492436974789916,0,21.0,310.0,102983
8464615,2024-12-05 12:22:29+00:00,1,,,27683.0,16317.0,0.17678370372600474,-0.6114337137678488,-0.054488959167710314,0.2259612567881653,-0.06670879924340213,-0.07412946629464255,0.1880244731129659,-0.03231283449775203,-0.04317344340611509,0.0778669440877906,0.08779149858909129,0.07090034106747711,-0.026172253256940618,0.14199482941539582,-0.03481326916714037,0.13611650753568505,0.06852539126647902,0.09263075257175206,-0.08168565936984104,-0.008431530244752898,-0.009607996814591997,-0.05816090055260583,-0.023487699131707573,-0.016179347188425074,0.015592503790590144,0.141236061144545,6.717,0.0,1.0,354.0,0.0,2.0,3.0,0.0,0.0,32.0,0.0,10.0,7.0,1.1827309236947792,0.0,0.0,0.0,329.0,4814.0,4300.0,0.0,0,1.0,319.0,11926
8460919,2024-12-04 03:11:38+00:00,1,,,13220.0,16317.0,0.17700346651796817,-0.6114337137678488,-0.054488959167710314,-0.1165395030712408,-0.06670879924340213,-0.07412946629464255,0.1880244731129659,-0.03231283449775203,-0.04317344340611509,-0.048236128980226715,-0.07791647071836902,-0.0069440649306055586,-0.026172253256940618,0.27517336419933297,0.28748156146469017,0.13611650753568505,0.06852539126647902,0.09263075257175206,-0.08168565936984104,0.12181209640599021,-0.009607996814591997,-0.05816090055260583,-0.023487699131707573,-0.016179347188425074,-0.053592719399028974,-0.018828211620055532,6.717,0.0,3.0,351.0,0.0,2.0,0.0,0.0,3.0,2.0,1.0,10.0,3.0,1.0248062015503876,0.0,0.0,0.0,329.0,105.0,3500.0,0.0,0,14.0,175.0,94133
8323560,2024-12-06 00:45:28+00:00,0,,"[0, 0, 0, 0, 0, 0, 0, 0, 0, 0, 0, 1]",24236.0,16317.0,0.17727015790878295,-0.6114337137678488,-0.054488959167710314,-0.1165395030712408,-0.06670879924340213,-0.05564041606933876,-0.14267212177429597,0.4065249203285951,-0.04317344340611509,-0.048236128980226715,-0.07791647071836902,-0.0069440649306055586,-0.026172253256940618,-0.10985411191684905,0.16413019796925432,0.13611650753568505,0.06852539126647902,-0.3012493410357806,0.02313302321270807,-0.008431530244752898,-0.039768111103099996,-0.05816090055260583,0.04284707524103316,0.05393564252282038,0.13525803582801485,-0.018828211620055532,6.717,0.0,3.0,306.0,0.5288978494623655,12.0,14.0,0.0,3.0,5.0,1.0,10.0,15.0,1.1259465737514518,0.0,0.0,1.0,1.0,7086.0,5105.0,0.15384615384615385,1,35.0,418.0,77372
8426916,2024-12-04 00:00:39+00:00,1,,,25704.0,16317.0,0.17730944101012222,-0.6114337137678488,-0.054488959167710314,0.004753338369163321,-0.06670879924340213,-0.07412946629464255,0.01584713069282676,-0.03231283449775203,-0.04317344340611509,0.0778669440877906,0.2659552272166623,0.07090034106747711,-0.026172253256940618,0.27517336419933297,-0.03481326916714037,-0.1482292857992833,0.06852539126647902,0.09263075257175206,0.02313302321270807,-0.008431530244752898,-0.039768111103099996,-0.05816090055260583,-0.023487699131707573,-0.016179347188425074,0.015592503790590144,0.141236061144545,6.717,0.0,2.0,456.0,0.0,6.0,3.0,0.0,0.0,37.0,0.0,10.0,3.0,1.1659257915268075,1.0,0.0,0.0,1.0,2334.0,8286.099999999991,0.0,0,12.0,346.0,10400
8469468,2024-12-07 05:57:15+00:00,0,[1],"[1, 1, 1, 1, 1, 1, 1, 1, 1, 1]",23093.0,545.0,0.17736591754561779,-0.6114337137678488,0.26094868650223196,-0.23295731524514138,-0.06670879924340213,0.22755275636556374,-0.16547143701628758,0.4065249203285951,0.1740873916033103,-0.4142474070967134,-0.07791647071836902,-0.09236929204096728,-0.026172253256940618,-0.46958011525157795,-0.03481326916714037,-0.1482292857992833,0.06852539126647902,-0.3012493410357806,-0.08168565936984104,-0.008431530244752898,-0.009607996814591997,0.15904631144217646,0.04284707524103316,0.22505449144967976,-0.053592719399028974,-0.018828211620055532,6.717,12526.0,5.0,348.0,0.84375,31.0,17.0,1.0,5.0,2.0,3.0,2.0,74.0,1.1560951188986233,1.0,0.0,1.0,329.0,78968.0,3980.0,1.0,1,173.0,190.0,69515
8470028,2024-12-07 09:24:24+00:00,1,,,20539.0,16317.0,0.1775175431404026,-0.6114337137678488,0.26094868650223196,0.004753338369163321,-0.06670879924340213,-0.07412946629464255,0.14385053025774988,0.030500288512228284,-0.04317344340611509,0.0778669440877906,-0.07791647071836902,0.07090034106747711,-0.026172253256940618,0.14199482941539582,-0.03481326916714037,0.13611650753568505,-0.12296996338010098,0.09263075257175206,0.02313302321270807,0.12181209640599021,-0.039768111103099996,-0.05816090055260583,-0.023487699131707573,-0.016179347188425074,-0.053592719399028974,-0.018828211620055532,6.717,27907.0,2.0,326.0,0.0,3.0,7.0,0.0,0.0,4.0,0.0,10.0,7.0,1.2299538894544584,0.0,1.0,0.0,1.0,266.0,4999.0,0.0,0,19.0,151.0,61545
8436772,2024-12-02 05:18:19+00:00,1,,"[0, 0, 0, 0, 0, 0, 0, 0, 0, 0, 0, 0, 0, 0, 0, 0, 0, 0, 1, 0, 0, 0, 0, 0, 0, 0, 0, 0, 0, 0, 0, 1, 1, 1, 1, 1, 1, 1, 1, 1, 1, 1]",7202.0,16317.0,0.17781237310297915,-0.6114337137678488,-0.054488959167710314,0.2259612567881653,-0.06670879924340213,-0.07412946629464255,-0.043774865933036713,-0.03231283449775203,-0.04317344340611509,-0.4142474070967134,0.2659552272166623,-0.09236929204096728,-0.026172253256940618,0.27517336419933297,0.28748156146469017,-0.1482292857992833,-0.12296996338010098,0.09263075257175206,0.02313302321270807,-0.008431530244752898,-0.039768111103099996,-0.05816090055260583,-0.023487699131707573,-0.016179347188425074,0.2103895073799279,-0.018828211620055532,6.717,0.0,1.0,516.0,0.023809523809523808,8.0,3.0,0.0,4.0,35.0,2.0,9.0,3.0,0.9791978246091094,1.0,2.0,0.0,1.0,1623.0,6000.0,0.4717607973421927,0,0.0,559.0,91472
8467998,2024-12-07 01:01:40+00:00,1,"[1, 1, 0, 1, 1, 1, 1, 1, 1, 1, 1]","[0, 0, 0, 1, 1, 1, 1, 1, 1, 1, 1, 1, 1, 1, 1, 1, 1, 1, 1, 1, 1, 1, 1, 1, 1, 1, 1, 1, 1, 1, 1, 1, 1, 1, 1, 1, 1, 1, 1, 1, 1, 1, 1]",14813.0,600.0,0.1779269145652973,-0.6114337137678488,-0.054488959167710314,0.004753338369163321,0.11939328962621384,-0.07412946629464255,0.14385053025774988,-0.03231283449775203,-0.04317344340611509,0.0778669440877906,-0.06544171956609646,-0.0069440649306055586,-0.026172253256940618,0.021081495765742912,-0.03481326916714037,0.13611650753568505,0.06852539126647902,0.09263075257175206,0.02313302321270807,0.12181209640599021,-0.039768111103099996,0.15904631144217646,-0.023487699131707573,-0.016179347188425074,-0.053592719399028974,-0.018828211620055532,6.717,0.0,2.0,183.0,0.10461340984596797,4.0,0.0,0.9090909090909091,0.0,14.0,1.0,9.0,9.0,1.3051101321585903,0.0,0.0,0.0,1.0,113.0,6920.0,0.9936575052854123,0,10.0,200.0,74606
8469852,2024-12-07 07:34:27+00:00,1,,,45000.0,16317.0,0.17802357965948304,-0.6114337137678488,0.26094868650223196,0.004753338369163321,-0.06670879924340213,-0.07412946629464255,-0.043774865933036713,-0.03231283449775203,-0.04317344340611509,0.0778669440877906,-0.06544171956609646,0.07090034106747711,-0.026172253256940618,0.08251752792097579,-0.03481326916714037,0.13611650753568505,0.06852539126647902,0.09263075257175206,-0.08168565936984104,-0.008431530244752898,-0.009607996814591997,-0.05816090055260583,-0.023487699131707573,-0.016179347188425074,-0.053592719399028974,0.141236061144545,6.717,189.0,2.0,336.0,0.0,7.0,4.0,0.0,0.0,16.0,0.0,10.0,8.0,1.6,0.0,0.0,0.0,329.0,356.0,4350.0,0.0,0,21.0,185.0,0
8461132,2024-12-04 03:58:33+00:00,1,,"[1, 1, 1, 1, 1, 1, 1, 1, 1, 1, 1, 1, 1, 1, 1, 1, 1, 1, 1, 1, 1, 1, 1, 1, 1, 1, 1, 1, 1, 1]",10653.0,16317.0,0.1780679081789183,-0.6114337137678488,-0.054488959167710314,0.2259612567881653,-0.06670879924340213,0.22755275636556374,-0.16547143701628758,-0.03231283449775203,-0.04317344340611509,0.0778669440877906,-0.07791647071836902,-0.0069440649306055586,-0.026172253256940618,0.20995636990242048,-0.03481326916714037,0.13611650753568505,0.06852539126647902,0.09263075257175206,0.02313302321270807,-0.008431530244752898,-0.039768111103099996,0.15904631144217646,-0.023487699131707573,-0.016179347188425074,-0.053592719399028974,-0.018828211620055532,6.717,0.0,1.0,368.0,1.0,27.0,6.0,0.0,0.0,5.0,1.0,10.0,5.0,1.4868108862526168,0.0,0.0,0.0,1.0,2185.0,8286.099999999991,1.0,0,18.0,281.0,70242
8465667,2024-12-06 02:17:37+00:00,1,,,10183.0,16317.0,0.17834947115913222,-0.6114337137678488,-0.054488959167710314,0.2259612567881653,-0.06670879924340213,-0.07412946629464255,0.4194777125113977,-0.03231283449775203,-0.04317344340611509,-0.048236128980226715,-0.09921592132150975,-0.0069440649306055586,-0.026172253256940618,0.47334886807418025,-0.03481326916714037,0.13611650753568505,0.06852539126647902,0.09263075257175206,-0.08168565936984104,-0.008431530244752898,0.04544625733308562,-0.05816090055260583,0.04284707524103316,-0.016179347188425074,-0.053592719399028974,-0.03707202918461854,6.717,0.0,1.0,600.0,0.0,1.0,0.0,0.0,3.0,0.0,1.0,10.0,2.0,1.3219524860443983,0.0,0.0,0.0,329.0,388.0,3000.0,0.0,1,0.0,219.0,110926
8471117,2024-12-08 02:24:49+00:00,0,,,18969.0,16317.0,0.17840892259076718,-0.6114337137678488,-0.054488959167710314,0.2259612567881653,-0.06670879924340213,-0.07412946629464255,0.14385053025774988,-0.03231283449775203,-0.04317344340611509,0.0778669440877906,-0.09921592132150975,-0.09236929204096728,-0.026172253256940618,0.27517336419933297,-0.03481326916714037,0.13611650753568505,0.06852539126647902,0.09263075257175206,0.02313302321270807,-0.008431530244752898,0.04544625733308562,-0.05816090055260583,0.04284707524103316,-0.016179347188425074,-0.053592719399028974,-0.018828211620055532,6.717,0.0,1.0,600.0,0.0,3.0,0.0,0.0,0.0,0.0,2.0,10.0,3.0,1.2788377266904873,0.0,0.0,0.0,1.0,468.0,2599.0,0.0,1,0.0,56.0,61463
8469985,2024-12-07 08:46:23+00:00,1,"[1, 1, 1, 1, 1]","[0, 0, 0, 0, 0, 0, 0, 0, 0, 0, 0, 0, 0, 0, 0, 0, 0, 0, 0, 0, 0, 0, 0, 0, 0, 0, 0, 0, 0, 0, 0, 0, 0, 0, 0, 0, 0, 0, 0, 0, 1, 1, 1, 1]",32322.0,342.0,0.17858552168433345,-0.6114337137678488,-0.054488959167710314,-0.23295731524514138,0.41236787050388063,0.22755275636556374,-0.14267212177429597,-0.03231283449775203,0.1740873916033103,0.0778669440877906,-0.07791647071836902,0.07090034106747711,0.13238330771477913,-0.15334582495827825,-0.03481326916714037,0.13611650753568505,0.06852539126647902,0.09263075257175206,-0.08168565936984104,-0.008431530244752898,-0.039768111103099996,-0.05816090055260583,-0.023487699131707573,-0.016179347188425074,-0.053592719399028974,-0.018828211620055532,6.717,0.0,4.0,92.0,0.7556818181818182,9.0,0.0,1.0,0.0,6.0,0.0,1.0,18.0,1.169138392534182,0.0,0.0,0.0,329.0,490.0,8109.0,0.1717171717171717,0,26.0,209.0,62761
8472581,2024-12-08 05:51:43+00:00,1,,,17558.0,16317.0,0.1790368684937157,-0.6114337137678488,0.26094868650223196,0.2259612567881653,-0.05738860713727523,-0.07412946629464255,-0.043774865933036713,-0.03231283449775203,-0.04317344340611509,0.0778669440877906,-0.06544171956609646,0.07090034106747711,-0.026172253256940618,0.08251752792097579,-0.03481326916714037,-0.1482292857992833,0.06852539126647902,-0.3012493410357806,0.02313302321270807,-0.008431530244752898,0.04544625733308562,-0.05816090055260583,0.04284707524103316,-0.016179347188425074,-0.053592719399028974,-0.018828211620055532,6.717,264.0,1.0,230.0,0.0,7.0,2.0,0.0,0.0,12.0,0.0,10.0,8.0,1.1619350142280458,1.0,0.0,1.0,1.0,78968.0,3000.0,0.0,1,14.0,116.0,59419
8460568,2024-12-04 02:24:12+00:00,1,[],"[0, 0, 0, 0, 0, 0, 0, 0, 0, 0, 1, 0, 0, 0, 1, 1, 1, 1, 1, 1, 1]",17135.0,16317.0,0.17916119435841227,-0.6114337137678488,0.26094868650223196,0.2259612567881653,-0.06670879924340213,-0.07412946629464255,-0.16547143701628758,0.030500288512228284,-0.04317344340611509,0.0778669440877906,-0.07791647071836902,-0.09236929204096728,-0.026172253256940618,-0.10985411191684905,0.28748156146469017,-0.1482292857992833,-0.12296996338010098,-0.3012493410357806,0.02313302321270807,-0.008431530244752898,-0.039768111103099996,-0.05816090055260583,-0.023487699131707573,-0.016179347188425074,0.04095250473658998,0.008044419973869708,6.717,11032.0,1.0,345.0,0.036309523809523805,57.0,9.0,0.0,1.0,5.0,18.0,10.0,14.0,0.9519444444444445,1.0,1.0,1.0,1.0,78968.0,7776.0,0.5930735930735931,0,6.0,374.0,32000
8464009,2024-12-05 05:39:19+00:00,1,,"[1, 1, 1, 1, 1, 1, 1, 1, 1, 1, 1, 1, 1, 1, 1, 1, 1, 1, 1, 1, 1, 1, 1, 1, 0, 1, 0, 0, 0, 0, 0, 0, 0, 0, 0, 0, 0, 0, 0, 0, 0, 0, 0, 0, 0, 0, 0, 0, 0, 0, 0, 0, 0, 1, 1, 1, 1, 1, 1, 1, 1, 1, 1, 1, 1, 1]",18873.0,16317.0,0.17928325777638113,-0.6114337137678488,0.26094868650223196,0.2259612567881653,-0.06670879924340213,-0.07412946629464255,0.01584713069282676,-0.03231283449775203,-0.04317344340611509,0.0778669440877906,-0.07791647071836902,0.07090034106747711,-0.026172253256940618,0.08251752792097579,-0.03481326916714037,0.13611650753568505,0.06852539126647902,-0.3012493410357806,0.02313302321270807,-0.008431530244752898,-0.009607996814591997,-0.05816090055260583,-0.023487699131707573,0.05393564252282038,-0.053592719399028974,-0.018828211620055532,6.717,384.0,1.0,362.0,0.3787878787878788,5.0,3.0,0.0,0.0,3.0,0.0,10.0,8.0,1.2498675496688743,0.0,0.0,1.0,1.0,78968.0,4100.0,0.5002261420171868,0,50.0,205.0,77503
8465689,2024-12-06 02:23:41+00:00,1,"[0, 0, 1, 1, 1, 1, 1, 1]","[1, 1, 1, 1, 1, 1, 1, 1, 1, 1, 1, 0, 1, 0, 1, 1, 1, 1, 1, 1, 1, 1, 1, 1, 1, 1, 1, 1, 1]",25882.0,1063.0,0.1793933656426643,-0.6114337137678488,0.26094868650223196,-0.5083517388880758,-0.06670879924340213,-0.07412946629464255,-0.16547143701628758,0.030500288512228284,-0.04317344340611509,0.0778669440877906,-0.07791647071836902,-0.09236929204096728,-0.026172253256940618,-0.46958011525157795,0.28748156146469017,-0.1482292857992833,0.06852539126647902,0.09263075257175206,0.02313302321270807,-0.008431530244752898,-0.039768111103099996,0.15904631144217646,0.04284707524103316,0.05393564252282038,-0.053592719399028974,0.141236061144545,6.717,162.0,7.0,309.0,0.21293103448275863,28.0,7.0,0.75,0.0,3.0,4.0,4.0,34.0,0.9603354235464361,1.0,0.0,0.0,1.0,78968.0,7500.0,0.9402298850574713,1,43.0,150.0,5
8466985,2024-12-06 07:36:46+00:00,0,,,19909.0,16317.0,0.17941781389800118,-0.6114337137678488,-0.054488959167710314,0.2259612567881653,-0.06670879924340213,-0.07412946629464255,0.4194777125113977,-0.03231283449775203,-0.04317344340611509,0.0778669440877906,0.08779149858909129,-0.0069440649306055586,-0.026172253256940618,0.021081495765742912,-0.03481326916714037,0.13611650753568505,-0.12296996338010098,0.09263075257175206,0.02313302321270807,-0.008431530244752898,0.08965056778496559,-0.05816090055260583,0.04284707524103316,-0.016179347188425074,-0.053592719399028974,-0.018828211620055532,6.717,0.0,1.0,336.0,0.0,1.0,1.0,0.0,0.0,32.0,1.0,10.0,11.0,1.1575,0.0,1.0,0.0,1.0,78968.0,1100.0,0.0,1,0.0,39.0,79942
8469104,2024-12-07 04:42:13+00:00,0,"[0, 0, 1, 1, 1, 1, 1, 1, 1, 1, 1, 1, 1, 1, 1, 1, 1, 1, 1, 1, 1, 0, 0, 1, 0, 1, 1, 1, 1, 1, 1, 1, 1, 1, 1, 1, 0, 1, 1]","[1, 1, 1, 1, 1, 1, 1, 1, 1, 1, 1, 1, 1, 1, 1, 1, 1, 1, 1, 1, 1]",24766.0,575.0,0.17944465109866994,-0.6114337137678488,-0.054488959167710314,0.2259612567881653,-0.05738860713727523,0.17561735485816402,-0.16547143701628758,0.030500288512228284,-0.04317344340611509,0.0778669440877906,-0.07791647071836902,-0.09236929204096728,-0.026172253256940618,0.021081495765742912,0.16413019796925432,-0.1482292857992833,-0.12296996338010098,0.09263075257175206,0.02313302321270807,-0.008431530244752898,-0.009607996814591997,0.15904631144217646,0.04284707524103316,-0.016179347188425074,-0.053592719399028974,-0.03707202918461854,6.717,0.0,1.0,218.0,0.6752136752136751,162.0,7.0,0.8461538461538461,0.0,8.0,99.0,3.0,11.0,1.121902604756512,1.0,16.0,0.0,1.0,78968.0,4476.0,1.0,1,34.0,131.0,102527
8438545,2024-12-03 04:22:52+00:00,1,"[1, 1, 1, 1]","[0, 0, 0, 0, 0, 0, 1, 0, 0, 0, 0, 0, 0, 0, 1, 1, 1, 1, 1, 1, 0, 0, 1, 1, 0, 0, 0, 1, 1, 1, 1, 1, 1]",19149.0,723.0,0.17970048294155147,-0.6114337137678488,-0.054488959167710314,-0.23295731524514138,-0.05738860713727523,-0.07412946629464255,-0.16547143701628758,-0.03231283449775203,0.1740873916033103,0.0778669440877906,-0.07791647071836902,-0.0069440649306055586,-0.026172253256940618,-0.2062583476798761,0.16413019796925432,0.13611650753568505,0.06852539126647902,0.09263075257175206,0.02313302321270807,-0.008431530244752898,-0.039768111103099996,-0.05816090055260583,-0.023487699131707573,-0.016179347188425074,0.2103895073799279,0.141236061144545,6.717,0.0,5.0,274.0,0.36642284918146983,16.0,1.0,1.0,1.0,7.0,1.0,9.0,23.0,1.098938307030129,0.0,0.0,0.0,1.0,78968.0,7428.0,0.6096256684491979,0,9.0,456.0,19909
8462963,2024-12-05 01:38:51+00:00,1,"[1, 1, 1, 1, 1, 1, 1, 1, 1, 1, 1, 1, 1, 1]","[1, 1, 1, 1, 1, 1, 1, 1, 1, 1, 1, 1, 1, 1, 1, 1, 1, 1, 1, 1, 1, 1, 1, 1, 1, 1, 1, 1, 1, 1, 1]",17664.0,167.0,0.1799351904431942,-0.6114337137678488,-0.054488959167710314,0.004753338369163321,-0.05738860713727523,0.17561735485816402,-0.16547143701628758,0.4065249203285951,0.1740873916033103,0.0778669440877906,-0.07791647071836902,-0.09236929204096728,-0.026172253256940618,-0.3292197513569699,-0.03481326916714037,-0.1482292857992833,-0.12296996338010098,-0.3012493410357806,0.02313302321270807,-0.008431530244752898,-0.039768111103099996,0.15904631144217646,-0.023487699131707573,0.22505449144967976,-0.053592719399028974,-0.018828211620055532,6.717,0.0,2.0,244.0,0.6327759197324415,14.0,21.0,1.0,0.0,7.0,3.0,2.0,27.0,1.2224221453287196,1.0,1.0,1.0,1.0,78968.0,6700.0,1.0,0,123.0,164.0,83590
8470470,2024-12-07 23:37:11+00:00,0,"[1, 1, 1, 1, 1, 1, 1, 1, 1, 1, 1, 1, 1, 1, 1, 1, 1, 1]","[1, 1, 1, 1, 1, 1, 1, 1, 1, 1, 1, 1, 1, 1, 1, 1, 1, 1, 1, 1, 1, 1, 1, 1, 1, 1, 1, 1, 1, 0, 1, 0, 1, 1, 0, 1]",35000.0,674.0,0.18008859898996285,-0.6114337137678488,-0.054488959167710314,-0.1165395030712408,-0.05738860713727523,0.22755275636556374,0.1880244731129659,-0.03231283449775203,0.1740873916033103,-0.048236128980226715,-0.07791647071836902,0.07090034106747711,0.13238330771477913,-0.15334582495827825,0.16413019796925432,-0.1482292857992833,0.06852539126647902,0.09263075257175206,0.02313302321270807,-0.008431530244752898,-0.009607996814591997,-0.05484988672575293,0.04284707524103316,-0.016179347188425074,-0.053592719399028974,0.008044419973869708,6.717,0.0,3.0,294.0,0.9166666666666667,2.0,2.0,1.0,3.0,5.0,0.0,1.0,16.0,1.1070694290684802,1.0,0.0,0.0,1.0,612.0,4346.0,0.8543543543543544,1,32.0,178.0,42242
8459919,2024-12-03 23:04:57+00:00,1,"[0, 0, 0, 0, 0, 0, 0, 0, 1, 1, 1, 1]","[0, 0, 0, 0, 0, 0, 0, 0, 0, 0, 0, 0, 0, 0, 0, 0, 0, 0, 0, 0, 0, 0, 0, 0, 0, 0, 0, 0, 0, 0, 0, 0, 0, 0, 0, 0, 0, 0, 0, 0, 0, 0, 0, 0, 0, 0, 0, 0, 0, 0, 0, 0, 0, 0, 0, 1, 1, 1, 1, 1, 1, 1, 1, 1, 1, 1, 1, 1, 1, 1, 1, 1, 1, 1, 1, 1, 0, 1, 1, 1, 1, 1]",15085.0,16317.0,0.18027657889602353,-0.6114337137678488,-0.054488959167710314,-0.1165395030712408,0.11939328962621384,-0.07412946629464255,0.14385053025774988,-0.03231283449775203,-0.04317344340611509,0.0778669440877906,-0.06544171956609646,-0.0069440649306055586,-0.026172253256940618,0.021081495765742912,0.16413019796925432,0.13611650753568505,0.06852539126647902,0.09263075257175206,0.02313302321270807,-0.008431530244752898,-0.009607996814591997,-0.05816090055260583,-0.023487699131707573,-0.016179347188425074,-0.053592719399028974,-0.018828211620055532,6.717,0.0,3.0,181.0,0.04776422764227642,4.0,3.0,0.3333333333333333,1.0,18.0,1.0,10.0,9.0,1.101094890510949,0.0,0.0,0.0,1.0,1693.0,4085.0,0.5248310314428446,0,27.0,198.0,67186
8467536,2024-12-06 23:12:39+00:00,0,"[1, 1, 1, 1, 1, 1, 1, 1, 1, 1, 1, 1, 1, 1, 1, 1, 1, 1, 1, 1, 1, 1, 1, 1, 1, 1, 1, 1, 1, 1, 1, 1, 1, 1, 1, 1, 1, 1, 1, 1, 1, 1, 1, 1]",,41037.0,412.0,0.180601710008812,-0.6114337137678488,-0.054488959167710314,0.2259612567881653,-0.05738860713727523,0.22755275636556374,-0.14267212177429597,-0.03231283449775203,0.1740873916033103,-0.048236128980226715,-0.07791647071836902,-0.0069440649306055586,0.13238330771477913,-0.2062583476798761,0.16413019796925432,-0.1482292857992833,0.06852539126647902,-0.3012493410357806,0.02313302321270807,-0.008431530244752898,-0.009607996814591997,-0.05816090055260583,0.04284707524103316,0.22505449144967976,-0.053592719399028974,-0.018828211620055532,6.717,0.0,1.0,212.0,1.0,9.0,5.0,1.0,3.0,2.0,1.0,1.0,23.0,1.0576546391752577,1.0,0.0,1.0,1.0,500.0,4484.0,0.0,1,61.0,70.0,93798
8464987,2024-12-05 23:44:17+00:00,1,,,21451.0,16317.0,0.18065101764976213,-0.6114337137678488,-0.054488959167710314,0.004753338369163321,-0.06670879924340213,-0.07412946629464255,0.01584713069282676,-0.03231283449775203,-0.04317344340611509,0.0778669440877906,-0.06544171956609646,0.07090034106747711,-0.026172253256940618,0.08251752792097579,0.28748156146469017,-0.1482292857992833,0.06852539126647902,0.09263075257175206,0.02313302321270807,-0.008431530244752898,-0.039768111103099996,-0.05816090055260583,-0.023487699131707573,-0.016179347188425074,-0.053592719399028974,0.141236061144545,6.717,0.0,2.0,345.0,0.0,6.0,1.0,0.0,0.0,15.0,0.0,10.0,8.0,0.9947136563876652,1.0,0.0,0.0,1.0,78968.0,5650.0,0.0,0,7.0,41.0,17859
8388471,2024-12-04 01:44:30+00:00,1,"[0, 0, 0, 0, 0, 0, 0, 0, 0, 0, 0, 0, 0, 0, 1, 1]","[1, 1, 1, 1, 1, 1, 1, 1, 1, 1, 1, 1, 1, 1, 1, 1, 1, 1, 1, 1, 1, 1, 1, 1, 1, 1, 1, 1, 1, 1, 1, 1, 1, 1, 1, 1, 1, 1, 1, 1, 1, 1, 1, 1, 1]",21928.0,360.0,0.18089663346771628,-0.6114337137678488,-0.054488959167710314,0.004753338369163321,-0.06670879924340213,0.17561735485816402,0.14385053025774988,-0.03231283449775203,-0.04317344340611509,0.0778669440877906,-0.06544171956609646,0.07090034106747711,0.13238330771477913,-0.10985411191684905,-0.03481326916714037,0.13611650753568505,0.06852539126647902,0.09263075257175206,0.02313302321270807,-0.008431530244752898,-0.039768111103099996,0.15904631144217646,0.04284707524103316,-0.016179347188425074,0.2103895073799279,0.008044419973869708,6.717,0.0,2.0,303.0,0.6875,3.0,4.0,0.125,1.0,17.0,0.0,1.0,14.0,1.316996996996997,0.0,0.0,0.0,1.0,78968.0,4824.0,1.0,1,1.0,430.0,45534
8469511,2024-12-07 07:07:23+00:00,1,,,15301.0,16317.0,0.1809345812012561,-0.6114337137678488,-0.054488959167710314,0.004753338369163321,-0.05738860713727523,-0.07412946629464255,0.01584713069282676,-0.03231283449775203,-0.04317344340611509,0.0778669440877906,-0.07791647071836902,-0.0069440649306055586,-0.026172253256940618,0.25953741616204173,0.28748156146469017,-0.1482292857992833,0.06852539126647902,0.09263075257175206,0.02313302321270807,-0.008431530244752898,-0.039768111103099996,-0.05816090055260583,-0.023487699131707573,-0.016179347188425074,-0.053592719399028974,-0.018828211620055532,6.717,0.0,2.0,287.0,0.0,6.0,0.0,0.0,0.0,10.0,1.0,10.0,4.0,0.8349795361527967,1.0,0.0,0.0,1.0,13254.0,4604.0,0.0,0,18.0,56.0,82701
8435752,2024-12-03 04:09:48+00:00,0,"[0, 0, 0, 0, 1, 1, 1, 0, 1, 0, 0, 0, 0, 1, 1, 1, 1, 1, 1, 0, 0, 0, 0, 1, 1, 1, 1, 1, 1, 1, 1, 1, 1, 0, 1, 1, 1, 1, 1, 1, 1, 1, 1, 1]","[1, 1, 1, 1, 1, 1, 1, 1, 1, 1, 1, 1, 1, 1, 1, 1, 1, 1, 1, 1, 1, 1, 1, 1]",29521.0,545.0,0.18111853696958485,-0.6114337137678488,-0.054488959167710314,0.004753338369163321,-0.05738860713727523,-0.05564041606933876,-0.16547143701628758,0.030500288512228284,-0.04317344340611509,0.0778669440877906,-0.07791647071836902,0.07090034106747711,-0.026172253256940618,-0.15334582495827825,0.16413019796925432,0.13611650753568505,0.06852539126647902,0.09263075257175206,0.02313302321270807,-0.008431530244752898,-0.009607996814591997,0.15904631144217646,0.04284707524103316,-0.016179347188425074,-0.053592719399028974,0.008044419973869708,6.717,0.0,2.0,258.0,0.5113636363636364,19.0,7.0,0.6818181818181818,0.0,4.0,0.0,4.0,16.0,1.1212777271346095,0.0,0.0,0.0,1.0,10156.0,3432.0,1.0,1,22.0,209.0,30878
8468321,2024-12-07 02:07:06+00:00,1,"[0, 0, 1, 1, 0, 0, 1, 0, 0, 1, 1, 0, 0, 0, 0, 0, 1, 1, 0, 0, 0, 0, 0, 0, 1, 0, 0, 0, 1, 1, 1, 1, 1, 1, 1, 1, 1, 1, 1, 1, 1, 1, 1]",,19835.0,363.0,0.18159252792834246,-0.6114337137678488,-0.054488959167710314,0.2259612567881653,-0.06670879924340213,-0.07412946629464255,-0.043774865933036713,-0.03231283449775203,-0.04317344340611509,0.0778669440877906,-0.07791647071836902,0.07090034106747711,-0.026172253256940618,-0.10985411191684905,0.28748156146469017,-0.1482292857992833,0.06852539126647902,0.09263075257175206,0.02313302321270807,-0.008431530244752898,-0.039768111103099996,-0.05816090055260583,-0.023487699131707573,-0.016179347188425074,-0.053592719399028974,0.141236061144545,6.717,4.0,1.0,440.0,0.023255813953488372,7.0,3.0,0.5348837209302325,0.0,5.0,0.0,4.0,14.0,0.6428872394904871,1.0,0.0,0.0,1.0,4263.0,4606.0,0.0,0,11.0,118.0,5
8459808,2024-12-03 22:07:53+00:00,1,"[0, 1, 1, 1, 1, 1, 1, 1, 0, 0, 1, 1, 1]","[1, 1, 1, 1, 1, 1, 1, 1, 1, 1, 1, 1, 1, 1, 1, 1, 1, 1, 1, 1, 1, 1, 1, 1, 1]",19935.0,16317.0,0.18170453206995957,-0.6114337137678488,-0.054488959167710314,0.004753338369163321,-0.05738860713727523,0.17561735485816402,0.14385053025774988,0.030500288512228284,-0.04317344340611509,0.0778669440877906,-0.07791647071836902,0.07090034106747711,-0.026172253256940618,-0.01066169917084148,-0.03481326916714037,0.13611650753568505,0.06852539126647902,0.09263075257175206,0.02313302321270807,-0.008431530244752898,-0.009607996814591997,0.15904631144217646,-0.023487699131707573,-0.016179347188425074,-0.053592719399028974,0.008044419973869708,6.717,0.0,2.0,213.0,0.6923076923076922,4.0,8.0,0.7692307692307693,1.0,7.0,0.0,10.0,12.0,1.1523121387283237,0.0,0.0,0.0,1.0,384.0,4025.0,1.0,0,6.0,260.0,36493
8465393,2024-12-06 01:11:59+00:00,1,,"[0, 0, 0, 0, 0, 0, 0, 0, 0, 0, 0, 1, 1, 1, 1, 1, 1, 1, 1, 1, 1, 1, 1, 1, 1, 1, 1, 0, 0, 0, 1, 1, 1]",11315.0,16317.0,0.18183210996225677,-0.6114337137678488,0.23990797722314114,0.004753338369163321,-0.05738860713727523,-0.07412946629464255,-0.14267212177429597,-0.03231283449775203,-0.04317344340611509,0.0778669440877906,0.2659552272166623,0.07090034106747711,-0.026172253256940618,-0.2062583476798761,-0.03481326916714037,0.13611650753568505,0.06852539126647902,0.09263075257175206,-0.08168565936984104,-0.008431530244752898,-0.009607996814591997,-0.05816090055260583,-0.023487699131707573,-0.016179347188425074,-0.053592719399028974,-0.018828211620055532,6.717,82.0,2.0,246.0,0.030303030303030304,10.0,1.0,0.0,0.0,63.0,0.0,10.0,21.0,1.233242506811989,0.0,0.0,0.0,329.0,16836.0,4323.0,0.7272727272727273,0,8.0,120.0,80724
8468203,2024-12-07 01:43:40+00:00,1,,,35253.0,16317.0,0.18184209211543598,-0.6114337137678488,-0.054488959167710314,0.004753338369163321,-0.06670879924340213,-0.07412946629464255,-0.14267212177429597,-0.03231283449775203,-0.04317344340611509,0.0778669440877906,0.47611841736311766,-0.09236929204096728,-0.026172253256940618,-0.10985411191684905,0.28748156146469017,-0.1482292857992833,0.06852539126647902,-0.3012493410357806,-0.08168565936984104,-0.008431530244752898,-0.039768111103099996,-0.05816090055260583,-0.023487699131707573,-0.016179347188425074,-0.053592719399028974,0.141236061144545,6.717,0.0,2.0,600.0,0.0,11.0,1.0,0.0,0.0,73.0,4.0,10.0,15.0,0.8868679245283019,1.0,0.0,1.0,329.0,78968.0,8000.0,0.0,0,0.0,73.0,19563
8471117,2024-12-08 02:24:49+00:00,1,"[1, 1, 1, 1, 1, 1, 0, 1]","[1, 1, 1, 1, 1, 1, 1, 1, 1, 1, 1, 1, 1, 1, 1, 1, 1, 1, 1, 1, 1, 1, 1, 1, 1, 1, 1, 1, 1, 1, 1, 1, 1, 1, 1, 1, 1, 1, 1, 1, 1, 1, 1, 1, 1, 1, 1]",18969.0,700.0,0.18215477732863566,-0.6114337137678488,0.23990797722314114,0.004753338369163321,-0.05738860713727523,0.22755275636556374,-0.043774865933036713,-0.03231283449775203,-0.04317344340611509,-0.048236128980226715,-0.07791647071836902,0.07090034106747711,0.13238330771477913,0.08251752792097579,-0.03481326916714037,-0.1482292857992833,-0.12296996338010098,0.09263075257175206,0.02313302321270807,-0.008431530244752898,-0.039768111103099996,0.15904631144217646,0.04284707524103316,0.05393564252282038,0.04095250473658998,-0.018828211620055532,6.717,103.0,2.0,228.0,0.9375,8.0,6.0,0.875,3.0,9.0,0.0,1.0,8.0,1.2788377266904873,1.0,1.0,0.0,1.0,2582.0,5530.0,1.0,1,40.0,363.0,61463
8469608,2024-12-07 06:26:05+00:00,1,,,9157.0,16317.0,0.18226609659571097,-0.6114337137678488,-0.054488959167710314,0.2259612567881653,-0.05738860713727523,-0.07412946629464255,-0.043774865933036713,-0.03231283449775203,-0.04317344340611509,0.0778669440877906,-0.07791647071836902,-0.0069440649306055586,-0.026172253256940618,0.14199482941539582,0.28748156146469017,-0.1482292857992833,0.06852539126647902,0.09263075257175206,-0.08168565936984104,-0.008431530244752898,-0.009607996814591997,-0.05816090055260583,-0.023487699131707573,-0.016179347188425074,-0.053592719399028974,-0.03707202918461854,6.717,0.0,1.0,255.0,0.0,7.0,0.0,0.0,0.0,4.0,1.0,10.0,6.0,0.9339112697603263,1.0,0.0,0.0,329.0,78968.0,3500.0,0.0,0,2.0,136.0,115382
8468181,2024-12-07 01:39:55+00:00,0,,,21003.0,16317.0,0.1823118703053515,-0.6114337137678488,-0.054488959167710314,0.004753338369163321,-0.05738860713727523,-0.07412946629464255,0.1880244731129659,-0.03231283449775203,-0.04317344340611509,0.0778669440877906,0.035324081286162975,-0.0069440649306055586,-0.026172253256940618,0.20995636990242048,-0.03481326916714037,0.13611650753568505,0.06852539126647902,0.09263075257175206,-0.08168565936984104,-0.008431530244752898,0.08965056778496559,-0.05816090055260583,0.04284707524103316,-0.016179347188425074,-0.053592719399028974,0.008044419973869708,6.717,0.0,2.0,276.0,0.0,2.0,1.0,0.0,0.0,23.0,1.0,10.0,5.0,1.1832676056338027,0.0,0.0,0.0,329.0,401.0,0.0,0.0,1,5.0,157.0,36341
8463165,2024-12-05 02:24:14+00:00,1,,"[0, 0, 0, 0, 0, 0, 0, 0, 0, 0, 0, 0, 0, 0, 0, 0, 0, 0, 0, 0, 0, 0, 0, 1, 1, 1, 1, 1, 1, 1]",43281.0,16317.0,0.18233718320296954,-0.6114337137678488,-0.054488959167710314,0.2259612567881653,-0.06670879924340213,-0.07412946629464255,-0.16547143701628758,-0.03231283449775203,-0.04317344340611509,0.0778669440877906,0.2659552272166623,-0.09236929204096728,-0.026172253256940618,0.20995636990242048,-0.03481326916714037,-0.1482292857992833,-0.12296996338010098,0.09263075257175206,-0.08168565936984104,-0.008431530244752898,0.08965056778496559,-0.05816090055260583,0.04284707524103316,-0.016179347188425074,-0.053592719399028974,0.141236061144545,6.717,0.0,1.0,357.0,0.03333333333333333,162.0,0.0,0.0,0.0,36.0,99.0,9.0,5.0,1.1652845834903882,1.0,16.0,0.0,329.0,78968.0,2200.0,0.4064516129032258,1,12.0,61.0,6
8472730,2024-12-08 06:33:43+00:00,1,"[1, 1, 1, 1, 1, 1, 1, 1, 1, 1, 1, 1, 1, 1, 1, 1, 1, 1]","[1, 1, 1, 1, 1, 1, 1, 1, 1, 1, 1, 1, 1, 1, 1, 1, 1, 1, 1, 1, 1, 1, 1]",32941.0,594.0,0.18274481860058414,-0.6114337137678488,-0.054488959167710314,0.004753338369163321,-0.06670879924340213,0.22755275636556374,-0.14267212177429597,0.030500288512228284,0.1740873916033103,0.0778669440877906,-0.07791647071836902,-0.09236929204096728,0.13238330771477913,0.021081495765742912,-0.03481326916714037,-0.1482292857992833,0.06852539126647902,-0.3012493410357806,0.02313302321270807,-0.008431530244752898,-0.039768111103099996,0.15904631144217646,-0.023487699131707573,0.22505449144967976,-0.053592719399028974,0.008044419973869708,6.717,0.0,2.0,314.0,1.0,12.0,9.0,1.0,0.0,5.0,2.0,1.0,10.0,1.1935577375991884,1.0,0.0,1.0,1.0,78968.0,6700.0,1.0,0,53.0,133.0,37125
8437044,2024-12-02 22:11:41+00:00,1,,,14687.0,16317.0,0.18291892475466617,-0.6114337137678488,-0.054488959167710314,-0.1165395030712408,-0.05738860713727523,-0.07412946629464255,0.01584713069282676,-0.03231283449775203,-0.04317344340611509,0.0778669440877906,-0.07791647071836902,-0.09236929204096728,-0.026172253256940618,0.25953741616204173,0.28748156146469017,-0.1482292857992833,0.06852539126647902,0.09263075257175206,-0.08168565936984104,0.12181209640599021,-0.009607996814591997,-0.05816090055260583,-0.023487699131707573,-0.016179347188425074,-0.053592719399028974,0.008044419973869708,6.717,0.0,3.0,300.0,0.0,5.0,2.0,0.0,0.0,8.0,4.0,10.0,4.0,0.9824080267558528,1.0,0.0,0.0,329.0,82.0,4200.0,0.0,0,0.0,128.0,35000
8471257,2024-12-08 01:32:06+00:00,1,,,45000.0,16317.0,0.18314343562448085,-0.6114337137678488,-0.054488959167710314,0.2259612567881653,-0.05738860713727523,-0.07412946629464255,0.1880244731129659,-0.03231283449775203,-0.04317344340611509,0.0778669440877906,-0.07791647071836902,-0.0069440649306055586,-0.026172253256940618,0.14199482941539582,-0.03481326916714037,0.13611650753568505,0.06852539126647902,0.09263075257175206,0.02313302321270807,-0.008431530244752898,-0.009607996814591997,-0.05816090055260583,0.04284707524103316,-0.016179347188425074,-0.053592719399028974,0.141236061144545,6.717,0.0,1.0,255.0,0.0,2.0,1.0,0.0,0.0,5.0,1.0,10.0,7.0,1.6,0.0,0.0,0.0,1.0,78968.0,3352.0,0.0,1,3.0,224.0,0
8465137,2024-12-06 00:19:08+00:00,1,,,23724.0,16317.0,0.183267578188871,-0.6114337137678488,0.26094868650223196,0.004753338369163321,-0.05738860713727523,-0.07412946629464255,0.14385053025774988,-0.03231283449775203,-0.04317344340611509,0.0778669440877906,-0.07791647071836902,0.07090034106747711,-0.026172253256940618,-0.15334582495827825,-0.03481326916714037,-0.1482292857992833,0.06852539126647902,0.09263075257175206,0.02313302321270807,-0.008431530244752898,-0.009607996814591997,-0.05816090055260583,0.04284707524103316,-0.016179347188425074,-0.053592719399028974,0.141236061144545,6.717,498.0,2.0,296.0,0.0,4.0,1.0,0.0,0.0,3.0,0.0,10.0,18.0,1.3107182320441988,1.0,0.0,0.0,4.0,78968.0,4160.0,0.0,1,3.0,7.0,5768
8461887,2024-12-06 01:58:47+00:00,1,,"[1, 1, 1, 1, 1, 1, 0, 0, 1]",23755.0,16317.0,0.18345195674178918,-0.6114337137678488,-0.054488959167710314,0.2259612567881653,-0.05738860713727523,0.22755275636556374,0.01584713069282676,-0.03231283449775203,-0.04317344340611509,0.0778669440877906,-0.06544171956609646,-0.09236929204096728,-0.026172253256940618,0.47334886807418025,-0.03481326916714037,-0.1482292857992833,0.06852539126647902,-0.3012493410357806,0.02313302321270807,-0.008431530244752898,0.04544625733308562,-0.05816090055260583,0.04284707524103316,-0.016179347188425074,-0.053592719399028974,-0.018828211620055532,6.717,0.0,1.0,272.0,0.7777777777777778,5.0,3.0,0.0,0.0,12.0,2.0,2.0,2.0,1.3361268912762247,1.0,0.0,1.0,1.0,78968.0,3000.0,0.6666666666666666,1,21.0,13.0,74533
8468190,2024-12-07 01:42:01+00:00,1,"[1, 1, 1, 1, 1, 1, 1, 1, 1, 1, 1, 1, 1, 1, 1]",[1],22794.0,764.0,0.1835688755783447,-0.6114337137678488,-0.054488959167710314,-0.23295731524514138,0.11939328962621384,-0.05564041606933876,-0.14267212177429597,-0.03231283449775203,0.1740873916033103,0.0778669440877906,-0.09921592132150975,0.07090034106747711,-0.026172253256940618,-0.10985411191684905,-0.03481326916714037,0.13611650753568505,0.06852539126647902,0.09263075257175206,0.02313302321270807,-0.008431530244752898,-0.009607996814591997,0.15904631144217646,0.04284707524103316,-0.016179347188425074,-0.053592719399028974,-0.0035377154089891926,6.717,0.0,4.0,160.0,0.5432900432900433,11.0,1.0,1.0,0.0,1.0,0.0,9.0,15.0,1.1497604035308953,0.0,0.0,0.0,1.0,78968.0,3594.0,1.0,1,23.0,216.0,56397
8471639,2024-12-08 02:36:14+00:00,1,,,19500.0,16317.0,0.1836400466424855,-0.6114337137678488,-0.054488959167710314,0.004753338369163321,-0.06670879924340213,-0.07412946629464255,0.01584713069282676,-0.03231283449775203,-0.04317344340611509,0.0778669440877906,0.2659552272166623,0.07090034106747711,-0.026172253256940618,0.021081495765742912,0.16413019796925432,0.13611650753568505,0.06852539126647902,-0.3012493410357806,0.02313302321270807,-0.008431530244752898,-0.009607996814591997,-0.05816090055260583,0.04284707524103316,-0.016179347188425074,-0.053592719399028974,-0.018828211620055532,6.717,0.0,2.0,516.0,0.0,6.0,1.0,0.0,0.0,36.0,0.0,10.0,9.0,1.1320754716981132,0.0,0.0,1.0,1.0,838.0,4166.0,0.0,1,0.0,116.0,84307
8380528,2024-12-03 01:23:04+00:00,1,,"[0, 0, 0, 0, 0, 0, 0, 0, 0, 1, 0, 0, 0, 0, 0, 1, 1, 1, 1, 1, 0, 1, 1, 1, 1, 1, 0, 0, 0, 0, 1, 1, 1, 1, 1, 1, 1, 1, 1, 1, 1, 1, 1, 1, 1, 1, 1, 1, 1, 1, 1, 1, 1, 0, 1, 1, 1, 1, 0, 0, 0, 0, 0, 1, 1, 1, 1, 1, 1]",33661.0,16317.0,0.18371122194377315,-0.6114337137678488,-0.054488959167710314,0.2259612567881653,-0.06670879924340213,-0.07412946629464255,-0.16547143701628758,0.4065249203285951,-0.04317344340611509,0.0778669440877906,-0.07791647071836902,0.07090034106747711,-0.026172253256940618,0.021081495765742912,-0.03481326916714037,0.13611650753568505,-0.12296996338010098,0.09263075257175206,-0.08168565936984104,-0.008431530244752898,-0.039768111103099996,-0.05484988672575293,-0.023487699131707573,-0.016179347188425074,0.006896750883670848,0.141236061144545,6.717,0.0,1.0,321.0,0.014492753623188406,18.0,14.0,0.0,1.0,10.0,0.0,10.0,9.0,1.2769242441485529,0.0,1.0,0.0,329.0,78968.0,6332.0,0.749896480331263,0,17.0,310.0,4
8466407,2024-12-06 04:57:37+00:00,0,,,15984.0,16317.0,0.1838428477914961,-0.6114337137678488,-0.054488959167710314,0.2259612567881653,-0.05738860713727523,-0.07412946629464255,0.01584713069282676,-0.03231283449775203,-0.04317344340611509,-0.048236128980226715,0.2659552272166623,-0.09236929204096728,-0.026172253256940618,-0.10985411191684905,-0.03481326916714037,0.13611650753568505,0.06852539126647902,0.09263075257175206,0.02313302321270807,0.12181209640599021,-0.009607996814591997,-0.05816090055260583,0.04284707524103316,-0.016179347188425074,-0.053592719399028974,-0.018828211620055532,6.717,0.0,1.0,300.0,0.0,5.0,1.0,0.0,3.0,35.0,5.0,10.0,15.0,1.1603629764065335,0.0,0.0,0.0,1.0,162.0,3895.0,0.0,1,0.0,187.0,77588
8461113,2024-12-04 03:55:04+00:00,1,"[1, 1, 1, 1, 1, 1, 1, 1]","[0, 0, 0, 0, 0, 0, 0, 1, 1, 1, 1, 1, 1, 1]",42046.0,897.0,0.18421965825167452,-0.6114337137678488,0.26094868650223196,-0.5083517388880758,0.11939328962621384,-0.07412946629464255,-0.16547143701628758,-0.03231283449775203,0.1740873916033103,0.0778669440877906,-0.07791647071836902,0.07090034106747711,-0.026172253256940618,-0.46958011525157795,0.28748156146469017,-0.1482292857992833,-0.12296996338010098,0.09263075257175206,0.02313302321270807,-0.008431530244752898,-0.039768111103099996,-0.05816090055260583,-0.023487699131707573,-0.016179347188425074,-0.053592719399028974,0.141236061144545,6.717,6598.0,11.0,200.0,0.36666666666666664,28.0,5.0,1.0,0.0,9.0,0.0,9.0,51.0,0.8631017140511136,1.0,1.0,0.0,6.0,78968.0,5965.0,0.7333333333333333,0,25.0,134.0,5
8464223,2024-12-05 06:40:17+00:00,1,"[1, 1, 1, 1, 1, 1, 1]",,17344.0,544.0,0.18429996484762123,-0.6114337137678488,-0.054488959167710314,0.004753338369163321,-0.05738860713727523,0.22755275636556374,0.14385053025774988,-0.03231283449775203,0.1740873916033103,0.0778669440877906,-0.07791647071836902,-0.09236929204096728,0.13238330771477913,0.08251752792097579,-0.03481326916714037,-0.1482292857992833,0.06852539126647902,0.09263075257175206,0.02313302321270807,-0.008431530244752898,-0.009607996814591997,-0.05816090055260583,-0.023487699131707573,-0.016179347188425074,-0.053592719399028974,-0.018828211620055532,6.717,0.0,2.0,216.0,1.0,4.0,0.0,1.0,0.0,8.0,2.0,1.0,8.0,1.250018018018018,1.0,0.0,0.0,1.0,1173.0,3983.0,0.0,0,5.0,257.0,88029
8466673,2024-12-06 06:04:59+00:00,1,"[1, 1, 1, 1, 0, 0, 1, 1, 1, 1, 0, 1, 1, 1, 1, 1, 1, 1, 1, 1, 1, 0, 1, 1]","[1, 1, 1, 1, 1, 1]",25462.0,581.0,0.18472120567187272,-0.6114337137678488,-0.054488959167710314,0.2259612567881653,-0.05738860713727523,0.17561735485816402,0.01584713069282676,-0.03231283449775203,-0.04317344340611509,-0.048236128980226715,0.035324081286162975,-0.0069440649306055586,-0.026172253256940618,0.021081495765742912,0.16413019796925432,-0.1482292857992833,-0.12296996338010098,0.09263075257175206,0.02313302321270807,-0.008431530244752898,-0.039768111103099996,0.15904631144217646,-0.023487699131707573,-0.016179347188425074,0.015592503790590144,-0.018828211620055532,6.717,0.0,1.0,256.0,0.6041666666666666,6.0,0.0,0.8333333333333334,3.0,25.0,1.0,2.0,9.0,1.0939634801288938,1.0,1.0,0.0,1.0,2674.0,5279.0,1.0,0,17.0,334.0,89765
8434359,2024-12-02 23:46:52+00:00,1,"[1, 1, 1, 1, 1, 1, 1, 1, 1, 1, 1, 1, 1, 1, 1, 1, 1, 1, 0, 0, 0, 0, 0, 0, 0, 0, 0, 0, 0, 1, 1, 1, 1, 1, 1, 1, 1, 1, 1, 1, 1, 1, 1, 1, 1, 1, 1, 1, 1, 1]","[1, 1, 1, 1, 1, 1, 1, 1, 1, 1, 1, 1, 1, 1, 1, 1, 1]",18902.0,517.0,0.1847298185152112,-0.6114337137678488,-0.054488959167710314,-0.1165395030712408,0.11939328962621384,0.17561735485816402,0.1880244731129659,-0.03231283449775203,-0.04317344340611509,0.0778669440877906,-0.06544171956609646,0.07090034106747711,0.13238330771477913,-0.15334582495827825,0.16413019796925432,0.13611650753568505,-0.12296996338010098,0.09263075257175206,0.02313302321270807,-0.008431530244752898,-0.039768111103099996,0.15904631144217646,-0.023487699131707573,0.05393564252282038,-0.053592719399028974,-0.03707202918461854,6.717,0.0,3.0,184.0,0.69,2.0,5.0,0.78,0.0,13.0,0.0,1.0,18.0,1.1301644245142004,0.0,1.0,0.0,1.0,344.0,7513.0,1.0,0,45.0,115.0,119200
8462107,2024-12-04 10:26:51+00:00,1,,"[0, 0, 1, 1, 1, 1, 1, 1, 1, 1, 1, 1, 1, 1, 1, 1, 1, 1, 1, 1, 1, 1, 1, 1, 1]",12380.0,16317.0,0.18523238870256056,-0.6114337137678488,-0.054488959167710314,-0.1165395030712408,-0.06670879924340213,-0.05564041606933876,-0.16547143701628758,-0.03231283449775203,-0.04317344340611509,0.0778669440877906,-0.07791647071836902,-0.09236929204096728,-0.026172253256940618,-0.01066169917084148,0.28748156146469017,-0.1482292857992833,0.06852539126647902,0.09263075257175206,0.02313302321270807,-0.008431530244752898,-0.009607996814591997,0.15904631144217646,-0.023487699131707573,-0.016179347188425074,0.006896750883670848,-0.018828211620055532,6.717,0.0,3.0,343.0,0.52,15.0,2.0,0.0,0.0,7.0,7.0,10.0,13.0,0.889048473967684,1.0,0.0,0.0,1.0,2502.0,3800.0,0.9907692307692307,0,6.0,298.0,76028
8438672,2024-12-03 04:47:59+00:00,1,,,13650.0,16317.0,0.18577070754148228,-0.6114337137678488,-0.054488959167710314,-0.1165395030712408,-0.06670879924340213,-0.07412946629464255,-0.14267212177429597,-0.03231283449775203,-0.04317344340611509,-0.048236128980226715,0.47611841736311766,-0.09236929204096728,-0.026172253256940618,0.14199482941539582,0.16413019796925432,-0.1482292857992833,0.06852539126647902,-0.3012493410357806,-0.08168565936984104,-0.008431530244752898,-0.009607996814591997,-0.05816090055260583,-0.023487699131707573,-0.016179347188425074,0.2103895073799279,0.008044419973869708,6.717,0.0,3.0,600.0,0.0,11.0,0.0,0.0,3.0,79.0,2.0,10.0,7.0,1.05,1.0,0.0,1.0,329.0,1425.0,3596.0,0.0,0,0.0,449.0,32658
8460032,2024-12-03 23:42:41+00:00,1,[1],"[1, 1, 1, 1, 0, 0, 1, 0, 1, 1, 1, 1, 1, 1, 1, 1, 1]",22560.0,16317.0,0.18593360594437286,-0.6114337137678488,-0.054488959167710314,0.004753338369163321,-0.05738860713727523,0.17561735485816402,0.1880244731129659,-0.03231283449775203,0.1740873916033103,0.0778669440877906,-0.06544171956609646,0.07090034106747711,-0.026172253256940618,-0.01066169917084148,-0.03481326916714037,-0.1482292857992833,0.06852539126647902,0.09263075257175206,0.02313302321270807,-0.008431530244752898,-0.009607996814591997,-0.05484988672575293,-0.023487699131707573,-0.016179347188425074,-0.053592719399028974,0.008044419973869708,6.717,0.0,2.0,300.0,0.6470588235294118,2.0,0.0,1.0,0.0,15.0,0.0,10.0,13.0,1.1968169761273209,1.0,0.0,0.0,1.0,381.0,4000.0,0.8758169934640523,0,0.0,288.0,25147
8462900,2024-12-05 01:23:34+00:00,1,"[1, 1, 1, 1, 1, 1, 1, 1, 1]","[1, 1, 1]",43553.0,1657.0,0.1859341619420195,-0.6114337137678488,-0.054488959167710314,-0.5083517388880758,0.11939328962621384,-0.05564041606933876,-0.16547143701628758,-0.03231283449775203,0.1740873916033103,-0.048236128980226715,-0.07791647071836902,-0.0069440649306055586,-0.026172253256940618,-0.46958011525157795,0.28748156146469017,-0.1482292857992833,0.06852539126647902,0.09263075257175206,0.02313302321270807,-0.008431530244752898,-0.039768111103099996,0.15904631144217646,-0.023487699131707573,-0.016179347188425074,0.13525803582801485,0.141236061144545,6.717,0.0,21.0,166.0,0.5564756889452012,100.0,1.0,1.0,3.0,11.0,1.0,2.0,147.0,0.6586465028355387,1.0,0.0,0.0,1.0,4901.0,8286.099999999991,1.0,0,21.0,392.0,15630
8461603,2024-12-04 05:58:02+00:00,1,"[1, 1, 1, 1, 1, 1, 1, 1, 1, 1, 1, 1, 1, 1, 1, 1, 1]",,22153.0,530.0,0.18606184713556664,-0.6114337137678488,-0.054488959167710314,-0.5083517388880758,0.41236787050388063,0.22755275636556374,-0.16547143701628758,-0.03231283449775203,0.1740873916033103,0.0778669440877906,-0.07791647071836902,-0.09236929204096728,0.13238330771477913,-0.46958011525157795,0.16413019796925432,-0.1482292857992833,0.06852539126647902,-0.3012493410357806,0.02313302321270807,-0.008431530244752898,-0.009607996814591997,-0.05816090055260583,-0.023487699131707573,-0.016179347188425074,0.2103895073799279,0.008044419973869708,6.717,0.0,7.0,73.0,1.0,27.0,4.0,1.0,0.0,9.0,3.0,1.0,44.0,1.1302551020408163,1.0,0.0,1.0,1.0,16304.0,3999.0,0.0,0,16.0,448.0,26980
8464671,2024-12-05 21:24:09+00:00,1,"[1, 1, 1, 1, 1, 1, 1]","[0, 0, 0, 0, 0, 0, 0, 0, 0, 0, 0, 0, 0, 0, 0, 0, 0, 0, 0, 0, 0, 1, 1, 1, 0, 1, 1, 1, 1, 1, 1, 1, 1, 1, 0, 1, 1, 1, 1, 1, 1, 1, 1, 1, 1, 1, 1, 1, 0, 0, 1, 1, 1, 0, 1]",23753.0,620.0,0.18632622526675954,-0.6114337137678488,0.26094868650223196,-0.23295731524514138,0.11939328962621384,-0.07412946629464255,-0.14267212177429597,-0.03231283449775203,0.1740873916033103,0.0778669440877906,-0.07791647071836902,-0.09236929204096728,-0.026172253256940618,-0.2062583476798761,-0.03481326916714037,-0.1482292857992833,0.06852539126647902,0.09263075257175206,0.02313302321270807,-0.008431530244752898,-0.039768111103099996,-0.05816090055260583,-0.023487699131707573,-0.016179347188425074,-0.053592719399028974,-0.03707202918461854,6.717,494.0,5.0,157.0,0.37815362931642,10.0,2.0,1.0,0.0,2.0,2.0,9.0,20.0,1.4075851851851853,1.0,0.0,0.0,1.0,78968.0,8286.099999999991,0.7116883116883117,0,8.0,96.0,112785
8438618,2024-12-03 04:38:07+00:00,1,"[0, 0, 0, 0, 0, 0, 0, 0, 0, 0, 0, 0, 0, 0, 0, 0, 0, 0, 0, 0, 0, 0, 0, 0, 0, 0, 0, 0, 0, 0, 0, 1, 0, 1, 1, 1, 1, 1, 1, 1, 0, 1, 1, 1, 1, 1, 1, 0, 1, 1, 1, 1, 1, 1, 1, 1, 0]",,16432.0,471.0,0.1865525544757088,-0.6114337137678488,0.23990797722314114,0.2259612567881653,-0.06670879924340213,-0.07412946629464255,0.14385053025774988,-0.03231283449775203,-0.04317344340611509,0.0778669440877906,-0.06544171956609646,0.07090034106747711,-0.026172253256940618,0.27517336419933297,-0.03481326916714037,-0.1482292857992833,-0.12296996338010098,0.09263075257175206,0.02313302321270807,-0.008431530244752898,-0.039768111103099996,-0.05816090055260583,-0.023487699131707573,-0.016179347188425074,-0.053592719399028974,-0.018828211620055532,6.717,81.0,1.0,408.0,0.017543859649122806,4.0,3.0,0.38596491228070173,0.0,15.0,0.0,5.0,3.0,1.1768244646565924,1.0,2.0,0.0,1.0,302.0,5166.0,0.0,0,19.0,266.0,61058
8436371,2024-12-01 07:26:45+00:00,1,"[1, 1, 1, 1, 1, 1, 1, 1, 1, 1, 1, 1, 1, 1, 1, 1, 1, 1, 1, 1]","[0, 0, 0, 0, 0, 0, 0, 0, 0, 0, 0, 0, 0, 0, 0, 0, 0, 0, 0, 0, 1, 1, 1, 1, 1, 1, 1, 1, 0, 1, 1, 1, 1, 1, 1, 1, 0, 1, 1, 1, 1, 1, 1, 1, 1]",29228.0,823.0,0.18665873267580005,-0.6114337137678488,-0.054488959167710314,0.2259612567881653,0.11939328962621384,0.17561735485816402,-0.14267212177429597,-0.03231283449775203,0.1740873916033103,-0.4142474070967134,0.035324081286162975,-0.0069440649306055586,-0.026172253256940618,0.021081495765742912,0.28748156146469017,-0.1482292857992833,-0.12296996338010098,-0.3012493410357806,-0.08168565936984104,-0.008431530244752898,-0.039768111103099996,-0.05816090055260583,-0.023487699131707573,0.05393564252282038,0.04095250473658998,0.141236061144545,6.717,0.0,1.0,186.0,0.674074074074074,11.0,6.0,1.0,5.0,22.0,1.0,8.0,9.0,0.996692242114237,1.0,1.0,1.0,329.0,2313.0,6320.0,0.7333333333333333,0,39.0,356.0,9878
8464128,2024-12-05 06:14:53+00:00,1,,,17234.0,16317.0,0.18687847381118475,-0.6114337137678488,0.26094868650223196,0.2259612567881653,-0.05738860713727523,-0.07412946629464255,0.14385053025774988,-0.03231283449775203,-0.04317344340611509,0.0778669440877906,-0.07791647071836902,0.07090034106747711,-0.026172253256940618,-0.2062583476798761,-0.03481326916714037,-0.1482292857992833,0.06852539126647902,0.09263075257175206,0.02313302321270807,-0.008431530244752898,-0.009607996814591997,-0.05816090055260583,-0.023487699131707573,-0.016179347188425074,-0.053592719399028974,-0.018828211620055532,6.717,1167.0,1.0,299.0,0.0,4.0,2.0,0.0,0.0,8.0,0.0,10.0,22.0,1.6106542056074766,1.0,0.0,0.0,1.0,78968.0,3966.0,0.0,0,7.0,14.0,82869
8438717,2024-12-03 04:58:47+00:00,0,,"[1, 1, 1, 1, 1, 1, 1, 1, 1, 1, 1, 1, 1, 1, 1, 1, 1, 1, 1, 1, 1, 1, 1]",26084.0,16317.0,0.18702133832813994,-0.6114337137678488,-0.054488959167710314,-0.1165395030712408,-0.05738860713727523,0.22755275636556374,0.01584713069282676,-0.03231283449775203,-0.04317344340611509,0.0778669440877906,-0.07791647071836902,0.07090034106747711,-0.026172253256940618,-0.3292197513569699,-0.03481326916714037,0.13611650753568505,0.06852539126647902,0.09263075257175206,0.02313302321270807,-0.008431530244752898,0.04544625733308562,0.15904631144217646,0.04284707524103316,-0.016179347188425074,0.2103895073799279,0.008044419973869708,6.717,0.0,3.0,300.0,1.0,5.0,6.0,0.0,1.0,6.0,0.0,10.0,30.0,1.1390393013100437,0.0,0.0,0.0,1.0,78968.0,3238.0,1.0,1,23.0,429.0,24897
8464027,2024-12-05 05:43:33+00:00,1,,"[0, 0, 0, 0, 0, 0, 0, 0, 0, 0, 0, 0, 0, 0, 0, 0, 0, 0, 0, 0, 0, 0, 0, 0, 0, 0, 0, 0, 0, 0, 0, 0, 0, 0, 0, 1, 1]",24930.0,16317.0,0.18719375220539072,-0.6114337137678488,-0.054488959167710314,0.2259612567881653,-0.05738860713727523,0.17561735485816402,-0.043774865933036713,-0.03231283449775203,-0.04317344340611509,-0.048236128980226715,-0.07791647071836902,-0.0069440649306055586,-0.026172253256940618,0.25953741616204173,0.16413019796925432,0.13611650753568505,-0.12296996338010098,0.09263075257175206,0.02313302321270807,-0.008431530244752898,-0.009607996814591997,-0.05816090055260583,-0.023487699131707573,-0.016179347188425074,-0.053592719399028974,0.008044419973869708,6.717,18.0,1.0,276.0,0.6756756756756758,7.0,3.0,0.0,3.0,9.0,1.0,8.0,4.0,1.1166853303471445,0.0,2.0,0.0,1.0,662.0,4100.0,0.10384068278805121,0,22.0,157.0,44749
8418617,2024-12-03 08:05:14+00:00,0,,,27622.0,16317.0,0.18749499440090192,-0.6114337137678488,-0.054488959167710314,0.004753338369163321,-0.06670879924340213,-0.07412946629464255,0.01584713069282676,-0.03231283449775203,-0.04317344340611509,0.0778669440877906,0.08779149858909129,-0.09236929204096728,-0.026172253256940618,0.08251752792097579,0.16413019796925432,0.13611650753568505,-0.12296996338010098,0.09263075257175206,0.02313302321270807,-0.008431530244752898,-0.009607996814591997,-0.05816090055260583,0.04284707524103316,-0.016179347188425074,-0.053592719399028974,0.141236061144545,6.717,0.0,2.0,417.0,0.0,6.0,5.0,0.0,0.0,30.0,3.0,10.0,8.0,1.1113704031544218,0.0,1.0,0.0,1.0,1080.0,4200.0,0.0,1,4.0,284.0,22833
8470181,2024-12-07 22:01:25+00:00,1,,"[0, 0, 1, 0, 1, 1, 1, 0, 1, 1, 0, 1, 1, 1, 1, 1, 1, 1]",37236.0,16317.0,0.1875269845797879,-0.6114337137678488,0.26094868650223196,0.004753338369163321,0.11939328962621384,-0.07412946629464255,-0.043774865933036713,-0.03231283449775203,-0.04317344340611509,0.0778669440877906,-0.06544171956609646,0.07090034106747711,-0.026172253256940618,-0.3292197513569699,0.28748156146469017,0.13611650753568505,-0.12296996338010098,-0.3012493410357806,0.02313302321270807,-0.008431530244752898,-0.039768111103099996,-0.05484988672575293,-0.023487699131707573,-0.016179347188425074,-0.053592719399028974,-0.0035377154089891926,6.717,3350.0,2.0,184.0,0.04292929292929293,7.0,3.0,0.0,1.0,14.0,0.0,9.0,24.0,1.0314681440443214,0.0,1.0,1.0,1.0,78968.0,6616.0,0.847953216374269,0,24.0,220.0,50579
8461339,2024-12-04 04:52:55+00:00,1,,"[0, 0, 0, 0, 0, 0, 0, 0, 0, 0, 0, 0, 0, 0, 0, 0, 0, 0, 1, 1]",20540.0,16317.0,0.18754092828120938,-0.6114337137678488,0.26094868650223196,-0.1165395030712408,-0.06670879924340213,-0.07412946629464255,-0.043774865933036713,-0.03231283449775203,-0.04317344340611509,0.0778669440877906,-0.06544171956609646,-0.09236929204096728,-0.026172253256940618,0.08251752792097579,0.16413019796925432,-0.1482292857992833,-0.12296996338010098,0.09263075257175206,0.02313302321270807,-0.008431530244752898,-0.039768111103099996,-0.05816090055260583,-0.023487699131707573,-0.016179347188425074,-0.053592719399028974,0.141236061144545,6.717,7900.0,3.0,344.0,0.03662790697674419,7.0,2.0,0.0,0.0,12.0,2.0,9.0,8.0,1.116304347826087,1.0,1.0,0.0,1.0,78968.0,5500.0,0.18571428571428572,0,3.0,221.0,8185
8462831,2024-12-05 04:17:40+00:00,1,,"[0, 0, 0, 0, 0, 0, 0, 0, 0, 0, 0, 0, 0, 0, 0, 0, 0, 0, 0, 0, 0, 0, 0, 0, 0, 0, 0, 0, 0, 0, 0, 0, 0, 0, 0, 0, 0, 0, 0, 0, 0, 0, 0, 0, 0, 0, 0, 0, 0, 0, 0, 0, 0, 0, 0, 0, 0, 0, 0, 0, 0, 0, 1]",45000.0,16317.0,0.18764470714067458,-0.6114337137678488,0.26094868650223196,0.2259612567881653,-0.05738860713727523,-0.07412946629464255,-0.16547143701628758,-0.03231283449775203,-0.04317344340611509,0.0778669440877906,-0.07791647071836902,-0.09236929204096728,0.13238330771477913,0.021081495765742912,-0.03481326916714037,-0.1482292857992833,0.06852539126647902,0.09263075257175206,-0.08168565936984104,-0.008431530244752898,-0.039768111103099996,-0.05816090055260583,-0.023487699131707573,0.05393564252282038,-0.053592719399028974,0.141236061144545,6.717,133.0,1.0,276.0,0.015873015873015872,14.0,4.0,0.0,0.0,4.0,4.0,0.0,10.0,1.6,1.0,0.0,0.0,329.0,78968.0,5278.0,0.03125,0,42.0,207.0,0
8466205,2024-12-06 04:15:05+00:00,0,,,20046.0,16317.0,0.18786423360973548,-0.6114337137678488,-0.054488959167710314,0.004753338369163321,-0.06670879924340213,-0.07412946629464255,0.4194777125113977,-0.03231283449775203,-0.04317344340611509,0.0778669440877906,-0.09921592132150975,0.07090034106747711,-0.026172253256940618,0.021081495765742912,-0.03481326916714037,0.13611650753568505,0.06852539126647902,0.09263075257175206,-0.08168565936984104,-0.008431530244752898,0.08965056778496559,-0.05816090055260583,0.04284707524103316,-0.016179347188425074,0.13525803582801485,-0.0035377154089891926,6.717,0.0,2.0,600.0,0.0,1.0,0.0,0.0,0.0,0.0,0.0,10.0,9.0,1.2,0.0,0.0,0.0,329.0,78968.0,2511.0,0.0,1,0.0,404.0,55724
8461979,2024-12-04 08:11:32+00:00,1,,,18199.0,16317.0,0.18788346841088102,-0.6114337137678488,-0.054488959167710314,0.2259612567881653,-0.06670879924340213,-0.07412946629464255,0.1880244731129659,-0.03231283449775203,-0.04317344340611509,0.0778669440877906,-0.09921592132150975,-0.0069440649306055586,-0.026172253256940618,0.47334886807418025,-0.03481326916714037,0.13611650753568505,0.06852539126647902,0.09263075257175206,-0.08168565936984104,-0.008431530244752898,-0.009607996814591997,-0.05816090055260583,0.04284707524103316,-0.016179347188425074,-0.053592719399028974,-0.018828211620055532,6.717,0.0,1.0,600.0,0.0,2.0,0.0,0.0,0.0,0.0,1.0,10.0,2.0,1.2562297232001105,0.0,0.0,0.0,329.0,78968.0,3600.0,0.0,1,0.0,1.0,67920
8463160,2024-12-05 02:23:23+00:00,1,"[1, 1, 1, 1, 1, 1, 1, 1, 0, 1, 1, 1, 1, 1, 1, 0, 1, 1, 1, 1, 1, 1, 1, 1, 1, 1, 1, 1, 1, 1, 1, 1, 1, 1, 1, 1, 1, 1]","[0, 0, 0, 0, 0, 0, 0, 0, 0, 0, 0, 0, 0, 0, 0, 0, 0, 1, 1, 1, 1, 1, 1, 1, 0, 1, 1, 1, 1, 1, 1, 1, 1, 1]",40113.0,795.0,0.18801791839230794,-0.6114337137678488,0.26094868650223196,-0.5083517388880758,-0.05738860713727523,0.17561735485816402,-0.043774865933036713,-0.03231283449775203,0.1740873916033103,0.0778669440877906,0.08779149858909129,0.07090034106747711,-0.026172253256940618,-0.3292197513569699,0.16413019796925432,-0.1482292857992833,-0.12296996338010098,0.09263075257175206,-0.08168565936984104,-0.008431530244752898,-0.039768111103099996,-0.05816090055260583,0.04284707524103316,-0.016179347188425074,-0.053592719399028974,0.141236061144545,6.717,332.0,6.0,230.0,0.7099587203302373,8.0,6.0,0.9473684210526315,1.0,27.0,0.0,9.0,25.0,1.0487058823529412,1.0,1.0,0.0,329.0,78968.0,6000.0,0.7008403361344537,1,32.0,127.0,19965
8462344,2024-12-06 09:20:59+00:00,1,"[1, 1, 1, 1, 1, 1, 1, 1, 1, 1, 1, 1, 1, 1, 1, 1, 1, 1, 1, 1, 1, 1, 1, 1, 1, 1, 1, 1, 1, 1]",,21520.0,278.0,0.18803152780016008,-0.6114337137678488,-0.054488959167710314,-0.1165395030712408,0.11939328962621384,0.22755275636556374,-0.16547143701628758,-0.03231283449775203,0.1740873916033103,0.0778669440877906,-0.07791647071836902,0.07090034106747711,0.13238330771477913,-0.3292197513569699,-0.03481326916714037,0.13611650753568505,0.06852539126647902,0.09263075257175206,0.02313302321270807,-0.008431530244752898,-0.009607996814591997,-0.05816090055260583,-0.023487699131707573,-0.016179347188425074,-0.053592719399028974,0.141236061144545,6.717,0.0,3.0,182.0,1.0,15.0,5.0,1.0,1.0,8.0,0.0,1.0,31.0,1.2350071736011479,0.0,0.0,0.0,1.0,649.0,4243.0,0.0,0,29.0,239.0,13479
8471030,2024-12-08 00:56:25+00:00,1,"[1, 1, 1, 1, 1, 1, 0, 1, 0, 1, 1, 0, 1, 1, 1, 1, 1, 1]",,11241.0,330.0,0.18822672454247022,-0.6114337137678488,-0.054488959167710314,-0.1165395030712408,-0.06670879924340213,-0.07412946629464255,0.1880244731129659,-0.03231283449775203,-0.04317344340611509,-0.048236128980226715,-0.06544171956609646,0.07090034106747711,-0.026172253256940618,0.20995636990242048,0.28748156146469017,-0.1482292857992833,0.06852539126647902,-0.3012493410357806,0.02313302321270807,-0.008431530244752898,0.08965056778496559,-0.05816090055260583,0.04284707524103316,-0.016179347188425074,-0.053592719399028974,-0.018828211620055532,6.717,0.0,3.0,348.0,0.3888888888888889,2.0,1.0,0.8333333333333334,3.0,18.0,0.0,2.0,5.0,1.0127027027027027,1.0,0.0,1.0,1.0,78968.0,2500.0,0.0,1,7.0,31.0,96472
8461262,2024-12-06 02:22:09+00:00,1,,,22898.0,16317.0,0.1883654838667402,-0.6114337137678488,-0.054488959167710314,0.2259612567881653,-0.05738860713727523,-0.07412946629464255,0.14385053025774988,-0.03231283449775203,-0.04317344340611509,0.0778669440877906,-0.07791647071836902,0.07090034106747711,-0.026172253256940618,0.27517336419933297,-0.03481326916714037,-0.1482292857992833,0.06852539126647902,0.09263075257175206,0.02313302321270807,-0.008431530244752898,-0.039768111103099996,-0.05816090055260583,-0.023487699131707573,-0.016179347188425074,0.2103895073799279,-0.018828211620055532,6.717,0.0,1.0,301.0,0.0,3.0,0.0,0.0,1.0,5.0,0.0,10.0,3.0,1.2846002805049088,1.0,0.0,0.0,1.0,78968.0,6736.0,0.0,0,2.0,451.0,97184
8470883,2024-12-08 00:30:56+00:00,0,"[0, 0, 1, 1, 1, 1, 1, 1, 1, 1, 0, 1, 1, 1, 1, 1, 1, 1, 1, 1, 1, 1, 1, 1, 1, 1, 1, 1, 1, 1, 1, 1, 1, 1, 1, 1, 1, 1, 1, 0, 1, 1, 1, 1, 1, 1, 1, 0, 1, 0, 1, 0, 1, 1, 0, 1, 0, 1, 1, 0, 1, 0, 1, 1, 1, 1]","[0, 0, 0, 0, 0, 0, 0, 0, 0, 0, 0, 0, 0, 0, 0, 0, 0, 0, 0, 0, 0, 0, 0, 1, 1, 1, 1, 1, 0, 1, 1, 1, 0, 1, 1, 1, 1, 1, 1, 1, 1, 1, 1, 1, 1, 1, 1, 1, 1, 1, 1, 1, 1, 1, 1, 1, 1, 1, 1, 1, 1, 1, 1, 1, 1, 1, 1, 1, 1, 1, 1, 1, 1, 1, 1, 1, 1, 1, 1, 1, 1, 1]",32697.0,16317.0,0.18865312188087818,-0.6114337137678488,-0.054488959167710314,0.2259612567881653,-0.05738860713727523,-0.07412946629464255,-0.043774865933036713,-0.03231283449775203,-0.04317344340611509,-0.048236128980226715,0.035324081286162975,-0.0069440649306055586,-0.026172253256940618,0.14199482941539582,-0.03481326916714037,-0.1482292857992833,-0.12296996338010098,0.09263075257175206,0.02313302321270807,-0.008431530244752898,0.08965056778496559,-0.05484988672575293,0.04284707524103316,-0.016179347188425074,0.13525803582801485,0.141236061144545,6.717,0.0,1.0,275.0,0.013673318551367332,7.0,1.0,0.8333333333333334,3.0,23.0,1.0,9.0,7.0,1.2292105263157895,1.0,1.0,0.0,1.0,2892.0,0.0,0.9006758742286218,1,1.0,378.0,13110
8470053,2024-12-07 09:59:53+00:00,1,,,19405.0,16317.0,0.18881317093997105,-0.6114337137678488,-0.054488959167710314,0.2259612567881653,-0.06670879924340213,-0.07412946629464255,-0.16547143701628758,-0.03231283449775203,-0.04317344340611509,0.0778669440877906,-0.07791647071836902,-0.09236929204096728,-0.026172253256940618,0.25953741616204173,0.28748156146469017,-0.1482292857992833,-0.12296996338010098,0.09263075257175206,0.02313302321270807,-0.008431530244752898,-0.009607996814591997,-0.05816090055260583,-0.023487699131707573,-0.016179347188425074,-0.053592719399028974,0.008044419973869708,6.717,3.0,1.0,378.0,0.0,162.0,4.0,0.0,0.0,10.0,99.0,10.0,4.0,0.7260176593834181,1.0,16.0,0.0,1.0,78968.0,3900.0,0.0,0,18.0,30.0,44994
8462956,2024-12-05 01:37:50+00:00,1,"[0, 0, 1, 1, 1, 1, 1, 1, 1, 1, 1, 1, 1, 1, 1, 1, 1, 1, 1, 1, 1, 1, 1, 1, 1, 1, 1, 1, 1, 1]","[1, 1, 1, 1, 1, 1, 1, 1, 1, 1, 1, 1]",25928.0,914.0,0.189036023278188,-0.6114337137678488,-0.054488959167710314,-0.1165395030712408,0.11939328962621384,0.17561735485816402,-0.043774865933036713,-0.03231283449775203,-0.04317344340611509,0.0778669440877906,-0.07791647071836902,-0.0069440649306055586,-0.026172253256940618,-0.15334582495827825,0.16413019796925432,0.13611650753568505,-0.12296996338010098,-0.3012493410357806,0.02313302321270807,-0.008431530244752898,-0.039768111103099996,0.15904631144217646,0.04284707524103316,0.22505449144967976,-0.053592719399028974,0.141236061144545,6.717,0.0,3.0,190.0,0.6443003144654088,8.0,5.0,0.9333333333333333,0.0,2.0,1.0,3.0,16.0,1.03712,0.0,1.0,1.0,4.0,78968.0,7916.0,1.0,1,63.0,222.0,12
8463257,2024-12-05 02:49:18+00:00,1,,,12664.0,16317.0,0.18918526095275606,-0.6114337137678488,-0.054488959167710314,0.2259612567881653,-0.06670879924340213,-0.07412946629464255,0.1880244731129659,-0.03231283449775203,-0.04317344340611509,0.0778669440877906,0.08779149858909129,0.07090034106747711,-0.026172253256940618,0.20995636990242048,-0.03481326916714037,0.13611650753568505,0.06852539126647902,0.09263075257175206,-0.08168565936984104,-0.008431530244752898,-0.009607996814591997,-0.05816090055260583,-0.023487699131707573,-0.016179347188425074,-0.053592719399028974,-0.0035377154089891926,6.717,0.0,1.0,327.0,0.0,2.0,1.0,0.0,0.0,28.0,0.0,10.0,5.0,1.2538613861386139,0.0,0.0,0.0,329.0,2027.0,3508.0,0.0,0,13.0,232.0,47106
8466082,2024-12-06 03:47:28+00:00,1,"[0, 0, 0, 0, 0, 0, 0, 0, 0, 1, 1, 1, 1, 1, 1]","[0, 0, 0, 0, 0, 0, 0, 0, 0, 0, 0, 0, 0, 0, 0, 0, 0, 0, 0, 0, 0, 0, 0, 0, 0, 0, 0, 0, 0, 0, 0, 0, 0, 0, 0, 0, 0, 0, 0, 1, 1, 1, 1, 1, 1, 1, 1, 0, 1, 1, 1, 1, 1, 0, 1, 1, 1, 0, 1, 1, 0, 0, 0, 0, 1, 1, 0, 1, 0, 0, 1, 1, 1]",27361.0,16317.0,0.1894132528697601,-0.6114337137678488,-0.054488959167710314,0.004753338369163321,-0.05738860713727523,-0.07412946629464255,-0.14267212177429597,-0.03231283449775203,-0.04317344340611509,0.0778669440877906,-0.07791647071836902,-0.09236929204096728,-0.026172253256940618,0.08251752792097579,0.16413019796925432,0.13611650753568505,0.06852539126647902,0.09263075257175206,0.02313302321270807,-0.008431530244752898,-0.039768111103099996,-0.05816090055260583,-0.023487699131707573,-0.016179347188425074,0.04095250473658998,0.141236061144545,6.717,0.0,2.0,300.0,0.04018264840182648,9.0,2.0,0.4,1.0,11.0,4.0,10.0,8.0,1.1267089441607643,0.0,0.0,0.0,1.0,78968.0,5560.0,0.4831543872639763,0,2.0,365.0,3
8462650,2024-12-05 00:27:43+00:00,1,,"[0, 0, 0, 0, 0, 0, 0, 0, 0, 0, 0, 0, 0, 0, 0, 0, 0, 0, 0, 0, 0, 0, 0, 0, 0, 0, 0, 0, 0, 0, 0, 0, 0, 0, 0, 0, 0, 0, 0, 0, 0, 0, 0, 0, 0, 0, 0, 0, 0, 0, 0, 0, 0, 0, 0, 0, 0, 0, 0, 0, 1, 1, 1, 1, 1, 1, 0, 0, 0, 1, 1, 1, 1, 1, 1, 1, 1, 1, 1, 1, 1, 1]",17740.0,16317.0,0.18963766981742708,-0.6114337137678488,-0.054488959167710314,0.2259612567881653,-0.05738860713727523,-0.07412946629464255,-0.14267212177429597,-0.03231283449775203,-0.04317344340611509,0.0778669440877906,-0.07791647071836902,-0.0069440649306055586,-0.026172253256940618,0.20995636990242048,0.28748156146469017,-0.1482292857992833,-0.12296996338010098,0.09263075257175206,0.02313302321270807,-0.008431530244752898,-0.009607996814591997,-0.05816090055260583,-0.023487699131707573,-0.016179347188425074,-0.053592719399028974,0.008044419973869708,6.717,0.0,1.0,268.0,0.012195121951219513,10.0,4.0,0.0,0.0,5.0,1.0,9.0,5.0,1.0284057971014493,1.0,1.0,0.0,1.0,15843.0,3900.0,0.4022920952101087,0,23.0,126.0,28322
8467765,2024-12-07 00:10:33+00:00,1,,"[0, 0, 0, 0, 0, 0, 0, 0, 0, 0, 0, 0, 0, 0, 0, 0, 0, 0, 0, 0, 0, 0, 0, 0, 0, 0, 0, 0, 0, 0, 0, 0, 0, 0, 0, 0, 0, 0, 0, 0, 0, 0, 0, 0, 0, 0, 0, 0, 0, 0, 0, 0, 0, 0, 0, 0, 0, 0, 1, 1, 1, 1, 1, 1, 1, 0, 0, 0, 1, 1, 0, 1, 1, 1, 1, 1, 1, 0, 0, 1, 1, 1]",11863.0,16317.0,0.18993724942951967,-0.6114337137678488,-0.054488959167710314,0.004753338369163321,-0.06670879924340213,-0.07412946629464255,-0.043774865933036713,-0.03231283449775203,-0.04317344340611509,0.0778669440877906,-0.07791647071836902,0.07090034106747711,-0.026172253256940618,0.08251752792097579,0.28748156146469017,-0.1482292857992833,0.06852539126647902,0.09263075257175206,0.02313302321270807,-0.008431530244752898,-0.009607996814591997,-0.05816090055260583,-0.023487699131707573,-0.016179347188425074,-0.053592719399028974,-0.018828211620055532,6.717,0.0,2.0,340.0,0.012195121951219513,7.0,5.0,0.0,0.0,7.0,0.0,9.0,8.0,0.9948008385744235,1.0,0.0,0.0,1.0,2183.0,3679.0,0.37114310902145164,0,16.0,137.0,91285
8402732,2024-12-06 07:38:00+00:00,1,"[0, 0, 0, 0, 0, 0, 1, 0, 0, 0, 0, 0, 0, 0, 0, 0, 1, 1, 1, 1, 1, 1, 0, 0, 0, 0, 1, 0, 1, 1, 1, 0, 1, 1, 1, 1, 1, 1, 1, 1, 0, 1, 0, 0, 1, 1, 1, 1, 1, 1, 1, 1, 1]",,35000.0,624.0,0.19013991454112197,-0.6114337137678488,-0.054488959167710314,0.2259612567881653,-0.05738860713727523,-0.07412946629464255,-0.16547143701628758,-0.03231283449775203,-0.04317344340611509,0.0778669440877906,-0.09921592132150975,-0.09236929204096728,-0.026172253256940618,0.021081495765742912,0.28748156146469017,-0.1482292857992833,-0.12296996338010098,0.09263075257175206,0.02313302321270807,-0.008431530244752898,-0.039768111103099996,-0.05816090055260583,0.04284707524103316,0.05393564252282038,0.006896750883670848,0.141236061144545,6.717,0.0,1.0,297.0,0.018867924528301886,162.0,6.0,0.5471698113207547,0.0,1.0,99.0,4.0,11.0,0.7571660356949702,1.0,16.0,0.0,1.0,5159.0,7500.0,0.0,1,42.0,307.0,3113
8469759,2024-12-07 07:07:31+00:00,1,,"[1, 1, 1, 1, 1, 1, 1, 1, 1, 1, 1]",19578.0,16317.0,0.19027069759488016,-0.6114337137678488,-0.054488959167710314,-0.1165395030712408,-0.06670879924340213,0.22755275636556374,-0.14267212177429597,-0.03231283449775203,-0.04317344340611509,0.0778669440877906,-0.07791647071836902,-0.0069440649306055586,-0.026172253256940618,0.021081495765742912,0.28748156146469017,0.13611650753568505,0.06852539126647902,-0.3012493410357806,0.02313302321270807,-0.008431530244752898,-0.039768111103099996,0.15904631144217646,-0.023487699131707573,-0.016179347188425074,-0.053592719399028974,-0.018828211620055532,6.717,0.0,3.0,324.0,1.0,9.0,5.0,0.0,0.0,5.0,1.0,10.0,11.0,0.9515431348724179,0.0,0.0,1.0,1.0,2838.0,4671.0,1.0,0,3.0,84.0,64000
8467521,2024-12-06 23:08:20+00:00,1,,"[0, 0, 0, 0, 0, 0, 0, 0, 0, 0, 0, 0, 0, 0, 0, 0, 0, 0, 0, 0, 0, 0, 0, 0, 0, 0, 0, 0, 0, 1, 1, 1]",22381.0,16317.0,0.19029976908164595,-0.6114337137678488,-0.054488959167710314,-0.1165395030712408,-0.06670879924340213,-0.07412946629464255,-0.16547143701628758,-0.03231283449775203,-0.04317344340611509,-0.048236128980226715,0.2659552272166623,-0.09236929204096728,-0.026172253256940618,0.14199482941539582,0.16413019796925432,-0.1482292857992833,-0.12296996338010098,0.09263075257175206,0.02313302321270807,-0.008431530244752898,0.08965056778496559,-0.05816090055260583,0.04284707524103316,-0.016179347188425074,-0.053592719399028974,0.008044419973869708,6.717,0.0,3.0,464.0,0.03125,14.0,0.0,0.0,3.0,34.0,3.0,8.0,7.0,1.0507511737089201,1.0,2.0,0.0,1.0,4455.0,2500.0,0.17613636363636365,1,12.0,148.0,41985
8462668,2024-12-05 00:31:08+00:00,0,,,11894.0,16317.0,0.190930835054241,-0.6114337137678488,-0.054488959167710314,0.004753338369163321,-0.05738860713727523,-0.07412946629464255,-0.043774865933036713,-0.03231283449775203,-0.04317344340611509,0.0778669440877906,-0.06544171956609646,-0.0069440649306055586,-0.026172253256940618,-0.15334582495827825,0.28748156146469017,0.13611650753568505,0.06852539126647902,-0.3012493410357806,0.02313302321270807,-0.008431530244752898,0.08965056778496559,-0.05816090055260583,0.04284707524103316,-0.016179347188425074,-0.053592719399028974,-0.018828211620055532,6.717,0.0,2.0,294.0,0.0,7.0,1.0,0.0,0.0,14.0,1.0,10.0,18.0,0.9553413654618473,0.0,0.0,1.0,38.0,339.0,2500.0,0.0,1,1.0,38.0,67585
8439319,2024-12-03 07:44:54+00:00,1,"[0, 1, 1, 1, 1, 1, 1, 1, 1, 1, 1, 1, 1, 1, 1, 1, 1, 1, 1, 1, 1]","[0, 0, 0, 0, 0, 0, 0, 0, 0, 0, 0, 0, 0, 0, 0, 0, 0, 0, 0, 0, 0, 0, 0, 0, 0, 0, 0, 0, 0, 0, 0, 0, 0, 0, 0, 0, 0, 0, 0, 0, 0, 0, 0, 0, 0, 0, 0, 0, 0, 0, 0, 1, 1, 1, 1, 1, 1, 1, 1, 1, 1, 1, 1, 1, 1, 1, 1, 1, 1, 1, 1, 1, 1, 1, 1, 1, 1, 1, 1, 1, 1, 1]",9788.0,396.0,0.1910895992524397,-0.6114337137678488,-0.054488959167710314,-0.23295731524514138,-0.06670879924340213,-0.07412946629464255,-0.16547143701628758,-0.03231283449775203,0.1740873916033103,0.0778669440877906,-0.07791647071836902,-0.09236929204096728,-0.026172253256940618,-0.2062583476798761,0.28748156146469017,0.13611650753568505,-0.12296996338010098,0.09263075257175206,0.02313302321270807,-0.008431530244752898,-0.009607996814591997,-0.05816090055260583,-0.023487699131707573,0.05393564252282038,0.006896750883670848,0.141236061144545,6.717,0.0,4.0,307.0,0.05018081511983952,24.0,5.0,0.9523809523809523,1.0,7.0,3.0,2.0,23.0,0.486360248447205,0.0,2.0,0.0,1.0,1932.0,3572.0,0.6103438142815163,0,41.0,297.0,14665
8436588,2024-12-02 01:21:37+00:00,1,,"[0, 0, 0, 0, 0, 0, 0, 0, 0, 0, 0, 0, 1, 1, 1, 1, 1, 1, 1, 1, 1, 1, 1, 1, 1, 1, 1]",25056.0,16317.0,0.19130680989824567,-0.6114337137678488,-0.054488959167710314,0.2259612567881653,-0.06670879924340213,-0.07412946629464255,-0.16547143701628758,-0.03231283449775203,-0.04317344340611509,0.0778669440877906,-0.06544171956609646,0.07090034106747711,-0.026172253256940618,0.14199482941539582,0.28748156146469017,-0.1482292857992833,-0.12296996338010098,0.09263075257175206,0.02313302321270807,-0.008431530244752898,-0.039768111103099996,-0.05484988672575293,-0.023487699131707573,-0.016179347188425074,-0.053592719399028974,0.141236061144545,6.717,0.0,0.0,474.0,0.037037037037037035,17.0,1.0,0.0,0.0,19.0,0.0,9.0,6.0,0.9296872101220733,1.0,1.0,0.0,1.0,8481.0,4900.0,0.7936507936507936,0,0.0,218.0,0
8466380,2024-12-06 04:52:34+00:00,1,,,20954.0,16317.0,0.19152214445206825,-0.6114337137678488,-0.054488959167710314,0.2259612567881653,-0.06670879924340213,-0.07412946629464255,0.4194777125113977,-0.03231283449775203,-0.04317344340611509,0.0778669440877906,0.2659552272166623,-0.0069440649306055586,-0.026172253256940618,0.14199482941539582,-0.03481326916714037,-0.1482292857992833,-0.12296996338010098,0.09263075257175206,0.02313302321270807,-0.008431530244752898,-0.009607996814591997,-0.05816090055260583,-0.023487699131707573,-0.016179347188425074,-0.053592719399028974,-0.018828211620055532,6.717,0.0,1.0,317.0,0.0,1.0,0.0,0.0,0.0,46.0,1.0,10.0,7.0,1.1481643835616437,1.0,1.0,0.0,1.0,732.0,3800.0,0.0,0,12.0,173.0,59800
8460488,2024-12-04 01:28:31+00:00,1,"[1, 1, 1, 1, 1, 1, 1, 1, 1, 1, 1]",,6497.0,558.0,0.19190037479865937,-0.6114337137678488,-0.054488959167710314,-0.23295731524514138,0.11939328962621384,0.22755275636556374,0.14385053025774988,-0.03231283449775203,0.1740873916033103,0.0778669440877906,-0.06544171956609646,0.07090034106747711,0.13238330771477913,-0.15334582495827825,-0.03481326916714037,0.13611650753568505,0.06852539126647902,0.09263075257175206,0.02313302321270807,-0.008431530244752898,-0.039768111103099996,-0.05816090055260583,-0.023487699131707573,-0.016179347188425074,-0.053592719399028974,-0.03707202918461854,6.717,0.0,4.0,133.0,1.0,4.0,0.0,1.0,0.0,13.0,0.0,1.0,18.0,1.5287058823529411,0.0,0.0,0.0,1.0,78968.0,5275.0,0.0,0,23.0,52.0,132451
8471805,2024-12-08 03:08:38+00:00,1,,,12241.0,16317.0,0.19191420425082797,-0.6114337137678488,-0.054488959167710314,0.004753338369163321,-0.06670879924340213,-0.07412946629464255,0.01584713069282676,-0.03231283449775203,-0.04317344340611509,-0.048236128980226715,-0.07791647071836902,0.07090034106747711,-0.026172253256940618,-0.2062583476798761,0.28748156146469017,0.13611650753568505,0.06852539126647902,0.09263075257175206,0.02313302321270807,-0.008431530244752898,-0.009607996814591997,-0.05816090055260583,-0.023487699131707573,-0.016179347188425074,0.13525803582801485,-0.0035377154089891926,6.717,0.0,2.0,378.0,0.0,5.0,3.0,0.0,2.0,8.0,0.0,10.0,21.0,0.9033948339483395,0.0,0.0,0.0,1.0,4474.0,3500.0,0.0,0,0.0,394.0,55713
8436771,2024-12-02 05:17:35+00:00,1,,"[1, 1, 1, 1, 1, 1, 1, 1, 1, 1, 1, 1, 1, 1, 1, 1, 1, 1, 1, 1, 1, 1, 1, 1, 1, 1, 1, 1, 1, 1, 1, 1, 1, 1, 1, 1, 1, 1, 1, 1, 1, 1, 1, 1, 1, 1, 1, 1, 1, 1, 1, 1, 1, 1, 1, 1, 1, 1, 1, 1, 1, 1, 1, 1, 1]",35000.0,16317.0,0.19216465579184477,-0.6114337137678488,-0.054488959167710314,0.2259612567881653,-0.05738860713727523,0.22755275636556374,0.4194777125113977,-0.03231283449775203,-0.04317344340611509,0.0778669440877906,-0.06544171956609646,-0.0069440649306055586,-0.026172253256940618,0.021081495765742912,-0.03481326916714037,0.13611650753568505,-0.12296996338010098,0.09263075257175206,0.02313302321270807,-0.008431530244752898,-0.039768111103099996,0.15904631144217646,-0.023487699131707573,-0.016179347188425074,-0.053592719399028974,-0.018828211620055532,6.717,0.0,1.0,239.0,1.0,1.0,4.0,0.0,0.0,12.0,1.0,10.0,10.0,1.1582117211026175,0.0,1.0,0.0,1.0,78968.0,7205.0,1.0,0,16.0,225.0,57988
8464447,2024-12-05 07:52:14+00:00,1,,"[0, 0, 0, 0, 0, 0, 0, 0, 0, 0, 0, 0, 0, 0, 0, 0, 0, 0, 0, 0, 0, 0, 0, 0, 0, 0, 0, 0, 0, 0, 0, 1, 1]",25864.0,16317.0,0.1923060525993341,-0.6114337137678488,-0.054488959167710314,-0.1165395030712408,-0.06670879924340213,-0.07412946629464255,0.14385053025774988,0.030500288512228284,-0.04317344340611509,0.0778669440877906,-0.06544171956609646,-0.0069440649306055586,-0.026172253256940618,0.20995636990242048,0.28748156146469017,-0.1482292857992833,-0.12296996338010098,0.09263075257175206,-0.08168565936984104,-0.008431530244752898,-0.009607996814591997,-0.05816090055260583,-0.023487699131707573,-0.016179347188425074,0.015592503790590144,0.141236061144545,6.717,0.0,3.0,320.0,0.38053613053613056,4.0,7.0,0.0,0.0,14.0,1.0,9.0,5.0,0.7662953306470728,1.0,2.0,0.0,329.0,2628.0,4083.0,0.11586452762923351,0,2.0,351.0,2926
8438717,2024-12-03 04:58:47+00:00,1,,"[1, 1, 1, 1, 1, 1, 1, 1, 1, 1, 1, 1, 1, 1, 1, 1, 1, 1, 1, 1, 1, 1, 1, 1, 1, 1, 1, 1, 1, 1, 1, 1, 1, 1, 1, 1, 1, 1, 1, 1, 1, 1, 1, 1, 1, 1, 1, 1, 1, 1, 1, 1, 1, 1, 1, 1, 1, 1, 1, 1, 1, 1, 1]",26084.0,16317.0,0.19266188293018732,-0.6114337137678488,-0.054488959167710314,-0.1165395030712408,-0.05738860713727523,0.22755275636556374,0.1880244731129659,-0.03231283449775203,-0.04317344340611509,0.0778669440877906,-0.07791647071836902,0.07090034106747711,-0.026172253256940618,-0.3292197513569699,-0.03481326916714037,-0.1482292857992833,0.06852539126647902,0.09263075257175206,0.02313302321270807,-0.008431530244752898,0.04544625733308562,0.15904631144217646,0.04284707524103316,-0.016179347188425074,0.2103895073799279,0.008044419973869708,6.717,0.0,3.0,284.0,1.0,2.0,0.0,0.0,1.0,9.0,0.0,10.0,28.0,1.1390393013100437,1.0,0.0,0.0,1.0,78968.0,2600.0,1.0,1,2.0,440.0,24897
8469900,2024-12-07 07:54:59+00:00,1,,"[0, 0, 0, 1, 1, 1, 1, 1, 1, 1]",7811.0,16317.0,0.19280771474961983,-0.6114337137678488,-0.054488959167710314,-0.1165395030712408,-0.05738860713727523,-0.07412946629464255,0.01584713069282676,-0.03231283449775203,-0.04317344340611509,0.0778669440877906,0.2659552272166623,0.07090034106747711,-0.026172253256940618,0.14199482941539582,0.28748156146469017,0.13611650753568505,-0.12296996338010098,-0.3012493410357806,-0.08168565936984104,0.12181209640599021,-0.009607996814591997,-0.05484988672575293,-0.023487699131707573,-0.016179347188425074,-0.053592719399028974,-0.018828211620055532,6.717,0.0,3.0,300.0,0.1,5.0,1.0,0.0,0.0,46.0,0.0,10.0,6.0,0.8179057591623037,0.0,1.0,1.0,329.0,158.0,3500.0,0.8909090909090909,0,0.0,78.0,71432
8437071,2024-12-02 22:25:21+00:00,1,,,29698.0,16317.0,0.1929502480161012,-0.6114337137678488,-0.054488959167710314,0.2259612567881653,-0.06670879924340213,-0.07412946629464255,0.1880244731129659,-0.03231283449775203,-0.04317344340611509,0.0778669440877906,-0.07791647071836902,-0.0069440649306055586,-0.026172253256940618,0.20995636990242048,-0.03481326916714037,0.13611650753568505,0.06852539126647902,0.09263075257175206,-0.08168565936984104,-0.008431530244752898,-0.009607996814591997,-0.05816090055260583,0.04284707524103316,-0.016179347188425074,-0.053592719399028974,0.141236061144545,6.717,0.0,1.0,455.0,0.0,2.0,0.0,0.0,0.0,11.0,1.0,10.0,5.0,1.312096845453742,0.0,0.0,0.0,329.0,750.0,4000.0,0.0,1,12.0,86.0,12
8459769,2024-12-03 21:40:49+00:00,1,,,25624.0,16317.0,0.19318434655525804,-0.6114337137678488,-0.054488959167710314,-0.1165395030712408,-0.06670879924340213,-0.07412946629464255,0.1880244731129659,-0.03231283449775203,-0.04317344340611509,0.0778669440877906,-0.09921592132150975,-0.09236929204096728,-0.026172253256940618,0.14199482941539582,0.16413019796925432,0.13611650753568505,0.06852539126647902,0.09263075257175206,-0.08168565936984104,-0.008431530244752898,-0.009607996814591997,-0.05816090055260583,-0.023487699131707573,-0.016179347188425074,0.015592503790590144,0.141236061144545,6.717,0.0,3.0,600.0,0.0,2.0,0.0,0.0,0.0,0.0,2.0,10.0,7.0,1.1263296703296704,0.0,0.0,0.0,329.0,78968.0,4300.0,0.0,0,0.0,324.0,18050
8464147,2024-12-05 06:20:30+00:00,1,"[1, 1, 1, 1, 1, 1, 1, 1, 1, 1, 1, 1, 1, 1, 1, 1, 0, 1, 1, 1, 0, 0, 1, 0, 1, 1, 1, 1, 1, 1, 1, 1, 1, 1, 1, 1, 1, 1, 1]","[1, 1, 1, 1, 1, 0, 0, 1, 0, 1, 1, 1, 1, 1, 1, 1, 1, 1, 1, 1, 1, 1, 1, 1, 1, 1, 1, 1, 1, 1, 1, 1, 1, 0, 1, 1, 1, 1, 1, 1, 1, 1, 1, 1, 1, 1, 1, 1, 1, 1, 1]",30127.0,537.0,0.19337640429496156,-0.6114337137678488,0.26094868650223196,0.004753338369163321,-0.06670879924340213,-0.07412946629464255,-0.16547143701628758,-0.03231283449775203,-0.04317344340611509,0.0778669440877906,-0.07791647071836902,-0.09236929204096728,0.13238330771477913,0.20995636990242048,-0.03481326916714037,-0.1482292857992833,-0.12296996338010098,0.09263075257175206,0.02313302321270807,-0.008431530244752898,-0.039768111103099996,0.15904631144217646,-0.023487699131707573,0.05393564252282038,-0.053592719399028974,0.008044419973869708,6.717,139.0,2.0,316.0,0.19057543763426119,162.0,5.0,0.8974358974358975,0.0,4.0,99.0,1.0,5.0,1.4876061623543353,1.0,16.0,0.0,1.0,1430.0,6400.0,0.9577677224736049,0,35.0,139.0,39410
8460986,2024-12-04 03:26:02+00:00,1,,,30247.0,16317.0,0.19337914790992392,-0.6114337137678488,-0.054488959167710314,0.2259612567881653,-0.06670879924340213,-0.07412946629464255,0.4194777125113977,-0.03231283449775203,-0.04317344340611509,0.0778669440877906,-0.07791647071836902,0.07090034106747711,-0.026172253256940618,0.27517336419933297,-0.03481326916714037,0.13611650753568505,-0.12296996338010098,0.09263075257175206,0.02313302321270807,-0.008431530244752898,-0.039768111103099996,-0.05816090055260583,-0.023487699131707573,-0.016179347188425074,0.2103895073799279,-0.03707202918461854,6.717,0.0,1.0,436.0,0.0,1.0,3.0,0.0,0.0,2.0,0.0,10.0,3.0,1.243453237410072,0.0,1.0,0.0,4.0,78968.0,5645.0,0.0,0,11.0,459.0,105587
8470110,2024-12-07 21:05:03+00:00,1,"[0, 0, 0, 0, 0, 0, 0, 0, 0, 0, 0, 0, 0, 0, 0, 0, 0, 0, 0, 0, 0, 0, 0, 0, 0, 0, 0, 0, 0, 0, 0, 0, 0, 0, 0, 0, 0, 1, 0, 0, 1, 1, 1, 1, 1, 0, 1, 1, 1, 1, 1]",,21515.0,16317.0,0.1935476181555028,-0.6114337137678488,0.23990797722314114,-0.23295731524514138,-0.06670879924340213,-0.07412946629464255,-0.16547143701628758,0.030500288512228284,-0.04317344340611509,0.0778669440877906,-0.07791647071836902,0.07090034106747711,-0.026172253256940618,-0.3292197513569699,0.28748156146469017,0.13611650753568505,-0.12296996338010098,0.09263075257175206,0.02313302321270807,-0.008431530244752898,-0.039768111103099996,-0.05816090055260583,-0.023487699131707573,-0.016179347188425074,-0.053592719399028974,0.141236061144545,6.717,38.0,5.0,372.0,0.0196078431372549,21.0,7.0,0.21568627450980393,0.0,2.0,0.0,5.0,24.0,0.7955848093776579,0.0,1.0,0.0,1.0,2284.0,4750.0,0.0,0,12.0,273.0,2
8416396,2024-12-05 22:49:44+00:00,1,"[1, 1, 1, 1, 1, 1, 1, 1, 1, 1, 1, 1, 1, 1, 0, 1, 1, 1, 1, 1, 1, 1, 1, 1, 1, 1, 1, 0, 1]","[0, 0, 0, 0, 0, 0, 0, 0, 0, 0, 0, 0, 0, 0, 0, 0, 0, 0, 0, 0, 0, 0, 0, 0, 0, 0, 0, 0, 1, 1, 1, 1, 1, 1, 1, 1, 1, 1, 1, 1, 1, 1, 1]",24430.0,615.0,0.19372384662685102,-0.6114337137678488,-0.054488959167710314,0.2259612567881653,-0.05738860713727523,-0.07412946629464255,0.14385053025774988,-0.03231283449775203,-0.04317344340611509,-0.4142474070967134,0.08779149858909129,0.07090034106747711,-0.026172253256940618,0.14199482941539582,0.28748156146469017,-0.1482292857992833,0.06852539126647902,0.09263075257175206,0.02313302321270807,-0.008431530244752898,-0.039768111103099996,-0.05816090055260583,-0.023487699131707573,-0.016179347188425074,-0.053592719399028974,-0.0035377154089891926,6.717,0.0,1.0,264.0,0.20397525489746823,3.0,2.0,0.9310344827586207,4.0,27.0,0.0,8.0,7.0,0.6256081946222791,1.0,0.0,0.0,1.0,9185.0,5073.0,0.5708245243128964,0,23.0,265.0,50782
8471189,2024-12-08 01:19:36+00:00,1,,"[0, 0, 0, 1, 1, 0, 0, 0, 1]",48334.0,16317.0,0.19376674760659834,-0.6114337137678488,-0.054488959167710314,0.2259612567881653,-0.06670879924340213,-0.07412946629464255,0.1880244731129659,-0.03231283449775203,-0.04317344340611509,-0.048236128980226715,-0.06544171956609646,-0.0069440649306055586,-0.026172253256940618,0.25953741616204173,-0.03481326916714037,0.13611650753568505,0.06852539126647902,0.09263075257175206,0.02313302321270807,-0.008431530244752898,-0.039768111103099996,-0.05816090055260583,0.04284707524103316,-0.016179347188425074,-0.053592719399028974,0.141236061144545,6.717,0.0,1.0,343.0,0.1111111111111111,2.0,1.0,0.0,3.0,16.0,1.0,10.0,4.0,1.1978686493184634,0.0,0.0,0.0,1.0,8881.0,4932.0,0.4,1,15.0,116.0,23657
8464198,2024-12-05 06:33:42+00:00,1,,,23822.0,16317.0,0.19378385003184073,-0.6114337137678488,-0.054488959167710314,0.2259612567881653,-0.05738860713727523,-0.07412946629464255,-0.16547143701628758,-0.03231283449775203,-0.04317344340611509,0.0778669440877906,-0.07791647071836902,-0.09236929204096728,-0.026172253256940618,0.25953741616204173,0.16413019796925432,-0.1482292857992833,-0.12296996338010098,0.09263075257175206,0.02313302321270807,-0.008431530244752898,-0.009607996814591997,-0.05816090055260583,0.04284707524103316,-0.016179347188425074,-0.053592719399028974,0.141236061144545,6.717,0.0,1.0,279.0,0.0,162.0,0.0,0.0,0.0,6.0,99.0,10.0,4.0,1.045925535651563,1.0,16.0,0.0,1.0,78968.0,3550.0,0.0,1,1.0,16.0,3
8468556,2024-12-07 02:55:57+00:00,1,,"[0, 0, 0, 0, 0, 0, 0, 0, 0, 0, 1, 1, 0, 0, 0, 0, 0, 0, 0, 0, 0, 0, 0, 0, 1, 1, 1, 1, 1, 1]",17614.0,16317.0,0.1938404627154238,-0.6114337137678488,-0.054488959167710314,0.004753338369163321,-0.06670879924340213,-0.07412946629464255,0.01584713069282676,-0.03231283449775203,-0.04317344340611509,-0.048236128980226715,-0.06544171956609646,-0.0069440649306055586,-0.026172253256940618,-0.01066169917084148,0.28748156146469017,0.13611650753568505,0.06852539126647902,0.09263075257175206,0.02313302321270807,-0.008431530244752898,-0.009607996814591997,-0.05816090055260583,-0.023487699131707573,-0.016179347188425074,-0.053592719399028974,-0.018828211620055532,6.717,0.0,2.0,336.0,0.03333333333333333,6.0,3.0,0.0,3.0,16.0,1.0,9.0,13.0,0.9258344283837057,0.0,0.0,0.0,1.0,1232.0,3500.0,0.4043010752688172,0,22.0,50.0,60954
8436394,2024-12-01 07:38:13+00:00,1,"[1, 1]",,21174.0,550.0,0.19386940798594673,-0.6114337137678488,-0.054488959167710314,0.004753338369163321,-0.05738860713727523,0.22755275636556374,0.01584713069282676,-0.03231283449775203,0.1740873916033103,0.0778669440877906,-0.07791647071836902,0.07090034106747711,0.13238330771477913,0.021081495765742912,-0.03481326916714037,-0.1482292857992833,0.06852539126647902,0.09263075257175206,0.02313302321270807,-0.008431530244752898,-0.039768111103099996,-0.05816090055260583,0.04284707524103316,-0.016179347188425074,-0.053592719399028974,0.008044419973869708,6.717,0.0,2.0,253.0,1.0,6.0,2.0,1.0,0.0,3.0,0.0,1.0,10.0,1.2136879513928693,1.0,0.0,0.0,1.0,78968.0,4500.0,0.0,1,2.0,41.0,47007
8465999,2024-12-06 03:30:11+00:00,1,,,21685.0,16317.0,0.19392639130378425,-0.6114337137678488,0.26094868650223196,0.2259612567881653,0.11939328962621384,-0.07412946629464255,-0.16547143701628758,-0.03231283449775203,-0.04317344340611509,0.0778669440877906,-0.07791647071836902,-0.09236929204096728,-0.026172253256940618,0.021081495765742912,-0.03481326916714037,-0.1482292857992833,-0.12296996338010098,0.09263075257175206,0.02313302321270807,-0.008431530244752898,-0.039768111103099996,-0.05816090055260583,-0.023487699131707573,-0.016179347188425074,-0.053592719399028974,-0.018828211620055532,6.717,207.0,1.0,179.0,0.0,162.0,4.0,0.0,0.0,5.0,99.0,10.0,11.0,1.2047222222222222,1.0,16.0,0.0,1.0,78968.0,5018.0,0.0,0,29.0,44.0,81723
8432122,2024-12-07 01:01:46+00:00,1,,,14729.0,16317.0,0.193933916938272,-0.6114337137678488,-0.054488959167710314,0.2259612567881653,-0.06670879924340213,-0.07412946629464255,0.4194777125113977,-0.03231283449775203,-0.04317344340611509,0.0778669440877906,-0.07791647071836902,0.07090034106747711,-0.026172253256940618,0.20995636990242048,-0.03481326916714037,0.13611650753568505,0.06852539126647902,0.09263075257175206,0.02313302321270807,-0.008431530244752898,-0.039768111103099996,-0.05816090055260583,-0.023487699131707573,-0.016179347188425074,-0.053592719399028974,-0.018828211620055532,6.717,5.0,1.0,371.0,0.0,1.0,3.0,0.0,0.0,6.0,0.0,10.0,5.0,1.3669605568445475,0.0,0.0,0.0,1.0,78968.0,4868.0,0.0,0,23.0,32.0,84336
8466626,2024-12-06 05:52:42+00:00,0,,,18671.0,16317.0,0.1939469915749165,-0.6114337137678488,-0.054488959167710314,0.004753338369163321,-0.06670879924340213,-0.07412946629464255,0.14385053025774988,-0.03231283449775203,-0.04317344340611509,0.0778669440877906,-0.09921592132150975,0.07090034106747711,-0.026172253256940618,0.021081495765742912,0.16413019796925432,0.13611650753568505,0.06852539126647902,0.09263075257175206,0.02313302321270807,-0.008431530244752898,-0.009607996814591997,-0.05816090055260583,0.04284707524103316,-0.016179347188425074,-0.053592719399028974,-0.018828211620055532,6.717,0.0,2.0,325.0,0.0,3.0,1.0,0.0,0.0,1.0,0.0,10.0,9.0,1.1213813813813813,0.0,0.0,0.0,1.0,78968.0,4019.0,0.0,1,15.0,51.0,66419
8470668,2024-12-07 23:55:49+00:00,1,,"[0, 0, 0, 0, 0, 0, 0, 0, 0, 0, 0, 0, 0, 0, 0, 0, 0, 0, 0, 0, 0, 0, 0, 0, 0, 0, 0, 0, 0, 0, 0, 0, 0, 0, 0, 0, 0, 0, 0, 0, 0, 0, 0, 0, 0, 1, 1, 0, 1, 0, 0, 0, 0, 0, 0, 0, 1, 0, 1, 1]",18042.0,16317.0,0.1942475964113214,-0.6114337137678488,0.26094868650223196,0.004753338369163321,-0.06670879924340213,-0.07412946629464255,0.01584713069282676,-0.03231283449775203,-0.04317344340611509,0.0778669440877906,-0.07791647071836902,0.07090034106747711,-0.026172253256940618,0.021081495765742912,-0.03481326916714037,0.13611650753568505,0.06852539126647902,0.09263075257175206,-0.08168565936984104,-0.008431530244752898,-0.039768111103099996,-0.05816090055260583,-0.023487699131707573,-0.016179347188425074,0.015592503790590144,0.008044419973869708,6.717,357.0,2.0,313.0,0.016666666666666666,5.0,4.0,0.0,0.0,7.0,0.0,9.0,11.0,1.1437083993660855,0.0,0.0,0.0,329.0,3568.0,4680.0,0.1737704918032787,0,24.0,326.0,31525
8459948,2024-12-03 23:14:43+00:00,0,"[0, 1, 1, 1, 1, 1]","[0, 0, 0, 0, 0, 0, 0, 0, 1, 1, 1, 1, 1, 1, 1, 0, 1, 1, 1, 1, 1, 1]",25064.0,420.0,0.1943128246039549,-0.6114337137678488,-0.054488959167710314,-0.1165395030712408,-0.05738860713727523,-0.05564041606933876,-0.14267212177429597,-0.03231283449775203,-0.04317344340611509,0.0778669440877906,-0.07791647071836902,0.07090034106747711,-0.026172253256940618,-0.15334582495827825,0.28748156146469017,-0.1482292857992833,0.06852539126647902,-0.3012493410357806,-0.08168565936984104,-0.008431530244752898,0.08965056778496559,-0.05484988672575293,0.04284707524103316,-0.016179347188425074,0.2103895073799279,0.141236061144545,6.717,0.0,3.0,301.0,0.40404040404040403,10.0,2.0,0.8333333333333334,0.0,10.0,0.0,9.0,17.0,0.887221238938053,1.0,0.0,1.0,329.0,4731.0,408.0,0.7944664031620553,1,5.0,470.0,12
8438684,2024-12-03 04:49:40+00:00,1,"[0, 0, 1, 1, 1, 1, 1, 1, 1, 1, 1, 1]",,26992.0,668.0,0.19450152005154533,-0.6114337137678488,-0.054488959167710314,0.2259612567881653,-0.05738860713727523,-0.07412946629464255,0.14385053025774988,-0.03231283449775203,-0.04317344340611509,0.0778669440877906,-0.06544171956609646,0.07090034106747711,-0.026172253256940618,0.08251752792097579,0.16413019796925432,-0.1482292857992833,-0.12296996338010098,0.09263075257175206,-0.08168565936984104,-0.008431530244752898,-0.039768111103099996,-0.05816090055260583,-0.023487699131707573,-0.016179347188425074,0.2103895073799279,0.141236061144545,6.717,0.0,1.0,266.0,0.05253623188405797,3.0,5.0,0.8333333333333334,1.0,14.0,0.0,3.0,8.0,1.07968,1.0,3.0,0.0,329.0,78968.0,5271.0,0.0,0,25.0,424.0,12
8466105,2024-12-06 03:52:24+00:00,1,"[1, 1, 1, 1, 1, 1, 1, 1, 1, 1, 1, 1, 1, 1, 1, 1, 1, 1, 1, 1, 1, 1, 1, 1, 1, 1, 1, 1, 1, 1, 1, 1, 1, 1, 1, 1, 1, 1, 1, 1]","[0, 0, 0, 0, 0, 0, 0, 0, 0, 0, 0, 0, 0, 0, 0, 0, 0, 0, 0, 0, 0, 0, 0, 0, 0, 0, 0, 0, 0, 0, 0, 0, 0, 0, 0, 0, 0, 0, 0, 0, 0, 0, 0, 0, 0, 0, 0, 0, 0, 0, 1, 1, 0, 1, 1, 1, 0]",13163.0,390.0,0.1946248529703847,-0.6114337137678488,-0.054488959167710314,0.2259612567881653,-0.05738860713727523,-0.05564041606933876,0.1880244731129659,-0.03231283449775203,0.1740873916033103,0.0778669440877906,-0.09921592132150975,0.07090034106747711,-0.026172253256940618,0.021081495765742912,-0.03481326916714037,-0.1482292857992833,0.06852539126647902,0.09263075257175206,-0.08168565936984104,-0.008431530244752898,-0.009607996814591997,-0.05816090055260583,-0.023487699131707573,0.05393564252282038,-0.053592719399028974,-0.018828211620055532,6.717,0.0,1.0,258.0,0.5087719298245614,2.0,3.0,1.0,0.0,1.0,0.0,8.0,9.0,1.350051282051282,1.0,0.0,0.0,329.0,78968.0,4325.0,0.16212946158499697,0,45.0,224.0,74326
8460265,2024-12-04 00:42:40+00:00,1,"[1, 1, 1, 1, 1, 1, 1]",,25588.0,427.0,0.19466473262152137,-0.6114337137678488,-0.054488959167710314,0.004753338369163321,-0.06670879924340213,0.22755275636556374,0.14385053025774988,-0.03231283449775203,0.1740873916033103,-0.048236128980226715,-0.07791647071836902,0.07090034106747711,-0.026172253256940618,0.021081495765742912,-0.03481326916714037,0.13611650753568505,0.06852539126647902,0.09263075257175206,0.02313302321270807,-0.008431530244752898,-0.039768111103099996,-0.05816090055260583,-0.023487699131707573,-0.016179347188425074,-0.053592719399028974,-0.018828211620055532,6.717,0.0,2.0,304.0,1.0,4.0,2.0,1.0,3.0,9.0,0.0,2.0,10.0,1.1500224719101124,0.0,0.0,0.0,1.0,844.0,4997.0,0.0,0,19.0,150.0,81298
8437698,2024-12-03 01:23:46+00:00,1,"[1, 1, 1, 1, 1, 1]",,13774.0,452.0,0.19474147597520472,-0.6114337137678488,-0.054488959167710314,-0.1165395030712408,-0.06670879924340213,0.22755275636556374,-0.043774865933036713,-0.03231283449775203,0.1740873916033103,-0.4142474070967134,-0.07791647071836902,0.07090034106747711,0.13238330771477913,-0.10985411191684905,0.28748156146469017,0.13611650753568505,0.06852539126647902,0.09263075257175206,0.02313302321270807,-0.008431530244752898,-0.009607996814591997,-0.05816090055260583,-0.023487699131707573,-0.016179347188425074,-0.053592719399028974,-0.0035377154089891926,6.717,0.0,3.0,326.0,1.0,7.0,0.0,1.0,4.0,9.0,0.0,1.0,14.0,0.9152159468438538,0.0,0.0,0.0,1.0,78968.0,3500.0,0.0,0,6.0,18.0,56711
8461894,2024-12-04 22:23:22+00:00,1,,"[0, 0, 0, 0, 1, 0, 0, 0, 0, 0, 0, 0, 0, 0, 0, 1, 0, 1, 1, 1, 1, 1]",22594.0,16317.0,0.1952186718845084,-0.6114337137678488,0.23990797722314114,-0.1165395030712408,-0.05738860713727523,-0.07412946629464255,0.1880244731129659,0.030500288512228284,-0.04317344340611509,0.0778669440877906,-0.07791647071836902,0.07090034106747711,-0.026172253256940618,0.021081495765742912,-0.03481326916714037,-0.1482292857992833,0.06852539126647902,0.09263075257175206,0.02313302321270807,-0.008431530244752898,-0.039768111103099996,-0.05816090055260583,-0.023487699131707573,-0.016179347188425074,-0.053592719399028974,-0.0035377154089891926,6.717,22.0,3.0,235.0,0.045454545454545456,2.0,9.0,0.0,0.0,4.0,0.0,10.0,10.0,1.1860367454068241,1.0,0.0,0.0,1.0,3009.0,5547.0,0.4782608695652174,0,6.0,225.0,47174
8470111,2024-12-07 21:06:11+00:00,0,,,35000.0,16317.0,0.19558623367671268,-0.6114337137678488,-0.054488959167710314,0.2259612567881653,-0.05738860713727523,-0.07412946629464255,-0.16547143701628758,-0.03231283449775203,-0.04317344340611509,0.0778669440877906,-0.07791647071836902,-0.09236929204096728,-0.026172253256940618,-0.01066169917084148,0.28748156146469017,-0.1482292857992833,-0.12296996338010098,0.09263075257175206,0.02313302321270807,-0.008431530244752898,-0.039768111103099996,-0.05816090055260583,0.04284707524103316,-0.016179347188425074,0.13525803582801485,0.008044419973869708,6.717,0.0,1.0,212.0,0.0,162.0,0.0,0.0,0.0,2.0,99.0,10.0,12.0,0.9259259259259259,1.0,16.0,0.0,1.0,78968.0,6000.0,0.0,1,24.0,380.0,44927
8439072,2024-12-04 02:40:40+00:00,1,"[0, 1, 1, 1, 1, 1, 1, 1, 1, 1, 1, 1, 0, 0, 0, 1, 1, 1, 1, 1, 1, 1, 1]","[0, 0, 0, 0, 0, 0, 0, 0, 0, 0, 0, 0, 0, 0, 0, 0, 0, 0, 0, 1, 1, 1, 1]",45000.0,16317.0,0.19587547608822986,-0.6114337137678488,-0.054488959167710314,0.2259612567881653,-0.06670879924340213,-0.07412946629464255,-0.16547143701628758,0.030500288512228284,-0.04317344340611509,-0.048236128980226715,-0.06544171956609646,-0.09236929204096728,-0.026172253256940618,0.25953741616204173,-0.03481326916714037,0.13611650753568505,0.06852539126647902,0.09263075257175206,0.02313302321270807,-0.008431530244752898,-0.009607996814591997,-0.05816090055260583,-0.023487699131707573,-0.016179347188425074,-0.053592719399028974,0.141236061144545,6.717,0.0,1.0,334.0,0.28926694311083195,18.0,7.0,0.8260869565217391,3.0,19.0,2.0,10.0,4.0,1.6,0.0,0.0,0.0,1.0,78968.0,3983.0,0.3115942028985507,0,4.0,229.0,0
8472332,2024-12-08 04:48:31+00:00,1,,,23545.0,16317.0,0.19591305180038682,-0.6114337137678488,-0.054488959167710314,0.2259612567881653,-0.06670879924340213,-0.07412946629464255,0.14385053025774988,-0.03231283449775203,-0.04317344340611509,0.0778669440877906,-0.09921592132150975,-0.09236929204096728,-0.026172253256940618,0.021081495765742912,0.16413019796925432,0.13611650753568505,0.06852539126647902,0.09263075257175206,-0.08168565936984104,-0.008431530244752898,-0.009607996814591997,-0.05816090055260583,-0.023487699131707573,-0.016179347188425074,-0.053592719399028974,-0.018828211620055532,6.717,0.0,1.0,600.0,0.0,3.0,0.0,0.0,0.0,0.0,2.0,10.0,10.0,1.1145562130177515,0.0,0.0,0.0,329.0,78968.0,4000.0,0.0,0,0.0,9.0,59658
8467116,2024-12-06 08:54:31+00:00,1,,,24479.0,16317.0,0.19598912626252762,-0.6114337137678488,-0.054488959167710314,0.2259612567881653,-0.06670879924340213,-0.07412946629464255,0.4194777125113977,-0.03231283449775203,-0.04317344340611509,0.0778669440877906,-0.09921592132150975,0.07090034106747711,-0.026172253256940618,0.20995636990242048,-0.03481326916714037,-0.1482292857992833,0.06852539126647902,0.09263075257175206,0.02313302321270807,-0.008431530244752898,-0.039768111103099996,-0.05816090055260583,-0.023487699131707573,-0.016179347188425074,-0.053592719399028974,0.141236061144545,6.717,0.0,1.0,600.0,0.0,1.0,0.0,0.0,0.0,0.0,0.0,10.0,5.0,1.199128049377878,1.0,0.0,0.0,1.0,78968.0,5000.0,0.0,0,0.0,173.0,10
8465904,2024-12-06 03:10:57+00:00,1,,"[0, 0, 0, 0, 0, 0, 1, 1, 1, 1, 1, 1, 1, 1, 1, 1, 1, 1, 1, 1, 1, 1, 1, 1, 1, 1, 1, 1, 1, 1, 1, 1, 1, 1, 1, 1, 1, 1, 1, 1, 1, 1, 1, 1]",25339.0,16317.0,0.19645631218251605,-0.6114337137678488,-0.054488959167710314,0.2259612567881653,-0.06670879924340213,0.17561735485816402,-0.14267212177429597,-0.03231283449775203,-0.04317344340611509,-0.048236128980226715,-0.06544171956609646,-0.09236929204096728,-0.026172253256940618,0.14199482941539582,0.16413019796925432,-0.1482292857992833,-0.12296996338010098,0.09263075257175206,0.02313302321270807,-0.008431530244752898,-0.039768111103099996,0.15904631144217646,-0.023487699131707573,-0.016179347188425074,0.006896750883670848,-0.018828211620055532,6.717,0.0,1.0,348.0,0.6742424242424242,9.0,5.0,0.0,3.0,17.0,3.0,9.0,6.0,1.1211946902654868,1.0,2.0,0.0,1.0,772.0,8000.0,0.9787878787878788,0,15.0,308.0,61951
8472313,2024-12-08 04:49:27+00:00,0,"[0, 0, 0, 1, 1, 1, 0, 0, 0, 1, 1, 1, 0, 0, 0, 0, 0, 0, 1, 1, 1, 1, 1, 1, 1, 1, 1, 1, 1, 1, 1, 1, 0, 1, 1, 1, 0, 0, 1, 1, 0, 0, 1, 0, 0, 1, 0, 1, 1, 1, 1, 1, 1, 0, 1, 1, 1, 1, 1, 1, 1, 1, 1, 1, 1, 1, 1, 1]",,29914.0,423.0,0.19667519084568158,-0.6114337137678488,-0.054488959167710314,0.2259612567881653,-0.05738860713727523,-0.07412946629464255,-0.043774865933036713,-0.03231283449775203,-0.04317344340611509,-0.048236128980226715,0.08779149858909129,0.07090034106747711,-0.026172253256940618,0.021081495765742912,-0.03481326916714037,0.13611650753568505,0.06852539126647902,0.09263075257175206,0.02313302321270807,-0.008431530244752898,-0.039768111103099996,-0.05816090055260583,0.04284707524103316,-0.016179347188425074,0.13525803582801485,0.008044419973869708,6.717,0.0,1.0,276.0,0.014705882352941176,7.0,2.0,0.6911764705882353,3.0,26.0,0.0,3.0,10.0,1.3817090069284064,0.0,0.0,0.0,1.0,860.0,5525.0,0.0,1,8.0,413.0,38550
8464842,2024-12-05 23:01:27+00:00,1,,"[0, 0, 0, 0, 0, 0, 0, 0, 0, 0, 1, 1, 1, 1, 1, 0, 0, 0, 0, 0, 0, 0, 0, 0, 0, 1, 1, 1, 1, 1, 1, 1, 1, 1, 1, 1, 1, 1, 1, 1, 1, 1, 1, 1, 1, 1, 1, 1, 1, 1, 1, 1, 1]",26083.0,16317.0,0.19685947103193063,-0.6114337137678488,0.26094868650223196,0.2259612567881653,-0.06670879924340213,-0.07412946629464255,-0.16547143701628758,-0.03231283449775203,-0.04317344340611509,-0.4142474070967134,-0.09921592132150975,-0.09236929204096728,-0.026172253256940618,0.47334886807418025,0.16413019796925432,-0.1482292857992833,-0.12296996338010098,0.09263075257175206,0.02313302321270807,-0.008431530244752898,-0.039768111103099996,-0.05484988672575293,-0.023487699131707573,-0.016179347188425074,-0.053592719399028974,0.008044419973869708,6.717,3113.0,1.0,316.0,0.018867924528301886,162.0,5.0,0.0,4.0,1.0,99.0,8.0,2.0,1.1110969116080938,1.0,16.0,0.0,1.0,78968.0,5100.0,0.8183088749126485,0,12.0,95.0,34181
8468657,2024-12-07 03:16:28+00:00,1,"[1, 1, 1, 1, 1, 1, 1, 1, 1]","[1, 1, 1, 1, 1, 1, 1]",25498.0,631.0,0.19741396344254494,-0.6114337137678488,-0.054488959167710314,-0.1165395030712408,0.11939328962621384,0.22755275636556374,0.14385053025774988,-0.03231283449775203,0.1740873916033103,-0.048236128980226715,-0.07791647071836902,-0.0069440649306055586,0.13238330771477913,-0.10985411191684905,-0.03481326916714037,0.13611650753568505,0.06852539126647902,-0.3012493410357806,-0.08168565936984104,-0.008431530244752898,-0.009607996814591997,0.15904631144217646,0.04284707524103316,-0.016179347188425074,-0.053592719399028974,-0.0035377154089891926,6.717,0.0,3.0,151.0,1.0,3.0,2.0,1.0,2.0,10.0,1.0,1.0,14.0,1.2499019607843138,0.0,0.0,1.0,329.0,564.0,4300.0,1.0,1,13.0,214.0,56633
8438358,2024-12-03 07:07:42+00:00,1,,"[1, 0, 1, 0, 1, 1, 1, 1, 1, 0, 0, 1, 1, 1, 1, 0, 1, 0, 1, 1, 1, 1, 1, 1, 1, 1, 1, 1, 1, 1, 0, 0, 1, 1, 1, 1, 1, 1, 1, 1, 1, 1, 1, 1, 1, 1, 1, 1, 0, 0, 0, 1, 1, 0, 0, 1, 0, 1, 1, 1, 1, 1, 1, 1, 1, 1, 1, 1, 1, 1]",28522.0,16317.0,0.19762620772651948,-0.6114337137678488,-0.054488959167710314,0.004753338369163321,-0.05738860713727523,-0.07412946629464255,0.14385053025774988,-0.03231283449775203,-0.04317344340611509,0.0778669440877906,0.2659552272166623,-0.09236929204096728,-0.026172253256940618,0.20995636990242048,-0.03481326916714037,0.13611650753568505,0.06852539126647902,0.09263075257175206,-0.08168565936984104,-0.008431530244752898,-0.039768111103099996,-0.05484988672575293,-0.023487699131707573,-0.016179347188425074,-0.053592719399028974,-0.018828211620055532,6.717,0.0,2.0,242.0,0.02857142857142857,3.0,0.0,0.0,0.0,56.0,2.0,10.0,5.0,1.2009263157894736,0.0,0.0,0.0,329.0,2519.0,4919.0,0.8229376257545271,0,12.0,97.0,69906
8467521,2024-12-06 23:08:20+00:00,0,,"[0, 0, 0, 0, 0, 0, 0, 0, 0, 0, 0, 0, 0, 0, 0, 0, 0, 0, 0, 0, 0, 0, 0, 0, 0, 0, 0, 0, 0, 1, 1, 1]",22381.0,16317.0,0.1977096156997349,-0.6114337137678488,-0.054488959167710314,-0.1165395030712408,-0.06670879924340213,-0.07412946629464255,-0.16547143701628758,-0.03231283449775203,-0.04317344340611509,0.0778669440877906,-0.06544171956609646,-0.09236929204096728,-0.026172253256940618,0.14199482941539582,0.16413019796925432,0.13611650753568505,-0.12296996338010098,0.09263075257175206,0.02313302321270807,-0.008431530244752898,0.08965056778496559,-0.05816090055260583,0.04284707524103316,-0.016179347188425074,0.015592503790590144,0.008044419973869708,6.717,0.0,3.0,360.0,0.03125,21.0,1.0,0.0,0.0,18.0,5.0,8.0,7.0,1.0507511737089201,0.0,1.0,0.0,1.0,1021.0,1500.0,0.17613636363636365,1,8.0,316.0,41985
8465344,2024-12-06 01:00:41+00:00,0,,"[0, 0, 0, 0, 0, 0, 1, 1]",16011.0,16317.0,0.19777793012853187,-0.6114337137678488,-0.054488959167710314,0.2259612567881653,-0.05738860713727523,-0.07412946629464255,0.1880244731129659,-0.03231283449775203,-0.04317344340611509,0.0778669440877906,-0.07791647071836902,0.07090034106747711,-0.026172253256940618,0.27517336419933297,-0.03481326916714037,-0.1482292857992833,0.06852539126647902,0.09263075257175206,-0.08168565936984104,-0.008431530244752898,0.04544625733308562,-0.05816090055260583,0.04284707524103316,-0.016179347188425074,-0.053592719399028974,-0.018828211620055532,6.717,0.0,1.0,262.0,0.08423913043478261,2.0,1.0,0.0,0.0,2.0,0.0,10.0,3.0,1.2249254073904063,1.0,0.0,0.0,329.0,4673.0,3120.0,0.4166666666666667,1,14.0,153.0,66318
8463093,2024-12-05 02:09:45+00:00,0,,,11507.0,16317.0,0.19788622101489398,-0.6114337137678488,-0.054488959167710314,0.2259612567881653,-0.06670879924340213,-0.07412946629464255,0.01584713069282676,-0.03231283449775203,-0.04317344340611509,0.0778669440877906,0.035324081286162975,0.07090034106747711,-0.026172253256940618,0.14199482941539582,0.16413019796925432,0.13611650753568505,-0.12296996338010098,-0.3012493410357806,-0.08168565936984104,-0.008431530244752898,0.08965056778496559,-0.05816090055260583,0.04284707524103316,-0.016179347188425074,-0.053592719399028974,-0.018828211620055532,6.717,0.0,1.0,317.0,0.0,6.0,1.0,0.0,0.0,22.0,0.0,10.0,6.0,1.1264806656877142,0.0,1.0,1.0,329.0,78968.0,1600.0,0.0,1,0.0,58.0,65455
8467900,2024-12-07 00:38:46+00:00,1,,"[0, 0, 0, 0, 0, 0, 0, 0, 0, 0, 0, 0, 0, 0, 0, 0, 0, 0, 0, 0, 0, 0, 0, 0, 0, 1, 1, 1, 1, 1, 1, 1]",16401.0,16317.0,0.19802705812535878,-0.6114337137678488,-0.054488959167710314,0.2259612567881653,-0.06670879924340213,-0.07412946629464255,-0.14267212177429597,-0.03231283449775203,-0.04317344340611509,0.0778669440877906,-0.07791647071836902,0.07090034106747711,-0.026172253256940618,0.14199482941539582,-0.03481326916714037,0.13611650753568505,0.06852539126647902,0.09263075257175206,0.02313302321270807,-0.008431530244752898,0.04544625733308562,-0.05816090055260583,0.04284707524103316,-0.016179347188425074,-0.053592719399028974,-0.03707202918461854,6.717,0.0,1.0,305.0,0.08084239130434782,9.0,3.0,0.0,0.0,4.0,0.0,9.0,7.0,1.146923076923077,0.0,0.0,0.0,1.0,504.0,2903.0,0.38446969696969696,1,2.0,100.0,98589
8471295,2024-12-08 04:17:58+00:00,0,"[0, 1, 1, 1, 1, 1, 1, 1, 1, 1, 1]",,19834.0,386.0,0.19835517220762022,-0.6114337137678488,0.26094868650223196,-0.1165395030712408,-0.05738860713727523,-0.07412946629464255,-0.16547143701628758,0.030500288512228284,-0.04317344340611509,-0.048236128980226715,-0.09921592132150975,-0.09236929204096728,-0.026172253256940618,-0.3292197513569699,-0.03481326916714037,-0.1482292857992833,0.06852539126647902,0.09263075257175206,0.02313302321270807,0.12181209640599021,-0.039768111103099996,-0.05816090055260583,0.04284707524103316,0.22505449144967976,0.13525803582801485,-0.018828211620055532,6.717,290.0,3.0,242.0,0.09090909090909091,25.0,11.0,0.9090909090909091,3.0,1.0,9.0,3.0,24.0,1.4066666666666667,1.0,0.0,0.0,1.0,227.0,4834.0,0.0,1,102.0,410.0,73280
8463800,2024-12-05 04:50:28+00:00,1,"[0, 0, 0, 1, 0, 0, 0, 0, 0, 0, 0, 0, 0, 0, 0, 0, 0, 1, 0, 0, 0, 0, 1, 0, 0, 1, 0, 1, 0, 0, 0, 0, 1, 1, 1]","[1, 1, 1, 1, 1, 1, 1, 1, 1, 1, 1, 1, 1, 1, 1, 1, 1, 0, 1, 1, 1, 1, 1, 1, 1, 1, 1, 1, 1, 1, 1, 1, 1, 1, 1, 1, 1]",13279.0,300.0,0.1985030597599712,-0.6114337137678488,0.26094868650223196,-0.23295731524514138,-0.05738860713727523,-0.05564041606933876,-0.16547143701628758,0.4065249203285951,-0.04317344340611509,-0.4142474070967134,-0.07791647071836902,0.07090034106747711,-0.026172253256940618,-0.10985411191684905,0.16413019796925432,-0.1482292857992833,-0.12296996338010098,-0.3012493410357806,-0.08168565936984104,-0.008431530244752898,-0.039768111103099996,0.15904631144217646,-0.023487699131707573,0.22505449144967976,0.015592503790590144,-0.018828211620055532,6.717,137.0,4.0,284.0,0.508011583011583,43.0,21.0,0.22857142857142856,5.0,2.0,0.0,4.0,15.0,1.1205907172995782,1.0,1.0,1.0,329.0,78968.0,7083.0,0.9743954480796586,0,57.0,325.0,70031
8464957,2024-12-06 00:06:00+00:00,0,"[0, 0, 0, 1, 1, 1, 1, 1, 1, 1, 1]","[1, 1, 1, 1, 1, 1, 1, 1, 1, 1, 1, 1, 1, 1, 1, 1, 1, 1, 1, 1, 1, 1, 1, 1, 1, 1, 1, 1, 1, 1, 1, 1, 1, 1, 1, 1, 1, 1, 1, 1, 1, 1, 1, 1, 1, 1, 1, 1, 1, 1, 1, 1]",29292.0,16317.0,0.19910677014961484,-0.6114337137678488,-0.054488959167710314,-0.23295731524514138,0.11939328962621384,-0.05564041606933876,-0.16547143701628758,-0.03231283449775203,-0.04317344340611509,0.0778669440877906,-0.07791647071836902,-0.0069440649306055586,-0.026172253256940618,-0.2062583476798761,-0.03481326916714037,0.13611650753568505,0.06852539126647902,0.09263075257175206,0.02313302321270807,-0.008431530244752898,-0.009607996814591997,0.15904631144217646,0.04284707524103316,-0.016179347188425074,0.13525803582801485,0.141236061144545,6.717,0.0,5.0,156.0,0.40355773258999067,20.0,6.0,0.7272727272727273,1.0,6.0,1.0,10.0,21.0,1.2504589114194238,0.0,0.0,0.0,1.0,78968.0,4303.0,1.0,1,30.0,419.0,5
8436345,2024-12-01 07:13:46+00:00,1,"[1, 1, 1, 1, 1, 1, 1]","[1, 1, 1]",17421.0,219.0,0.19932411454138965,-0.6114337137678488,-0.054488959167710314,-0.1165395030712408,-0.05738860713727523,0.22755275636556374,-0.14267212177429597,-0.03231283449775203,0.1740873916033103,0.0778669440877906,-0.07791647071836902,0.07090034106747711,0.13238330771477913,-0.10985411191684905,-0.03481326916714037,0.13611650753568505,-0.12296996338010098,0.09263075257175206,0.02313302321270807,-0.008431530244752898,-0.039768111103099996,0.15904631144217646,-0.023487699131707573,0.22505449144967976,-0.053592719399028974,-0.018828211620055532,6.717,0.0,3.0,292.0,1.0,9.0,6.0,1.0,0.0,7.0,0.0,1.0,15.0,1.235531914893617,0.0,1.0,0.0,8.0,3588.0,4500.0,1.0,0,55.0,236.0,68697
8437712,2024-12-03 01:26:28+00:00,1,,,19399.0,16317.0,0.1997105622945738,-0.6114337137678488,-0.054488959167710314,0.2259612567881653,-0.06670879924340213,-0.07412946629464255,-0.043774865933036713,-0.03231283449775203,-0.04317344340611509,0.0778669440877906,-0.06544171956609646,-0.0069440649306055586,-0.026172253256940618,0.14199482941539582,0.16413019796925432,0.13611650753568505,-0.12296996338010098,0.09263075257175206,0.02313302321270807,-0.008431530244752898,-0.009607996814591997,-0.05816090055260583,-0.023487699131707573,-0.016179347188425074,-0.053592719399028974,0.008044419973869708,6.717,0.0,1.0,438.0,0.0,7.0,3.0,0.0,0.0,18.0,1.0,10.0,7.0,1.0401608579088473,0.0,1.0,0.0,1.0,1392.0,4000.0,0.0,0,1.0,167.0,38746
8462652,2024-12-05 00:27:36+00:00,1,,"[0, 1, 1, 1, 1, 1, 1, 1, 1, 1, 1, 1, 1, 1, 1, 1, 1, 1, 1, 1, 1, 1, 1, 1, 1, 1, 1, 1, 1, 1, 1, 1, 1, 1, 1, 1, 1, 1, 1, 1, 1, 1, 1, 1, 1, 1, 1, 1, 1]",17344.0,16317.0,0.1999297053955895,-0.6114337137678488,-0.054488959167710314,0.004753338369163321,-0.06670879924340213,-0.07412946629464255,0.01584713069282676,-0.03231283449775203,-0.04317344340611509,0.0778669440877906,-0.07791647071836902,-0.09236929204096728,-0.026172253256940618,0.14199482941539582,-0.03481326916714037,0.13611650753568505,0.06852539126647902,0.09263075257175206,0.02313302321270807,-0.008431530244752898,-0.009607996814591997,0.15904631144217646,-0.023487699131707573,-0.016179347188425074,0.015592503790590144,-0.018828211620055532,6.717,0.0,2.0,331.0,0.02040816326530612,5.0,1.0,0.0,0.0,3.0,2.0,10.0,6.0,1.250018018018018,0.0,0.0,0.0,1.0,1147.0,3529.0,0.9991836734693877,0,13.0,311.0,88029
8438861,2024-12-03 05:25:27+00:00,1,"[1, 1, 1, 1, 1, 1, 1, 1, 1, 1, 1, 1]","[0, 0, 0, 0, 0, 0, 0, 0, 0, 0, 0, 0, 0, 0, 0, 0, 0, 0, 0, 0, 0, 0, 0, 0, 0, 0, 0, 0, 0, 0, 0, 0, 0, 0, 0, 0, 0, 0, 0, 0, 0, 0, 0, 0, 0, 0, 0, 0, 0, 0, 0, 0, 0, 0, 0, 0, 0, 0, 0, 0, 0, 0, 0, 0, 0, 0, 0, 0, 0, 0, 0, 0, 0, 1, 1, 1, 1, 1, 0]",23040.0,469.0,0.19995758756725568,-0.6114337137678488,-0.054488959167710314,-0.23295731524514138,0.11939328962621384,-0.05564041606933876,-0.16547143701628758,-0.03231283449775203,0.1740873916033103,-0.048236128980226715,-0.06544171956609646,-0.0069440649306055586,-0.026172253256940618,-0.3292197513569699,0.16413019796925432,0.13611650753568505,0.06852539126647902,0.09263075257175206,0.02313302321270807,-0.008431530244752898,-0.009607996814591997,-0.05816090055260583,0.04284707524103316,-0.016179347188425074,-0.053592719399028974,-0.018828211620055532,6.717,0.0,4.0,146.0,0.5063291139240507,26.0,2.0,1.0,3.0,14.0,1.0,8.0,30.0,1.0448979591836736,0.0,0.0,0.0,1.0,1967.0,3820.0,0.12025316455696203,1,11.0,98.0,84186
8438825,2024-12-03 05:18:31+00:00,1,,,9640.0,16317.0,0.2000871143392093,-0.6114337137678488,-0.054488959167710314,0.2259612567881653,-0.05738860713727523,-0.07412946629464255,0.01584713069282676,-0.03231283449775203,-0.04317344340611509,0.0778669440877906,-0.06544171956609646,0.07090034106747711,-0.026172253256940618,0.14199482941539582,-0.03481326916714037,-0.1482292857992833,0.06852539126647902,0.09263075257175206,0.02313302321270807,-0.008431530244752898,0.04544625733308562,-0.05816090055260583,0.04284707524103316,-0.016179347188425074,-0.053592719399028974,-0.018828211620055532,6.717,0.0,1.0,244.0,0.0,6.0,2.0,0.0,0.0,16.0,0.0,10.0,6.0,1.1786281941557648,1.0,0.0,0.0,1.0,1700.0,2924.0,0.0,1,11.0,39.0,89471
8459861,2024-12-03 22:40:12+00:00,1,"[0, 1, 0, 0, 0, 0, 1, 1, 1, 1, 1, 1, 1, 1, 0, 1, 1, 1, 1, 1, 1, 1, 1, 0, 1, 1, 1, 1, 1, 1, 1, 1, 1, 1, 1, 1, 1, 1, 1, 1, 1]","[0, 0, 0, 0, 0, 0, 0, 0, 1, 1, 1, 1, 1, 1, 1, 1, 1, 1, 1, 0, 0, 1, 1, 1]",37907.0,513.0,0.20013962307403513,-0.6114337137678488,-0.054488959167710314,0.004753338369163321,-0.06670879924340213,-0.07412946629464255,-0.14267212177429597,0.030500288512228284,-0.04317344340611509,0.0778669440877906,-0.06544171956609646,0.07090034106747711,-0.026172253256940618,0.14199482941539582,0.16413019796925432,0.13611650753568505,0.06852539126647902,0.09263075257175206,-0.08168565936984104,-0.008431530244752898,-0.039768111103099996,-0.05816090055260583,-0.023487699131707573,-0.016179347188425074,0.015592503790590144,0.008044419973869708,6.717,0.0,2.0,334.0,0.35535230352303526,12.0,8.0,0.8292682926829268,0.0,16.0,0.0,9.0,7.0,1.121508875739645,0.0,0.0,0.0,329.0,8793.0,7083.0,0.7433333333333333,0,2.0,313.0,46523
8460206,2024-12-04 00:27:34+00:00,0,"[0, 0, 0, 1, 1, 1, 1, 1, 1, 1, 1, 1, 1, 1, 1, 1, 1, 1, 1, 1, 1, 1]","[1, 1, 1, 1, 1]",20900.0,272.0,0.20068888523427422,-0.6114337137678488,-0.054488959167710314,0.004753338369163321,-0.05738860713727523,-0.05564041606933876,0.14385053025774988,-0.03231283449775203,-0.04317344340611509,-0.4142474070967134,0.035324081286162975,-0.0069440649306055586,-0.026172253256940618,0.14199482941539582,-0.03481326916714037,0.13611650753568505,0.06852539126647902,0.09263075257175206,0.02313302321270807,-0.008431530244752898,0.08965056778496559,0.15904631144217646,0.04284707524103316,-0.016179347188425074,-0.053592719399028974,0.008044419973869708,6.717,0.0,2.0,292.0,0.5227272727272727,4.0,2.0,0.8636363636363636,5.0,24.0,1.0,4.0,7.0,1.316535433070866,0.0,0.0,0.0,1.0,578.0,1600.0,1.0,1,19.0,77.0,31007
8439187,2024-12-03 06:28:53+00:00,1,,,6589.0,16317.0,0.20081375769482107,-0.6114337137678488,-0.054488959167710314,0.2259612567881653,-0.06670879924340213,-0.07412946629464255,0.14385053025774988,-0.03231283449775203,-0.04317344340611509,0.0778669440877906,-0.06544171956609646,-0.09236929204096728,-0.026172253256940618,0.20995636990242048,0.28748156146469017,-0.1482292857992833,0.06852539126647902,-0.3012493410357806,-0.08168565936984104,-0.008431530244752898,-0.039768111103099996,-0.05816090055260583,-0.023487699131707573,-0.016179347188425074,-0.053592719399028974,0.008044419973869708,6.717,0.0,1.0,344.0,0.0,3.0,3.0,0.0,0.0,14.0,3.0,10.0,5.0,0.3765142857142857,1.0,0.0,1.0,329.0,440.0,5800.0,0.0,0,10.0,69.0,40600
8464480,2024-12-05 08:09:24+00:00,1,"[1, 1, 1, 1, 1, 1, 1, 1, 1, 1, 1, 1, 1, 1, 1]",,29819.0,259.0,0.20121423772771868,-0.6114337137678488,-0.054488959167710314,0.004753338369163321,-0.05738860713727523,0.22755275636556374,0.01584713069282676,-0.03231283449775203,0.1740873916033103,0.0778669440877906,-0.07791647071836902,0.07090034106747711,0.13238330771477913,-0.15334582495827825,-0.03481326916714037,-0.1482292857992833,0.06852539126647902,0.09263075257175206,0.02313302321270807,-0.008431530244752898,-0.039768111103099996,-0.05816090055260583,-0.023487699131707573,-0.016179347188425074,-0.053592719399028974,0.141236061144545,6.717,3.0,2.0,298.0,1.0,5.0,2.0,1.0,0.0,4.0,0.0,1.0,18.0,1.2397206169708561,1.0,0.0,0.0,1.0,78968.0,4850.0,0.0,0,13.0,21.0,9
8460773,2024-12-04 02:38:18+00:00,1,,"[1, 1, 1, 0, 0, 1, 1, 1]",18170.0,16317.0,0.2012957064753624,-0.6114337137678488,-0.054488959167710314,-0.5083517388880758,-0.06670879924340213,-0.05564041606933876,-0.043774865933036713,-0.03231283449775203,-0.04317344340611509,0.0778669440877906,0.2659552272166623,0.07090034106747711,-0.026172253256940618,0.47334886807418025,-0.03481326916714037,0.13611650753568505,0.06852539126647902,0.09263075257175206,0.02313302321270807,-0.008431530244752898,-0.009607996814591997,-0.05484988672575293,-0.023487699131707573,-0.016179347188425074,-0.053592719399028974,0.008044419973869708,6.717,0.0,35.0,453.0,0.5,8.0,0.0,0.0,0.0,53.0,0.0,10.0,0.0,1.2931463952743576,0.0,0.0,0.0,1.0,308.0,3813.0,0.75,0,0.0,129.0,45817
8464573,2024-12-05 09:22:46+00:00,1,,,23725.0,16317.0,0.2018707978623541,-0.6114337137678488,-0.054488959167710314,0.2259612567881653,-0.06670879924340213,-0.07412946629464255,0.4194777125113977,-0.03231283449775203,-0.04317344340611509,0.0778669440877906,-0.07791647071836902,-0.0069440649306055586,-0.026172253256940618,0.14199482941539582,-0.03481326916714037,0.13611650753568505,0.06852539126647902,0.09263075257175206,0.02313302321270807,-0.008431530244752898,-0.039768111103099996,-0.05816090055260583,-0.023487699131707573,-0.016179347188425074,-0.053592719399028974,-0.03707202918461854,6.717,0.0,1.0,337.0,0.0,1.0,2.0,0.0,0.0,10.0,1.0,10.0,6.0,1.2306136210384355,0.0,0.0,0.0,1.0,78968.0,5500.0,0.0,0,14.0,178.0,104282
8433624,2024-12-02 04:37:12+00:00,1,,,19611.0,16317.0,0.20215967556641484,-0.6114337137678488,-0.054488959167710314,0.004753338369163321,-0.06670879924340213,-0.07412946629464255,-0.16547143701628758,-0.03231283449775203,-0.04317344340611509,0.0778669440877906,0.08779149858909129,-0.0069440649306055586,-0.026172253256940618,0.14199482941539582,0.16413019796925432,0.13611650753568505,0.06852539126647902,-0.3012493410357806,0.02313302321270807,-0.008431530244752898,-0.009607996814591997,-0.05816090055260583,0.04284707524103316,-0.016179347188425074,-0.053592719399028974,-0.0035377154089891926,6.717,0.0,2.0,312.0,0.0,14.0,1.0,0.0,0.0,30.0,1.0,10.0,7.0,1.134173847666416,0.0,0.0,1.0,1.0,1513.0,4374.0,0.0,1,22.0,288.0,51168
8471072,2024-12-08 01:04:38+00:00,1,,"[0, 0, 0, 0, 0, 0, 0, 0, 0, 0, 0, 0, 0, 0, 0, 0, 0, 0, 0, 0, 0, 0, 0, 0, 0, 0, 0, 0, 0, 0, 0, 0, 0, 0, 0, 0, 0, 0, 0, 0, 0, 0, 1, 0, 1, 1, 1, 1, 1, 1, 0, 1, 1, 1, 1, 1, 0, 0, 1, 1, 1, 1, 1, 1, 1, 1, 1, 1]",18727.0,16317.0,0.2022814018873951,-0.6114337137678488,-0.054488959167710314,0.004753338369163321,-0.05738860713727523,-0.07412946629464255,0.1880244731129659,-0.03231283449775203,-0.04317344340611509,0.0778669440877906,-0.07791647071836902,0.07090034106747711,-0.026172253256940618,0.20995636990242048,0.16413019796925432,0.13611650753568505,0.06852539126647902,-0.3012493410357806,-0.08168565936984104,-0.008431530244752898,-0.009607996814591997,-0.05816090055260583,-0.023487699131707573,-0.016179347188425074,0.13525803582801485,-0.018828211620055532,6.717,0.0,2.0,256.0,0.014705882352941176,2.0,2.0,0.0,1.0,6.0,0.0,10.0,5.0,1.098357771260997,0.0,0.0,1.0,329.0,1342.0,4250.0,0.5255754475703325,0,10.0,385.0,63376
8437206,2024-12-03 06:39:03+00:00,1,[1],"[1, 1, 1, 1, 1, 1, 1, 1, 1, 1, 1]",23892.0,16317.0,0.2025928700525584,-0.6114337137678488,-0.054488959167710314,-0.23295731524514138,-0.05738860713727523,0.22755275636556374,-0.16547143701628758,-0.03231283449775203,0.1740873916033103,0.0778669440877906,-0.07791647071836902,-0.0069440649306055586,-0.026172253256940618,-0.3292197513569699,-0.03481326916714037,-0.1482292857992833,0.06852539126647902,0.09263075257175206,0.02313302321270807,-0.008431530244752898,-0.039768111103099996,0.15904631144217646,-0.023487699131707573,-0.016179347188425074,0.13525803582801485,0.141236061144545,6.717,0.0,5.0,287.0,0.76875,28.0,2.0,1.0,0.0,9.0,1.0,10.0,32.0,1.1946597329866493,1.0,0.0,0.0,1.0,2327.0,5106.0,1.0,0,5.0,396.0,23555
8471392,2024-12-08 01:52:14+00:00,1,,,31530.0,16317.0,0.20302950653116186,-0.6114337137678488,-0.054488959167710314,0.2259612567881653,-0.06670879924340213,-0.07412946629464255,-0.16547143701628758,-0.03231283449775203,-0.04317344340611509,0.0778669440877906,-0.07791647071836902,-0.09236929204096728,-0.026172253256940618,-0.01066169917084148,0.16413019796925432,0.13611650753568505,-0.12296996338010098,0.09263075257175206,0.02313302321270807,-0.008431530244752898,0.04544625733308562,-0.05816090055260583,0.04284707524103316,-0.016179347188425074,-0.053592719399028974,-0.018828211620055532,6.717,9.0,1.0,345.0,0.0,162.0,1.0,0.0,0.0,2.0,99.0,10.0,13.0,1.1280858676207512,0.0,16.0,0.0,1.0,78968.0,3293.0,0.0,1,3.0,9.0,83688
8467905,2024-12-07 00:40:09+00:00,1,,,17261.0,16317.0,0.20309189556888957,-0.6114337137678488,-0.054488959167710314,0.2259612567881653,-0.06670879924340213,-0.07412946629464255,0.4194777125113977,-0.03231283449775203,-0.04317344340611509,-0.4142474070967134,-0.09921592132150975,-0.0069440649306055586,-0.026172253256940618,0.47334886807418025,0.16413019796925432,0.13611650753568505,0.06852539126647902,0.09263075257175206,-0.08168565936984104,-0.008431530244752898,-0.039768111103099996,-0.05816090055260583,-0.023487699131707573,-0.016179347188425074,-0.053592719399028974,-0.0035377154089891926,6.717,0.0,1.0,600.0,0.0,1.0,0.0,0.0,4.0,0.0,1.0,10.0,1.0,1.0404460518384568,0.0,0.0,0.0,329.0,78968.0,4852.0,0.0,0,0.0,53.0,47520
8435510,2024-12-05 03:27:23+00:00,1,,"[1, 1, 1, 1, 1]",24694.0,16317.0,0.2032502102167374,-0.6114337137678488,-0.054488959167710314,0.004753338369163321,-0.05738860713727523,0.17561735485816402,0.1880244731129659,-0.03231283449775203,-0.04317344340611509,-0.4142474070967134,-0.07791647071836902,0.07090034106747711,-0.026172253256940618,0.08251752792097579,-0.03481326916714037,-0.1482292857992833,0.06852539126647902,0.09263075257175206,0.02313302321270807,-0.008431530244752898,0.04544625733308562,0.15904631144217646,0.04284707524103316,-0.016179347188425074,0.2103895073799279,-0.0035377154089891926,6.717,0.0,2.0,280.0,0.6711111111111111,2.0,1.0,0.0,4.0,2.0,0.0,9.0,8.0,1.1407058388765705,1.0,0.0,0.0,1.0,300.0,2561.0,1.0,1,8.0,447.0,53998
8459774,2024-12-03 21:42:50+00:00,1,,"[0, 1, 1, 1, 1]",20591.0,16317.0,0.20326551271876295,-0.6114337137678488,-0.054488959167710314,0.004753338369163321,-0.05738860713727523,-0.07412946629464255,0.01584713069282676,-0.03231283449775203,-0.04317344340611509,0.0778669440877906,-0.06544171956609646,-0.0069440649306055586,-0.026172253256940618,-0.01066169917084148,0.16413019796925432,0.13611650753568505,0.06852539126647902,0.09263075257175206,0.02313302321270807,-0.008431530244752898,-0.009607996814591997,-0.05484988672575293,-0.023487699131707573,-0.016179347188425074,-0.053592719399028974,-0.03707202918461854,6.717,0.0,2.0,252.0,0.1108695652173913,5.0,0.0,0.0,0.0,18.0,1.0,9.0,12.0,1.079475753604194,0.0,0.0,0.0,1.0,78968.0,4079.0,0.9333333333333333,0,12.0,143.0,102658
8472153,2024-12-08 04:15:56+00:00,1,,"[0, 0, 0, 0, 0, 0, 1, 0, 0, 0, 0, 0, 0, 0, 0, 1, 1, 1, 1, 1, 1, 1, 1, 1, 1, 1, 1, 1, 1, 1, 1, 1, 1, 1, 1, 1]",18949.0,16317.0,0.20376120073282317,-0.6114337137678488,-0.054488959167710314,0.004753338369163321,-0.06670879924340213,0.17561735485816402,-0.043774865933036713,-0.03231283449775203,-0.04317344340611509,0.0778669440877906,0.035324081286162975,0.07090034106747711,-0.026172253256940618,-0.10985411191684905,-0.03481326916714037,0.13611650753568505,0.06852539126647902,-0.3012493410357806,0.02313302321270807,-0.008431530244752898,0.08965056778496559,-0.05484988672575293,0.04284707524103316,-0.016179347188425074,-0.053592719399028974,0.141236061144545,6.717,0.0,2.0,600.0,0.6759259259259259,7.0,3.0,0.0,1.0,24.0,0.0,10.0,15.0,1.1466868381240545,0.0,0.0,1.0,1.0,78968.0,0.0,0.8303303303303303,1,0.0,66.0,23418
8465137,2024-12-06 00:19:08+00:00,0,[],,23724.0,578.0,0.2039387719072988,-0.6114337137678488,-0.054488959167710314,0.004753338369163321,-0.06670879924340213,-0.07412946629464255,0.14385053025774988,-0.03231283449775203,-0.04317344340611509,0.0778669440877906,-0.07791647071836902,0.07090034106747711,0.13238330771477913,0.14199482941539582,-0.03481326916714037,-0.1482292857992833,0.06852539126647902,0.09263075257175206,0.02313302321270807,-0.008431530244752898,0.04544625733308562,-0.05816090055260583,0.04284707524103316,-0.016179347188425074,-0.053592719399028974,0.141236061144545,6.717,0.0,2.0,323.0,0.0,4.0,0.0,0.0,0.0,3.0,0.0,1.0,7.0,1.3107182320441988,1.0,0.0,0.0,1.0,78968.0,3160.0,0.0,1,3.0,11.0,5768
8439637,2024-12-03 09:34:32+00:00,1,,,17825.0,16317.0,0.2039751779573246,-0.6114337137678488,-0.054488959167710314,-0.23295731524514138,-0.06670879924340213,-0.07412946629464255,0.1880244731129659,-0.03231283449775203,-0.04317344340611509,0.0778669440877906,-0.07791647071836902,-0.0069440649306055586,-0.026172253256940618,-0.01066169917084148,0.28748156146469017,-0.1482292857992833,0.06852539126647902,0.09263075257175206,0.02313302321270807,-0.008431530244752898,-0.009607996814591997,-0.05816090055260583,0.04284707524103316,-0.016179347188425074,-0.053592719399028974,-0.018828211620055532,6.717,0.0,4.0,344.0,0.0,2.0,2.0,0.0,0.0,5.0,1.0,10.0,12.0,0.9668583206769364,1.0,0.0,0.0,1.0,78968.0,3850.0,0.0,1,2.0,5.0,66240
8424051,2024-12-05 05:19:49+00:00,1,"[1, 0, 0, 0, 0, 0, 1, 1, 1, 0, 0, 0, 0, 1, 0, 1, 1, 1, 1, 1, 1, 1, 1, 1, 1, 1, 1, 1, 1, 1, 1, 1, 1, 1, 1, 1, 1, 1, 1, 1, 1, 1, 1, 1, 1]",,28339.0,487.0,0.20413687987833437,-0.6114337137678488,-0.054488959167710314,0.2259612567881653,0.11939328962621384,-0.05564041606933876,-0.14267212177429597,-0.03231283449775203,-0.04317344340611509,0.0778669440877906,-0.06544171956609646,-0.09236929204096728,-0.026172253256940618,0.20995636990242048,-0.03481326916714037,0.13611650753568505,-0.12296996338010098,0.09263075257175206,0.02313302321270807,-0.008431530244752898,-0.039768111103099996,-0.05816090055260583,-0.023487699131707573,0.05393564252282038,0.015592503790590144,0.008044419973869708,6.717,0.0,0.0,150.0,0.5222222222222223,13.0,5.0,0.7777777777777778,1.0,15.0,3.0,2.0,5.0,1.4458673469387755,0.0,1.0,0.0,1.0,1772.0,7143.0,0.0,0,37.0,327.0,40117
8468188,2024-12-07 01:41:22+00:00,1,"[1, 1]","[0, 0, 0, 0, 1]",17889.0,575.0,0.20457867389972412,-0.6114337137678488,-0.054488959167710314,-0.23295731524514138,-0.05738860713727523,-0.05564041606933876,0.14385053025774988,-0.03231283449775203,0.1740873916033103,0.0778669440877906,-0.07791647071836902,0.07090034106747711,0.13238330771477913,0.08251752792097579,-0.03481326916714037,0.13611650753568505,0.06852539126647902,0.09263075257175206,0.02313302321270807,-0.008431530244752898,-0.009607996814591997,-0.05816090055260583,0.04284707524103316,-0.016179347188425074,-0.053592719399028974,-0.03707202918461854,6.717,0.0,4.0,224.0,0.4666666666666666,3.0,1.0,1.0,0.0,5.0,0.0,1.0,8.0,1.1559935379644588,0.0,0.0,0.0,1.0,78968.0,3334.0,0.3333333333333333,1,6.0,21.0,108340
8471927,2024-12-08 03:31:49+00:00,1,,,14765.0,16317.0,0.20467184237761638,-0.6114337137678488,-0.054488959167710314,0.2259612567881653,-0.06670879924340213,-0.07412946629464255,0.4194777125113977,-0.03231283449775203,-0.04317344340611509,0.0778669440877906,-0.07791647071836902,-0.0069440649306055586,-0.026172253256940618,0.25953741616204173,-0.03481326916714037,-0.1482292857992833,0.06852539126647902,-0.3012493410357806,0.02313302321270807,-0.008431530244752898,0.04544625733308562,-0.05816090055260583,0.04284707524103316,-0.016179347188425074,-0.053592719399028974,-0.018828211620055532,6.717,0.0,1.0,319.0,0.0,1.0,0.0,0.0,0.0,9.0,1.0,10.0,4.0,1.3671296296296296,1.0,0.0,1.0,1.0,78968.0,2600.0,0.0,1,6.0,10.0,95721
8438603,2024-12-03 04:35:37+00:00,1,,"[0, 0, 0, 0, 0, 0, 0, 1, 1, 1, 1, 0, 0, 0, 0, 1, 1, 1, 1, 0, 1, 1, 1, 1]",19947.0,16317.0,0.20487344951175607,-0.6114337137678488,-0.054488959167710314,0.2259612567881653,-0.06670879924340213,-0.07412946629464255,-0.14267212177429597,-0.03231283449775203,-0.04317344340611509,-0.048236128980226715,0.08779149858909129,-0.0069440649306055586,-0.026172253256940618,0.27517336419933297,0.28748156146469017,0.13611650753568505,-0.12296996338010098,-0.3012493410357806,0.02313302321270807,-0.008431530244752898,-0.039768111103099996,-0.05816090055260583,-0.023487699131707573,-0.016179347188425074,-0.053592719399028974,-0.03707202918461854,6.717,0.0,1.0,355.0,0.041666666666666664,11.0,2.0,0.0,3.0,27.0,1.0,9.0,3.0,0.9999498696611189,0.0,1.0,1.0,1.0,78968.0,4800.0,0.66,0,21.0,105.0,99405
8470427,2024-12-07 23:08:07+00:00,1,"[0, 0, 0, 0, 0, 0, 0, 0, 0, 1, 0, 0, 0, 0, 0, 0, 0, 1, 1, 0, 0, 0, 0, 0, 0, 0, 1, 0, 0, 0, 0, 1, 1, 0, 0, 0, 0, 1, 1, 1, 1, 1]","[1, 1, 1, 1, 1, 1, 1, 1, 1, 1, 1, 0, 1, 1, 1, 1, 1, 1, 1]",23570.0,498.0,0.20488370790393182,-0.6114337137678488,-0.054488959167710314,0.2259612567881653,-0.05738860713727523,-0.07412946629464255,0.01584713069282676,-0.03231283449775203,-0.04317344340611509,0.0778669440877906,-0.07791647071836902,-0.0069440649306055586,-0.026172253256940618,0.20995636990242048,-0.03481326916714037,0.13611650753568505,-0.12296996338010098,0.09263075257175206,0.02313302321270807,-0.008431530244752898,-0.009607996814591997,0.15904631144217646,-0.023487699131707573,-0.016179347188425074,-0.053592719399028974,0.008044419973869708,6.717,0.0,1.0,278.0,0.3276942355889724,6.0,3.0,0.2619047619047619,1.0,5.0,1.0,3.0,5.0,1.1949302915082383,0.0,1.0,0.0,1.0,78968.0,4000.0,0.9368421052631579,0,28.0,100.0,43779
8471798,2024-12-08 03:07:36+00:00,0,"[1, 1, 1]","[0, 0, 0, 0, 0, 1, 1, 1, 1, 1, 1, 1, 1, 1, 1, 1, 1, 1, 1, 1, 1, 1, 1, 1, 1, 1, 1, 1, 1, 1, 1, 1, 1, 0, 0, 1, 1, 1, 1]",15930.0,563.0,0.20505435971726763,-0.6114337137678488,-0.054488959167710314,-0.1165395030712408,0.41236787050388063,-0.05564041606933876,-0.043774865933036713,-0.03231283449775203,0.1740873916033103,-0.4142474070967134,-0.07791647071836902,0.07090034106747711,-0.026172253256940618,-0.01066169917084148,-0.03481326916714037,0.13611650753568505,0.06852539126647902,-0.3012493410357806,0.02313302321270807,-0.008431530244752898,0.04544625733308562,-0.05484988672575293,0.04284707524103316,-0.016179347188425074,-0.053592719399028974,-0.018828211620055532,6.717,0.0,3.0,113.0,0.5128205128205128,8.0,1.0,1.0,4.0,3.0,0.0,8.0,12.0,1.2,0.0,0.0,1.0,1.0,1550.0,2987.0,0.8923076923076924,1,15.0,162.0,94011
8465874,2024-12-06 03:06:40+00:00,1,,,24157.0,16317.0,0.20547654790059944,-0.6114337137678488,-0.054488959167710314,0.2259612567881653,-0.05738860713727523,-0.07412946629464255,-0.16547143701628758,-0.03231283449775203,-0.04317344340611509,0.0778669440877906,0.08779149858909129,-0.09236929204096728,-0.026172253256940618,0.47334886807418025,-0.03481326916714037,0.13611650753568505,-0.12296996338010098,0.09263075257175206,0.02313302321270807,-0.008431530244752898,-0.039768111103099996,-0.05816090055260583,-0.023487699131707573,-0.016179347188425074,-0.053592719399028974,-0.018828211620055532,6.717,0.0,1.0,276.0,0.0,162.0,1.0,0.0,0.0,27.0,99.0,10.0,2.0,1.3552314165497896,0.0,16.0,0.0,1.0,928.0,6800.0,0.0,0,7.0,202.0,72225
8471540,2024-12-08 02:19:25+00:00,1,,[],19779.0,16317.0,0.2056777241802811,-0.6114337137678488,-0.054488959167710314,0.004753338369163321,-0.06670879924340213,-0.07412946629464255,0.01584713069282676,0.030500288512228284,-0.04317344340611509,-0.048236128980226715,-0.06544171956609646,-0.0069440649306055586,-0.026172253256940618,0.14199482941539582,0.16413019796925432,0.13611650753568505,0.06852539126647902,-0.3012493410357806,-0.08168565936984104,-0.008431530244752898,-0.039768111103099996,-0.05816090055260583,-0.023487699131707573,-0.016179347188425074,0.2103895073799279,0.141236061144545,6.717,0.0,2.0,422.0,0.0,5.0,9.0,0.0,3.0,13.0,1.0,10.0,6.0,1.1018941504178272,0.0,0.0,1.0,329.0,78968.0,5670.0,0.0,0,12.0,508.0,23052
8472390,2024-12-08 05:01:07+00:00,1,,"[0, 0, 0, 0, 0, 0, 0, 0, 0, 0, 0, 1, 1]",17261.0,16317.0,0.20568008264381632,-0.6114337137678488,-0.054488959167710314,0.004753338369163321,-0.06670879924340213,-0.07412946629464255,0.1880244731129659,-0.03231283449775203,-0.04317344340611509,0.0778669440877906,-0.07791647071836902,0.07090034106747711,-0.026172253256940618,0.47334886807418025,0.16413019796925432,0.13611650753568505,-0.12296996338010098,0.09263075257175206,-0.08168565936984104,-0.008431530244752898,-0.039768111103099996,-0.05816090055260583,-0.023487699131707573,-0.016179347188425074,-0.053592719399028974,-0.0035377154089891926,6.717,0.0,2.0,328.0,0.07692307692307693,2.0,2.0,0.0,0.0,9.0,0.0,9.0,2.0,1.0404460518384568,0.0,1.0,0.0,329.0,78968.0,4984.0,0.27472527472527475,0,15.0,159.0,47520
8471121,2024-12-08 01:11:08+00:00,1,"[1, 0, 0, 0, 0, 1, 1, 1, 1, 1, 1, 1, 1, 1, 1, 1, 1, 1, 1, 1, 1, 1, 1, 1, 1, 1, 1, 1, 1, 1, 1, 1, 1, 1, 1, 1, 1, 1, 1, 1]",,28694.0,471.0,0.20571436204456914,-0.6114337137678488,-0.054488959167710314,-0.23295731524514138,0.41236787050388063,-0.07412946629464255,-0.16547143701628758,-0.03231283449775203,-0.04317344340611509,0.0778669440877906,-0.07791647071836902,-0.0069440649306055586,-0.026172253256940618,-0.3292197513569699,0.28748156146469017,0.13611650753568505,0.06852539126647902,-0.3012493410357806,0.02313302321270807,-0.008431530244752898,-0.039768111103099996,-0.05816090055260583,-0.023487699131707573,-0.016179347188425074,-0.053592719399028974,-0.018828211620055532,6.717,0.0,4.0,90.0,0.05,19.0,1.0,0.9,0.0,6.0,1.0,2.0,28.0,0.924867042707494,0.0,0.0,1.0,1.0,78968.0,8144.0,0.0,0,24.0,45.0,60021
8466686,2024-12-06 06:07:20+00:00,1,"[0, 1, 1, 1, 1, 1, 1, 1, 0, 0, 1, 1, 0, 0, 1, 0, 1, 1, 1, 0, 1, 0, 1, 1, 1, 1, 0, 0, 0, 1, 1, 1, 1, 0, 0, 0, 1, 1, 0, 1, 1, 1, 1, 1, 1, 1, 1, 1, 1]",,17383.0,274.0,0.2058222361431601,-0.6114337137678488,-0.054488959167710314,0.004753338369163321,-0.05738860713727523,-0.07412946629464255,-0.16547143701628758,-0.03231283449775203,-0.04317344340611509,0.0778669440877906,-0.07791647071836902,0.07090034106747711,-0.026172253256940618,-0.2062583476798761,0.28748156146469017,-0.1482292857992833,0.06852539126647902,0.09263075257175206,0.02313302321270807,-0.008431530244752898,-0.039768111103099996,-0.05816090055260583,-0.023487699131707573,0.05393564252282038,-0.053592719399028974,0.141236061144545,6.717,0.0,2.0,234.0,0.02040816326530612,21.0,1.0,0.6938775510204082,0.0,3.0,0.0,2.0,22.0,0.8886559991820459,1.0,0.0,0.0,1.0,1571.0,5365.0,0.0,0,37.0,67.0,5
8437062,2024-12-06 04:01:26+00:00,1,"[0, 0, 0, 0, 0, 0, 0, 0, 1, 0, 0, 0, 1, 0, 0, 1, 0, 0, 0, 0, 1, 0, 0, 1, 1, 0, 0, 0, 1, 1]",,24640.0,16317.0,0.20586679787344184,-0.6114337137678488,-0.054488959167710314,0.2259612567881653,-0.06670879924340213,-0.07412946629464255,0.01584713069282676,-0.03231283449775203,-0.04317344340611509,0.0778669440877906,0.08779149858909129,-0.0069440649306055586,-0.026172253256940618,0.20995636990242048,-0.03481326916714037,0.13611650753568505,-0.12296996338010098,0.09263075257175206,0.02313302321270807,-0.008431530244752898,-0.039768111103099996,-0.05816090055260583,-0.023487699131707573,-0.016179347188425074,-0.053592719399028974,0.141236061144545,6.717,0.0,1.0,370.0,0.03333333333333333,6.0,3.0,0.26666666666666666,1.0,26.0,1.0,10.0,5.0,1.2833333333333334,0.0,1.0,0.0,1.0,78968.0,8286.099999999991,0.0,0,16.0,173.0,21182
8463950,2024-12-05 05:25:52+00:00,1,,,24150.0,16317.0,0.20637101309579836,-0.6114337137678488,-0.054488959167710314,0.004753338369163321,-0.06670879924340213,-0.07412946629464255,0.4194777125113977,-0.03231283449775203,-0.04317344340611509,0.0778669440877906,-0.06544171956609646,0.07090034106747711,-0.026172253256940618,0.14199482941539582,0.28748156146469017,0.13611650753568505,-0.12296996338010098,-0.3012493410357806,-0.08168565936984104,-0.008431530244752898,-0.009607996814591997,-0.05816090055260583,-0.023487699131707573,-0.016179347188425074,-0.053592719399028974,0.141236061144545,6.717,0.0,2.0,369.0,0.0,0.0,0.0,0.0,0.0,18.0,0.0,10.0,6.0,1.0231316725978647,0.0,1.0,1.0,329.0,3359.0,3600.0,0.0,0,12.0,182.0,25
8438278,2024-12-03 03:28:52+00:00,1,,"[0, 0, 0, 0, 0, 0, 0, 0, 0, 0, 0, 0, 0, 0, 0, 0, 0, 0, 0, 0, 1, 1, 1, 1, 1]",18118.0,16317.0,0.20660645748007792,-0.6114337137678488,-0.054488959167710314,0.2259612567881653,-0.06670879924340213,-0.07412946629464255,-0.16547143701628758,-0.03231283449775203,-0.04317344340611509,0.0778669440877906,0.08779149858909129,0.07090034106747711,-0.026172253256940618,0.021081495765742912,-0.03481326916714037,0.13611650753568505,0.06852539126647902,0.09263075257175206,0.02313302321270807,-0.008431530244752898,-0.009607996814591997,-0.05816090055260583,-0.023487699131707573,-0.016179347188425074,-0.053592719399028974,-0.018828211620055532,6.717,0.0,1.0,390.0,0.04,14.0,0.0,0.0,0.0,28.0,0.0,9.0,9.0,1.2325170068027211,0.0,0.0,0.0,1.0,6546.0,4167.0,0.35384615384615387,0,0.0,134.0,69777
8465588,2024-12-06 01:59:11+00:00,0,,,35617.0,16317.0,0.20673218107380895,-0.6114337137678488,0.26094868650223196,0.2259612567881653,-0.06670879924340213,-0.07412946629464255,-0.16547143701628758,-0.03231283449775203,-0.04317344340611509,0.0778669440877906,-0.07791647071836902,-0.09236929204096728,-0.026172253256940618,0.14199482941539582,-0.03481326916714037,0.13611650753568505,-0.12296996338010098,0.09263075257175206,-0.08168565936984104,-0.008431530244752898,-0.039768111103099996,-0.05816090055260583,0.04284707524103316,-0.016179347188425074,-0.053592719399028974,-0.018828211620055532,6.717,844.0,1.0,367.0,0.0,162.0,1.0,0.0,0.0,9.0,99.0,10.0,6.0,1.4133730158730158,0.0,16.0,0.0,329.0,78968.0,5500.0,0.0,1,2.0,10.0,86408
8397313,2024-12-07 00:45:19+00:00,1,"[0, 0, 0, 0, 0, 0, 0, 0, 0, 0, 0, 0, 0, 0, 0, 0, 0, 0, 0, 0, 0, 0, 0, 0, 0, 1, 0, 1, 1, 1, 1, 0, 0, 0, 0, 1, 1, 1, 1, 1, 1, 1, 1, 0, 1, 0, 1, 0, 0, 0, 1, 1, 1, 1, 1, 1, 0, 0, 0, 0, 1, 1, 1, 1, 1, 1, 0, 1, 1, 1, 1, 1, 1, 1, 1, 1, 1, 1, 1, 1, 1, 1]","[1, 1, 1, 1, 1, 1, 1]",24382.0,16317.0,0.20690049406897212,-0.6114337137678488,-0.054488959167710314,-0.1165395030712408,-0.06670879924340213,-0.05564041606933876,0.01584713069282676,-0.03231283449775203,-0.04317344340611509,-0.048236128980226715,-0.06544171956609646,0.07090034106747711,-0.026172253256940618,0.021081495765742912,0.16413019796925432,0.13611650753568505,0.06852539126647902,0.09263075257175206,0.02313302321270807,-0.008431530244752898,-0.039768111103099996,0.15904631144217646,-0.023487699131707573,-0.016179347188425074,-0.053592719399028974,-0.018828211620055532,6.717,0.0,3.0,366.0,0.5060975609756098,6.0,0.0,0.5121951219512195,3.0,16.0,0.0,10.0,9.0,1.0543567567567567,0.0,0.0,0.0,1.0,78968.0,5645.0,1.0,0,0.0,181.0,75395
8468188,2024-12-07 01:41:22+00:00,0,"[1, 1, 1, 1, 1, 1, 1, 1, 1]",,17889.0,398.0,0.20693577535806965,-0.6114337137678488,-0.054488959167710314,-0.1165395030712408,-0.05738860713727523,0.22755275636556374,-0.14267212177429597,-0.03231283449775203,0.1740873916033103,0.0778669440877906,-0.07791647071836902,0.07090034106747711,0.13238330771477913,0.021081495765742912,-0.03481326916714037,-0.1482292857992833,0.06852539126647902,0.09263075257175206,0.02313302321270807,-0.008431530244752898,-0.009607996814591997,-0.05816090055260583,0.04284707524103316,-0.016179347188425074,-0.053592719399028974,-0.03707202918461854,6.717,0.0,3.0,215.0,1.0,12.0,2.0,1.0,0.0,11.0,0.0,1.0,11.0,1.1559935379644588,1.0,0.0,0.0,4.0,2190.0,3334.0,0.0,1,20.0,83.0,108340
8465344,2024-12-06 01:00:41+00:00,1,,"[0, 0, 0, 0, 0, 0, 0, 0, 0, 0, 0, 0, 0, 0, 0, 0, 0, 0, 0, 0, 1, 0, 0, 0, 0, 0, 0, 0, 1, 1, 1]",16011.0,16317.0,0.20705845995168132,-0.6114337137678488,-0.054488959167710314,0.2259612567881653,-0.06670879924340213,-0.07412946629464255,-0.16547143701628758,-0.03231283449775203,-0.04317344340611509,0.0778669440877906,0.08779149858909129,-0.09236929204096728,-0.026172253256940618,0.14199482941539582,-0.03481326916714037,-0.1482292857992833,0.06852539126647902,0.09263075257175206,-0.08168565936984104,-0.008431530244752898,0.04544625733308562,-0.05816090055260583,0.04284707524103316,-0.016179347188425074,-0.053592719399028974,-0.018828211620055532,6.717,0.0,1.0,324.0,0.03225806451612903,17.0,1.0,0.0,0.0,30.0,7.0,9.0,7.0,1.2249254073904063,1.0,0.0,0.0,329.0,4201.0,2600.0,0.22379032258064516,1,14.0,204.0,66318
8461950,2024-12-04 07:53:30+00:00,1,"[0, 0, 0, 0, 1, 1, 1, 1, 1, 1, 0, 1, 1, 1, 1, 1, 1, 1, 0, 0, 1, 1, 0, 1, 1, 1, 1, 1]","[1, 1, 0, 1, 1, 1, 1, 1]",20611.0,16317.0,0.2074048796028205,-0.6114337137678488,0.26094868650223196,-0.1165395030712408,-0.05738860713727523,0.17561735485816402,-0.16547143701628758,0.030500288512228284,-0.04317344340611509,0.0778669440877906,-0.07791647071836902,-0.09236929204096728,-0.026172253256940618,-0.15334582495827825,-0.03481326916714037,0.13611650753568505,0.06852539126647902,0.09263075257175206,-0.08168565936984104,-0.008431530244752898,-0.039768111103099996,-0.05484988672575293,-0.023487699131707573,-0.016179347188425074,-0.053592719399028974,-0.0035377154089891926,6.717,168.0,3.0,227.0,0.6160714285714285,28.0,12.0,0.7142857142857143,1.0,2.0,5.0,10.0,16.0,1.1777714285714285,0.0,0.0,0.0,329.0,78968.0,5000.0,0.9166666666666666,0,13.0,256.0,50000
8466779,2024-12-06 06:28:34+00:00,1,,,18760.0,16317.0,0.20825999450142485,-0.6114337137678488,-0.054488959167710314,0.2259612567881653,-0.06670879924340213,-0.07412946629464255,0.1880244731129659,-0.03231283449775203,-0.04317344340611509,0.0778669440877906,-0.06544171956609646,-0.0069440649306055586,-0.026172253256940618,0.14199482941539582,0.16413019796925432,0.13611650753568505,-0.12296996338010098,0.09263075257175206,-0.08168565936984104,-0.008431530244752898,-0.009607996814591997,-0.05816090055260583,-0.023487699131707573,-0.016179347188425074,-0.053592719399028974,-0.03707202918461854,6.717,0.0,1.0,357.0,0.0,2.0,1.0,0.0,1.0,16.0,1.0,10.0,6.0,1.1250374812593704,0.0,1.0,0.0,329.0,78968.0,3500.0,0.0,0,0.0,269.0,104543
8439396,2024-12-07 01:51:25+00:00,1,"[0, 0, 1, 1, 1, 1, 1, 1, 1, 1, 1, 1, 1, 1, 0, 1, 1, 1, 1, 1, 1, 1, 1, 1, 1, 1, 1, 1, 1, 1, 1, 1, 1, 1, 1, 1, 1, 1, 1, 1, 1, 1, 1, 1, 1, 1, 1, 1, 1, 1, 1, 1, 1, 1, 1, 1, 1, 1, 1, 1, 1, 1, 1, 1, 1]",,27439.0,16317.0,0.20865234670673738,-0.6114337137678488,-0.054488959167710314,0.2259612567881653,-0.06670879924340213,-0.07412946629464255,-0.16547143701628758,-0.03231283449775203,0.1740873916033103,-0.4142474070967134,-0.06544171956609646,-0.0069440649306055586,-0.026172253256940618,0.47334886807418025,-0.03481326916714037,0.13611650753568505,0.06852539126647902,0.09263075257175206,0.02313302321270807,-0.008431530244752898,-0.039768111103099996,-0.05816090055260583,-0.023487699131707573,-0.016179347188425074,-0.053592719399028974,-0.018828211620055532,6.717,0.0,1.0,514.0,0.015384615384615385,15.0,0.0,0.9538461538461539,4.0,15.0,1.0,10.0,2.0,1.298887573964497,0.0,0.0,0.0,1.0,807.0,8286.099999999991,0.0,0,1.0,289.0,74120
8470022,2024-12-07 09:23:02+00:00,1,"[0, 1, 0, 0, 0, 0, 1, 1, 0, 1, 0, 1, 1, 1, 1, 1, 1, 1, 1, 1, 1, 1, 1, 1, 1, 1, 1, 1, 1, 1, 1, 1, 1, 1, 1, 1, 1, 1, 1, 1, 1, 1, 1, 1, 1, 1, 1, 1, 1]",,29329.0,455.0,0.20919587025947983,-0.6114337137678488,-0.054488959167710314,0.004753338369163321,0.11939328962621384,-0.07412946629464255,0.01584713069282676,-0.03231283449775203,-0.04317344340611509,0.0778669440877906,-0.07791647071836902,0.07090034106747711,-0.026172253256940618,-0.10985411191684905,0.16413019796925432,-0.1482292857992833,0.06852539126647902,0.09263075257175206,0.02313302321270807,-0.008431530244752898,-0.039768111103099996,-0.05816090055260583,-0.023487699131707573,-0.016179347188425074,-0.053592719399028974,-0.03707202918461854,6.717,0.0,2.0,136.0,0.02040816326530612,6.0,5.0,0.8571428571428571,0.0,4.0,0.0,2.0,14.0,1.112,1.0,0.0,0.0,1.0,7077.0,6500.0,0.0,0,13.0,159.0,104000
8469381,2024-12-07 05:37:02+00:00,1,,"[0, 0, 0, 0, 0, 0, 0, 0, 0, 0, 0, 0, 0, 0, 0, 0, 0, 0, 1, 0, 1, 1, 1, 1, 0, 1, 1, 0, 0, 1, 1, 1, 1, 1, 1, 1, 1, 0, 1, 1, 1, 1, 1, 0, 1, 1, 1, 1, 1, 1, 1, 1, 1, 1, 1, 1, 1, 1, 1, 1, 1, 1, 1, 1, 1]",21537.0,16317.0,0.20920302491756482,-0.6114337137678488,-0.054488959167710314,-0.23295731524514138,0.41236787050388063,-0.07412946629464255,-0.16547143701628758,-0.03231283449775203,-0.04317344340611509,0.0778669440877906,-0.07791647071836902,0.07090034106747711,-0.026172253256940618,-0.15334582495827825,0.16413019796925432,-0.1482292857992833,0.06852539126647902,-0.3012493410357806,0.02313302321270807,-0.008431530244752898,-0.009607996814591997,-0.05484988672575293,-0.023487699131707573,-0.016179347188425074,0.04095250473658998,-0.018828211620055532,6.717,0.0,4.0,76.0,0.015384615384615385,16.0,1.0,0.0,0.0,3.0,0.0,8.0,16.0,1.0467557715674363,1.0,0.0,1.0,1.0,2378.0,4250.0,0.8344988344988346,0,23.0,375.0,83450
8465972,2024-12-06 03:24:08+00:00,1,"[1, 1, 1, 1, 1, 1, 1, 1, 0, 1, 1, 1, 1, 1, 1]",,19916.0,345.0,0.209233915912169,-0.6114337137678488,-0.054488959167710314,-0.1165395030712408,0.11939328962621384,-0.05564041606933876,-0.16547143701628758,-0.03231283449775203,-0.04317344340611509,0.0778669440877906,-0.06544171956609646,-0.09236929204096728,-0.026172253256940618,-0.10985411191684905,0.16413019796925432,0.13611650753568505,0.06852539126647902,0.09263075257175206,0.02313302321270807,-0.008431530244752898,-0.039768111103099996,-0.05816090055260583,-0.023487699131707573,-0.016179347188425074,-0.053592719399028974,0.008044419973869708,6.717,0.0,3.0,202.0,0.6,15.0,4.0,0.9333333333333333,0.0,17.0,4.0,2.0,14.0,1.0590800319064078,0.0,0.0,0.0,1.0,1780.0,4820.0,0.0,0,31.0,155.0,27413
8468768,2024-12-07 03:36:32+00:00,0,,,23374.0,16317.0,0.2093469800450413,-0.6114337137678488,0.26094868650223196,0.004753338369163321,-0.05738860713727523,-0.07412946629464255,-0.14267212177429597,-0.03231283449775203,-0.04317344340611509,0.0778669440877906,-0.07791647071836902,-0.09236929204096728,-0.026172253256940618,0.021081495765742912,-0.03481326916714037,-0.1482292857992833,-0.12296996338010098,0.09263075257175206,0.02313302321270807,-0.008431530244752898,0.04544625733308562,-0.05816090055260583,0.04284707524103316,-0.016179347188425074,-0.053592719399028974,-0.018828211620055532,6.717,258.0,2.0,280.0,0.0,10.0,2.0,0.0,0.0,4.0,6.0,10.0,10.0,1.2269816272965879,1.0,2.0,0.0,1.0,78968.0,2598.0,0.0,1,5.0,14.0,75043
8460240,2024-12-04 00:35:45+00:00,1,,,18238.0,16317.0,0.20934918302532213,-0.6114337137678488,-0.054488959167710314,0.2259612567881653,-0.06670879924340213,-0.07412946629464255,0.14385053025774988,-0.03231283449775203,-0.04317344340611509,0.0778669440877906,-0.07791647071836902,-0.0069440649306055586,-0.026172253256940618,0.14199482941539582,0.16413019796925432,-0.1482292857992833,0.06852539126647902,-0.3012493410357806,0.02313302321270807,-0.008431530244752898,-0.009607996814591997,-0.05816090055260583,-0.023487699131707573,-0.016179347188425074,-0.053592719399028974,-0.018828211620055532,6.717,0.0,1.0,335.0,0.0,4.0,0.0,0.0,0.0,5.0,1.0,10.0,7.0,1.04816091954023,1.0,0.0,1.0,1.0,78968.0,3551.0,0.0,0,7.0,259.0,89198
8459904,2024-12-03 22:57:31+00:00,1,,"[0, 0, 0, 0, 0, 0, 0, 0, 0, 0, 0, 0, 0, 0, 0, 0, 0, 0, 0, 0, 0, 0, 0, 0, 0, 0, 0, 0, 1, 1, 1, 1, 1, 1]",18849.0,16317.0,0.210387615305536,-0.6114337137678488,-0.054488959167710314,-0.1165395030712408,-0.06670879924340213,-0.07412946629464255,-0.16547143701628758,-0.03231283449775203,-0.04317344340611509,0.0778669440877906,-0.07791647071836902,-0.09236929204096728,-0.026172253256940618,0.021081495765742912,0.28748156146469017,-0.1482292857992833,0.06852539126647902,0.09263075257175206,0.02313302321270807,-0.008431530244752898,-0.039768111103099996,-0.05816090055260583,-0.023487699131707573,-0.016179347188425074,0.04095250473658998,-0.0035377154089891926,6.717,0.0,3.0,314.0,0.029411764705882353,15.0,5.0,0.0,1.0,3.0,6.0,8.0,9.0,0.98171875,1.0,0.0,0.0,1.0,1726.0,5000.0,0.3176470588235294,0,1.0,367.0,47260
8461322,2024-12-04 04:48:10+00:00,1,,,39851.0,16317.0,0.21051158815163112,-0.6114337137678488,-0.054488959167710314,0.2259612567881653,-0.05738860713727523,-0.07412946629464255,-0.14267212177429597,-0.03231283449775203,-0.04317344340611509,-0.048236128980226715,0.2659552272166623,-0.09236929204096728,-0.026172253256940618,0.47334886807418025,-0.03481326916714037,0.13611650753568505,-0.12296996338010098,0.09263075257175206,-0.08168565936984104,-0.008431530244752898,-0.039768111103099996,-0.05816090055260583,-0.023487699131707573,-0.016179347188425074,-0.053592719399028974,-0.018828211620055532,6.717,0.0,1.0,300.0,0.0,13.0,1.0,0.0,3.0,50.0,2.0,10.0,1.0,1.2414641744548287,0.0,1.0,0.0,329.0,78968.0,4635.0,0.0,0,0.0,91.0,80371
8439007,2024-12-03 05:52:22+00:00,1,"[0, 1, 1, 1, 1, 1, 1, 1, 1, 0, 1]","[1, 0, 1]",49300.0,1074.0,0.21060331112892103,-0.6114337137678488,-0.054488959167710314,-0.23295731524514138,-0.06670879924340213,-0.05564041606933876,0.14385053025774988,-0.03231283449775203,-0.04317344340611509,0.0778669440877906,-0.07791647071836902,0.07090034106747711,0.13238330771477913,-0.10985411191684905,0.28748156146469017,0.13611650753568505,0.06852539126647902,0.09263075257175206,0.02313302321270807,-0.008431530244752898,-0.039768111103099996,-0.05816090055260583,-0.023487699131707573,-0.016179347188425074,-0.053592719399028974,0.008044419973869708,6.717,0.0,4.0,330.0,0.4797165200391007,3.0,6.0,0.8181818181818182,0.0,4.0,0.0,1.0,15.0,0.9949545913218971,0.0,0.0,0.0,18.0,2593.0,8286.099999999991,0.6666666666666666,0,22.0,93.0,46876
8461069,2024-12-04 03:45:05+00:00,1,[],"[1, 1, 1, 1, 1, 1, 1, 1, 1, 1, 1, 1, 1, 1, 0, 1]",12696.0,344.0,0.21084257087535882,-0.6114337137678488,-0.054488959167710314,0.004753338369163321,0.11939328962621384,0.22755275636556374,-0.14267212177429597,-0.03231283449775203,-0.04317344340611509,0.0778669440877906,-0.07791647071836902,0.07090034106747711,0.13238330771477913,-0.10985411191684905,-0.03481326916714037,0.13611650753568505,0.06852539126647902,0.09263075257175206,0.02313302321270807,-0.008431530244752898,-0.009607996814591997,-0.05484988672575293,-0.023487699131707573,-0.016179347188425074,-0.053592719399028974,-0.018828211620055532,6.717,0.0,2.0,190.0,0.9375,11.0,2.0,0.0,0.0,2.0,0.0,1.0,15.0,1.232621359223301,0.0,0.0,0.0,1.0,1236.0,3700.0,0.8897058823529411,0,18.0,113.0,81862
8469332,2024-12-07 05:25:52+00:00,1,,,27582.0,16317.0,0.2111648559848547,-0.6114337137678488,0.26094868650223196,-0.1165395030712408,-0.05738860713727523,-0.07412946629464255,-0.043774865933036713,-0.03231283449775203,-0.04317344340611509,0.0778669440877906,-0.06544171956609646,-0.09236929204096728,-0.026172253256940618,-0.10985411191684905,-0.03481326916714037,-0.1482292857992833,0.06852539126647902,0.09263075257175206,0.02313302321270807,0.12181209640599021,-0.039768111103099996,-0.05816090055260583,-0.023487699131707573,-0.016179347188425074,-0.053592719399028974,-0.018828211620055532,6.717,1152.0,3.0,257.0,0.0,7.0,3.0,0.0,0.0,12.0,2.0,10.0,14.0,1.6489507981108387,1.0,0.0,0.0,1.0,258.0,5220.0,0.0,0,24.0,28.0,88851
8460812,2024-12-04 02:46:34+00:00,1,,,15784.0,16317.0,0.21168513678947112,-0.6114337137678488,-0.054488959167710314,0.2259612567881653,-0.06670879924340213,-0.07412946629464255,0.01584713069282676,-0.03231283449775203,-0.04317344340611509,0.0778669440877906,0.035324081286162975,-0.09236929204096728,-0.026172253256940618,0.14199482941539582,-0.03481326916714037,0.13611650753568505,0.06852539126647902,0.09263075257175206,-0.08168565936984104,-0.008431530244752898,-0.009607996814591997,-0.05816090055260583,-0.023487699131707573,-0.016179347188425074,-0.053592719399028974,-0.018828211620055532,6.717,0.0,1.0,328.0,0.0,5.0,3.0,0.0,0.0,23.0,2.0,10.0,7.0,1.2576892430278885,0.0,0.0,0.0,329.0,78968.0,3846.0,0.0,0,13.0,230.0,86231
8463164,2024-12-05 02:24:09+00:00,0,,,32397.0,16317.0,0.21185408524114013,-0.6114337137678488,-0.054488959167710314,0.004753338369163321,-0.06670879924340213,-0.07412946629464255,0.1880244731129659,-0.03231283449775203,-0.04317344340611509,0.0778669440877906,-0.09921592132150975,0.07090034106747711,-0.026172253256940618,0.25953741616204173,-0.03481326916714037,-0.1482292857992833,0.06852539126647902,0.09263075257175206,-0.08168565936984104,-0.008431530244752898,0.08965056778496559,-0.05816090055260583,0.04284707524103316,-0.016179347188425074,-0.053592719399028974,-0.03707202918461854,6.717,0.0,2.0,600.0,0.0,2.0,0.0,0.0,0.0,0.0,0.0,10.0,4.0,1.336620183183431,1.0,0.0,0.0,329.0,78968.0,1000.0,0.0,1,0.0,30.0,103594
8471614,2024-12-08 02:31:50+00:00,1,,,25690.0,16317.0,0.21198112757281462,-0.6114337137678488,-0.054488959167710314,0.2259612567881653,-0.05738860713727523,-0.07412946629464255,-0.16547143701628758,-0.03231283449775203,-0.04317344340611509,0.0778669440877906,-0.07791647071836902,-0.09236929204096728,-0.026172253256940618,0.47334886807418025,-0.03481326916714037,0.13611650753568505,-0.12296996338010098,0.09263075257175206,0.02313302321270807,-0.008431530244752898,-0.039768111103099996,-0.05816090055260583,-0.023487699131707573,-0.016179347188425074,-0.053592719399028974,0.141236061144545,6.717,0.0,1.0,300.0,0.0,162.0,0.0,0.0,0.0,3.0,99.0,10.0,2.0,1.2365824308062576,0.0,16.0,0.0,1.0,78968.0,5120.0,0.0,0,2.0,2.0,12225
8431090,2024-12-06 00:46:13+00:00,1,,,23130.0,16317.0,0.21255329470852136,-0.6114337137678488,-0.054488959167710314,-0.1165395030712408,-0.06670879924340213,-0.07412946629464255,-0.14267212177429597,0.4065249203285951,-0.04317344340611509,0.0778669440877906,-0.07791647071836902,-0.0069440649306055586,-0.026172253256940618,-0.10985411191684905,-0.03481326916714037,0.13611650753568505,-0.12296996338010098,0.09263075257175206,0.02313302321270807,-0.008431530244752898,-0.009607996814591997,-0.05816090055260583,-0.023487699131707573,-0.016179347188425074,0.006896750883670848,0.008044419973869708,6.717,0.0,3.0,600.0,0.0,11.0,17.0,0.0,1.0,11.0,1.0,10.0,14.0,1.236898395721925,0.0,2.0,0.0,1.0,78968.0,3547.0,0.0,0,0.0,290.0,41783
8462648,2024-12-05 00:27:34+00:00,1,,"[0, 1, 1, 1, 1, 1, 1, 1, 1, 1, 1, 1, 1, 1, 1, 1, 1, 1, 1, 1, 1, 1, 1, 1, 1, 1, 1, 1, 1, 1, 1, 1]",18584.0,16317.0,0.21273294184467725,-0.6114337137678488,-0.054488959167710314,0.2259612567881653,-0.05738860713727523,-0.05564041606933876,-0.16547143701628758,-0.03231283449775203,-0.04317344340611509,0.0778669440877906,-0.06544171956609646,-0.09236929204096728,-0.026172253256940618,0.021081495765742912,-0.03481326916714037,0.13611650753568505,-0.12296996338010098,0.09263075257175206,0.02313302321270807,-0.008431530244752898,-0.039768111103099996,0.15904631144217646,-0.023487699131707573,-0.016179347188425074,0.2103895073799279,-0.018828211620055532,6.717,0.0,1.0,254.0,0.520970394736842,162.0,5.0,0.0,0.0,19.0,99.0,2.0,10.0,1.1970370370370371,0.0,16.0,0.0,1.0,14997.0,5391.0,0.9981060606060606,0,18.0,429.0,88369
8422399,2024-12-04 04:57:17+00:00,1,"[1, 0, 0, 1, 1, 1, 1, 0, 1, 1, 1, 1, 0, 1, 1, 1, 1, 1, 1, 1, 1, 1, 1, 1, 1, 1, 1, 1, 1, 1, 1, 1, 1, 1, 1, 1, 1, 1, 1, 1, 1, 1, 1, 0, 1, 1, 1, 1, 1, 1, 1, 1, 1, 1, 1, 1, 1, 1, 1, 1, 1, 1, 1, 1, 1, 1, 1, 1, 1, 1, 1]",,20600.0,399.0,0.21288040110686754,-0.6114337137678488,-0.054488959167710314,0.2259612567881653,0.11939328962621384,-0.07412946629464255,-0.16547143701628758,-0.03231283449775203,-0.04317344340611509,0.0778669440877906,-0.06544171956609646,-0.0069440649306055586,-0.026172253256940618,0.14199482941539582,-0.03481326916714037,0.13611650753568505,0.06852539126647902,0.09263075257175206,-0.08168565936984104,-0.008431530244752898,-0.039768111103099996,-0.05816090055260583,-0.023487699131707573,-0.016179347188425074,-0.053592719399028974,-0.018828211620055532,6.717,0.0,1.0,188.0,0.028169014084507043,21.0,2.0,0.9295774647887324,0.0,14.0,1.0,2.0,6.0,1.4171711612548157,0.0,0.0,0.0,329.0,679.0,6813.0,0.0,0,11.0,136.0,63251
8472009,2024-12-08 03:47:04+00:00,1,,,19953.0,16317.0,0.21299984810540423,-0.6114337137678488,-0.054488959167710314,0.004753338369163321,-0.05738860713727523,-0.07412946629464255,0.4194777125113977,-0.03231283449775203,-0.04317344340611509,-0.4142474070967134,0.08779149858909129,0.07090034106747711,-0.026172253256940618,0.14199482941539582,-0.03481326916714037,0.13611650753568505,0.06852539126647902,0.09263075257175206,0.02313302321270807,-0.008431530244752898,-0.009607996814591997,-0.05816090055260583,-0.023487699131707573,-0.016179347188425074,0.2103895073799279,0.008044419973869708,6.717,0.0,2.0,295.0,0.0,1.0,0.0,0.0,5.0,30.0,0.0,10.0,6.0,1.1455390974853599,0.0,0.0,0.0,1.0,78968.0,4170.0,0.0,0,0.0,439.0,40082
8431508,2024-12-03 00:47:36+00:00,1,,"[0, 0, 0, 0, 0, 0, 0, 0, 0, 0, 0, 0, 0, 0, 0, 0, 0, 0, 0, 0, 0, 0, 0, 0, 0, 0, 0, 0, 0, 0, 0, 0, 0, 0, 0, 0, 0, 0, 0, 0, 0, 0, 0, 0, 0, 0, 0, 0, 0, 0, 0, 0, 0, 0, 0, 0, 0, 0, 0, 0, 0, 0, 0, 0, 0, 0, 0, 0, 0, 0, 1, 1, 1]",18933.0,16317.0,0.21361382718712418,-0.6114337137678488,-0.054488959167710314,0.2259612567881653,-0.06670879924340213,-0.07412946629464255,-0.16547143701628758,-0.03231283449775203,-0.04317344340611509,-0.048236128980226715,0.08779149858909129,-0.09236929204096728,-0.026172253256940618,0.47334886807418025,-0.03481326916714037,0.13611650753568505,-0.12296996338010098,0.09263075257175206,0.02313302321270807,-0.008431530244752898,-0.039768111103099996,-0.05816090055260583,-0.023487699131707573,-0.016179347188425074,0.015592503790590144,-0.018828211620055532,6.717,0.0,1.0,445.0,0.0136986301369863,162.0,1.0,0.0,3.0,27.0,99.0,8.0,1.0,1.5789342006504878,0.0,16.0,0.0,1.0,466.0,7269.0,0.07997038134024435,0,0.0,316.0,66120
8438962,2024-12-03 05:41:56+00:00,1,,"[0, 0, 0, 0, 0, 0, 0, 0, 0, 0, 0, 0, 0, 0, 0, 0, 0, 0, 1, 0, 1, 0, 0, 1, 1, 0, 0, 0, 0, 0, 1, 1, 1, 0, 1, 1, 1, 1, 1, 1, 1, 1, 1, 1, 1, 1, 1, 1]",18000.0,16317.0,0.21371563979261618,-0.6114337137678488,-0.054488959167710314,0.2259612567881653,-0.05738860713727523,-0.07412946629464255,0.14385053025774988,-0.03231283449775203,-0.04317344340611509,0.0778669440877906,0.035324081286162975,0.07090034106747711,-0.026172253256940618,0.27517336419933297,-0.03481326916714037,0.13611650753568505,0.06852539126647902,-0.3012493410357806,0.02313302321270807,-0.008431530244752898,-0.039768111103099996,-0.05816090055260583,-0.023487699131707573,-0.016179347188425074,-0.053592719399028974,-0.018828211620055532,6.717,0.0,0.0,282.0,0.3902777777777778,4.0,5.0,0.0,0.0,25.0,0.0,9.0,3.0,1.2,0.0,0.0,1.0,1.0,5810.0,5499.0,0.6513605442176871,0,15.0,192.0,91106
8468294,2024-12-07 02:01:59+00:00,1,,"[0, 0, 0, 0, 0, 0, 0, 0, 0, 0, 0, 0, 0, 0, 0, 0, 0, 0, 0, 0, 0, 0, 0, 0, 0, 0, 0, 0, 0, 0, 0, 0, 0, 0, 0, 0, 0, 0, 0, 0, 0, 0, 0, 0, 0, 0, 0, 0, 0, 0, 0, 0, 0, 0, 0, 0, 0, 0, 1, 1, 1, 1, 1, 1, 1]",14245.0,16317.0,0.21407352874836688,-0.6114337137678488,-0.054488959167710314,-0.1165395030712408,-0.05738860713727523,0.17561735485816402,0.01584713069282676,0.030500288512228284,-0.04317344340611509,0.0778669440877906,-0.07791647071836902,-0.09236929204096728,-0.026172253256940618,-0.15334582495827825,0.16413019796925432,-0.1482292857992833,0.06852539126647902,0.09263075257175206,-0.08168565936984104,-0.008431530244752898,-0.009607996814591997,-0.05816090055260583,-0.023487699131707573,-0.016179347188425074,-0.053592719399028974,0.141236061144545,6.717,0.0,3.0,248.0,0.6717948717948717,5.0,11.0,0.0,0.0,10.0,2.0,9.0,17.0,1.0591865566213101,1.0,0.0,0.0,329.0,9759.0,4400.0,0.20233100233100232,0,2.0,213.0,20851
8467908,2024-12-07 00:40:41+00:00,1,"[1, 1, 1, 1]",,24906.0,653.0,0.2141461179062544,-0.6114337137678488,-0.054488959167710314,-0.1165395030712408,-0.05738860713727523,0.22755275636556374,0.01584713069282676,-0.03231283449775203,0.1740873916033103,0.0778669440877906,-0.07791647071836902,-0.0069440649306055586,0.13238330771477913,-0.01066169917084148,-0.03481326916714037,0.13611650753568505,-0.12296996338010098,0.09263075257175206,0.02313302321270807,-0.008431530244752898,-0.009607996814591997,-0.05816090055260583,0.04284707524103316,-0.016179347188425074,-0.053592719399028974,0.008044419973869708,6.717,0.0,3.0,255.0,1.0,6.0,0.0,1.0,0.0,6.0,1.0,1.0,12.0,1.2484210526315789,0.0,1.0,0.0,1.0,78968.0,3533.0,0.0,1,15.0,239.0,45754
8472275,2024-12-08 04:36:22+00:00,1,"[1, 1, 1, 1, 1, 0, 1, 1, 1, 1, 1, 1, 1, 1, 1, 1, 1, 1, 1, 1, 1, 1, 1, 1, 1, 1, 1, 1, 1, 1, 1, 1, 1, 1, 1, 1, 1, 1, 1, 1, 1, 1, 1, 1, 1, 1, 1]","[0, 0, 0, 0, 0, 0, 0, 0, 0, 0, 0, 0, 0, 0, 0, 0, 0, 0, 0, 0, 0, 0, 0, 0, 0, 0, 0, 0, 0, 0, 0, 0, 0, 0, 0, 0, 0, 0, 0, 0, 0, 0, 0, 0, 0, 0, 0, 0, 0, 0, 0, 0, 0, 0, 0, 0, 0, 0, 0, 0, 0, 0, 0, 0, 1, 1, 1, 1, 1, 1, 1, 1, 1, 1, 1, 1, 1, 1, 1, 1]",13650.0,739.0,0.21436726827208794,-0.6114337137678488,-0.054488959167710314,-0.23295731524514138,-0.05738860713727523,-0.07412946629464255,-0.16547143701628758,0.030500288512228284,0.1740873916033103,0.0778669440877906,-0.06544171956609646,0.07090034106747711,-0.026172253256940618,0.14199482941539582,0.16413019796925432,-0.1482292857992833,-0.12296996338010098,0.09263075257175206,0.02313302321270807,-0.008431530244752898,-0.039768111103099996,-0.05816090055260583,-0.023487699131707573,-0.016179347188425074,-0.053592719399028974,0.008044419973869708,6.717,0.0,4.0,290.0,0.24099227456940225,16.0,12.0,0.9787234042553191,0.0,15.0,0.0,8.0,7.0,1.05,1.0,1.0,0.0,1.0,3490.0,5300.0,0.35802469135802467,0,34.0,227.0,32658
8464517,2024-12-05 08:31:06+00:00,1,,"[0, 0, 0, 0, 0, 0, 0, 0, 0, 0, 1, 0, 1, 1, 1, 1, 1, 1, 0, 0, 1, 1, 1, 0, 0, 0, 0, 0, 0, 0, 0, 0, 0, 1, 1, 0, 0, 0, 1, 1, 1, 1, 0, 0, 0, 0, 0, 0, 0, 0, 0, 0, 0, 0, 0, 0, 0, 0, 0, 0, 0, 0, 0, 1, 1, 1, 1, 1]",16282.0,16317.0,0.2147068706688288,-0.6114337137678488,-0.054488959167710314,-0.5083517388880758,0.11939328962621384,-0.07412946629464255,0.1880244731129659,-0.03231283449775203,-0.04317344340611509,0.0778669440877906,-0.07791647071836902,0.07090034106747711,-0.026172253256940618,0.47334886807418025,0.28748156146469017,0.13611650753568505,-0.12296996338010098,-0.3012493410357806,0.02313302321270807,-0.008431530244752898,-0.039768111103099996,-0.05816090055260583,-0.023487699131707573,-0.016179347188425074,-0.053592719399028974,-0.0035377154089891926,6.717,0.0,35.0,200.0,0.014705882352941176,2.0,2.0,0.0,0.0,11.0,0.0,9.0,0.0,0.889435157871736,0.0,1.0,1.0,1.0,895.0,5400.0,0.3115942028985507,0,8.0,260.0,48796
8467991,2024-12-07 00:59:33+00:00,1,"[1, 0, 0, 1, 0, 1, 1, 1, 1, 1, 1, 1, 1, 1, 1, 1, 1, 0, 0, 0, 0, 0, 0, 0, 1, 1, 1, 1, 1, 1, 1, 1, 1, 1, 1, 1, 1, 1, 1]","[0, 0, 0, 0, 0, 0, 0, 0, 0, 0, 0, 0, 0, 0, 0, 0, 0, 0, 0, 0, 0, 0, 0, 0, 0, 0, 0, 0, 0, 0, 0, 0, 0, 0, 0, 0, 0, 1, 1, 1, 1, 1, 1, 1, 1, 1, 1, 1, 1, 1, 1, 1, 0, 0, 0, 0, 0, 0, 0, 0, 0, 1, 1, 1, 1, 1, 1, 1, 1, 1, 1, 1, 1, 1, 1, 1, 1, 1, 1, 1, 1]",29005.0,434.0,0.21480274444525516,-0.6114337137678488,-0.054488959167710314,0.2259612567881653,0.11939328962621384,-0.07412946629464255,-0.16547143701628758,-0.03231283449775203,-0.04317344340611509,-0.4142474070967134,0.2659552272166623,-0.0069440649306055586,-0.026172253256940618,0.47334886807418025,-0.03481326916714037,-0.1482292857992833,0.06852539126647902,-0.3012493410357806,-0.08168565936984104,-0.008431530244752898,-0.039768111103099996,-0.05816090055260583,-0.023487699131707573,-0.016179347188425074,0.04095250473658998,0.141236061144545,6.717,0.0,1.0,177.0,0.3492402659069326,27.0,0.0,0.7435897435897436,5.0,41.0,1.0,8.0,2.0,1.2542702702702702,1.0,0.0,1.0,329.0,452.0,5602.0,0.6338452273411623,0,10.0,358.0,22459
8437017,2024-12-02 21:58:04+00:00,1,,,26481.0,16317.0,0.2149178676775389,-0.6114337137678488,-0.054488959167710314,0.004753338369163321,-0.05738860713727523,-0.07412946629464255,0.14385053025774988,-0.03231283449775203,-0.04317344340611509,-0.4142474070967134,0.47611841736311766,0.07090034106747711,-0.026172253256940618,0.08251752792097579,-0.03481326916714037,0.13611650753568505,0.06852539126647902,-0.3012493410357806,0.02313302321270807,-0.008431530244752898,-0.009607996814591997,-0.05816090055260583,-0.023487699131707573,-0.016179347188425074,0.04095250473658998,0.141236061144545,6.717,0.0,2.0,300.0,0.0,4.0,0.0,0.0,4.0,89.0,0.0,9.0,8.0,1.2447003525264395,0.0,0.0,1.0,1.0,2524.0,3840.0,0.0,0,0.0,359.0,15956
8436573,2024-12-02 00:50:59+00:00,1,"[1, 1, 0, 0, 0, 0, 0, 0, 0, 0, 1, 1, 1, 1, 0, 0, 0, 1, 1, 1, 1, 1, 1, 1, 1, 1, 1, 1, 1, 1, 1, 1, 1, 1, 1, 1, 1, 1, 1]","[1, 1, 1, 1, 1, 1]",17483.0,162.0,0.21499071087328517,-0.6114337137678488,-0.054488959167710314,-0.23295731524514138,0.11939328962621384,-0.05564041606933876,-0.14267212177429597,-0.03231283449775203,-0.04317344340611509,0.0778669440877906,-0.07791647071836902,-0.0069440649306055586,-0.026172253256940618,-0.01066169917084148,0.28748156146469017,0.13611650753568505,-0.12296996338010098,-0.3012493410357806,0.02313302321270807,-0.008431530244752898,-0.009607996814591997,0.15904631144217646,-0.023487699131707573,-0.016179347188425074,-0.053592719399028974,-0.018828211620055532,6.717,0.0,4.0,178.0,0.5384615384615384,11.0,4.0,0.717948717948718,0.0,3.0,1.0,4.0,13.0,1.0073753961394412,0.0,1.0,1.0,4.0,2061.0,3986.0,1.0,0,18.0,74.0,61556
8439031,2024-12-03 05:56:44+00:00,1,,,20237.0,16317.0,0.21511080564505036,-0.6114337137678488,-0.054488959167710314,0.004753338369163321,-0.06670879924340213,-0.07412946629464255,0.4194777125113977,-0.03231283449775203,-0.04317344340611509,0.0778669440877906,-0.06544171956609646,0.07090034106747711,-0.026172253256940618,0.021081495765742912,-0.03481326916714037,0.13611650753568505,0.06852539126647902,0.09263075257175206,0.02313302321270807,-0.008431530244752898,-0.009607996814591997,-0.05816090055260583,-0.023487699131707573,-0.016179347188425074,0.006896750883670848,-0.03707202918461854,6.717,0.0,2.0,452.0,0.0,1.0,2.0,0.0,0.0,14.0,0.0,10.0,9.0,1.2453538461538463,0.0,0.0,0.0,1.0,78968.0,3500.0,0.0,0,13.0,291.0,125435
8432676,2024-12-07 01:06:31+00:00,1,"[1, 1, 1, 1, 1, 1, 1, 1, 1, 1, 1, 1, 1, 1, 1, 1, 1, 1, 1, 1, 1, 1, 1, 1, 1, 1, 1, 1, 1, 1]","[1, 1, 1, 1, 1, 1, 1, 1]",24571.0,16317.0,0.21543912504233037,-0.6114337137678488,-0.054488959167710314,0.2259612567881653,-0.05738860713727523,0.22755275636556374,-0.16547143701628758,0.030500288512228284,0.1740873916033103,-0.048236128980226715,-0.07791647071836902,-0.0069440649306055586,-0.026172253256940618,0.021081495765742912,-0.03481326916714037,-0.1482292857992833,-0.12296996338010098,-0.3012493410357806,0.02313302321270807,-0.008431530244752898,-0.039768111103099996,0.15904631144217646,-0.023487699131707573,-0.016179347188425074,0.04095250473658998,-0.018828211620055532,6.717,0.0,1.0,276.0,1.0,15.0,9.0,1.0,3.0,3.0,1.0,10.0,10.0,1.3288086095938565,1.0,1.0,1.0,1.0,78968.0,4813.0,1.0,0,25.0,372.0,62463
8380774,2024-12-05 20:20:28+00:00,0,,"[0, 0, 0, 0, 0, 0, 0, 0, 0, 0, 0, 0, 0, 0, 0, 0, 0, 0, 0, 0, 0, 0, 0, 0, 0, 0, 0, 0, 0, 0, 1, 0, 1, 0, 0, 0, 0, 1, 1, 1, 1, 1, 1, 1, 1, 1, 1, 1, 1, 1, 1, 1, 1, 1, 1, 1, 1, 1, 1, 1, 0, 1, 1, 1, 1, 1, 1, 1, 1, 1, 1, 1, 1, 1]",34441.0,16317.0,0.21600261970891615,-0.6114337137678488,-0.054488959167710314,0.004753338369163321,-0.06670879924340213,-0.07412946629464255,0.14385053025774988,-0.03231283449775203,-0.04317344340611509,-0.048236128980226715,0.2659552272166623,0.07090034106747711,-0.026172253256940618,0.25953741616204173,-0.03481326916714037,0.13611650753568505,-0.12296996338010098,0.09263075257175206,-0.08168565936984104,-0.008431530244752898,-0.039768111103099996,-0.05816090055260583,0.04284707524103316,-0.016179347188425074,-0.053592719399028974,0.141236061144545,6.717,0.0,2.0,305.0,0.013513513513513514,4.0,1.0,0.0,3.0,46.0,0.0,10.0,4.0,1.4829278794402583,0.0,1.0,0.0,329.0,78968.0,5250.0,0.7477477477477478,1,12.0,146.0,7479
8460772,2024-12-04 02:38:24+00:00,1,,,16756.0,16317.0,0.2162276698975981,-0.6114337137678488,-0.054488959167710314,0.004753338369163321,-0.06670879924340213,-0.07412946629464255,-0.043774865933036713,-0.03231283449775203,-0.04317344340611509,0.0778669440877906,-0.07791647071836902,0.07090034106747711,-0.026172253256940618,-0.2062583476798761,0.16413019796925432,0.13611650753568505,0.06852539126647902,0.09263075257175206,0.02313302321270807,-0.008431530244752898,-0.009607996814591997,-0.05816090055260583,-0.023487699131707573,-0.016179347188425074,0.006896750883670848,-0.0035377154089891926,6.717,0.0,2.0,328.0,0.0,7.0,3.0,0.0,0.0,7.0,0.0,10.0,21.0,1.089821138211382,0.0,0.0,0.0,1.0,1227.0,3900.0,0.0,0,24.0,310.0,52287
8472348,2024-12-08 04:52:09+00:00,0,"[0, 0, 1, 1, 1, 1, 1, 1, 1, 1, 1, 1]","[0, 0, 0, 0, 0, 0, 0, 0, 1, 1, 1, 1, 1, 1]",46976.0,970.0,0.2166025483042096,-0.6114337137678488,0.26094868650223196,-0.23295731524514138,0.11939328962621384,-0.07412946629464255,-0.14267212177429597,0.030500288512228284,-0.04317344340611509,0.0778669440877906,-0.06544171956609646,0.07090034106747711,-0.026172253256940618,-0.3292197513569699,-0.03481326916714037,0.13611650753568505,0.06852539126647902,0.09263075257175206,-0.08168565936984104,-0.008431530244752898,-0.039768111103099996,-0.05816090055260583,0.04284707524103316,-0.016179347188425074,-0.053592719399028974,-0.018828211620055532,6.717,10819.0,5.0,188.0,0.3849206349206349,12.0,7.0,0.8333333333333334,0.0,14.0,0.0,9.0,32.0,1.1976035691523264,0.0,0.0,0.0,329.0,78968.0,4500.0,0.6571428571428571,1,29.0,180.0,57132
8470678,2024-12-07 23:57:42+00:00,1,,,12005.0,16317.0,0.2173703165832742,-0.6114337137678488,-0.054488959167710314,0.004753338369163321,-0.06670879924340213,-0.07412946629464255,0.4194777125113977,-0.03231283449775203,-0.04317344340611509,0.0778669440877906,-0.07791647071836902,-0.0069440649306055586,-0.026172253256940618,0.021081495765742912,0.28748156146469017,-0.1482292857992833,0.06852539126647902,-0.3012493410357806,-0.08168565936984104,-0.008431530244752898,-0.009607996814591997,-0.05816090055260583,-0.023487699131707573,-0.016179347188425074,-0.053592719399028974,-0.0035377154089891926,6.717,0.0,2.0,336.0,0.0,1.0,2.0,0.0,0.0,5.0,1.0,10.0,11.0,0.7320121951219513,1.0,0.0,1.0,329.0,78968.0,4235.0,0.0,0,15.0,38.0,49857
8465602,2024-12-06 02:02:24+00:00,1,,,19944.0,16317.0,0.21786056344462326,-0.6114337137678488,-0.054488959167710314,0.2259612567881653,-0.05738860713727523,-0.07412946629464255,-0.16547143701628758,-0.03231283449775203,-0.04317344340611509,0.0778669440877906,-0.07791647071836902,-0.09236929204096728,-0.026172253256940618,0.25953741616204173,-0.03481326916714037,-0.1482292857992833,-0.12296996338010098,0.09263075257175206,0.02313302321270807,-0.008431530244752898,0.08965056778496559,-0.05816090055260583,0.04284707524103316,-0.016179347188425074,-0.053592719399028974,-0.018828211620055532,6.717,1.0,1.0,236.0,0.0,162.0,1.0,0.0,0.0,8.0,99.0,10.0,4.0,1.1528323699421965,1.0,16.0,0.0,1.0,78968.0,2300.0,0.0,1,18.0,25.0,62409
8468470,2024-12-07 02:39:56+00:00,1,"[1, 1, 1, 1, 1, 1, 1, 1, 1, 1, 1]","[0, 1, 1, 1, 1, 1, 1, 1, 1]",20963.0,16317.0,0.2187575272060784,-0.6114337137678488,-0.054488959167710314,-0.1165395030712408,-0.05738860713727523,-0.05564041606933876,-0.16547143701628758,-0.03231283449775203,0.1740873916033103,0.0778669440877906,-0.06544171956609646,0.07090034106747711,-0.026172253256940618,-0.01066169917084148,-0.03481326916714037,0.13611650753568505,0.06852539126647902,-0.3012493410357806,0.02313302321270807,-0.008431530244752898,-0.009607996814591997,0.15904631144217646,-0.023487699131707573,-0.016179347188425074,-0.053592719399028974,0.008044419973869708,6.717,0.0,3.0,291.0,0.5555555555555556,15.0,4.0,1.0,1.0,12.0,0.0,10.0,13.0,1.5528148148148149,0.0,0.0,1.0,1.0,78968.0,3863.0,0.9777777777777777,0,15.0,180.0,32521
8439384,2024-12-03 07:11:31+00:00,1,,"[0, 0, 1, 1, 1, 1, 1, 1, 1, 1, 1, 1, 1, 1, 1, 1, 1, 1, 1, 1, 1, 1, 1, 1]",17187.0,16317.0,0.21907495187362847,-0.6114337137678488,-0.054488959167710314,0.004753338369163321,-0.05738860713727523,-0.07412946629464255,-0.14267212177429597,-0.03231283449775203,-0.04317344340611509,-0.048236128980226715,-0.07791647071836902,0.07090034106747711,-0.026172253256940618,-0.10985411191684905,0.16413019796925432,-0.1482292857992833,0.06852539126647902,0.09263075257175206,0.02313302321270807,-0.008431530244752898,-0.009607996814591997,0.15904631144217646,-0.023487699131707573,-0.016179347188425074,-0.053592719399028974,0.008044419973869708,6.717,0.0,2.0,273.0,0.027682648401826482,10.0,3.0,0.0,3.0,4.0,0.0,10.0,14.0,1.1124271844660194,1.0,0.0,0.0,1.0,78968.0,3958.0,0.99,0,16.0,248.0,29522
8466205,2024-12-06 04:15:05+00:00,1,,,20046.0,16317.0,0.21918666062164446,-0.6114337137678488,-0.054488959167710314,-0.23295731524514138,-0.05738860713727523,-0.07412946629464255,-0.16547143701628758,-0.03231283449775203,-0.04317344340611509,0.0778669440877906,0.2659552272166623,-0.0069440649306055586,-0.026172253256940618,-0.10985411191684905,-0.03481326916714037,-0.1482292857992833,-0.12296996338010098,0.09263075257175206,0.02313302321270807,-0.008431530244752898,0.08965056778496559,-0.05816090055260583,0.04284707524103316,-0.016179347188425074,0.2103895073799279,-0.0035377154089891926,6.717,0.0,4.0,300.0,0.0,14.0,2.0,0.0,0.0,53.0,1.0,10.0,15.0,1.2,1.0,1.0,0.0,1.0,4159.0,2378.0,0.0,1,0.0,486.0,55724
8439023,2024-12-03 05:54:49+00:00,1,,,18757.0,16317.0,0.21919119397420894,-0.6114337137678488,-0.054488959167710314,0.2259612567881653,-0.05738860713727523,-0.07412946629464255,0.01584713069282676,-0.03231283449775203,-0.04317344340611509,0.0778669440877906,-0.07791647071836902,0.07090034106747711,-0.026172253256940618,0.14199482941539582,-0.03481326916714037,-0.1482292857992833,0.06852539126647902,0.09263075257175206,0.02313302321270807,-0.008431530244752898,-0.009607996814591997,-0.05816090055260583,-0.023487699131707573,-0.016179347188425074,-0.053592719399028974,0.008044419973869708,6.717,0.0,1.0,255.0,0.0,5.0,0.0,0.0,0.0,4.0,0.0,10.0,7.0,1.1704836193447739,1.0,0.0,0.0,1.0,1297.0,4100.0,0.0,0,2.0,112.0,32845
8438593,2024-12-03 04:34:00+00:00,1,,"[0, 0, 0, 0, 0, 0, 0, 0, 0, 0, 0, 0, 0, 0, 0, 0, 0, 0, 0, 0, 0, 0, 0, 0, 0, 0, 0, 0, 0, 0, 0, 0, 0, 0, 0, 0, 0, 0, 0, 0, 0, 0, 0, 0, 0, 0, 1, 1, 1, 1, 1, 1]",11021.0,16317.0,0.21920718838074854,-0.6114337137678488,-0.054488959167710314,-0.1165395030712408,-0.05738860713727523,-0.07412946629464255,-0.043774865933036713,-0.03231283449775203,-0.04317344340611509,0.0778669440877906,-0.07791647071836902,0.07090034106747711,-0.026172253256940618,0.27517336419933297,0.28748156146469017,-0.1482292857992833,-0.12296996338010098,0.09263075257175206,0.02313302321270807,-0.008431530244752898,-0.039768111103099996,-0.05816090055260583,-0.023487699131707573,-0.016179347188425074,-0.053592719399028974,-0.018828211620055532,6.717,0.0,3.0,291.0,0.019230769230769232,7.0,3.0,0.0,0.0,4.0,0.0,8.0,3.0,0.8543410852713178,1.0,2.0,0.0,1.0,2060.0,4500.0,0.2155297532656023,0,2.0,142.0,94133
8460472,2024-12-04 01:25:33+00:00,1,"[1, 1, 1, 1, 1, 1, 1, 1, 1, 1, 1, 1, 1]","[0, 0, 0, 0, 0, 0, 0, 0, 0, 0, 0, 0, 0, 0, 0, 0, 0, 0, 0, 0, 0, 0, 0, 0, 0, 0, 0, 0, 0, 0, 0, 0, 0, 0, 0, 0, 0, 0, 0, 0, 0, 0, 0, 0, 0, 0, 0, 0, 0, 0, 0, 0, 0, 0, 0, 0, 0, 0, 0, 0, 0, 0, 0, 0, 0, 0, 0, 0, 0, 0, 0, 0, 0, 0, 0, 0, 1, 1, 1, 0, 1]",10190.0,640.0,0.219267485033264,-0.6114337137678488,-0.054488959167710314,0.004753338369163321,-0.05738860713727523,-0.05564041606933876,-0.16547143701628758,-0.03231283449775203,0.1740873916033103,-0.4142474070967134,-0.06544171956609646,0.07090034106747711,-0.026172253256940618,-0.01066169917084148,0.28748156146469017,0.13611650753568505,0.06852539126647902,-0.3012493410357806,0.02313302321270807,-0.008431530244752898,-0.009607996814591997,-0.05816090055260583,-0.023487699131707573,-0.016179347188425074,0.015592503790590144,-0.018828211620055532,6.717,0.0,2.0,227.0,0.5061728395061729,29.0,0.0,1.0,4.0,13.0,0.0,9.0,12.0,0.9990196078431373,0.0,0.0,1.0,1.0,1192.0,4100.0,0.0948509485094851,0,21.0,333.0,98242
8472224,2024-12-08 04:26:45+00:00,1,"[0, 0, 0, 0, 1, 1, 1, 0, 1, 1, 1, 1, 1, 1, 1, 1, 1, 1, 1, 1, 1, 1, 1, 1, 1]","[0, 0, 0, 0, 1, 1, 1, 1, 1, 1, 1, 1, 1, 1, 1, 1, 1, 1, 1, 1]",28447.0,16317.0,0.2193480197523738,-0.6114337137678488,0.26094868650223196,0.004753338369163321,-0.06670879924340213,0.17561735485816402,-0.16547143701628758,0.030500288512228284,-0.04317344340611509,0.0778669440877906,-0.07791647071836902,-0.09236929204096728,-0.026172253256940618,-0.3292197513569699,-0.03481326916714037,-0.1482292857992833,0.06852539126647902,-0.3012493410357806,-0.08168565936984104,-0.008431530244752898,-0.039768111103099996,0.15904631144217646,-0.023487699131707573,-0.016179347188425074,-0.053592719399028974,0.141236061144545,6.717,259.0,2.0,324.0,0.6144577831132453,14.0,8.0,0.8,1.0,2.0,3.0,10.0,25.0,1.2060968371067582,1.0,0.0,1.0,329.0,78968.0,6833.0,0.9523809523809523,0,2.0,235.0,21
8466968,2024-12-06 07:27:16+00:00,1,,"[0, 0, 0, 0, 0, 0, 0, 0, 0, 0, 1, 1]",13432.0,16317.0,0.2196781415884014,-0.6114337137678488,0.26094868650223196,0.004753338369163321,-0.06670879924340213,-0.07412946629464255,-0.16547143701628758,-0.03231283449775203,-0.04317344340611509,0.0778669440877906,-0.07791647071836902,-0.09236929204096728,-0.026172253256940618,0.021081495765742912,-0.03481326916714037,0.13611650753568505,-0.12296996338010098,0.09263075257175206,0.02313302321270807,-0.008431530244752898,-0.009607996814591997,-0.05816090055260583,-0.023487699131707573,-0.016179347188425074,-0.053592719399028974,-0.03707202918461854,6.717,30371.0,2.0,332.0,0.08333333333333333,162.0,4.0,0.0,0.0,9.0,99.0,9.0,9.0,1.207370786516854,0.0,16.0,0.0,1.0,1047.0,3813.0,0.2948717948717949,0,21.0,99.0,106517
8472148,2024-12-08 04:12:38+00:00,1,,,45000.0,16317.0,0.21995830277262354,-0.6114337137678488,-0.054488959167710314,-0.1165395030712408,-0.05738860713727523,-0.07412946629464255,0.1880244731129659,-0.03231283449775203,-0.04317344340611509,0.0778669440877906,-0.06544171956609646,0.07090034106747711,-0.026172253256940618,0.021081495765742912,-0.03481326916714037,0.13611650753568505,0.06852539126647902,0.09263075257175206,-0.08168565936984104,-0.008431530244752898,0.04544625733308562,-0.05816090055260583,0.04284707524103316,-0.016179347188425074,-0.053592719399028974,0.141236061144545,6.717,0.0,3.0,285.0,0.0,2.0,1.0,0.0,0.0,13.0,0.0,10.0,9.0,1.6,0.0,0.0,0.0,329.0,78968.0,2576.0,0.0,1,5.0,71.0,0
8471268,2024-12-08 01:33:58+00:00,1,,"[0, 0, 0, 0, 0, 0, 0, 0, 1, 0, 0, 1, 1, 0, 0, 0, 0, 0, 0, 0, 1, 1, 0, 1, 1, 1, 1, 1, 1, 0, 0, 0, 0, 0, 0, 1, 1, 0, 1, 1, 0, 0, 0, 1, 1, 1, 1]",18552.0,16317.0,0.22017134703291036,-0.6114337137678488,-0.054488959167710314,0.004753338369163321,-0.05738860713727523,-0.07412946629464255,-0.043774865933036713,-0.03231283449775203,-0.04317344340611509,0.0778669440877906,0.035324081286162975,-0.09236929204096728,-0.026172253256940618,-0.01066169917084148,0.16413019796925432,-0.1482292857992833,-0.12296996338010098,0.09263075257175206,0.02313302321270807,-0.008431530244752898,-0.039768111103099996,-0.05816090055260583,-0.023487699131707573,-0.016179347188425074,0.2103895073799279,-0.03707202918461854,6.717,0.0,2.0,288.0,0.02127659574468085,8.0,5.0,0.0,0.0,24.0,6.0,10.0,12.0,1.1175903614457832,1.0,4.0,0.0,1.0,1995.0,5000.0,0.5053191489361702,0,2.0,443.0,98865
8439291,2024-12-03 06:51:51+00:00,1,,,30151.0,16317.0,0.22025854144918983,-0.6114337137678488,0.26094868650223196,-0.1165395030712408,-0.05738860713727523,-0.07412946629464255,-0.14267212177429597,-0.03231283449775203,-0.04317344340611509,-0.048236128980226715,-0.07791647071836902,-0.0069440649306055586,-0.026172253256940618,-0.10985411191684905,0.16413019796925432,-0.1482292857992833,-0.12296996338010098,0.09263075257175206,0.02313302321270807,-0.008431530244752898,-0.039768111103099996,-0.05816090055260583,-0.023487699131707573,-0.016179347188425074,-0.053592719399028974,0.141236061144545,6.717,140.0,3.0,254.0,0.0,9.0,3.0,0.0,3.0,3.0,1.0,10.0,14.0,1.1047964530431278,1.0,1.0,0.0,1.0,1965.0,4733.0,0.0,0,6.0,155.0,10
8465588,2024-12-06 01:59:11+00:00,1,,,35617.0,16317.0,0.2207119884131064,-0.6114337137678488,0.26094868650223196,0.2259612567881653,-0.06670879924340213,-0.07412946629464255,-0.16547143701628758,-0.03231283449775203,-0.04317344340611509,0.0778669440877906,-0.07791647071836902,-0.09236929204096728,-0.026172253256940618,0.14199482941539582,-0.03481326916714037,-0.1482292857992833,-0.12296996338010098,0.09263075257175206,-0.08168565936984104,-0.008431530244752898,-0.039768111103099996,-0.05816090055260583,0.04284707524103316,-0.016179347188425074,-0.053592719399028974,-0.018828211620055532,6.717,286.0,1.0,325.0,0.0,162.0,2.0,0.0,0.0,5.0,99.0,10.0,6.0,1.4133730158730158,1.0,16.0,0.0,329.0,78968.0,6000.0,0.0,1,10.0,10.0,86408
8470934,2024-12-08 00:38:35+00:00,1,"[1, 1, 1, 1, 1, 1, 1, 1, 1, 1, 1, 1, 1, 1, 1, 1, 1, 1, 1, 1, 1, 1]","[0, 0, 0, 0, 0, 0, 0, 0, 0, 0, 0, 0, 0, 0, 0, 0, 0, 0, 0, 0, 0, 0, 0, 0, 0, 0, 0, 0, 0, 0, 0, 0, 0, 0, 0, 0, 0, 0, 0, 0, 1, 1, 1, 0, 0, 1, 0, 1, 1, 1, 1, 1, 1, 1, 0, 0, 1, 1, 1, 1]",59863.0,427.0,0.22075835966863325,-0.6114337137678488,-0.054488959167710314,0.004753338369163321,0.41236787050388063,-0.05564041606933876,-0.16547143701628758,-0.03231283449775203,0.1740873916033103,0.0778669440877906,-0.09921592132150975,-0.09236929204096728,-0.026172253256940618,-0.01066169917084148,-0.03481326916714037,-0.1482292857992833,-0.12296996338010098,-0.3012493410357806,0.02313302321270807,-0.008431530244752898,-0.039768111103099996,-0.05816090055260583,-0.023487699131707573,-0.016179347188425074,-0.053592719399028974,0.008044419973869708,6.717,0.0,2.0,70.0,0.5268939393939394,162.0,3.0,1.0,1.0,1.0,99.0,9.0,13.0,1.3002106817836276,1.0,16.0,1.0,1.0,12267.0,8286.099999999991,0.4169398907103825,0,32.0,270.0,41816
8437643,2024-12-03 01:11:31+00:00,1,,,26008.0,16317.0,0.22089964373500237,-0.6114337137678488,-0.054488959167710314,0.2259612567881653,-0.05738860713727523,-0.07412946629464255,-0.043774865933036713,-0.03231283449775203,-0.04317344340611509,0.0778669440877906,-0.07791647071836902,-0.0069440649306055586,-0.026172253256940618,-0.01066169917084148,0.16413019796925432,-0.1482292857992833,-0.12296996338010098,0.09263075257175206,-0.08168565936984104,-0.008431530244752898,-0.009607996814591997,-0.05816090055260583,-0.023487699131707573,-0.016179347188425074,0.04095250473658998,0.141236061144545,6.717,0.0,1.0,279.0,0.0,8.0,1.0,0.0,0.0,3.0,1.0,10.0,13.0,1.0482869810560258,1.0,1.0,0.0,329.0,78968.0,4000.0,0.0,0,13.0,356.0,3
8460983,2024-12-04 03:25:27+00:00,1,,"[0, 0, 0, 0, 0, 0, 0, 0, 0, 0, 0, 1, 0, 1, 0, 1, 1, 1, 1, 1, 1, 1, 1, 1, 1, 1, 1, 1, 1, 1, 1, 1, 1, 1, 1, 1, 1, 1, 1]",33635.0,16317.0,0.22093807544473465,-0.6114337137678488,-0.054488959167710314,0.2259612567881653,-0.05738860713727523,0.17561735485816402,-0.16547143701628758,0.030500288512228284,-0.04317344340611509,-0.048236128980226715,0.035324081286162975,0.07090034106747711,-0.026172253256940618,-0.01066169917084148,-0.03481326916714037,0.13611650753568505,0.06852539126647902,0.09263075257175206,-0.08168565936984104,-0.008431530244752898,-0.039768111103099996,-0.05484988672575293,-0.023487699131707573,-0.016179347188425074,-0.053592719399028974,0.008044419973869708,6.717,0.0,1.0,273.0,0.6397435897435897,31.0,11.0,0.0,3.0,21.0,0.0,9.0,12.0,1.3287113850043455,0.0,0.0,0.0,329.0,7454.0,8286.099999999991,0.8794871794871795,0,11.0,244.0,30200
8437454,2024-12-03 00:25:23+00:00,1,,"[0, 0, 0, 0, 0, 0, 0, 0, 0, 0, 0, 0, 0, 0, 0, 0, 0, 0, 0, 0, 0, 0, 0, 1, 1, 1, 1, 0, 1, 0, 1]",19634.0,16317.0,0.2212192179483003,-0.6114337137678488,-0.054488959167710314,-0.23295731524514138,-0.06670879924340213,-0.07412946629464255,-0.16547143701628758,-0.03231283449775203,-0.04317344340611509,0.0778669440877906,-0.07791647071836902,-0.0069440649306055586,-0.026172253256940618,0.14199482941539582,0.16413019796925432,0.13611650753568505,0.06852539126647902,0.09263075257175206,0.02313302321270807,-0.008431530244752898,-0.009607996814591997,-0.05816090055260583,-0.023487699131707573,-0.016179347188425074,-0.053592719399028974,-0.018828211620055532,6.717,0.0,4.0,306.0,0.03225806451612903,14.0,1.0,0.0,0.0,5.0,1.0,9.0,7.0,1.0402119205298013,0.0,0.0,0.0,1.0,78968.0,4000.0,0.32661290322580644,0,4.0,73.0,67055
8467673,2024-12-06 23:51:06+00:00,1,,,17475.0,16317.0,0.22123514603538857,-0.6114337137678488,-0.054488959167710314,0.004753338369163321,-0.06670879924340213,-0.07412946629464255,0.01584713069282676,-0.03231283449775203,-0.04317344340611509,0.0778669440877906,-0.07791647071836902,-0.0069440649306055586,-0.026172253256940618,-0.15334582495827825,-0.03481326916714037,-0.1482292857992833,0.06852539126647902,0.09263075257175206,0.02313302321270807,0.12181209640599021,0.08965056778496559,-0.05816090055260583,0.04284707524103316,-0.016179347188425074,-0.053592719399028974,-0.0035377154089891926,6.717,0.0,2.0,371.0,0.0,5.0,2.0,0.0,0.0,5.0,1.0,10.0,17.0,1.2071704890853827,1.0,0.0,0.0,1.0,280.0,1500.0,0.0,1,11.0,63.0,53087
8470981,2024-12-08 00:47:18+00:00,1,,,10028.0,16317.0,0.22127868443777157,-0.6114337137678488,0.26094868650223196,0.2259612567881653,-0.06670879924340213,-0.07412946629464255,-0.16547143701628758,0.030500288512228284,-0.04317344340611509,-0.048236128980226715,-0.07791647071836902,-0.09236929204096728,-0.026172253256940618,-0.01066169917084148,-0.03481326916714037,-0.1482292857992833,-0.12296996338010098,-0.3012493410357806,0.02313302321270807,-0.008431530244752898,-0.009607996814591997,-0.05816090055260583,-0.023487699131707573,-0.016179347188425074,0.2103895073799279,-0.018828211620055532,6.717,627.0,1.0,326.0,0.0,19.0,7.0,0.0,3.0,2.0,6.0,10.0,13.0,1.2342153846153847,1.0,4.0,1.0,1.0,391.0,4268.0,0.0,0,7.0,469.0,80616
8439175,2024-12-03 06:25:36+00:00,1,,"[0, 0, 0, 0, 0, 0, 0, 0, 0, 0, 0, 0, 0, 0, 0, 0, 0, 0, 0, 0, 0, 0, 0, 0, 0, 0, 0, 0, 0, 0, 0, 0, 0, 0, 0, 0, 0, 0, 1, 1, 1, 1, 1, 1, 1, 0, 1, 1, 1, 1, 1, 1, 1, 1, 1]",23074.0,16317.0,0.2214567773179915,-0.6114337137678488,-0.054488959167710314,0.004753338369163321,-0.06670879924340213,-0.07412946629464255,0.1880244731129659,0.030500288512228284,-0.04317344340611509,0.0778669440877906,-0.07791647071836902,0.07090034106747711,-0.026172253256940618,0.021081495765742912,-0.03481326916714037,-0.1482292857992833,0.06852539126647902,0.09263075257175206,0.02313302321270807,-0.008431530244752898,-0.039768111103099996,-0.05816090055260583,-0.023487699131707573,0.22505449144967976,-0.053592719399028974,-0.018828211620055532,6.717,16.0,2.0,341.0,0.01818181818181818,2.0,7.0,0.0,0.0,2.0,0.0,10.0,10.0,1.1817669654289373,1.0,0.0,0.0,7.0,757.0,5668.0,0.488961038961039,0,57.0,289.0,74153
8468914,2024-12-07 04:03:59+00:00,1,,,14005.0,16317.0,0.22155417029715588,-0.6114337137678488,-0.054488959167710314,0.004753338369163321,-0.06670879924340213,-0.07412946629464255,-0.043774865933036713,-0.03231283449775203,-0.04317344340611509,0.0778669440877906,-0.07791647071836902,-0.0069440649306055586,-0.026172253256940618,0.47334886807418025,0.28748156146469017,-0.1482292857992833,-0.12296996338010098,-0.3012493410357806,0.02313302321270807,-0.008431530244752898,-0.039768111103099996,-0.05816090055260583,-0.023487699131707573,-0.016179347188425074,-0.053592719399028974,-0.0035377154089891926,6.717,0.0,2.0,591.0,0.0,8.0,0.0,0.0,0.0,3.0,1.0,10.0,2.0,0.8539634146341464,1.0,1.0,1.0,33.0,78968.0,8286.099999999991,0.0,0,0.0,228.0,49857
8437628,2024-12-03 01:06:19+00:00,1,,,20783.0,16317.0,0.22172955645809486,-0.6114337137678488,-0.054488959167710314,0.004753338369163321,-0.06670879924340213,-0.07412946629464255,0.1880244731129659,-0.03231283449775203,-0.04317344340611509,0.0778669440877906,-0.09921592132150975,-0.09236929204096728,-0.026172253256940618,0.021081495765742912,0.16413019796925432,0.13611650753568505,0.06852539126647902,0.09263075257175206,-0.08168565936984104,-0.008431530244752898,-0.039768111103099996,-0.05816090055260583,-0.023487699131707573,-0.016179347188425074,-0.053592719399028974,-0.018828211620055532,6.717,0.0,2.0,317.0,0.0,2.0,1.0,0.0,0.0,1.0,2.0,10.0,9.0,1.1113903743315507,0.0,0.0,0.0,329.0,78968.0,5156.0,0.0,0,12.0,23.0,63634
8466446,2024-12-06 05:08:50+00:00,1,,,13370.0,16317.0,0.22175764919142296,-0.6114337137678488,-0.054488959167710314,-0.1165395030712408,-0.05738860713727523,-0.07412946629464255,0.1880244731129659,-0.03231283449775203,-0.04317344340611509,0.0778669440877906,-0.07791647071836902,0.07090034106747711,-0.026172253256940618,0.14199482941539582,0.16413019796925432,-0.1482292857992833,0.06852539126647902,0.09263075257175206,-0.08168565936984104,-0.008431530244752898,-0.009607996814591997,-0.05816090055260583,-0.023487699131707573,-0.016179347188425074,-0.053592719399028974,-0.018828211620055532,6.717,0.0,3.0,278.0,0.0,2.0,0.0,0.0,0.0,5.0,0.0,10.0,6.0,1.0364341085271318,1.0,0.0,0.0,329.0,78968.0,3500.0,0.0,0,2.0,24.0,94133
8472223,2024-12-08 04:26:08+00:00,1,"[0, 0, 0, 0, 0, 1, 0, 0, 0, 1, 0, 0, 1, 0, 0, 1, 0, 1, 1, 0, 1, 1, 1, 1, 1, 1]","[0, 0, 0, 0, 0, 0, 0, 0, 0, 1, 1, 1, 1, 1, 1, 1, 1, 1]",20608.0,541.0,0.22193583222155855,-0.6114337137678488,-0.054488959167710314,0.004753338369163321,-0.05738860713727523,-0.07412946629464255,-0.043774865933036713,0.030500288512228284,-0.04317344340611509,0.0778669440877906,-0.07791647071836902,-0.0069440649306055586,-0.026172253256940618,-0.01066169917084148,0.16413019796925432,-0.1482292857992833,0.06852539126647902,0.09263075257175206,-0.08168565936984104,-0.008431530244752898,-0.009607996814591997,-0.05816090055260583,-0.023487699131707573,-0.016179347188425074,-0.053592719399028974,0.008044419973869708,6.717,0.0,2.0,264.0,0.04700854700854701,7.0,11.0,0.46153846153846156,0.0,11.0,1.0,4.0,13.0,1.0961702127659574,1.0,0.0,0.0,329.0,1155.0,4034.0,0.7368421052631579,0,17.0,251.0,29641
8432801,2024-12-05 06:09:14+00:00,1,[],"[0, 0, 0, 0, 1, 0, 1, 0, 0, 0, 0, 1, 1, 1, 0, 0, 0, 1, 1, 0, 0, 0, 1, 0, 0, 0, 0, 1, 1, 1, 1, 0, 0, 1, 1]",33887.0,217.0,0.2222338528118413,-0.6114337137678488,-0.054488959167710314,0.2259612567881653,-0.06670879924340213,-0.07412946629464255,-0.043774865933036713,-0.03231283449775203,-0.04317344340611509,0.0778669440877906,-0.07791647071836902,-0.0069440649306055586,-0.026172253256940618,0.27517336419933297,-0.03481326916714037,-0.1482292857992833,0.06852539126647902,0.09263075257175206,0.02313302321270807,-0.008431530244752898,-0.039768111103099996,-0.05816090055260583,-0.023487699131707573,-0.016179347188425074,-0.053592719399028974,-0.0035377154089891926,6.717,0.0,1.0,350.0,0.28394551368934673,8.0,6.0,0.0,1.0,2.0,1.0,10.0,3.0,1.17970409051349,1.0,0.0,0.0,1.0,78968.0,6131.0,0.473015873015873,0,2.0,144.0,52663
8471030,2024-12-08 00:56:25+00:00,0,,[],11241.0,16317.0,0.22225942806529414,-0.6114337137678488,-0.054488959167710314,0.2259612567881653,-0.06670879924340213,-0.07412946629464255,-0.16547143701628758,-0.03231283449775203,-0.04317344340611509,-0.048236128980226715,-0.06544171956609646,-0.09236929204096728,-0.026172253256940618,0.08251752792097579,0.28748156146469017,0.13611650753568505,-0.12296996338010098,-0.3012493410357806,0.02313302321270807,-0.008431530244752898,-0.009607996814591997,-0.05816090055260583,0.04284707524103316,-0.016179347188425074,0.006896750883670848,-0.018828211620055532,6.717,0.0,1.0,479.0,0.0,17.0,1.0,0.0,3.0,19.0,4.0,10.0,8.0,1.0127027027027027,0.0,1.0,1.0,1.0,2118.0,3600.0,0.0,1,2.0,296.0,96472
8464450,2024-12-05 07:53:20+00:00,1,,,26907.0,16317.0,0.22338606231618655,-0.6114337137678488,-0.054488959167710314,-0.1165395030712408,-0.05738860713727523,-0.07412946629464255,-0.16547143701628758,-0.03231283449775203,-0.04317344340611509,0.0778669440877906,-0.06544171956609646,-0.09236929204096728,-0.026172253256940618,0.021081495765742912,0.28748156146469017,-0.1482292857992833,-0.12296996338010098,0.09263075257175206,0.02313302321270807,-0.008431530244752898,-0.039768111103099996,-0.05816090055260583,-0.023487699131707573,-0.016179347188425074,0.04095250473658998,0.141236061144545,6.717,0.0,3.0,299.0,0.0,20.0,0.0,0.0,1.0,14.0,5.0,10.0,10.0,0.9500388390650378,1.0,2.0,0.0,1.0,420.0,5000.0,0.0,0,0.0,356.0,25
8472726,2024-12-08 06:31:31+00:00,1,,,25040.0,16317.0,0.2234097871982917,-0.6114337137678488,-0.054488959167710314,0.004753338369163321,-0.05738860713727523,-0.07412946629464255,0.4194777125113977,-0.03231283449775203,-0.04317344340611509,0.0778669440877906,-0.06544171956609646,0.07090034106747711,-0.026172253256940618,0.021081495765742912,-0.03481326916714037,0.13611650753568505,0.06852539126647902,0.09263075257175206,0.02313302321270807,-0.008431530244752898,-0.039768111103099996,-0.05816090055260583,0.04284707524103316,-0.016179347188425074,-0.053592719399028974,-0.03707202918461854,6.717,0.0,2.0,286.0,0.0,1.0,0.0,0.0,0.0,16.0,0.0,10.0,10.0,1.319631093544137,0.0,0.0,0.0,1.0,78968.0,5833.0,0.0,1,1.0,242.0,110593
8419724,2024-12-03 22:02:36+00:00,1,,,22146.0,16317.0,0.22368271257634287,-0.6114337137678488,0.23990797722314114,-0.1165395030712408,-0.06670879924340213,-0.07412946629464255,0.01584713069282676,-0.03231283449775203,-0.04317344340611509,0.0778669440877906,-0.06544171956609646,-0.0069440649306055586,-0.026172253256940618,-0.01066169917084148,0.16413019796925432,-0.1482292857992833,0.06852539126647902,-0.3012493410357806,-0.08168565936984104,-0.008431530244752898,-0.039768111103099996,-0.05816090055260583,-0.023487699131707573,-0.016179347188425074,-0.053592719399028974,-0.0035377154089891926,6.717,28.0,3.0,363.0,0.0,6.0,1.0,0.0,0.0,13.0,1.0,10.0,12.0,1.0829339853300735,1.0,0.0,1.0,329.0,536.0,5207.0,0.0,0,4.0,114.0,56778
8466294,2024-12-06 04:33:44+00:00,0,,,12395.0,16317.0,0.2237450740442325,-0.6114337137678488,-0.054488959167710314,0.2259612567881653,-0.05738860713727523,-0.07412946629464255,0.01584713069282676,-0.03231283449775203,-0.04317344340611509,-0.048236128980226715,-0.06544171956609646,-0.0069440649306055586,-0.026172253256940618,0.25953741616204173,-0.03481326916714037,0.13611650753568505,-0.12296996338010098,0.09263075257175206,-0.08168565936984104,-0.008431530244752898,0.08965056778496559,-0.05816090055260583,0.04284707524103316,-0.016179347188425074,-0.053592719399028974,-0.03707202918461854,6.717,0.0,1.0,287.0,0.0,5.0,4.0,0.0,3.0,13.0,1.0,10.0,4.0,1.484431137724551,0.0,1.0,0.0,329.0,1653.0,0.0,0.0,1,11.0,108.0,99508
8439546,2024-12-03 08:15:14+00:00,1,,"[0, 0, 0, 1, 1, 1, 1, 1, 1, 1, 1, 1, 1, 1, 0, 1, 1, 1, 1, 1, 1, 1, 1, 1, 1, 1, 1]",22923.0,16317.0,0.2237743636359995,-0.6114337137678488,-0.054488959167710314,-0.1165395030712408,-0.05738860713727523,-0.07412946629464255,-0.043774865933036713,-0.03231283449775203,-0.04317344340611509,0.0778669440877906,-0.06544171956609646,0.07090034106747711,-0.026172253256940618,0.021081495765742912,0.16413019796925432,-0.1482292857992833,-0.12296996338010098,0.09263075257175206,0.02313302321270807,-0.008431530244752898,-0.009607996814591997,0.15904631144217646,-0.023487699131707573,-0.016179347188425074,0.015592503790590144,-0.018828211620055532,6.717,0.0,3.0,298.0,0.037037037037037035,8.0,1.0,0.0,0.0,13.0,0.0,10.0,10.0,1.1114181818181819,1.0,1.0,0.0,1.0,6083.0,4000.0,0.9444444444444444,0,11.0,322.0,63258
8468104,2024-12-07 01:24:00+00:00,1,,,18579.0,16317.0,0.2243155250047087,-0.6114337137678488,-0.054488959167710314,0.004753338369163321,-0.06670879924340213,-0.07412946629464255,-0.16547143701628758,-0.03231283449775203,-0.04317344340611509,0.0778669440877906,-0.09921592132150975,-0.09236929204096728,-0.026172253256940618,0.20995636990242048,0.16413019796925432,0.13611650753568505,-0.12296996338010098,0.09263075257175206,0.02313302321270807,-0.008431530244752898,-0.009607996814591997,-0.05816090055260583,-0.023487699131707573,-0.016179347188425074,-0.053592719399028974,0.008044419973869708,6.717,0.0,2.0,600.0,0.0,162.0,0.0,0.0,0.0,0.0,99.0,10.0,5.0,1.0541276595744682,0.0,16.0,0.0,32.0,78968.0,3700.0,0.0,0,0.0,42.0,45005
8468726,2024-12-07 03:27:58+00:00,1,,,12704.0,16317.0,0.22436185276631151,-0.6114337137678488,-0.054488959167710314,-0.23295731524514138,0.11939328962621384,-0.07412946629464255,-0.16547143701628758,-0.03231283449775203,-0.04317344340611509,0.0778669440877906,-0.06544171956609646,-0.09236929204096728,-0.026172253256940618,-0.3292197513569699,0.28748156146469017,-0.1482292857992833,0.06852539126647902,0.09263075257175206,0.02313302321270807,-0.008431530244752898,-0.009607996814591997,-0.05816090055260583,-0.023487699131707573,-0.016179347188425074,-0.053592719399028974,-0.018828211620055532,6.717,0.0,5.0,207.0,0.0,16.0,2.0,0.0,0.0,17.0,3.0,10.0,27.0,0.941037037037037,1.0,0.0,0.0,1.0,78968.0,3800.0,0.0,0,6.0,210.0,84235
8464019,2024-12-05 05:42:11+00:00,1,"[1, 1, 1, 1, 1, 1, 1, 1]","[1, 1, 1]",45000.0,509.0,0.22444016392459584,-0.6114337137678488,0.26094868650223196,-0.5083517388880758,-0.06670879924340213,0.22755275636556374,-0.16547143701628758,-0.03231283449775203,0.1740873916033103,-0.048236128980226715,-0.07791647071836902,-0.0069440649306055586,0.13238330771477913,-0.3292197513569699,-0.03481326916714037,-0.1482292857992833,0.06852539126647902,-0.3012493410357806,0.02313302321270807,-0.008431530244752898,-0.039768111103099996,0.15904631144217646,-0.023487699131707573,-0.016179347188425074,0.015592503790590144,0.141236061144545,6.717,3000.0,7.0,326.0,1.0,37.0,2.0,1.0,2.0,3.0,1.0,1.0,29.0,1.6,1.0,0.0,1.0,1.0,1911.0,5075.0,1.0,0,29.0,344.0,0
8436668,2024-12-02 03:13:03+00:00,0,,,24782.0,16317.0,0.2244960778963743,-0.6114337137678488,-0.054488959167710314,0.2259612567881653,-0.06670879924340213,-0.07412946629464255,0.4194777125113977,-0.03231283449775203,-0.04317344340611509,-0.4142474070967134,0.035324081286162975,0.07090034106747711,-0.026172253256940618,0.27517336419933297,0.28748156146469017,-0.1482292857992833,-0.12296996338010098,-0.3012493410357806,-0.08168565936984104,-0.008431530244752898,-0.009607996814591997,-0.05816090055260583,0.04284707524103316,-0.016179347188425074,-0.053592719399028974,0.141236061144545,6.717,0.0,1.0,401.0,0.0,0.0,1.0,0.0,5.0,25.0,0.0,10.0,3.0,0.926429906542056,1.0,1.0,1.0,329.0,78968.0,3400.0,0.0,1,5.0,24.0,19386
8467393,2024-12-06 22:34:26+00:00,1,"[1, 1, 1, 1, 1, 1]",,28081.0,548.0,0.22452945480123807,-0.6114337137678488,-0.054488959167710314,-0.23295731524514138,-0.05738860713727523,0.22755275636556374,-0.16547143701628758,-0.03231283449775203,0.1740873916033103,0.0778669440877906,-0.07791647071836902,-0.0069440649306055586,-0.026172253256940618,-0.46958011525157795,0.28748156146469017,-0.1482292857992833,-0.12296996338010098,0.09263075257175206,0.02313302321270807,-0.008431530244752898,-0.039768111103099996,-0.05816090055260583,-0.023487699131707573,-0.016179347188425074,-0.053592719399028974,0.141236061144545,6.717,0.0,5.0,261.0,0.7972972972972974,33.0,2.0,1.0,1.0,4.0,1.0,10.0,53.0,1.0218332666205743,1.0,1.0,0.0,1.0,78968.0,6667.0,0.0,0,4.0,284.0,12
8469613,2024-12-07 06:26:30+00:00,1,,"[0, 0, 0, 0, 1, 0, 0, 0, 0, 1, 0, 0, 0, 0, 1, 1, 0, 0, 0, 0, 0, 0, 0, 0, 0, 0, 0, 0, 0, 0, 0, 0, 0, 1, 1, 1, 1, 1, 1, 1, 1]",22586.0,16317.0,0.22461197167242533,-0.6114337137678488,-0.054488959167710314,0.004753338369163321,0.11939328962621384,-0.05564041606933876,-0.16547143701628758,-0.03231283449775203,-0.04317344340611509,-0.048236128980226715,0.2659552272166623,-0.09236929204096728,-0.026172253256940618,0.14199482941539582,-0.03481326916714037,0.13611650753568505,-0.12296996338010098,0.09263075257175206,-0.08168565936984104,-0.008431530244752898,-0.039768111103099996,-0.05816090055260583,-0.023487699131707573,-0.016179347188425074,0.006896750883670848,0.008044419973869708,6.717,0.0,2.0,161.0,0.5121951219512195,28.0,5.0,0.0,3.0,35.0,2.0,9.0,6.0,1.2495712309820193,0.0,1.0,0.0,329.0,1390.0,5809.0,0.40185830429732866,0,28.0,310.0,43480
8467426,2024-12-07 01:02:52+00:00,1,,"[0, 0, 0, 0, 0, 0, 0, 0, 0, 0, 0, 0, 0, 0, 0, 0, 1, 0, 0, 1, 1, 1, 1, 1, 1, 1, 1, 1, 1, 1, 1, 1, 1, 1, 1, 1, 1, 1, 1, 1, 1, 1, 1, 1, 1]",15468.0,16317.0,0.22512302319609656,-0.6114337137678488,-0.054488959167710314,-0.23295731524514138,-0.06670879924340213,0.17561735485816402,-0.14267212177429597,0.030500288512228284,-0.04317344340611509,0.0778669440877906,-0.07791647071836902,-0.09236929204096728,-0.026172253256940618,-0.01066169917084148,0.28748156146469017,-0.1482292857992833,-0.12296996338010098,0.09263075257175206,0.02313302321270807,-0.008431530244752898,-0.009607996814591997,-0.05484988672575293,-0.023487699131707573,-0.016179347188425074,-0.053592719399028974,-0.018828211620055532,6.717,0.0,4.0,354.0,0.674074074074074,12.0,9.0,0.0,0.0,4.0,2.0,9.0,12.0,0.96675,1.0,1.0,0.0,1.0,3372.0,3555.0,0.8328502415458937,0,5.0,189.0,94531
8460088,2024-12-03 23:57:01+00:00,1,,"[0, 0, 0, 0, 0, 0, 0, 0, 0, 0, 0, 0, 0, 0, 0, 0, 0, 0, 0, 0, 0, 0, 0, 0, 1, 1, 1, 1, 1, 1, 1, 1, 1, 1, 1, 1, 1, 1, 1]",45000.0,16317.0,0.22549664278354833,-0.6114337137678488,-0.054488959167710314,0.004753338369163321,-0.06670879924340213,-0.07412946629464255,0.1880244731129659,-0.03231283449775203,-0.04317344340611509,0.0778669440877906,-0.07791647071836902,0.07090034106747711,-0.026172253256940618,0.25953741616204173,-0.03481326916714037,0.13611650753568505,-0.12296996338010098,0.09263075257175206,0.02313302321270807,-0.008431530244752898,-0.009607996814591997,-0.05816090055260583,-0.023487699131707573,-0.016179347188425074,-0.053592719399028974,0.141236061144545,6.717,0.0,2.0,551.0,0.02564102564102564,2.0,1.0,0.0,0.0,3.0,0.0,9.0,4.0,1.6,0.0,1.0,0.0,1.0,78968.0,3500.0,0.6153846153846154,0,2.0,114.0,0
8463339,2024-12-05 03:07:36+00:00,1,"[0, 0, 0, 0, 0, 0, 0, 0, 0, 0, 1, 1, 1, 1, 1, 0, 0, 1, 1, 1, 1, 1, 1, 0, 0, 0, 1, 0, 0, 1, 1, 0, 1, 1, 1, 1, 1, 1, 1, 1, 1, 0, 1, 0, 1, 1, 1, 1, 1, 1, 1]",,40000.0,453.0,0.22579121252484471,-0.6114337137678488,-0.054488959167710314,0.2259612567881653,-0.05738860713727523,-0.07412946629464255,-0.043774865933036713,-0.03231283449775203,-0.04317344340611509,0.0778669440877906,-0.06544171956609646,-0.09236929204096728,-0.026172253256940618,0.021081495765742912,0.28748156146469017,-0.1482292857992833,-0.12296996338010098,-0.3012493410357806,0.02313302321270807,-0.008431530244752898,-0.039768111103099996,-0.05816090055260583,-0.023487699131707573,-0.016179347188425074,-0.053592719399028974,0.141236061144545,6.717,0.0,1.0,224.0,0.0196078431372549,7.0,4.0,0.6078431372549019,0.0,17.0,2.0,5.0,10.0,0.8768084173608066,1.0,1.0,1.0,1.0,1205.0,8286.099999999991,0.0,0,24.0,214.0,15
8438416,2024-12-03 03:56:51+00:00,1,[],"[1, 1, 1, 1, 1, 1, 1, 1, 1, 1, 1, 1, 1, 1, 1, 1, 1, 1, 1, 1, 1, 1, 1, 1, 1, 1, 1, 1, 1, 1, 1, 1, 1, 1, 0]",13762.0,335.0,0.22584657903760194,-0.6114337137678488,-0.054488959167710314,0.004753338369163321,-0.06670879924340213,0.22755275636556374,-0.043774865933036713,-0.03231283449775203,-0.04317344340611509,0.0778669440877906,-0.07791647071836902,0.07090034106747711,0.13238330771477913,-0.15334582495827825,-0.03481326916714037,0.13611650753568505,0.06852539126647902,0.09263075257175206,-0.08168565936984104,-0.008431530244752898,-0.009607996814591997,0.15904631144217646,0.04284707524103316,-0.016179347188425074,-0.053592719399028974,-0.03707202918461854,6.717,0.0,2.0,398.0,1.0,8.0,2.0,0.0,0.0,2.0,0.0,1.0,19.0,1.2454298642533936,0.0,0.0,0.0,329.0,1614.0,3755.0,0.9444444444444444,1,0.0,270.0,100872
8465166,2024-12-06 00:23:41+00:00,1,"[0, 0, 0, 0, 0, 0, 0, 0, 0, 0, 0, 0, 0, 0, 0, 0, 0, 0, 0, 0, 0, 0, 0, 0, 0, 1, 1, 1, 1, 1, 1, 1, 1]",,23076.0,16317.0,0.2258562802113336,-0.6114337137678488,-0.054488959167710314,0.2259612567881653,-0.06670879924340213,-0.07412946629464255,0.01584713069282676,-0.03231283449775203,-0.04317344340611509,-0.4142474070967134,0.08779149858909129,0.07090034106747711,-0.026172253256940618,0.20995636990242048,0.16413019796925432,0.13611650753568505,0.06852539126647902,-0.3012493410357806,0.02313302321270807,-0.008431530244752898,-0.039768111103099996,-0.05816090055260583,-0.023487699131707573,-0.016179347188425074,0.015592503790590144,0.008044419973869708,6.717,0.0,1.0,354.0,0.030303030303030304,6.0,4.0,0.24242424242424243,4.0,30.0,0.0,5.0,5.0,1.1041148325358852,0.0,0.0,1.0,1.0,6400.0,4646.0,0.0,0,8.0,347.0,24532
8436326,2024-12-01 07:03:43+00:00,1,,,8572.0,16317.0,0.2259370493561717,-0.6114337137678488,-0.054488959167710314,0.2259612567881653,-0.06670879924340213,-0.07412946629464255,0.4194777125113977,-0.03231283449775203,-0.04317344340611509,-0.4142474070967134,-0.09921592132150975,-0.0069440649306055586,-0.026172253256940618,0.47334886807418025,0.28748156146469017,-0.1482292857992833,0.06852539126647902,-0.3012493410357806,-0.08168565936984104,-0.008431530244752898,-0.039768111103099996,-0.05816090055260583,-0.023487699131707573,-0.016179347188425074,-0.053592719399028974,-0.03707202918461854,6.717,0.0,1.0,600.0,0.0,1.0,0.0,0.0,5.0,0.0,1.0,10.0,2.0,0.8398980991573585,1.0,0.0,1.0,329.0,78968.0,4500.0,0.0,0,0.0,0.0,119311
8461707,2024-12-04 06:25:20+00:00,0,,"[0, 0, 0, 0, 0, 0, 0, 1, 0, 0, 0, 0, 0, 0, 0, 0, 0, 0, 0, 1, 1, 0, 1, 1, 0, 1, 1, 0, 1, 1, 1, 0, 0, 0, 0, 1]",24194.0,16317.0,0.22603193691594253,-0.6114337137678488,0.26094868650223196,-0.5083517388880758,-0.06670879924340213,-0.05564041606933876,-0.16547143701628758,-0.03231283449775203,-0.04317344340611509,0.0778669440877906,-0.07791647071836902,-0.09236929204096728,-0.026172253256940618,-0.2062583476798761,0.16413019796925432,0.13611650753568505,0.06852539126647902,0.09263075257175206,-0.08168565936984104,-0.008431530244752898,-0.009607996814591997,-0.05816090055260583,0.04284707524103316,-0.016179347188425074,-0.053592719399028974,-0.018828211620055532,6.717,9894.0,7.0,354.0,0.5138888888888888,17.0,4.0,0.0,0.0,5.0,3.0,9.0,23.0,1.07171650055371,0.0,0.0,0.0,329.0,3198.0,3500.0,0.41291291291291293,1,25.0,240.0,63388
8467563,2024-12-06 23:19:23+00:00,1,,,16875.0,16317.0,0.2261177575024564,-0.6114337137678488,-0.054488959167710314,0.004753338369163321,-0.05738860713727523,-0.07412946629464255,0.01584713069282676,-0.03231283449775203,-0.04317344340611509,-0.4142474070967134,0.2659552272166623,-0.0069440649306055586,-0.026172253256940618,0.14199482941539582,-0.03481326916714037,0.13611650753568505,0.06852539126647902,0.09263075257175206,-0.08168565936984104,-0.008431530244752898,0.04544625733308562,-0.05816090055260583,0.04284707524103316,-0.016179347188425074,0.015592503790590144,-0.018828211620055532,6.717,0.0,2.0,299.0,0.0,5.0,1.0,0.0,5.0,43.0,1.0,10.0,6.0,1.25,0.0,0.0,0.0,329.0,3811.0,3000.0,0.0,1,12.0,324.0,91515
8469110,2024-12-07 04:43:13+00:00,1,"[1, 0, 0, 0, 0, 0, 0, 0, 0, 0, 1, 0, 0, 0, 1, 1, 1, 1, 1, 1, 1]","[0, 0, 0, 0, 0, 0, 0, 1, 1, 1, 1, 1, 1, 1, 1, 1, 1, 1, 1, 1, 1, 1, 1, 1, 1, 1, 1, 1, 1, 1, 1, 1, 1, 1, 1, 1, 1, 1, 1, 1, 1, 1, 1, 1, 1, 1, 1, 1, 1, 1, 1]",10154.0,495.0,0.22693511427979368,-0.6114337137678488,-0.054488959167710314,-0.5083517388880758,-0.05738860713727523,-0.07412946629464255,-0.14267212177429597,-0.03231283449775203,-0.04317344340611509,0.0778669440877906,-0.06544171956609646,-0.09236929204096728,-0.026172253256940618,-0.01066169917084148,0.28748156146469017,0.13611650753568505,-0.12296996338010098,0.09263075257175206,-0.08168565936984104,-0.008431530244752898,-0.009607996814591997,0.15904631144217646,-0.023487699131707573,-0.016179347188425074,0.2103895073799279,-0.018828211620055532,6.717,0.0,6.0,229.0,0.05742296918767507,13.0,1.0,0.42857142857142855,0.0,15.0,13.0,2.0,12.0,0.7634586466165414,0.0,5.0,0.0,329.0,418.0,3700.0,0.9788838612368024,0,10.0,479.0,65000
8438706,2024-12-03 04:53:16+00:00,0,"[0, 0, 0, 1, 1, 1, 1, 1, 1, 1]","[0, 0, 0, 0, 0, 0, 0, 0, 0, 0, 0, 0, 0, 1, 1, 1, 1, 1, 1, 1, 1, 1, 1, 1, 1, 1, 1, 1, 1, 1, 1, 1, 1, 1, 1, 1, 1, 1, 1, 1]",23658.0,650.0,0.2269678521189314,-0.6114337137678488,-0.054488959167710314,-0.5083517388880758,-0.05738860713727523,-0.07412946629464255,-0.14267212177429597,-0.03231283449775203,-0.04317344340611509,0.0778669440877906,-0.06544171956609646,-0.0069440649306055586,-0.026172253256940618,-0.3292197513569699,0.28748156146469017,0.13611650753568505,0.06852539126647902,0.09263075257175206,0.02313302321270807,-0.008431530244752898,0.04544625733308562,-0.05484988672575293,0.04284707524103316,-0.016179347188425074,0.04095250473658998,0.008044419973869708,6.717,0.0,6.0,272.0,0.2951388888888889,11.0,1.0,0.7,0.0,12.0,1.0,9.0,26.0,0.9971759747102212,0.0,0.0,0.0,1.0,78968.0,2800.0,0.8890243902439025,1,11.0,353.0,38668
8439259,2024-12-03 06:46:34+00:00,1,,"[0, 0, 0, 0, 0, 0, 1, 0, 0, 0, 0, 0, 0, 1, 1, 1, 1, 1, 1, 1, 1, 1, 1, 1, 1, 1, 1, 1, 1, 1, 1, 1, 1, 1, 1]",21391.0,16317.0,0.2269713108753669,-0.6114337137678488,-0.054488959167710314,-0.23295731524514138,-0.06670879924340213,-0.05564041606933876,-0.16547143701628758,-0.03231283449775203,-0.04317344340611509,0.0778669440877906,-0.07791647071836902,0.07090034106747711,-0.026172253256940618,-0.2062583476798761,0.28748156146469017,0.13611650753568505,0.06852539126647902,0.09263075257175206,0.02313302321270807,-0.008431530244752898,-0.009607996814591997,-0.05484988672575293,-0.023487699131707573,-0.016179347188425074,-0.053592719399028974,-0.03707202918461854,6.717,0.0,5.0,318.0,0.5142857142857142,17.0,5.0,0.0,0.0,9.0,0.0,9.0,21.0,0.9412981298129813,0.0,0.0,0.0,1.0,1126.0,4065.0,0.8666666666666667,0,24.0,226.0,99409
8467540,2024-12-06 23:13:30+00:00,1,"[0, 0, 0, 0, 0, 1, 1, 1]",,26451.0,583.0,0.2272727296312218,-0.6114337137678488,0.26094868650223196,-0.23295731524514138,-0.06670879924340213,-0.07412946629464255,-0.16547143701628758,0.030500288512228284,-0.04317344340611509,0.0778669440877906,-0.07791647071836902,0.07090034106747711,-0.026172253256940618,-0.46958011525157795,-0.03481326916714037,-0.1482292857992833,0.06852539126647902,0.09263075257175206,0.02313302321270807,0.12181209640599021,-0.039768111103099996,-0.05816090055260583,-0.023487699131707573,-0.016179347188425074,0.015592503790590144,0.141236061144545,6.717,3000.0,5.0,319.0,0.125,16.0,7.0,0.375,1.0,9.0,0.0,4.0,33.0,1.2432902467685076,1.0,0.0,0.0,1.0,222.0,5333.0,0.0,0,6.0,317.0,16015
8471504,2024-12-08 02:12:08+00:00,1,"[1, 1, 1, 1, 1, 1, 1, 1, 0, 1, 1, 1, 1, 1, 1, 1, 1, 1, 1, 0, 1, 1]","[1, 1, 1, 1, 1, 1]",38381.0,784.0,0.2276940997834974,-0.6114337137678488,-0.054488959167710314,-0.5083517388880758,-0.05738860713727523,0.17561735485816402,-0.16547143701628758,0.4065249203285951,-0.04317344340611509,0.0778669440877906,-0.09921592132150975,-0.0069440649306055586,0.13238330771477913,-0.46958011525157795,-0.03481326916714037,0.13611650753568505,0.06852539126647902,-0.3012493410357806,-0.08168565936984104,-0.008431530244752898,-0.039768111103099996,0.15904631144217646,-0.023487699131707573,0.05393564252282038,0.2103895073799279,0.141236061144545,6.717,0.0,6.0,254.0,0.618939393939394,65.0,15.0,0.9090909090909091,1.0,1.0,1.0,1.0,41.0,1.1431422189128817,0.0,0.0,1.0,329.0,1162.0,5417.0,1.0,0,36.0,430.0,11141
8461159,2024-12-04 04:05:21+00:00,1,,,45000.0,16317.0,0.2277831379129782,-0.6114337137678488,-0.054488959167710314,0.004753338369163321,-0.06670879924340213,-0.07412946629464255,0.01584713069282676,-0.03231283449775203,-0.04317344340611509,0.0778669440877906,0.2659552272166623,-0.0069440649306055586,-0.026172253256940618,-0.01066169917084148,-0.03481326916714037,-0.1482292857992833,-0.12296996338010098,0.09263075257175206,0.02313302321270807,-0.008431530244752898,-0.009607996814591997,-0.05816090055260583,-0.023487699131707573,-0.016179347188425074,-0.053592719399028974,0.141236061144545,6.717,0.0,2.0,420.0,0.0,6.0,0.0,0.0,0.0,50.0,1.0,10.0,13.0,1.6,1.0,1.0,0.0,1.0,78968.0,4300.0,0.0,0,0.0,74.0,0
8437982,2024-12-07 04:21:50+00:00,1,"[1, 1, 1, 1, 1, 0, 0, 1, 1, 1, 1, 1, 1, 1, 1, 1, 1, 1, 1, 1, 1, 1, 1, 1, 1, 1, 1, 1, 1, 1, 1, 1, 1, 1, 1]","[0, 0, 0, 0, 0, 0, 0, 1, 1, 1, 1, 1, 1, 1, 1, 1]",23647.0,16317.0,0.22833179825613056,-0.6114337137678488,-0.054488959167710314,-0.5083517388880758,-0.05738860713727523,0.22755275636556374,-0.16547143701628758,0.4065249203285951,0.1740873916033103,0.0778669440877906,-0.07791647071836902,-0.09236929204096728,-0.026172253256940618,-0.46958011525157795,0.16413019796925432,-0.1482292857992833,-0.12296996338010098,-0.3012493410357806,0.02313302321270807,-0.008431530244752898,-0.039768111103099996,-0.05484988672575293,-0.023487699131707573,-0.016179347188425074,0.04095250473658998,0.008044419973869708,6.717,0.0,12.0,212.0,0.8818452380952381,162.0,28.0,0.9428571428571428,1.0,3.0,99.0,10.0,58.0,1.0673437147370797,1.0,16.0,1.0,1.0,78968.0,6391.0,0.7941176470588235,0,9.0,365.0,33125
8467399,2024-12-07 02:38:39+00:00,1,,"[0, 0, 0, 0, 0, 0, 0, 0, 0, 0, 0, 0, 0, 0, 0, 0, 0, 0, 0, 0, 0, 0, 0, 0, 0, 0, 0, 0, 0, 0, 0, 0, 0, 0, 0, 0, 0, 0, 0, 0, 0, 0, 0, 0, 0, 0, 0, 0, 0, 0, 0, 0, 0, 0, 0, 0, 0, 0, 0, 0, 0, 0, 0, 0, 0, 0]",20723.0,16317.0,0.22874230063850245,-0.6114337137678488,-0.054488959167710314,0.2259612567881653,-0.06670879924340213,-0.07412946629464255,0.01584713069282676,-0.03231283449775203,-0.04317344340611509,0.0778669440877906,0.08779149858909129,-0.09236929204096728,-0.026172253256940618,0.14199482941539582,-0.03481326916714037,0.13611650753568505,-0.12296996338010098,0.09263075257175206,-0.08168565936984104,0.12181209640599021,-0.039768111103099996,-0.05816090055260583,-0.023487699131707573,-0.016179347188425074,-0.053592719399028974,-0.018828211620055532,6.717,0.0,1.0,316.0,0.015151515151515152,6.0,1.0,0.0,0.0,32.0,3.0,9.0,6.0,1.156094839609484,0.0,2.0,0.0,329.0,102.0,4656.0,0.0,0,1.0,181.0,71598
8469166,2024-12-07 04:54:07+00:00,1,,,9744.0,16317.0,0.2290189733015848,-0.6114337137678488,-0.054488959167710314,0.2259612567881653,-0.06670879924340213,-0.07412946629464255,0.14385053025774988,-0.03231283449775203,-0.04317344340611509,0.0778669440877906,-0.07791647071836902,0.07090034106747711,-0.026172253256940618,-0.15334582495827825,-0.03481326916714037,0.13611650753568505,0.06852539126647902,0.09263075257175206,0.02313302321270807,-0.008431530244752898,-0.009607996814591997,-0.05816090055260583,-0.023487699131707573,-0.016179347188425074,-0.053592719399028974,-0.018828211620055532,6.717,0.0,1.0,361.0,0.0,3.0,3.0,0.0,0.0,2.0,0.0,10.0,19.0,1.7055837563451777,0.0,0.0,0.0,1.0,555.0,3500.0,0.0,0,2.0,9.0,72740
8436394,2024-12-01 07:38:13+00:00,0,,,21174.0,16317.0,0.22929819607630963,-0.6114337137678488,-0.054488959167710314,0.004753338369163321,-0.06670879924340213,-0.07412946629464255,0.14385053025774988,-0.03231283449775203,-0.04317344340611509,0.0778669440877906,-0.09921592132150975,0.07090034106747711,-0.026172253256940618,0.021081495765742912,-0.03481326916714037,0.13611650753568505,0.06852539126647902,0.09263075257175206,0.02313302321270807,-0.008431530244752898,-0.009607996814591997,-0.05816090055260583,0.04284707524103316,-0.016179347188425074,-0.053592719399028974,0.008044419973869708,6.717,0.0,2.0,600.0,0.0,3.0,0.0,0.0,0.0,0.0,0.0,10.0,9.0,1.2136879513928693,0.0,0.0,0.0,1.0,78968.0,4000.0,0.0,1,0.0,1.0,47007
8438773,2024-12-03 05:06:03+00:00,1,,"[0, 0, 0, 0, 0, 0, 0, 0, 0, 0, 0, 1, 1, 1, 0, 0, 0, 1, 0, 0, 0, 0, 1, 0, 0, 1, 1, 1, 1, 1, 1, 1, 1, 1, 1, 1, 1, 1, 1]",27670.0,16317.0,0.22940323572424132,-0.6114337137678488,-0.054488959167710314,-0.1165395030712408,-0.05738860713727523,-0.07412946629464255,-0.14267212177429597,-0.03231283449775203,-0.04317344340611509,0.0778669440877906,0.035324081286162975,-0.09236929204096728,-0.026172253256940618,0.021081495765742912,0.16413019796925432,0.13611650753568505,0.06852539126647902,0.09263075257175206,-0.08168565936984104,-0.008431530244752898,-0.039768111103099996,-0.05816090055260583,-0.023487699131707573,-0.016179347188425074,-0.053592719399028974,-0.018828211620055532,6.717,0.0,3.0,259.0,0.06282051282051282,11.0,2.0,0.0,0.0,22.0,2.0,9.0,11.0,1.0481060606060606,0.0,0.0,0.0,329.0,1328.0,4680.0,0.6858974358974359,0,16.0,121.0,96132
8438296,2024-12-03 03:32:36+00:00,1,,,24446.0,16317.0,0.2297793593490545,-0.6114337137678488,-0.054488959167710314,-0.1165395030712408,-0.05738860713727523,-0.07412946629464255,-0.043774865933036713,-0.03231283449775203,-0.04317344340611509,0.0778669440877906,-0.07791647071836902,0.07090034106747711,-0.026172253256940618,0.08251752792097579,0.16413019796925432,0.13611650753568505,0.06852539126647902,-0.3012493410357806,0.02313302321270807,-0.008431530244752898,-0.009607996814591997,-0.05816090055260583,-0.023487699131707573,-0.016179347188425074,0.015592503790590144,-0.0035377154089891926,6.717,0.0,3.0,282.0,0.0,8.0,2.0,0.0,0.0,11.0,0.0,10.0,8.0,1.127843137254902,0.0,0.0,1.0,1.0,468.0,3726.0,0.0,0,18.0,313.0,48469
8469865,2024-12-07 23:17:12+00:00,1,,"[0, 0, 0, 0, 0, 0, 0, 0, 0, 0, 0, 0, 0, 0, 0, 0, 0, 0, 0, 0, 0, 0, 0, 0, 0, 0, 0, 0, 0, 0, 0, 0, 0, 0, 0, 0, 0, 0, 0, 0, 0, 0, 0, 0, 0, 1, 1, 1, 0, 1, 1, 1, 0, 1, 1, 1, 1, 1, 1, 1, 1, 1, 1, 1, 1, 1, 1, 1, 1, 1, 1, 1, 1, 1, 1, 1, 1, 1, 1, 1, 1, 1]",20211.0,16317.0,0.23034649966407061,-0.6114337137678488,-0.054488959167710314,0.004753338369163321,-0.06670879924340213,-0.07412946629464255,-0.16547143701628758,-0.03231283449775203,-0.04317344340611509,-0.4142474070967134,0.2659552272166623,-0.0069440649306055586,-0.026172253256940618,0.20995636990242048,0.28748156146469017,-0.1482292857992833,0.06852539126647902,-0.3012493410357806,-0.08168565936984104,-0.008431530244752898,-0.009607996814591997,-0.05816090055260583,-0.023487699131707573,-0.016179347188425074,0.006896750883670848,0.008044419973869708,6.717,0.0,2.0,600.0,0.012195121951219513,22.0,1.0,0.0,5.0,40.0,1.0,10.0,5.0,1.0148631684659803,1.0,0.0,1.0,329.0,78968.0,4078.0,0.6658830443726124,0,0.0,306.0,41777
8472289,2024-12-08 05:24:27+00:00,1,,,21257.0,16317.0,0.2303751458307665,-0.6114337137678488,-0.054488959167710314,0.004753338369163321,-0.05738860713727523,-0.07412946629464255,0.14385053025774988,-0.03231283449775203,-0.04317344340611509,0.0778669440877906,0.08779149858909129,0.07090034106747711,-0.026172253256940618,0.20995636990242048,-0.03481326916714037,-0.1482292857992833,0.06852539126647902,0.09263075257175206,-0.08168565936984104,-0.008431530244752898,-0.039768111103099996,-0.05816090055260583,-0.023487699131707573,-0.016179347188425074,-0.053592719399028974,0.008044419973869708,6.717,0.0,2.0,257.0,0.0,3.0,4.0,0.0,0.0,30.0,0.0,10.0,5.0,1.156843537414966,1.0,0.0,0.0,329.0,5545.0,5000.0,0.0,0,4.0,174.0,26025
8464442,2024-12-05 07:51:06+00:00,1,,,17043.0,16317.0,0.23095546497200722,-0.6114337137678488,-0.054488959167710314,0.004753338369163321,-0.06670879924340213,-0.07412946629464255,0.4194777125113977,-0.03231283449775203,-0.04317344340611509,0.0778669440877906,-0.07791647071836902,-0.0069440649306055586,-0.026172253256940618,0.25953741616204173,-0.03481326916714037,-0.1482292857992833,0.06852539126647902,0.09263075257175206,-0.08168565936984104,-0.008431530244752898,-0.009607996814591997,-0.05816090055260583,-0.023487699131707573,-0.016179347188425074,-0.053592719399028974,-0.018828211620055532,6.717,19.0,2.0,366.0,0.0,1.0,1.0,0.0,0.0,8.0,1.0,10.0,4.0,1.2177920685959271,1.0,0.0,0.0,329.0,78968.0,3600.0,0.0,0,1.0,22.0,70465
8466347,2024-12-06 04:46:04+00:00,1,"[1, 1, 1, 1, 1, 1, 1, 1, 1, 1, 1, 0, 0, 0, 0, 0, 1, 0, 1, 1, 1, 1, 1, 1, 1, 1, 0, 0, 0, 0, 0, 0, 0, 0, 1, 0, 0, 1, 1, 1, 1, 0, 0, 0, 0, 0, 0, 1, 0, 0, 0, 1, 0, 0, 0, 0, 0, 0, 0, 0, 1, 0, 1, 1, 1, 1, 1, 1, 1, 1, 1, 1, 1, 1, 1, 1, 1]",,25273.0,327.0,0.23142696252494888,-0.6114337137678488,-0.054488959167710314,0.004753338369163321,-0.05738860713727523,-0.07412946629464255,0.14385053025774988,-0.03231283449775203,-0.04317344340611509,-0.4142474070967134,-0.07791647071836902,0.07090034106747711,0.13238330771477913,0.08251752792097579,0.16413019796925432,0.13611650753568505,0.06852539126647902,0.09263075257175206,0.02313302321270807,-0.008431530244752898,-0.039768111103099996,-0.05816090055260583,-0.023487699131707573,0.05393564252282038,-0.053592719399028974,0.141236061144545,6.717,0.0,2.0,214.0,0.15584415584415584,4.0,2.0,0.5584415584415584,4.0,8.0,0.0,1.0,8.0,1.09170626349892,0.0,0.0,0.0,1.0,3702.0,4572.0,0.0,0,38.0,226.0,19740
8463337,2024-12-05 05:03:03+00:00,0,"[1, 1, 1, 1, 1, 1, 1, 1, 1, 1]","[0, 0, 0, 0, 0, 0, 0, 0, 0, 0, 0, 0, 0, 0, 0, 0, 0, 1, 0, 0, 0, 1, 1, 1]",27850.0,708.0,0.23150839696445014,-0.6114337137678488,-0.054488959167710314,-0.1165395030712408,0.11939328962621384,0.17561735485816402,-0.16547143701628758,-0.03231283449775203,0.1740873916033103,0.0778669440877906,-0.06544171956609646,-0.0069440649306055586,-0.026172253256940618,-0.46958011525157795,-0.03481326916714037,-0.1482292857992833,0.06852539126647902,0.09263075257175206,0.02313302321270807,-0.008431530244752898,-0.039768111103099996,-0.05816090055260583,0.04284707524103316,-0.016179347188425074,-0.053592719399028974,-0.0035377154089891926,6.717,0.0,3.0,196.0,0.6138888888888889,26.0,3.0,1.0,0.0,12.0,1.0,9.0,34.0,1.144442161495788,1.0,0.0,0.0,1.0,1165.0,4668.0,0.29,1,32.0,99.0,54825
8472731,2024-12-08 06:33:47+00:00,1,,,19823.0,16317.0,0.23161861439544482,-0.6114337137678488,-0.054488959167710314,-0.1165395030712408,-0.05738860713727523,-0.07412946629464255,0.14385053025774988,-0.03231283449775203,-0.04317344340611509,0.0778669440877906,-0.07791647071836902,0.07090034106747711,-0.026172253256940618,0.14199482941539582,-0.03481326916714037,0.13611650753568505,0.06852539126647902,0.09263075257175206,0.02313302321270807,-0.008431530244752898,-0.009607996814591997,-0.05816090055260583,-0.023487699131707573,-0.016179347188425074,-0.053592719399028974,-0.0035377154089891926,6.717,0.0,3.0,299.0,0.0,4.0,2.0,0.0,0.0,10.0,0.0,10.0,6.0,1.1746962962962963,0.0,0.0,0.0,1.0,9864.0,4040.0,0.0,0,6.0,231.0,52317
8469102,2024-12-07 04:44:36+00:00,1,,"[1, 1, 1, 1, 1, 1, 1, 1, 1, 1, 1, 1, 1, 1, 1, 1, 1, 1, 1, 1, 1, 1, 1, 1, 1, 1, 1, 1, 1, 1, 1, 1]",10720.0,16317.0,0.2316671030654723,-0.6114337137678488,-0.054488959167710314,0.2259612567881653,-0.05738860713727523,0.22755275636556374,-0.16547143701628758,-0.03231283449775203,-0.04317344340611509,-0.4142474070967134,-0.07791647071836902,0.07090034106747711,-0.026172253256940618,0.021081495765742912,0.28748156146469017,-0.1482292857992833,0.06852539126647902,-0.3012493410357806,-0.08168565936984104,-0.008431530244752898,-0.009607996814591997,0.15904631144217646,-0.023487699131707573,-0.016179347188425074,-0.053592719399028974,-0.018828211620055532,6.717,0.0,1.0,250.0,1.0,31.0,4.0,0.0,4.0,2.0,0.0,10.0,10.0,0.906553911205074,1.0,0.0,1.0,329.0,78968.0,3337.0,1.0,0,31.0,172.0,63382
8468468,2024-12-07 02:36:02+00:00,1,,,32049.0,16317.0,0.2317356730619958,-0.6114337137678488,-0.054488959167710314,0.004753338369163321,-0.06670879924340213,-0.07412946629464255,0.01584713069282676,-0.03231283449775203,-0.04317344340611509,0.0778669440877906,-0.06544171956609646,-0.0069440649306055586,-0.026172253256940618,0.25953741616204173,0.16413019796925432,-0.1482292857992833,-0.12296996338010098,0.09263075257175206,0.02313302321270807,-0.008431530244752898,-0.039768111103099996,-0.05816090055260583,-0.023487699131707573,-0.016179347188425074,-0.053592719399028974,-0.018828211620055532,6.717,0.0,2.0,322.0,0.0,5.0,0.0,0.0,0.0,15.0,1.0,10.0,4.0,1.052512315270936,1.0,1.0,0.0,1.0,78968.0,5000.0,0.0,0,12.0,288.0,93619
8438494,2024-12-03 04:11:45+00:00,1,,"[1, 1, 1, 1, 1, 1, 1, 1, 1, 1, 1, 1, 1, 1, 1, 1, 1, 1, 1, 1, 1, 1, 1, 1, 1, 1, 1, 1, 1, 1, 1, 1, 1, 1, 1, 1, 1, 1, 1, 1]",24335.0,16317.0,0.23176302516538083,-0.6114337137678488,-0.054488959167710314,0.004753338369163321,0.41236787050388063,-0.05564041606933876,-0.16547143701628758,-0.03231283449775203,-0.04317344340611509,-0.4142474070967134,0.2659552272166623,-0.09236929204096728,-0.026172253256940618,0.021081495765742912,-0.03481326916714037,-0.1482292857992833,0.06852539126647902,-0.3012493410357806,-0.08168565936984104,-0.008431530244752898,-0.039768111103099996,0.15904631144217646,-0.023487699131707573,-0.016179347188425074,-0.053592719399028974,-0.03707202918461854,6.717,0.0,2.0,75.0,0.42945075757575757,15.0,0.0,0.0,5.0,45.0,5.0,8.0,11.0,1.1371495327102803,1.0,0.0,1.0,329.0,1868.0,5250.0,1.0,0,21.0,211.0,122668
8470856,2024-12-08 00:26:43+00:00,1,,"[0, 1, 1, 1, 1, 1, 1, 1, 1, 1, 1, 1, 1, 1, 1]",18505.0,16317.0,0.23195462620631294,-0.6114337137678488,-0.054488959167710314,-0.23295731524514138,0.11939328962621384,-0.07412946629464255,-0.16547143701628758,-0.03231283449775203,-0.04317344340611509,0.0778669440877906,-0.07791647071836902,0.07090034106747711,-0.026172253256940618,-0.46958011525157795,-0.03481326916714037,0.13611650753568505,0.06852539126647902,0.09263075257175206,0.02313302321270807,-0.008431530244752898,-0.009607996814591997,0.15904631144217646,-0.023487699131707573,-0.016179347188425074,0.2103895073799279,0.008044419973869708,6.717,0.0,5.0,168.0,0.04789915966386554,32.0,4.0,0.0,0.0,9.0,0.0,9.0,40.0,1.1977346278317151,0.0,0.0,0.0,1.0,2283.0,3619.0,0.9916666666666667,0,15.0,477.0,32314
8437095,2024-12-02 22:35:38+00:00,1,,,14803.0,16317.0,0.23209053120041795,-0.6114337137678488,-0.054488959167710314,0.2259612567881653,-0.06670879924340213,-0.07412946629464255,-0.16547143701628758,-0.03231283449775203,-0.04317344340611509,0.0778669440877906,0.2659552272166623,-0.09236929204096728,-0.026172253256940618,0.021081495765742912,-0.03481326916714037,0.13611650753568505,-0.12296996338010098,0.09263075257175206,-0.08168565936984104,-0.008431530244752898,-0.009607996814591997,-0.05816090055260583,-0.023487699131707573,-0.016179347188425074,-0.053592719399028974,-0.03707202918461854,6.717,0.0,1.0,368.0,0.0,162.0,4.0,0.0,0.0,39.0,99.0,10.0,10.0,1.1475193798449612,0.0,16.0,0.0,329.0,2374.0,3848.0,0.0,0,0.0,91.0,107804
8461168,2024-12-04 04:09:47+00:00,1,,"[0, 0, 0, 0, 0, 0, 0, 0, 0, 0, 0, 0, 0, 0, 0, 0, 0, 0, 0, 0, 0, 0, 0, 1, 1, 0, 0, 1, 1, 1, 1, 1, 1, 1, 1, 1, 1, 1, 1, 1, 1, 1, 1, 1, 1, 1, 1, 1, 1, 1, 1, 1, 1, 1, 1, 1, 1, 1, 1, 1, 1, 1, 1, 1, 1, 1, 1, 1, 1, 1, 1, 1, 1, 1, 1, 1, 1, 1]",32007.0,16317.0,0.23231019725983898,-0.6114337137678488,-0.054488959167710314,-0.23295731524514138,0.11939328962621384,-0.07412946629464255,-0.16547143701628758,-0.03231283449775203,-0.04317344340611509,0.0778669440877906,-0.07791647071836902,-0.09236929204096728,-0.026172253256940618,0.14199482941539582,0.16413019796925432,0.13611650753568505,-0.12296996338010098,0.09263075257175206,0.02313302321270807,-0.008431530244752898,-0.039768111103099996,-0.05484988672575293,-0.023487699131707573,-0.016179347188425074,-0.053592719399028974,-0.018828211620055532,6.717,0.0,4.0,206.0,0.3416718782572441,162.0,2.0,0.0,0.0,7.0,99.0,9.0,7.0,1.067789824854045,0.0,16.0,0.0,56.0,638.0,6439.0,0.893216488153197,0,15.0,196.0,79344
8468402,2024-12-07 02:22:55+00:00,1,,"[0, 0, 0, 0, 0, 0, 0, 0, 0, 0, 0, 0, 0, 0, 0, 0, 0, 0, 0, 0, 0, 0, 0, 0, 0, 0, 0, 0, 0, 0, 1, 0, 0, 0, 0, 0, 0, 1, 0, 1, 0, 0, 1, 1, 1, 0, 0, 0, 0, 0, 0, 0, 1, 1, 0, 0, 1, 1, 1]",29350.0,16317.0,0.23255206627144234,-0.6114337137678488,-0.054488959167710314,0.2259612567881653,-0.05738860713727523,-0.07412946629464255,-0.14267212177429597,-0.03231283449775203,-0.04317344340611509,0.0778669440877906,-0.06544171956609646,0.07090034106747711,-0.026172253256940618,-0.01066169917084148,0.16413019796925432,-0.1482292857992833,-0.12296996338010098,0.09263075257175206,-0.08168565936984104,-0.008431530244752898,-0.009607996814591997,-0.05816090055260583,-0.023487699131707573,-0.016179347188425074,-0.053592719399028974,0.141236061144545,6.717,0.0,1.0,289.0,0.01694915254237288,12.0,4.0,0.0,1.0,16.0,0.0,8.0,12.0,1.0753673102993442,1.0,2.0,0.0,329.0,6417.0,4329.0,0.29491525423728815,0,0.0,166.0,6
8437508,2024-12-03 01:05:00+00:00,1,,,21771.0,16317.0,0.23304458372130432,-0.6114337137678488,-0.054488959167710314,0.2259612567881653,-0.06670879924340213,-0.07412946629464255,-0.043774865933036713,-0.03231283449775203,-0.04317344340611509,0.0778669440877906,-0.07791647071836902,-0.0069440649306055586,-0.026172253256940618,-0.01066169917084148,0.28748156146469017,0.13611650753568505,-0.12296996338010098,-0.3012493410357806,0.02313302321270807,-0.008431530244752898,-0.039768111103099996,-0.05816090055260583,-0.023487699131707573,-0.016179347188425074,-0.053592719399028974,-0.03707202918461854,6.717,0.0,1.0,342.0,0.0,7.0,5.0,0.0,0.0,3.0,1.0,10.0,12.0,1.026933962264151,0.0,1.0,1.0,1.0,78968.0,4646.0,0.0,0,33.0,44.0,99153
8469963,2024-12-07 08:24:11+00:00,0,,"[0, 0, 0, 0, 1, 1, 0, 0, 1, 1, 1, 1, 1, 1, 1, 1]",6589.0,16317.0,0.23305143753033958,-0.6114337137678488,-0.054488959167710314,-0.1165395030712408,-0.06670879924340213,-0.07412946629464255,-0.14267212177429597,-0.03231283449775203,-0.04317344340611509,-0.048236128980226715,-0.07791647071836902,-0.09236929204096728,-0.026172253256940618,-0.15334582495827825,0.28748156146469017,-0.1482292857992833,0.06852539126647902,0.09263075257175206,0.02313302321270807,-0.008431530244752898,-0.009607996814591997,-0.05484988672575293,0.04284707524103316,-0.016179347188425074,-0.053592719399028974,0.008044419973869708,6.717,0.0,3.0,359.0,0.0625,10.0,3.0,0.0,3.0,10.0,3.0,10.0,19.0,0.3765142857142857,1.0,0.0,0.0,1.0,10161.0,4149.0,0.8161764705882353,1,12.0,193.0,40681
8439168,2024-12-03 06:24:49+00:00,0,[1],,37982.0,757.0,0.23305837110370706,-0.6114337137678488,-0.054488959167710314,-0.23295731524514138,0.11939328962621384,0.22755275636556374,-0.16547143701628758,-0.03231283449775203,0.1740873916033103,0.0778669440877906,-0.07791647071836902,-0.09236929204096728,0.13238330771477913,-0.46958011525157795,-0.03481326916714037,-0.1482292857992833,0.06852539126647902,0.09263075257175206,0.02313302321270807,-0.008431530244752898,-0.009607996814591997,-0.05816090055260583,0.04284707524103316,-0.016179347188425074,-0.053592719399028974,0.008044419973869708,6.717,0.0,5.0,146.0,1.0,14.0,0.0,1.0,0.0,4.0,2.0,1.0,34.0,1.389297340795201,1.0,0.0,0.0,1.0,78968.0,3520.0,0.0,1,9.0,108.0,46991
8470699,2024-12-08 00:00:13+00:00,1,,"[0, 0, 0, 0, 0, 0, 0, 0, 0, 0, 0, 0, 0, 1, 1, 1]",22610.0,16317.0,0.2330663390085206,-0.6114337137678488,-0.054488959167710314,0.004753338369163321,-0.05738860713727523,-0.07412946629464255,0.4194777125113977,-0.03231283449775203,-0.04317344340611509,-0.4142474070967134,-0.06544171956609646,0.07090034106747711,-0.026172253256940618,-0.01066169917084148,0.16413019796925432,-0.1482292857992833,0.06852539126647902,0.09263075257175206,0.02313302321270807,-0.008431530244752898,-0.039768111103099996,-0.05816090055260583,-0.023487699131707573,-0.016179347188425074,0.2103895073799279,-0.018828211620055532,6.717,0.0,2.0,238.0,0.2224106578115117,1.0,1.0,0.0,4.0,17.0,0.0,9.0,12.0,1.1234782608695653,1.0,0.0,0.0,1.0,8291.0,4531.0,0.33088235294117646,0,3.0,471.0,61180
8466763,2024-12-06 06:25:45+00:00,1,,"[1, 1, 1, 1, 1, 1, 1, 1, 1, 1]",34793.0,16317.0,0.23312064383391395,-0.6114337137678488,-0.054488959167710314,-0.1165395030712408,-0.05738860713727523,0.22755275636556374,-0.043774865933036713,0.030500288512228284,-0.04317344340611509,0.0778669440877906,-0.07791647071836902,-0.09236929204096728,-0.026172253256940618,-0.10985411191684905,-0.03481326916714037,-0.1482292857992833,0.06852539126647902,0.09263075257175206,0.02313302321270807,-0.008431530244752898,-0.039768111103099996,0.15904631144217646,-0.023487699131707573,-0.016179347188425074,-0.053592719399028974,-0.03707202918461854,6.717,0.0,3.0,240.0,1.0,8.0,9.0,0.0,0.0,7.0,2.0,10.0,14.0,1.2414986619090098,1.0,0.0,0.0,1.0,78968.0,6600.0,1.0,0,33.0,136.0,130119
8471227,2024-12-08 01:26:59+00:00,1,,,21498.0,16317.0,0.2331727673779775,-0.6114337137678488,-0.054488959167710314,0.2259612567881653,-0.05738860713727523,-0.07412946629464255,0.14385053025774988,-0.03231283449775203,-0.04317344340611509,0.0778669440877906,-0.07791647071836902,-0.09236929204096728,-0.026172253256940618,0.14199482941539582,-0.03481326916714037,0.13611650753568505,-0.12296996338010098,0.09263075257175206,0.02313302321270807,-0.008431530244752898,-0.009607996814591997,-0.05816090055260583,-0.023487699131707573,-0.016179347188425074,-0.053592719399028974,-0.018828211620055532,6.717,0.0,1.0,277.0,0.0,3.0,0.0,0.0,0.0,2.0,2.0,10.0,6.0,1.1435106382978724,0.0,1.0,0.0,4.0,78968.0,4000.0,0.0,0,12.0,155.0,61945
8471798,2024-12-08 03:07:36+00:00,1,"[1, 1, 1]","[0, 0, 0, 0, 0, 1, 1, 1, 1, 1, 1, 1, 1, 1, 1, 1, 1, 1, 1, 1, 1, 1, 1, 1, 1, 1, 1, 1, 1, 1, 1, 1, 1, 0, 0, 1, 1, 1, 1]",15930.0,563.0,0.23330876566012615,-0.6114337137678488,-0.054488959167710314,0.004753338369163321,0.11939328962621384,-0.05564041606933876,-0.16547143701628758,0.030500288512228284,0.1740873916033103,-0.4142474070967134,-0.09921592132150975,0.07090034106747711,-0.026172253256940618,-0.10985411191684905,-0.03481326916714037,0.13611650753568505,0.06852539126647902,-0.3012493410357806,0.02313302321270807,-0.008431530244752898,-0.009607996814591997,-0.05484988672575293,0.04284707524103316,-0.016179347188425074,0.2103895073799279,-0.018828211620055532,6.717,0.0,2.0,194.0,0.5128205128205128,49.0,8.0,1.0,4.0,1.0,0.0,8.0,15.0,1.2,0.0,0.0,1.0,1.0,3078.0,3600.0,0.8923076923076924,1,27.0,484.0,94011
8471391,2024-12-08 01:52:07+00:00,1,,,16224.0,16317.0,0.23371753930767458,-0.6114337137678488,0.26094868650223196,-0.5083517388880758,-0.06670879924340213,-0.07412946629464255,-0.16547143701628758,0.030500288512228284,-0.04317344340611509,0.0778669440877906,-0.07791647071836902,-0.09236929204096728,-0.026172253256940618,-0.46958011525157795,0.28748156146469017,-0.1482292857992833,-0.12296996338010098,0.09263075257175206,0.02313302321270807,-0.008431530244752898,-0.039768111103099996,-0.05816090055260583,-0.023487699131707573,0.05393564252282038,0.13525803582801485,-0.03707202918461854,6.717,741.0,7.0,362.0,0.0,26.0,8.0,0.0,1.0,9.0,4.0,10.0,34.0,1.0045820433436532,1.0,1.0,0.0,1.0,78968.0,6233.0,0.0,0,39.0,407.0,125987
8460591,2024-12-04 01:53:56+00:00,1,"[1, 0, 1]","[1, 1, 1, 1, 1, 1, 1]",29276.0,342.0,0.23388211950995033,-0.6114337137678488,-0.054488959167710314,0.004753338369163321,-0.05738860713727523,-0.05564041606933876,0.1880244731129659,-0.03231283449775203,-0.04317344340611509,0.0778669440877906,-0.07791647071836902,0.07090034106747711,0.13238330771477913,0.14199482941539582,-0.03481326916714037,-0.1482292857992833,0.06852539126647902,0.09263075257175206,-0.08168565936984104,-0.008431530244752898,-0.039768111103099996,0.15904631144217646,-0.023487699131707573,-0.016179347188425074,-0.053592719399028974,-0.018828211620055532,6.717,0.0,2.0,277.0,0.5638888888888888,2.0,0.0,0.6666666666666666,0.0,5.0,0.0,1.0,6.0,1.2135129533678757,1.0,0.0,0.0,329.0,376.0,6200.0,1.0,0,2.0,200.0,82663
8464979,2024-12-05 23:41:58+00:00,1,,"[1, 1, 1, 1, 1, 1, 1, 1, 1, 1, 1, 1, 1, 1, 1, 1, 1, 1, 1, 1, 1, 1, 1, 1, 1, 1, 1]",21796.0,16317.0,0.23401221598289604,-0.6114337137678488,-0.054488959167710314,-0.1165395030712408,-0.06670879924340213,0.17561735485816402,-0.14267212177429597,-0.03231283449775203,-0.04317344340611509,0.0778669440877906,-0.06544171956609646,-0.0069440649306055586,-0.026172253256940618,-0.15334582495827825,0.16413019796925432,-0.1482292857992833,0.06852539126647902,-0.3012493410357806,0.02313302321270807,-0.008431530244752898,-0.039768111103099996,0.15904631144217646,-0.023487699131707573,-0.016179347188425074,0.04095250473658998,-0.0035377154089891926,6.717,0.0,3.0,305.0,0.6363636363636364,11.0,3.0,0.0,0.0,12.0,1.0,10.0,16.0,1.063219512195122,1.0,0.0,1.0,1.0,1107.0,4584.0,1.0,0,10.0,360.0,54890
8436501,2024-12-01 09:42:14+00:00,0,,,20230.0,16317.0,0.23412965098246,-0.6114337137678488,-0.054488959167710314,-0.1165395030712408,-0.06670879924340213,-0.07412946629464255,0.4194777125113977,0.030500288512228284,-0.04317344340611509,0.0778669440877906,-0.06544171956609646,-0.0069440649306055586,-0.026172253256940618,-0.2062583476798761,-0.03481326916714037,0.13611650753568505,-0.12296996338010098,0.09263075257175206,0.02313302321270807,-0.008431530244752898,0.08965056778496559,-0.05816090055260583,0.04284707524103316,-0.016179347188425074,-0.053592719399028974,0.008044419973869708,6.717,3.0,3.0,420.0,0.0,1.0,7.0,0.0,0.0,14.0,1.0,10.0,22.0,1.1882525697503672,0.0,1.0,0.0,1.0,1136.0,2000.0,0.0,1,21.0,220.0,30867
8438678,2024-12-03 04:48:38+00:00,1,"[1, 1, 1, 1, 1, 1, 1, 1, 0, 0, 0, 0, 0, 0, 0, 1, 1, 1, 1, 1, 1, 1, 1, 1, 1, 1, 1, 1, 1, 1, 1, 1, 1, 1]",,19634.0,441.0,0.23421899521164025,-0.6114337137678488,-0.054488959167710314,-0.23295731524514138,0.41236787050388063,-0.07412946629464255,-0.14267212177429597,-0.03231283449775203,-0.04317344340611509,0.0778669440877906,-0.09921592132150975,0.07090034106747711,-0.026172253256940618,-0.46958011525157795,0.16413019796925432,-0.1482292857992833,0.06852539126647902,0.09263075257175206,-0.08168565936984104,-0.008431530244752898,-0.009607996814591997,-0.05816090055260583,-0.023487699131707573,-0.016179347188425074,-0.053592719399028974,-0.018828211620055532,6.717,0.0,4.0,102.0,0.2647058823529412,10.0,0.0,0.7941176470588235,0.0,1.0,0.0,2.0,36.0,1.0402119205298013,1.0,0.0,0.0,329.0,78968.0,4000.0,0.0,0,8.0,273.0,67055
8438857,2024-12-03 05:25:16+00:00,1,,,13294.0,16317.0,0.23449890995687703,-0.6114337137678488,-0.054488959167710314,0.2259612567881653,-0.06670879924340213,-0.07412946629464255,0.01584713069282676,-0.03231283449775203,-0.04317344340611509,0.0778669440877906,-0.07791647071836902,0.07090034106747711,-0.026172253256940618,0.27517336419933297,-0.03481326916714037,-0.1482292857992833,0.06852539126647902,0.09263075257175206,-0.08168565936984104,-0.008431530244752898,-0.039768111103099996,-0.05816090055260583,-0.023487699131707573,-0.016179347188425074,-0.053592719399028974,-0.0035377154089891926,6.717,17.0,1.0,321.0,0.0,5.0,6.0,0.0,0.0,3.0,0.0,10.0,3.0,1.2224367816091954,1.0,0.0,0.0,329.0,78968.0,6500.0,0.0,0,2.0,256.0,48265
8462832,2024-12-05 01:04:48+00:00,1,,,30060.0,16317.0,0.23465397906239432,-0.6114337137678488,0.26094868650223196,0.2259612567881653,-0.06670879924340213,-0.07412946629464255,-0.14267212177429597,-0.03231283449775203,-0.04317344340611509,0.0778669440877906,-0.07791647071836902,-0.09236929204096728,-0.026172253256940618,0.14199482941539582,-0.03481326916714037,0.13611650753568505,-0.12296996338010098,-0.3012493410357806,-0.08168565936984104,-0.008431530244752898,-0.039768111103099996,-0.05816090055260583,-0.023487699131707573,-0.016179347188425074,0.006896750883670848,-0.018828211620055532,6.717,136.0,1.0,324.0,0.0,9.0,2.0,0.0,0.0,9.0,3.0,10.0,6.0,1.2656842105263157,0.0,1.0,1.0,329.0,78968.0,6500.0,0.0,0,2.0,306.0,90153
8465236,2024-12-06 00:37:23+00:00,0,,"[0, 0, 0, 0, 0, 0, 0, 0, 0, 0, 0, 0, 0, 0, 0, 0, 0, 0, 0, 0, 0, 1, 1, 1, 1, 1, 1, 1, 1, 1, 0, 0, 0]",13668.0,16317.0,0.23467844866722995,-0.6114337137678488,-0.054488959167710314,-0.23295731524514138,0.11939328962621384,-0.07412946629464255,-0.16547143701628758,0.030500288512228284,-0.04317344340611509,0.0778669440877906,-0.07791647071836902,0.07090034106747711,-0.026172253256940618,0.021081495765742912,-0.03481326916714037,0.13611650753568505,0.06852539126647902,0.09263075257175206,0.02313302321270807,-0.008431530244752898,-0.039768111103099996,-0.05816090055260583,0.04284707524103316,-0.016179347188425074,-0.053592719399028974,-0.018828211620055532,6.717,0.0,4.0,187.0,0.3526936026936027,14.0,12.0,0.0,0.0,2.0,0.0,9.0,9.0,1.3269902912621359,0.0,0.0,0.0,17.0,7847.0,4989.0,0.41711229946524064,1,8.0,260.0,87480
8397089,2024-12-07 06:49:51+00:00,1,"[1, 1, 1, 1, 1, 1, 1, 1, 1, 1, 1, 0, 0, 0, 0, 1, 1, 1, 1, 1, 1, 1, 1, 1, 1, 1, 1, 1, 1, 1, 1, 1, 1, 1, 1, 1, 1, 1, 1, 1, 1, 1, 1, 1, 1, 1, 1]","[0, 0, 0, 0, 0, 0, 0, 0, 0, 0, 0, 0, 0, 0, 0, 0, 0, 0, 0, 0, 0, 0, 0, 0, 0, 0, 0, 0, 0, 0, 0, 0, 0, 0, 0, 0, 0, 0, 0, 0, 0, 0, 0, 0, 0, 0, 0, 0, 0, 1, 1, 1, 1, 1, 1, 1, 1, 1, 1, 1, 1, 1]",12113.0,16317.0,0.23471313493643509,-0.6114337137678488,-0.054488959167710314,-0.1165395030712408,-0.05738860713727523,-0.05564041606933876,-0.043774865933036713,-0.03231283449775203,-0.04317344340611509,0.0778669440877906,-0.07791647071836902,-0.09236929204096728,-0.026172253256940618,0.021081495765742912,0.28748156146469017,-0.1482292857992833,-0.12296996338010098,0.09263075257175206,-0.08168565936984104,-0.008431530244752898,-0.009607996814591997,-0.05816090055260583,-0.023487699131707573,-0.016179347188425074,-0.053592719399028974,0.141236061144545,6.717,0.0,3.0,237.0,0.42381606039807823,7.0,4.0,0.9148936170212766,0.0,10.0,3.0,9.0,9.0,0.6300650195058518,1.0,1.0,0.0,329.0,1066.0,4333.0,0.3727598566308244,0,26.0,259.0,17988
8439166,2024-12-03 06:24:30+00:00,1,"[1, 1, 1, 1, 1, 1, 1, 1, 1, 1, 1, 1]","[1, 1, 1]",32211.0,712.0,0.23479661550579808,-0.6114337137678488,-0.054488959167710314,-0.5083517388880758,0.11939328962621384,0.17561735485816402,-0.16547143701628758,-0.03231283449775203,0.1740873916033103,0.0778669440877906,-0.06544171956609646,-0.0069440649306055586,0.13238330771477913,-0.46958011525157795,0.16413019796925432,-0.1482292857992833,-0.12296996338010098,0.09263075257175206,0.02313302321270807,-0.008431530244752898,-0.039768111103099996,0.15904631144217646,-0.023487699131707573,0.05393564252282038,-0.053592719399028974,-0.018828211620055532,6.717,0.0,8.0,168.0,0.674074074074074,36.0,1.0,1.0,0.0,12.0,1.0,1.0,61.0,1.0560983606557377,1.0,1.0,0.0,1.0,78968.0,8005.0,1.0,0,41.0,164.0,85420
8470386,2024-12-07 22:58:47+00:00,0,"[0, 0, 1, 1]","[0, 0, 0, 0, 0, 0, 0, 0, 0, 0, 0, 0, 0, 0, 0, 0, 0, 0, 0, 0, 0, 0, 0, 0, 0, 0, 0, 0, 0, 0, 0, 0, 0, 0, 0, 0, 0, 0, 0, 0, 0, 0, 0, 0, 0, 0, 1, 1, 1, 1, 0, 0, 0, 1, 0, 1, 1, 1, 1, 1, 1, 1, 1, 1, 1]",7356.0,392.0,0.2351547569487285,-0.6114337137678488,-0.054488959167710314,-0.23295731524514138,0.11939328962621384,-0.07412946629464255,-0.043774865933036713,-0.03231283449775203,-0.04317344340611509,-0.048236128980226715,-0.07791647071836902,-0.0069440649306055586,-0.026172253256940618,-0.15334582495827825,-0.03481326916714037,-0.1482292857992833,0.06852539126647902,0.09263075257175206,0.02313302321270807,0.12181209640599021,0.08965056778496559,-0.05816090055260583,0.04284707524103316,-0.016179347188425074,-0.053592719399028974,-0.03707202918461854,6.717,0.0,5.0,200.0,0.11916329284750338,8.0,3.0,0.5,3.0,5.0,1.0,9.0,16.0,1.2467796610169493,1.0,0.0,0.0,1.0,93.0,1472.0,0.39766899766899766,1,18.0,116.0,119936
8436363,2024-12-01 07:22:34+00:00,1,"[1, 1, 1, 1, 1, 1, 1, 1, 1, 1]","[0, 1, 1, 1, 1, 1, 1, 1, 1, 1, 1, 1]",21989.0,598.0,0.2352631679063818,-0.6114337137678488,0.23990797722314114,-0.5083517388880758,-0.06670879924340213,-0.05564041606933876,-0.16547143701628758,-0.03231283449775203,0.1740873916033103,0.0778669440877906,-0.09921592132150975,-0.0069440649306055586,0.13238330771477913,-0.46958011525157795,-0.03481326916714037,-0.1482292857992833,0.06852539126647902,0.09263075257175206,0.02313302321270807,-0.008431530244752898,-0.039768111103099996,0.15904631144217646,-0.023487699131707573,0.05393564252282038,-0.053592719399028974,-0.018828211620055532,6.717,33.0,8.0,337.0,0.5416666666666666,20.0,5.0,1.0,1.0,0.0,1.0,1.0,45.0,1.1902029769959404,1.0,0.0,0.0,1.0,78968.0,5833.0,0.9871794871794872,0,41.0,109.0,94994
8472483,2024-12-08 05:24:20+00:00,1,,"[1, 1, 1, 1, 1]",22722.0,16317.0,0.23527860181495988,-0.6114337137678488,-0.054488959167710314,-0.23295731524514138,-0.06670879924340213,-0.05564041606933876,0.01584713069282676,-0.03231283449775203,-0.04317344340611509,0.0778669440877906,-0.06544171956609646,-0.0069440649306055586,-0.026172253256940618,-0.2062583476798761,-0.03481326916714037,0.13611650753568505,0.06852539126647902,0.09263075257175206,0.02313302321270807,-0.008431530244752898,-0.009607996814591997,0.15904631144217646,0.04284707524103316,-0.016179347188425074,-0.053592719399028974,0.141236061144545,6.717,0.0,5.0,600.0,0.5238095238095238,5.0,0.0,0.0,1.0,12.0,1.0,10.0,21.0,1.1865274151436032,0.0,0.0,0.0,1.0,78968.0,3830.0,1.0,1,0.0,99.0,21885
8470202,2024-12-07 22:08:24+00:00,1,"[1, 1, 1, 1]","[0, 0, 0, 1, 1, 0, 0, 0, 0, 1, 0, 1, 0, 0, 0, 1, 1, 0, 0, 0, 1, 1, 1, 1, 1, 1, 1, 1, 1, 1, 1, 1, 1, 1, 1, 1, 1, 1, 1, 1, 1, 1]",20115.0,16317.0,0.23540426448733237,-0.6114337137678488,0.26094868650223196,-0.1165395030712408,-0.05738860713727523,-0.07412946629464255,-0.16547143701628758,-0.03231283449775203,0.1740873916033103,-0.4142474070967134,-0.07791647071836902,-0.09236929204096728,-0.026172253256940618,-0.15334582495827825,-0.03481326916714037,0.13611650753568505,0.06852539126647902,-0.3012493410357806,0.02313302321270807,-0.008431530244752898,0.04544625733308562,-0.05484988672575293,0.04284707524103316,-0.016179347188425074,-0.053592719399028974,-0.018828211620055532,6.717,300.0,3.0,298.0,0.3115079365079365,14.0,4.0,1.0,4.0,3.0,3.0,10.0,16.0,1.164399421128799,0.0,0.0,1.0,1.0,78968.0,2675.0,0.8383167220376523,1,10.0,181.0,79849
8466785,2024-12-06 06:30:21+00:00,1,"[0, 0, 0, 1, 1, 1, 0, 1, 1, 1, 1, 1, 1]","[0, 0, 0, 1, 1, 1, 1, 1, 1, 1, 1, 1, 1, 1, 1, 1, 1, 1, 1, 1, 1]",45000.0,16317.0,0.23572351805337038,-0.6114337137678488,-0.054488959167710314,-0.1165395030712408,-0.05738860713727523,-0.07412946629464255,0.14385053025774988,-0.03231283449775203,-0.04317344340611509,0.0778669440877906,-0.06544171956609646,0.07090034106747711,-0.026172253256940618,0.14199482941539582,-0.03481326916714037,-0.1482292857992833,-0.12296996338010098,0.09263075257175206,0.02313302321270807,-0.008431530244752898,-0.009607996814591997,0.15904631144217646,-0.023487699131707573,-0.016179347188425074,-0.053592719399028974,0.141236061144545,6.717,0.0,3.0,270.0,0.06227106227106227,3.0,4.0,0.6923076923076923,1.0,14.0,0.0,10.0,7.0,1.6,1.0,1.0,0.0,1.0,78968.0,3625.0,0.974025974025974,0,12.0,89.0,0
8464581,2024-12-05 09:35:04+00:00,1,,,20467.0,16317.0,0.23598101908254562,-0.6114337137678488,-0.054488959167710314,-0.1165395030712408,-0.06670879924340213,-0.07412946629464255,-0.16547143701628758,-0.03231283449775203,-0.04317344340611509,0.0778669440877906,-0.06544171956609646,-0.0069440649306055586,-0.026172253256940618,-0.3292197513569699,0.28748156146469017,0.13611650753568505,0.06852539126647902,-0.3012493410357806,0.02313302321270807,-0.008431530244752898,-0.009607996814591997,-0.05816090055260583,-0.023487699131707573,-0.016179347188425074,0.006896750883670848,0.141236061144545,6.717,0.0,3.0,307.0,0.0,55.0,3.0,0.0,0.0,13.0,1.0,10.0,25.0,1.0191206493053826,0.0,0.0,1.0,1.0,1107.0,3572.0,0.0,0,15.0,293.0,21700
8461707,2024-12-04 06:25:20+00:00,1,,"[0, 1, 1, 1, 1, 1, 1, 1, 0, 1, 0, 1, 0, 1, 1, 1, 1, 1, 1, 1, 1, 1, 1, 1, 1, 1, 1, 1, 1]",24194.0,16317.0,0.2366750739148958,-0.6114337137678488,0.26094868650223196,-0.5083517388880758,-0.06670879924340213,-0.07412946629464255,-0.16547143701628758,-0.03231283449775203,-0.04317344340611509,0.0778669440877906,-0.07791647071836902,-0.09236929204096728,-0.026172253256940618,-0.3292197513569699,0.16413019796925432,-0.1482292857992833,0.06852539126647902,0.09263075257175206,-0.08168565936984104,-0.008431530244752898,0.04544625733308562,-0.05484988672575293,0.04284707524103316,-0.016179347188425074,-0.053592719399028974,-0.018828211620055532,6.717,15920.0,7.0,388.0,0.034482758620689655,18.0,6.0,0.0,0.0,4.0,3.0,10.0,28.0,1.07171650055371,1.0,0.0,0.0,329.0,6560.0,2903.0,0.9218390804597701,1,14.0,209.0,63388
8463859,2024-12-05 05:27:53+00:00,1,,,13048.0,16317.0,0.23676365306159194,-0.6114337137678488,-0.054488959167710314,0.004753338369163321,-0.06670879924340213,-0.07412946629464255,-0.16547143701628758,-0.03231283449775203,-0.04317344340611509,0.0778669440877906,-0.09921592132150975,-0.0069440649306055586,-0.026172253256940618,-0.15334582495827825,0.28748156146469017,0.13611650753568505,-0.12296996338010098,0.09263075257175206,0.02313302321270807,-0.008431530244752898,-0.039768111103099996,-0.05816090055260583,-0.023487699131707573,-0.016179347188425074,0.006896750883670848,-0.018828211620055532,6.717,0.0,2.0,600.0,0.0,20.0,0.0,0.0,0.0,0.0,1.0,10.0,18.0,0.7350985915492958,0.0,1.0,0.0,1.0,1305.0,4804.0,0.0,0,0.0,296.0,65958
8462479,2024-12-04 23:48:02+00:00,1,"[1, 1, 1, 1, 1, 1, 1, 1, 1, 1, 0, 1, 1, 1, 1, 1, 1, 1, 1, 1, 1, 1, 1, 1, 1, 1, 0, 1]",,30117.0,679.0,0.2367687888846429,-0.6114337137678488,-0.054488959167710314,-0.1165395030712408,0.11939328962621384,-0.07412946629464255,0.14385053025774988,-0.03231283449775203,-0.04317344340611509,0.0778669440877906,-0.07791647071836902,0.07090034106747711,-0.026172253256940618,0.20995636990242048,-0.03481326916714037,-0.1482292857992833,0.06852539126647902,0.09263075257175206,-0.08168565936984104,-0.008431530244752898,-0.039768111103099996,-0.05816090055260583,-0.023487699131707573,-0.016179347188425074,-0.053592719399028974,0.008044419973869708,6.717,0.0,3.0,182.0,0.39285714285714285,4.0,0.0,0.9285714285714286,0.0,3.0,0.0,2.0,5.0,1.3490257558790593,1.0,0.0,0.0,329.0,1408.0,4920.0,0.0,0,22.0,112.0,42715
8462503,2024-12-04 23:54:27+00:00,1,,"[1, 1, 0, 0, 0, 0, 1, 1, 1, 1, 1, 1, 1, 1, 1, 1, 1]",19711.0,16317.0,0.2368598009238623,-0.6114337137678488,0.26094868650223196,0.2259612567881653,-0.05738860713727523,-0.07412946629464255,-0.043774865933036713,-0.03231283449775203,-0.04317344340611509,-0.4142474070967134,0.035324081286162975,-0.0069440649306055586,-0.026172253256940618,0.021081495765742912,-0.03481326916714037,0.13611650753568505,0.06852539126647902,-0.3012493410357806,0.02313302321270807,-0.008431530244752898,-0.039768111103099996,-0.05484988672575293,-0.023487699131707573,-0.016179347188425074,-0.053592719399028974,-0.0035377154089891926,6.717,11978.0,1.0,230.0,0.17647058823529413,8.0,3.0,0.0,4.0,24.0,1.0,10.0,9.0,1.176776119402985,0.0,0.0,1.0,1.0,4721.0,5667.0,0.8823529411764706,0,9.0,269.0,47276
8471740,2024-12-08 02:55:37+00:00,1,,"[0, 0, 0, 0, 0, 0, 0, 0, 0, 0, 0, 1, 1, 1, 1, 1, 1, 1, 1, 1, 0, 1, 1, 1, 1, 1, 1, 1, 1, 1, 1, 1, 0, 1, 1, 1, 1, 1, 1, 0, 1, 1, 1, 1, 1, 1, 1, 1, 1, 1, 1, 1, 1, 1, 1]",30708.0,16317.0,0.23712532518846166,-0.6114337137678488,-0.054488959167710314,-0.5083517388880758,0.11939328962621384,-0.05564041606933876,-0.16547143701628758,-0.03231283449775203,-0.04317344340611509,-0.048236128980226715,-0.06544171956609646,-0.09236929204096728,-0.026172253256940618,-0.15334582495827825,0.28748156146469017,0.13611650753568505,-0.12296996338010098,0.09263075257175206,0.02313302321270807,-0.008431530244752898,-0.039768111103099996,-0.05484988672575293,-0.023487699131707573,-0.016179347188425074,0.13525803582801485,0.141236061144545,6.717,0.0,6.0,207.0,0.5323232323232323,162.0,5.0,0.0,3.0,20.0,99.0,9.0,16.0,0.9631162965750847,0.0,16.0,0.0,1.0,1173.0,8286.099999999991,0.8961038961038961,0,6.0,418.0,17
8467613,2024-12-06 23:32:03+00:00,1,,,19274.0,16317.0,0.23722482105135115,-0.6114337137678488,-0.054488959167710314,-0.1165395030712408,-0.06670879924340213,-0.07412946629464255,0.01584713069282676,-0.03231283449775203,-0.04317344340611509,0.0778669440877906,-0.09921592132150975,0.07090034106747711,-0.026172253256940618,-0.10985411191684905,-0.03481326916714037,-0.1482292857992833,0.06852539126647902,0.09263075257175206,0.02313302321270807,-0.008431530244752898,0.08965056778496559,-0.05816090055260583,0.04284707524103316,-0.016179347188425074,0.015592503790590144,0.008044419973869708,6.717,0.0,3.0,390.0,0.0,6.0,4.0,0.0,0.0,1.0,0.0,10.0,15.0,1.187919876733436,1.0,0.0,0.0,1.0,608.0,1528.0,0.0,1,0.0,340.0,27950
8467815,2024-12-07 00:19:39+00:00,1,,,17854.0,16317.0,0.237246907785911,-0.6114337137678488,-0.054488959167710314,0.2259612567881653,-0.06670879924340213,-0.07412946629464255,-0.14267212177429597,-0.03231283449775203,-0.04317344340611509,0.0778669440877906,0.08779149858909129,-0.09236929204096728,-0.026172253256940618,0.08251752792097579,0.28748156146469017,-0.1482292857992833,-0.12296996338010098,-0.3012493410357806,-0.08168565936984104,-0.008431530244752898,-0.039768111103099996,-0.05816090055260583,-0.023487699131707573,-0.016179347188425074,-0.053592719399028974,-0.018828211620055532,6.717,0.0,1.0,550.0,0.0,9.0,2.0,0.0,0.0,28.0,3.0,10.0,8.0,0.8871552795031056,1.0,1.0,1.0,329.0,78968.0,4500.0,0.0,0,0.0,58.0,64529
8466770,2024-12-06 06:27:32+00:00,1,,"[0, 0, 0, 0, 0, 0, 1, 0, 0]",12129.0,16317.0,0.2373716881251614,-0.6114337137678488,-0.054488959167710314,0.004753338369163321,-0.05738860713727523,-0.07412946629464255,-0.14267212177429597,-0.03231283449775203,-0.04317344340611509,0.0778669440877906,-0.06544171956609646,-0.09236929204096728,-0.026172253256940618,-0.15334582495827825,0.28748156146469017,-0.1482292857992833,0.06852539126647902,-0.3012493410357806,0.02313302321270807,0.12181209640599021,-0.039768111103099996,-0.05816090055260583,-0.023487699131707573,-0.016179347188425074,-0.053592719399028974,-0.018828211620055532,6.717,0.0,2.0,297.0,0.1111111111111111,10.0,1.0,0.0,0.0,12.0,2.0,10.0,18.0,0.864812834224599,1.0,0.0,1.0,1.0,213.0,8286.099999999991,0.15555555555555556,0,12.0,136.0,71290
8471509,2024-12-08 02:12:53+00:00,1,"[1, 1, 1, 1, 1]","[0, 0, 0, 0, 0, 1, 1, 1, 1, 1, 1, 1, 1, 1, 1, 1, 1, 1, 1]",20000.0,427.0,0.23796326006048435,-0.6114337137678488,-0.054488959167710314,-0.23295731524514138,-0.05738860713727523,-0.07412946629464255,0.14385053025774988,-0.03231283449775203,0.1740873916033103,0.0778669440877906,-0.07791647071836902,0.07090034106747711,-0.026172253256940618,-0.15334582495827825,-0.03481326916714037,0.13611650753568505,0.06852539126647902,0.09263075257175206,-0.08168565936984104,0.12181209640599021,-0.039768111103099996,-0.05484988672575293,-0.023487699131707573,-0.016179347188425074,-0.053592719399028974,-0.018828211620055532,6.717,0.0,4.0,258.0,0.3765182186234817,4.0,2.0,1.0,0.0,6.0,0.0,8.0,17.0,1.25,0.0,0.0,0.0,329.0,87.0,4754.0,0.9210526315789473,0,18.0,101.0,97783
8467613,2024-12-06 23:32:03+00:00,0,"[0, 0, 0, 0, 0, 0, 0, 0, 0, 0, 0, 0, 0, 0, 0, 0, 0, 0, 0, 1, 1, 1, 1, 1, 1, 1, 1, 1, 1, 1, 1, 1, 1]",,19274.0,274.0,0.238029859516929,-0.6114337137678488,-0.054488959167710314,-0.1165395030712408,-0.06670879924340213,-0.07412946629464255,0.01584713069282676,-0.03231283449775203,-0.04317344340611509,-0.048236128980226715,0.2659552272166623,0.07090034106747711,-0.026172253256940618,-0.2062583476798761,-0.03481326916714037,-0.1482292857992833,0.06852539126647902,0.09263075257175206,0.02313302321270807,-0.008431530244752898,-0.009607996814591997,-0.05816090055260583,0.04284707524103316,-0.016179347188425074,0.04095250473658998,0.008044419973869708,6.717,0.0,3.0,314.0,0.030303030303030304,6.0,2.0,0.42424242424242425,3.0,35.0,0.0,5.0,20.0,1.187919876733436,1.0,0.0,0.0,1.0,2451.0,3456.0,0.0,1,4.0,353.0,27950
8466657,2024-12-06 06:01:37+00:00,1,,,8760.0,16317.0,0.23851542550022592,-0.6114337137678488,-0.054488959167710314,0.004753338369163321,-0.05738860713727523,-0.07412946629464255,-0.16547143701628758,-0.03231283449775203,-0.04317344340611509,0.0778669440877906,-0.07791647071836902,0.07090034106747711,-0.026172253256940618,-0.15334582495827825,0.28748156146469017,-0.1482292857992833,0.06852539126647902,-0.3012493410357806,0.02313302321270807,-0.008431530244752898,-0.039768111103099996,-0.05816090055260583,-0.023487699131707573,0.05393564252282038,0.04095250473658998,-0.03707202918461854,6.717,0.0,2.0,285.0,0.0,14.0,4.0,0.0,0.0,3.0,0.0,10.0,18.0,0.9815126050420168,1.0,0.0,1.0,1.0,78968.0,4580.0,0.0,0,40.0,373.0,98350
8353984,2024-12-05 03:51:14+00:00,1,"[0, 0, 1, 1, 1, 0, 0, 1, 0, 0, 1, 1, 1, 1, 1, 1, 1, 1, 1]","[1, 1, 1, 1, 1, 1, 1, 1, 1, 1, 1, 1, 1, 1, 1, 1, 1, 1, 1, 1, 1, 1, 1, 1, 1, 1, 1, 1, 1, 1, 1, 1, 1, 1]",31576.0,651.0,0.2385898029633971,-0.6114337137678488,0.26094868650223196,-0.5083517388880758,-0.05738860713727523,-0.05564041606933876,-0.16547143701628758,-0.03231283449775203,-0.04317344340611509,0.0778669440877906,-0.06544171956609646,-0.0069440649306055586,-0.026172253256940618,-0.46958011525157795,-0.03481326916714037,0.13611650753568505,0.06852539126647902,0.09263075257175206,-0.08168565936984104,0.12181209640599021,-0.009607996814591997,0.15904631144217646,0.04284707524103316,-0.016179347188425074,0.015592503790590144,-0.018828211620055532,6.717,8074.0,8.0,252.0,0.5263157894736842,30.0,4.0,0.6842105263157895,0.0,13.0,1.0,3.0,39.0,1.1651660516605167,0.0,0.0,0.0,329.0,66.0,4427.0,1.0,1,28.0,316.0,80474
8470527,2024-12-07 23:27:05+00:00,1,,,45000.0,16317.0,0.23907623500654612,-0.6114337137678488,-0.054488959167710314,0.004753338369163321,-0.06670879924340213,-0.07412946629464255,0.1880244731129659,-0.03231283449775203,-0.04317344340611509,-0.048236128980226715,-0.09921592132150975,0.07090034106747711,-0.026172253256940618,0.14199482941539582,-0.03481326916714037,0.13611650753568505,0.06852539126647902,0.09263075257175206,-0.08168565936984104,-0.008431530244752898,-0.009607996814591997,-0.05816090055260583,-0.023487699131707573,-0.016179347188425074,-0.053592719399028974,0.141236061144545,6.717,0.0,2.0,600.0,0.0,2.0,0.0,0.0,3.0,0.0,0.0,10.0,7.0,1.6,0.0,0.0,0.0,329.0,4079.0,3700.0,0.0,0,0.0,275.0,0
8462221,2024-12-04 22:16:23+00:00,1,,"[0, 0, 1]",11471.0,16317.0,0.23962807564221703,-0.6114337137678488,-0.054488959167710314,0.004753338369163321,-0.05738860713727523,-0.07412946629464255,-0.043774865933036713,-0.03231283449775203,-0.04317344340611509,-0.4142474070967134,0.2659552272166623,-0.09236929204096728,-0.026172253256940618,-0.10985411191684905,0.28748156146469017,0.13611650753568505,-0.12296996338010098,0.09263075257175206,0.02313302321270807,-0.008431530244752898,-0.039768111103099996,-0.05816090055260583,-0.023487699131707573,-0.016179347188425074,-0.053592719399028974,-0.018828211620055532,6.717,0.0,2.0,299.0,0.3333333333333333,7.0,1.0,0.0,4.0,54.0,2.0,10.0,15.0,0.906798418972332,0.0,2.0,0.0,1.0,17068.0,4800.0,0.5,0,12.0,126.0,59109
8469783,2024-12-07 07:13:23+00:00,1,,,21179.0,16317.0,0.241128319870351,-0.6114337137678488,-0.054488959167710314,0.004753338369163321,-0.06670879924340213,-0.07412946629464255,-0.14267212177429597,-0.03231283449775203,-0.04317344340611509,-0.4142474070967134,0.2659552272166623,0.07090034106747711,-0.026172253256940618,0.021081495765742912,0.16413019796925432,-0.1482292857992833,0.06852539126647902,0.09263075257175206,0.02313302321270807,-0.008431530244752898,-0.039768111103099996,-0.05816090055260583,-0.023487699131707573,-0.016179347188425074,-0.053592719399028974,-0.018828211620055532,6.717,0.0,2.0,600.0,0.0,9.0,0.0,0.0,5.0,44.0,0.0,10.0,10.0,1.123435179291322,1.0,0.0,0.0,1.0,78968.0,4833.0,0.0,0,0.0,201.0,66400
8461248,2024-12-04 04:28:35+00:00,1,,,20141.0,16317.0,0.2412863527634996,-0.6114337137678488,-0.054488959167710314,0.004753338369163321,-0.06670879924340213,-0.07412946629464255,-0.14267212177429597,-0.03231283449775203,-0.04317344340611509,0.0778669440877906,0.08779149858909129,-0.09236929204096728,-0.026172253256940618,-0.10985411191684905,-0.03481326916714037,-0.1482292857992833,0.06852539126647902,0.09263075257175206,0.02313302321270807,0.12181209640599021,-0.009607996814591997,-0.05816090055260583,-0.023487699131707573,-0.016179347188425074,-0.053592719399028974,-0.03707202918461854,6.717,0.0,2.0,328.0,0.0,10.0,2.0,0.0,0.0,26.0,2.0,10.0,14.0,1.3036245954692556,1.0,0.0,0.0,1.0,87.0,4400.0,0.0,0,6.0,133.0,110308
8471751,2024-12-08 05:27:14+00:00,0,,,20322.0,16317.0,0.24152526015359688,-0.6114337137678488,-0.054488959167710314,0.004753338369163321,-0.05738860713727523,-0.07412946629464255,0.1880244731129659,-0.03231283449775203,-0.04317344340611509,-0.4142474070967134,0.08779149858909129,0.07090034106747711,-0.026172253256940618,0.021081495765742912,-0.03481326916714037,0.13611650753568505,0.06852539126647902,0.09263075257175206,0.02313302321270807,-0.008431530244752898,0.04544625733308562,-0.05816090055260583,0.04284707524103316,-0.016179347188425074,-0.053592719399028974,-0.0035377154089891926,6.717,0.0,2.0,284.0,0.0,2.0,0.0,0.0,4.0,26.0,0.0,10.0,11.0,1.1746820809248555,0.0,0.0,0.0,4.0,9549.0,3000.0,0.0,1,12.0,286.0,50244
8472452,2024-12-08 05:13:42+00:00,1,"[1, 1, 1, 1, 1, 1, 1, 1, 1, 1, 1, 1, 1, 1, 1, 1, 1, 1, 1, 1, 1, 1, 1, 0, 0, 0, 1, 0, 1, 1, 1, 1, 1, 1, 1, 1, 1, 1, 1, 1, 1, 1, 1, 1, 1]",,22911.0,424.0,0.24161886346137756,-0.6114337137678488,-0.054488959167710314,0.2259612567881653,-0.05738860713727523,-0.05564041606933876,0.01584713069282676,-0.03231283449775203,-0.04317344340611509,0.0778669440877906,-0.07791647071836902,0.07090034106747711,0.13238330771477913,0.14199482941539582,-0.03481326916714037,-0.1482292857992833,0.06852539126647902,-0.3012493410357806,0.02313302321270807,-0.008431530244752898,-0.039768111103099996,-0.05816090055260583,0.04284707524103316,-0.016179347188425074,-0.053592719399028974,0.141236061144545,6.717,0.0,1.0,220.0,0.5333333333333333,6.0,4.0,0.9111111111111111,0.0,3.0,0.0,1.0,6.0,1.2570503676067157,1.0,0.0,1.0,1.0,338.0,7455.0,0.0,1,29.0,65.0,22558
8437349,2024-12-02 23:58:51+00:00,1,,,13498.0,16317.0,0.24166432700296112,-0.6114337137678488,-0.054488959167710314,0.2259612567881653,-0.06670879924340213,-0.07412946629464255,-0.16547143701628758,-0.03231283449775203,-0.04317344340611509,0.0778669440877906,0.035324081286162975,-0.09236929204096728,-0.026172253256940618,0.08251752792097579,-0.03481326916714037,0.13611650753568505,-0.12296996338010098,0.09263075257175206,0.02313302321270807,-0.008431530244752898,-0.039768111103099996,-0.05816090055260583,-0.023487699131707573,-0.016179347188425074,0.015592503790590144,-0.018828211620055532,6.717,0.0,1.0,344.0,0.0,162.0,3.0,0.0,0.0,21.0,99.0,10.0,8.0,1.216036036036036,0.0,16.0,0.0,1.0,78968.0,4500.0,0.0,0,9.0,345.0,86715
8469199,2024-12-07 05:00:32+00:00,1,"[1, 0, 0, 1, 0, 0, 0, 0, 0, 1, 1, 1, 1, 0, 1, 1, 1, 1, 0, 1, 1, 1, 1, 1, 1, 1]","[0, 0, 0, 0, 0, 0, 0, 0, 0, 0, 0, 0, 0, 0, 0, 0, 0, 0, 0, 0, 0, 0, 0, 0, 0, 0, 1, 1, 1, 1]",19772.0,16317.0,0.24178820379258187,-0.6114337137678488,-0.054488959167710314,0.004753338369163321,-0.06670879924340213,-0.07412946629464255,-0.14267212177429597,-0.03231283449775203,-0.04317344340611509,0.0778669440877906,-0.07791647071836902,-0.09236929204096728,-0.026172253256940618,0.25953741616204173,-0.03481326916714037,0.13611650753568505,0.06852539126647902,0.09263075257175206,-0.08168565936984104,-0.008431530244752898,-0.009607996814591997,-0.05816090055260583,-0.023487699131707573,-0.016179347188425074,-0.053592719399028974,0.008044419973869708,6.717,0.0,2.0,394.0,0.04196047008547008,9.0,6.0,0.6538461538461539,0.0,7.0,6.0,10.0,4.0,1.23575,0.0,0.0,0.0,329.0,78968.0,4000.0,0.24516129032258063,0,19.0,99.0,44905
8437174,2024-12-02 23:03:40+00:00,1,"[0, 0, 0, 0, 1, 1, 0, 0, 1, 1, 1, 1, 1, 1, 1, 1, 1, 1, 1, 1, 1, 1, 1, 1]","[0, 1, 1, 1, 1, 1, 1, 1, 1, 1, 1, 1, 1, 1, 1, 1]",12760.0,190.0,0.24182018641244304,-0.6114337137678488,-0.054488959167710314,-0.1165395030712408,-0.05738860713727523,-0.07412946629464255,-0.16547143701628758,-0.03231283449775203,-0.04317344340611509,0.0778669440877906,-0.07791647071836902,-0.0069440649306055586,-0.026172253256940618,-0.3292197513569699,0.28748156146469017,-0.1482292857992833,0.06852539126647902,-0.3012493410357806,0.02313302321270807,-0.008431530244752898,-0.009607996814591997,0.15904631144217646,0.04284707524103316,-0.016179347188425074,-0.053592719399028974,-0.018828211620055532,6.717,0.0,3.0,296.0,0.04285230352303523,14.0,5.0,0.75,1.0,9.0,1.0,5.0,27.0,1.0047244094488188,1.0,0.0,1.0,1.0,2404.0,3800.0,0.9926470588235294,1,23.0,215.0,86617
8467673,2024-12-06 23:51:06+00:00,0,,,17475.0,16317.0,0.24193931881224154,-0.6114337137678488,-0.054488959167710314,0.004753338369163321,-0.05738860713727523,-0.07412946629464255,0.14385053025774988,-0.03231283449775203,-0.04317344340611509,0.0778669440877906,-0.07791647071836902,-0.0069440649306055586,-0.026172253256940618,0.021081495765742912,-0.03481326916714037,-0.1482292857992833,0.06852539126647902,-0.3012493410357806,0.02313302321270807,0.12181209640599021,0.04544625733308562,-0.05816090055260583,0.04284707524103316,-0.016179347188425074,-0.053592719399028974,-0.0035377154089891926,6.717,0.0,2.0,291.0,0.0,4.0,1.0,0.0,0.0,7.0,1.0,10.0,11.0,1.2071704890853827,1.0,0.0,1.0,1.0,197.0,3120.0,0.0,1,9.0,34.0,53087
8463367,2024-12-05 03:13:09+00:00,1,,"[0, 0, 0, 0, 0, 0, 0, 0, 0, 0, 0, 0, 0, 0, 0, 0, 0, 0, 0, 0, 0, 1, 1, 1, 1, 1, 1, 1, 1, 1, 1, 1, 1, 1, 1, 1, 1, 1, 1, 1, 1, 1, 1, 1, 1, 1, 1, 1, 1, 1, 1, 1, 1, 1, 1, 1, 1, 1, 1, 1, 1, 1, 1, 1, 1, 1, 1, 1, 1, 1, 1, 1, 1]",12581.0,16317.0,0.24234056439436322,-0.6114337137678488,-0.054488959167710314,0.004753338369163321,-0.06670879924340213,-0.07412946629464255,-0.16547143701628758,0.030500288512228284,-0.04317344340611509,0.0778669440877906,-0.06544171956609646,-0.09236929204096728,-0.026172253256940618,0.021081495765742912,0.16413019796925432,-0.1482292857992833,-0.12296996338010098,0.09263075257175206,0.02313302321270807,-0.008431530244752898,-0.009607996814591997,-0.05484988672575293,-0.023487699131707573,-0.016179347188425074,-0.053592719399028974,-0.018828211620055532,6.717,0.0,2.0,408.0,0.0136986301369863,15.0,9.0,0.0,0.0,18.0,4.0,10.0,11.0,1.0506054279749477,1.0,1.0,0.0,5.0,2815.0,3968.0,0.914476119955572,0,13.0,125.0,79083
8469261,2024-12-07 05:14:40+00:00,1,,"[0, 0, 0, 0, 0, 0, 0, 0, 0, 0, 0, 0, 0, 0, 0, 0, 0, 0, 0, 0, 0, 0, 0, 0, 0, 0, 0, 0, 0, 0, 0, 0, 1, 1, 1]",35720.0,16317.0,0.2425293841795312,-0.6114337137678488,-0.054488959167710314,0.004753338369163321,-0.05738860713727523,-0.07412946629464255,-0.14267212177429597,-0.03231283449775203,-0.04317344340611509,-0.4142474070967134,0.2659552272166623,-0.09236929204096728,-0.026172253256940618,0.08251752792097579,0.28748156146469017,-0.1482292857992833,-0.12296996338010098,0.09263075257175206,-0.08168565936984104,-0.008431530244752898,-0.039768111103099996,-0.05816090055260583,-0.023487699131707573,-0.016179347188425074,-0.053592719399028974,0.141236061144545,6.717,0.0,2.0,299.0,0.02857142857142857,12.0,0.0,0.0,4.0,37.0,3.0,9.0,8.0,0.8157113496232017,1.0,1.0,0.0,329.0,773.0,5525.0,0.1619047619047619,0,0.0,220.0,22
8438861,2024-12-03 05:25:27+00:00,0,"[1, 1, 1, 1, 1, 1, 1, 1, 1, 1, 1, 1]","[0, 1, 0, 0, 1, 1, 1, 1, 1, 1, 1, 1, 1, 1, 1, 1, 1, 1, 1, 1, 1, 1, 1, 1, 1, 1, 1, 1, 1]",23040.0,469.0,0.24287859144172091,-0.6114337137678488,-0.054488959167710314,-0.5083517388880758,-0.05738860713727523,-0.05564041606933876,-0.16547143701628758,-0.03231283449775203,0.1740873916033103,0.0778669440877906,-0.07791647071836902,-0.0069440649306055586,0.13238330771477913,-0.46958011525157795,0.16413019796925432,0.13611650753568505,0.06852539126647902,-0.3012493410357806,0.02313302321270807,-0.008431530244752898,0.04544625733308562,0.15904631144217646,0.04284707524103316,-0.016179347188425074,-0.053592719399028974,-0.018828211620055532,6.717,0.0,8.0,240.0,0.5172413793103449,33.0,5.0,1.0,0.0,2.0,1.0,1.0,41.0,1.0448979591836736,0.0,0.0,1.0,1.0,78968.0,3250.0,0.9816091954022989,1,16.0,104.0,84186
8471674,2024-12-08 03:09:23+00:00,1,,,20939.0,16317.0,0.24323686557827046,-0.6114337137678488,-0.054488959167710314,0.2259612567881653,-0.06670879924340213,-0.07412946629464255,-0.043774865933036713,-0.03231283449775203,-0.04317344340611509,0.0778669440877906,-0.07791647071836902,0.07090034106747711,-0.026172253256940618,0.021081495765742912,-0.03481326916714037,0.13611650753568505,-0.12296996338010098,0.09263075257175206,0.02313302321270807,-0.008431530244752898,-0.009607996814591997,-0.05816090055260583,-0.023487699131707573,-0.016179347188425074,0.04095250473658998,-0.018828211620055532,6.717,0.0,1.0,390.0,0.0,7.0,3.0,0.0,0.0,2.0,0.0,10.0,9.0,1.2867326245928838,0.0,1.0,0.0,1.0,688.0,4121.0,0.0,0,16.0,377.0,60143
8471197,2024-12-08 01:21:47+00:00,1,,,22004.0,16317.0,0.24330027372889385,-0.6114337137678488,-0.054488959167710314,0.2259612567881653,-0.06670879924340213,-0.07412946629464255,-0.16547143701628758,-0.03231283449775203,-0.04317344340611509,0.0778669440877906,-0.07791647071836902,-0.09236929204096728,-0.026172253256940618,0.14199482941539582,-0.03481326916714037,0.13611650753568505,-0.12296996338010098,0.09263075257175206,0.02313302321270807,-0.008431530244752898,-0.039768111103099996,-0.05816090055260583,-0.023487699131707573,-0.016179347188425074,-0.053592719399028974,0.141236061144545,6.717,0.0,1.0,422.0,0.0,162.0,1.0,0.0,0.0,10.0,99.0,10.0,6.0,1.2214943932496947,0.0,16.0,0.0,1.0,78968.0,5600.0,0.0,0,1.0,15.0,16
8470573,2024-12-07 23:33:59+00:00,1,,"[0, 0, 0, 0, 0, 0, 0, 0, 0, 0, 0, 0, 0, 0, 0, 0, 0, 0, 0, 0, 0, 0, 0, 0, 0, 0, 0, 0, 0, 0, 0, 0, 0, 0, 0, 0, 0, 0, 0, 1, 1, 1, 1]",27103.0,16317.0,0.2433283030843392,-0.6114337137678488,-0.054488959167710314,-0.23295731524514138,-0.06670879924340213,-0.07412946629464255,-0.16547143701628758,-0.03231283449775203,-0.04317344340611509,0.0778669440877906,0.035324081286162975,0.07090034106747711,-0.026172253256940618,-0.2062583476798761,0.28748156146469017,0.13611650753568505,-0.12296996338010098,0.09263075257175206,-0.08168565936984104,-0.008431530244752898,-0.009607996814591997,-0.05816090055260583,-0.023487699131707573,-0.016179347188425074,-0.053592719399028974,0.141236061144545,6.717,0.0,4.0,532.0,0.023255813953488372,16.0,2.0,0.0,0.0,24.0,0.0,9.0,23.0,1.004372799703539,0.0,2.0,0.0,329.0,1159.0,4049.0,0.17547568710359407,0,10.0,228.0,10
8438856,2024-12-03 05:25:11+00:00,1,,,21871.0,16317.0,0.24368333193684028,-0.6114337137678488,-0.054488959167710314,0.2259612567881653,-0.05738860713727523,-0.07412946629464255,-0.16547143701628758,-0.03231283449775203,-0.04317344340611509,0.0778669440877906,0.035324081286162975,-0.09236929204096728,-0.026172253256940618,0.14199482941539582,-0.03481326916714037,0.13611650753568505,-0.12296996338010098,0.09263075257175206,0.02313302321270807,-0.008431530244752898,-0.039768111103099996,-0.05816090055260583,-0.023487699131707573,-0.016179347188425074,-0.053592719399028974,-0.03707202918461854,6.717,1.0,1.0,275.0,0.0,162.0,5.0,0.0,0.0,25.0,99.0,10.0,6.0,1.3735476982980594,0.0,16.0,0.0,1.0,78968.0,7000.0,0.0,0,30.0,26.0,116597
8472348,2024-12-08 04:52:09+00:00,1,"[1, 1, 1, 1, 0, 1, 0, 0, 1, 1, 1, 1]",,46976.0,558.0,0.2439403209552158,-0.6114337137678488,-0.054488959167710314,0.004753338369163321,-0.06670879924340213,0.17561735485816402,-0.14267212177429597,-0.03231283449775203,-0.04317344340611509,0.0778669440877906,-0.06544171956609646,0.07090034106747711,-0.026172253256940618,-0.2062583476798761,-0.03481326916714037,0.13611650753568505,0.06852539126647902,0.09263075257175206,0.02313302321270807,-0.008431530244752898,-0.009607996814591997,-0.05816090055260583,0.04284707524103316,-0.016179347188425074,-0.053592719399028974,-0.018828211620055532,6.717,0.0,2.0,334.0,0.7083333333333334,10.0,3.0,0.75,0.0,14.0,0.0,2.0,20.0,1.1976035691523264,0.0,0.0,0.0,1.0,78968.0,4000.0,0.0,1,18.0,112.0,57132
8463121,2024-12-05 02:15:56+00:00,1,"[0, 0, 1, 1, 1, 1, 1]",[1],748.0,16317.0,0.24399955062024062,-0.6114337137678488,0.26094868650223196,-0.5083517388880758,-0.06670879924340213,-0.05564041606933876,-0.16547143701628758,0.030500288512228284,-0.04317344340611509,-0.4142474070967134,-0.09921592132150975,-0.09236929204096728,-0.026172253256940618,-0.46958011525157795,0.28748156146469017,-0.1482292857992833,0.06852539126647902,0.09263075257175206,0.02313302321270807,-0.008431530244752898,-0.039768111103099996,0.15904631144217646,-0.023487699131707573,-0.016179347188425074,-0.053592719399028974,0.141236061144545,6.717,180.0,15.0,323.0,0.5714285714285714,37.0,7.0,0.7142857142857143,5.0,1.0,4.0,10.0,90.0,0.026595555555555556,1.0,0.0,0.0,1.0,78968.0,5403.0,1.0,0,10.0,214.0,0
8471557,2024-12-08 02:21:50+00:00,1,,"[0, 0, 0, 0, 1, 1, 1, 1, 1, 1, 1, 1, 1, 1, 1, 1, 1, 1, 1, 1, 1, 1, 1, 1, 1, 1, 1]",18949.0,16317.0,0.2445947161885391,-0.6114337137678488,-0.054488959167710314,0.004753338369163321,-0.05738860713727523,-0.05564041606933876,-0.16547143701628758,0.030500288512228284,-0.04317344340611509,0.0778669440877906,-0.07791647071836902,-0.0069440649306055586,-0.026172253256940618,0.08251752792097579,-0.03481326916714037,0.13611650753568505,-0.12296996338010098,0.09263075257175206,-0.08168565936984104,-0.008431530244752898,-0.039768111103099996,0.15904631144217646,-0.023487699131707573,-0.016179347188425074,-0.053592719399028974,0.141236061144545,6.717,0.0,2.0,238.0,0.4908403026682597,26.0,7.0,0.0,1.0,7.0,1.0,10.0,8.0,1.1466868381240545,0.0,1.0,0.0,329.0,959.0,5667.0,0.9735449735449735,0,9.0,234.0,23572
8464683,2024-12-05 21:34:11+00:00,1,,,26649.0,16317.0,0.2451699608728491,-0.6114337137678488,-0.054488959167710314,0.2259612567881653,-0.06670879924340213,-0.07412946629464255,-0.043774865933036713,-0.03231283449775203,-0.04317344340611509,0.0778669440877906,-0.06544171956609646,-0.0069440649306055586,-0.026172253256940618,0.08251752792097579,-0.03481326916714037,0.13611650753568505,-0.12296996338010098,0.09263075257175206,0.02313302321270807,-0.008431530244752898,-0.009607996814591997,-0.05816090055260583,-0.023487699131707573,-0.016179347188425074,-0.053592719399028974,-0.0035377154089891926,6.717,0.0,1.0,392.0,0.0,8.0,3.0,0.0,0.0,19.0,1.0,10.0,8.0,1.1778563535911601,0.0,1.0,0.0,1.0,544.0,3500.0,0.0,0,5.0,128.0,52999
8469584,2024-12-07 06:19:13+00:00,1,,"[0, 0, 0, 0, 0, 0, 0, 1, 1, 1, 1, 0, 0, 0, 1, 1, 1, 1, 1, 1, 1, 1, 1, 1, 1, 1, 1, 1, 1, 1, 1, 1, 1, 1, 1, 0, 0, 1, 1, 1, 1, 1, 1, 1, 1, 1, 1, 1, 1, 1, 1, 1, 1, 1, 1]",13746.0,16317.0,0.24536044064939383,-0.6114337137678488,-0.054488959167710314,0.004753338369163321,-0.06670879924340213,-0.05564041606933876,-0.14267212177429597,-0.03231283449775203,-0.04317344340611509,-0.048236128980226715,0.035324081286162975,-0.09236929204096728,-0.026172253256940618,0.14199482941539582,-0.03481326916714037,0.13611650753568505,0.06852539126647902,0.09263075257175206,0.02313302321270807,-0.008431530244752898,-0.039768111103099996,-0.05484988672575293,-0.023487699131707573,-0.016179347188425074,-0.053592719399028974,-0.018828211620055532,6.717,0.0,2.0,452.0,0.509090909090909,11.0,3.0,0.0,3.0,21.0,2.0,9.0,7.0,1.1748717948717948,0.0,0.0,0.0,1.0,1050.0,7000.0,0.9090909090909091,0,13.0,201.0,87156
8464057,2024-12-05 05:52:21+00:00,1,,"[0, 0, 0, 0, 0, 0, 0, 0, 0, 0, 0, 0, 0, 0, 0, 0, 0, 0, 0, 0, 0, 0, 1, 1, 1]",21422.0,16317.0,0.24549750608146553,-0.6114337137678488,-0.054488959167710314,-0.23295731524514138,-0.05738860713727523,-0.05564041606933876,-0.043774865933036713,-0.03231283449775203,-0.04317344340611509,-0.4142474070967134,0.08779149858909129,-0.0069440649306055586,-0.026172253256940618,0.08251752792097579,0.16413019796925432,0.13611650753568505,0.06852539126647902,0.09263075257175206,0.02313302321270807,-0.008431530244752898,-0.039768111103099996,-0.05816090055260583,-0.023487699131707573,-0.016179347188425074,-0.053592719399028974,0.141236061144545,6.717,0.0,4.0,297.0,0.52,8.0,0.0,0.0,5.0,27.0,1.0,9.0,8.0,1.0713678419604902,0.0,0.0,0.0,1.0,473.0,6041.0,0.22153846153846155,0,0.0,221.0,19252
8438653,2024-12-03 04:44:44+00:00,0,"[0, 1, 1, 1, 1, 1, 1, 1, 1]",,31770.0,16317.0,0.2459265214427202,-0.6114337137678488,-0.054488959167710314,-0.23295731524514138,-0.06670879924340213,-0.07412946629464255,0.14385053025774988,-0.03231283449775203,-0.04317344340611509,0.0778669440877906,-0.07791647071836902,-0.09236929204096728,0.13238330771477913,-0.01066169917084148,-0.03481326916714037,0.13611650753568505,0.06852539126647902,0.09263075257175206,-0.08168565936984104,-0.008431530244752898,0.04544625733308562,-0.05816090055260583,0.04284707524103316,-0.016179347188425074,0.04095250473658998,0.008044419973869708,6.717,0.0,4.0,309.0,0.1111111111111111,4.0,3.0,0.8888888888888888,0.0,9.0,2.0,1.0,12.0,1.1910028116213682,0.0,0.0,0.0,329.0,78968.0,2700.0,0.0,1,8.0,371.0,31910
8471876,2024-12-08 03:23:10+00:00,1,,"[0, 1]",13578.0,16317.0,0.24647754206702085,-0.6114337137678488,-0.054488959167710314,-0.23295731524514138,-0.06670879924340213,-0.05564041606933876,-0.043774865933036713,-0.03231283449775203,-0.04317344340611509,0.0778669440877906,0.035324081286162975,-0.0069440649306055586,-0.026172253256940618,-0.3292197513569699,0.28748156146469017,-0.1482292857992833,0.06852539126647902,0.09263075257175206,-0.08168565936984104,-0.008431530244752898,-0.009607996814591997,-0.05816090055260583,-0.023487699131707573,-0.016179347188425074,-0.053592719399028974,-0.0035377154089891926,6.717,0.0,4.0,600.0,0.5,8.0,0.0,0.0,0.0,22.0,1.0,10.0,25.0,0.8118385650224216,1.0,0.0,0.0,329.0,1225.0,3500.0,0.6666666666666666,0,0.0,159.0,53479
8438447,2024-12-03 04:03:46+00:00,1,"[1, 1, 1, 0, 0, 0, 1, 1, 1, 0, 1, 1, 1, 1, 0, 0, 1, 1, 1, 1, 1, 1, 1, 1, 1, 1, 1, 1, 1, 1, 1, 1, 1, 1, 1, 1, 1, 1, 1, 1, 1]","[1, 1, 1, 1, 1, 1, 0, 1, 0, 0, 1, 0, 1, 1, 1, 1, 1]",12696.0,343.0,0.24690175233521977,-0.6114337137678488,-0.054488959167710314,-0.1165395030712408,-0.05738860713727523,-0.05564041606933876,-0.043774865933036713,-0.03231283449775203,-0.04317344340611509,0.0778669440877906,0.08779149858909129,-0.0069440649306055586,-0.026172253256940618,0.021081495765742912,0.16413019796925432,-0.1482292857992833,-0.12296996338010098,-0.3012493410357806,0.02313302321270807,-0.008431530244752898,0.04544625733308562,-0.05484988672575293,0.04284707524103316,-0.016179347188425074,-0.053592719399028974,-0.03707202918461854,6.717,0.0,3.0,224.0,0.5418651362984217,7.0,0.0,0.8536585365853658,0.0,33.0,1.0,8.0,11.0,1.0805106382978724,1.0,1.0,1.0,1.0,78968.0,2989.0,0.7516339869281046,1,4.0,243.0,113732
8466088,2024-12-06 03:48:38+00:00,1,,"[0, 0, 0, 0, 0, 0, 0, 0, 0, 0, 0, 0, 0, 0, 0, 0, 0, 0, 0, 0, 0, 0, 0, 0, 0, 0, 0, 0, 0, 0, 0, 0, 0, 0, 0, 0, 0, 0, 0, 0, 0, 0, 1, 1, 1, 1, 1, 1, 1]",12823.0,16317.0,0.2469139341522676,-0.6114337137678488,-0.054488959167710314,0.2259612567881653,-0.06670879924340213,-0.07412946629464255,0.01584713069282676,-0.03231283449775203,-0.04317344340611509,-0.4142474070967134,-0.06544171956609646,0.07090034106747711,-0.026172253256940618,0.14199482941539582,0.28748156146469017,-0.1482292857992833,-0.12296996338010098,0.09263075257175206,0.02313302321270807,-0.008431530244752898,-0.039768111103099996,-0.05816090055260583,0.04284707524103316,-0.016179347188425074,-0.053592719399028974,-0.018828211620055532,6.717,0.0,1.0,600.0,0.02040816326530612,5.0,0.0,0.0,4.0,13.0,0.0,8.0,7.0,0.985399216168447,1.0,1.0,0.0,6.0,576.0,7000.0,0.26285714285714284,1,2.0,131.0,81845
8466985,2024-12-06 07:36:46+00:00,1,,"[0, 0, 0, 0, 0, 0, 0, 0, 0, 0, 0, 0, 0, 0, 0, 0, 0, 0, 0, 0, 0, 1, 1, 1, 1, 1, 1, 1, 1, 1, 0, 0, 0]",19909.0,16317.0,0.24697254753335288,-0.6114337137678488,-0.054488959167710314,-0.23295731524514138,0.11939328962621384,-0.07412946629464255,-0.16547143701628758,0.030500288512228284,-0.04317344340611509,0.0778669440877906,-0.07791647071836902,0.07090034106747711,-0.026172253256940618,-0.10985411191684905,-0.03481326916714037,0.13611650753568505,0.06852539126647902,0.09263075257175206,0.02313302321270807,-0.008431530244752898,-0.039768111103099996,-0.05816090055260583,0.04284707524103316,-0.016179347188425074,-0.053592719399028974,-0.018828211620055532,6.717,0.0,4.0,187.0,0.3526936026936027,14.0,12.0,0.0,0.0,2.0,0.0,9.0,15.0,1.1575,0.0,0.0,0.0,17.0,7847.0,6577.0,0.41711229946524064,1,8.0,260.0,79942
8468524,2024-12-08 06:25:12+00:00,1,"[1, 1, 0, 0, 1, 1, 1, 1, 1, 1, 1, 1]","[0, 1]",1912.0,16317.0,0.24704821662570436,-0.6114337137678488,-0.054488959167710314,-0.1165395030712408,-0.06670879924340213,-0.07412946629464255,0.01584713069282676,-0.03231283449775203,-0.04317344340611509,-0.048236128980226715,-0.07791647071836902,0.07090034106747711,-0.026172253256940618,0.021081495765742912,0.28748156146469017,-0.1482292857992833,0.06852539126647902,-0.3012493410357806,0.02313302321270807,-0.008431530244752898,-0.009607996814591997,-0.05816090055260583,-0.023487699131707573,-0.016179347188425074,-0.053592719399028974,-0.018828211620055532,6.717,0.0,3.0,366.0,0.375,6.0,1.0,0.8333333333333334,3.0,9.0,0.0,10.0,9.0,0.12229755660739414,1.0,0.0,1.0,1.0,1092.0,3712.0,0.6666666666666666,0,20.0,130.0,76561
8437864,2024-12-03 01:59:22+00:00,1,,"[0, 0, 0, 0, 0, 0, 0, 0, 0, 0, 0, 0, 0, 0, 0, 0, 0, 0, 0, 0, 0, 0, 0, 0, 0, 0, 0, 0, 0, 0, 0, 0, 0, 0, 0, 0, 0, 1, 1, 1, 1]",16584.0,16317.0,0.24711564082112467,-0.6114337137678488,-0.054488959167710314,0.2259612567881653,-0.05738860713727523,-0.07412946629464255,-0.14267212177429597,-0.03231283449775203,-0.04317344340611509,-0.4142474070967134,-0.07791647071836902,-0.0069440649306055586,-0.026172253256940618,0.021081495765742912,0.28748156146469017,0.13611650753568505,0.06852539126647902,-0.3012493410357806,0.02313302321270807,-0.008431530244752898,-0.009607996814591997,-0.05816090055260583,-0.023487699131707573,-0.016179347188425074,-0.053592719399028974,-0.0035377154089891926,6.717,0.0,1.0,294.0,0.027820121951219513,9.0,5.0,0.0,4.0,6.0,1.0,8.0,10.0,0.9990361445783132,0.0,0.0,1.0,4.0,2224.0,4149.0,0.1835075493612079,0,21.0,245.0,50595
8422012,2024-12-06 00:22:22+00:00,0,,,26259.0,16317.0,0.24717251766062823,-0.6114337137678488,-0.054488959167710314,0.2259612567881653,-0.06670879924340213,-0.07412946629464255,0.4194777125113977,-0.03231283449775203,-0.04317344340611509,-0.4142474070967134,-0.09921592132150975,0.07090034106747711,-0.026172253256940618,0.47334886807418025,-0.03481326916714037,-0.1482292857992833,0.06852539126647902,-0.3012493410357806,-0.08168565936984104,-0.008431530244752898,0.08965056778496559,-0.05816090055260583,0.04284707524103316,-0.016179347188425074,-0.053592719399028974,-0.03707202918461854,6.717,0.0,1.0,600.0,0.0,1.0,0.0,0.0,5.0,0.0,0.0,10.0,2.0,1.1779033777418921,1.0,0.0,1.0,329.0,78968.0,2479.0,0.0,1,0.0,0.0,109901
8380774,2024-12-05 20:20:28+00:00,1,"[0, 0, 0, 0, 0, 0, 0, 0, 0, 0, 0, 0, 0, 0, 0, 0, 0, 0, 0, 0, 0, 0, 1, 1, 0, 1, 0, 1, 1, 1, 1, 0, 0, 0, 0, 0, 1, 1, 1, 1, 1, 1]","[0, 0, 0, 0, 0, 0, 0, 0, 0, 0, 0, 0, 0, 0, 0, 0, 0, 0, 0, 0, 0, 0, 0, 0, 0, 0, 0, 0, 0, 0, 1, 0, 1, 0, 0, 0, 0, 1, 1, 1, 1, 1, 1, 1, 1, 1, 1, 1, 1, 1, 1, 1, 1, 1, 1, 1, 1, 1, 1, 1, 0, 1, 1, 1, 1, 1, 1, 1, 1, 1, 1, 1, 1, 1]",34441.0,16317.0,0.24737302659686375,-0.6114337137678488,-0.054488959167710314,0.004753338369163321,-0.06670879924340213,-0.07412946629464255,-0.14267212177429597,-0.03231283449775203,-0.04317344340611509,-0.048236128980226715,0.2659552272166623,-0.0069440649306055586,-0.026172253256940618,0.08251752792097579,-0.03481326916714037,0.13611650753568505,0.06852539126647902,-0.3012493410357806,-0.08168565936984104,-0.008431530244752898,-0.039768111103099996,-0.05816090055260583,0.04284707524103316,-0.016179347188425074,-0.053592719399028974,0.141236061144545,6.717,0.0,2.0,312.0,0.016506053091418945,11.0,2.0,0.30952380952380953,3.0,43.0,1.0,10.0,8.0,1.4829278794402583,0.0,0.0,1.0,329.0,78968.0,5500.0,0.7477477477477478,1,12.0,143.0,7479
8465580,2024-12-06 01:56:51+00:00,1,"[0, 0, 0, 0, 0, 0, 0, 0, 0, 0, 0, 0, 1, 0, 0, 0, 0, 0, 0, 0, 0, 1, 1, 0, 0, 0, 0, 0, 1, 0, 0, 1, 1, 0, 1, 1, 1, 0, 1, 1, 1, 1, 1, 1, 1]","[1, 1, 1, 1, 1]",18216.0,574.0,0.24751241907744886,-0.6114337137678488,-0.054488959167710314,-0.5083517388880758,-0.06670879924340213,-0.05564041606933876,-0.16547143701628758,-0.03231283449775203,-0.04317344340611509,0.0778669440877906,-0.07791647071836902,-0.09236929204096728,-0.026172253256940618,-0.10985411191684905,0.28748156146469017,0.13611650753568505,-0.12296996338010098,0.09263075257175206,0.02313302321270807,-0.008431530244752898,-0.009607996814591997,0.15904631144217646,-0.023487699131707573,-0.016179347188425074,-0.053592719399028974,0.008044419973869708,6.717,6.0,7.0,306.0,0.5111111111111111,37.0,6.0,0.35555555555555557,0.0,6.0,6.0,4.0,14.0,0.9859810554803788,0.0,2.0,0.0,1.0,836.0,3500.0,1.0,0,17.0,209.0,32014
8438659,2024-12-03 04:45:28+00:00,1,,"[0, 0, 0, 0, 0, 0, 0, 0, 0, 0, 0, 0, 0, 0, 0, 0, 0, 0, 0, 0, 0, 0, 0, 0, 0, 0, 0, 1, 0, 0, 0, 0, 0, 0, 1, 0, 0, 0, 1, 0, 0, 1, 1, 1, 0, 0, 0, 1, 1, 1, 1, 1, 1, 1, 1, 0, 0, 1, 0, 0, 0, 0, 1, 1]",26292.0,16317.0,0.24771458543588445,-0.6114337137678488,-0.054488959167710314,-0.23295731524514138,-0.06670879924340213,-0.07412946629464255,-0.16547143701628758,-0.03231283449775203,-0.04317344340611509,-0.4142474070967134,0.2659552272166623,-0.09236929204096728,-0.026172253256940618,-0.46958011525157795,0.28748156146469017,0.13611650753568505,0.06852539126647902,0.09263075257175206,0.02313302321270807,-0.008431530244752898,-0.009607996814591997,-0.05816090055260583,-0.023487699131707573,-0.016179347188425074,-0.053592719399028974,0.141236061144545,6.717,0.0,5.0,308.0,0.19795334507042253,21.0,0.0,0.0,4.0,36.0,5.0,9.0,37.0,0.9664044696022936,0.0,0.0,0.0,1.0,1701.0,4000.0,0.39807692307692305,0,12.0,262.0,24
8461915,2024-12-05 00:17:40+00:00,1,,,8881.0,16317.0,0.24795241956756991,-0.6114337137678488,-0.054488959167710314,-0.5083517388880758,-0.06670879924340213,-0.07412946629464255,-0.16547143701628758,-0.03231283449775203,-0.04317344340611509,0.0778669440877906,0.035324081286162975,0.07090034106747711,-0.026172253256940618,-0.3292197513569699,0.28748156146469017,0.13611650753568505,0.06852539126647902,0.09263075257175206,0.02313302321270807,-0.008431530244752898,-0.009607996814591997,-0.05816090055260583,-0.023487699131707573,-0.016179347188425074,-0.053592719399028974,-0.0035377154089891926,6.717,0.0,8.0,308.0,0.0,21.0,2.0,0.0,0.0,22.0,0.0,10.0,29.0,0.8858852867830423,0.0,0.0,0.0,1.0,1853.0,3467.0,0.0,0,0.0,67.0,47823
8438328,2024-12-03 04:20:18+00:00,1,"[1, 0, 1, 1, 1, 1, 1, 1, 1, 1, 1, 1, 1, 1, 1, 0, 1, 1, 0, 1, 1, 0, 1, 1, 1, 1, 0, 1, 0, 0, 1, 1, 0, 1, 1, 1, 1, 0, 1, 1, 1, 1, 1, 1, 1, 1, 1, 0, 0, 1, 1, 1, 1, 1]",,26230.0,424.0,0.24826624502544506,-0.6114337137678488,0.23990797722314114,-0.1165395030712408,-0.05738860713727523,-0.07412946629464255,-0.14267212177429597,-0.03231283449775203,-0.04317344340611509,-0.048236128980226715,-0.07791647071836902,0.07090034106747711,-0.026172253256940618,-0.01066169917084148,-0.03481326916714037,-0.1482292857992833,0.06852539126647902,-0.3012493410357806,0.02313302321270807,-0.008431530244752898,-0.039768111103099996,-0.05816090055260583,-0.023487699131707573,0.22505449144967976,-0.053592719399028974,-0.018828211620055532,6.717,103.0,3.0,230.0,0.037037037037037035,9.0,3.0,0.7962962962962963,3.0,2.0,0.0,2.0,13.0,1.17491601343785,1.0,0.0,1.0,1.0,874.0,8286.099999999991,0.0,0,52.0,240.0,65250
8461472,2024-12-04 05:28:52+00:00,1,,,20997.0,16317.0,0.2485322702912391,-0.6114337137678488,-0.054488959167710314,0.2259612567881653,-0.05738860713727523,-0.07412946629464255,0.14385053025774988,-0.03231283449775203,-0.04317344340611509,-0.048236128980226715,-0.07791647071836902,-0.0069440649306055586,-0.026172253256940618,0.021081495765742912,-0.03481326916714037,-0.1482292857992833,0.06852539126647902,0.09263075257175206,0.02313302321270807,-0.008431530244752898,-0.039768111103099996,-0.05816090055260583,-0.023487699131707573,-0.016179347188425074,-0.053592719399028974,0.008044419973869708,6.717,0.0,1.0,301.0,0.0,3.0,1.0,0.0,3.0,8.0,1.0,10.0,9.0,1.2084604316546763,1.0,0.0,0.0,1.0,78968.0,4975.0,0.0,0,3.0,261.0,45196
8466430,2024-12-06 05:02:31+00:00,1,,"[0, 0, 0, 0, 0, 0, 0, 0, 0, 0, 0, 0, 0, 1, 1, 1, 1, 1, 1, 1, 1, 1, 0, 0, 0, 0, 0, 1, 1, 0, 1, 0, 1, 0, 0, 0, 0, 1, 1, 1, 1, 1, 1, 1, 1, 1, 0, 0, 0, 0, 1, 1, 0, 0, 1, 1, 1, 1, 1, 1, 1, 1, 1, 1, 1, 1, 1, 1, 1, 1, 1, 1, 1, 1, 1, 1, 1, 1]",13750.0,16317.0,0.24889414811476157,-0.6114337137678488,-0.054488959167710314,-0.1165395030712408,-0.05738860713727523,-0.07412946629464255,-0.14267212177429597,0.030500288512228284,-0.04317344340611509,-0.048236128980226715,-0.07791647071836902,-0.0069440649306055586,-0.026172253256940618,-0.3292197513569699,0.28748156146469017,0.13611650753568505,0.06852539126647902,-0.3012493410357806,0.02313302321270807,-0.008431530244752898,-0.039768111103099996,-0.05484988672575293,-0.023487699131707573,-0.016179347188425074,0.13525803582801485,-0.018828211620055532,6.717,0.0,3.0,292.0,0.01282051282051282,10.0,9.0,0.0,3.0,5.0,1.0,9.0,25.0,0.8943089430894309,0.0,0.0,1.0,1.0,4410.0,6500.0,0.7659850697825381,0,32.0,389.0,59388
8465030,2024-12-05 23:54:20+00:00,1,,"[0, 0, 0, 0, 0, 0, 0, 0, 0, 0, 0, 0, 0, 0, 0, 0, 1, 1]",9599.0,16317.0,0.24891890948223463,-0.6114337137678488,-0.054488959167710314,-0.1165395030712408,-0.06670879924340213,-0.07412946629464255,0.14385053025774988,-0.03231283449775203,-0.04317344340611509,0.0778669440877906,-0.07791647071836902,0.07090034106747711,-0.026172253256940618,-0.01066169917084148,-0.03481326916714037,0.13611650753568505,0.06852539126647902,0.09263075257175206,0.02313302321270807,-0.008431530244752898,-0.009607996814591997,-0.05816090055260583,-0.023487699131707573,-0.016179347188425074,-0.053592719399028974,-0.018828211620055532,6.717,0.0,3.0,330.0,0.27393511932985615,4.0,1.0,0.0,1.0,11.0,0.0,10.0,12.0,1.2074213836477987,0.0,0.0,0.0,1.0,78968.0,3500.0,0.2046783625730994,0,2.0,139.0,86850
8463022,2024-12-07 02:26:34+00:00,1,"[0, 0, 0, 1, 1, 1, 1, 1, 1, 1, 1, 1, 1, 1, 1, 1, 1, 1, 1, 1, 1, 1, 1, 1, 1, 1, 1, 1, 1, 1, 1, 1, 1, 1, 1, 1, 1, 1, 1, 1]","[1, 1, 1, 1, 1, 1, 1, 1, 1, 1, 1, 1, 1, 1, 1, 1, 1, 1, 1, 1, 1, 1, 1, 1, 1, 1, 1, 1, 1, 1, 1, 1, 1, 1, 1, 1, 1, 1, 1, 1, 1, 1, 1, 1, 1, 1, 1, 1, 1, 1, 1, 1]",24593.0,16317.0,0.2490448657361047,-0.6114337137678488,-0.054488959167710314,0.2259612567881653,-0.06670879924340213,-0.05564041606933876,-0.16547143701628758,-0.03231283449775203,-0.04317344340611509,0.0778669440877906,-0.07791647071836902,0.07090034106747711,-0.026172253256940618,0.021081495765742912,-0.03481326916714037,-0.1482292857992833,0.06852539126647902,-0.3012493410357806,0.02313302321270807,-0.008431530244752898,-0.039768111103099996,0.15904631144217646,-0.023487699131707573,-0.016179347188425074,0.015592503790590144,-0.018828211620055532,6.717,0.0,1.0,600.0,0.5125,14.0,5.0,0.925,1.0,8.0,0.0,10.0,11.0,1.1494204524210132,1.0,0.0,1.0,1.0,78968.0,7154.0,1.0,0,0.0,323.0,58826
8436501,2024-12-01 09:42:14+00:00,1,,"[0, 0, 0, 0, 0, 0, 0, 0, 0, 0, 0, 0, 0, 0, 0, 0, 0, 0, 0, 0, 0, 0, 0, 0, 0, 0, 0, 1, 1, 1, 1]",20230.0,16317.0,0.24906138747920825,-0.6114337137678488,-0.054488959167710314,0.004753338369163321,-0.06670879924340213,-0.07412946629464255,0.14385053025774988,0.030500288512228284,-0.04317344340611509,0.0778669440877906,-0.07791647071836902,-0.09236929204096728,-0.026172253256940618,-0.01066169917084148,-0.03481326916714037,-0.1482292857992833,-0.12296996338010098,0.09263075257175206,0.02313302321270807,-0.008431530244752898,0.04544625733308562,-0.05816090055260583,0.04284707524103316,-0.016179347188425074,-0.053592719399028974,0.008044419973869708,6.717,15.0,2.0,308.0,0.025932953826691967,3.0,8.0,0.0,0.0,9.0,2.0,9.0,12.0,1.1882525697503672,1.0,1.0,0.0,1.0,3905.0,3000.0,0.23790322580645162,1,25.0,229.0,30867
8439235,2024-12-03 06:41:05+00:00,1,,"[0, 0, 0, 0, 0, 1, 1, 1, 1, 1, 1, 0, 1, 1, 1, 0, 0, 1, 0, 1, 1, 1, 1, 1, 1, 1, 0, 1, 1, 1, 1]",10720.0,16317.0,0.2491556742952041,-0.6114337137678488,-0.054488959167710314,-0.5083517388880758,-0.06670879924340213,-0.07412946629464255,-0.14267212177429597,-0.03231283449775203,-0.04317344340611509,0.0778669440877906,-0.07791647071836902,-0.09236929204096728,-0.026172253256940618,-0.15334582495827825,0.28748156146469017,0.13611650753568505,0.06852539126647902,0.09263075257175206,0.02313302321270807,-0.008431530244752898,-0.009607996814591997,-0.05484988672575293,-0.023487699131707573,-0.016179347188425074,-0.053592719399028974,-0.018828211620055532,6.717,0.0,7.0,338.0,0.03225806451612903,10.0,1.0,0.0,1.0,6.0,2.0,9.0,19.0,0.8733197556008147,0.0,0.0,0.0,1.0,740.0,4400.0,0.7862903225806451,0,22.0,200.0,63382
8466164,2024-12-06 04:08:24+00:00,1,,"[0, 0, 0, 0, 0, 0, 0, 0, 0, 0, 0, 0, 0, 0, 0, 0, 0, 0, 0, 0, 0, 0, 1, 1, 1, 1, 1, 1, 1, 1, 1, 1, 1, 1, 1, 1, 1, 1, 1, 1, 1, 1, 1]",25292.0,16317.0,0.24957401431917678,-0.6114337137678488,-0.054488959167710314,0.2259612567881653,-0.05738860713727523,-0.07412946629464255,0.14385053025774988,-0.03231283449775203,-0.04317344340611509,-0.048236128980226715,-0.06544171956609646,-0.09236929204096728,-0.026172253256940618,0.20995636990242048,-0.03481326916714037,0.13611650753568505,0.06852539126647902,-0.3012493410357806,0.02313302321270807,-0.008431530244752898,-0.039768111103099996,-0.05816090055260583,-0.023487699131707573,-0.016179347188425074,-0.053592719399028974,-0.018828211620055532,6.717,0.0,1.0,292.0,0.023255813953488372,3.0,0.0,0.0,3.0,12.0,2.0,10.0,5.0,1.1575286041189932,0.0,0.0,1.0,1.0,3638.0,7000.0,0.7325581395348837,0,13.0,201.0,71056
8470412,2024-12-07 23:04:52+00:00,1,,,20651.0,16317.0,0.2496422127170173,-0.6114337137678488,-0.054488959167710314,0.004753338369163321,-0.06670879924340213,-0.07412946629464255,0.14385053025774988,-0.03231283449775203,-0.04317344340611509,0.0778669440877906,0.035324081286162975,-0.0069440649306055586,-0.026172253256940618,-0.01066169917084148,-0.03481326916714037,-0.1482292857992833,0.06852539126647902,0.09263075257175206,-0.08168565936984104,-0.008431530244752898,-0.009607996814591997,-0.05816090055260583,-0.023487699131707573,-0.016179347188425074,0.006896750883670848,-0.03707202918461854,6.717,0.0,2.0,324.0,0.0,4.0,0.0,0.0,0.0,24.0,1.0,10.0,12.0,1.3586184210526315,1.0,0.0,0.0,329.0,674.0,3726.0,0.0,0,0.0,299.0,119618
8466951,2024-12-06 07:21:05+00:00,0,,,19529.0,16317.0,0.24964567876981128,-0.6114337137678488,-0.054488959167710314,0.2259612567881653,-0.06670879924340213,-0.07412946629464255,-0.14267212177429597,-0.03231283449775203,-0.04317344340611509,-0.4142474070967134,0.035324081286162975,0.07090034106747711,-0.026172253256940618,-0.01066169917084148,-0.03481326916714037,0.13611650753568505,0.06852539126647902,0.09263075257175206,0.02313302321270807,-0.008431530244752898,0.04544625733308562,-0.05816090055260583,0.04284707524103316,-0.016179347188425074,-0.053592719399028974,-0.018828211620055532,6.717,0.0,1.0,352.0,0.0,10.0,1.0,0.0,4.0,24.0,0.0,10.0,12.0,1.2301732283464566,0.0,0.0,0.0,1.0,3770.0,2793.0,0.0,1,2.0,110.0,87748
8468863,2024-12-07 03:55:54+00:00,1,,,25035.0,16317.0,0.25009730101477795,-0.6114337137678488,-0.054488959167710314,0.004753338369163321,-0.06670879924340213,-0.07412946629464255,0.01584713069282676,-0.03231283449775203,-0.04317344340611509,0.0778669440877906,-0.07791647071836902,0.07090034106747711,-0.026172253256940618,-0.01066169917084148,0.16413019796925432,0.13611650753568505,-0.12296996338010098,0.09263075257175206,-0.08168565936984104,-0.008431530244752898,-0.009607996814591997,-0.05816090055260583,-0.023487699131707573,-0.016179347188425074,-0.053592719399028974,-0.018828211620055532,6.717,10.0,2.0,368.0,0.0,6.0,2.0,0.0,0.0,4.0,0.0,10.0,13.0,1.1163879598662207,0.0,1.0,0.0,329.0,350.0,4200.0,0.0,0,4.0,59.0,73112
8438587,2024-12-03 04:31:55+00:00,1,"[0, 0, 0, 0, 0, 0, 0, 0, 0, 0, 0, 0, 0, 0, 0, 0, 0, 0, 0, 0, 0, 0, 0, 0, 0, 0, 0, 0, 0, 0, 0, 0, 0, 0, 0, 0, 0, 0, 0, 0, 0, 0, 0, 0, 0, 0, 1]",[],23949.0,16317.0,0.25025818734020006,-0.6114337137678488,-0.054488959167710314,0.2259612567881653,-0.05738860713727523,-0.07412946629464255,0.14385053025774988,-0.03231283449775203,-0.04317344340611509,-0.048236128980226715,-0.07791647071836902,0.07090034106747711,-0.026172253256940618,0.021081495765742912,-0.03481326916714037,-0.1482292857992833,0.06852539126647902,0.09263075257175206,0.02313302321270807,-0.008431530244752898,-0.039768111103099996,-0.05816090055260583,-0.023487699131707573,-0.016179347188425074,-0.053592719399028974,-0.018828211620055532,6.717,0.0,1.0,232.0,0.01673585884795018,3.0,2.0,0.02127659574468085,3.0,5.0,0.0,9.0,9.0,1.1856527550868854,1.0,0.0,0.0,1.0,973.0,8286.099999999991,0.0,0,15.0,157.0,61995
8438658,2024-12-03 04:45:11+00:00,1,,,13370.0,16317.0,0.2502786719892746,-0.6114337137678488,-0.054488959167710314,-0.23295731524514138,0.11939328962621384,-0.07412946629464255,-0.14267212177429597,-0.03231283449775203,-0.04317344340611509,0.0778669440877906,-0.07791647071836902,-0.09236929204096728,-0.026172253256940618,-0.3292197513569699,0.16413019796925432,-0.1482292857992833,0.06852539126647902,0.09263075257175206,-0.08168565936984104,0.12181209640599021,-0.009607996814591997,-0.05816090055260583,-0.023487699131707573,-0.016179347188425074,-0.053592719399028974,-0.0035377154089891926,6.717,1.0,4.0,195.0,0.0,11.0,1.0,0.0,0.0,2.0,2.0,10.0,32.0,1.076056338028169,1.0,0.0,0.0,329.0,118.0,3500.0,0.0,0,7.0,66.0,55808
8472497,2024-12-08 05:28:19+00:00,1,,"[0, 0, 0, 0, 0, 1, 1, 1, 1, 1, 1, 1, 1, 1, 0, 1, 0, 1, 1, 1, 1, 1, 0, 0, 0, 1, 1, 1, 1, 0, 0, 0, 0, 0, 0, 0, 1, 1, 1, 1, 1, 0, 0, 0, 0, 0, 0, 0, 0, 0, 1, 1]",23595.0,16317.0,0.2503609244276614,-0.6114337137678488,-0.054488959167710314,0.004753338369163321,-0.05738860713727523,-0.07412946629464255,-0.14267212177429597,-0.03231283449775203,-0.04317344340611509,-0.4142474070967134,-0.07791647071836902,0.07090034106747711,-0.026172253256940618,-0.01066169917084148,0.28748156146469017,0.13611650753568505,0.06852539126647902,0.09263075257175206,-0.08168565936984104,-0.008431530244752898,-0.039768111103099996,-0.05816090055260583,-0.023487699131707573,-0.016179347188425074,-0.053592719399028974,0.141236061144545,6.717,0.0,2.0,286.0,0.34380863039399623,10.0,0.0,0.0,4.0,11.0,0.0,8.0,12.0,0.9963263237902205,0.0,0.0,0.0,329.0,1245.0,5500.0,0.4455732946298984,0,9.0,114.0,15
8463658,2024-12-05 04:17:44+00:00,1,"[1, 1, 1, 1, 1, 1]",,35904.0,658.0,0.2503913427499288,-0.6114337137678488,-0.054488959167710314,-0.1165395030712408,-0.05738860713727523,0.22755275636556374,0.01584713069282676,-0.03231283449775203,0.1740873916033103,0.0778669440877906,-0.07791647071836902,-0.0069440649306055586,0.13238330771477913,-0.3292197513569699,-0.03481326916714037,-0.1482292857992833,-0.12296996338010098,0.09263075257175206,0.02313302321270807,-0.008431530244752898,-0.009607996814591997,-0.05816090055260583,-0.023487699131707573,-0.016179347188425074,-0.053592719399028974,0.141236061144545,6.717,0.0,3.0,297.0,1.0,6.0,0.0,1.0,0.0,8.0,1.0,1.0,25.0,1.1500320307495195,1.0,1.0,0.0,1.0,78968.0,3600.0,0.0,0,17.0,50.0,4
8466901,2024-12-06 07:03:22+00:00,1,,,32483.0,16317.0,0.25040281217559157,-0.6114337137678488,-0.054488959167710314,0.004753338369163321,-0.05738860713727523,-0.07412946629464255,-0.14267212177429597,-0.03231283449775203,-0.04317344340611509,0.0778669440877906,-0.07791647071836902,0.07090034106747711,-0.026172253256940618,0.14199482941539582,0.16413019796925432,-0.1482292857992833,0.06852539126647902,-0.3012493410357806,0.02313302321270807,-0.008431530244752898,-0.039768111103099996,-0.05816090055260583,-0.023487699131707573,-0.016179347188425074,-0.053592719399028974,-0.018828211620055532,6.717,9.0,2.0,290.0,0.0,11.0,1.0,0.0,0.0,3.0,0.0,10.0,6.0,1.1124315068493151,1.0,0.0,1.0,1.0,78968.0,4522.0,0.0,0,4.0,73.0,85721
8437279,2024-12-02 23:41:28+00:00,1,,"[0, 0, 0, 0, 0, 0, 0, 0, 0, 0, 0, 0, 0, 0, 1, 0, 0, 0, 0, 0, 0, 0, 0, 0, 0, 0, 0, 0, 0, 0, 0, 1, 0, 0, 0, 0, 0, 1, 1, 1, 1, 1, 1, 1, 1, 1, 1, 1, 1, 1]",45000.0,16317.0,0.2504183550134595,-0.6114337137678488,-0.054488959167710314,0.2259612567881653,-0.06670879924340213,-0.07412946629464255,-0.16547143701628758,-0.03231283449775203,-0.04317344340611509,0.0778669440877906,-0.09921592132150975,-0.0069440649306055586,-0.026172253256940618,0.25953741616204173,-0.03481326916714037,-0.1482292857992833,0.06852539126647902,0.09263075257175206,-0.08168565936984104,-0.008431530244752898,-0.039768111103099996,-0.05816090055260583,-0.023487699131707573,-0.016179347188425074,-0.053592719399028974,-0.018828211620055532,6.717,0.0,1.0,353.0,0.02,33.0,4.0,0.0,1.0,1.0,1.0,10.0,4.0,1.6869728209934396,1.0,0.0,0.0,329.0,78968.0,5500.0,0.48549019607843136,0,6.0,73.0,70918
8469814,2024-12-07 07:25:32+00:00,1,"[1, 1, 1, 1]","[0, 0, 0, 0, 1, 0, 1, 0, 1, 1, 1, 0, 1, 1, 1, 0, 1, 1, 1, 1, 1, 1, 1, 0, 1, 0, 1, 0, 1, 1, 1, 1, 1, 1, 1, 0, 1, 1, 0, 1, 0, 1, 0, 1, 1, 1, 1, 1, 1, 1]",19708.0,533.0,0.2504744444003232,-0.6114337137678488,-0.054488959167710314,-0.5083517388880758,-0.06670879924340213,-0.05564041606933876,-0.16547143701628758,-0.03231283449775203,0.1740873916033103,0.0778669440877906,-0.07791647071836902,-0.09236929204096728,-0.026172253256940618,-0.2062583476798761,0.28748156146469017,-0.1482292857992833,-0.12296996338010098,-0.3012493410357806,0.02313302321270807,-0.008431530244752898,0.04544625733308562,-0.05484988672575293,0.04284707524103316,-0.016179347188425074,-0.053592719399028974,0.141236061144545,6.717,0.0,7.0,381.0,0.51,19.0,1.0,1.0,0.0,3.0,3.0,9.0,21.0,0.9991381495564005,1.0,2.0,1.0,1.0,1476.0,3250.0,0.7733333333333333,1,23.0,86.0,15
8462768,2024-12-05 00:52:07+00:00,0,,,17438.0,16317.0,0.2506734332913606,-0.6114337137678488,-0.054488959167710314,0.2259612567881653,-0.06670879924340213,-0.07412946629464255,-0.16547143701628758,-0.03231283449775203,-0.04317344340611509,0.0778669440877906,-0.07791647071836902,-0.09236929204096728,-0.026172253256940618,0.25953741616204173,-0.03481326916714037,-0.1482292857992833,-0.12296996338010098,-0.3012493410357806,0.02313302321270807,-0.008431530244752898,0.08965056778496559,-0.05816090055260583,0.04284707524103316,-0.016179347188425074,-0.053592719399028974,-0.018828211620055532,6.717,0.0,1.0,364.0,0.0,162.0,1.0,0.0,0.0,11.0,99.0,10.0,4.0,1.198487972508591,1.0,16.0,1.0,1.0,78968.0,0.0,0.0,1,3.0,158.0,87597
8469708,2024-12-07 06:51:05+00:00,1,,,12074.0,16317.0,0.2507011013403888,-0.6114337137678488,-0.054488959167710314,0.004753338369163321,-0.06670879924340213,-0.07412946629464255,-0.043774865933036713,-0.03231283449775203,-0.04317344340611509,0.0778669440877906,-0.06544171956609646,0.07090034106747711,-0.026172253256940618,0.14199482941539582,0.16413019796925432,-0.1482292857992833,-0.12296996338010098,0.09263075257175206,-0.08168565936984104,-0.008431530244752898,-0.009607996814591997,-0.05816090055260583,-0.023487699131707573,-0.016179347188425074,-0.053592719399028974,-0.0035377154089891926,6.717,0.0,2.0,432.0,0.0,7.0,1.0,0.0,0.0,14.0,0.0,10.0,6.0,1.1102528735632184,1.0,1.0,0.0,329.0,78968.0,3800.0,0.0,0,0.0,14.0,48265
8467615,2024-12-06 23:32:27+00:00,1,,,26758.0,16317.0,0.25072077154756517,-0.6114337137678488,-0.054488959167710314,0.004753338369163321,-0.05738860713727523,-0.07412946629464255,0.01584713069282676,-0.03231283449775203,-0.04317344340611509,0.0778669440877906,-0.07791647071836902,0.07090034106747711,-0.026172253256940618,-0.10985411191684905,-0.03481326916714037,-0.1482292857992833,0.06852539126647902,0.09263075257175206,0.02313302321270807,-0.008431530244752898,-0.009607996814591997,-0.05816090055260583,-0.023487699131707573,-0.016179347188425074,-0.053592719399028974,0.141236061144545,6.717,0.0,2.0,251.0,0.0,5.0,1.0,0.0,0.0,8.0,0.0,10.0,15.0,1.1801181970538943,1.0,0.0,0.0,1.0,78968.0,3750.0,0.0,0,6.0,35.0,8
8439509,2024-12-03 07:56:42+00:00,1,,"[0, 0, 0, 0, 0, 0, 0, 0, 0, 1, 1]",17638.0,16317.0,0.25076659056822137,-0.6114337137678488,-0.054488959167710314,-0.1165395030712408,-0.06670879924340213,-0.07412946629464255,-0.16547143701628758,-0.03231283449775203,-0.04317344340611509,0.0778669440877906,-0.06544171956609646,-0.0069440649306055586,-0.026172253256940618,-0.15334582495827825,0.28748156146469017,-0.1482292857992833,0.06852539126647902,0.09263075257175206,-0.08168565936984104,-0.008431530244752898,-0.039768111103099996,-0.05816090055260583,-0.023487699131707573,-0.016179347188425074,-0.053592719399028974,-0.018828211620055532,6.717,0.0,3.0,318.0,0.09090909090909091,22.0,0.0,0.0,0.0,14.0,1.0,9.0,16.0,0.976146992085893,1.0,0.0,0.0,329.0,78968.0,6000.0,0.3181818181818182,0,14.0,246.0,88781
8472695,2024-12-08 06:21:38+00:00,0,[1],[1],23799.0,582.0,0.2508049131348852,-0.6114337137678488,-0.054488959167710314,-0.23295731524514138,-0.05738860713727523,-0.05564041606933876,-0.14267212177429597,-0.03231283449775203,0.1740873916033103,0.0778669440877906,-0.09921592132150975,-0.0069440649306055586,-0.026172253256940618,-0.15334582495827825,-0.03481326916714037,0.13611650753568505,0.06852539126647902,-0.3012493410357806,-0.08168565936984104,-0.008431530244752898,-0.039768111103099996,0.15904631144217646,0.04284707524103316,-0.016179347188425074,0.13525803582801485,-0.018828211620055532,6.717,0.0,4.0,253.0,0.5503246753246753,10.0,3.0,1.0,0.0,1.0,1.0,9.0,16.0,1.3258495821727019,0.0,0.0,1.0,329.0,1911.0,6000.0,1.0,1,10.0,414.0,89192
8463342,2024-12-05 03:07:50+00:00,1,,,27143.0,16317.0,0.2511228341401975,-0.6114337137678488,-0.054488959167710314,-0.1165395030712408,-0.05738860713727523,-0.07412946629464255,-0.14267212177429597,-0.03231283449775203,-0.04317344340611509,-0.048236128980226715,-0.07791647071836902,-0.09236929204096728,-0.026172253256940618,-0.3292197513569699,0.16413019796925432,0.13611650753568505,0.06852539126647902,0.09263075257175206,0.02313302321270807,-0.008431530244752898,-0.009607996814591997,-0.05816090055260583,-0.023487699131707573,-0.016179347188425074,-0.053592719399028974,0.141236061144545,6.717,0.0,3.0,259.0,0.0,10.0,5.0,0.0,3.0,10.0,2.0,10.0,25.0,1.0550804633444764,0.0,0.0,0.0,1.0,2193.0,3500.0,0.0,0,13.0,105.0,12
8465508,2024-12-06 01:38:13+00:00,1,,"[0, 0, 0, 1, 1, 0, 0, 0, 0, 0, 0, 1, 1, 1, 1]",29577.0,16317.0,0.2511542128175437,-0.6114337137678488,-0.054488959167710314,-0.23295731524514138,-0.06670879924340213,-0.07412946629464255,-0.16547143701628758,-0.03231283449775203,-0.04317344340611509,0.0778669440877906,0.08779149858909129,-0.09236929204096728,-0.026172253256940618,-0.15334582495827825,0.16413019796925432,-0.1482292857992833,-0.12296996338010098,0.09263075257175206,0.02313302321270807,-0.008431530244752898,-0.009607996814591997,-0.05816090055260583,-0.023487699131707573,-0.016179347188425074,0.006896750883670848,0.141236061144545,6.717,0.0,4.0,421.0,0.36535947712418304,16.0,5.0,0.0,0.0,29.0,2.0,9.0,17.0,1.0655306578283739,1.0,1.0,0.0,1.0,18755.0,4200.0,0.525,0,0.0,294.0,11
8472721,2024-12-08 06:30:43+00:00,0,,,29968.0,16317.0,0.25117980588162825,-0.6114337137678488,-0.054488959167710314,-0.23295731524514138,-0.05738860713727523,-0.07412946629464255,0.1880244731129659,-0.03231283449775203,-0.04317344340611509,0.0778669440877906,-0.06544171956609646,-0.09236929204096728,-0.026172253256940618,-0.01066169917084148,-0.03481326916714037,0.13611650753568505,-0.12296996338010098,0.09263075257175206,0.02313302321270807,0.12181209640599021,0.04544625733308562,-0.05816090055260583,0.04284707524103316,-0.016179347188425074,-0.053592719399028974,-0.018828211620055532,6.717,0.0,4.0,299.0,0.0,2.0,0.0,0.0,0.0,12.0,2.0,10.0,13.0,1.2499687174139729,0.0,1.0,0.0,1.0,105.0,3119.0,0.0,1,1.0,135.0,57230
8463157,2024-12-05 02:22:42+00:00,0,,,17344.0,16317.0,0.25152044320358163,-0.6114337137678488,-0.054488959167710314,0.2259612567881653,-0.06670879924340213,-0.07412946629464255,0.14385053025774988,-0.03231283449775203,-0.04317344340611509,0.0778669440877906,-0.07791647071836902,0.07090034106747711,-0.026172253256940618,-0.10985411191684905,-0.03481326916714037,-0.1482292857992833,0.06852539126647902,0.09263075257175206,-0.08168565936984104,-0.008431530244752898,-0.009607996814591997,-0.05816090055260583,0.04284707524103316,-0.016179347188425074,-0.053592719399028974,-0.018828211620055532,6.717,0.0,1.0,365.0,0.0,3.0,5.0,0.0,0.0,5.0,0.0,10.0,15.0,1.250018018018018,1.0,0.0,0.0,329.0,78968.0,3784.0,0.0,1,5.0,163.0,88029
8470735,2024-12-08 00:05:22+00:00,1,,"[0, 0, 0, 0, 0, 0, 1, 0, 0, 0, 0, 0, 1, 1, 1, 1, 1, 1, 1, 1, 1]",13864.0,16317.0,0.2516025197433858,-0.6114337137678488,-0.054488959167710314,-0.1165395030712408,-0.06670879924340213,-0.07412946629464255,-0.14267212177429597,-0.03231283449775203,-0.04317344340611509,0.0778669440877906,-0.07791647071836902,0.07090034106747711,-0.026172253256940618,-0.3292197513569699,0.16413019796925432,0.13611650753568505,0.06852539126647902,0.09263075257175206,0.02313302321270807,-0.008431530244752898,-0.009607996814591997,-0.05816090055260583,-0.023487699131707573,-0.016179347188425074,-0.053592719399028974,-0.018828211620055532,6.717,0.0,3.0,382.0,0.047619047619047616,11.0,3.0,0.0,0.0,6.0,0.0,10.0,24.0,1.042406015037594,0.0,0.0,0.0,1.0,2852.0,3840.0,0.6926406926406926,0,4.0,125.0,65000
8461435,2024-12-04 05:17:32+00:00,1,"[0, 0, 0, 0, 0, 0, 0, 0, 0, 0, 0, 0, 0, 0, 0, 1, 1, 0, 1, 1, 1, 1, 1, 1, 1, 1]",,19900.0,16317.0,0.2521060370042143,-0.6114337137678488,-0.054488959167710314,0.004753338369163321,-0.05738860713727523,-0.07412946629464255,-0.043774865933036713,-0.03231283449775203,-0.04317344340611509,0.0778669440877906,-0.07791647071836902,-0.0069440649306055586,-0.026172253256940618,0.021081495765742912,-0.03481326916714037,-0.1482292857992833,0.06852539126647902,0.09263075257175206,0.02313302321270807,0.12181209640599021,-0.039768111103099996,-0.05816090055260583,-0.023487699131707573,-0.016179347188425074,-0.053592719399028974,-0.018828211620055532,6.717,0.0,2.0,286.0,0.038461538461538464,7.0,1.0,0.38461538461538464,0.0,3.0,1.0,5.0,11.0,1.2321981424148607,1.0,0.0,0.0,62.0,107.0,4487.0,0.0,0,12.0,163.0,77149
8472306,2024-12-08 04:43:14+00:00,1,,"[0, 0, 0, 0, 0, 0, 0, 0, 0, 0, 0, 0, 0, 0, 0, 1, 1, 1]",23058.0,16317.0,0.25273224396599364,-0.6114337137678488,-0.054488959167710314,0.004753338369163321,-0.05738860713727523,-0.07412946629464255,0.01584713069282676,0.030500288512228284,-0.04317344340611509,-0.048236128980226715,-0.07791647071836902,-0.0069440649306055586,-0.026172253256940618,-0.10985411191684905,-0.03481326916714037,0.13611650753568505,0.06852539126647902,0.09263075257175206,0.02313302321270807,-0.008431530244752898,-0.039768111103099996,-0.05816090055260583,-0.023487699131707573,-0.016179347188425074,0.04095250473658998,-0.0035377154089891926,6.717,0.0,2.0,257.0,0.03387533875338753,5.0,12.0,0.0,3.0,10.0,1.0,9.0,14.0,1.1414851485148514,0.0,0.0,0.0,1.0,10605.0,4800.0,0.2982456140350877,0,21.0,372.0,56734
8460199,2024-12-04 00:25:07+00:00,1,[],"[0, 0, 1, 1, 1, 1, 1, 1, 1, 1, 1, 1, 1]",45000.0,16317.0,0.2532336231092994,-0.6114337137678488,0.23990797722314114,-0.1165395030712408,-0.05738860713727523,-0.07412946629464255,-0.14267212177429597,0.030500288512228284,-0.04317344340611509,-0.4142474070967134,-0.07791647071836902,0.07090034106747711,-0.026172253256940618,-0.15334582495827825,-0.03481326916714037,-0.1482292857992833,0.06852539126647902,-0.3012493410357806,-0.08168565936984104,-0.008431530244752898,-0.009607996814591997,0.15904631144217646,-0.023487699131707573,-0.016179347188425074,0.2103895073799279,0.141236061144545,6.717,44.0,3.0,259.0,0.048265460030165915,10.0,8.0,0.0,4.0,2.0,0.0,10.0,16.0,1.6,1.0,0.0,1.0,329.0,78968.0,3551.0,0.967032967032967,0,14.0,437.0,0
8467693,2024-12-06 23:52:26+00:00,1,,"[0, 0, 0, 0, 0, 0, 0, 0, 0, 0, 0, 0, 0, 0, 0, 0, 0, 0, 0, 0, 0, 0, 1, 1, 0, 1, 1, 1, 1]",13986.0,16317.0,0.2532621066770056,-0.6114337137678488,-0.054488959167710314,-0.23295731524514138,-0.06670879924340213,-0.07412946629464255,0.14385053025774988,-0.03231283449775203,-0.04317344340611509,0.0778669440877906,-0.07791647071836902,-0.0069440649306055586,-0.026172253256940618,-0.15334582495827825,0.28748156146469017,-0.1482292857992833,-0.12296996338010098,-0.3012493410357806,0.02313302321270807,-0.008431530244752898,-0.009607996814591997,-0.05816090055260583,0.04284707524103316,-0.016179347188425074,0.2103895073799279,-0.018828211620055532,6.717,0.0,4.0,315.0,0.034482758620689655,4.0,0.0,0.0,0.0,9.0,1.0,9.0,16.0,0.999,1.0,1.0,1.0,1.0,78968.0,3939.0,0.36091954022988504,1,3.0,438.0,63025
8436457,2024-12-01 08:35:10+00:00,1,,,27086.0,16317.0,0.25339673912919425,-0.6114337137678488,-0.054488959167710314,0.004753338369163321,-0.06670879924340213,-0.07412946629464255,0.01584713069282676,-0.03231283449775203,-0.04317344340611509,0.0778669440877906,0.035324081286162975,0.07090034106747711,-0.026172253256940618,0.08251752792097579,-0.03481326916714037,0.13611650753568505,-0.12296996338010098,0.09263075257175206,0.02313302321270807,-0.008431530244752898,-0.039768111103099996,-0.05816090055260583,-0.023487699131707573,-0.016179347188425074,0.006896750883670848,-0.018828211620055532,6.717,0.0,2.0,530.0,0.0,5.0,6.0,0.0,0.0,23.0,0.0,10.0,8.0,1.1816079919731275,0.0,1.0,0.0,1.0,1427.0,5080.0,0.0,0,18.0,300.0,69021
8437465,2024-12-03 00:28:16+00:00,1,,"[0, 0, 0, 0, 0, 0, 0, 0, 0, 0, 0, 0, 0, 0, 0, 0, 0, 0, 0, 0, 0, 0, 0, 0, 0, 0, 0, 0, 0, 0, 0, 0, 0, 0, 0, 0, 0, 0, 0, 0, 0, 0, 0, 0, 0, 0, 0, 0, 0, 0, 0, 0, 0, 0, 0, 0, 0, 0, 0, 0, 0, 0, 0, 0, 0, 0, 0, 0, 0, 0, 0, 0, 0, 1, 1, 1, 1, 1, 1, 1, 1, 1]",31741.0,16317.0,0.25394636286835554,-0.6114337137678488,-0.054488959167710314,0.004753338369163321,-0.06670879924340213,-0.05564041606933876,0.01584713069282676,-0.03231283449775203,-0.04317344340611509,-0.048236128980226715,-0.07791647071836902,0.07090034106747711,-0.026172253256940618,0.021081495765742912,-0.03481326916714037,-0.1482292857992833,0.06852539126647902,0.09263075257175206,0.02313302321270807,0.12181209640599021,-0.009607996814591997,-0.05816090055260583,-0.023487699131707573,-0.016179347188425074,-0.053592719399028974,-0.018828211620055532,6.717,6.0,2.0,309.0,0.5060975609756098,6.0,4.0,0.0,3.0,7.0,0.0,9.0,9.0,1.1943932267168391,1.0,0.0,0.0,1.0,73.0,4300.0,0.20628856890978547,0,8.0,242.0,66257
8466145,2024-12-06 04:02:35+00:00,1,,"[0, 0, 0, 0, 0, 0, 0, 0, 0, 0, 0, 0, 0, 0, 1, 0, 1, 1, 1]",20954.0,16317.0,0.2539904933622391,-0.6114337137678488,-0.054488959167710314,0.004753338369163321,-0.05738860713727523,-0.07412946629464255,0.14385053025774988,-0.03231283449775203,-0.04317344340611509,0.0778669440877906,0.035324081286162975,-0.09236929204096728,-0.026172253256940618,0.08251752792097579,-0.03481326916714037,0.13611650753568505,-0.12296996338010098,0.09263075257175206,0.02313302321270807,-0.008431530244752898,-0.039768111103099996,-0.05816090055260583,-0.023487699131707573,-0.016179347188425074,-0.053592719399028974,-0.018828211620055532,6.717,0.0,2.0,228.0,0.05263157894736842,4.0,3.0,0.0,0.0,21.0,3.0,9.0,8.0,1.1481643835616437,0.0,2.0,0.0,1.0,2302.0,6000.0,0.3631578947368421,0,20.0,110.0,59800
8467161,2024-12-06 09:54:25+00:00,1,"[1, 1, 1, 1, 0, 1, 1, 1, 1, 0, 0, 1, 1, 1, 1, 1, 1, 1, 1, 1, 1, 0, 0, 1, 1, 1, 1, 1, 1, 1, 1, 1, 1, 1, 1, 1, 1, 1, 1, 1, 1, 1, 1, 1, 1, 1, 1, 1, 1, 1, 1, 1, 1, 1, 1, 1, 1, 1, 1, 1, 1, 1]","[1, 1, 1, 1, 1, 1, 1, 1, 1, 1, 1, 1, 1, 1, 1, 1, 1, 1, 1, 1, 1, 0, 1, 1, 1, 1, 1, 1, 1, 1, 1, 1, 1, 1, 1, 1, 1, 1, 1, 1, 1, 1, 1, 1, 1, 1, 1, 1, 1, 1, 1, 1, 1, 1, 1, 1, 1, 1, 1, 1, 0, 1, 1, 1, 1, 1, 1, 1, 1, 1, 1, 1, 1]",31711.0,548.0,0.2540958304078837,-0.6114337137678488,-0.054488959167710314,-0.23295731524514138,0.11939328962621384,-0.07412946629464255,-0.16547143701628758,0.030500288512228284,-0.04317344340611509,0.0778669440877906,-0.07791647071836902,-0.0069440649306055586,-0.026172253256940618,-0.46958011525157795,-0.03481326916714037,-0.1482292857992833,0.06852539126647902,-0.3012493410357806,0.02313302321270807,-0.008431530244752898,-0.039768111103099996,0.15904631144217646,-0.023487699131707573,0.22505449144967976,0.2103895073799279,0.008044419973869708,6.717,0.0,5.0,160.0,0.1910075121520106,20.0,9.0,0.9193548387096774,0.0,8.0,1.0,2.0,34.0,1.1386355475763017,1.0,0.0,1.0,1.0,2389.0,6800.0,0.9692706405035172,0,53.0,451.0,26483
8437791,2024-12-03 01:42:26+00:00,0,,"[0, 0, 0, 0, 0, 0, 0, 0, 0, 0, 0, 0, 0, 0, 0, 1, 1, 1, 1, 1, 1, 0, 1, 1, 1, 1, 1, 1, 1, 1, 1, 1, 1, 1, 1, 1, 1, 1, 1, 1, 1, 1, 1]",23661.0,16317.0,0.2543703916896672,-0.6114337137678488,-0.054488959167710314,0.004753338369163321,-0.06670879924340213,-0.07412946629464255,-0.16547143701628758,-0.03231283449775203,-0.04317344340611509,0.0778669440877906,-0.06544171956609646,-0.09236929204096728,-0.026172253256940618,-0.01066169917084148,0.16413019796925432,0.13611650753568505,0.06852539126647902,-0.3012493410357806,-0.08168565936984104,-0.008431530244752898,-0.009607996814591997,-0.05484988672575293,0.04284707524103316,-0.016179347188425074,-0.053592719399028974,-0.018828211620055532,6.717,0.0,2.0,413.0,0.11162790697674418,22.0,2.0,0.0,0.0,17.0,2.0,10.0,13.0,1.1334610778443113,0.0,0.0,1.0,329.0,444.0,3400.0,0.8498942917547568,1,1.0,96.0,59376
8438825,2024-12-03 05:18:31+00:00,0,,"[0, 0, 0, 0, 1, 1, 1, 1, 1, 1]",9640.0,16317.0,0.2544244315915794,-0.6114337137678488,-0.054488959167710314,-0.5083517388880758,-0.06670879924340213,0.17561735485816402,-0.16547143701628758,-0.03231283449775203,-0.04317344340611509,-0.048236128980226715,0.2659552272166623,-0.09236929204096728,-0.026172253256940618,-0.2062583476798761,-0.03481326916714037,-0.1482292857992833,-0.12296996338010098,0.09263075257175206,0.02313302321270807,-0.008431530244752898,0.08965056778496559,-0.05484988672575293,0.04284707524103316,-0.016179347188425074,0.2103895073799279,-0.018828211620055532,6.717,0.0,6.0,308.0,0.6861111111111112,17.0,2.0,0.0,3.0,38.0,4.0,9.0,23.0,1.1786281941557648,1.0,2.0,0.0,1.0,6607.0,1300.0,0.8181818181818182,1,0.0,458.0,89471
8406542,2024-12-05 07:10:24+00:00,1,[1],"[1, 1, 1, 1, 1, 1, 1, 1, 1, 1, 1, 1, 1, 1, 1, 1, 1, 1, 1, 1]",31001.0,702.0,0.254454392039231,-0.6114337137678488,-0.054488959167710314,-0.5083517388880758,-0.06670879924340213,0.22755275636556374,-0.16547143701628758,0.030500288512228284,0.1740873916033103,-0.048236128980226715,-0.07791647071836902,-0.0069440649306055586,-0.026172253256940618,-0.15334582495827825,-0.03481326916714037,0.13611650753568505,-0.12296996338010098,0.09263075257175206,0.02313302321270807,-0.008431530244752898,-0.039768111103099996,0.15904631144217646,0.04284707524103316,-0.016179347188425074,0.015592503790590144,-0.018828211620055532,6.717,0.0,6.0,304.0,0.7530487804878049,33.0,7.0,1.0,3.0,2.0,1.0,9.0,17.0,1.2513017154389505,0.0,1.0,0.0,1.0,2932.0,8286.099999999991,1.0,1,18.0,314.0,65368
8468776,2024-12-07 03:39:20+00:00,1,,"[1, 1, 1, 1, 1, 1, 1, 1, 1, 1, 1, 1, 1, 1, 1, 1, 1, 1]",17882.0,16317.0,0.25492967077939094,-0.6114337137678488,-0.054488959167710314,-0.1165395030712408,-0.05738860713727523,0.22755275636556374,0.14385053025774988,-0.03231283449775203,-0.04317344340611509,-0.4142474070967134,-0.07791647071836902,0.07090034106747711,0.13238330771477913,0.021081495765742912,-0.03481326916714037,0.13611650753568505,0.06852539126647902,0.09263075257175206,0.02313302321270807,-0.008431530244752898,-0.009607996814591997,0.15904631144217646,-0.023487699131707573,-0.016179347188425074,-0.053592719399028974,-0.018828211620055532,6.717,0.0,3.0,258.0,1.0,4.0,5.0,0.0,4.0,9.0,0.0,1.0,11.0,1.149967845659164,0.0,0.0,0.0,1.0,4223.0,4460.0,1.0,0,8.0,219.0,90461
8471028,2024-12-08 00:55:56+00:00,1,,,18873.0,16317.0,0.25498888563301636,-0.6114337137678488,-0.054488959167710314,0.004753338369163321,-0.05738860713727523,-0.07412946629464255,-0.16547143701628758,-0.03231283449775203,-0.04317344340611509,-0.4142474070967134,0.2659552272166623,-0.09236929204096728,-0.026172253256940618,0.47334886807418025,0.28748156146469017,-0.1482292857992833,-0.12296996338010098,-0.3012493410357806,-0.08168565936984104,-0.008431530244752898,-0.039768111103099996,-0.05816090055260583,-0.023487699131707573,-0.016179347188425074,-0.053592719399028974,-0.018828211620055532,6.717,0.0,2.0,300.0,0.0,162.0,0.0,0.0,5.0,37.0,99.0,10.0,2.0,0.9986242658341711,1.0,16.0,1.0,329.0,78968.0,5582.0,0.0,0,0.0,42.0,66501
8463012,2024-12-07 07:28:03+00:00,1,"[0, 0, 0, 0, 0, 0, 0, 1, 1, 1, 1, 1, 1, 1, 1, 1]",,30597.0,16317.0,0.25544397812453484,-0.6114337137678488,-0.054488959167710314,0.2259612567881653,-0.06670879924340213,-0.07412946629464255,-0.16547143701628758,-0.03231283449775203,-0.04317344340611509,-0.048236128980226715,-0.06544171956609646,-0.0069440649306055586,-0.026172253256940618,0.47334886807418025,-0.03481326916714037,-0.1482292857992833,-0.12296996338010098,0.09263075257175206,0.02313302321270807,-0.008431530244752898,-0.039768111103099996,-0.05816090055260583,-0.023487699131707573,-0.016179347188425074,-0.053592719399028974,-0.018828211620055532,6.717,0.0,1.0,399.0,0.0625,34.0,4.0,0.5625,3.0,20.0,1.0,10.0,2.0,1.4173151750972763,1.0,1.0,0.0,1.0,78968.0,4633.0,0.0,0,0.0,184.0,80467
8436352,2024-12-01 07:16:55+00:00,1,,"[0, 1, 1, 1, 1, 1, 1, 1, 1, 1, 1, 1, 0, 1, 1, 1, 1, 1, 0, 1, 1, 1, 1, 1, 0, 1, 1, 1, 1, 0, 0, 0, 0, 0, 0, 0, 0, 0, 0, 1, 1, 1, 1, 1, 1, 1, 1, 1, 1, 1, 1, 1, 1, 1, 1, 1, 1, 1, 1, 1, 1, 1, 1, 1, 1, 1, 1, 1, 1, 1]",31338.0,16317.0,0.2555399198216232,-0.6114337137678488,-0.054488959167710314,0.004753338369163321,-0.06670879924340213,-0.07412946629464255,-0.16547143701628758,-0.03231283449775203,-0.04317344340611509,0.0778669440877906,-0.09921592132150975,-0.09236929204096728,-0.026172253256940618,0.08251752792097579,0.16413019796925432,-0.1482292857992833,-0.12296996338010098,0.09263075257175206,0.02313302321270807,-0.008431530244752898,-0.039768111103099996,-0.05484988672575293,-0.023487699131707573,-0.016179347188425074,0.015592503790590144,-0.018828211620055532,6.717,0.0,2.0,422.0,0.014285714285714285,162.0,5.0,0.0,0.0,1.0,99.0,10.0,8.0,1.1222202327663384,1.0,16.0,0.0,1.0,78968.0,8286.099999999991,0.8378269617706238,0,12.0,316.0,63900
8438751,2024-12-03 05:00:43+00:00,1,,,21408.0,16317.0,0.2557876060718337,-0.6114337137678488,-0.054488959167710314,0.2259612567881653,-0.05738860713727523,-0.07412946629464255,0.14385053025774988,-0.03231283449775203,-0.04317344340611509,0.0778669440877906,0.08779149858909129,-0.09236929204096728,-0.026172253256940618,0.25953741616204173,-0.03481326916714037,-0.1482292857992833,-0.12296996338010098,-0.3012493410357806,0.02313302321270807,-0.008431530244752898,-0.039768111103099996,-0.05816090055260583,-0.023487699131707573,-0.016179347188425074,-0.053592719399028974,-0.018828211620055532,6.717,0.0,1.0,285.0,0.0,3.0,4.0,0.0,0.0,29.0,3.0,10.0,4.0,1.1893333333333334,1.0,1.0,1.0,1.0,1278.0,5416.0,0.0,0,13.0,191.0,76975
8437887,2024-12-03 02:05:12+00:00,1,,,15124.0,16317.0,0.25589393438417424,-0.6114337137678488,-0.054488959167710314,0.2259612567881653,-0.06670879924340213,-0.07412946629464255,-0.16547143701628758,-0.03231283449775203,-0.04317344340611509,-0.4142474070967134,-0.07791647071836902,-0.09236929204096728,-0.026172253256940618,0.14199482941539582,0.28748156146469017,-0.1482292857992833,-0.12296996338010098,0.09263075257175206,0.02313302321270807,-0.008431530244752898,-0.009607996814591997,-0.05816090055260583,-0.023487699131707573,-0.016179347188425074,-0.053592719399028974,-0.018828211620055532,6.717,0.0,1.0,314.0,0.0,162.0,5.0,0.0,4.0,5.0,99.0,10.0,7.0,0.8795068620609444,1.0,16.0,0.0,1.0,9662.0,3500.0,0.0,0,21.0,241.0,80150
8471241,2024-12-08 01:28:17+00:00,1,,"[0, 0, 0, 0, 0, 0, 0, 0, 0, 0, 0, 0, 0, 0, 0, 0, 0, 0, 0, 0, 0, 0, 0, 0, 0, 0, 0, 0, 0, 1, 1, 1, 1]",25186.0,16317.0,0.2562090874245484,-0.6114337137678488,-0.054488959167710314,-0.23295731524514138,-0.06670879924340213,-0.07412946629464255,-0.043774865933036713,-0.03231283449775203,-0.04317344340611509,0.0778669440877906,-0.07791647071836902,-0.09236929204096728,-0.026172253256940618,0.021081495765742912,-0.03481326916714037,0.13611650753568505,0.06852539126647902,0.09263075257175206,0.02313302321270807,-0.008431530244752898,-0.009607996814591997,-0.05816090055260583,-0.023487699131707573,-0.016179347188425074,0.04095250473658998,0.008044419973869708,6.717,0.0,4.0,365.0,0.030303030303030304,7.0,2.0,0.0,1.0,4.0,2.0,10.0,9.0,1.1619838523644752,0.0,0.0,0.0,1.0,78968.0,3750.0,0.22459893048128343,0,0.0,366.0,43643
8466210,2024-12-06 04:15:38+00:00,0,,,25822.0,16317.0,0.25623809696639777,-0.6114337137678488,-0.054488959167710314,0.004753338369163321,-0.06670879924340213,-0.07412946629464255,-0.16547143701628758,-0.03231283449775203,-0.04317344340611509,0.0778669440877906,-0.09921592132150975,-0.09236929204096728,-0.026172253256940618,0.27517336419933297,-0.03481326916714037,0.13611650753568505,-0.12296996338010098,0.09263075257175206,0.02313302321270807,-0.008431530244752898,-0.039768111103099996,-0.05816090055260583,0.04284707524103316,-0.016179347188425074,0.04095250473658998,-0.018828211620055532,6.717,0.0,2.0,600.0,0.0,162.0,0.0,0.0,1.0,0.0,99.0,10.0,3.0,1.2830807453416149,0.0,16.0,0.0,1.0,78968.0,5400.0,0.0,1,0.0,366.0,59596
8463246,2024-12-05 02:45:20+00:00,1,,,14535.0,16317.0,0.2563025364058985,-0.6114337137678488,-0.054488959167710314,-0.1165395030712408,-0.05738860713727523,-0.07412946629464255,0.14385053025774988,-0.03231283449775203,-0.04317344340611509,0.0778669440877906,-0.07791647071836902,0.07090034106747711,-0.026172253256940618,-0.01066169917084148,-0.03481326916714037,-0.1482292857992833,0.06852539126647902,0.09263075257175206,0.02313302321270807,-0.008431530244752898,-0.039768111103099996,-0.05816090055260583,-0.023487699131707573,-0.016179347188425074,-0.053592719399028974,0.141236061144545,6.717,0.0,3.0,297.0,0.0,3.0,0.0,0.0,0.0,10.0,0.0,10.0,12.0,1.6216668526163116,1.0,0.0,0.0,1.0,78968.0,5000.0,0.0,0,6.0,38.0,20425
8470312,2024-12-07 22:42:09+00:00,0,"[1, 1, 1, 1, 1, 1, 1, 1]",,12894.0,492.0,0.25747064059935243,-0.6114337137678488,-0.054488959167710314,-0.5083517388880758,-0.05738860713727523,0.22755275636556374,-0.16547143701628758,-0.03231283449775203,0.1740873916033103,0.0778669440877906,-0.07791647071836902,-0.09236929204096728,0.13238330771477913,-0.3292197513569699,0.28748156146469017,-0.1482292857992833,-0.12296996338010098,-0.3012493410357806,0.02313302321270807,-0.008431530244752898,0.04544625733308562,-0.05816090055260583,0.04284707524103316,-0.016179347188425074,-0.053592719399028974,-0.018828211620055532,6.717,0.0,6.0,254.0,1.0,162.0,1.0,1.0,0.0,10.0,99.0,1.0,30.0,1.0356626506024096,1.0,16.0,1.0,1.0,78968.0,2832.0,0.0,1,28.0,17.0,67585
8464198,2024-12-05 06:33:42+00:00,0,,,23822.0,16317.0,0.2576978012542766,-0.6114337137678488,-0.054488959167710314,-0.23295731524514138,-0.06670879924340213,-0.07412946629464255,-0.14267212177429597,-0.03231283449775203,-0.04317344340611509,0.0778669440877906,-0.06544171956609646,-0.09236929204096728,-0.026172253256940618,-0.3292197513569699,0.16413019796925432,-0.1482292857992833,0.06852539126647902,0.09263075257175206,0.02313302321270807,-0.008431530244752898,-0.009607996814591997,-0.05816090055260583,0.04284707524103316,-0.016179347188425074,-0.053592719399028974,0.141236061144545,6.717,0.0,5.0,315.0,0.0,13.0,0.0,0.0,0.0,17.0,2.0,10.0,26.0,1.045925535651563,1.0,0.0,0.0,1.0,1850.0,3550.0,0.0,1,13.0,33.0,3
8459806,2024-12-03 22:07:19+00:00,1,"[0, 1, 1, 0, 0, 1, 1, 1, 0, 0, 1, 1, 1, 1, 1, 1, 1, 1, 1, 1, 1, 1, 1, 1, 1, 1, 1, 1]",,16529.0,16317.0,0.2579712301670317,-0.6114337137678488,-0.054488959167710314,0.004753338369163321,-0.06670879924340213,-0.07412946629464255,-0.043774865933036713,-0.03231283449775203,-0.04317344340611509,-0.048236128980226715,-0.07791647071836902,0.07090034106747711,0.13238330771477913,0.14199482941539582,-0.03481326916714037,0.13611650753568505,0.06852539126647902,0.09263075257175206,0.02313302321270807,-0.008431530244752898,-0.039768111103099996,-0.05816090055260583,-0.023487699131707573,-0.016179347188425074,-0.053592719399028974,-0.018828211620055532,6.717,0.0,2.0,326.0,0.03571428571428571,7.0,4.0,0.8214285714285714,3.0,3.0,0.0,1.0,6.0,1.2739113680154142,0.0,0.0,0.0,1.0,78968.0,5200.0,0.0,0,8.0,51.0,93059
8466444,2024-12-06 05:07:04+00:00,1,[],,20215.0,16317.0,0.2587961474091811,-0.6114337137678488,-0.054488959167710314,0.2259612567881653,-0.06670879924340213,-0.07412946629464255,-0.14267212177429597,-0.03231283449775203,-0.04317344340611509,0.0778669440877906,-0.06544171956609646,-0.09236929204096728,-0.026172253256940618,0.021081495765742912,-0.03481326916714037,0.13611650753568505,-0.12296996338010098,0.09263075257175206,0.02313302321270807,-0.008431530244752898,-0.009607996814591997,-0.05816090055260583,-0.023487699131707573,-0.016179347188425074,-0.053592719399028974,-0.018828211620055532,6.717,0.0,1.0,498.0,0.0,13.0,0.0,0.0,0.0,15.0,6.0,10.0,11.0,1.2032738095238096,0.0,1.0,0.0,1.0,1117.0,4300.0,0.0,0,0.0,204.0,90353
8469524,2024-12-07 06:06:13+00:00,0,,,12068.0,16317.0,0.2593652695374565,-0.6114337137678488,-0.054488959167710314,0.2259612567881653,-0.06670879924340213,-0.07412946629464255,-0.16547143701628758,-0.03231283449775203,-0.04317344340611509,-0.048236128980226715,-0.06544171956609646,0.07090034106747711,-0.026172253256940618,-0.15334582495827825,-0.03481326916714037,-0.1482292857992833,0.06852539126647902,-0.3012493410357806,0.02313302321270807,-0.008431530244752898,0.08965056778496559,-0.05816090055260583,0.04284707524103316,-0.016179347188425074,0.04095250473658998,-0.018828211620055532,6.717,0.0,1.0,432.0,0.0,14.0,4.0,0.0,3.0,12.0,0.0,10.0,18.0,1.2409254498714652,1.0,0.0,1.0,1.0,632.0,2000.0,0.0,1,0.0,377.0,84258
8472695,2024-12-08 06:21:38+00:00,1,,"[0, 0, 0, 0, 0, 0, 0, 0, 0, 0, 0, 0, 0, 0, 0, 0, 0, 0, 0, 0, 0, 0, 0, 0, 0, 0, 0, 0, 0, 0, 0, 0, 0, 0, 0, 0, 0, 0, 0, 0, 0, 0, 0, 0, 0, 0, 0, 0, 0, 0, 0, 0, 0, 0, 0, 0, 0, 0, 0, 0, 0, 0, 0, 0, 0, 0, 0, 1, 0, 1, 1, 1, 1, 1, 0, 1, 1, 1, 0]",23799.0,16317.0,0.2597134236213794,-0.6114337137678488,-0.054488959167710314,0.004753338369163321,-0.06670879924340213,-0.07412946629464255,0.14385053025774988,-0.03231283449775203,-0.04317344340611509,0.0778669440877906,-0.07791647071836902,-0.0069440649306055586,-0.026172253256940618,0.14199482941539582,-0.03481326916714037,0.13611650753568505,-0.12296996338010098,0.09263075257175206,-0.08168565936984104,-0.008431530244752898,-0.009607996814591997,-0.05816090055260583,0.04284707524103316,-0.016179347188425074,0.015592503790590144,-0.018828211620055532,6.717,0.0,2.0,443.0,0.012658227848101266,3.0,1.0,0.0,0.0,3.0,1.0,8.0,7.0,1.3258495821727019,0.0,1.0,0.0,329.0,499.0,3420.0,0.20854430379746836,1,3.0,328.0,89192
8464904,2024-12-05 23:21:08+00:00,1,,"[0, 0, 0, 0, 1, 0, 1, 1, 1, 1, 0, 0, 0, 1, 1, 1, 1, 1, 1, 1, 0, 0, 0, 1, 0, 0, 0, 0, 0, 0, 0, 0, 0, 0, 1, 1, 0, 1, 1, 1, 0, 1, 1, 1, 1, 1, 1, 1, 1, 1, 1]",26708.0,16317.0,0.2597307329617599,-0.6114337137678488,-0.054488959167710314,0.004753338369163321,-0.06670879924340213,-0.07412946629464255,0.14385053025774988,-0.03231283449775203,-0.04317344340611509,0.0778669440877906,-0.06544171956609646,-0.0069440649306055586,-0.026172253256940618,0.14199482941539582,0.28748156146469017,-0.1482292857992833,-0.12296996338010098,-0.3012493410357806,-0.08168565936984104,-0.008431530244752898,-0.039768111103099996,-0.05816090055260583,-0.023487699131707573,-0.016179347188425074,-0.053592719399028974,-0.018828211620055532,6.717,0.0,2.0,387.0,0.0196078431372549,4.0,2.0,0.0,0.0,16.0,1.0,10.0,7.0,0.9891851851851852,1.0,1.0,1.0,329.0,78968.0,6000.0,0.6297134238310709,0,0.0,179.0,97902
8467900,2024-12-07 00:38:46+00:00,0,,,16401.0,16317.0,0.2602699003632326,-0.6114337137678488,-0.054488959167710314,0.2259612567881653,-0.06670879924340213,-0.07412946629464255,-0.14267212177429597,-0.03231283449775203,-0.04317344340611509,-0.4142474070967134,-0.09921592132150975,-0.09236929204096728,-0.026172253256940618,0.47334886807418025,-0.03481326916714037,-0.1482292857992833,-0.12296996338010098,0.09263075257175206,0.02313302321270807,-0.008431530244752898,0.08965056778496559,-0.05816090055260583,0.04284707524103316,-0.016179347188425074,-0.053592719399028974,-0.03707202918461854,6.717,0.0,0.0,600.0,0.0,13.0,0.0,0.0,4.0,0.0,3.0,10.0,1.0,1.146923076923077,1.0,1.0,0.0,1.0,78968.0,2100.0,0.0,1,0.0,0.0,98589
8438415,2024-12-03 03:56:39+00:00,1,,"[0, 0, 0, 0, 0, 0, 0, 0, 0, 0, 0, 0, 0, 0, 0, 0, 0, 0, 0, 0, 0, 0, 0, 0, 0, 0, 0, 0, 0, 0, 0, 0, 0, 0, 0, 0, 0, 0, 0, 0, 0, 1, 1, 1, 1, 1, 1, 1, 1, 1, 1]",45000.0,16317.0,0.26038465798270416,-0.6114337137678488,-0.054488959167710314,0.2259612567881653,-0.06670879924340213,-0.07412946629464255,-0.14267212177429597,-0.03231283449775203,-0.04317344340611509,0.0778669440877906,-0.07791647071836902,-0.0069440649306055586,-0.026172253256940618,0.021081495765742912,-0.03481326916714037,-0.1482292857992833,-0.12296996338010098,0.09263075257175206,-0.08168565936984104,0.12181209640599021,-0.009607996814591997,-0.05816090055260583,-0.023487699131707573,-0.016179347188425074,-0.053592719399028974,0.141236061144545,6.717,0.0,1.0,476.0,0.0196078431372549,10.0,1.0,0.0,0.0,6.0,1.0,9.0,9.0,1.6,1.0,1.0,0.0,329.0,133.0,4420.0,0.3506787330316742,0,0.0,177.0,0
8463782,2024-12-05 04:48:01+00:00,1,,,17593.0,16317.0,0.2610179639478594,-0.6114337137678488,0.26094868650223196,0.004753338369163321,-0.06670879924340213,-0.07412946629464255,-0.14267212177429597,-0.03231283449775203,-0.04317344340611509,0.0778669440877906,-0.06544171956609646,-0.0069440649306055586,-0.026172253256940618,-0.2062583476798761,-0.03481326916714037,0.13611650753568505,-0.12296996338010098,0.09263075257175206,-0.08168565936984104,-0.008431530244752898,-0.039768111103099996,-0.05816090055260583,-0.023487699131707573,-0.016179347188425074,-0.053592719399028974,-0.018828211620055532,6.717,5256.0,2.0,318.0,0.0,10.0,5.0,0.0,0.0,16.0,1.0,10.0,21.0,1.1424025974025973,0.0,1.0,0.0,329.0,2116.0,5906.0,0.0,0,15.0,103.0,71977
8472020,2024-12-08 03:48:45+00:00,1,,"[0, 0, 0, 0, 1, 1, 1, 1, 0, 1, 0, 1, 1, 1, 1, 1, 1, 1, 1, 1, 1, 1, 1, 1, 1, 1, 1, 1, 1, 1]",15955.0,16317.0,0.2612788561419223,-0.6114337137678488,-0.054488959167710314,-0.23295731524514138,-0.06670879924340213,-0.07412946629464255,-0.16547143701628758,-0.03231283449775203,-0.04317344340611509,-0.4142474070967134,-0.07791647071836902,-0.09236929204096728,-0.026172253256940618,-0.2062583476798761,0.28748156146469017,0.13611650753568505,0.06852539126647902,0.09263075257175206,-0.08168565936984104,-0.008431530244752898,-0.009607996814591997,0.15904631144217646,-0.023487699131707573,-0.016179347188425074,-0.053592719399028974,0.141236061144545,6.717,0.0,5.0,366.0,0.03333333333333333,16.0,0.0,0.0,4.0,4.0,2.0,10.0,20.0,0.9454814814814815,0.0,0.0,0.0,329.0,1389.0,3610.0,0.9354838709677419,0,16.0,280.0,24003
8467706,2024-12-06 23:54:38+00:00,1,,"[0, 0, 0, 0, 0, 0, 0, 0, 0, 0, 0, 0, 0, 0, 0, 0, 0, 0, 0, 0, 0, 0, 0, 0, 0, 0, 0, 0, 0, 0, 0, 0, 0, 0, 0, 0, 0, 0, 0, 0, 0, 0, 0, 0, 0, 0, 0, 0, 0, 0, 0, 0, 0, 0, 0, 0, 0, 0, 0, 0, 0, 0, 0, 1, 1, 1]",15278.0,16317.0,0.26153136756387935,-0.6114337137678488,-0.054488959167710314,0.2259612567881653,-0.06670879924340213,-0.07412946629464255,-0.043774865933036713,-0.03231283449775203,-0.04317344340611509,0.0778669440877906,-0.09921592132150975,-0.0069440649306055586,-0.026172253256940618,0.14199482941539582,-0.03481326916714037,-0.1482292857992833,-0.12296996338010098,0.09263075257175206,0.02313302321270807,-0.008431530244752898,-0.009607996814591997,-0.05816090055260583,-0.023487699131707573,-0.016179347188425074,-0.053592719399028974,-0.018828211620055532,6.717,0.0,1.0,379.0,0.015151515151515152,7.0,4.0,0.0,0.0,1.0,1.0,8.0,6.0,1.2865684210526316,1.0,2.0,0.0,1.0,78968.0,3983.0,0.08819538670284939,0,4.0,148.0,90585
8469345,2024-12-07 05:30:10+00:00,0,,,23359.0,16317.0,0.26173552322848453,-0.6114337137678488,-0.054488959167710314,0.004753338369163321,-0.06670879924340213,-0.07412946629464255,-0.16547143701628758,-0.03231283449775203,-0.04317344340611509,0.0778669440877906,-0.06544171956609646,-0.09236929204096728,-0.026172253256940618,0.25953741616204173,-0.03481326916714037,0.13611650753568505,-0.12296996338010098,0.09263075257175206,0.02313302321270807,-0.008431530244752898,-0.039768111103099996,-0.05816090055260583,0.04284707524103316,-0.016179347188425074,-0.053592719399028974,-0.0035377154089891926,6.717,0.0,2.0,417.0,0.0,162.0,1.0,0.0,0.0,18.0,99.0,10.0,4.0,1.1782597730138713,0.0,16.0,0.0,1.0,1269.0,4719.0,0.0,1,2.0,125.0,50536
8465667,2024-12-06 02:17:37+00:00,0,,,10183.0,16317.0,0.26178054856739263,-0.6114337137678488,-0.054488959167710314,0.004753338369163321,-0.06670879924340213,-0.07412946629464255,0.01584713069282676,-0.03231283449775203,-0.04317344340611509,0.0778669440877906,-0.07791647071836902,-0.0069440649306055586,-0.026172253256940618,0.20995636990242048,-0.03481326916714037,-0.1482292857992833,0.06852539126647902,0.09263075257175206,-0.08168565936984104,-0.008431530244752898,-0.039768111103099996,-0.05816090055260583,0.04284707524103316,-0.016179347188425074,-0.053592719399028974,-0.03707202918461854,6.717,0.0,2.0,324.0,0.0,5.0,1.0,0.0,0.0,3.0,1.0,10.0,5.0,1.3219524860443983,1.0,0.0,0.0,329.0,78968.0,6000.0,0.0,1,0.0,32.0,110926
8459951,2024-12-03 23:16:21+00:00,1,,"[0, 0, 0, 0, 1, 1, 1, 1, 0, 1, 1, 1, 1, 1, 1, 1, 1, 1, 1, 1, 1, 1, 1, 1, 1, 1, 1, 1, 1, 1, 1, 1, 1, 1, 1, 1]",28543.0,16317.0,0.262275979342797,-0.6114337137678488,-0.054488959167710314,-0.23295731524514138,-0.06670879924340213,-0.07412946629464255,-0.16547143701628758,-0.03231283449775203,-0.04317344340611509,-0.4142474070967134,-0.06544171956609646,-0.09236929204096728,-0.026172253256940618,-0.2062583476798761,0.16413019796925432,-0.1482292857992833,0.06852539126647902,0.09263075257175206,0.02313302321270807,0.12181209640599021,-0.009607996814591997,0.15904631144217646,-0.023487699131707573,-0.016179347188425074,0.006896750883670848,0.141236061144545,6.717,0.0,5.0,600.0,0.027777777777777776,21.0,1.0,0.0,4.0,18.0,2.0,10.0,20.0,1.0571481481481482,1.0,0.0,0.0,1.0,207.0,4446.0,0.9714714714714715,0,0.0,296.0,12
8472773,2024-12-08 06:51:07+00:00,1,,,14120.0,16317.0,0.2625726028644839,-0.6114337137678488,-0.054488959167710314,0.2259612567881653,-0.06670879924340213,-0.07412946629464255,0.14385053025774988,-0.03231283449775203,-0.04317344340611509,0.0778669440877906,-0.09921592132150975,-0.09236929204096728,-0.026172253256940618,0.14199482941539582,-0.03481326916714037,-0.1482292857992833,-0.12296996338010098,0.09263075257175206,0.02313302321270807,-0.008431530244752898,-0.039768111103099996,-0.05816090055260583,-0.023487699131707573,-0.016179347188425074,-0.053592719399028974,-0.018828211620055532,6.717,0.0,1.0,600.0,0.0,3.0,0.0,0.0,0.0,0.0,2.0,10.0,7.0,1.159753593429158,1.0,1.0,0.0,1.0,440.0,6010.0,0.0,0,0.0,115.0,85181
8462759,2024-12-05 00:50:45+00:00,1,,"[0, 0, 0, 1, 1, 1, 1, 0, 0, 0, 0, 1, 1, 1, 1, 1, 1, 1, 1, 1, 1, 1]",15489.0,16317.0,0.2626703147475107,-0.6114337137678488,-0.054488959167710314,0.004753338369163321,-0.06670879924340213,-0.07412946629464255,-0.16547143701628758,-0.03231283449775203,-0.04317344340611509,0.0778669440877906,-0.06544171956609646,-0.09236929204096728,-0.026172253256940618,0.021081495765742912,0.16413019796925432,-0.1482292857992833,-0.12296996338010098,0.09263075257175206,-0.08168565936984104,-0.008431530244752898,-0.009607996814591997,-0.05484988672575293,-0.023487699131707573,-0.016179347188425074,0.006896750883670848,0.008044419973869708,6.717,0.0,2.0,324.0,0.045454545454545456,162.0,6.0,0.0,0.0,15.0,99.0,10.0,10.0,1.0447892074198988,1.0,16.0,0.0,329.0,4813.0,4289.0,0.8260869565217391,0,15.0,310.0,43915
8460231,2024-12-04 00:34:34+00:00,0,,,21496.0,16317.0,0.26267395595597226,-0.6114337137678488,-0.054488959167710314,0.004753338369163321,-0.06670879924340213,-0.07412946629464255,-0.16547143701628758,-0.03231283449775203,-0.04317344340611509,0.0778669440877906,-0.06544171956609646,-0.09236929204096728,-0.026172253256940618,-0.01066169917084148,-0.03481326916714037,0.13611650753568505,-0.12296996338010098,0.09263075257175206,0.02313302321270807,-0.008431530244752898,0.04544625733308562,-0.05816090055260583,0.04284707524103316,-0.016179347188425074,-0.053592719399028974,-0.018828211620055532,6.717,0.0,2.0,490.0,0.0,162.0,2.0,0.0,0.0,17.0,99.0,10.0,13.0,1.4283056478405316,0.0,16.0,0.0,1.0,78968.0,2723.0,0.0,1,0.0,251.0,63599
8464429,2024-12-05 07:46:01+00:00,1,,"[0, 0, 0, 0, 0, 0, 0, 0, 0, 0, 0, 0, 0, 0, 0, 0, 0, 1, 1, 0, 0, 1, 0, 0, 1, 1, 0, 0, 0, 0, 1, 0, 0, 0, 1, 0, 1, 1, 0, 0, 1, 1, 1, 1, 1, 1, 1, 0, 1, 1, 1, 1, 1, 1, 1, 1, 1, 1, 1, 1, 1, 1, 1, 1, 1, 1, 1]",15844.0,16317.0,0.2630267608657521,-0.6114337137678488,-0.054488959167710314,0.2259612567881653,-0.05738860713727523,-0.07412946629464255,-0.043774865933036713,-0.03231283449775203,-0.04317344340611509,0.0778669440877906,-0.07791647071836902,-0.09236929204096728,-0.026172253256940618,0.14199482941539582,-0.03481326916714037,0.13611650753568505,-0.12296996338010098,-0.3012493410357806,0.02313302321270807,-0.008431530244752898,-0.009607996814591997,-0.05816090055260583,0.04284707524103316,0.05393564252282038,-0.053592719399028974,-0.018828211620055532,6.717,0.0,1.0,278.0,0.014925373134328358,8.0,6.0,0.0,0.0,10.0,2.0,9.0,7.0,1.2363636363636363,0.0,2.0,1.0,1.0,1151.0,3600.0,0.7291483757682178,1,36.0,98.0,97882
8464760,2024-12-05 22:30:41+00:00,1,,,10079.0,16317.0,0.26337182957285854,-0.6114337137678488,-0.054488959167710314,0.2259612567881653,-0.06670879924340213,-0.07412946629464255,-0.043774865933036713,-0.03231283449775203,-0.04317344340611509,0.0778669440877906,-0.09921592132150975,-0.0069440649306055586,-0.026172253256940618,0.08251752792097579,-0.03481326916714037,-0.1482292857992833,0.06852539126647902,0.09263075257175206,-0.08168565936984104,-0.008431530244752898,-0.039768111103099996,-0.05816090055260583,-0.023487699131707573,-0.016179347188425074,-0.053592719399028974,-0.03707202918461854,6.717,0.0,1.0,600.0,0.0,7.0,0.0,0.0,0.0,0.0,1.0,10.0,8.0,1.3195862791306625,1.0,0.0,0.0,329.0,78968.0,6500.0,0.0,0,0.0,196.0,100640
8467529,2024-12-06 23:11:21+00:00,1,,"[1, 1, 1, 1, 1, 1, 1, 1, 1, 1, 1, 1, 1, 1, 1, 1, 1, 1, 1, 1, 1, 1, 1, 1, 1, 1, 0, 1, 1, 1, 1, 1, 1, 1, 0, 0, 1, 0, 1, 1, 1, 1, 1, 1, 1, 0, 0, 0, 1, 1, 0, 1, 1, 1, 1, 1, 1, 1, 1, 1, 1, 1, 1, 1, 1, 1, 1, 1]",14589.0,16317.0,0.2633886762734129,-0.6114337137678488,-0.054488959167710314,0.004753338369163321,-0.05738860713727523,-0.05564041606933876,0.14385053025774988,-0.03231283449775203,-0.04317344340611509,0.0778669440877906,-0.07791647071836902,-0.09236929204096728,-0.026172253256940618,0.021081495765742912,0.28748156146469017,-0.1482292857992833,-0.12296996338010098,-0.3012493410357806,-0.08168565936984104,-0.008431530244752898,-0.009607996814591997,-0.05484988672575293,-0.023487699131707573,-0.016179347188425074,-0.053592719399028974,-0.03707202918461854,6.717,0.0,2.0,299.0,0.39705882352941174,4.0,2.0,0.0,0.0,3.0,2.0,10.0,11.0,1.0078756476683939,1.0,1.0,1.0,329.0,2241.0,4427.0,0.8601875532821824,0,2.0,140.0,117000
8438184,2024-12-04 03:15:09+00:00,1,,,16693.0,16317.0,0.26363924535978994,-0.6114337137678488,-0.054488959167710314,0.2259612567881653,-0.06670879924340213,-0.07412946629464255,-0.14267212177429597,0.030500288512228284,-0.04317344340611509,-0.048236128980226715,-0.07791647071836902,-0.09236929204096728,-0.026172253256940618,0.47334886807418025,-0.03481326916714037,-0.1482292857992833,-0.12296996338010098,-0.3012493410357806,0.02313302321270807,-0.008431530244752898,-0.009607996814591997,-0.05816090055260583,-0.023487699131707573,-0.016179347188425074,0.006896750883670848,-0.03707202918461854,6.717,0.0,0.0,345.0,0.0,9.0,8.0,0.0,3.0,5.0,2.0,10.0,2.0,1.318250019742557,1.0,1.0,1.0,1.0,518.0,4333.0,0.0,0,25.0,293.0,120314
8467726,2024-12-07 00:01:33+00:00,1,,,45000.0,16317.0,0.26394286597412564,-0.6114337137678488,-0.054488959167710314,-0.1165395030712408,-0.06670879924340213,-0.07412946629464255,-0.16547143701628758,-0.03231283449775203,-0.04317344340611509,0.0778669440877906,-0.07791647071836902,-0.09236929204096728,-0.026172253256940618,-0.01066169917084148,-0.03481326916714037,0.13611650753568505,-0.12296996338010098,0.09263075257175206,0.02313302321270807,-0.008431530244752898,-0.039768111103099996,-0.05816090055260583,-0.023487699131707573,-0.016179347188425074,0.2103895073799279,0.141236061144545,6.717,0.0,3.0,321.0,0.0,22.0,1.0,0.0,1.0,11.0,2.0,10.0,13.0,1.6,0.0,1.0,0.0,1.0,353.0,6000.0,0.0,0,4.0,472.0,0
8436698,2024-12-02 22:38:10+00:00,0,[],"[0, 0, 0, 0, 0, 0, 0, 0, 0, 0, 0, 0, 0, 0, 0, 0, 0, 0, 0, 0, 0, 0, 0, 0, 0, 0, 0, 0, 0, 0, 0, 0, 0, 0, 0, 0, 0, 0, 0, 0, 0, 0, 0, 0, 0, 0, 1, 0, 1, 1, 0, 0, 0, 0, 1, 0, 0, 0, 0, 1, 0, 0, 0, 1, 1, 1, 0, 0, 0, 0, 0, 0, 0, 1, 1, 1, 1, 1, 0, 0]",40517.0,644.0,0.26410373606776333,-0.6114337137678488,-0.054488959167710314,-0.23295731524514138,-0.06670879924340213,-0.05564041606933876,0.4194777125113977,-0.03231283449775203,-0.04317344340611509,-0.048236128980226715,-0.07791647071836902,0.07090034106747711,-0.026172253256940618,-0.01066169917084148,-0.03481326916714037,-0.1482292857992833,0.06852539126647902,0.09263075257175206,0.02313302321270807,-0.008431530244752898,-0.039768111103099996,-0.05816090055260583,0.04284707524103316,-0.016179347188425074,-0.053592719399028974,0.141236061144545,6.717,0.0,4.0,323.0,0.50625,1.0,0.0,0.0,3.0,2.0,0.0,9.0,13.0,1.259543645859239,1.0,0.0,0.0,1.0,78968.0,6900.0,0.2580246913580247,1,0.0,207.0,12
8466856,2024-12-06 07:05:46+00:00,1,,,12514.0,16317.0,0.2642046344779384,-0.6114337137678488,-0.054488959167710314,-0.23295731524514138,-0.05738860713727523,-0.07412946629464255,-0.043774865933036713,-0.03231283449775203,-0.04317344340611509,0.0778669440877906,-0.07791647071836902,-0.0069440649306055586,-0.026172253256940618,-0.15334582495827825,0.16413019796925432,-0.1482292857992833,-0.12296996338010098,0.09263075257175206,0.02313302321270807,-0.008431530244752898,0.04544625733308562,-0.05816090055260583,-0.023487699131707573,-0.016179347188425074,0.015592503790590144,-0.018828211620055532,6.717,0.0,4.0,250.0,0.0,8.0,3.0,0.0,0.0,2.0,1.0,10.0,19.0,1.0582663847780127,1.0,2.0,0.0,1.0,3466.0,2952.0,0.0,0,7.0,325.0,63382
8466463,2024-12-06 05:14:51+00:00,0,,,19650.0,16317.0,0.26471759673070394,-0.6114337137678488,-0.054488959167710314,0.004753338369163321,-0.06670879924340213,-0.07412946629464255,-0.16547143701628758,-0.03231283449775203,-0.04317344340611509,0.0778669440877906,-0.09921592132150975,-0.09236929204096728,-0.026172253256940618,0.021081495765742912,-0.03481326916714037,-0.1482292857992833,-0.12296996338010098,0.09263075257175206,0.02313302321270807,-0.008431530244752898,0.08965056778496559,-0.05816090055260583,0.04284707524103316,-0.016179347188425074,-0.053592719399028974,-0.0035377154089891926,6.717,0.0,2.0,600.0,0.0,162.0,0.0,0.0,0.0,0.0,99.0,10.0,11.0,1.2,1.0,16.0,0.0,45.0,78968.0,2120.0,0.0,1,0.0,89.0,54187
8471173,2024-12-08 01:17:55+00:00,1,,"[1, 1, 1, 1, 1, 1, 1, 1]",14775.0,16317.0,0.26495023117655586,-0.6114337137678488,-0.054488959167710314,0.004753338369163321,-0.06670879924340213,-0.05564041606933876,0.14385053025774988,-0.03231283449775203,-0.04317344340611509,-0.048236128980226715,-0.06544171956609646,-0.0069440649306055586,-0.026172253256940618,0.021081495765742912,-0.03481326916714037,-0.1482292857992833,-0.12296996338010098,0.09263075257175206,0.02313302321270807,-0.008431530244752898,-0.009607996814591997,0.15904631144217646,-0.023487699131707573,-0.016179347188425074,-0.053592719399028974,0.008044419973869708,6.717,0.0,2.0,375.0,0.5064935064935064,4.0,6.0,0.0,3.0,14.0,1.0,9.0,10.0,1.1939393939393939,1.0,1.0,0.0,1.0,1617.0,4000.0,1.0,0,18.0,154.0,44567
8428504,2024-12-06 01:54:07+00:00,1,,"[1, 1, 1, 1, 1, 1, 1, 1, 1]",17086.0,16317.0,0.2651707300374733,-0.6114337137678488,-0.054488959167710314,-0.1165395030712408,-0.05738860713727523,-0.05564041606933876,-0.14267212177429597,-0.03231283449775203,-0.04317344340611509,0.0778669440877906,-0.07791647071836902,0.07090034106747711,-0.026172253256940618,-0.15334582495827825,-0.03481326916714037,-0.1482292857992833,-0.12296996338010098,0.09263075257175206,0.02313302321270807,-0.008431530244752898,-0.009607996814591997,0.15904631144217646,-0.023487699131707573,-0.016179347188425074,0.2103895073799279,-0.0035377154089891926,6.717,0.0,3.0,218.0,0.5186206896551724,11.0,2.0,0.0,0.0,3.0,0.0,8.0,18.0,1.1447906197654942,1.0,1.0,0.0,1.0,837.0,3640.0,1.0,0,11.0,442.0,51711
8468707,2024-12-07 03:25:19+00:00,1,,"[0, 0, 0, 1, 1, 1, 1, 1, 1, 1, 1, 1, 1, 1, 1, 1, 1, 1, 1, 1, 1, 1, 1, 1, 1, 1, 1, 1, 1, 1, 1, 1, 1, 1, 1]",16052.0,16317.0,0.2662658495766427,-0.6114337137678488,-0.054488959167710314,-0.23295731524514138,-0.05738860713727523,-0.07412946629464255,-0.043774865933036713,-0.03231283449775203,-0.04317344340611509,0.0778669440877906,-0.06544171956609646,-0.09236929204096728,-0.026172253256940618,-0.01066169917084148,0.16413019796925432,-0.1482292857992833,-0.12296996338010098,0.09263075257175206,-0.08168565936984104,-0.008431530244752898,-0.009607996814591997,0.15904631144217646,-0.023487699131707573,-0.016179347188425074,-0.053592719399028974,-0.03707202918461854,6.717,0.0,5.0,287.0,0.02857142857142857,7.0,0.0,0.0,0.0,20.0,4.0,10.0,12.0,1.0960737453055651,1.0,1.0,0.0,329.0,598.0,3520.0,0.9904761904761905,0,4.0,54.0,109346
8467387,2024-12-06 22:31:33+00:00,1,,"[0, 0, 0, 0, 0, 0, 0, 0, 0, 1, 1]",18921.0,16317.0,0.2663264888437349,-0.6114337137678488,-0.054488959167710314,-0.23295731524514138,-0.05738860713727523,-0.07412946629464255,-0.16547143701628758,-0.03231283449775203,-0.04317344340611509,0.0778669440877906,-0.07791647071836902,-0.09236929204096728,-0.026172253256940618,-0.2062583476798761,0.16413019796925432,-0.1482292857992833,0.06852539126647902,0.09263075257175206,0.02313302321270807,-0.008431530244752898,-0.009607996814591997,-0.05816090055260583,-0.023487699131707573,-0.016179347188425074,-0.053592719399028974,0.008044419973869708,6.717,0.0,4.0,252.0,0.05861244019138756,21.0,4.0,0.0,0.0,3.0,2.0,9.0,20.0,1.0968695652173912,1.0,0.0,0.0,1.0,2800.0,3700.0,0.3181818181818182,0,21.0,153.0,28322
8471932,2024-12-08 03:32:21+00:00,1,"[1, 1, 1, 1, 1, 1, 1, 1, 1, 1, 1, 1, 1, 1, 1]",,23144.0,288.0,0.2663751433273524,-0.6114337137678488,-0.054488959167710314,-0.5083517388880758,0.11939328962621384,0.22755275636556374,-0.14267212177429597,-0.03231283449775203,0.1740873916033103,0.0778669440877906,-0.07791647071836902,-0.0069440649306055586,0.13238330771477913,-0.46958011525157795,-0.03481326916714037,-0.1482292857992833,0.06852539126647902,0.09263075257175206,0.02313302321270807,-0.008431530244752898,-0.009607996814591997,-0.05816090055260583,-0.023487699131707573,-0.016179347188425074,-0.053592719399028974,-0.018828211620055532,6.717,5.0,6.0,201.0,1.0,10.0,1.0,1.0,0.0,2.0,1.0,1.0,34.0,1.231391327480713,1.0,0.0,0.0,1.0,78968.0,4346.0,0.0,0,10.0,18.0,59274
8462441,2024-12-04 23:37:42+00:00,1,"[1, 1, 1, 1, 1, 1, 1, 1, 1, 1, 1, 1, 1, 1]","[0, 0, 0, 0, 0, 0, 0, 0, 0, 0, 0, 0, 0, 0, 0, 0, 0, 0, 0, 0, 0, 0, 0, 1, 1, 1, 0, 1, 1, 0, 1, 1, 1, 1, 1, 1, 1, 1, 1, 1, 1, 1, 1, 1]",18401.0,505.0,0.26640944378980874,-0.6114337137678488,-0.054488959167710314,-0.1165395030712408,-0.05738860713727523,-0.05564041606933876,-0.043774865933036713,-0.03231283449775203,0.1740873916033103,-0.048236128980226715,-0.07791647071836902,-0.09236929204096728,-0.026172253256940618,0.08251752792097579,-0.03481326916714037,0.13611650753568505,-0.12296996338010098,0.09263075257175206,-0.08168565936984104,-0.008431530244752898,-0.009607996814591997,-0.05816090055260583,-0.023487699131707573,-0.016179347188425074,-0.053592719399028974,-0.0035377154089891926,6.717,0.0,3.0,278.0,0.5113636363636364,7.0,3.0,1.0,3.0,2.0,3.0,9.0,8.0,1.1987622149837134,0.0,2.0,0.0,329.0,2405.0,4195.0,0.6636363636363637,0,25.0,233.0,49608
8437857,2024-12-03 01:58:24+00:00,1,,,45000.0,16317.0,0.26643711588886987,-0.6114337137678488,-0.054488959167710314,0.2259612567881653,-0.06670879924340213,-0.07412946629464255,-0.14267212177429597,0.030500288512228284,-0.04317344340611509,-0.048236128980226715,-0.07791647071836902,0.07090034106747711,-0.026172253256940618,0.08251752792097579,-0.03481326916714037,0.13611650753568505,0.06852539126647902,-0.3012493410357806,-0.08168565936984104,-0.008431530244752898,-0.039768111103099996,-0.05816090055260583,-0.023487699131707573,-0.016179347188425074,-0.053592719399028974,0.141236061144545,6.717,0.0,1.0,361.0,0.0,13.0,9.0,0.0,3.0,2.0,0.0,10.0,8.0,1.6,0.0,0.0,1.0,329.0,78968.0,4500.0,0.0,0,19.0,192.0,0
8469296,2024-12-07 05:19:46+00:00,1,,"[1, 1, 1]",23128.0,16317.0,0.2667779115665623,-0.6114337137678488,-0.054488959167710314,0.004753338369163321,-0.06670879924340213,0.22755275636556374,-0.14267212177429597,-0.03231283449775203,-0.04317344340611509,0.0778669440877906,-0.07791647071836902,-0.09236929204096728,0.13238330771477913,-0.15334582495827825,-0.03481326916714037,-0.1482292857992833,-0.12296996338010098,0.09263075257175206,0.02313302321270807,-0.008431530244752898,-0.009607996814591997,0.15904631144217646,-0.023487699131707573,-0.016179347188425074,-0.053592719399028974,-0.018828211620055532,6.717,0.0,2.0,347.0,1.0,9.0,2.0,0.0,0.0,2.0,3.0,1.0,17.0,1.1535162094763092,1.0,1.0,0.0,1.0,758.0,3600.0,1.0,0,13.0,61.0,69598
8467722,2024-12-07 05:55:36+00:00,1,,,15504.0,16317.0,0.2668700001783928,-0.6114337137678488,-0.054488959167710314,0.2259612567881653,-0.05738860713727523,-0.07412946629464255,0.01584713069282676,-0.03231283449775203,-0.04317344340611509,0.0778669440877906,-0.07791647071836902,-0.09236929204096728,-0.026172253256940618,0.021081495765742912,-0.03481326916714037,-0.1482292857992833,-0.12296996338010098,0.09263075257175206,0.02313302321270807,-0.008431530244752898,-0.009607996814591997,-0.05816090055260583,-0.023487699131707573,-0.016179347188425074,-0.053592719399028974,-0.018828211620055532,6.717,0.0,1.0,288.0,0.0,5.0,4.0,0.0,0.0,7.0,2.0,10.0,11.0,1.3452494577006509,1.0,2.0,0.0,1.0,2093.0,4045.0,0.0,0,32.0,273.0,57656
8469414,2024-12-07 05:45:31+00:00,1,,,25690.0,16317.0,0.2670956498483547,-0.6114337137678488,-0.054488959167710314,0.2259612567881653,-0.06670879924340213,-0.07412946629464255,-0.16547143701628758,-0.03231283449775203,-0.04317344340611509,0.0778669440877906,-0.09921592132150975,-0.09236929204096728,-0.026172253256940618,0.25953741616204173,-0.03481326916714037,-0.1482292857992833,-0.12296996338010098,0.09263075257175206,0.02313302321270807,-0.008431530244752898,-0.039768111103099996,-0.05816090055260583,-0.023487699131707573,-0.016179347188425074,-0.053592719399028974,-0.018828211620055532,6.717,0.0,1.0,600.0,0.0,162.0,0.0,0.0,0.0,0.0,99.0,10.0,4.0,1.152017937219731,1.0,16.0,0.0,1.0,78968.0,5000.0,0.0,0,0.0,10.0,64125
8471120,2024-12-08 01:11:02+00:00,1,"[0, 0, 1, 1, 1, 1, 1, 1, 1, 1, 1, 1, 1, 1, 1, 1, 1, 1, 1, 1]","[0, 0, 0, 0, 0, 0, 0, 0, 0, 0, 0, 0, 0, 0, 1, 1, 1, 0, 1, 1, 1, 1, 1, 1, 1, 1]",17296.0,559.0,0.267832930833717,-0.6114337137678488,-0.054488959167710314,0.2259612567881653,0.11939328962621384,-0.07412946629464255,-0.16547143701628758,-0.03231283449775203,-0.04317344340611509,0.0778669440877906,-0.07791647071836902,-0.09236929204096728,0.13238330771477913,0.021081495765742912,-0.03481326916714037,-0.1482292857992833,-0.12296996338010098,0.09263075257175206,-0.08168565936984104,-0.008431530244752898,-0.039768111103099996,-0.05816090055260583,-0.023487699131707573,-0.016179347188425074,0.015592503790590144,-0.018828211620055532,6.717,0.0,1.0,190.0,0.11282051282051282,14.0,1.0,0.9,0.0,3.0,5.0,1.0,10.0,1.2420825852782764,1.0,2.0,0.0,329.0,1102.0,4516.0,0.6495726495726496,0,15.0,346.0,77935
8438669,2024-12-03 05:24:34+00:00,1,,"[0, 1, 0, 1, 0, 1, 1, 1, 1, 1, 1]",8543.0,16317.0,0.2683917100219862,-0.6114337137678488,-0.054488959167710314,-0.23295731524514138,-0.06670879924340213,-0.07412946629464255,-0.14267212177429597,-0.03231283449775203,-0.04317344340611509,0.0778669440877906,-0.06544171956609646,-0.09236929204096728,-0.026172253256940618,0.021081495765742912,0.28748156146469017,0.13611650753568505,-0.12296996338010098,-0.3012493410357806,-0.08168565936984104,-0.008431530244752898,0.04544625733308562,-0.05484988672575293,-0.023487699131707573,-0.016179347188425074,-0.053592719399028974,-0.018828211620055532,6.717,0.0,5.0,316.0,0.09090909090909091,10.0,1.0,0.0,0.0,15.0,2.0,10.0,11.0,0.921078167115903,0.0,1.0,1.0,329.0,2873.0,2947.0,0.8636363636363636,0,12.0,201.0,81515
8472114,2024-12-08 04:52:31+00:00,1,,,21793.0,16317.0,0.26854243676906436,-0.6114337137678488,-0.054488959167710314,-0.23295731524514138,-0.06670879924340213,-0.07412946629464255,-0.16547143701628758,-0.03231283449775203,-0.04317344340611509,0.0778669440877906,-0.07791647071836902,0.07090034106747711,-0.026172253256940618,-0.3292197513569699,0.28748156146469017,-0.1482292857992833,0.06852539126647902,-0.3012493410357806,0.02313302321270807,0.12181209640599021,-0.009607996814591997,-0.05816090055260583,-0.023487699131707573,-0.016179347188425074,-0.053592719399028974,0.008044419973869708,6.717,0.0,5.0,378.0,0.0,22.0,2.0,0.0,1.0,9.0,0.0,10.0,31.0,1.0171761960326722,1.0,0.0,1.0,1.0,229.0,3596.0,0.0,0,6.0,148.0,26866
8468467,2024-12-07 02:35:47+00:00,1,,,19413.0,16317.0,0.2693232427109792,-0.6114337137678488,-0.054488959167710314,0.004753338369163321,-0.06670879924340213,-0.07412946629464255,-0.16547143701628758,-0.03231283449775203,-0.04317344340611509,0.0778669440877906,-0.07791647071836902,0.07090034106747711,-0.026172253256940618,-0.15334582495827825,0.16413019796925432,-0.1482292857992833,-0.12296996338010098,0.09263075257175206,0.02313302321270807,-0.008431530244752898,-0.009607996814591997,-0.05816090055260583,-0.023487699131707573,-0.016179347188425074,-0.053592719399028974,0.008044419973869708,6.717,0.0,2.0,343.0,0.0,61.0,3.0,0.0,0.0,9.0,0.0,10.0,16.0,1.055054347826087,1.0,2.0,0.0,10.0,1362.0,4000.0,0.0,0,3.0,220.0,29915
8462027,2024-12-04 08:42:51+00:00,1,,,20752.0,16317.0,0.2693999705077246,-0.6114337137678488,-0.054488959167710314,-0.1165395030712408,-0.06670879924340213,-0.07412946629464255,-0.16547143701628758,-0.03231283449775203,-0.04317344340611509,0.0778669440877906,-0.07791647071836902,-0.0069440649306055586,-0.026172253256940618,0.021081495765742912,0.16413019796925432,0.13611650753568505,-0.12296996338010098,-0.3012493410357806,0.02313302321270807,-0.008431530244752898,-0.009607996814591997,-0.05816090055260583,-0.023487699131707573,-0.016179347188425074,-0.053592719399028974,0.141236061144545,6.717,0.0,3.0,353.0,0.0,23.0,6.0,0.0,0.0,7.0,1.0,10.0,9.0,1.0587755102040817,0.0,1.0,1.0,1.0,738.0,4300.0,0.0,0,13.0,128.0,16515
8468230,2024-12-07 01:48:50+00:00,1,"[0, 1, 1, 0, 0, 0, 1, 1, 0, 1, 0, 1, 1, 1, 1, 1, 1, 1, 1, 1, 1, 1, 1, 1, 0, 1, 1, 1, 1, 1, 1, 1, 1, 1, 1, 1, 1, 1, 1, 1, 1, 1, 1, 1, 1, 1, 1, 1, 1, 1, 1, 1]",,8491.0,704.0,0.2701217690667485,-0.6114337137678488,-0.054488959167710314,0.004753338369163321,0.11939328962621384,-0.07412946629464255,-0.16547143701628758,0.030500288512228284,-0.04317344340611509,0.0778669440877906,-0.07791647071836902,-0.09236929204096728,-0.026172253256940618,0.021081495765742912,-0.03481326916714037,0.13611650753568505,-0.12296996338010098,-0.3012493410357806,0.02313302321270807,-0.008431530244752898,-0.039768111103099996,-0.05816090055260583,-0.023487699131707573,0.05393564252282038,0.006896750883670848,-0.018828211620055532,6.717,0.0,2.0,182.0,0.019230769230769232,16.0,7.0,0.8653846153846154,0.0,4.0,2.0,3.0,11.0,1.3503498727735368,0.0,1.0,1.0,1.0,1874.0,5000.0,0.0,0,48.0,295.0,95701
8462954,2024-12-05 02:02:49+00:00,1,"[0, 1, 0, 0, 0, 0, 0, 0, 1, 1, 1, 1, 1, 0, 0, 0, 0, 0, 0, 1, 1, 1, 0, 0, 0, 0, 0, 0, 0, 0, 1, 0, 0, 0, 0, 1, 1, 1, 1, 1, 1]",,34791.0,474.0,0.27032716770088644,-0.6114337137678488,-0.054488959167710314,0.004753338369163321,-0.05738860713727523,-0.07412946629464255,-0.16547143701628758,-0.03231283449775203,-0.04317344340611509,0.0778669440877906,-0.07791647071836902,-0.0069440649306055586,-0.026172253256940618,0.14199482941539582,-0.03481326916714037,0.13611650753568505,0.06852539126647902,-0.3012493410357806,0.02313302321270807,-0.008431530244752898,-0.039768111103099996,-0.05816090055260583,-0.023487699131707573,0.05393564252282038,-0.053592719399028974,0.008044419973869708,6.717,0.0,2.0,298.0,0.024390243902439025,17.0,4.0,0.3902439024390244,1.0,4.0,1.0,3.0,7.0,1.1853833049403748,0.0,0.0,1.0,1.0,78968.0,7141.0,0.0,0,38.0,230.0,37270
8466338,2024-12-06 04:41:52+00:00,1,"[1, 1, 1, 1, 1, 1, 1, 1, 1, 1, 1, 1, 1, 1]",,24991.0,711.0,0.2706259323664839,-0.6114337137678488,-0.054488959167710314,-0.1165395030712408,-0.05738860713727523,0.22755275636556374,-0.16547143701628758,-0.03231283449775203,0.1740873916033103,-0.048236128980226715,-0.09921592132150975,-0.09236929204096728,0.13238330771477913,-0.3292197513569699,0.16413019796925432,-0.1482292857992833,0.06852539126647902,-0.3012493410357806,-0.08168565936984104,-0.008431530244752898,-0.009607996814591997,-0.05816090055260583,-0.023487699131707573,-0.016179347188425074,-0.053592719399028974,-0.018828211620055532,6.717,0.0,3.0,211.0,1.0,16.0,4.0,1.0,3.0,1.0,2.0,1.0,31.0,1.0748817204301075,1.0,0.0,1.0,329.0,78968.0,4330.0,0.0,0,23.0,140.0,83305
8466182,2024-12-06 04:09:58+00:00,1,,"[0, 0, 1, 1, 1, 1, 1, 1, 1, 1, 1]",30098.0,16317.0,0.2708392253816102,-0.6114337137678488,-0.054488959167710314,-0.5083517388880758,-0.05738860713727523,-0.07412946629464255,-0.16547143701628758,-0.03231283449775203,-0.04317344340611509,0.0778669440877906,0.08779149858909129,-0.0069440649306055586,-0.026172253256940618,-0.46958011525157795,0.16413019796925432,0.13611650753568505,-0.12296996338010098,0.09263075257175206,0.02313302321270807,-0.008431530244752898,-0.009607996814591997,0.15904631144217646,-0.023487699131707573,-0.016179347188425074,-0.053592719399028974,0.141236061144545,6.717,0.0,8.0,298.0,0.09090909090909091,30.0,2.0,0.0,0.0,32.0,1.0,10.0,48.0,1.0895203619909501,0.0,1.0,0.0,1.0,1477.0,4000.0,0.9545454545454546,0,12.0,78.0,1401
8467609,2024-12-06 23:31:04+00:00,1,[],,20494.0,555.0,0.2709934637958696,-0.6114337137678488,-0.054488959167710314,0.004753338369163321,-0.06670879924340213,-0.07412946629464255,-0.14267212177429597,-0.03231283449775203,-0.04317344340611509,0.0778669440877906,-0.07791647071836902,-0.09236929204096728,0.13238330771477913,-0.2062583476798761,-0.03481326916714037,-0.1482292857992833,0.06852539126647902,0.09263075257175206,0.02313302321270807,-0.008431530244752898,-0.039768111103099996,-0.05816090055260583,-0.023487699131707573,-0.016179347188425074,0.2103895073799279,-0.018828211620055532,6.717,0.0,2.0,311.0,0.0,11.0,5.0,0.0,0.0,2.0,3.0,1.0,21.0,1.2198809523809524,1.0,0.0,0.0,1.0,1536.0,5850.0,0.0,0,16.0,459.0,57976
8463987,2024-12-05 05:33:53+00:00,0,"[1, 1, 1, 1, 1, 1, 1]","[1, 1, 0, 0, 1, 1, 1, 1, 1, 1, 1, 1, 1, 1, 1, 1, 1, 1, 1, 1]",24914.0,858.0,0.27110175008353926,-0.6114337137678488,-0.054488959167710314,-0.5083517388880758,-0.05738860713727523,-0.05564041606933876,-0.16547143701628758,-0.03231283449775203,0.1740873916033103,-0.048236128980226715,-0.07791647071836902,-0.09236929204096728,-0.026172253256940618,-0.46958011525157795,0.16413019796925432,0.13611650753568505,-0.12296996338010098,0.09263075257175206,0.02313302321270807,-0.008431530244752898,-0.039768111103099996,0.15904631144217646,0.04284707524103316,-0.016179347188425074,0.04095250473658998,0.008044419973869708,6.717,0.0,11.0,256.0,0.44068376068376064,32.0,3.0,1.0,3.0,8.0,3.0,9.0,78.0,1.0915224534501642,0.0,2.0,0.0,1.0,1350.0,5200.0,0.9666666666666667,1,24.0,359.0,43523
8472111,2024-12-08 04:06:22+00:00,1,,"[0, 0, 0, 0, 0, 0, 0, 0, 0, 0, 0, 0, 0, 0, 0, 0, 0, 0, 0, 0, 0, 0, 1, 1, 1, 1, 1, 1, 1, 1, 1, 1, 0, 0, 0, 1, 1, 1, 1, 1, 1, 1, 1, 1, 1, 1, 0, 1, 1, 1, 1, 1, 1, 1, 1, 1, 1, 1, 1, 1, 1, 1, 1, 1, 1, 1, 1, 1, 1, 1, 1, 1, 1, 1, 1, 1, 1, 1, 1, 1, 1, 1]",19279.0,16317.0,0.2712602103338312,-0.6114337137678488,-0.054488959167710314,0.004753338369163321,-0.05738860713727523,-0.07412946629464255,-0.16547143701628758,-0.03231283449775203,-0.04317344340611509,0.0778669440877906,-0.07791647071836902,-0.09236929204096728,-0.026172253256940618,0.14199482941539582,-0.03481326916714037,0.13611650753568505,0.06852539126647902,-0.3012493410357806,0.02313302321270807,-0.008431530244752898,-0.009607996814591997,-0.05484988672575293,-0.023487699131707573,-0.016179347188425074,-0.053592719399028974,-0.018828211620055532,6.717,0.0,2.0,238.0,0.012195121951219513,17.0,0.0,0.0,0.0,9.0,2.0,9.0,6.0,1.1390841949778434,0.0,0.0,1.0,1.0,993.0,3597.0,0.8818689391713195,0,30.0,228.0,68254
8464783,2024-12-05 22:41:39+00:00,1,"[0, 1, 0, 0, 0, 0, 0, 0, 0, 0, 1, 1, 1, 0, 1, 1, 1, 1, 1]","[0, 0, 0, 1, 1, 1, 0, 1, 1, 1, 1, 1, 1, 1, 1, 1, 1, 1, 1, 1, 1, 1, 1, 1, 1, 1, 1, 1, 0, 1, 1, 0, 1, 1, 1, 1, 1, 1]",16655.0,499.0,0.27134133630777507,-0.6114337137678488,-0.054488959167710314,-0.5083517388880758,-0.05738860713727523,-0.07412946629464255,-0.14267212177429597,0.030500288512228284,-0.04317344340611509,0.0778669440877906,-0.07791647071836902,-0.0069440649306055586,-0.026172253256940618,-0.3292197513569699,0.28748156146469017,-0.1482292857992833,0.06852539126647902,-0.3012493410357806,0.02313302321270807,-0.008431530244752898,-0.039768111103099996,-0.05484988672575293,-0.023487699131707573,0.05393564252282038,0.2103895073799279,0.008044419973869708,6.717,0.0,6.0,298.0,0.039473684210526314,12.0,9.0,0.47368421052631576,0.0,3.0,1.0,4.0,32.0,0.8574002574002574,1.0,0.0,1.0,1.0,5311.0,4566.0,0.9001349527665317,0,48.0,470.0,25540
8471295,2024-12-08 04:17:58+00:00,1,"[0, 1, 1, 1, 1, 1, 1, 1, 1, 1, 1]",,19834.0,386.0,0.2713987885964841,-0.6114337137678488,-0.054488959167710314,0.004753338369163321,-0.06670879924340213,-0.07412946629464255,-0.043774865933036713,-0.03231283449775203,-0.04317344340611509,-0.048236128980226715,-0.07791647071836902,-0.0069440649306055586,-0.026172253256940618,-0.15334582495827825,-0.03481326916714037,0.13611650753568505,0.06852539126647902,0.09263075257175206,0.02313302321270807,-0.008431530244752898,-0.009607996814591997,-0.05816090055260583,0.04284707524103316,-0.016179347188425074,-0.053592719399028974,-0.018828211620055532,6.717,0.0,2.0,338.0,0.09090909090909091,8.0,2.0,0.9090909090909091,3.0,4.0,1.0,3.0,18.0,1.4066666666666667,0.0,0.0,0.0,1.0,78968.0,3964.0,0.0,1,11.0,74.0,73280
8469912,2024-12-07 07:57:57+00:00,0,,,19662.0,16317.0,0.2716715570260153,-0.6114337137678488,-0.054488959167710314,-0.23295731524514138,-0.06670879924340213,-0.07412946629464255,-0.16547143701628758,-0.03231283449775203,-0.04317344340611509,-0.048236128980226715,-0.07791647071836902,-0.09236929204096728,-0.026172253256940618,-0.2062583476798761,0.16413019796925432,-0.1482292857992833,-0.12296996338010098,0.09263075257175206,0.02313302321270807,-0.008431530244752898,0.08965056778496559,-0.05816090055260583,0.04284707524103316,-0.016179347188425074,0.015592503790590144,0.008044419973869708,6.717,0.0,4.0,367.0,0.0,15.0,1.0,0.0,2.0,7.0,4.0,10.0,20.0,1.0969037656903766,1.0,2.0,0.0,1.0,2005.0,1443.0,0.0,1,2.0,335.0,42573
8437370,2024-12-03 00:04:05+00:00,1,"[1, 0, 1, 1, 1, 1, 1, 1, 1, 0, 1, 1, 1, 0, 1, 1, 1, 1, 1, 1, 1, 1, 1, 1, 1, 1, 0, 1, 1, 1, 1, 1, 1, 1, 1, 1, 1, 1, 1, 1, 1, 1, 1, 1, 1, 1, 1, 1, 0, 0, 0, 1, 1, 1, 1, 1, 1, 1, 1, 1, 1, 1, 1, 1, 1, 1, 1, 1, 1, 1, 1, 1, 1, 1, 1]","[0, 0, 0, 0, 0, 0, 0, 0, 0, 0, 0, 0, 0, 0, 0, 0, 1, 1, 1, 1, 1, 1, 1, 1, 1, 1, 0, 0, 0, 1, 1, 1, 1, 1, 1, 1, 1, 1, 1, 1, 1, 1, 1, 1, 1, 1, 1, 1, 1, 1]",30709.0,330.0,0.27205172562709395,-0.6114337137678488,-0.054488959167710314,0.2259612567881653,0.11939328962621384,-0.07412946629464255,-0.16547143701628758,-0.03231283449775203,-0.04317344340611509,-0.4142474070967134,-0.07791647071836902,-0.09236929204096728,-0.026172253256940618,0.14199482941539582,-0.03481326916714037,0.13611650753568505,-0.12296996338010098,0.09263075257175206,0.02313302321270807,-0.008431530244752898,-0.039768111103099996,-0.05484988672575293,-0.023487699131707573,-0.016179347188425074,-0.053592719399028974,0.141236061144545,6.717,0.0,1.0,160.0,0.023333333333333334,162.0,2.0,0.9066666666666666,4.0,5.0,99.0,9.0,6.0,1.1879690522243713,0.0,16.0,0.0,4.0,751.0,7500.0,0.8274509803921568,0,21.0,171.0,17231
8471887,2024-12-08 03:24:59+00:00,1,,,9957.0,16317.0,0.27215479054466263,-0.6114337137678488,-0.054488959167710314,-0.1165395030712408,-0.06670879924340213,-0.07412946629464255,-0.16547143701628758,0.030500288512228284,-0.04317344340611509,0.0778669440877906,-0.07791647071836902,-0.09236929204096728,-0.026172253256940618,0.14199482941539582,-0.03481326916714037,0.13611650753568505,0.06852539126647902,-0.3012493410357806,-0.08168565936984104,-0.008431530244752898,-0.039768111103099996,-0.05816090055260583,-0.023487699131707573,0.05393564252282038,0.13525803582801485,-0.018828211620055532,6.717,0.0,3.0,310.0,0.0,79.0,7.0,0.0,0.0,6.0,4.0,10.0,7.0,1.2988520740933995,0.0,0.0,1.0,329.0,78968.0,4500.0,0.0,0,35.0,380.0,66270
8466260,2024-12-06 08:07:33+00:00,1,,"[1, 0, 1, 1, 1, 1]",24492.0,16317.0,0.2722479056637854,-0.6114337137678488,-0.054488959167710314,-0.1165395030712408,-0.06670879924340213,-0.07412946629464255,-0.14267212177429597,-0.03231283449775203,-0.04317344340611509,0.0778669440877906,-0.07791647071836902,-0.0069440649306055586,-0.026172253256940618,0.14199482941539582,-0.03481326916714037,-0.1482292857992833,0.06852539126647902,0.09263075257175206,0.02313302321270807,-0.008431530244752898,-0.039768111103099996,-0.05484988672575293,-0.023487699131707573,-0.016179347188425074,-0.053592719399028974,0.008044419973869708,6.717,15.0,3.0,312.0,0.3333333333333333,10.0,6.0,0.0,0.0,8.0,1.0,10.0,7.0,1.2759572805418078,1.0,0.0,0.0,1.0,78968.0,5076.0,0.9047619047619048,0,30.0,122.0,38259
8467920,2024-12-07 00:43:24+00:00,1,,"[0, 0, 0, 0, 0, 0, 0, 0, 0, 0, 0, 1, 1, 0, 0, 0, 1, 1, 1]",6589.0,16317.0,0.2722670263809017,-0.6114337137678488,-0.054488959167710314,-0.5083517388880758,-0.06670879924340213,-0.07412946629464255,-0.16547143701628758,-0.03231283449775203,-0.04317344340611509,0.0778669440877906,-0.06544171956609646,-0.0069440649306055586,-0.026172253256940618,-0.15334582495827825,0.28748156146469017,0.13611650753568505,0.06852539126647902,0.09263075257175206,-0.08168565936984104,-0.008431530244752898,-0.039768111103099996,-0.05816090055260583,-0.023487699131707573,-0.016179347188425074,-0.053592719399028974,0.008044419973869708,6.717,0.0,7.0,489.0,0.2988153708768209,16.0,4.0,0.0,0.0,20.0,1.0,9.0,19.0,0.3765142857142857,0.0,0.0,0.0,329.0,679.0,7000.0,0.41578947368421054,0,0.0,237.0,40600
8460231,2024-12-04 00:34:34+00:00,1,,,21496.0,16317.0,0.2722785030839916,-0.6114337137678488,-0.054488959167710314,-0.1165395030712408,-0.06670879924340213,-0.07412946629464255,0.14385053025774988,-0.03231283449775203,-0.04317344340611509,0.0778669440877906,0.08779149858909129,0.07090034106747711,-0.026172253256940618,-0.10985411191684905,-0.03481326916714037,-0.1482292857992833,0.06852539126647902,0.09263075257175206,-0.08168565936984104,-0.008431530244752898,-0.039768111103099996,-0.05816090055260583,0.04284707524103316,-0.016179347188425074,-0.053592719399028974,-0.018828211620055532,6.717,0.0,3.0,600.0,0.0,4.0,0.0,0.0,0.0,27.0,0.0,10.0,15.0,1.4283056478405316,1.0,0.0,0.0,329.0,446.0,6476.0,0.0,1,0.0,208.0,63599
8464982,2024-12-05 23:42:23+00:00,1,,"[0, 0, 0, 0, 0, 0, 0, 0, 0, 0, 0, 0, 0, 0, 0, 0, 0, 0, 0, 0, 0, 0, 0, 0, 0, 0, 0, 0, 0, 0, 0, 0, 0, 0, 0, 0, 0, 0, 0, 0, 0, 0, 0, 0, 0, 0, 0, 0, 0, 0, 0, 0, 0, 0, 0, 0, 0, 1, 1, 1, 1, 1, 1, 1, 1, 1, 1, 1, 1, 1, 1, 1, 1, 1, 1, 1, 1, 1, 1, 1, 1, 1]",15797.0,16317.0,0.27245792733769764,-0.6114337137678488,0.23990797722314114,0.004753338369163321,-0.06670879924340213,-0.05564041606933876,-0.043774865933036713,-0.03231283449775203,-0.04317344340611509,-0.4142474070967134,-0.07791647071836902,-0.0069440649306055586,-0.026172253256940618,0.021081495765742912,-0.03481326916714037,-0.1482292857992833,0.06852539126647902,0.09263075257175206,-0.08168565936984104,-0.008431530244752898,-0.009607996814591997,-0.05816090055260583,-0.023487699131707573,-0.016179347188425074,-0.053592719399028974,-0.018828211620055532,6.717,84.0,2.0,528.0,0.5060975609756098,7.0,3.0,0.0,4.0,10.0,1.0,10.0,10.0,1.4492660550458716,1.0,0.0,0.0,329.0,1825.0,3750.0,0.5142521304731119,0,10.0,250.0,76374
8461180,2024-12-04 05:03:32+00:00,1,"[1, 1, 1, 1, 1, 1, 1, 1, 1, 1, 1, 1, 1, 1, 1, 1, 1, 1, 1, 1, 1, 1, 1, 1, 1, 1, 1, 1, 1, 1, 1, 1, 1, 1, 1, 1, 1, 1, 1, 1, 1, 1]",,24045.0,695.0,0.27304096989520854,-0.6114337137678488,-0.054488959167710314,0.2259612567881653,-0.05738860713727523,0.22755275636556374,-0.16547143701628758,0.030500288512228284,0.1740873916033103,-0.4142474070967134,-0.07791647071836902,-0.09236929204096728,0.13238330771477913,0.021081495765742912,0.16413019796925432,-0.1482292857992833,-0.12296996338010098,-0.3012493410357806,-0.08168565936984104,-0.008431530244752898,-0.039768111103099996,-0.05816090055260583,-0.023487699131707573,-0.016179347188425074,-0.053592719399028974,-0.018828211620055532,6.717,0.0,1.0,262.0,1.0,162.0,8.0,1.0,5.0,4.0,99.0,1.0,9.0,1.0917139614074916,1.0,16.0,1.0,329.0,2819.0,6000.0,0.0,0,24.0,253.0,64587
8471565,2024-12-08 02:23:09+00:00,1,,"[1, 1]",16911.0,16317.0,0.27325300506091715,-0.6114337137678488,-0.054488959167710314,-0.5083517388880758,-0.05738860713727523,0.22755275636556374,-0.16547143701628758,0.030500288512228284,-0.04317344340611509,0.0778669440877906,-0.07791647071836902,-0.09236929204096728,-0.026172253256940618,-0.2062583476798761,0.16413019796925432,-0.1482292857992833,-0.12296996338010098,0.09263075257175206,0.02313302321270807,-0.008431530244752898,-0.039768111103099996,0.15904631144217646,-0.023487699131707573,-0.016179347188425074,-0.053592719399028974,0.008044419973869708,6.717,0.0,7.0,250.0,0.8392857142857143,34.0,7.0,0.0,0.0,2.0,5.0,10.0,23.0,1.0524645257654965,1.0,1.0,0.0,1.0,8950.0,6080.0,1.0,0,13.0,285.0,28201
8470184,2024-12-07 22:01:40+00:00,0,,,24354.0,16317.0,0.2734242965325898,-0.6114337137678488,-0.054488959167710314,0.2259612567881653,-0.06670879924340213,-0.07412946629464255,-0.16547143701628758,-0.03231283449775203,-0.04317344340611509,0.0778669440877906,-0.07791647071836902,-0.09236929204096728,-0.026172253256940618,-0.3292197513569699,-0.03481326916714037,-0.1482292857992833,0.06852539126647902,-0.3012493410357806,0.02313302321270807,-0.008431530244752898,0.04544625733308562,-0.05816090055260583,0.04284707524103316,-0.016179347188425074,-0.053592719399028974,0.141236061144545,6.717,0.0,1.0,306.0,0.0,16.0,2.0,0.0,0.0,3.0,2.0,10.0,32.0,1.1652631578947368,1.0,0.0,1.0,1.0,78968.0,3192.0,0.0,1,11.0,22.0,13644
8436415,2024-12-01 07:51:50+00:00,1,"[1, 1, 0, 0, 0, 0, 0, 1, 1, 1, 1, 0, 1, 1, 1, 1, 1]","[0, 0, 0, 0, 0, 0, 0, 0, 0, 0, 0, 0, 0, 0, 0, 0, 0, 1, 1, 1, 1, 1, 1, 1, 0, 0, 0, 0, 1, 1, 1, 1, 0, 1, 1, 1, 1, 1, 1, 1, 1, 1, 1, 1]",16229.0,530.0,0.2738141362255665,-0.6114337137678488,0.23990797722314114,-0.5083517388880758,-0.06670879924340213,-0.07412946629464255,-0.14267212177429597,-0.03231283449775203,-0.04317344340611509,0.0778669440877906,-0.07791647071836902,-0.09236929204096728,-0.026172253256940618,-0.15334582495827825,-0.03481326916714037,-0.1482292857992833,0.06852539126647902,0.09263075257175206,0.02313302321270807,-0.008431530244752898,-0.009607996814591997,-0.05816090055260583,-0.023487699131707573,-0.016179347188425074,-0.053592719399028974,-0.03707202918461854,6.717,104.0,6.0,328.0,0.22063279857397505,11.0,4.0,0.6470588235294118,1.0,3.0,2.0,9.0,18.0,1.2156554307116105,1.0,0.0,0.0,1.0,5353.0,4175.0,0.705050505050505,0,11.0,149.0,101730
8465504,2024-12-06 01:37:06+00:00,1,,,21559.0,16317.0,0.2744940064367211,-0.6114337137678488,-0.054488959167710314,0.2259612567881653,-0.06670879924340213,-0.07412946629464255,-0.14267212177429597,-0.03231283449775203,-0.04317344340611509,0.0778669440877906,-0.07791647071836902,0.07090034106747711,-0.026172253256940618,0.021081495765742912,-0.03481326916714037,-0.1482292857992833,0.06852539126647902,-0.3012493410357806,0.02313302321270807,-0.008431530244752898,-0.039768111103099996,-0.05816090055260583,-0.023487699131707573,-0.016179347188425074,0.04095250473658998,-0.018828211620055532,6.717,0.0,1.0,309.0,0.0,10.0,3.0,0.0,1.0,3.0,0.0,10.0,10.0,1.2497971014492755,1.0,0.0,1.0,1.0,472.0,5000.0,0.0,0,6.0,353.0,62979
8467908,2024-12-07 00:40:41+00:00,0,,,24906.0,16317.0,0.2753740720223271,-0.6114337137678488,-0.054488959167710314,0.2259612567881653,-0.06670879924340213,-0.07412946629464255,-0.16547143701628758,-0.03231283449775203,-0.04317344340611509,0.0778669440877906,-0.07791647071836902,-0.09236929204096728,-0.026172253256940618,0.14199482941539582,-0.03481326916714037,-0.1482292857992833,-0.12296996338010098,0.09263075257175206,-0.08168565936984104,-0.008431530244752898,-0.009607996814591997,-0.05816090055260583,0.04284707524103316,-0.016179347188425074,-0.053592719399028974,0.008044419973869708,6.717,0.0,1.0,383.0,0.0,162.0,2.0,0.0,0.0,6.0,99.0,10.0,7.0,1.2484210526315789,1.0,16.0,0.0,329.0,527.0,3710.0,0.0,1,15.0,237.0,45754
8469091,2024-12-07 04:39:30+00:00,1,"[0, 0, 1, 1, 1, 1, 1, 1, 1, 1, 1, 1, 1, 1, 1, 1, 1, 1, 1, 1, 1, 1, 1, 1, 1, 1, 1, 1, 1, 1, 1]","[0, 0, 0, 0, 1, 0, 0, 0, 0, 1, 1, 1, 1, 1, 1, 1, 1]",16348.0,466.0,0.2754957868902472,-0.6114337137678488,-0.054488959167710314,-0.23295731524514138,0.41236787050388063,-0.07412946629464255,-0.16547143701628758,-0.03231283449775203,-0.04317344340611509,-0.048236128980226715,-0.06544171956609646,0.07090034106747711,-0.026172253256940618,-0.15334582495827825,-0.03481326916714037,-0.1482292857992833,0.06852539126647902,-0.3012493410357806,-0.08168565936984104,-0.008431530244752898,-0.009607996814591997,-0.05816090055260583,0.04284707524103316,-0.016179347188425074,0.04095250473658998,-0.018828211620055532,6.717,0.0,4.0,80.0,0.06639656734533395,32.0,3.0,0.9354838709677419,3.0,13.0,0.0,4.0,17.0,1.2132096474953618,1.0,0.0,1.0,329.0,13703.0,4400.0,0.738562091503268,1,16.0,366.0,86117
8428532,2024-12-07 03:48:23+00:00,1,,"[0, 0, 0, 0, 0, 0, 0, 1, 1, 1, 1, 1, 1, 1, 1, 1, 1, 1, 1, 1, 1, 1, 1, 1, 1, 1, 1, 1, 1, 1, 1, 1, 1, 1, 1, 1, 1]",23500.0,16317.0,0.2757109505842834,-0.6114337137678488,0.26094868650223196,-0.23295731524514138,-0.05738860713727523,-0.05564041606933876,-0.16547143701628758,0.030500288512228284,-0.04317344340611509,-0.4142474070967134,-0.06544171956609646,0.07090034106747711,-0.026172253256940618,-0.2062583476798761,-0.03481326916714037,-0.1482292857992833,0.06852539126647902,-0.3012493410357806,0.02313302321270807,-0.008431530244752898,-0.009607996814591997,0.15904631144217646,-0.023487699131707573,-0.016179347188425074,-0.053592719399028974,0.141236061144545,6.717,8719.0,4.0,270.0,0.562039312039312,23.0,12.0,0.0,4.0,12.0,0.0,10.0,23.0,1.1883691529709228,1.0,0.0,1.0,1.0,497.0,3553.0,0.9601706970128022,0,19.0,285.0,7067
8465526,2024-12-06 01:42:06+00:00,1,"[1, 1, 1, 1, 1, 0, 0, 1, 1, 1, 1, 1, 1, 1, 1, 1, 1, 1, 1, 1]",,28300.0,429.0,0.27582334592733276,-0.6114337137678488,-0.054488959167710314,-0.5083517388880758,0.11939328962621384,-0.07412946629464255,-0.14267212177429597,-0.03231283449775203,-0.04317344340611509,0.0778669440877906,0.035324081286162975,0.07090034106747711,0.13238330771477913,-0.46958011525157795,0.16413019796925432,-0.1482292857992833,0.06852539126647902,0.09263075257175206,0.02313302321270807,-0.008431530244752898,-0.009607996814591997,-0.05816090055260583,-0.023487699131707573,-0.016179347188425074,-0.053592719399028974,-0.018828211620055532,6.717,0.0,8.0,180.0,0.3,9.0,2.0,0.9,0.0,22.0,0.0,1.0,39.0,1.0916104146576664,1.0,0.0,0.0,1.0,78968.0,4286.0,0.0,0,8.0,202.0,91646
8436583,2024-12-02 01:14:26+00:00,1,,"[0, 0, 0, 0, 0, 0, 0, 0, 0, 0, 0, 0, 0, 0, 0, 0, 1, 1, 0, 0, 0, 1, 1, 1, 1, 1, 1, 1]",16933.0,16317.0,0.2758542331427408,-0.6114337137678488,-0.054488959167710314,-0.1165395030712408,-0.06670879924340213,-0.05564041606933876,0.01584713069282676,-0.03231283449775203,-0.04317344340611509,0.0778669440877906,-0.07791647071836902,-0.0069440649306055586,-0.026172253256940618,-0.10985411191684905,-0.03481326916714037,-0.1482292857992833,0.06852539126647902,0.09263075257175206,-0.08168565936984104,0.12181209640599021,-0.009607996814591997,-0.05816090055260583,-0.023487699131707573,-0.016179347188425074,0.006896750883670848,-0.018828211620055532,6.717,0.0,3.0,522.0,0.5178571428571429,5.0,2.0,0.0,0.0,4.0,1.0,8.0,14.0,1.2496678966789667,1.0,0.0,0.0,329.0,78.0,4300.0,0.5172413793103449,0,3.0,306.0,87452
8470976,2024-12-08 00:46:21+00:00,1,,"[0, 0, 0, 0, 0, 0, 0, 0, 0, 0, 0, 0, 0, 0, 0, 0, 0, 0, 0, 0, 0, 0, 0, 1, 1, 1, 1]",12091.0,16317.0,0.27602732835324106,-0.6114337137678488,-0.054488959167710314,-0.5083517388880758,-0.06670879924340213,-0.07412946629464255,-0.16547143701628758,-0.03231283449775203,-0.04317344340611509,0.0778669440877906,0.08779149858909129,-0.0069440649306055586,-0.026172253256940618,-0.3292197513569699,0.28748156146469017,0.13611650753568505,-0.12296996338010098,0.09263075257175206,-0.08168565936984104,0.12181209640599021,-0.009607996814591997,-0.05816090055260583,-0.023487699131707573,-0.016179347188425074,-0.053592719399028974,-0.0035377154089891926,6.717,0.0,6.0,323.0,0.037037037037037035,14.0,0.0,0.0,0.0,26.0,1.0,9.0,26.0,0.8923247232472324,0.0,1.0,0.0,329.0,180.0,3500.0,0.2698412698412698,0,0.0,61.0,55713
8466263,2024-12-06 04:27:47+00:00,0,"[1, 1, 0, 1, 1, 1, 1]","[1, 1, 1, 1, 1, 1, 1, 1, 1, 1, 1, 1, 1, 1, 1, 1, 1, 1, 1, 1, 1, 1, 1, 1, 1, 1, 1, 1, 1, 1, 1, 1, 1, 1, 1]",33654.0,791.0,0.2762665847183755,-0.6114337137678488,-0.054488959167710314,-0.5083517388880758,-0.05738860713727523,0.22755275636556374,-0.16547143701628758,0.030500288512228284,-0.04317344340611509,0.0778669440877906,-0.07791647071836902,-0.0069440649306055586,-0.026172253256940618,-0.46958011525157795,0.16413019796925432,0.13611650753568505,-0.12296996338010098,-0.3012493410357806,0.02313302321270807,-0.008431530244752898,-0.009607996814591997,0.15904631144217646,0.04284707524103316,0.22505449144967976,-0.053592719399028974,0.008044419973869708,6.717,0.0,9.0,210.0,0.8095238095238096,23.0,7.0,0.8571428571428571,0.0,8.0,1.0,2.0,54.0,1.1199334442595674,0.0,1.0,1.0,1.0,4766.0,4029.0,1.0,1,56.0,197.0,40645
8464805,2024-12-05 22:49:05+00:00,1,,,16774.0,16317.0,0.27674964227967,-0.6114337137678488,-0.054488959167710314,-0.23295731524514138,-0.06670879924340213,-0.07412946629464255,-0.16547143701628758,-0.03231283449775203,-0.04317344340611509,0.0778669440877906,-0.07791647071836902,-0.0069440649306055586,-0.026172253256940618,-0.2062583476798761,0.16413019796925432,-0.1482292857992833,0.06852539126647902,0.09263075257175206,0.02313302321270807,-0.008431530244752898,-0.039768111103099996,-0.05816090055260583,-0.023487699131707573,-0.016179347188425074,-0.053592719399028974,0.008044419973869708,6.717,0.0,4.0,327.0,0.0,15.0,4.0,0.0,1.0,5.0,1.0,10.0,22.0,1.110860927152318,1.0,0.0,0.0,1.0,78968.0,4800.0,0.0,0,6.0,241.0,28700
8460179,2024-12-04 00:19:55+00:00,1,"[1, 1, 1, 1, 1, 1, 0, 1, 1, 1, 1, 1, 1, 1, 1, 1, 1, 1, 1, 1, 1, 0, 1, 1, 1, 1, 1, 1, 1, 1, 1, 1, 1, 1, 1, 1, 1, 1, 1, 1, 1, 1, 1, 1, 1, 1, 1, 1, 1, 1, 1, 1, 1, 1, 1, 1, 1, 1, 1, 1, 1, 1, 1, 1, 1, 1, 1, 1, 1, 1, 1, 1, 1]",,35608.0,536.0,0.2768118563349662,-0.6114337137678488,-0.054488959167710314,0.004753338369163321,0.11939328962621384,-0.07412946629464255,-0.16547143701628758,-0.03231283449775203,0.1740873916033103,-0.048236128980226715,-0.06544171956609646,-0.09236929204096728,-0.026172253256940618,-0.15334582495827825,-0.03481326916714037,-0.1482292857992833,-0.12296996338010098,-0.3012493410357806,0.02313302321270807,-0.008431530244752898,-0.039768111103099996,-0.05816090055260583,-0.023487699131707573,0.05393564252282038,0.04095250473658998,0.008044419973869708,6.717,0.0,2.0,186.0,0.0958904109589041,24.0,3.0,0.9726027397260274,3.0,13.0,3.0,2.0,19.0,1.3103219871205152,1.0,2.0,1.0,1.0,1064.0,6976.0,0.0,0,42.0,376.0,35777
8437213,2024-12-02 23:19:43+00:00,1,,"[0, 0, 1, 1, 1, 1, 1, 1]",22207.0,16317.0,0.2769114952228228,-0.6114337137678488,-0.054488959167710314,0.004753338369163321,-0.06670879924340213,-0.07412946629464255,0.14385053025774988,-0.03231283449775203,-0.04317344340611509,-0.4142474070967134,0.035324081286162975,-0.0069440649306055586,-0.026172253256940618,0.14199482941539582,-0.03481326916714037,0.13611650753568505,0.06852539126647902,0.09263075257175206,-0.08168565936984104,-0.008431530244752898,-0.039768111103099996,-0.05484988672575293,-0.023487699131707573,-0.016179347188425074,-0.053592719399028974,0.141236061144545,6.717,0.0,2.0,431.0,0.125,3.0,0.0,0.0,4.0,22.0,1.0,10.0,7.0,1.2653561253561254,0.0,0.0,0.0,329.0,10202.0,4766.0,0.9166666666666666,0,12.0,117.0,21376
8472456,2024-12-08 05:14:08+00:00,1,"[1, 1, 1, 1]","[1, 1, 1, 1, 1]",12329.0,724.0,0.27746744412064495,-0.6114337137678488,-0.054488959167710314,-0.5083517388880758,0.11939328962621384,-0.05564041606933876,-0.14267212177429597,-0.03231283449775203,0.1740873916033103,-0.4142474070967134,-0.07791647071836902,-0.09236929204096728,-0.026172253256940618,-0.46958011525157795,0.16413019796925432,-0.1482292857992833,0.06852539126647902,0.09263075257175206,0.02313302321270807,-0.008431530244752898,-0.009607996814591997,0.15904631144217646,-0.023487699131707573,-0.016179347188425074,-0.053592719399028974,-0.018828211620055532,6.717,0.0,10.0,204.0,0.5395299145299145,12.0,1.0,1.0,4.0,7.0,3.0,9.0,40.0,1.04042194092827,1.0,0.0,0.0,1.0,7129.0,4000.0,1.0,0,10.0,125.0,78394
8468112,2024-12-07 01:25:22+00:00,1,,,16157.0,16317.0,0.27812820797198873,-0.6114337137678488,-0.054488959167710314,0.2259612567881653,-0.06670879924340213,-0.07412946629464255,-0.043774865933036713,-0.03231283449775203,-0.04317344340611509,-0.4142474070967134,0.47611841736311766,-0.09236929204096728,-0.026172253256940618,-0.2062583476798761,-0.03481326916714037,0.13611650753568505,0.06852539126647902,-0.3012493410357806,-0.08168565936984104,-0.008431530244752898,-0.009607996814591997,-0.05816090055260583,-0.023487699131707573,-0.016179347188425074,-0.053592719399028974,-0.03707202918461854,6.717,0.0,1.0,410.0,0.0,8.0,0.0,0.0,4.0,88.0,2.0,10.0,20.0,1.242846153846154,0.0,0.0,1.0,329.0,329.0,4000.0,0.0,0,2.0,216.0,108362
8466346,2024-12-06 04:44:53+00:00,1,,"[0, 0, 0, 0, 0, 0, 1, 1, 1, 0, 0, 0, 1, 1, 1, 1, 1, 1, 1, 1, 1, 1, 1, 1, 1, 1, 1, 1, 1, 1, 1]",12228.0,16317.0,0.2791339228617788,-0.6114337137678488,-0.054488959167710314,-0.1165395030712408,-0.05738860713727523,-0.07412946629464255,-0.16547143701628758,-0.03231283449775203,-0.04317344340611509,-0.048236128980226715,-0.07791647071836902,-0.0069440649306055586,-0.026172253256940618,-0.2062583476798761,0.28748156146469017,0.13611650753568505,-0.12296996338010098,0.09263075257175206,-0.08168565936984104,-0.008431530244752898,-0.009607996814591997,-0.05484988672575293,-0.023487699131707573,-0.016179347188425074,-0.053592719399028974,-0.018828211620055532,6.717,0.0,3.0,300.0,0.025057603686635944,16.0,6.0,0.0,3.0,3.0,1.0,9.0,20.0,0.8152,0.0,1.0,0.0,329.0,538.0,4100.0,0.8911290322580645,0,6.0,150.0,64143
8471448,2024-12-08 02:02:30+00:00,1,,"[0, 0, 0, 0, 0, 0, 0, 0, 0, 0, 0, 0, 0, 0, 0, 0, 0, 0, 0, 0, 0, 0, 0, 0, 0, 0, 0, 0, 0, 0, 0, 0, 0, 0, 0, 0, 0, 0, 0, 0, 0, 0, 0, 0, 0, 0, 0, 0, 0, 0, 0, 0, 0, 0, 0, 0, 0, 0, 0, 0, 0, 0, 0, 0, 0, 0, 0, 0, 0, 0, 0, 0, 0, 0, 0, 0, 0, 0, 0, 0, 1, 1]",24447.0,16317.0,0.2792112260009568,-0.6114337137678488,-0.054488959167710314,-0.23295731524514138,-0.05738860713727523,-0.07412946629464255,0.14385053025774988,-0.03231283449775203,-0.04317344340611509,0.0778669440877906,-0.07791647071836902,0.07090034106747711,-0.026172253256940618,-0.01066169917084148,-0.03481326916714037,0.13611650753568505,0.06852539126647902,-0.3012493410357806,0.02313302321270807,-0.008431530244752898,-0.039768111103099996,-0.05816090055260583,-0.023487699131707573,-0.016179347188425074,0.13525803582801485,0.008044419973869708,6.717,0.0,4.0,276.0,0.012195121951219513,3.0,0.0,0.0,0.0,2.0,0.0,9.0,12.0,1.2393916349809886,0.0,0.0,1.0,1.0,78968.0,5833.0,0.047898912724067,0,12.0,412.0,27076
8466636,2024-12-06 05:54:56+00:00,1,,"[0, 0, 0, 0, 0, 0, 0, 0, 0, 0, 0, 0, 0, 0, 0, 0, 0, 0, 0, 1, 0, 1, 1, 0, 1, 1, 0, 1, 1, 1, 1]",7964.0,16317.0,0.2793909568752385,-0.6114337137678488,-0.054488959167710314,0.2259612567881653,-0.06670879924340213,-0.07412946629464255,-0.14267212177429597,-0.03231283449775203,-0.04317344340611509,-0.048236128980226715,-0.06544171956609646,-0.09236929204096728,-0.026172253256940618,0.14199482941539582,-0.03481326916714037,-0.1482292857992833,0.06852539126647902,-0.3012493410357806,0.02313302321270807,-0.008431530244752898,-0.009607996814591997,-0.05816090055260583,-0.023487699131707573,-0.016179347188425074,-0.053592719399028974,-0.018828211620055532,6.717,0.0,1.0,356.0,0.024603608529250955,13.0,2.0,0.0,3.0,12.0,5.0,9.0,7.0,1.1500361010830324,1.0,0.0,1.0,1.0,1411.0,4072.0,0.4717741935483871,0,5.0,282.0,74436
8470343,2024-12-07 22:49:57+00:00,1,"[0, 0, 1, 0, 0, 1, 0, 1, 0, 0, 0, 1, 0, 1, 0, 1, 0, 1, 0, 0, 0, 0, 1, 0, 1, 0, 0, 0, 1, 0, 0, 1, 0, 0, 0, 1, 0, 1, 1, 1, 1, 1, 0, 1, 1, 0, 1, 1, 1, 1, 1, 1, 1, 1, 1, 1, 1, 1, 1]",,31678.0,529.0,0.2795430398024129,-0.6114337137678488,-0.054488959167710314,-0.1165395030712408,-0.05738860713727523,-0.07412946629464255,-0.16547143701628758,-0.03231283449775203,-0.04317344340611509,-0.048236128980226715,-0.07791647071836902,0.07090034106747711,-0.026172253256940618,0.021081495765742912,0.28748156146469017,-0.1482292857992833,0.06852539126647902,-0.3012493410357806,-0.08168565936984104,-0.008431530244752898,-0.039768111103099996,-0.05816090055260583,-0.023487699131707573,-0.016179347188425074,-0.053592719399028974,0.008044419973869708,6.717,0.0,3.0,262.0,0.01694915254237288,31.0,6.0,0.5423728813559322,3.0,4.0,0.0,3.0,11.0,0.8055435473617292,1.0,0.0,1.0,329.0,11508.0,6464.0,0.0,0,27.0,154.0,35792
8469338,2024-12-07 05:27:55+00:00,1,,"[0, 0, 0, 0, 0, 0, 0, 0, 0, 0, 0, 0, 1, 1, 1, 1]",22032.0,16317.0,0.27960239334893305,-0.6114337137678488,-0.054488959167710314,-0.1165395030712408,-0.05738860713727523,-0.05564041606933876,-0.14267212177429597,-0.03231283449775203,-0.04317344340611509,0.0778669440877906,-0.07791647071836902,0.07090034106747711,-0.026172253256940618,-0.2062583476798761,0.16413019796925432,0.13611650753568505,-0.12296996338010098,0.09263075257175206,0.02313302321270807,-0.008431530244752898,-0.039768111103099996,-0.05816090055260583,-0.023487699131707573,-0.016179347188425074,-0.053592719399028974,-0.018828211620055532,6.717,0.0,3.0,244.0,0.53125,10.0,1.0,0.0,0.0,7.0,0.0,9.0,20.0,1.104360902255639,0.0,1.0,0.0,1.0,1423.0,5536.0,0.4264705882352941,0,20.0,99.0,65576
8438232,2024-12-03 03:18:29+00:00,1,,,21111.0,16317.0,0.2802509986584518,-0.6114337137678488,-0.054488959167710314,0.004753338369163321,-0.06670879924340213,-0.07412946629464255,-0.16547143701628758,-0.03231283449775203,-0.04317344340611509,-0.4142474070967134,0.2659552272166623,-0.09236929204096728,-0.026172253256940618,0.20995636990242048,0.28748156146469017,-0.1482292857992833,-0.12296996338010098,-0.3012493410357806,-0.08168565936984104,-0.008431530244752898,-0.039768111103099996,-0.05816090055260583,-0.023487699131707573,-0.016179347188425074,-0.053592719399028974,0.008044419973869708,6.717,0.0,2.0,333.0,0.0,162.0,4.0,0.0,5.0,43.0,99.0,10.0,5.0,0.8461322645290581,1.0,16.0,1.0,329.0,78968.0,8029.0,0.0,0,0.0,141.0,24950
8463734,2024-12-05 04:37:33+00:00,1,,,20424.0,16317.0,0.2802577954437606,-0.6114337137678488,-0.054488959167710314,-0.23295731524514138,-0.06670879924340213,-0.07412946629464255,-0.16547143701628758,-0.03231283449775203,-0.04317344340611509,0.0778669440877906,-0.07791647071836902,0.07090034106747711,-0.026172253256940618,-0.01066169917084148,-0.03481326916714037,0.13611650753568505,0.06852539126647902,0.09263075257175206,0.02313302321270807,-0.008431530244752898,-0.039768111103099996,-0.05816090055260583,-0.023487699131707573,-0.016179347188425074,0.006896750883670848,-0.018828211620055532,6.717,0.0,4.0,442.0,0.0,15.0,1.0,0.0,0.0,2.0,0.0,10.0,13.0,1.199647577092511,0.0,0.0,0.0,1.0,1512.0,4600.0,0.0,0,1.0,300.0,63609
8463164,2024-12-05 02:24:09+00:00,1,"[1, 1, 1, 1, 1, 1, 1, 1, 1, 1, 1, 1, 1, 1, 1, 1, 1, 1, 1, 1, 1, 1, 1, 1, 1, 1, 1, 1, 1, 1, 1, 1]","[0, 0, 0, 0, 0, 0, 0, 0, 0, 0, 0, 0, 0, 0, 0, 0, 0, 0, 0, 0, 0, 0, 0, 0, 0, 0, 0, 0, 0, 0, 0, 0, 0, 0, 0, 0, 0, 0, 0, 0, 0, 0, 0, 0, 0, 0, 0, 0, 0, 0, 0, 0, 0, 0, 0, 0, 0, 1, 1, 1, 1, 1]",32397.0,528.0,0.28038289211680234,-0.6114337137678488,-0.054488959167710314,-0.23295731524514138,0.11939328962621384,-0.05564041606933876,-0.16547143701628758,-0.03231283449775203,0.1740873916033103,0.0778669440877906,-0.07791647071836902,0.07090034106747711,-0.026172253256940618,-0.2062583476798761,-0.03481326916714037,0.13611650753568505,-0.12296996338010098,-0.3012493410357806,0.02313302321270807,-0.008431530244752898,-0.009607996814591997,-0.05816090055260583,0.04284707524103316,-0.016179347188425074,-0.053592719399028974,-0.03707202918461854,6.717,10.0,5.0,146.0,0.5080645161290323,21.0,3.0,1.0,0.0,5.0,0.0,8.0,23.0,1.336620183183431,0.0,1.0,1.0,1.0,5110.0,4250.0,0.15360983102918588,1,12.0,109.0,103594
8438351,2024-12-03 03:43:29+00:00,1,,,26652.0,16317.0,0.28089877041862615,-0.6114337137678488,-0.054488959167710314,-0.1165395030712408,0.11939328962621384,-0.07412946629464255,-0.14267212177429597,-0.03231283449775203,-0.04317344340611509,0.0778669440877906,0.035324081286162975,0.07090034106747711,0.13238330771477913,-0.3292197513569699,-0.03481326916714037,0.13611650753568505,-0.12296996338010098,-0.3012493410357806,0.02313302321270807,-0.008431530244752898,0.08965056778496559,-0.05816090055260583,0.04284707524103316,-0.016179347188425074,-0.053592719399028974,-0.03707202918461854,6.717,0.0,3.0,142.0,0.0,10.0,0.0,0.0,0.0,23.0,0.0,1.0,28.0,1.3791461836998706,0.0,1.0,1.0,1.0,78968.0,2455.0,0.0,1,9.0,55.0,100961
8470344,2024-12-07 22:50:33+00:00,1,,"[0, 0, 0, 1, 1, 1]",16824.0,16317.0,0.28093796978060215,-0.6114337137678488,-0.054488959167710314,-0.23295731524514138,-0.05738860713727523,-0.07412946629464255,0.14385053025774988,-0.03231283449775203,-0.04317344340611509,-0.048236128980226715,0.2659552272166623,0.07090034106747711,-0.026172253256940618,-0.3292197513569699,-0.03481326916714037,0.13611650753568505,0.06852539126647902,-0.3012493410357806,0.02313302321270807,-0.008431530244752898,-0.009607996814591997,-0.05816090055260583,-0.023487699131707573,-0.016179347188425074,0.015592503790590144,-0.0035377154089891926,6.717,0.0,4.0,300.0,0.16666666666666666,3.0,2.0,0.0,3.0,61.0,0.0,10.0,24.0,1.1910796460176991,0.0,0.0,1.0,1.0,78968.0,4423.0,0.7142857142857143,0,0.0,312.0,51058
8465490,2024-12-06 01:33:16+00:00,1,,,25815.0,16317.0,0.28118307238030105,-0.6114337137678488,-0.054488959167710314,0.004753338369163321,-0.06670879924340213,-0.07412946629464255,-0.16547143701628758,-0.03231283449775203,-0.04317344340611509,0.0778669440877906,-0.07791647071836902,-0.09236929204096728,-0.026172253256940618,0.14199482941539582,-0.03481326916714037,0.13611650753568505,-0.12296996338010098,0.09263075257175206,0.02313302321270807,-0.008431530244752898,-0.039768111103099996,-0.05816090055260583,-0.023487699131707573,-0.016179347188425074,-0.053592719399028974,-0.0035377154089891926,6.717,0.0,2.0,357.0,0.0,17.0,1.0,0.0,0.0,8.0,10.0,10.0,6.0,1.3154140127388536,0.0,1.0,0.0,1.0,78968.0,5000.0,0.0,0,5.0,42.0,54312
8438463,2024-12-03 04:06:06+00:00,1,"[0, 0, 0, 0, 0, 0, 0, 0, 0, 1, 1, 1, 1, 1, 1, 1, 1, 1, 1, 1, 1, 1]","[1, 1, 1, 1, 1, 1, 1, 1, 1, 1, 1, 1, 1, 1, 1, 1, 1, 1, 1, 1, 1, 1, 1, 1, 1, 1, 1, 1, 1, 1, 1, 1, 1, 1, 1, 1, 1, 1, 1, 1, 1, 1, 1, 1, 1, 1, 1, 1, 1, 1, 1, 1, 1, 1, 1, 1, 1, 1, 1]",30002.0,966.0,0.28131699818931155,-0.6114337137678488,-0.054488959167710314,-0.23295731524514138,-0.05738860713727523,-0.05564041606933876,-0.16547143701628758,0.030500288512228284,-0.04317344340611509,0.0778669440877906,-0.07791647071836902,-0.09236929204096728,-0.026172253256940618,-0.10985411191684905,-0.03481326916714037,0.13611650753568505,-0.12296996338010098,0.09263075257175206,0.02313302321270807,-0.008431530244752898,-0.039768111103099996,0.15904631144217646,-0.023487699131707573,0.05393564252282038,-0.053592719399028974,-0.018828211620055532,6.717,0.0,4.0,248.0,0.5227272727272727,23.0,9.0,0.5909090909090909,0.0,7.0,3.0,2.0,15.0,1.2487825182101977,0.0,1.0,0.0,1.0,3833.0,6184.0,1.0,0,49.0,141.0,78311
8472156,2024-12-08 04:14:29+00:00,1,"[0, 1, 1, 1, 1, 1, 1, 1, 1, 1, 1, 1, 1, 1, 1, 1, 1, 1, 1, 1, 1, 1]","[0, 1, 1]",45000.0,16317.0,0.2815206481163359,-0.6114337137678488,-0.054488959167710314,-0.5083517388880758,-0.05738860713727523,0.22755275636556374,-0.16547143701628758,0.030500288512228284,0.1740873916033103,0.0778669440877906,-0.07791647071836902,-0.09236929204096728,-0.026172253256940618,-0.46958011525157795,-0.03481326916714037,-0.1482292857992833,0.06852539126647902,-0.3012493410357806,0.02313302321270807,-0.008431530244752898,-0.039768111103099996,-0.05484988672575293,-0.023487699131707573,-0.016179347188425074,0.2103895073799279,0.141236061144545,6.717,0.0,19.0,248.0,0.8913243006993006,72.0,8.0,0.9545454545454546,1.0,4.0,3.0,10.0,121.0,1.6,1.0,0.0,1.0,1.0,78968.0,5046.0,0.8333333333333334,0,17.0,471.0,0
8462913,2024-12-06 00:44:29+00:00,1,"[1, 1, 1, 1, 1, 1, 1, 1, 1, 1, 1, 1, 1, 1, 1, 1, 1, 1, 1, 1, 1, 1, 1, 1, 1, 1, 1, 1, 1, 1, 1, 1, 1, 1, 1, 1, 1, 1, 0, 0, 1, 1, 1, 0, 1, 1, 0, 1, 1, 1, 1, 1, 1, 1, 1, 1]","[0, 0, 0, 0, 0, 0, 0, 0, 0, 0, 0, 0, 0, 0, 0, 0, 0, 0, 0, 0, 0, 0, 0, 0, 0, 1, 1, 1, 1, 1, 1, 1]",35000.0,277.0,0.2817107621407502,-0.6114337137678488,0.23990797722314114,-0.1165395030712408,-0.06670879924340213,-0.07412946629464255,-0.16547143701628758,-0.03231283449775203,-0.04317344340611509,-0.4142474070967134,-0.07791647071836902,-0.09236929204096728,-0.026172253256940618,-0.2062583476798761,0.16413019796925432,-0.1482292857992833,-0.12296996338010098,0.09263075257175206,0.02313302321270807,-0.008431530244752898,-0.039768111103099996,-0.05816090055260583,-0.023487699131707573,-0.016179347188425074,-0.053592719399028974,0.141236061144545,6.717,45.0,3.0,348.0,0.24768772893772892,16.0,4.0,0.9285714285714286,4.0,3.0,4.0,10.0,20.0,1.12,1.0,1.0,0.0,1.0,78968.0,7231.0,0.38446969696969696,0,29.0,113.0,12582
8439403,2024-12-03 07:16:42+00:00,1,"[0, 0, 1, 1, 1, 1, 0, 1, 1, 1, 1, 1, 1, 1]",,17566.0,466.0,0.2827296924093165,-0.6114337137678488,-0.054488959167710314,-0.1165395030712408,0.11939328962621384,-0.05564041606933876,-0.14267212177429597,-0.03231283449775203,-0.04317344340611509,0.0778669440877906,-0.06544171956609646,0.07090034106747711,-0.026172253256940618,-0.3292197513569699,0.16413019796925432,0.13611650753568505,-0.12296996338010098,-0.3012493410357806,0.02313302321270807,-0.008431530244752898,-0.009607996814591997,-0.05816090055260583,-0.023487699131707573,-0.016179347188425074,-0.053592719399028974,-0.0035377154089891926,6.717,0.0,3.0,190.0,0.5357142857142857,10.0,1.0,0.7857142857142857,0.0,16.0,0.0,4.0,25.0,1.0872740777420153,0.0,2.0,1.0,1.0,78968.0,3707.0,0.0,0,18.0,208.0,53145
8463165,2024-12-05 02:24:14+00:00,0,"[1, 1, 1, 1, 1, 1, 1, 1, 1, 1]","[0, 1, 1, 1, 1]",43281.0,351.0,0.2837066835619915,-0.6114337137678488,-0.054488959167710314,-0.5083517388880758,-0.06670879924340213,-0.05564041606933876,-0.043774865933036713,-0.03231283449775203,0.1740873916033103,0.0778669440877906,-0.09921592132150975,0.07090034106747711,-0.026172253256940618,-0.10985411191684905,-0.03481326916714037,-0.1482292857992833,-0.12296996338010098,0.09263075257175206,0.02313302321270807,-0.008431530244752898,-0.009607996814591997,-0.05484988672575293,0.04284707524103316,0.05393564252282038,-0.053592719399028974,0.141236061144545,6.717,0.0,6.0,307.0,0.40641025641025635,7.0,4.0,1.0,0.0,1.0,0.0,9.0,14.0,1.1652845834903882,1.0,1.0,0.0,1.0,78968.0,3440.0,0.9333333333333333,1,45.0,70.0,6
8438726,2024-12-03 04:57:16+00:00,1,,,15343.0,16317.0,0.2841192989248676,-0.6114337137678488,-0.054488959167710314,0.004753338369163321,-0.06670879924340213,-0.07412946629464255,-0.14267212177429597,-0.03231283449775203,-0.04317344340611509,0.0778669440877906,-0.07791647071836902,-0.09236929204096728,-0.026172253256940618,-0.15334582495827825,-0.03481326916714037,-0.1482292857992833,0.06852539126647902,0.09263075257175206,0.02313302321270807,-0.008431530244752898,-0.009607996814591997,-0.05816090055260583,-0.023487699131707573,-0.016179347188425074,-0.053592719399028974,-0.018828211620055532,6.717,0.0,2.0,510.0,0.0,12.0,3.0,0.0,0.0,2.0,2.0,10.0,17.0,1.397995444191344,1.0,0.0,0.0,1.0,78968.0,3980.0,0.0,0,3.0,283.0,69606
8332159,2024-12-06 23:32:31+00:00,1,"[0, 0, 1, 1, 0, 1, 1, 1, 1, 0, 1, 1, 1, 1, 1, 1, 1, 1, 1, 1, 1, 1, 1, 1, 1, 1, 1]",,26758.0,16317.0,0.2842340886313619,-0.6114337137678488,-0.054488959167710314,0.2259612567881653,-0.05738860713727523,-0.07412946629464255,0.01584713069282676,-0.03231283449775203,-0.04317344340611509,-0.4142474070967134,-0.07791647071836902,-0.0069440649306055586,-0.026172253256940618,0.20995636990242048,0.16413019796925432,-0.1482292857992833,0.06852539126647902,-0.3012493410357806,-0.08168565936984104,-0.008431530244752898,-0.039768111103099996,-0.05816090055260583,0.04284707524103316,-0.016179347188425074,-0.053592719399028974,0.008044419973869708,6.717,0.0,1.0,231.0,0.02484763244256915,5.0,3.0,0.8518518518518519,5.0,6.0,1.0,10.0,5.0,1.047977127638742,1.0,0.0,1.0,329.0,78968.0,8286.099999999991,0.0,1,4.0,185.0,42713
8464952,2024-12-05 23:34:23+00:00,1,,,19772.0,16317.0,0.2850300126137307,-0.6114337137678488,-0.054488959167710314,-0.1165395030712408,0.11939328962621384,-0.07412946629464255,-0.16547143701628758,-0.03231283449775203,-0.04317344340611509,0.0778669440877906,-0.07791647071836902,0.07090034106747711,0.13238330771477913,-0.3292197513569699,-0.03481326916714037,-0.1482292857992833,0.06852539126647902,0.09263075257175206,-0.08168565936984104,-0.008431530244752898,-0.009607996814591997,-0.05816090055260583,0.04284707524103316,-0.016179347188425074,0.04095250473658998,-0.018828211620055532,6.717,0.0,3.0,190.0,0.0,14.0,0.0,0.0,0.0,9.0,0.0,1.0,26.0,1.2494154818325434,1.0,0.0,0.0,329.0,78968.0,3800.0,0.0,1,7.0,370.0,68420
8439293,2024-12-04 05:39:00+00:00,1,,"[0, 0, 0, 0, 0, 0, 0, 0, 0, 0, 0, 0, 0, 0, 0, 0, 0, 0, 0, 0, 0, 0, 0, 0, 0, 0, 0, 0, 0, 0, 0, 0, 0, 0, 0, 0, 0, 0, 0, 0, 0, 0, 0, 0, 0, 0, 0, 0, 0, 0, 0, 0, 0, 0, 0, 0, 0, 0, 0, 0, 0, 0, 0, 1, 1, 1, 1, 1, 1, 1, 1, 1, 1, 1, 1, 1, 1, 1, 1, 1]",8228.0,16317.0,0.28506397918257587,-0.6114337137678488,-0.054488959167710314,0.2259612567881653,-0.06670879924340213,-0.07412946629464255,-0.16547143701628758,-0.03231283449775203,-0.04317344340611509,0.0778669440877906,-0.07791647071836902,-0.09236929204096728,-0.026172253256940618,-0.01066169917084148,-0.03481326916714037,0.13611650753568505,-0.12296996338010098,0.09263075257175206,-0.08168565936984104,-0.008431530244752898,-0.009607996814591997,-0.05816090055260583,-0.023487699131707573,-0.016179347188425074,-0.053592719399028974,-0.03707202918461854,6.717,0.0,1.0,338.0,0.0125,17.0,1.0,0.0,0.0,6.0,2.0,10.0,13.0,1.5440045036592231,0.0,1.0,0.0,329.0,292.0,3637.0,0.37777777777777777,0,5.0,231.0,124323
8429331,2024-12-03 06:28:28+00:00,1,"[1, 1, 1, 1, 1, 0, 1, 1, 1, 1, 0, 1, 1, 1, 1, 1, 1, 1, 1, 1, 1, 1]","[1, 1, 1, 1, 1, 1, 1, 0, 1, 1]",19088.0,179.0,0.28547377041349375,-0.6114337137678488,-0.054488959167710314,0.004753338369163321,-0.06670879924340213,-0.05564041606933876,-0.14267212177429597,-0.03231283449775203,-0.04317344340611509,0.0778669440877906,-0.09921592132150975,0.07090034106747711,0.13238330771477913,0.021081495765742912,-0.03481326916714037,0.13611650753568505,0.06852539126647902,-0.3012493410357806,0.02313302321270807,-0.008431530244752898,-0.009607996814591997,-0.05484988672575293,-0.023487699131707573,-0.016179347188425074,-0.053592719399028974,-0.018828211620055532,6.717,0.0,2.0,314.0,0.5245920745920746,9.0,0.0,0.9090909090909091,0.0,1.0,0.0,1.0,9.0,1.3243599528203704,0.0,0.0,1.0,1.0,1102.0,3389.0,0.8545454545454545,0,4.0,287.0,64503
8469326,2024-12-07 05:25:06+00:00,0,,"[1, 0, 0, 0, 1, 0, 1, 1, 1, 0, 1, 1, 1, 1, 1, 1, 1, 1, 1, 1, 1, 1, 1, 1, 1, 1, 0, 0, 0, 0, 0, 0, 0, 0, 0, 0, 0, 1, 0, 1, 1, 0, 0, 0, 0, 0, 0, 0, 0, 1]",6421.0,16317.0,0.28638686357275894,-0.6114337137678488,-0.054488959167710314,0.004753338369163321,-0.06670879924340213,-0.07412946629464255,-0.16547143701628758,-0.03231283449775203,-0.04317344340611509,-0.048236128980226715,-0.07791647071836902,-0.09236929204096728,-0.026172253256940618,-0.2062583476798761,0.28748156146469017,-0.1482292857992833,-0.12296996338010098,-0.3012493410357806,0.02313302321270807,-0.008431530244752898,-0.009607996814591997,-0.05816090055260583,0.04284707524103316,-0.016179347188425074,0.015592503790590144,0.008044419973869708,6.717,0.0,2.0,321.0,0.04,19.0,3.0,0.0,3.0,4.0,8.0,10.0,21.0,0.3669142857142857,1.0,1.0,1.0,1.0,1027.0,4000.0,0.38823529411764707,1,8.0,313.0,40600
8463718,2024-12-05 04:34:07+00:00,0,"[1, 1, 1, 1, 1, 1, 1, 1, 1, 1, 1, 0, 1, 0, 1, 0, 1, 0, 1, 1, 1, 0, 0, 0, 0, 0, 0, 1, 1, 0, 0, 1, 1]",,19325.0,563.0,0.28785932418952115,-0.6114337137678488,-0.054488959167710314,-0.23295731524514138,0.41236787050388063,-0.07412946629464255,-0.16547143701628758,-0.03231283449775203,-0.04317344340611509,0.0778669440877906,-0.07791647071836902,0.07090034106747711,-0.026172253256940618,-0.46958011525157795,-0.03481326916714037,-0.1482292857992833,-0.12296996338010098,-0.3012493410357806,0.02313302321270807,-0.008431530244752898,0.08965056778496559,-0.05816090055260583,0.04284707524103316,-0.016179347188425074,-0.053592719399028974,-0.018828211620055532,6.717,0.0,4.0,99.0,0.36363636363636365,27.0,0.0,0.6363636363636364,0.0,3.0,0.0,2.0,44.0,1.1765601217656012,1.0,1.0,1.0,1.0,1404.0,2252.0,0.0,1,11.0,41.0,58470
8466301,2024-12-06 04:41:04+00:00,1,,,37459.0,16317.0,0.2892702978128597,-0.6114337137678488,-0.054488959167710314,0.004753338369163321,-0.06670879924340213,-0.07412946629464255,-0.043774865933036713,-0.03231283449775203,-0.04317344340611509,-0.4142474070967134,-0.07791647071836902,0.07090034106747711,-0.026172253256940618,0.021081495765742912,-0.03481326916714037,0.13611650753568505,-0.12296996338010098,0.09263075257175206,0.02313302321270807,-0.008431530244752898,0.08965056778496559,-0.05816090055260583,-0.023487699131707573,-0.016179347188425074,-0.053592719399028974,0.141236061144545,6.717,0.0,2.0,316.0,0.0,7.0,1.0,0.0,4.0,5.0,0.0,10.0,10.0,1.1984578960839518,0.0,1.0,0.0,47.0,2640.0,2243.0,0.0,0,2.0,209.0,15
8465861,2024-12-07 22:34:26+00:00,1,,,25782.0,16317.0,0.29090846138200965,-0.6114337137678488,-0.054488959167710314,0.2259612567881653,-0.05738860713727523,-0.07412946629464255,-0.16547143701628758,-0.03231283449775203,-0.04317344340611509,-0.4142474070967134,-0.07791647071836902,-0.09236929204096728,-0.026172253256940618,0.08251752792097579,-0.03481326916714037,0.13611650753568505,0.06852539126647902,0.09263075257175206,0.02313302321270807,-0.008431530244752898,-0.039768111103099996,-0.05816090055260583,-0.023487699131707573,-0.016179347188425074,-0.053592719399028974,-0.0035377154089891926,6.717,0.0,1.0,276.0,0.0,23.0,4.0,0.0,4.0,2.0,17.0,10.0,8.0,1.5011353711790394,0.0,0.0,0.0,1.0,78968.0,6250.0,0.0,0,3.0,198.0,48456
8470990,2024-12-08 00:48:50+00:00,1,"[1, 1, 0, 0, 1, 1, 1, 1, 1, 1, 0, 0, 1, 1, 1, 1, 1, 1, 1, 1, 1]",,23648.0,450.0,0.2910670603043894,-0.6114337137678488,-0.054488959167710314,0.004753338369163321,-0.05738860713727523,-0.07412946629464255,-0.14267212177429597,-0.03231283449775203,-0.04317344340611509,0.0778669440877906,-0.06544171956609646,-0.09236929204096728,-0.026172253256940618,-0.01066169917084148,-0.03481326916714037,0.13611650753568505,-0.12296996338010098,0.09263075257175206,0.02313302321270807,-0.008431530244752898,-0.039768111103099996,-0.05816090055260583,-0.023487699131707573,-0.016179347188425074,-0.053592719399028974,0.008044419973869708,6.717,0.0,2.0,276.0,0.14285714285714285,9.0,5.0,0.8095238095238095,0.0,19.0,2.0,2.0,13.0,1.2869659863945577,0.0,1.0,0.0,12.0,3016.0,4659.0,0.0,0,8.0,147.0,28149
8436476,2024-12-01 09:02:42+00:00,1,,,20150.0,16317.0,0.2911859581667992,-0.6114337137678488,-0.054488959167710314,0.2259612567881653,-0.06670879924340213,-0.07412946629464255,-0.16547143701628758,-0.03231283449775203,-0.04317344340611509,-0.4142474070967134,-0.09921592132150975,-0.09236929204096728,-0.026172253256940618,0.27517336419933297,0.28748156146469017,-0.1482292857992833,-0.12296996338010098,-0.3012493410357806,-0.08168565936984104,-0.008431530244752898,-0.039768111103099996,-0.05816090055260583,-0.023487699131707573,-0.016179347188425074,-0.053592719399028974,0.141236061144545,6.717,0.0,1.0,410.0,0.0,162.0,2.0,0.0,5.0,1.0,99.0,10.0,3.0,0.7571487618832902,1.0,16.0,1.0,329.0,1170.0,6200.0,0.0,0,23.0,159.0,10
8463247,2024-12-05 02:45:54+00:00,1,"[0, 0, 0, 0, 0, 0, 0, 0, 0, 0, 0, 0, 0, 0, 0, 0, 0, 0, 0, 0, 0, 0, 0, 0, 0, 0, 0, 0, 0, 0, 0, 0, 0, 0, 0, 0, 0, 0, 0, 0, 0, 0, 0, 0, 0, 0, 0, 0, 0, 0, 1, 0, 1, 1, 1, 1, 1, 0, 0, 1, 1, 0, 0, 0, 1, 1, 1, 1, 0, 0, 0, 0, 0, 1, 1, 1, 1, 1, 1, 1, 1, 0]",,26031.0,16317.0,0.29239967119030047,-0.6114337137678488,-0.054488959167710314,0.004753338369163321,-0.06670879924340213,-0.07412946629464255,-0.14267212177429597,-0.03231283449775203,-0.04317344340611509,-0.048236128980226715,-0.07791647071836902,-0.09236929204096728,-0.026172253256940618,0.021081495765742912,-0.03481326916714037,0.13611650753568505,-0.12296996338010098,0.09263075257175206,0.02313302321270807,-0.008431530244752898,-0.009607996814591997,-0.05816090055260583,-0.023487699131707573,-0.016179347188425074,0.015592503790590144,-0.018828211620055532,6.717,0.0,2.0,362.0,0.012195121951219513,10.0,2.0,0.24390243902439024,3.0,3.0,3.0,10.0,11.0,1.2346328969834945,0.0,1.0,0.0,1.0,78968.0,3500.0,0.0,0,6.0,325.0,97125
8430502,2024-12-01 23:31:17+00:00,1,,,17398.0,16317.0,0.2931178782154454,-0.6114337137678488,-0.054488959167710314,0.2259612567881653,-0.06670879924340213,-0.07412946629464255,-0.043774865933036713,-0.03231283449775203,-0.04317344340611509,-0.4142474070967134,-0.07791647071836902,-0.0069440649306055586,-0.026172253256940618,0.25953741616204173,-0.03481326916714037,-0.1482292857992833,0.06852539126647902,0.09263075257175206,-0.08168565936984104,-0.008431530244752898,-0.009607996814591997,-0.05816090055260583,-0.023487699131707573,-0.016179347188425074,-0.053592719399028974,-0.018828211620055532,6.717,0.0,0.0,306.0,0.0,7.0,2.0,0.0,4.0,10.0,1.0,10.0,4.0,1.1650706488984128,1.0,0.0,0.0,329.0,539.0,4259.0,0.0,0,23.0,184.0,80116
8438266,2024-12-03 03:26:34+00:00,1,,"[0, 0, 0, 0, 0, 0, 0, 0, 0, 0, 0, 0, 0, 0, 0, 0, 0, 0, 0, 0, 0, 0, 0, 0, 0, 0, 0, 0, 0, 0, 0, 0, 0, 0, 0, 0, 0, 0, 1, 1, 1, 1, 1, 1, 1, 1, 0, 0, 0, 1, 1, 1]",45000.0,16317.0,0.29327093613591443,-0.6114337137678488,-0.054488959167710314,0.004753338369163321,-0.06670879924340213,0.17561735485816402,-0.16547143701628758,-0.03231283449775203,-0.04317344340611509,-0.048236128980226715,-0.07791647071836902,-0.09236929204096728,-0.026172253256940618,0.021081495765742912,-0.03481326916714037,0.13611650753568505,-0.12296996338010098,-0.3012493410357806,0.02313302321270807,-0.008431530244752898,-0.009607996814591997,-0.05816090055260583,0.04284707524103316,-0.016179347188425074,-0.053592719399028974,0.141236061144545,6.717,0.0,2.0,358.0,0.6069230769230769,28.0,4.0,0.0,3.0,4.0,10.0,10.0,11.0,1.6,0.0,2.0,1.0,1.0,78968.0,4000.0,0.35776487663280115,1,24.0,139.0,0
8469187,2024-12-07 04:57:58+00:00,1,,"[0, 1, 0, 1, 1, 0, 1, 1, 1, 0, 0, 0, 0, 1, 0, 0, 0, 0, 0, 0, 1, 1, 1, 1, 1, 0, 0, 0, 0, 0, 1, 0, 1, 1, 1, 1]",17015.0,16317.0,0.2933647001839507,-0.6114337137678488,-0.054488959167710314,0.2259612567881653,-0.05738860713727523,-0.07412946629464255,-0.14267212177429597,-0.03231283449775203,-0.04317344340611509,-0.048236128980226715,-0.07791647071836902,-0.09236929204096728,-0.026172253256940618,0.021081495765742912,-0.03481326916714037,0.13611650753568505,-0.12296996338010098,0.09263075257175206,-0.08168565936984104,-0.008431530244752898,-0.009607996814591997,-0.05816090055260583,-0.023487699131707573,-0.016179347188425074,-0.053592719399028974,-0.018828211620055532,6.717,0.0,1.0,273.0,0.027777777777777776,9.0,6.0,0.0,3.0,6.0,3.0,10.0,9.0,1.1728012131237937,0.0,1.0,0.0,329.0,14378.0,3715.0,0.5,0,3.0,86.0,70861
8468683,2024-12-07 03:20:52+00:00,1,,,15896.0,16317.0,0.2934878288534596,-0.6114337137678488,-0.054488959167710314,0.2259612567881653,-0.06670879924340213,-0.07412946629464255,-0.16547143701628758,-0.03231283449775203,-0.04317344340611509,0.0778669440877906,-0.07791647071836902,-0.09236929204096728,-0.026172253256940618,-0.10985411191684905,-0.03481326916714037,-0.1482292857992833,-0.12296996338010098,0.09263075257175206,-0.08168565936984104,0.12181209640599021,-0.009607996814591997,-0.05816090055260583,-0.023487699131707573,-0.016179347188425074,-0.053592719399028974,-0.018828211620055532,6.717,0.0,1.0,322.0,0.0,15.0,3.0,0.0,0.0,3.0,4.0,10.0,15.0,1.1560727272727274,1.0,1.0,0.0,329.0,204.0,4473.0,0.0,0,11.0,116.0,68874
8469963,2024-12-07 08:24:11+00:00,1,"[0, 0, 1, 1, 1, 0, 1, 0, 1]",,6589.0,88.0,0.29374938950476726,-0.6114337137678488,-0.054488959167710314,-0.5083517388880758,-0.05738860713727523,-0.07412946629464255,-0.16547143701628758,-0.03231283449775203,-0.04317344340611509,-0.048236128980226715,-0.07791647071836902,0.07090034106747711,-0.026172253256940618,-0.10985411191684905,0.28748156146469017,-0.1482292857992833,0.06852539126647902,-0.3012493410357806,0.02313302321270807,-0.008431530244752898,-0.009607996814591997,-0.05816090055260583,0.04284707524103316,0.05393564252282038,-0.053592719399028974,0.008044419973869708,6.717,0.0,7.0,273.0,0.08055555555555555,20.0,3.0,0.5555555555555556,3.0,9.0,0.0,3.0,15.0,0.3765142857142857,1.0,0.0,1.0,1.0,1103.0,4000.0,0.0,1,40.0,157.0,40681
8462791,2024-12-05 00:55:51+00:00,1,"[1, 1, 1, 1, 1, 1, 1, 1, 1, 1, 1, 1, 1, 1, 1, 1, 1, 1, 1, 1, 1, 1]","[0, 0, 0, 0, 0, 0, 0, 0, 0, 0, 0, 0, 0, 0, 0, 0, 0, 0, 0, 0, 0, 0, 0, 0, 0, 0, 0, 0, 0, 0, 0, 0, 0, 0, 0, 0, 0, 1, 1, 1, 1, 1, 1, 1, 1, 1, 1, 1, 1, 1, 1, 1, 1, 1, 1, 1, 1, 1, 1, 1, 1, 1, 1, 1, 1, 1, 1, 1, 1, 1]",26901.0,584.0,0.2938532633005013,-0.6114337137678488,-0.054488959167710314,-0.5083517388880758,0.11939328962621384,-0.05564041606933876,-0.16547143701628758,-0.03231283449775203,0.1740873916033103,-0.048236128980226715,-0.07791647071836902,-0.09236929204096728,0.13238330771477913,-0.3292197513569699,-0.03481326916714037,-0.1482292857992833,0.06852539126647902,0.09263075257175206,0.02313302321270807,-0.008431530244752898,-0.009607996814591997,-0.05816090055260583,-0.023487699131707573,-0.016179347188425074,-0.053592719399028974,-0.018828211620055532,6.717,0.0,7.0,208.0,0.5071428571428571,17.0,4.0,1.0,2.0,8.0,2.0,1.0,31.0,1.1929490022172948,1.0,0.0,0.0,1.0,3134.0,4000.0,0.717102615694165,0,9.0,271.0,75421
8466000,2024-12-06 03:29:44+00:00,1,,"[0, 1, 0, 0, 0, 0, 1, 1, 1]",21822.0,16317.0,0.29449825344674463,-0.6114337137678488,-0.054488959167710314,0.004753338369163321,-0.06670879924340213,-0.07412946629464255,0.14385053025774988,-0.03231283449775203,-0.04317344340611509,-0.4142474070967134,-0.07791647071836902,0.07090034106747711,-0.026172253256940618,0.27517336419933297,-0.03481326916714037,0.13611650753568505,0.06852539126647902,0.09263075257175206,-0.08168565936984104,-0.008431530244752898,-0.039768111103099996,-0.05816090055260583,-0.023487699131707573,-0.016179347188425074,-0.053592719399028974,0.008044419973869708,6.717,0.0,2.0,310.0,0.1111111111111111,3.0,0.0,0.0,4.0,2.0,0.0,10.0,3.0,1.2950741839762612,0.0,0.0,0.0,329.0,78968.0,5676.0,0.5777777777777777,0,12.0,67.0,46300
8464891,2024-12-05 23:15:37+00:00,1,"[0, 1, 1, 0, 0, 1, 0, 0, 1, 1, 1, 1, 1, 1, 1, 0, 1, 0, 1, 0, 0, 0, 0, 0, 0, 0, 0, 1, 1, 0, 0, 1, 0, 0, 0, 0, 0, 0, 0, 0, 0, 1, 1, 0, 0, 0, 0, 0, 0, 0, 0, 0, 0, 1, 1, 1, 1, 1, 1, 1]","[0, 0, 0, 0, 0, 0, 0, 0, 0, 0, 0, 0, 0, 0, 0, 0, 0, 0, 0, 0, 0, 0, 0, 0, 0, 0, 0, 0, 0, 0, 0, 0, 0, 0, 0, 0, 0, 0, 0, 0, 0, 0, 0, 0, 0, 0, 0, 0, 0, 0, 0, 0, 1, 1, 1, 1, 1]",22143.0,641.0,0.29482860429401914,-0.6114337137678488,-0.054488959167710314,-0.5083517388880758,0.11939328962621384,-0.05564041606933876,-0.16547143701628758,0.030500288512228284,-0.04317344340611509,-0.048236128980226715,-0.09921592132150975,-0.09236929204096728,-0.026172253256940618,-0.46958011525157795,0.28748156146469017,-0.1482292857992833,0.06852539126647902,-0.3012493410357806,0.02313302321270807,-0.008431530244752898,-0.039768111103099996,-0.05816090055260583,-0.023487699131707573,-0.016179347188425074,0.13525803582801485,-0.018828211620055532,6.717,0.0,10.0,146.0,0.4256439946222074,61.0,10.0,0.4,3.0,1.0,2.0,9.0,40.0,0.9754625550660793,1.0,0.0,1.0,47.0,23057.0,5500.0,0.16636418632788869,0,29.0,403.0,72479
8472240,2024-12-08 04:30:07+00:00,1,,"[1, 1, 1, 1, 1, 1]",12797.0,16317.0,0.29515051218294863,-0.6114337137678488,-0.054488959167710314,-0.5083517388880758,-0.06670879924340213,-0.05564041606933876,-0.16547143701628758,-0.03231283449775203,-0.04317344340611509,0.0778669440877906,-0.06544171956609646,-0.09236929204096728,-0.026172253256940618,-0.46958011525157795,0.16413019796925432,-0.1482292857992833,0.06852539126647902,0.09263075257175206,0.02313302321270807,-0.008431530244752898,-0.009607996814591997,0.15904631144217646,-0.023487699131707573,-0.016179347188425074,-0.053592719399028974,-0.018828211620055532,6.717,0.0,6.0,348.0,0.5239533011272142,23.0,4.0,0.0,0.0,18.0,3.0,10.0,34.0,1.1152069716775599,1.0,0.0,0.0,1.0,1579.0,4481.0,1.0,0,9.0,177.0,94875
8468743,2024-12-07 03:31:30+00:00,1,,"[1, 0, 1, 0, 0, 1, 0, 1, 1, 1, 1, 1, 1, 1, 1, 1, 1, 1, 1, 1, 1, 1, 1, 1, 1]",16828.0,16317.0,0.29518523679433034,-0.6114337137678488,-0.054488959167710314,-0.5083517388880758,-0.06670879924340213,-0.07412946629464255,-0.14267212177429597,0.030500288512228284,-0.04317344340611509,0.0778669440877906,-0.07791647071836902,0.07090034106747711,-0.026172253256940618,-0.46958011525157795,-0.03481326916714037,-0.1482292857992833,0.06852539126647902,0.09263075257175206,0.02313302321270807,-0.008431530244752898,-0.009607996814591997,0.15904631144217646,-0.023487699131707573,-0.016179347188425074,0.2103895073799279,-0.0035377154089891926,6.717,0.0,8.0,398.0,0.08,12.0,11.0,0.0,0.0,3.0,0.0,10.0,67.0,1.1625561312607944,1.0,0.0,0.0,1.0,2083.0,3520.0,0.9446153846153846,0,21.0,564.0,48930
8463187,2024-12-05 02:30:07+00:00,1,"[1, 1, 1, 1, 1, 1]",,21779.0,490.0,0.2960162966598746,-0.6114337137678488,0.26094868650223196,-0.5083517388880758,-0.05738860713727523,0.22755275636556374,-0.16547143701628758,-0.03231283449775203,0.1740873916033103,0.0778669440877906,-0.07791647071836902,-0.09236929204096728,0.13238330771477913,-0.46958011525157795,-0.03481326916714037,-0.1482292857992833,-0.12296996338010098,-0.3012493410357806,0.02313302321270807,-0.008431530244752898,-0.009607996814591997,-0.05816090055260583,-0.023487699131707573,-0.016179347188425074,-0.053592719399028974,-0.0035377154089891926,6.717,11609.0,7.0,248.0,1.0,23.0,4.0,1.0,0.0,2.0,5.0,1.0,33.0,1.2680640465793305,1.0,1.0,1.0,4.0,78968.0,4200.0,0.0,0,19.0,149.0,54745
8462685,2024-12-05 00:34:08+00:00,1,,,24999.0,16317.0,0.29604240357678174,-0.6114337137678488,-0.054488959167710314,-0.23295731524514138,-0.06670879924340213,-0.07412946629464255,-0.043774865933036713,-0.03231283449775203,-0.04317344340611509,0.0778669440877906,-0.07791647071836902,-0.0069440649306055586,-0.026172253256940618,-0.15334582495827825,-0.03481326916714037,-0.1482292857992833,-0.12296996338010098,0.09263075257175206,0.02313302321270807,-0.008431530244752898,0.08965056778496559,-0.05816090055260583,0.04284707524103316,-0.016179347188425074,-0.053592719399028974,0.008044419973869708,6.717,0.0,4.0,600.0,0.0,8.0,2.0,0.0,0.0,2.0,1.0,10.0,16.0,1.1613937282229965,1.0,2.0,0.0,1.0,7404.0,2280.0,0.0,1,0.0,245.0,33989
8470359,2024-12-07 22:53:36+00:00,1,,"[0, 1, 1, 1, 1, 1, 1, 1]",38359.0,16317.0,0.2966120412535074,-0.6114337137678488,-0.054488959167710314,-0.1165395030712408,-0.06670879924340213,-0.07412946629464255,0.01584713069282676,-0.03231283449775203,-0.04317344340611509,-0.4142474070967134,-0.07791647071836902,0.07090034106747711,-0.026172253256940618,-0.01066169917084148,-0.03481326916714037,0.13611650753568505,0.06852539126647902,0.09263075257175206,0.02313302321270807,-0.008431530244752898,-0.039768111103099996,0.15904631144217646,-0.023487699131707573,-0.016179347188425074,-0.053592719399028974,0.008044419973869708,6.717,0.0,3.0,353.0,0.23897058823529413,6.0,1.0,0.0,4.0,8.0,0.0,10.0,13.0,1.1885050348567003,0.0,0.0,0.0,1.0,2275.0,7400.0,0.9722222222222222,0,2.0,289.0,44809
8459890,2024-12-03 22:51:53+00:00,1,"[1, 1, 1, 1, 1, 1, 1, 1]",,28729.0,508.0,0.29661912639463994,-0.6114337137678488,-0.054488959167710314,0.004753338369163321,-0.06670879924340213,0.22755275636556374,0.01584713069282676,-0.03231283449775203,0.1740873916033103,-0.4142474070967134,-0.07791647071836902,0.07090034106747711,0.13238330771477913,-0.01066169917084148,-0.03481326916714037,-0.1482292857992833,0.06852539126647902,-0.3012493410357806,-0.08168565936984104,-0.008431530244752898,-0.009607996814591997,-0.05816090055260583,-0.023487699131707573,0.05393564252282038,-0.053592719399028974,-0.018828211620055532,6.717,3.0,2.0,310.0,1.0,5.0,6.0,1.0,5.0,3.0,0.0,1.0,13.0,1.450959595959596,1.0,0.0,1.0,329.0,78968.0,4091.0,0.0,0,50.0,248.0,58106
8439299,2024-12-03 06:53:27+00:00,1,,"[0, 0, 0, 0, 0, 0, 0, 0, 0, 0, 0, 0, 0, 0, 0, 0, 0, 0, 0, 0, 0, 0, 0, 0, 0, 0, 0, 0, 0, 0, 0, 0, 0, 0, 0, 0, 0, 0, 0, 0, 0, 0, 0, 0, 0, 0, 0, 0, 0, 0, 0, 0, 0, 0, 0, 0, 0, 1, 1, 1, 1, 1, 1, 1, 1, 1, 1, 1, 1, 1, 1, 0, 1, 0, 1, 1, 1, 1, 1, 1, 1, 1]",30873.0,16317.0,0.29681977220729555,-0.6114337137678488,0.26094868650223196,-0.23295731524514138,-0.06670879924340213,-0.07412946629464255,-0.14267212177429597,-0.03231283449775203,-0.04317344340611509,-0.4142474070967134,-0.07791647071836902,-0.09236929204096728,-0.026172253256940618,-0.10985411191684905,0.16413019796925432,-0.1482292857992833,-0.12296996338010098,0.09263075257175206,-0.08168565936984104,-0.008431530244752898,-0.039768111103099996,-0.05816090055260583,-0.023487699131707573,-0.016179347188425074,-0.053592719399028974,0.141236061144545,6.717,177.0,5.0,310.0,0.012195121951219513,13.0,2.0,0.0,4.0,3.0,4.0,8.0,15.0,1.072351510941299,1.0,3.0,0.0,329.0,10096.0,8286.099999999991,0.4713488098736409,0,2.0,217.0,8
8461314,2024-12-04 04:45:48+00:00,1,,[],21141.0,16317.0,0.2971419245303353,-0.6114337137678488,-0.054488959167710314,-0.23295731524514138,-0.06670879924340213,0.22755275636556374,-0.16547143701628758,-0.03231283449775203,-0.04317344340611509,0.0778669440877906,-0.07791647071836902,-0.09236929204096728,-0.026172253256940618,-0.46958011525157795,0.16413019796925432,-0.1482292857992833,-0.12296996338010098,0.09263075257175206,0.02313302321270807,-0.008431530244752898,-0.009607996814591997,-0.05816090055260583,-0.023487699131707573,-0.016179347188425074,0.04095250473658998,-0.018828211620055532,6.717,0.0,4.0,328.0,1.0,37.0,3.0,0.0,1.0,4.0,9.0,10.0,34.0,1.0925581395348838,1.0,1.0,0.0,1.0,1656.0,3800.0,0.0,0,16.0,365.0,60151
8464176,2024-12-05 06:28:38+00:00,0,,,14005.0,16317.0,0.2983102369988208,-0.6114337137678488,-0.054488959167710314,-0.5083517388880758,-0.06670879924340213,-0.07412946629464255,-0.16547143701628758,-0.03231283449775203,-0.04317344340611509,0.0778669440877906,-0.09921592132150975,-0.09236929204096728,-0.026172253256940618,-0.46958011525157795,0.28748156146469017,0.13611650753568505,-0.12296996338010098,0.09263075257175206,-0.08168565936984104,-0.008431530244752898,0.08965056778496559,-0.05816090055260583,0.04284707524103316,-0.016179347188425074,-0.053592719399028974,-0.0035377154089891926,6.717,0.0,35.0,600.0,0.0,162.0,0.0,0.0,0.0,0.0,99.0,10.0,383.0,0.8539634146341464,0.0,16.0,0.0,329.0,78968.0,1588.0,0.0,1,0.0,0.0,49857
8462054,2024-12-04 09:37:26+00:00,1,,"[0, 0, 0, 0, 0, 0, 0, 0, 0, 0, 0, 0, 0, 0, 0, 0, 0, 0, 0, 0, 0, 0, 0, 0, 0, 1, 1, 1, 1, 1, 0, 0, 0, 0, 1, 0, 0, 1, 0, 1, 1, 1, 0, 0, 1, 1, 1, 1, 1, 1, 1, 1, 1, 1, 1, 1, 1, 1, 1, 1, 1, 1, 1, 1]",26502.0,16317.0,0.2984362889216613,-0.6114337137678488,-0.054488959167710314,-0.23295731524514138,-0.05738860713727523,-0.07412946629464255,-0.14267212177429597,-0.03231283449775203,-0.04317344340611509,0.0778669440877906,-0.06544171956609646,0.07090034106747711,-0.026172253256940618,-0.3292197513569699,-0.03481326916714037,0.13611650753568505,0.06852539126647902,0.09263075257175206,0.02313302321270807,-0.008431530244752898,-0.039768111103099996,-0.05816090055260583,-0.023487699131707573,-0.016179347188425074,-0.053592719399028974,0.141236061144545,6.717,0.0,5.0,283.0,0.015625,10.0,2.0,0.0,0.0,13.0,0.0,9.0,31.0,1.341873417721519,0.0,0.0,0.0,1.0,78968.0,6928.0,0.6855769230769231,0,3.0,122.0,4733
8438166,2024-12-03 03:03:27+00:00,1,,,13101.0,16317.0,0.29915460037068037,-0.6114337137678488,-0.054488959167710314,0.2259612567881653,-0.06670879924340213,-0.07412946629464255,-0.14267212177429597,-0.03231283449775203,-0.04317344340611509,-0.048236128980226715,-0.07791647071836902,-0.09236929204096728,-0.026172253256940618,0.08251752792097579,-0.03481326916714037,-0.1482292857992833,0.06852539126647902,-0.3012493410357806,-0.08168565936984104,-0.008431530244752898,-0.009607996814591997,-0.05816090055260583,-0.023487699131707573,-0.016179347188425074,0.006896750883670848,-0.018828211620055532,6.717,0.0,1.0,368.0,0.0,13.0,1.0,0.0,3.0,8.0,3.0,10.0,8.0,1.188299319727891,1.0,0.0,1.0,329.0,1766.0,3848.0,0.0,0,14.0,294.0,76743
8460137,2024-12-04 00:08:59+00:00,1,,"[0, 0, 0, 0, 0, 0, 0, 0, 0, 0, 1, 0, 0, 0, 1, 1, 1]",16769.0,16317.0,0.2996472891293023,-0.6114337137678488,-0.054488959167710314,-0.23295731524514138,-0.06670879924340213,-0.07412946629464255,-0.14267212177429597,-0.03231283449775203,-0.04317344340611509,-0.048236128980226715,-0.06544171956609646,-0.09236929204096728,-0.026172253256940618,-0.2062583476798761,0.16413019796925432,-0.1482292857992833,0.06852539126647902,0.09263075257175206,-0.08168565936984104,-0.008431530244752898,-0.009607996814591997,-0.05816090055260583,-0.023487699131707573,-0.016179347188425074,-0.053592719399028974,0.008044419973869708,6.717,0.0,4.0,338.0,0.04005006257822278,13.0,4.0,0.0,3.0,14.0,4.0,9.0,20.0,1.1032236842105263,1.0,0.0,0.0,329.0,1959.0,3500.0,0.38562091503267976,0,1.0,96.0,44993
8437256,2024-12-02 23:33:05+00:00,1,,"[0, 0, 0, 0, 0, 0, 0, 0, 0, 0, 0, 0, 0, 0, 0, 0, 0, 0, 0, 0, 0, 0, 0, 0, 0, 0, 0, 0, 0, 0, 1, 1, 0, 1, 1, 0, 1, 0, 1, 0, 0, 1, 1, 1, 1]",10010.0,16317.0,0.2997796105219489,-0.6114337137678488,-0.054488959167710314,-0.1165395030712408,-0.05738860713727523,-0.07412946629464255,0.14385053025774988,-0.03231283449775203,-0.04317344340611509,-0.4142474070967134,-0.07791647071836902,0.07090034106747711,0.13238330771477913,-0.3292197513569699,0.28748156146469017,-0.1482292857992833,0.06852539126647902,0.09263075257175206,0.02313302321270807,-0.008431530244752898,-0.039768111103099996,-0.05816090055260583,-0.023487699131707573,-0.016179347188425074,-0.053592719399028974,-0.03707202918461854,6.717,0.0,3.0,228.0,0.022222222222222223,3.0,3.0,0.0,4.0,10.0,0.0,0.0,26.0,0.8272727272727273,1.0,0.0,0.0,1.0,78968.0,8286.099999999991,0.3690821256038647,0,22.0,268.0,117027
8437497,2024-12-03 00:35:09+00:00,1,"[1, 1, 1, 1]","[0, 0, 0, 0, 0, 0, 0, 0, 0, 1, 1, 1, 1, 1, 1, 1, 1, 1, 1, 1, 1]",13375.0,535.0,0.3007840727679856,-0.6114337137678488,-0.054488959167710314,-0.1165395030712408,-0.05738860713727523,-0.07412946629464255,-0.16547143701628758,-0.03231283449775203,0.1740873916033103,0.0778669440877906,-0.07791647071836902,-0.09236929204096728,-0.026172253256940618,-0.3292197513569699,-0.03481326916714037,-0.1482292857992833,-0.12296996338010098,0.09263075257175206,0.02313302321270807,-0.008431530244752898,-0.009607996814591997,-0.05484988672575293,-0.023487699131707573,-0.016179347188425074,-0.053592719399028974,-0.018828211620055532,6.717,0.0,3.0,236.0,0.2702380952380952,19.0,2.0,1.0,0.0,7.0,9.0,5.0,26.0,1.25,1.0,2.0,0.0,1.0,2628.0,3591.0,0.8051948051948052,0,23.0,136.0,64321
8437940,2024-12-03 02:17:55+00:00,1,,,14983.0,16317.0,0.3007844070049063,-0.6114337137678488,-0.054488959167710314,0.2259612567881653,-0.05738860713727523,-0.07412946629464255,-0.043774865933036713,-0.03231283449775203,-0.04317344340611509,-0.4142474070967134,-0.07791647071836902,-0.0069440649306055586,-0.026172253256940618,-0.10985411191684905,0.28748156146469017,-0.1482292857992833,-0.12296996338010098,0.09263075257175206,-0.08168565936984104,-0.008431530244752898,-0.039768111103099996,-0.05816090055260583,-0.023487699131707573,-0.016179347188425074,-0.053592719399028974,-0.018828211620055532,6.717,0.0,1.0,297.0,0.0,7.0,2.0,0.0,4.0,8.0,1.0,10.0,14.0,0.9824918032786886,1.0,1.0,0.0,329.0,3178.0,8286.099999999991,0.0,0,12.0,159.0,72469
8465476,2024-12-06 01:30:51+00:00,1,,,13481.0,16317.0,0.3013927298116315,-0.6114337137678488,-0.054488959167710314,-0.1165395030712408,-0.06670879924340213,-0.07412946629464255,-0.16547143701628758,0.030500288512228284,-0.04317344340611509,0.0778669440877906,-0.07791647071836902,-0.09236929204096728,-0.026172253256940618,-0.2062583476798761,0.16413019796925432,-0.1482292857992833,-0.12296996338010098,-0.3012493410357806,0.02313302321270807,-0.008431530244752898,-0.009607996814591997,-0.05816090055260583,-0.023487699131707573,-0.016179347188425074,0.04095250473658998,0.008044419973869708,6.717,0.0,3.0,378.0,0.0,26.0,7.0,0.0,0.0,6.0,23.0,10.0,21.0,1.1234166666666667,1.0,4.0,1.0,1.0,2043.0,3700.0,0.0,0,23.0,374.0,45111
8438216,2024-12-03 03:14:37+00:00,1,,,26133.0,16317.0,0.3016924573555928,-0.6114337137678488,-0.054488959167710314,0.2259612567881653,-0.05738860713727523,-0.07412946629464255,-0.16547143701628758,-0.03231283449775203,-0.04317344340611509,0.0778669440877906,-0.07791647071836902,-0.09236929204096728,-0.026172253256940618,-0.10985411191684905,-0.03481326916714037,-0.1482292857992833,-0.12296996338010098,0.09263075257175206,-0.08168565936984104,-0.008431530244752898,-0.039768111103099996,-0.05816090055260583,-0.023487699131707573,-0.016179347188425074,-0.053592719399028974,0.141236061144545,6.717,6.0,1.0,282.0,0.0,16.0,1.0,0.0,0.0,4.0,3.0,10.0,15.0,1.154590439162322,1.0,1.0,0.0,329.0,78968.0,4688.0,0.0,0,5.0,150.0,10
8436436,2024-12-05 06:33:09+00:00,0,,,28500.0,16317.0,0.3017519560879798,-0.6114337137678488,-0.054488959167710314,0.004753338369163321,-0.06670879924340213,-0.07412946629464255,-0.16547143701628758,-0.03231283449775203,-0.04317344340611509,-0.048236128980226715,0.08779149858909129,-0.09236929204096728,-0.026172253256940618,0.20995636990242048,-0.03481326916714037,-0.1482292857992833,-0.12296996338010098,-0.3012493410357806,0.02313302321270807,-0.008431530244752898,-0.009607996814591997,-0.05816090055260583,0.04284707524103316,-0.016179347188425074,-0.053592719399028974,-0.0035377154089891926,6.717,0.0,2.0,428.0,0.0,18.0,0.0,0.0,3.0,33.0,3.0,10.0,5.0,1.2167527643768945,1.0,1.0,1.0,1.0,78968.0,3328.0,0.0,1,0.0,234.0,52318
8469345,2024-12-07 05:30:10+00:00,1,"[1, 1, 1, 1]","[0, 0, 0, 0, 0, 0, 0, 0, 0, 0, 0, 0, 0, 0, 0, 0, 0, 0, 0, 0, 0, 0, 0, 0, 0, 0, 0, 0, 1, 1, 1, 1, 1, 1, 1, 1, 0, 1, 1, 1, 1, 1, 1, 1, 0]",23359.0,154.0,0.30185698215690965,-0.6114337137678488,-0.054488959167710314,0.004753338369163321,-0.05738860713727523,-0.05564041606933876,0.01584713069282676,-0.03231283449775203,0.1740873916033103,-0.4142474070967134,-0.07791647071836902,-0.09236929204096728,0.13238330771477913,-0.01066169917084148,-0.03481326916714037,-0.1482292857992833,-0.12296996338010098,0.09263075257175206,0.02313302321270807,-0.008431530244752898,-0.009607996814591997,-0.05816090055260583,0.04284707524103316,-0.016179347188425074,-0.053592719399028974,-0.0035377154089891926,6.717,0.0,2.0,274.0,0.5111111111111111,5.0,0.0,1.0,5.0,5.0,2.0,1.0,12.0,1.1782597730138713,1.0,1.0,0.0,1.0,78968.0,3920.0,0.5285024154589372,1,15.0,198.0,50536
8461648,2024-12-04 06:11:15+00:00,1,,"[0, 0, 0, 1, 1, 1, 1, 1]",18711.0,16317.0,0.3023590529353155,-0.6114337137678488,-0.054488959167710314,0.004753338369163321,-0.06670879924340213,-0.07412946629464255,-0.14267212177429597,-0.03231283449775203,-0.04317344340611509,-0.4142474070967134,-0.07791647071836902,-0.0069440649306055586,-0.026172253256940618,0.14199482941539582,-0.03481326916714037,0.13611650753568505,0.06852539126647902,0.09263075257175206,0.02313302321270807,-0.008431530244752898,-0.039768111103099996,-0.05484988672575293,-0.023487699131707573,-0.016179347188425074,0.006896750883670848,-0.018828211620055532,6.717,0.0,2.0,412.0,0.3835470085470085,9.0,1.0,0.0,4.0,3.0,1.0,10.0,7.0,1.2453244592346089,0.0,0.0,0.0,45.0,11900.0,4620.0,0.8333333333333334,0,14.0,308.0,83018
8465889,2024-12-06 03:08:15+00:00,1,,,15480.0,16317.0,0.3024819891063998,-0.6114337137678488,-0.054488959167710314,-0.23295731524514138,-0.06670879924340213,-0.07412946629464255,-0.043774865933036713,-0.03231283449775203,-0.04317344340611509,0.0778669440877906,-0.07791647071836902,0.07090034106747711,-0.026172253256940618,-0.15334582495827825,-0.03481326916714037,0.13611650753568505,0.06852539126647902,0.09263075257175206,-0.08168565936984104,-0.008431530244752898,-0.009607996814591997,-0.05816090055260583,-0.023487699131707573,-0.016179347188425074,-0.053592719399028974,-0.0035377154089891926,6.717,0.0,4.0,356.0,0.0,7.0,1.0,0.0,0.0,11.0,0.0,10.0,18.0,1.2,0.0,0.0,0.0,329.0,78968.0,3560.0,0.0,0,2.0,21.0,49895
8464199,2024-12-05 06:33:40+00:00,1,,"[0, 0, 0, 0, 0, 1, 1, 0, 1, 1, 1, 1, 1, 1, 1, 1, 1, 1, 1, 0, 1, 1, 1, 1, 0, 1, 1, 1, 1, 1, 1, 1, 1, 1, 1]",10840.0,16317.0,0.3027491488902475,-0.6114337137678488,-0.054488959167710314,-0.5083517388880758,0.11939328962621384,-0.07412946629464255,-0.16547143701628758,-0.03231283449775203,-0.04317344340611509,0.0778669440877906,-0.07791647071836902,0.07090034106747711,-0.026172253256940618,-0.46958011525157795,0.16413019796925432,-0.1482292857992833,0.06852539126647902,0.09263075257175206,0.02313302321270807,-0.008431530244752898,-0.039768111103099996,-0.05484988672575293,-0.023487699131707573,-0.016179347188425074,-0.053592719399028974,-0.018828211620055532,6.717,0.0,8.0,205.0,0.02857142857142857,23.0,0.0,0.0,0.0,6.0,0.0,10.0,33.0,1.047342995169082,1.0,0.0,0.0,1.0,4324.0,5000.0,0.8920634920634921,0,4.0,76.0,71929
8465401,2024-12-06 02:40:05+00:00,1,"[0, 0, 0, 0, 0, 0, 0, 0, 0, 0, 0, 0, 0, 0, 0, 0, 0, 0, 0, 0, 0, 0, 1, 1, 0, 0, 0, 0, 0, 0, 0, 0, 0, 0, 1, 1, 1, 1, 1, 0, 0, 1, 1, 0, 1, 0, 0, 1, 1, 1, 1, 1, 1, 1, 1, 1, 1, 1, 1, 0, 1, 1, 1, 1, 1, 1, 1, 1, 1, 1, 1, 1]",,45000.0,16317.0,0.3033937736787528,-0.6114337137678488,-0.054488959167710314,0.004753338369163321,-0.06670879924340213,-0.07412946629464255,-0.16547143701628758,0.030500288512228284,-0.04317344340611509,-0.4142474070967134,-0.06544171956609646,-0.09236929204096728,-0.026172253256940618,0.14199482941539582,-0.03481326916714037,0.13611650753568505,-0.12296996338010098,0.09263075257175206,0.02313302321270807,-0.008431530244752898,-0.039768111103099996,-0.05816090055260583,-0.023487699131707573,-0.016179347188425074,0.04095250473658998,0.141236061144545,6.717,0.0,2.0,334.0,0.013888888888888888,162.0,7.0,0.4722222222222222,5.0,15.0,99.0,10.0,6.0,1.6,0.0,16.0,0.0,1.0,78968.0,4562.0,0.0,0,0.0,352.0,0
8432385,2024-12-04 23:13:23+00:00,1,,,19867.0,16317.0,0.3035453338280598,-0.6114337137678488,-0.054488959167710314,-0.1165395030712408,-0.06670879924340213,-0.07412946629464255,-0.16547143701628758,-0.03231283449775203,-0.04317344340611509,0.0778669440877906,-0.07791647071836902,-0.09236929204096728,-0.026172253256940618,-0.10985411191684905,-0.03481326916714037,0.13611650753568505,-0.12296996338010098,0.09263075257175206,-0.08168565936984104,-0.008431530244752898,0.04544625733308562,-0.05816090055260583,0.04284707524103316,-0.016179347188425074,-0.053592719399028974,0.008044419973869708,6.717,0.0,3.0,307.0,0.0,16.0,2.0,0.0,0.0,3.0,2.0,10.0,15.0,1.177652637818613,0.0,1.0,0.0,329.0,78968.0,3117.0,0.0,1,8.0,13.0,43958
8471211,2024-12-08 01:24:10+00:00,1,"[1, 1, 1, 1, 1, 1]","[0, 0, 0, 0, 0, 0, 0, 0, 1, 0, 1, 1, 1, 0, 1, 1, 1, 1, 1, 1]",27664.0,408.0,0.30354847016944986,-0.6114337137678488,-0.054488959167710314,-0.5083517388880758,-0.05738860713727523,-0.05564041606933876,-0.16547143701628758,-0.03231283449775203,0.1740873916033103,0.0778669440877906,-0.07791647071836902,-0.09236929204096728,-0.026172253256940618,-0.46958011525157795,0.16413019796925432,-0.1482292857992833,-0.12296996338010098,0.09263075257175206,0.02313302321270807,-0.008431530244752898,-0.039768111103099996,-0.05816090055260583,-0.023487699131707573,-0.016179347188425074,-0.053592719399028974,0.141236061144545,6.717,0.0,8.0,213.0,0.46373975409836066,32.0,2.0,1.0,0.0,2.0,4.0,9.0,88.0,1.10656,1.0,2.0,0.0,1.0,949.0,4676.0,0.7142857142857143,0,12.0,237.0,12
8465801,2024-12-06 02:50:13+00:00,1,,"[0, 0, 0, 0, 0, 0, 0, 0, 0, 0, 0, 0, 0, 0, 0, 0, 0, 0, 1, 1, 1, 1, 1, 1, 1, 1, 1, 1, 1, 1, 1, 1, 1, 1, 1]",20059.0,16317.0,0.3035578882270326,-0.6114337137678488,0.26094868650223196,-0.23295731524514138,-0.06670879924340213,-0.07412946629464255,-0.16547143701628758,-0.03231283449775203,-0.04317344340611509,-0.048236128980226715,-0.09921592132150975,-0.09236929204096728,-0.026172253256940618,-0.15334582495827825,-0.03481326916714037,-0.1482292857992833,-0.12296996338010098,0.09263075257175206,0.02313302321270807,-0.008431530244752898,-0.039768111103099996,-0.05816090055260583,-0.023487699131707573,-0.016179347188425074,-0.053592719399028974,-0.018828211620055532,6.717,119.0,5.0,324.0,0.08571428571428572,19.0,4.0,0.0,3.0,1.0,9.0,10.0,17.0,1.1462285714285714,1.0,1.0,0.0,1.0,78968.0,5000.0,0.7285714285714285,0,7.0,277.0,65658
8439629,2024-12-07 06:06:50+00:00,1,"[1, 0, 1, 1, 1, 1, 0, 1, 0, 1, 0, 1, 1, 1, 1, 1, 1, 1, 1, 0, 1, 0, 0, 1, 1, 1, 1, 1, 1, 1, 1, 1, 1, 1, 1, 1]","[0, 0, 0, 1, 1, 1, 1, 1, 1, 1, 1, 1, 1, 1, 1, 1, 1, 1, 1, 1, 1]",29048.0,498.0,0.3036545030834848,-0.6114337137678488,-0.054488959167710314,-0.23295731524514138,-0.05738860713727523,-0.07412946629464255,-0.16547143701628758,-0.03231283449775203,-0.04317344340611509,0.0778669440877906,0.035324081286162975,-0.09236929204096728,-0.026172253256940618,-0.10985411191684905,-0.03481326916714037,-0.1482292857992833,-0.12296996338010098,0.09263075257175206,0.02313302321270807,-0.008431530244752898,-0.039768111103099996,0.15904631144217646,-0.023487699131707573,-0.016179347188425074,-0.053592719399028974,-0.018828211620055532,6.717,0.0,5.0,284.0,0.051587301587301584,162.0,2.0,0.8055555555555556,1.0,25.0,99.0,2.0,15.0,1.3386175115207373,1.0,16.0,0.0,1.0,78968.0,5150.0,0.974025974025974,0,20.0,185.0,79227
8465932,2024-12-06 03:15:20+00:00,1,,,8876.0,16317.0,0.3036939392845768,-0.6114337137678488,-0.054488959167710314,0.2259612567881653,-0.06670879924340213,-0.07412946629464255,0.1880244731129659,-0.03231283449775203,-0.04317344340611509,-0.4142474070967134,-0.07791647071836902,-0.0069440649306055586,-0.026172253256940618,0.021081495765742912,-0.03481326916714037,-0.1482292857992833,0.06852539126647902,-0.3012493410357806,-0.08168565936984104,-0.008431530244752898,0.08965056778496559,-0.05816090055260583,0.04284707524103316,-0.016179347188425074,-0.053592719399028974,-0.03707202918461854,6.717,0.0,1.0,600.0,0.0,2.0,0.0,0.0,5.0,3.0,1.0,10.0,9.0,1.1954208754208755,1.0,0.0,1.0,329.0,78968.0,1774.0,0.0,1,0.0,3.0,133987
8470299,2024-12-07 22:39:34+00:00,1,,,8631.0,16317.0,0.3055885640746648,-0.6114337137678488,-0.054488959167710314,0.2259612567881653,-0.06670879924340213,-0.07412946629464255,-0.16547143701628758,-0.03231283449775203,-0.04317344340611509,-0.4142474070967134,0.035324081286162975,-0.09236929204096728,-0.026172253256940618,0.20995636990242048,-0.03481326916714037,-0.1482292857992833,-0.12296996338010098,0.09263075257175206,0.02313302321270807,-0.008431530244752898,-0.009607996814591997,-0.05816090055260583,-0.023487699131707573,-0.016179347188425074,-0.053592719399028974,-0.018828211620055532,6.717,0.0,1.0,351.0,0.0,162.0,0.0,0.0,4.0,24.0,99.0,10.0,5.0,1.2113684210526316,1.0,16.0,0.0,1.0,78968.0,3600.0,0.0,0,11.0,247.0,82999
8439168,2024-12-03 06:24:49+00:00,1,[1],[],37982.0,757.0,0.3057797962007483,-0.6114337137678488,-0.054488959167710314,-0.5083517388880758,-0.06670879924340213,0.22755275636556374,-0.16547143701628758,-0.03231283449775203,0.1740873916033103,0.0778669440877906,-0.07791647071836902,-0.0069440649306055586,0.13238330771477913,-0.3292197513569699,-0.03481326916714037,0.13611650753568505,-0.12296996338010098,0.09263075257175206,0.02313302321270807,-0.008431530244752898,-0.039768111103099996,-0.05816090055260583,0.04284707524103316,-0.016179347188425074,-0.053592719399028974,0.008044419973869708,6.717,0.0,6.0,332.0,1.0,18.0,2.0,1.0,0.0,4.0,1.0,1.0,29.0,1.389297340795201,0.0,2.0,0.0,17.0,19953.0,8240.0,0.0,1,1.0,205.0,46991
8464329,2024-12-05 07:11:14+00:00,1,,,17009.0,16317.0,0.3058066077434918,-0.6114337137678488,-0.054488959167710314,-0.5083517388880758,-0.06670879924340213,-0.07412946629464255,0.01584713069282676,-0.03231283449775203,-0.04317344340611509,0.0778669440877906,-0.09921592132150975,-0.0069440649306055586,-0.026172253256940618,-0.46958011525157795,0.28748156146469017,0.13611650753568505,0.06852539126647902,0.09263075257175206,-0.08168565936984104,-0.008431530244752898,-0.039768111103099996,-0.05816090055260583,-0.023487699131707573,-0.016179347188425074,-0.053592719399028974,-0.03707202918461854,6.717,0.0,35.0,600.0,0.0,5.0,0.0,0.0,0.0,0.0,1.0,10.0,383.0,0.933278463648834,0.0,0.0,0.0,329.0,78968.0,6000.0,0.0,0,0.0,0.0,143365
8466550,2024-12-06 06:30:14+00:00,1,,"[0, 0, 0, 0, 0, 0, 0, 0, 0, 0, 0, 0, 0, 0, 0, 0, 0, 1, 1, 1, 1, 1, 1, 1, 1, 1, 1, 1, 1, 1, 1, 1, 1, 1]",17465.0,16317.0,0.3064155915759996,-0.6114337137678488,-0.054488959167710314,0.004753338369163321,-0.05738860713727523,-0.07412946629464255,-0.16547143701628758,-0.03231283449775203,-0.04317344340611509,-0.4142474070967134,-0.07791647071836902,-0.09236929204096728,-0.026172253256940618,0.14199482941539582,0.16413019796925432,-0.1482292857992833,-0.12296996338010098,0.09263075257175206,0.02313302321270807,-0.008431530244752898,-0.009607996814591997,-0.05816090055260583,-0.023487699131707573,-0.016179347188425074,-0.053592719399028974,-0.018828211620055532,6.717,0.0,2.0,287.0,0.029411764705882353,162.0,0.0,0.0,4.0,2.0,99.0,9.0,7.0,1.1134132347316077,1.0,16.0,0.0,1.0,882.0,3991.0,0.7428571428571429,0,16.0,182.0,65771
8470841,2024-12-08 00:24:05+00:00,0,"[0, 1, 0, 0, 0, 0, 0, 0, 1, 1, 1]",[1],20801.0,688.0,0.3066732628317393,-0.6114337137678488,-0.054488959167710314,-0.5083517388880758,-0.06670879924340213,-0.05564041606933876,-0.16547143701628758,-0.03231283449775203,-0.04317344340611509,0.0778669440877906,-0.06544171956609646,-0.0069440649306055586,-0.026172253256940618,-0.46958011525157795,-0.03481326916714037,0.13611650753568505,0.06852539126647902,0.09263075257175206,0.02313302321270807,-0.008431530244752898,-0.009607996814591997,0.15904631144217646,0.04284707524103316,-0.016179347188425074,0.04095250473658998,-0.018828211620055532,6.717,0.0,9.0,338.0,0.4713068181818182,46.0,1.0,0.36363636363636365,0.0,13.0,1.0,8.0,35.0,1.2253902798232694,0.0,0.0,0.0,1.0,1139.0,4342.0,1.0,1,19.0,357.0,94045
8460155,2024-12-04 00:12:55+00:00,1,,"[0, 0, 0, 0, 0, 0, 0, 0, 0, 0, 0, 0, 0, 0, 0, 0, 0, 1, 1, 1, 1, 0, 0, 1, 1, 1, 1, 1, 1, 1, 1]",40145.0,16317.0,0.3091055611283164,-0.6114337137678488,-0.054488959167710314,-0.5083517388880758,-0.06670879924340213,-0.07412946629464255,-0.16547143701628758,-0.03231283449775203,-0.04317344340611509,0.0778669440877906,-0.07791647071836902,0.07090034106747711,-0.026172253256940618,-0.46958011525157795,0.28748156146469017,0.13611650753568505,0.06852539126647902,-0.3012493410357806,0.02313302321270807,-0.008431530244752898,-0.039768111103099996,-0.05816090055260583,-0.023487699131707573,-0.016179347188425074,-0.053592719399028974,0.141236061144545,6.717,0.0,7.0,350.0,0.03225806451612903,35.0,3.0,0.0,0.0,3.0,0.0,9.0,69.0,0.7716482460355598,0.0,0.0,1.0,1.0,3102.0,5163.0,0.6008064516129032,0,16.0,284.0,19226
8465439,2024-12-06 01:22:52+00:00,1,,,24922.0,16317.0,0.309534491873347,-0.6114337137678488,-0.054488959167710314,0.004753338369163321,-0.06670879924340213,-0.07412946629464255,-0.14267212177429597,-0.03231283449775203,-0.04317344340611509,0.0778669440877906,-0.07791647071836902,-0.09236929204096728,-0.026172253256940618,0.021081495765742912,0.16413019796925432,-0.1482292857992833,-0.12296996338010098,-0.3012493410357806,-0.08168565936984104,-0.008431530244752898,-0.009607996814591997,-0.05816090055260583,-0.023487699131707573,-0.016179347188425074,-0.053592719399028974,-0.018828211620055532,6.717,0.0,2.0,568.0,0.0,10.0,2.0,0.0,0.0,2.0,4.0,10.0,10.0,1.1226126126126126,1.0,2.0,1.0,329.0,78968.0,3600.0,0.0,0,8.0,179.0,71157
8469885,2024-12-07 07:47:38+00:00,1,"[1, 1, 0, 0, 0, 1, 1, 1, 1, 0, 1, 1, 1, 1]","[0, 0, 0, 0, 0, 0, 0, 0, 0, 0, 0, 0, 0, 0, 0, 1, 1, 1, 1, 1, 1, 1, 1, 1, 1, 1, 1, 1, 1, 1, 1, 1, 1, 1, 1]",20348.0,425.0,0.30955695342214,-0.6114337137678488,-0.054488959167710314,-0.23295731524514138,0.11939328962621384,-0.07412946629464255,0.14385053025774988,-0.03231283449775203,-0.04317344340611509,0.0778669440877906,-0.09921592132150975,0.07090034106747711,-0.026172253256940618,-0.3292197513569699,-0.03481326916714037,0.13611650753568505,0.06852539126647902,-0.3012493410357806,0.02313302321270807,-0.008431530244752898,-0.039768111103099996,-0.05484988672575293,-0.023487699131707573,-0.016179347188425074,-0.053592719399028974,-0.018828211620055532,6.717,0.0,5.0,192.0,0.12142857142857143,3.0,3.0,0.7142857142857143,0.0,1.0,0.0,9.0,28.0,1.4399547095039276,0.0,0.0,1.0,1.0,78968.0,5000.0,0.8095238095238095,0,21.0,162.0,86066
8465016,2024-12-05 23:49:58+00:00,1,"[1, 1, 1, 1, 1, 1, 1, 1, 1, 1, 1]","[0, 0, 0, 0, 0, 0, 0, 0, 0, 1, 1]",32418.0,475.0,0.3096528455078685,-0.6114337137678488,-0.054488959167710314,-0.23295731524514138,0.11939328962621384,-0.05564041606933876,-0.16547143701628758,-0.03231283449775203,0.1740873916033103,0.0778669440877906,-0.07791647071836902,-0.09236929204096728,-0.026172253256940618,-0.15334582495827825,-0.03481326916714037,-0.1482292857992833,-0.12296996338010098,-0.3012493410357806,-0.08168565936984104,-0.008431530244752898,-0.039768111103099996,-0.05816090055260583,-0.023487699131707573,-0.016179347188425074,-0.053592719399028974,0.141236061144545,6.717,0.0,4.0,175.0,0.5454545454545454,16.0,0.0,1.0,0.0,4.0,2.0,9.0,19.0,1.3092891760904686,1.0,1.0,1.0,329.0,78968.0,5000.0,0.3181818181818182,0,12.0,112.0,5
8465699,2024-12-06 02:26:48+00:00,1,,"[0, 0, 0, 0, 0, 0, 0, 0, 0, 0, 0, 0, 0, 0, 0, 0, 0, 0, 0, 0, 0, 0, 0, 0, 0, 0, 0, 0, 0, 0, 0, 0, 0, 0, 0, 0, 0, 0, 0, 0, 0, 0, 0, 0, 0, 0, 0, 0, 0, 0, 0, 0, 0, 0, 0, 0, 0, 0, 0, 0, 0, 0, 0, 0, 0, 1, 1]",18041.0,16317.0,0.3102282107041525,-0.6114337137678488,-0.054488959167710314,-0.23295731524514138,-0.06670879924340213,-0.07412946629464255,0.01584713069282676,-0.03231283449775203,-0.04317344340611509,0.0778669440877906,-0.07791647071836902,-0.09236929204096728,-0.026172253256940618,0.08251752792097579,-0.03481326916714037,0.13611650753568505,-0.12296996338010098,-0.3012493410357806,0.02313302321270807,-0.008431530244752898,-0.039768111103099996,-0.05816090055260583,-0.023487699131707573,-0.016179347188425074,0.2103895073799279,-0.018828211620055532,6.717,0.0,4.0,324.0,0.014925373134328358,6.0,1.0,0.0,1.0,2.0,2.0,10.0,8.0,1.3168613138686132,0.0,1.0,1.0,1.0,78968.0,5364.0,0.058384547848990345,0,2.0,427.0,79740
8433638,2024-12-05 23:25:02+00:00,1,,"[0, 0, 1, 1]",20119.0,16317.0,0.3115161069603325,-0.6114337137678488,-0.054488959167710314,-0.23295731524514138,-0.06670879924340213,-0.05564041606933876,-0.16547143701628758,0.030500288512228284,-0.04317344340611509,0.0778669440877906,-0.07791647071836902,0.07090034106747711,-0.026172253256940618,-0.15334582495827825,-0.03481326916714037,-0.1482292857992833,0.06852539126647902,0.09263075257175206,-0.08168565936984104,-0.008431530244752898,-0.009607996814591997,-0.05816090055260583,-0.023487699131707573,-0.016179347188425074,-0.053592719399028974,-0.0035377154089891926,6.717,0.0,5.0,350.0,0.425438596491228,28.0,11.0,0.0,1.0,2.0,0.0,10.0,18.0,1.1372449267989373,1.0,0.0,0.0,104.0,78968.0,3938.0,0.7,0,1.0,118.0,55676
8460480,2024-12-04 01:27:38+00:00,1,"[0, 0, 0, 1, 1, 1, 0, 1, 1, 1, 1, 1]","[0, 0, 1, 1, 1, 1, 1, 1, 1, 1, 1, 1, 1]",19640.0,16317.0,0.3125650614123445,-0.6114337137678488,-0.054488959167710314,-0.23295731524514138,-0.06670879924340213,-0.07412946629464255,-0.16547143701628758,-0.03231283449775203,-0.04317344340611509,0.0778669440877906,-0.07791647071836902,-0.09236929204096728,-0.026172253256940618,-0.46958011525157795,-0.03481326916714037,-0.1482292857992833,0.06852539126647902,0.09263075257175206,0.02313302321270807,-0.008431530244752898,-0.009607996814591997,0.15904631144217646,-0.023487699131707573,-0.016179347188425074,-0.053592719399028974,0.008044419973869708,6.717,0.0,5.0,315.0,0.1861263736263736,20.0,2.0,0.6666666666666666,1.0,11.0,2.0,9.0,39.0,1.197560975609756,1.0,0.0,0.0,1.0,78968.0,4400.0,0.967032967032967,0,7.0,199.0,34600
8468535,2024-12-07 02:50:13+00:00,1,"[0, 0, 0, 0, 1, 1, 1, 1, 1]",,19027.0,434.0,0.31344337592228494,-0.6114337137678488,-0.054488959167710314,-0.5083517388880758,-0.06670879924340213,-0.07412946629464255,-0.16547143701628758,-0.03231283449775203,-0.04317344340611509,0.0778669440877906,-0.07791647071836902,-0.09236929204096728,-0.026172253256940618,-0.46958011525157795,0.16413019796925432,0.13611650753568505,0.06852539126647902,0.09263075257175206,-0.08168565936984104,0.12181209640599021,-0.009607996814591997,-0.05816090055260583,-0.023487699131707573,-0.016179347188425074,-0.053592719399028974,-0.018828211620055532,6.717,0.0,6.0,314.0,0.1111111111111111,31.0,1.0,0.5555555555555556,0.0,10.0,2.0,3.0,86.0,1.0826173541963016,0.0,0.0,0.0,329.0,229.0,3507.0,0.0,0,18.0,23.0,80209
8466371,2024-12-06 04:50:08+00:00,1,"[0, 0, 0, 0, 0, 1, 1, 1, 1, 1, 1, 1, 1, 1, 1, 1, 1, 1, 1, 1]",,45000.0,528.0,0.3141820757606117,-0.6114337137678488,-0.054488959167710314,-0.23295731524514138,0.11939328962621384,-0.07412946629464255,-0.16547143701628758,-0.03231283449775203,-0.04317344340611509,0.0778669440877906,-0.07791647071836902,-0.0069440649306055586,-0.026172253256940618,-0.3292197513569699,-0.03481326916714037,-0.1482292857992833,0.06852539126647902,-0.3012493410357806,0.02313302321270807,-0.008431530244752898,-0.009607996814591997,-0.05816090055260583,-0.023487699131707573,-0.016179347188425074,-0.053592719399028974,0.141236061144545,6.717,0.0,4.0,186.0,0.05,16.0,1.0,0.75,0.0,8.0,1.0,4.0,29.0,1.6,1.0,0.0,1.0,17.0,458.0,3631.0,0.0,0,14.0,232.0,0
8435510,2024-12-05 03:27:23+00:00,0,[1],"[0, 0, 0, 1, 0, 0, 1, 1, 1, 1, 1, 1, 1, 0, 0, 0, 0, 0, 1, 0, 1, 1, 1, 1, 1]",24694.0,718.0,0.31426952075329295,-0.6114337137678488,-0.054488959167710314,0.004753338369163321,-0.05738860713727523,-0.05564041606933876,-0.14267212177429597,-0.03231283449775203,0.1740873916033103,-0.4142474070967134,-0.07791647071836902,-0.09236929204096728,0.13238330771477913,0.14199482941539582,-0.03481326916714037,-0.1482292857992833,0.06852539126647902,-0.3012493410357806,-0.08168565936984104,-0.008431530244752898,-0.009607996814591997,-0.05816090055260583,0.04284707524103316,-0.016179347188425074,-0.053592719399028974,-0.0035377154089891926,6.717,0.0,2.0,276.0,0.52,9.0,0.0,1.0,5.0,3.0,2.0,1.0,6.0,1.1407058388765705,1.0,0.0,1.0,329.0,17973.0,4254.0,0.64,1,5.0,266.0,53998
8470827,2024-12-08 00:22:00+00:00,1,"[1, 1, 1, 1, 1, 1, 1, 1, 1, 1, 1, 1, 1, 1, 1]","[0, 0, 0, 0, 0, 0, 0, 0, 0, 0, 0, 0, 0, 0, 0, 0, 0, 0, 1, 1, 1, 0, 1, 1, 1]",15445.0,16317.0,0.3144940910094792,-0.6114337137678488,-0.054488959167710314,-0.5083517388880758,-0.06670879924340213,0.17561735485816402,-0.16547143701628758,-0.03231283449775203,0.1740873916033103,-0.048236128980226715,0.08779149858909129,0.07090034106747711,-0.026172253256940618,-0.3292197513569699,-0.03481326916714037,-0.1482292857992833,0.06852539126647902,-0.3012493410357806,0.02313302321270807,-0.008431530244752898,-0.009607996814591997,-0.05816090055260583,-0.023487699131707573,-0.016179347188425074,-0.053592719399028974,-0.018828211620055532,6.717,0.0,6.0,362.0,0.68,14.0,1.0,1.0,3.0,27.0,0.0,9.0,27.0,1.6387267904509284,1.0,0.0,1.0,1.0,78968.0,3650.0,0.40615384615384614,0,14.0,89.0,60100
8438716,2024-12-03 04:55:11+00:00,1,,"[0, 0, 0, 0, 0, 0, 0, 0, 0, 0, 0, 0, 0, 0, 0, 0, 0, 0, 0, 0, 0, 0, 0, 0, 0, 0, 0, 0, 0, 0, 0, 0, 0, 0, 0, 0, 0, 0, 0, 0, 0, 0, 0, 1, 1, 1, 1, 0, 1, 0, 1]",13468.0,16317.0,0.3146569912142762,-0.6114337137678488,-0.054488959167710314,0.2259612567881653,-0.06670879924340213,-0.07412946629464255,-0.16547143701628758,-0.03231283449775203,-0.04317344340611509,-0.048236128980226715,-0.06544171956609646,-0.09236929204096728,-0.026172253256940618,0.08251752792097579,-0.03481326916714037,-0.1482292857992833,-0.12296996338010098,-0.3012493410357806,0.02313302321270807,-0.008431530244752898,-0.009607996814591997,-0.05816090055260583,-0.023487699131707573,-0.016179347188425074,0.015592503790590144,-0.018828211620055532,6.717,0.0,1.0,309.0,0.0196078431372549,162.0,1.0,0.0,2.0,18.0,99.0,10.0,8.0,1.157342957806995,1.0,16.0,1.0,1.0,439.0,4250.0,0.21266968325791855,0,0.0,341.0,66335
8438007,2024-12-03 02:31:32+00:00,1,"[0, 0, 0, 0, 0, 0, 0, 1, 1, 1, 1, 0, 0, 0, 0, 0, 1, 1, 1, 0, 0, 0, 0, 1, 1, 1, 1, 1, 0, 0, 0, 0, 1, 0, 1, 1, 1, 0, 1, 1, 1, 1, 1, 1, 1, 1, 1, 1, 1, 0, 1, 1, 1, 1, 1, 1, 1, 1, 1, 1, 1, 1, 1, 1, 1, 1, 1, 1, 1, 1, 1, 1, 1]","[1, 1, 1, 1, 1, 1, 1, 1, 0, 1, 1, 1, 1, 0, 1, 1, 1, 1, 1, 1, 1, 0, 1, 1, 1, 1, 1, 1, 0, 1, 1, 1, 0, 1, 1, 1, 1, 1, 1]",35477.0,552.0,0.31500350898816665,-0.6114337137678488,-0.054488959167710314,-0.23295731524514138,-0.05738860713727523,-0.05564041606933876,-0.16547143701628758,-0.03231283449775203,-0.04317344340611509,0.0778669440877906,-0.07791647071836902,-0.09236929204096728,0.13238330771477913,-0.46958011525157795,0.28748156146469017,0.13611650753568505,-0.12296996338010098,-0.3012493410357806,0.02313302321270807,-0.008431530244752898,-0.039768111103099996,-0.05484988672575293,-0.023487699131707573,-0.016179347188425074,-0.053592719399028974,0.141236061144545,6.717,0.0,5.0,228.0,0.4148226203020724,38.0,6.0,0.684931506849315,0.0,5.0,2.0,0.0,33.0,0.9282555796854968,0.0,2.0,1.0,1.0,3092.0,8286.099999999991,0.8628205128205129,0,31.0,210.0,4
8463983,2024-12-05 05:33:10+00:00,1,,"[0, 0, 0, 1, 1, 1, 1]",11454.0,16317.0,0.31507979203458947,-0.6114337137678488,-0.054488959167710314,0.004753338369163321,-0.06670879924340213,-0.07412946629464255,-0.14267212177429597,-0.03231283449775203,-0.04317344340611509,0.0778669440877906,-0.07791647071836902,-0.09236929204096728,-0.026172253256940618,-0.10985411191684905,-0.03481326916714037,-0.1482292857992833,-0.12296996338010098,0.09263075257175206,0.02313302321270807,-0.008431530244752898,-0.009607996814591997,-0.05484988672575293,-0.023487699131707573,-0.016179347188425074,-0.053592719399028974,-0.018828211620055532,6.717,0.0,2.0,327.0,0.14285714285714285,12.0,1.0,0.0,0.0,9.0,8.0,10.0,14.0,1.4272897196261682,1.0,1.0,0.0,12.0,78968.0,3500.0,0.7857142857142857,0,13.0,67.0,86850
8438266,2024-12-03 03:26:34+00:00,0,,"[0, 0, 0, 0, 0, 0, 0, 0, 0, 0, 0, 0, 0, 0, 1, 1, 1, 1, 1, 1, 1, 1, 1, 0, 0, 0, 0, 0, 0, 1, 1, 1, 1, 1, 1]",45000.0,16317.0,0.3152099142079158,-0.6114337137678488,-0.054488959167710314,0.004753338369163321,-0.06670879924340213,-0.05564041606933876,-0.16547143701628758,0.030500288512228284,-0.04317344340611509,-0.048236128980226715,-0.07791647071836902,-0.09236929204096728,-0.026172253256940618,-0.2062583476798761,-0.03481326916714037,-0.1482292857992833,-0.12296996338010098,0.09263075257175206,0.02313302321270807,-0.008431530244752898,-0.039768111103099996,-0.05816090055260583,0.04284707524103316,-0.016179347188425074,-0.053592719399028974,0.141236061144545,6.717,0.0,2.0,422.0,0.5105311355311355,42.0,9.0,0.0,3.0,4.0,13.0,10.0,23.0,1.6,1.0,2.0,0.0,1.0,78968.0,6250.0,0.580952380952381,1,13.0,151.0,0
8459825,2024-12-03 22:20:01+00:00,1,,"[0, 0, 0, 0, 0, 1, 1, 1, 1]",18103.0,16317.0,0.31603286797389496,-0.6114337137678488,-0.054488959167710314,0.004753338369163321,-0.05738860713727523,-0.07412946629464255,-0.14267212177429597,-0.03231283449775203,-0.04317344340611509,-0.4142474070967134,-0.07791647071836902,-0.0069440649306055586,-0.026172253256940618,0.14199482941539582,0.16413019796925432,-0.1482292857992833,0.06852539126647902,-0.3012493410357806,-0.08168565936984104,-0.008431530244752898,-0.009607996814591997,-0.05816090055260583,-0.023487699131707573,0.05393564252282038,-0.053592719399028974,-0.018828211620055532,6.717,0.0,2.0,227.0,0.1388888888888889,9.0,4.0,0.0,5.0,2.0,1.0,9.0,6.0,1.0743620178041544,1.0,0.0,1.0,329.0,78968.0,4000.0,0.6666666666666666,0,44.0,109.0,69280
8462749,2024-12-05 00:48:51+00:00,1,,"[0, 1, 1, 1, 1, 1, 1, 1, 1, 1]",29515.0,16317.0,0.3166911805565716,-0.6114337137678488,-0.054488959167710314,0.004753338369163321,-0.06670879924340213,-0.07412946629464255,-0.16547143701628758,-0.03231283449775203,-0.04317344340611509,-0.4142474070967134,-0.07791647071836902,-0.0069440649306055586,-0.026172253256940618,0.021081495765742912,-0.03481326916714037,-0.1482292857992833,0.06852539126647902,-0.3012493410357806,-0.08168565936984104,0.12181209640599021,-0.009607996814591997,0.15904631144217646,-0.023487699131707573,-0.016179347188425074,0.13525803582801485,-0.018828211620055532,6.717,5.0,2.0,327.0,0.11693121693121693,24.0,5.0,0.0,5.0,3.0,1.0,10.0,10.0,1.2388247639034629,1.0,0.0,1.0,329.0,226.0,4165.0,0.9818181818181818,0,20.0,409.0,67394
8459948,2024-12-03 23:14:43+00:00,1,,,25064.0,16317.0,0.31696027480931943,-0.6114337137678488,-0.054488959167710314,-0.5083517388880758,-0.06670879924340213,-0.07412946629464255,-0.16547143701628758,-0.03231283449775203,-0.04317344340611509,0.0778669440877906,-0.09921592132150975,-0.09236929204096728,-0.026172253256940618,-0.46958011525157795,0.28748156146469017,0.13611650753568505,-0.12296996338010098,0.09263075257175206,-0.08168565936984104,-0.008431530244752898,-0.009607996814591997,-0.05816090055260583,0.04284707524103316,-0.016179347188425074,-0.053592719399028974,0.141236061144545,6.717,0.0,35.0,600.0,0.0,162.0,0.0,0.0,0.0,0.0,99.0,10.0,383.0,0.887221238938053,0.0,16.0,0.0,329.0,78968.0,4111.0,0.0,1,0.0,0.0,12
8470841,2024-12-08 00:24:05+00:00,1,,[1],20801.0,16317.0,0.3174756902747271,-0.6114337137678488,-0.054488959167710314,-0.5083517388880758,-0.06670879924340213,-0.05564041606933876,-0.16547143701628758,-0.03231283449775203,-0.04317344340611509,0.0778669440877906,-0.06544171956609646,-0.0069440649306055586,-0.026172253256940618,-0.46958011525157795,-0.03481326916714037,0.13611650753568505,0.06852539126647902,0.09263075257175206,0.02313302321270807,-0.008431530244752898,-0.039768111103099996,0.15904631144217646,0.04284707524103316,-0.016179347188425074,0.04095250473658998,-0.018828211620055532,6.717,0.0,9.0,329.0,0.4697916666666666,37.0,1.0,0.0,0.0,13.0,1.0,8.0,33.0,1.2253902798232694,0.0,0.0,0.0,1.0,1054.0,5000.0,1.0,1,27.0,372.0,94045
8438213,2024-12-03 03:14:17+00:00,1,[1],"[0, 0, 0, 0, 0, 0, 0, 0, 0, 0, 0, 1, 1, 0, 0, 1, 1, 1, 1, 1, 1, 1, 1, 1, 1, 1, 1]",12349.0,764.0,0.31769818774512365,-0.6114337137678488,-0.054488959167710314,-0.23295731524514138,-0.05738860713727523,-0.07412946629464255,-0.16547143701628758,-0.03231283449775203,0.1740873916033103,0.0778669440877906,-0.07791647071836902,-0.09236929204096728,0.13238330771477913,-0.15334582495827825,-0.03481326916714037,-0.1482292857992833,-0.12296996338010098,0.09263075257175206,-0.08168565936984104,-0.008431530244752898,-0.039768111103099996,-0.05484988672575293,0.04284707524103316,-0.016179347188425074,-0.053592719399028974,0.008044419973869708,6.717,0.0,4.0,238.0,0.3601717659688674,15.0,1.0,1.0,0.0,4.0,2.0,1.0,18.0,1.296482939632546,1.0,1.0,0.0,329.0,3531.0,7000.0,0.7486772486772487,1,9.0,265.0,42523
8461848,2024-12-04 07:14:56+00:00,1,,,16040.0,16317.0,0.3198553646461789,-0.6114337137678488,-0.054488959167710314,-0.1165395030712408,-0.06670879924340213,-0.07412946629464255,-0.14267212177429597,-0.03231283449775203,-0.04317344340611509,0.0778669440877906,-0.07791647071836902,-0.0069440649306055586,-0.026172253256940618,-0.10985411191684905,-0.03481326916714037,-0.1482292857992833,0.06852539126647902,0.09263075257175206,-0.08168565936984104,-0.008431530244752898,-0.039768111103099996,-0.05816090055260583,-0.023487699131707573,-0.016179347188425074,-0.053592719399028974,-0.0035377154089891926,6.717,0.0,3.0,600.0,0.0,9.0,0.0,0.0,0.0,2.0,1.0,10.0,14.0,1.2451482689023443,1.0,0.0,0.0,329.0,502.0,5500.0,0.0,0,0.0,255.0,56198
8466683,2024-12-06 06:06:43+00:00,1,,"[0, 0, 0, 0, 1, 1, 1, 1, 1, 1, 1, 1, 1, 1, 1, 1, 1, 1, 1]",21151.0,16317.0,0.3214537096862474,-0.6114337137678488,-0.054488959167710314,-0.1165395030712408,-0.05738860713727523,-0.07412946629464255,-0.16547143701628758,-0.03231283449775203,-0.04317344340611509,-0.4142474070967134,-0.07791647071836902,-0.09236929204096728,-0.026172253256940618,-0.2062583476798761,-0.03481326916714037,-0.1482292857992833,0.06852539126647902,0.09263075257175206,0.02313302321270807,0.12181209640599021,-0.009607996814591997,0.15904631144217646,-0.023487699131707573,-0.016179347188425074,-0.053592719399028974,-0.018828211620055532,6.717,0.0,3.0,294.0,0.05263157894736842,18.0,1.0,0.0,4.0,2.0,4.0,10.0,20.0,1.2000567375886524,1.0,0.0,0.0,3.0,155.0,4277.0,0.9473684210526315,0,4.0,189.0,78158
8469597,2024-12-07 06:23:05+00:00,1,"[0, 0, 0, 0, 1, 1, 1, 1]","[0, 0, 0, 0, 0, 0, 0, 0, 0, 0, 0, 0, 0, 0, 0, 0, 0, 0, 0, 0, 0, 0, 0, 0, 0, 0, 0, 0, 0, 0, 0, 0, 0, 0, 0, 0, 0, 0, 0, 0, 0, 0, 0, 0, 0, 0, 0, 0, 0, 0, 0, 0, 0, 0, 0, 0, 0, 0, 0, 0, 0, 0, 0, 0, 0, 0, 0, 0, 0, 0, 0, 0, 0]",11790.0,619.0,0.321475703288495,-0.6114337137678488,-0.054488959167710314,-0.5083517388880758,-0.06670879924340213,-0.07412946629464255,-0.16547143701628758,-0.03231283449775203,-0.04317344340611509,0.0778669440877906,-0.07791647071836902,-0.0069440649306055586,-0.026172253256940618,-0.3292197513569699,0.28748156146469017,0.13611650753568505,-0.12296996338010098,0.09263075257175206,-0.08168565936984104,-0.008431530244752898,-0.009607996814591997,-0.05816090055260583,-0.023487699131707573,-0.016179347188425074,-0.053592719399028974,-0.018828211620055532,6.717,0.0,6.0,323.0,0.06934931506849315,19.0,0.0,0.5,0.0,10.0,1.0,9.0,24.0,0.8864661654135338,0.0,1.0,0.0,119.0,4215.0,4340.0,0.0,0,4.0,287.0,73541
8437347,2024-12-02 23:58:59+00:00,0,,,19902.0,16317.0,0.3219787578200929,-0.6114337137678488,-0.054488959167710314,0.004753338369163321,-0.05738860713727523,-0.07412946629464255,-0.14267212177429597,-0.03231283449775203,-0.04317344340611509,0.0778669440877906,-0.07791647071836902,-0.0069440649306055586,-0.026172253256940618,0.021081495765742912,-0.03481326916714037,-0.1482292857992833,-0.12296996338010098,-0.3012493410357806,-0.08168565936984104,-0.008431530244752898,0.04544625733308562,-0.05816090055260583,0.04284707524103316,-0.016179347188425074,0.006896750883670848,-0.018828211620055532,6.717,0.0,2.0,284.0,0.0,9.0,0.0,0.0,0.0,5.0,1.0,10.0,10.0,1.1953153153153153,1.0,1.0,1.0,329.0,1159.0,2982.0,0.0,1,4.0,295.0,72840
8470493,2024-12-07 23:22:29+00:00,1,"[0, 0, 0, 0, 1, 1, 1, 1]","[0, 0, 0, 0, 0, 0, 1, 1, 1, 1, 1, 1, 1, 1, 1, 1]",24783.0,16317.0,0.32226412043947167,-0.6114337137678488,-0.054488959167710314,0.004753338369163321,-0.05738860713727523,-0.05564041606933876,-0.16547143701628758,-0.03231283449775203,-0.04317344340611509,-0.048236128980226715,-0.07791647071836902,-0.09236929204096728,-0.026172253256940618,-0.2062583476798761,0.16413019796925432,-0.1482292857992833,-0.12296996338010098,-0.3012493410357806,0.02313302321270807,-0.008431530244752898,-0.039768111103099996,-0.05484988672575293,-0.023487699131707573,-0.016179347188425074,-0.053592719399028974,0.141236061144545,6.717,0.0,2.0,241.0,0.4708333333333333,21.0,3.0,0.5,3.0,2.0,4.0,9.0,23.0,1.0666236281471917,1.0,2.0,1.0,1.0,78968.0,6560.0,0.8455882352941176,0,13.0,278.0,4
8462143,2024-12-04 20:36:23+00:00,1,,"[0, 0, 1, 1, 1, 1, 1, 1, 1, 1, 1, 1, 1]",16654.0,16317.0,0.32270830634734193,-0.6114337137678488,-0.054488959167710314,-0.5083517388880758,0.11939328962621384,-0.07412946629464255,-0.16547143701628758,-0.03231283449775203,-0.04317344340611509,-0.4142474070967134,-0.07791647071836902,-0.09236929204096728,-0.026172253256940618,-0.3292197513569699,0.28748156146469017,-0.1482292857992833,-0.12296996338010098,0.09263075257175206,0.02313302321270807,-0.008431530244752898,-0.009607996814591997,0.15904631144217646,-0.023487699131707573,-0.016179347188425074,-0.053592719399028974,-0.018828211620055532,6.717,0.0,10.0,209.0,0.07417582417582418,30.0,1.0,0.0,4.0,7.0,3.0,3.0,32.0,0.9796470588235294,1.0,1.0,0.0,1.0,78968.0,3712.0,0.967032967032967,0,12.0,151.0,85000
8468966,2024-12-07 04:13:10+00:00,1,,,13311.0,16317.0,0.32290446930756184,-0.6114337137678488,-0.054488959167710314,-0.5083517388880758,-0.06670879924340213,-0.07412946629464255,0.14385053025774988,-0.03231283449775203,-0.04317344340611509,0.0778669440877906,-0.09921592132150975,0.07090034106747711,-0.026172253256940618,-0.15334582495827825,-0.03481326916714037,-0.1482292857992833,0.06852539126647902,0.09263075257175206,-0.08168565936984104,-0.008431530244752898,-0.009607996814591997,-0.05816090055260583,-0.023487699131707573,-0.016179347188425074,0.13525803582801485,-0.018828211620055532,6.717,0.0,7.0,600.0,0.0,4.0,0.0,0.0,0.0,0.0,0.0,10.0,19.0,1.1858351893095769,1.0,0.0,0.0,329.0,392.0,4000.0,0.0,0,0.0,394.0,73481
8438555,2024-12-03 04:24:41+00:00,1,"[1, 1, 1, 1, 0, 0, 1, 0, 0, 1, 1, 0, 0, 1, 1, 1, 1, 1, 1, 1, 1, 1, 1, 1, 1, 1, 1, 1, 1, 1, 1, 1, 1, 1, 1]","[0, 0, 0, 0, 0, 0, 1, 0, 0, 0, 1, 1, 0, 0, 1, 1, 1, 1, 1]",24020.0,438.0,0.32305198889709613,-0.6114337137678488,-0.054488959167710314,-0.1165395030712408,-0.05738860713727523,-0.07412946629464255,-0.16547143701628758,-0.03231283449775203,-0.04317344340611509,0.0778669440877906,-0.06544171956609646,0.07090034106747711,-0.026172253256940618,-0.15334582495827825,-0.03481326916714037,0.13611650753568505,0.06852539126647902,-0.3012493410357806,0.02313302321270807,-0.008431530244752898,-0.039768111103099996,-0.05816090055260583,-0.023487699131707573,-0.016179347188425074,-0.053592719399028974,-0.018828211620055532,6.717,0.0,3.0,216.0,0.09774436090225563,21.0,1.0,0.8285714285714286,0.0,18.0,0.0,9.0,19.0,1.1356973995271868,0.0,0.0,1.0,1.0,4430.0,4800.0,0.6052631578947368,0,15.0,230.0,68677
8470186,2024-12-08 02:04:21+00:00,1,,,29050.0,16317.0,0.32336504285074263,-0.6114337137678488,-0.054488959167710314,-0.5083517388880758,-0.05738860713727523,-0.07412946629464255,-0.16547143701628758,0.030500288512228284,-0.04317344340611509,-0.4142474070967134,0.2659552272166623,-0.09236929204096728,-0.026172253256940618,0.47334886807418025,0.16413019796925432,-0.1482292857992833,-0.12296996338010098,-0.3012493410357806,-0.08168565936984104,-0.008431530244752898,-0.039768111103099996,-0.05816090055260583,-0.023487699131707573,-0.016179347188425074,-0.053592719399028974,0.008044419973869708,6.717,0.0,35.0,300.0,0.0,162.0,8.0,0.0,5.0,38.0,99.0,10.0,0.0,1.1194605009633911,1.0,16.0,1.0,329.0,2864.0,7292.0,0.0,0,0.0,194.0,26881
8467969,2024-12-07 00:54:25+00:00,1,,,29608.0,16317.0,0.3237343520681987,-0.6114337137678488,-0.054488959167710314,-0.5083517388880758,-0.06670879924340213,-0.07412946629464255,-0.16547143701628758,-0.03231283449775203,-0.04317344340611509,0.0778669440877906,-0.09921592132150975,-0.09236929204096728,-0.026172253256940618,-0.46958011525157795,0.28748156146469017,0.13611650753568505,-0.12296996338010098,0.09263075257175206,0.02313302321270807,-0.008431530244752898,-0.039768111103099996,-0.05816090055260583,0.04284707524103316,-0.016179347188425074,-0.053592719399028974,0.008044419973869708,6.717,0.0,35.0,600.0,0.0,162.0,0.0,0.0,1.0,0.0,99.0,10.0,383.0,0.8399432624113475,0.0,16.0,0.0,1.0,78968.0,8286.099999999991,0.0,1,0.0,0.0,28399
8460501,2024-12-04 01:31:57+00:00,1,,[],45000.0,16317.0,0.32426392599919873,-0.6114337137678488,-0.054488959167710314,-0.23295731524514138,-0.05738860713727523,-0.07412946629464255,-0.14267212177429597,-0.03231283449775203,-0.04317344340611509,0.0778669440877906,-0.07791647071836902,0.07090034106747711,-0.026172253256940618,-0.2062583476798761,-0.03481326916714037,-0.1482292857992833,0.06852539126647902,0.09263075257175206,-0.08168565936984104,-0.008431530244752898,-0.039768111103099996,-0.05816090055260583,-0.023487699131707573,-0.016179347188425074,-0.053592719399028974,0.141236061144545,6.717,0.0,5.0,226.0,0.22196969696969696,10.0,4.0,0.0,1.0,4.0,0.0,8.0,22.0,1.6,1.0,0.0,0.0,329.0,787.0,5400.0,0.0,0,18.0,208.0,0
8460612,2024-12-04 01:58:27+00:00,1,,"[0, 0, 0, 0, 0, 0, 0, 0, 0, 0, 0, 0, 0, 0, 0, 0, 0, 0, 0, 0, 0, 0, 0, 0, 0, 0, 0, 0, 0, 0, 1, 1]",17737.0,16317.0,0.32427084035420883,-0.6114337137678488,-0.054488959167710314,-0.5083517388880758,-0.05738860713727523,-0.07412946629464255,-0.16547143701628758,-0.03231283449775203,-0.04317344340611509,-0.048236128980226715,-0.07791647071836902,-0.0069440649306055586,-0.026172253256940618,-0.46958011525157795,0.28748156146469017,-0.1482292857992833,0.06852539126647902,0.09263075257175206,-0.08168565936984104,-0.008431530244752898,-0.009607996814591997,-0.05816090055260583,0.04284707524103316,-0.016179347188425074,-0.053592719399028974,0.008044419973869708,6.717,0.0,7.0,254.0,0.03125,20.0,0.0,0.0,3.0,11.0,1.0,9.0,46.0,0.9732235939643347,1.0,0.0,0.0,329.0,8853.0,3569.0,0.11931818181818182,1,13.0,168.0,35789
8466463,2024-12-06 05:14:51+00:00,1,,,19650.0,16317.0,0.3243935694223633,-0.6114337137678488,-0.054488959167710314,-0.5083517388880758,-0.06670879924340213,-0.07412946629464255,-0.16547143701628758,-0.03231283449775203,-0.04317344340611509,-0.048236128980226715,-0.09921592132150975,-0.09236929204096728,-0.026172253256940618,0.47334886807418025,-0.03481326916714037,-0.1482292857992833,-0.12296996338010098,0.09263075257175206,0.02313302321270807,-0.008431530244752898,-0.009607996814591997,-0.05816090055260583,0.04284707524103316,-0.016179347188425074,-0.053592719399028974,-0.0035377154089891926,6.717,0.0,35.0,600.0,0.0,162.0,0.0,0.0,3.0,0.0,99.0,10.0,0.0,1.2,1.0,16.0,0.0,1.0,78968.0,4137.0,0.0,1,0.0,0.0,54187
8426721,2024-12-07 01:34:45+00:00,1,,,31567.0,16317.0,0.324914946031494,-0.6114337137678488,-0.054488959167710314,0.004753338369163321,-0.06670879924340213,-0.07412946629464255,-0.14267212177429597,-0.03231283449775203,-0.04317344340611509,-0.4142474070967134,-0.07791647071836902,-0.0069440649306055586,-0.026172253256940618,0.14199482941539582,0.28748156146469017,-0.1482292857992833,-0.12296996338010098,-0.3012493410357806,-0.08168565936984104,-0.008431530244752898,-0.039768111103099996,-0.05816090055260583,-0.023487699131707573,-0.016179347188425074,-0.053592719399028974,0.141236061144545,6.717,0.0,2.0,349.0,0.0,9.0,6.0,0.0,5.0,6.0,1.0,10.0,7.0,0.8801617175519308,1.0,1.0,1.0,329.0,78968.0,4999.0,0.0,0,0.0,204.0,5
8465406,2024-12-06 01:13:41+00:00,1,"[0, 1, 1, 1, 1, 1, 1, 1, 1]","[0, 0, 0, 0, 0, 0, 0, 0, 0, 1, 1, 1, 1, 1, 1, 1, 1, 0, 0, 0, 0, 0, 1, 1, 1, 1, 0, 0, 1, 1, 1]",16400.0,16317.0,0.325390459772792,-0.6114337137678488,-0.054488959167710314,-0.23295731524514138,-0.05738860713727523,-0.07412946629464255,-0.14267212177429597,-0.03231283449775203,-0.04317344340611509,0.0778669440877906,-0.07791647071836902,-0.0069440649306055586,-0.026172253256940618,-0.3292197513569699,-0.03481326916714037,-0.1482292857992833,0.06852539126647902,0.09263075257175206,0.02313302321270807,-0.008431530244752898,-0.009607996814591997,-0.05816090055260583,-0.023487699131707573,-0.016179347188425074,-0.053592719399028974,-0.0035377154089891926,6.717,0.0,5.0,226.0,0.07168458781362007,12.0,5.0,0.8888888888888888,1.0,3.0,1.0,10.0,26.0,1.2148148148148148,1.0,0.0,0.0,1.0,78968.0,3500.0,0.5967741935483871,0,14.0,72.0,54000
8469950,2024-12-07 08:16:22+00:00,1,,,28857.0,16317.0,0.325535428080054,-0.6114337137678488,-0.054488959167710314,0.004753338369163321,-0.06670879924340213,-0.07412946629464255,0.14385053025774988,-0.03231283449775203,-0.04317344340611509,-0.4142474070967134,-0.07791647071836902,-0.0069440649306055586,-0.026172253256940618,0.021081495765742912,-0.03481326916714037,0.13611650753568505,-0.12296996338010098,0.09263075257175206,0.02313302321270807,-0.008431530244752898,-0.039768111103099996,-0.05816090055260583,-0.023487699131707573,-0.016179347188425074,-0.053592719399028974,0.141236061144545,6.717,0.0,2.0,440.0,0.0,3.0,2.0,0.0,4.0,6.0,1.0,10.0,11.0,1.139466929911155,0.0,4.0,0.0,1.0,765.0,6500.0,0.0,0,2.0,216.0,18846
8466936,2024-12-06 07:15:31+00:00,1,,,27826.0,16317.0,0.32571593500004953,-0.6114337137678488,-0.054488959167710314,-0.23295731524514138,-0.05738860713727523,-0.07412946629464255,-0.16547143701628758,-0.03231283449775203,-0.04317344340611509,0.0778669440877906,0.08779149858909129,-0.09236929204096728,-0.026172253256940618,-0.46958011525157795,0.28748156146469017,-0.1482292857992833,-0.12296996338010098,-0.3012493410357806,-0.08168565936984104,-0.008431530244752898,-0.039768111103099996,-0.05816090055260583,-0.023487699131707573,-0.016179347188425074,-0.053592719399028974,0.141236061144545,6.717,0.0,5.0,300.0,0.0,24.0,0.0,0.0,0.0,29.0,3.0,10.0,36.0,0.9186226932092041,1.0,1.0,1.0,329.0,78968.0,5000.0,0.0,0,0.0,266.0,5
8332159,2024-12-06 23:32:31+00:00,0,"[0, 0, 1, 1, 0, 1, 1, 1, 1, 0, 1, 1, 1, 1, 1, 1, 1, 1, 1, 1, 1, 1, 1, 1, 1, 1, 1]",,26758.0,16317.0,0.32580234565151844,-0.6114337137678488,-0.054488959167710314,0.004753338369163321,-0.05738860713727523,-0.07412946629464255,-0.043774865933036713,-0.03231283449775203,-0.04317344340611509,-0.4142474070967134,-0.07791647071836902,-0.0069440649306055586,-0.026172253256940618,0.021081495765742912,0.16413019796925432,-0.1482292857992833,0.06852539126647902,-0.3012493410357806,-0.08168565936984104,-0.008431530244752898,-0.039768111103099996,-0.05816090055260583,0.04284707524103316,-0.016179347188425074,0.006896750883670848,0.008044419973869708,6.717,0.0,2.0,298.0,0.02484763244256915,7.0,2.0,0.8518518518518519,5.0,6.0,1.0,10.0,10.0,1.047977127638742,1.0,0.0,1.0,329.0,78968.0,6500.0,0.0,1,5.0,302.0,42713
8438785,2024-12-03 05:08:15+00:00,1,,"[0, 0, 0, 0, 0, 0, 1, 1, 1, 1, 1, 0, 1, 1, 1, 1, 1, 1, 1, 1, 1, 1, 1, 1, 0, 1, 1, 0, 1, 1, 0, 1, 1, 1, 1, 1, 1, 1, 1, 1, 1, 1, 1, 1]",11112.0,16317.0,0.326383144640237,-0.6114337137678488,-0.054488959167710314,-0.23295731524514138,0.11939328962621384,-0.07412946629464255,-0.16547143701628758,-0.03231283449775203,-0.04317344340611509,0.0778669440877906,-0.06544171956609646,-0.09236929204096728,-0.026172253256940618,-0.01066169917084148,-0.03481326916714037,0.13611650753568505,-0.12296996338010098,-0.3012493410357806,0.02313302321270807,-0.008431530244752898,-0.039768111103099996,-0.05484988672575293,-0.023487699131707573,-0.016179347188425074,-0.053592719399028974,-0.018828211620055532,6.717,5.0,4.0,208.0,0.022727272727272728,20.0,2.0,0.0,0.0,13.0,3.0,9.0,12.0,1.2996491228070175,0.0,1.0,1.0,1.0,8530.0,8286.099999999991,0.8818181818181818,0,31.0,166.0,90876
8461062,2024-12-04 03:43:15+00:00,1,,"[0, 0, 0, 0, 0, 0, 0, 0, 0, 0, 0, 0, 0, 0, 0, 0, 0, 0, 1, 1, 0, 0, 0, 0, 0, 0, 1, 0, 1, 1, 1, 1, 1, 1, 1, 1, 1, 0, 1, 1, 1, 1, 1, 1, 1]",28981.0,16317.0,0.32670244068542154,-0.6114337137678488,-0.054488959167710314,-0.23295731524514138,-0.05738860713727523,-0.07412946629464255,0.01584713069282676,-0.03231283449775203,-0.04317344340611509,-0.048236128980226715,-0.06544171956609646,-0.0069440649306055586,-0.026172253256940618,0.021081495765742912,-0.03481326916714037,0.13611650753568505,-0.12296996338010098,0.09263075257175206,0.02313302321270807,-0.008431530244752898,-0.039768111103099996,-0.05816090055260583,-0.023487699131707573,-0.016179347188425074,-0.053592719399028974,-0.03707202918461854,6.717,0.0,5.0,265.0,0.022222222222222223,5.0,2.0,0.0,3.0,20.0,1.0,9.0,11.0,1.1454940711462451,0.0,1.0,0.0,1.0,5376.0,8286.099999999991,0.6347826086956522,0,8.0,229.0,101601
8438653,2024-12-03 04:44:44+00:00,1,"[0, 1, 1, 1, 1, 1, 1, 1, 1]",,31770.0,16317.0,0.32705041075993263,-0.6114337137678488,-0.054488959167710314,-0.23295731524514138,-0.05738860713727523,-0.07412946629464255,-0.14267212177429597,-0.03231283449775203,-0.04317344340611509,0.0778669440877906,-0.07791647071836902,-0.09236929204096728,0.13238330771477913,-0.10985411191684905,-0.03481326916714037,0.13611650753568505,-0.12296996338010098,0.09263075257175206,-0.08168565936984104,-0.008431530244752898,-0.009607996814591997,-0.05816090055260583,0.04284707524103316,-0.016179347188425074,0.015592503790590144,0.008044419973869708,6.717,0.0,4.0,299.0,0.1111111111111111,10.0,3.0,0.8888888888888888,0.0,9.0,2.0,1.0,15.0,1.1910028116213682,0.0,1.0,0.0,329.0,78968.0,4000.0,0.0,1,13.0,333.0,31910
8460836,2024-12-04 02:50:52+00:00,1,,"[0, 0, 0, 0, 0, 0, 0, 0, 0, 0, 0, 0, 0, 1, 0, 0, 1, 0, 0, 0, 1, 1, 1, 1, 0, 0, 0, 1, 1, 0, 1, 1, 1, 1, 0, 1, 0, 0, 0, 1, 1, 1, 1, 1, 1, 0, 1, 1, 1, 1, 1, 1, 1, 1, 1, 1, 0, 1, 0, 1, 0, 1, 0, 0, 0, 1, 1, 1, 0, 1, 1, 1]",27335.0,16317.0,0.32712286091342696,-0.6114337137678488,-0.054488959167710314,-0.5083517388880758,-0.06670879924340213,-0.07412946629464255,-0.16547143701628758,0.030500288512228284,-0.04317344340611509,0.0778669440877906,-0.07791647071836902,0.07090034106747711,-0.026172253256940618,-0.46958011525157795,0.16413019796925432,-0.1482292857992833,-0.12296996338010098,0.09263075257175206,0.02313302321270807,-0.008431530244752898,-0.039768111103099996,-0.05816090055260583,-0.023487699131707573,0.05393564252282038,0.006896750883670848,0.141236061144545,6.717,0.0,6.0,326.0,0.013888888888888888,23.0,9.0,0.0,0.0,3.0,0.0,8.0,46.0,1.0934,1.0,2.0,0.0,1.0,7028.0,5232.0,0.649923896499239,0,44.0,303.0,12
8437125,2024-12-02 22:47:10+00:00,1,"[1, 1, 1, 1, 1, 1, 1, 1, 1, 1, 1, 1, 1, 1]","[0, 0, 0, 0, 0, 0, 0, 0, 0, 0, 0, 0, 0, 0, 0, 0, 0, 0, 0, 0, 0, 0, 1, 1, 1, 1, 1, 1, 1, 1, 1, 1, 1, 1]",29039.0,642.0,0.3271803534495346,-0.6114337137678488,-0.054488959167710314,-0.5083517388880758,-0.05738860713727523,0.17561735485816402,-0.16547143701628758,-0.03231283449775203,0.1740873916033103,0.0778669440877906,-0.07791647071836902,-0.09236929204096728,-0.026172253256940618,-0.3292197513569699,-0.03481326916714037,-0.1482292857992833,-0.12296996338010098,0.09263075257175206,0.02313302321270807,-0.008431530244752898,-0.039768111103099996,-0.05816090055260583,-0.023487699131707573,0.05393564252282038,-0.053592719399028974,-0.018828211620055532,6.717,0.0,6.0,228.0,0.676470588235294,49.0,5.0,1.0,0.0,4.0,2.0,9.0,32.0,1.8379113924050632,1.0,1.0,0.0,1.0,2833.0,4819.0,0.5747899159663865,0,40.0,75.0,67764
8439370,2024-12-03 07:08:07+00:00,1,,,28614.0,16317.0,0.327496775677472,-0.6114337137678488,-0.054488959167710314,0.2259612567881653,-0.06670879924340213,-0.07412946629464255,-0.16547143701628758,-0.03231283449775203,-0.04317344340611509,-0.4142474070967134,-0.09921592132150975,-0.09236929204096728,-0.026172253256940618,0.25953741616204173,0.16413019796925432,-0.1482292857992833,-0.12296996338010098,-0.3012493410357806,-0.08168565936984104,-0.008431530244752898,-0.009607996814591997,-0.05816090055260583,-0.023487699131707573,-0.016179347188425074,-0.053592719399028974,0.008044419973869708,6.717,0.0,1.0,600.0,0.0,162.0,0.0,0.0,5.0,0.0,99.0,10.0,4.0,1.0963218390804597,1.0,16.0,1.0,329.0,78968.0,4000.0,0.0,0,0.0,7.0,37952
8460091,2024-12-03 23:58:45+00:00,1,,"[0, 0, 0, 0, 0, 0, 0, 0, 1, 1, 0, 1, 1, 1, 1, 1, 1, 1]",16400.0,16317.0,0.3281210275863587,-0.6114337137678488,-0.054488959167710314,-0.23295731524514138,-0.05738860713727523,-0.07412946629464255,-0.14267212177429597,-0.03231283449775203,-0.04317344340611509,-0.048236128980226715,-0.07791647071836902,0.07090034106747711,-0.026172253256940618,-0.2062583476798761,-0.03481326916714037,-0.1482292857992833,0.06852539126647902,0.09263075257175206,0.02313302321270807,-0.008431530244752898,-0.009607996814591997,-0.05816090055260583,-0.023487699131707573,-0.016179347188425074,-0.053592719399028974,-0.0035377154089891926,6.717,0.0,5.0,261.0,0.05555555555555555,9.0,0.0,0.0,3.0,6.0,0.0,8.0,20.0,1.1884057971014492,1.0,0.0,0.0,1.0,78968.0,4400.0,0.7251461988304093,0,2.0,58.0,54000
8465446,2024-12-06 01:24:30+00:00,0,[],,22195.0,452.0,0.32918343854038556,-0.6114337137678488,-0.054488959167710314,-0.23295731524514138,-0.06670879924340213,-0.07412946629464255,-0.16547143701628758,0.030500288512228284,-0.04317344340611509,0.0778669440877906,-0.09921592132150975,-0.09236929204096728,0.13238330771477913,-0.2062583476798761,0.16413019796925432,-0.1482292857992833,-0.12296996338010098,-0.3012493410357806,0.02313302321270807,-0.008431530244752898,-0.039768111103099996,-0.05816090055260583,0.04284707524103316,-0.016179347188425074,0.006896750883670848,0.008044419973869708,6.717,0.0,5.0,350.0,0.0,162.0,7.0,0.0,0.0,1.0,99.0,1.0,23.0,1.0774271844660195,1.0,16.0,1.0,1.0,3877.0,6200.0,0.0,1,20.0,292.0,35995
8460968,2024-12-04 03:22:13+00:00,1,"[0, 0, 0, 0, 0, 0, 0, 1, 0, 0, 0, 0, 1, 1, 1, 1, 1, 0, 1, 1, 1, 1, 1, 1, 1, 1, 1, 1, 1, 1, 1, 1, 1, 1, 1, 1, 1, 0, 1, 1]","[1, 1, 1, 1, 1, 1, 1, 1, 1, 1, 1, 1, 1, 1]",16848.0,438.0,0.32990936710991337,-0.6114337137678488,-0.054488959167710314,0.004753338369163321,-0.06670879924340213,-0.07412946629464255,-0.14267212177429597,-0.03231283449775203,-0.04317344340611509,0.0778669440877906,-0.07791647071836902,-0.09236929204096728,-0.026172253256940618,-0.15334582495827825,-0.03481326916714037,-0.1482292857992833,-0.12296996338010098,-0.3012493410357806,0.02313302321270807,-0.008431530244752898,-0.039768111103099996,0.15904631144217646,-0.023487699131707573,0.05393564252282038,-0.053592719399028974,-0.018828211620055532,6.717,0.0,2.0,374.0,0.3625,13.0,2.0,0.675,0.0,5.0,3.0,3.0,18.0,1.31625,1.0,1.0,1.0,1.0,2417.0,5282.0,1.0,0,37.0,210.0,59384
8463494,2024-12-05 03:38:33+00:00,1,,"[0, 0, 0, 0, 0, 0, 0, 1, 1, 1, 1, 1, 1, 1, 1, 1, 1, 1]",14232.0,16317.0,0.3302406019558687,-0.6114337137678488,-0.054488959167710314,-0.5083517388880758,-0.05738860713727523,-0.07412946629464255,-0.14267212177429597,-0.03231283449775203,-0.04317344340611509,0.0778669440877906,-0.06544171956609646,0.07090034106747711,-0.026172253256940618,-0.3292197513569699,-0.03481326916714037,0.13611650753568505,0.06852539126647902,0.09263075257175206,0.02313302321270807,0.12181209640599021,-0.039768111103099996,-0.05484988672575293,-0.023487699131707573,-0.016179347188425074,-0.053592719399028974,-0.018828211620055532,6.717,3.0,7.0,294.0,0.2763205828779599,12.0,3.0,0.0,0.0,15.0,0.0,9.0,28.0,1.1442354076218042,0.0,0.0,0.0,1.0,146.0,5800.0,0.8362573099415205,0,22.0,79.0,66149
8437476,2024-12-03 00:29:59+00:00,1,"[1, 1, 1, 1, 1, 1, 1, 1, 0, 1]",,34292.0,513.0,0.33025377568982145,-0.6114337137678488,-0.054488959167710314,-0.1165395030712408,-0.05738860713727523,-0.05564041606933876,-0.14267212177429597,-0.03231283449775203,-0.04317344340611509,0.0778669440877906,-0.07791647071836902,-0.0069440649306055586,-0.026172253256940618,-0.15334582495827825,-0.03481326916714037,-0.1482292857992833,0.06852539126647902,-0.3012493410357806,0.02313302321270807,-0.008431530244752898,-0.039768111103099996,-0.05816090055260583,-0.023487699131707573,0.05393564252282038,-0.053592719399028974,0.008044419973869708,6.717,3.0,3.0,252.0,0.5928571428571429,11.0,4.0,0.9,0.0,7.0,1.0,2.0,17.0,1.3968228105906313,1.0,0.0,1.0,1.0,78968.0,5460.0,0.0,0,46.0,32.0,34492
8461899,2024-12-04 07:33:36+00:00,1,"[0, 0, 0, 0, 0, 0, 0, 0, 0, 0, 0, 0, 0, 0, 0, 0, 0, 0, 0, 0, 0, 0, 0, 0, 0, 0, 0, 0, 0, 0, 0, 0, 0, 0, 0, 0, 0, 0, 0, 0, 0, 0, 0, 0, 0, 0, 0, 0, 0, 0, 0, 0, 0, 0, 1, 0]","[0, 0, 0, 0, 0, 0, 0, 0, 0, 0, 0, 0, 0, 0, 0, 0, 0, 0, 0, 0, 0, 0, 0, 0, 0, 0, 0, 0, 0, 0, 0, 0, 0, 0, 0, 0, 0, 0, 0, 0, 0, 0, 0, 0, 1, 1, 1, 1, 1, 1, 1, 1, 1, 1]",45000.0,16317.0,0.33122090717874064,-0.6114337137678488,-0.054488959167710314,-0.1165395030712408,0.41236787050388063,-0.07412946629464255,-0.16547143701628758,-0.03231283449775203,-0.04317344340611509,-0.4142474070967134,0.08779149858909129,-0.09236929204096728,-0.026172253256940618,-0.10985411191684905,-0.03481326916714037,-0.1482292857992833,-0.12296996338010098,-0.3012493410357806,-0.08168565936984104,-0.008431530244752898,-0.039768111103099996,-0.05816090055260583,-0.023487699131707573,-0.016179347188425074,-0.053592719399028974,0.141236061144545,6.717,0.0,3.0,90.0,0.018187830687830687,20.0,2.0,0.017857142857142856,5.0,30.0,8.0,5.0,15.0,1.6,1.0,5.0,1.0,329.0,3399.0,6348.0,0.3333333333333333,0,23.0,259.0,0
8469052,2024-12-07 04:30:02+00:00,1,,,21231.0,16317.0,0.3312378624948527,-0.6114337137678488,-0.054488959167710314,-0.23295731524514138,-0.06670879924340213,-0.07412946629464255,0.01584713069282676,-0.03231283449775203,-0.04317344340611509,0.0778669440877906,-0.09921592132150975,0.07090034106747711,-0.026172253256940618,-0.3292197513569699,-0.03481326916714037,-0.1482292857992833,0.06852539126647902,0.09263075257175206,0.02313302321270807,-0.008431530244752898,-0.039768111103099996,-0.05816090055260583,-0.023487699131707573,-0.016179347188425074,-0.053592719399028974,-0.0035377154089891926,6.717,0.0,4.0,600.0,0.0,6.0,0.0,0.0,0.0,0.0,0.0,10.0,31.0,1.1994915254237288,1.0,0.0,0.0,1.0,78968.0,5159.0,0.0,0,0.0,16.0,51656
8470184,2024-12-07 22:01:40+00:00,1,"[1, 1, 1, 1, 1, 1, 1, 1, 1, 1, 1, 1, 1, 1, 1, 1, 1, 1, 1, 1, 1, 1, 1, 1, 1, 1, 1]","[1, 1, 1, 1, 1, 1, 1, 1, 1, 1, 1, 1, 1, 1, 1, 1, 1, 1, 1, 1, 1, 1, 1, 1, 1, 1, 1, 1, 1, 1, 1, 1, 1, 1, 1, 1, 1, 1, 1, 1]",24354.0,546.0,0.3316615043011508,-0.6114337137678488,-0.054488959167710314,-0.5083517388880758,0.11939328962621384,0.22755275636556374,-0.16547143701628758,0.030500288512228284,0.1740873916033103,-0.4142474070967134,-0.07791647071836902,-0.09236929204096728,0.13238330771477913,-0.46958011525157795,-0.03481326916714037,-0.1482292857992833,-0.12296996338010098,-0.3012493410357806,-0.08168565936984104,-0.008431530244752898,-0.009607996814591997,0.15904631144217646,0.04284707524103316,0.22505449144967976,-0.053592719399028974,0.141236061144545,6.717,0.0,7.0,194.0,1.0,93.0,9.0,1.0,5.0,9.0,2.0,1.0,55.0,1.1652631578947368,1.0,2.0,1.0,329.0,78968.0,3408.0,1.0,1,53.0,135.0,13644
8467563,2024-12-06 23:19:23+00:00,0,,,16875.0,16317.0,0.33195397457465076,-0.6114337137678488,-0.054488959167710314,-0.1165395030712408,-0.05738860713727523,-0.07412946629464255,-0.043774865933036713,-0.03231283449775203,-0.04317344340611509,-0.4142474070967134,0.08779149858909129,-0.09236929204096728,-0.026172253256940618,-0.15334582495827825,-0.03481326916714037,0.13611650753568505,-0.12296996338010098,0.09263075257175206,-0.08168565936984104,-0.008431530244752898,0.04544625733308562,-0.05816090055260583,0.04284707524103316,-0.016179347188425074,0.04095250473658998,-0.018828211620055532,6.717,0.0,3.0,277.0,0.0,8.0,2.0,0.0,5.0,30.0,3.0,10.0,16.0,1.25,0.0,1.0,0.0,329.0,1694.0,3000.0,0.0,1,12.0,374.0,91515
8471276,2024-12-08 01:34:57+00:00,1,,,19091.0,16317.0,0.33271723464387853,-0.6114337137678488,-0.054488959167710314,-0.1165395030712408,-0.06670879924340213,-0.07412946629464255,-0.14267212177429597,-0.03231283449775203,-0.04317344340611509,0.0778669440877906,-0.09921592132150975,-0.09236929204096728,-0.026172253256940618,0.14199482941539582,-0.03481326916714037,-0.1482292857992833,-0.12296996338010098,0.09263075257175206,-0.08168565936984104,-0.008431530244752898,-0.039768111103099996,-0.05816090055260583,-0.023487699131707573,-0.016179347188425074,-0.053592719399028974,0.008044419973869708,6.717,0.0,3.0,600.0,0.0,9.0,0.0,0.0,0.0,0.0,3.0,10.0,7.0,1.1566797940018176,1.0,4.0,0.0,329.0,4745.0,5200.0,0.0,0,0.0,205.0,41050
8468181,2024-12-07 01:39:55+00:00,1,,,21003.0,16317.0,0.3339989329509644,-0.6114337137678488,-0.054488959167710314,0.2259612567881653,-0.06670879924340213,-0.07412946629464255,0.14385053025774988,-0.03231283449775203,-0.04317344340611509,-0.4142474070967134,-0.07791647071836902,-0.09236929204096728,-0.026172253256940618,-0.01066169917084148,-0.03481326916714037,0.13611650753568505,-0.12296996338010098,0.09263075257175206,-0.08168565936984104,-0.008431530244752898,-0.039768111103099996,-0.05816090055260583,0.04284707524103316,-0.016179347188425074,-0.053592719399028974,0.008044419973869708,6.717,0.0,1.0,333.0,0.0,4.0,2.0,0.0,4.0,2.0,4.0,10.0,13.0,1.1832676056338027,0.0,1.0,0.0,329.0,78968.0,6800.0,0.0,1,12.0,173.0,36341
8462080,2024-12-04 09:35:34+00:00,1,,,49149.0,16317.0,0.3342725278240364,-0.6114337137678488,-0.054488959167710314,-0.5083517388880758,-0.06670879924340213,-0.07412946629464255,-0.16547143701628758,-0.03231283449775203,-0.04317344340611509,0.0778669440877906,-0.09921592132150975,-0.09236929204096728,-0.026172253256940618,-0.46958011525157795,0.28748156146469017,0.13611650753568505,-0.12296996338010098,0.09263075257175206,-0.08168565936984104,-0.008431530244752898,-0.039768111103099996,-0.05816090055260583,-0.023487699131707573,-0.016179347188425074,-0.053592719399028974,0.141236061144545,6.717,0.0,35.0,600.0,0.0,162.0,0.0,0.0,0.0,0.0,99.0,10.0,383.0,0.991007157979635,0.0,16.0,0.0,329.0,78968.0,5890.0,0.0,0,0.0,0.0,20415
8466554,2024-12-06 05:35:21+00:00,0,"[0, 1, 1, 0, 0, 0, 1, 1, 0, 0, 0, 1, 1, 1, 1, 1]","[0, 0, 0, 0, 0, 0, 0, 0, 0, 0, 0, 0, 0, 0, 0, 0, 0, 0, 0, 0, 0, 0, 0, 0, 0, 0, 0, 0, 0, 0, 0, 0, 0, 0, 0, 1, 1, 1, 1, 1, 1, 1, 1, 1, 1, 1, 1]",28315.0,296.0,0.334317056041281,-0.6114337137678488,-0.054488959167710314,0.004753338369163321,-0.06670879924340213,-0.07412946629464255,-0.16547143701628758,-0.03231283449775203,-0.04317344340611509,-0.4142474070967134,-0.07791647071836902,-0.09236929204096728,-0.026172253256940618,-0.2062583476798761,-0.03481326916714037,0.13611650753568505,-0.12296996338010098,0.09263075257175206,0.02313302321270807,-0.008431530244752898,0.08965056778496559,-0.05816090055260583,0.04284707524103316,-0.016179347188425074,-0.053592719399028974,-0.0035377154089891926,6.717,0.0,2.0,384.0,0.04188829787234043,15.0,1.0,0.5625,4.0,4.0,4.0,9.0,21.0,1.361298076923077,0.0,2.0,0.0,1.0,11537.0,2488.0,0.44148936170212766,1,33.0,174.0,54312
8468443,2024-12-07 02:31:07+00:00,1,,"[0, 0, 0, 0, 0, 0, 0, 0, 0, 0, 0, 0, 0, 0, 0, 1, 1, 1, 1, 1, 1, 1, 1]",16240.0,16317.0,0.3347408735473002,-0.6114337137678488,-0.054488959167710314,-0.1165395030712408,-0.06670879924340213,-0.05564041606933876,-0.16547143701628758,-0.03231283449775203,-0.04317344340611509,0.0778669440877906,-0.07791647071836902,-0.09236929204096728,-0.026172253256940618,-0.01066169917084148,0.16413019796925432,-0.1482292857992833,-0.12296996338010098,-0.3012493410357806,-0.08168565936984104,-0.008431530244752898,-0.039768111103099996,-0.05816090055260583,-0.023487699131707573,-0.016179347188425074,-0.053592719399028974,0.008044419973869708,6.717,0.0,3.0,378.0,0.5135011441647597,25.0,2.0,0.0,0.0,7.0,2.0,9.0,13.0,1.0844741235392321,1.0,1.0,1.0,329.0,3786.0,6849.0,0.5652173913043478,0,20.0,206.0,32021
8431943,2024-12-07 02:00:16+00:00,1,,"[0, 0, 0, 1, 1, 1, 1, 1]",22260.0,16317.0,0.3353109745878751,-0.6114337137678488,-0.054488959167710314,-0.5083517388880758,-0.06670879924340213,-0.05564041606933876,-0.16547143701628758,-0.03231283449775203,-0.04317344340611509,0.0778669440877906,0.08779149858909129,0.07090034106747711,-0.026172253256940618,-0.3292197513569699,-0.03481326916714037,0.13611650753568505,-0.12296996338010098,0.09263075257175206,0.02313302321270807,-0.008431530244752898,-0.039768111103099996,-0.05484988672575293,-0.023487699131707573,-0.016179347188425074,0.13525803582801485,0.008044419973869708,6.717,0.0,6.0,331.0,0.4702631578947368,23.0,2.0,0.0,0.0,29.0,0.0,9.0,28.0,1.2138728323699421,0.0,1.0,0.0,1.0,21902.0,6009.0,0.8333333333333334,0,12.0,388.0,27352
8472581,2024-12-08 05:51:43+00:00,0,,"[0, 0, 0, 0, 0, 0, 0, 0, 0, 0, 0, 0, 0, 0, 0, 0, 0, 0, 0, 0, 0, 0, 0, 0, 0, 0, 0, 0, 0, 0, 0, 0, 0, 0, 0, 0, 0, 0, 0, 0, 0, 0, 0, 1, 1, 1, 1, 1, 1, 1, 1, 1, 1, 1, 1, 1, 1, 1, 0, 0, 0, 0, 1, 1, 1, 1, 0, 1, 1, 0, 1, 1, 1, 1, 1, 1, 1, 1, 1, 1, 1, 1]",17558.0,16317.0,0.33554586548083626,-0.6114337137678488,-0.054488959167710314,-0.1165395030712408,-0.05738860713727523,-0.07412946629464255,-0.14267212177429597,-0.03231283449775203,-0.04317344340611509,0.0778669440877906,-0.07791647071836902,0.07090034106747711,-0.026172253256940618,0.021081495765742912,-0.03481326916714037,-0.1482292857992833,-0.12296996338010098,0.09263075257175206,-0.08168565936984104,-0.008431530244752898,-0.039768111103099996,-0.05816090055260583,0.04284707524103316,-0.016179347188425074,-0.053592719399028974,-0.018828211620055532,6.717,0.0,3.0,283.0,0.012195121951219513,9.0,5.0,0.0,1.0,11.0,0.0,9.0,9.0,1.1619350142280458,1.0,1.0,0.0,329.0,740.0,5600.0,0.6106376726417867,1,12.0,244.0,59419
8469056,2024-12-07 04:30:33+00:00,1,,,12104.0,16317.0,0.33565918856356874,-0.6114337137678488,-0.054488959167710314,-0.1165395030712408,-0.06670879924340213,-0.07412946629464255,-0.14267212177429597,-0.03231283449775203,-0.04317344340611509,0.0778669440877906,-0.06544171956609646,-0.0069440649306055586,-0.026172253256940618,-0.10985411191684905,-0.03481326916714037,-0.1482292857992833,-0.12296996338010098,0.09263075257175206,0.02313302321270807,-0.008431530244752898,-0.039768111103099996,-0.05816090055260583,-0.023487699131707573,-0.016179347188425074,-0.053592719399028974,-0.0035377154089891926,6.717,0.0,3.0,379.0,0.0,9.0,2.0,0.0,0.0,12.0,1.0,10.0,15.0,1.1984158415841584,1.0,3.0,0.0,1.0,78968.0,5817.0,0.0,0,16.0,78.0,47106
8461723,2024-12-04 06:31:30+00:00,1,,"[0, 0, 1, 1, 1, 1]",11637.0,16317.0,0.33634889741946755,-0.6114337137678488,-0.054488959167710314,-0.5083517388880758,-0.06670879924340213,-0.07412946629464255,-0.16547143701628758,0.030500288512228284,-0.04317344340611509,-0.048236128980226715,-0.06544171956609646,-0.0069440649306055586,-0.026172253256940618,-0.46958011525157795,0.28748156146469017,-0.1482292857992833,-0.12296996338010098,0.09263075257175206,0.02313302321270807,-0.008431530244752898,-0.009607996814591997,-0.05484988672575293,-0.023487699131707573,-0.016179347188425074,-0.053592719399028974,-0.018828211620055532,6.717,0.0,9.0,365.0,0.16666666666666666,20.0,11.0,0.0,3.0,12.0,1.0,8.0,46.0,0.8297326203208556,1.0,1.0,0.0,1.0,78968.0,3850.0,0.8571428571428571,0,12.0,221.0,71290
8468937,2024-12-07 04:07:01+00:00,1,,"[0, 0, 0, 0, 0, 0, 0, 0, 0, 0, 0, 0, 0, 0, 0, 0, 0, 0, 0, 0, 0, 0, 0, 0, 0, 0, 0, 0, 0, 0, 0, 0, 0, 0, 0, 0, 0, 0, 0, 0, 0, 1, 1, 1, 1, 1, 1, 1, 1, 1, 1, 1, 1]",22790.0,16317.0,0.33656705834566414,-0.6114337137678488,0.23990797722314114,-0.1165395030712408,-0.06670879924340213,-0.07412946629464255,-0.14267212177429597,-0.03231283449775203,-0.04317344340611509,-0.4142474070967134,-0.07791647071836902,-0.09236929204096728,-0.026172253256940618,-0.10985411191684905,-0.03481326916714037,-0.1482292857992833,-0.12296996338010098,0.09263075257175206,0.02313302321270807,-0.008431530244752898,-0.039768111103099996,-0.05816090055260583,-0.023487699131707573,-0.016179347188425074,-0.053592719399028974,-0.018828211620055532,6.717,56.0,3.0,364.0,0.018867924528301886,10.0,4.0,0.0,4.0,5.0,3.0,9.0,14.0,1.1452261306532663,1.0,1.0,0.0,1.0,78968.0,4850.0,0.39832285115303984,0,7.0,78.0,96506
8468042,2024-12-07 01:10:03+00:00,1,,,17197.0,16317.0,0.3370972041272472,-0.6114337137678488,-0.054488959167710314,0.004753338369163321,-0.05738860713727523,-0.07412946629464255,-0.16547143701628758,-0.03231283449775203,-0.04317344340611509,-0.4142474070967134,-0.06544171956609646,-0.0069440649306055586,-0.026172253256940618,0.021081495765742912,0.16413019796925432,-0.1482292857992833,0.06852539126647902,-0.3012493410357806,-0.08168565936984104,-0.008431530244752898,-0.009607996814591997,-0.05816090055260583,-0.023487699131707573,-0.016179347188425074,-0.053592719399028974,-0.018828211620055532,6.717,0.0,2.0,232.0,0.0,17.0,0.0,0.0,5.0,16.0,1.0,10.0,11.0,1.1011717999615804,1.0,0.0,1.0,329.0,78968.0,3500.0,0.0,0,12.0,277.0,58661
8464957,2024-12-06 00:06:00+00:00,1,"[0, 0, 0, 1, 1, 1, 1, 1, 1, 1, 1]","[1, 1]",29292.0,16317.0,0.3383897301622942,-0.6114337137678488,-0.054488959167710314,-0.5083517388880758,-0.05738860713727523,-0.05564041606933876,-0.16547143701628758,-0.03231283449775203,-0.04317344340611509,-0.4142474070967134,-0.07791647071836902,-0.09236929204096728,-0.026172253256940618,-0.46958011525157795,-0.03481326916714037,0.13611650753568505,-0.12296996338010098,0.09263075257175206,0.02313302321270807,-0.008431530244752898,0.08965056778496559,0.15904631144217646,0.04284707524103316,-0.016179347188425074,0.2103895073799279,0.141236061144545,6.717,0.0,7.0,212.0,0.6000128903354709,26.0,1.0,0.7272727272727273,4.0,10.0,2.0,10.0,34.0,1.2504589114194238,0.0,1.0,0.0,1.0,78968.0,2253.0,1.0,1,15.0,422.0,5
8472721,2024-12-08 06:30:43+00:00,1,,"[0, 0, 0, 0, 0, 0, 0, 0, 0, 0, 0, 0, 0, 0, 0, 0, 0, 0, 1, 1, 1, 1, 1, 1, 0, 1, 1, 1]",29968.0,16317.0,0.3387424077531826,-0.6114337137678488,-0.054488959167710314,-0.1165395030712408,-0.05738860713727523,-0.07412946629464255,-0.16547143701628758,-0.03231283449775203,-0.04317344340611509,-0.048236128980226715,-0.06544171956609646,-0.09236929204096728,-0.026172253256940618,-0.10985411191684905,-0.03481326916714037,-0.1482292857992833,-0.12296996338010098,-0.3012493410357806,0.02313302321270807,0.12181209640599021,0.04544625733308562,-0.05816090055260583,0.04284707524103316,-0.016179347188425074,-0.053592719399028974,-0.018828211620055532,6.717,0.0,3.0,282.0,0.03571428571428571,20.0,0.0,0.0,3.0,12.0,9.0,8.0,14.0,1.2499687174139729,1.0,2.0,1.0,1.0,95.0,3119.0,0.5172413793103449,1,6.0,86.0,57230
8471283,2024-12-08 01:39:36+00:00,0,,,17169.0,16317.0,0.34010744811539523,-0.6114337137678488,-0.054488959167710314,-0.5083517388880758,-0.06670879924340213,-0.07412946629464255,-0.16547143701628758,-0.03231283449775203,-0.04317344340611509,0.0778669440877906,-0.06544171956609646,-0.0069440649306055586,-0.026172253256940618,-0.46958011525157795,-0.03481326916714037,-0.1482292857992833,0.06852539126647902,0.09263075257175206,-0.08168565936984104,-0.008431530244752898,0.08965056778496559,-0.05816090055260583,0.04284707524103316,-0.016179347188425074,0.04095250473658998,-0.0035377154089891926,6.717,0.0,6.0,356.0,0.0,22.0,5.0,0.0,0.0,16.0,1.0,10.0,42.0,1.5875173370319002,1.0,0.0,0.0,329.0,904.0,2424.0,0.0,1,3.0,362.0,55969
8465792,2024-12-06 02:47:42+00:00,1,"[0, 0, 0, 1, 1, 1, 1, 1, 1, 1, 1, 1, 1, 1, 1, 1, 1, 1, 1, 1, 1, 1, 1, 1, 1, 1, 1, 1, 1, 1, 1, 1, 1, 1, 1, 1, 1, 1, 1]","[0, 0, 0, 0, 0, 0, 1, 1, 1, 1, 1, 1, 1, 1, 1]",22704.0,16317.0,0.3405895669991484,-0.6114337137678488,-0.054488959167710314,-0.23295731524514138,-0.06670879924340213,-0.07412946629464255,-0.16547143701628758,-0.03231283449775203,-0.04317344340611509,0.0778669440877906,-0.07791647071836902,0.07090034106747711,-0.026172253256940618,-0.46958011525157795,0.16413019796925432,-0.1482292857992833,-0.12296996338010098,0.09263075257175206,0.02313302321270807,-0.008431530244752898,-0.039768111103099996,-0.05484988672575293,-0.023487699131707573,-0.016179347188425074,-0.053592719399028974,0.008044419973869708,6.717,0.0,5.0,326.0,0.046153846153846156,15.0,4.0,0.9230769230769231,1.0,3.0,0.0,10.0,39.0,1.087616766467066,1.0,1.0,0.0,1.0,78968.0,8000.0,0.825,0,12.0,154.0,30292
8469896,2024-12-07 07:53:17+00:00,1,,,26543.0,16317.0,0.34210241046896406,-0.6114337137678488,-0.054488959167710314,0.004753338369163321,-0.06670879924340213,-0.07412946629464255,0.14385053025774988,-0.03231283449775203,-0.04317344340611509,-0.4142474070967134,-0.09921592132150975,-0.0069440649306055586,-0.026172253256940618,-0.15334582495827825,-0.03481326916714037,-0.1482292857992833,0.06852539126647902,0.09263075257175206,0.02313302321270807,-0.008431530244752898,-0.039768111103099996,-0.05816090055260583,0.04284707524103316,-0.016179347188425074,-0.053592719399028974,-0.018828211620055532,6.717,0.0,2.0,600.0,0.0,4.0,0.0,0.0,5.0,0.0,1.0,10.0,19.0,1.199683615819209,1.0,0.0,0.0,1.0,78968.0,6075.0,0.0,1,0.0,62.0,70659
8439494,2024-12-03 07:48:43+00:00,1,,"[0, 0, 0, 0, 1, 1]",17884.0,16317.0,0.34434517704214146,-0.6114337137678488,-0.054488959167710314,0.004753338369163321,-0.06670879924340213,-0.07412946629464255,-0.14267212177429597,-0.03231283449775203,-0.04317344340611509,0.0778669440877906,-0.07791647071836902,0.07090034106747711,-0.026172253256940618,-0.10985411191684905,-0.03481326916714037,-0.1482292857992833,-0.12296996338010098,0.09263075257175206,-0.08168565936984104,-0.008431530244752898,-0.039768111103099996,-0.05816090055260583,-0.023487699131707573,-0.016179347188425074,-0.053592719399028974,-0.018828211620055532,6.717,0.0,2.0,318.0,0.29446428571428573,10.0,3.0,0.0,0.0,8.0,0.0,9.0,14.0,1.2865261491978994,1.0,1.0,0.0,329.0,1634.0,4840.0,0.5238095238095238,0,3.0,215.0,84218
8467847,2024-12-07 03:19:21+00:00,1,"[1, 1, 1, 1, 1, 1, 1, 1, 1, 0, 0, 1, 1, 1, 1, 1, 0, 1, 0, 1, 0, 1, 1, 1, 1, 1, 0, 1, 1, 0, 0, 0, 0, 0, 1, 1, 1, 1, 1, 1, 1, 1, 1, 1, 1, 1, 1, 1, 1, 1, 1, 1, 1, 0, 0, 0, 1, 1, 1, 1, 1, 1, 1, 1]","[0, 1, 1, 1, 1, 1, 1, 1, 1, 1, 1, 1, 1, 1, 1, 1, 1]",21527.0,540.0,0.34570495714256977,-0.6114337137678488,-0.054488959167710314,-0.23295731524514138,-0.05738860713727523,-0.07412946629464255,-0.16547143701628758,-0.03231283449775203,-0.04317344340611509,0.0778669440877906,-0.09921592132150975,0.07090034106747711,-0.026172253256940618,-0.3292197513569699,-0.03481326916714037,-0.1482292857992833,0.06852539126647902,-0.3012493410357806,0.02313302321270807,-0.008431530244752898,-0.039768111103099996,0.15904631144217646,-0.023487699131707573,-0.016179347188425074,-0.053592719399028974,0.008044419973869708,6.717,0.0,5.0,242.0,0.07591058575328867,23.0,3.0,0.78125,0.0,1.0,0.0,9.0,26.0,1.1589232839838493,1.0,0.0,1.0,1.0,2089.0,4750.0,0.9934640522875817,0,26.0,189.0,25988
8466632,2024-12-06 05:53:45+00:00,1,,,13359.0,16317.0,0.34630583657973324,-0.6114337137678488,-0.054488959167710314,0.2259612567881653,-0.06670879924340213,-0.07412946629464255,0.1880244731129659,-0.03231283449775203,-0.04317344340611509,-0.4142474070967134,-0.09921592132150975,-0.09236929204096728,-0.026172253256940618,0.14199482941539582,-0.03481326916714037,-0.1482292857992833,0.06852539126647902,-0.3012493410357806,-0.08168565936984104,-0.008431530244752898,-0.039768111103099996,-0.05816090055260583,-0.023487699131707573,-0.016179347188425074,-0.053592719399028974,-0.018828211620055532,6.717,0.0,1.0,600.0,0.0,2.0,0.0,0.0,5.0,0.0,2.0,10.0,7.0,1.3969465648854962,1.0,0.0,1.0,329.0,78968.0,4500.0,0.0,0,0.0,2.0,68650
8436425,2024-12-01 08:01:40+00:00,1,,"[0, 0, 0, 0, 0, 0, 0, 0, 0, 0, 0, 0, 0, 0, 0, 0, 0, 0, 0, 0, 0, 0, 0, 0, 0, 0, 0, 0, 0, 0, 0, 0, 0, 0, 0, 0, 0, 0, 0, 0, 1, 1, 1, 1, 1, 1, 1, 1, 1, 1, 1, 1, 1, 1, 1]",16563.0,16317.0,0.3465397234724088,-0.6114337137678488,-0.054488959167710314,-0.1165395030712408,-0.06670879924340213,-0.07412946629464255,-0.16547143701628758,0.030500288512228284,-0.04317344340611509,-0.048236128980226715,-0.06544171956609646,0.07090034106747711,-0.026172253256940618,0.021081495765742912,-0.03481326916714037,0.13611650753568505,-0.12296996338010098,-0.3012493410357806,0.02313302321270807,-0.008431530244752898,-0.039768111103099996,-0.05816090055260583,-0.023487699131707573,-0.016179347188425074,-0.053592719399028974,-0.018828211620055532,6.717,0.0,3.0,494.0,0.3612205509775586,15.0,12.0,0.0,3.0,13.0,0.0,9.0,9.0,1.2932771140782384,0.0,1.0,1.0,1.0,3914.0,4801.0,0.4675324675324675,0,1.0,154.0,84646
8437466,2024-12-03 04:55:26+00:00,1,,"[0, 0, 0, 0, 0, 0, 0, 0, 0, 0, 0, 0, 0, 0, 0, 0, 0, 0, 0, 0, 0, 0, 0, 0, 0, 0, 0, 0, 0, 0, 0, 0, 0, 1, 1, 1, 1, 0, 1, 0, 1, 1, 1, 0, 0, 1, 0, 1, 1, 0, 1, 1, 1, 1, 1, 1, 1, 1]",22089.0,16317.0,0.3502208993739623,-0.6114337137678488,-0.054488959167710314,0.004753338369163321,-0.06670879924340213,-0.07412946629464255,0.01584713069282676,-0.03231283449775203,-0.04317344340611509,-0.048236128980226715,-0.07791647071836902,-0.09236929204096728,-0.026172253256940618,0.021081495765742912,-0.03481326916714037,-0.1482292857992833,-0.12296996338010098,-0.3012493410357806,0.02313302321270807,-0.008431530244752898,-0.039768111103099996,-0.05816090055260583,-0.023487699131707573,-0.016179347188425074,0.015592503790590144,-0.018828211620055532,6.717,0.0,2.0,315.0,0.017241379310344827,5.0,0.0,0.0,3.0,6.0,4.0,9.0,9.0,1.1923886639676113,1.0,1.0,1.0,1.0,794.0,5157.0,0.5178258328462887,0,0.0,326.0,94988
8469735,2024-12-07 07:17:57+00:00,1,"[0, 1, 1, 1, 0, 0, 0, 1, 1, 1, 0, 1, 1, 1, 1, 1, 1, 1, 1, 1, 1, 0, 0, 1, 1, 1, 1, 1, 1, 1, 0, 0, 0, 0, 0, 1, 1, 0, 0, 0, 0, 0, 0, 0, 1, 0, 0, 1, 1, 1, 1, 1, 1, 0, 1, 1, 1, 1]",[],30177.0,316.0,0.35155850983936854,-0.6114337137678488,-0.054488959167710314,-0.23295731524514138,-0.05738860713727523,-0.07412946629464255,-0.16547143701628758,-0.03231283449775203,-0.04317344340611509,-0.048236128980226715,-0.07791647071836902,-0.0069440649306055586,-0.026172253256940618,-0.2062583476798761,-0.03481326916714037,0.13611650753568505,-0.12296996338010098,0.09263075257175206,0.02313302321270807,-0.008431530244752898,-0.039768111103099996,-0.05816090055260583,-0.023487699131707573,-0.016179347188425074,0.04095250473658998,-0.018828211620055532,6.717,0.0,4.0,242.0,0.017241379310344827,22.0,1.0,0.6206896551724138,3.0,4.0,1.0,3.0,23.0,1.2555439983357604,0.0,1.0,0.0,1.0,437.0,4680.0,0.0,0,17.0,370.0,64193
8461174,2024-12-04 04:11:06+00:00,1,,"[0, 0, 0, 0, 0, 0, 0, 0, 1, 1, 0, 0, 1, 0, 1, 1, 1, 1, 0]",15740.0,16317.0,0.3525160203322407,-0.6114337137678488,-0.054488959167710314,-0.23295731524514138,-0.06670879924340213,-0.07412946629464255,-0.16547143701628758,-0.03231283449775203,-0.04317344340611509,0.0778669440877906,-0.06544171956609646,-0.09236929204096728,-0.026172253256940618,-0.46958011525157795,0.28748156146469017,-0.1482292857992833,-0.12296996338010098,-0.3012493410357806,0.02313302321270807,-0.008431530244752898,-0.039768111103099996,-0.05816090055260583,-0.023487699131707573,-0.016179347188425074,-0.053592719399028974,-0.018828211620055532,6.717,0.0,4.0,305.0,0.05263157894736842,53.0,4.0,0.0,0.0,15.0,29.0,9.0,38.0,0.9852895148669797,1.0,2.0,1.0,1.0,17248.0,6450.0,0.5157894736842106,0,4.0,285.0,61187
8463962,2024-12-05 05:28:57+00:00,1,,"[0, 0, 0, 0, 0, 0, 0, 0, 0, 0, 0, 1, 1, 1, 1]",25600.0,16317.0,0.3528389965051619,-0.6114337137678488,-0.054488959167710314,0.004753338369163321,-0.06670879924340213,-0.07412946629464255,-0.16547143701628758,-0.03231283449775203,-0.04317344340611509,0.0778669440877906,-0.06544171956609646,-0.09236929204096728,-0.026172253256940618,-0.10985411191684905,-0.03481326916714037,-0.1482292857992833,-0.12296996338010098,-0.3012493410357806,0.02313302321270807,-0.008431530244752898,-0.039768111103099996,-0.05816090055260583,-0.023487699131707573,-0.016179347188425074,0.015592503790590144,0.008044419973869708,6.717,0.0,2.0,377.0,0.06666666666666667,28.0,3.0,0.0,1.0,15.0,5.0,10.0,14.0,1.1514933429291112,1.0,2.0,1.0,1.0,1032.0,4583.0,0.45,0,0.0,350.0,29455
8472213,2024-12-08 04:24:31+00:00,1,,"[0, 0, 0, 0, 0, 0, 1, 1, 1, 1, 1, 1, 0, 1, 1, 1, 1, 1, 1, 1, 1, 1, 0, 0, 0, 1, 1, 1, 1, 1, 1, 1, 1, 0, 1, 1]",16032.0,16317.0,0.35293118541357793,-0.6114337137678488,-0.054488959167710314,-0.1165395030712408,-0.06670879924340213,-0.07412946629464255,0.01584713069282676,-0.03231283449775203,-0.04317344340611509,0.0778669440877906,-0.06544171956609646,-0.0069440649306055586,-0.026172253256940618,-0.15334582495827825,-0.03481326916714037,-0.1482292857992833,-0.12296996338010098,0.09263075257175206,-0.08168565936984104,-0.008431530244752898,-0.039768111103099996,-0.05484988672575293,-0.023487699131707573,-0.016179347188425074,-0.053592719399028974,-0.018828211620055532,6.717,0.0,3.0,382.0,0.027777777777777776,5.0,3.0,0.0,0.0,19.0,1.0,10.0,16.0,1.3789781524169964,1.0,1.0,0.0,329.0,2405.0,6000.0,0.7897897897897898,0,10.0,84.0,78310
8463810,2024-12-05 04:53:18+00:00,1,,"[0, 0, 0, 0, 0, 0, 0, 0, 0, 0, 0, 0, 0, 0, 0, 0, 0, 0, 0, 1, 1, 1, 1, 1, 1, 1, 1, 1, 1, 1, 1, 1, 1, 1, 1, 1, 1, 1, 1, 1, 1, 1, 1, 1, 1, 1, 1, 1, 1, 1, 1, 1, 1, 1, 1, 1, 1, 1, 1, 1, 1, 1, 1, 1, 1, 1, 1, 1, 1]",24318.0,16317.0,0.3529960590102989,-0.6114337137678488,-0.054488959167710314,-0.23295731524514138,-0.05738860713727523,-0.07412946629464255,-0.14267212177429597,-0.03231283449775203,-0.04317344340611509,-0.048236128980226715,0.035324081286162975,0.07090034106747711,-0.026172253256940618,-0.3292197513569699,-0.03481326916714037,-0.1482292857992833,0.06852539126647902,-0.3012493410357806,0.02313302321270807,0.12181209640599021,-0.039768111103099996,-0.05484988672575293,-0.023487699131707573,-0.016179347188425074,-0.053592719399028974,0.008044419973869708,6.717,0.0,5.0,278.0,0.014492753623188406,11.0,2.0,0.0,3.0,21.0,0.0,8.0,28.0,1.2815810276679842,1.0,0.0,1.0,1.0,265.0,5000.0,0.9213250517598344,0,10.0,246.0,42515
8461730,2024-12-04 06:34:09+00:00,1,,,24932.0,16317.0,0.3530386326567133,-0.6114337137678488,-0.054488959167710314,-0.5083517388880758,-0.06670879924340213,-0.07412946629464255,-0.16547143701628758,-0.03231283449775203,-0.04317344340611509,0.0778669440877906,-0.09921592132150975,-0.09236929204096728,-0.026172253256940618,-0.46958011525157795,0.28748156146469017,-0.1482292857992833,-0.12296996338010098,0.09263075257175206,-0.08168565936984104,-0.008431530244752898,-0.039768111103099996,-0.05816090055260583,-0.023487699131707573,-0.016179347188425074,-0.053592719399028974,0.141236061144545,6.717,0.0,35.0,600.0,0.0,162.0,0.0,0.0,0.0,0.0,99.0,10.0,383.0,0.99728,1.0,16.0,0.0,329.0,78968.0,4626.0,0.0,0,0.0,0.0,12
8464416,2024-12-05 07:42:12+00:00,1,,"[1, 1, 1, 1, 1, 1, 1, 1, 1, 1, 1, 1, 1, 1, 1, 1, 1, 1, 1, 1, 1, 1, 1, 1]",32469.0,16317.0,0.35428747139722155,-0.6114337137678488,0.26094868650223196,-0.5083517388880758,-0.06670879924340213,0.22755275636556374,-0.16547143701628758,-0.03231283449775203,-0.04317344340611509,-0.4142474070967134,-0.07791647071836902,-0.09236929204096728,-0.026172253256940618,-0.46958011525157795,-0.03481326916714037,-0.1482292857992833,0.06852539126647902,-0.3012493410357806,-0.08168565936984104,-0.008431530244752898,-0.039768111103099996,0.15904631144217646,-0.023487699131707573,-0.016179347188425074,0.13525803582801485,0.008044419973869708,6.717,198.0,6.0,332.0,1.0,44.0,4.0,0.0,5.0,2.0,3.0,10.0,62.0,1.2025555555555556,1.0,0.0,1.0,329.0,1547.0,4932.0,1.0,0,21.0,404.0,37103
8463337,2024-12-05 05:03:03+00:00,1,,"[0, 0, 0, 0, 0, 0, 0, 0, 0, 1, 1, 1, 1, 1, 1, 1, 1, 1, 1, 1, 1, 1]",27850.0,16317.0,0.3547604910157141,-0.6114337137678488,-0.054488959167710314,0.004753338369163321,-0.06670879924340213,-0.07412946629464255,-0.16547143701628758,0.030500288512228284,-0.04317344340611509,-0.048236128980226715,-0.07791647071836902,-0.09236929204096728,-0.026172253256940618,-0.46958011525157795,-0.03481326916714037,-0.1482292857992833,-0.12296996338010098,-0.3012493410357806,0.02313302321270807,-0.008431530244752898,0.08965056778496559,-0.05484988672575293,0.04284707524103316,-0.016179347188425074,-0.053592719399028974,-0.0035377154089891926,6.717,0.0,2.0,347.0,0.10809312638580931,22.0,7.0,0.0,3.0,2.0,4.0,10.0,39.0,1.144442161495788,1.0,1.0,1.0,1.0,78968.0,2080.0,0.8221343873517787,1,7.0,114.0,54825
8468710,2024-12-07 03:25:53+00:00,0,,"[1, 1, 1, 1, 1, 1, 1, 1, 1, 1, 1, 1, 1, 1, 1, 0, 0, 0, 0, 0, 0, 0, 1, 1, 1, 0, 0, 1, 1, 0, 1, 0, 1, 1, 0, 1, 0, 0, 1, 0, 1, 1, 0, 0, 0, 1, 1, 0, 1, 1, 1, 1, 1, 0, 1, 1, 0, 0, 1, 1]",21688.0,16317.0,0.356661406869718,-0.6114337137678488,-0.054488959167710314,-0.23295731524514138,-0.05738860713727523,-0.07412946629464255,-0.14267212177429597,-0.03231283449775203,-0.04317344340611509,-0.048236128980226715,-0.07791647071836902,-0.0069440649306055586,-0.026172253256940618,-0.46958011525157795,-0.03481326916714037,-0.1482292857992833,-0.12296996338010098,0.09263075257175206,0.02313302321270807,-0.008431530244752898,0.08965056778496559,-0.05816090055260583,0.04284707524103316,-0.016179347188425074,-0.053592719399028974,-0.018828211620055532,6.717,0.0,4.0,240.0,0.26666666666666666,9.0,5.0,0.0,3.0,7.0,1.0,10.0,42.0,1.2464367816091955,1.0,1.0,0.0,1.0,1428.0,1018.0,0.5918032786885246,1,22.0,268.0,93755
8437909,2024-12-03 02:12:19+00:00,1,,,22647.0,16317.0,0.35695625007637244,-0.6114337137678488,-0.054488959167710314,-0.23295731524514138,-0.06670879924340213,-0.07412946629464255,-0.043774865933036713,-0.03231283449775203,-0.04317344340611509,0.0778669440877906,-0.09921592132150975,0.07090034106747711,-0.026172253256940618,-0.15334582495827825,-0.03481326916714037,0.13611650753568505,-0.12296996338010098,0.09263075257175206,-0.08168565936984104,-0.008431530244752898,-0.039768111103099996,-0.05816090055260583,-0.023487699131707573,-0.016179347188425074,-0.053592719399028974,-0.018828211620055532,6.717,0.0,5.0,600.0,0.0,7.0,0.0,0.0,0.0,0.0,0.0,10.0,19.0,1.2599165507649512,0.0,1.0,0.0,329.0,78968.0,4500.0,0.0,0,0.0,53.0,66986
8469446,2024-12-07 05:53:11+00:00,1,,"[0, 0, 0, 0, 0, 0, 0, 0, 0, 0, 0, 0, 0, 0, 0, 0, 0, 1, 1]",23516.0,16317.0,0.35774834758728835,-0.6114337137678488,-0.054488959167710314,-0.1165395030712408,-0.06670879924340213,-0.07412946629464255,-0.16547143701628758,-0.03231283449775203,-0.04317344340611509,-0.4142474070967134,-0.07791647071836902,-0.09236929204096728,-0.026172253256940618,-0.15334582495827825,-0.03481326916714037,0.13611650753568505,0.06852539126647902,0.09263075257175206,0.02313302321270807,-0.008431530244752898,-0.039768111103099996,-0.05816090055260583,-0.023487699131707573,-0.016179347188425074,-0.053592719399028974,0.008044419973869708,6.717,0.0,3.0,386.0,0.22695562435500516,20.0,2.0,0.0,4.0,5.0,2.0,10.0,17.0,1.1758,0.0,0.0,0.0,1.0,78968.0,7000.0,0.19473684210526315,0,0.0,88.0,38000
8427149,2024-12-03 05:12:22+00:00,1,,"[0, 0, 0, 0, 0, 0, 0, 0, 0, 0, 0, 0, 0, 0, 0, 0, 0, 0, 0, 0, 0, 0, 0, 0, 1, 1, 1, 1]",29067.0,16317.0,0.3628627075365185,-0.6114337137678488,-0.054488959167710314,-0.23295731524514138,-0.05738860713727523,-0.07412946629464255,-0.16547143701628758,-0.03231283449775203,-0.04317344340611509,0.0778669440877906,0.08779149858909129,-0.09236929204096728,-0.026172253256940618,-0.3292197513569699,-0.03481326916714037,-0.1482292857992833,-0.12296996338010098,-0.3012493410357806,-0.08168565936984104,-0.008431530244752898,-0.009607996814591997,-0.05816090055260583,-0.023487699131707573,-0.016179347188425074,0.2103895073799279,0.008044419973869708,6.717,0.0,4.0,290.0,0.03571428571428571,32.0,3.0,0.0,1.0,27.0,3.0,9.0,29.0,1.1851987767584098,1.0,3.0,1.0,329.0,2263.0,3733.0,0.26108374384236455,0,13.0,430.0,30934
8436497,2024-12-01 09:34:20+00:00,1,,"[0, 0, 0, 0, 0, 0, 0, 0, 0, 0, 0, 0, 0, 0, 0, 0, 0, 0, 0, 0, 0, 0, 0, 0, 1, 1, 1, 1, 1, 1, 1, 1, 1, 1, 1, 1, 1, 1, 1, 1, 1]",21327.0,16317.0,0.3630997517068871,-0.6114337137678488,-0.054488959167710314,-0.1165395030712408,-0.05738860713727523,-0.07412946629464255,-0.16547143701628758,-0.03231283449775203,-0.04317344340611509,-0.4142474070967134,-0.07791647071836902,-0.09236929204096728,-0.026172253256940618,-0.10985411191684905,0.28748156146469017,-0.1482292857992833,-0.12296996338010098,-0.3012493410357806,-0.08168565936984104,-0.008431530244752898,-0.039768111103099996,-0.05816090055260583,0.04284707524103316,-0.016179347188425074,-0.053592719399028974,0.141236061144545,6.717,0.0,3.0,261.0,0.024390243902439025,18.0,2.0,0.0,5.0,2.0,5.0,9.0,14.0,0.7642990252293578,1.0,2.0,1.0,329.0,7465.0,5683.0,0.6515679442508711,1,26.0,141.0,6
8463718,2024-12-05 04:34:07+00:00,1,"[1, 1, 1, 1, 1, 1, 1, 1, 1, 1, 1, 0, 1, 0, 1, 0, 1, 0, 1, 1, 1, 0, 0, 0, 0, 0, 0, 1, 1, 0, 0, 1, 1]","[1, 1, 1, 1, 1, 1, 1, 1, 1, 1, 1, 1, 1, 1, 0, 1, 1, 1, 1, 1, 1, 1, 1, 1, 1, 1, 1, 1, 1, 1, 1, 1, 1, 1, 1, 1, 1, 1, 1, 1, 1, 1, 1, 1, 1, 1, 1, 1]",19325.0,563.0,0.3638633840093284,-0.6114337137678488,-0.054488959167710314,-0.23295731524514138,-0.05738860713727523,-0.07412946629464255,-0.16547143701628758,-0.03231283449775203,-0.04317344340611509,0.0778669440877906,-0.07791647071836902,-0.09236929204096728,-0.026172253256940618,-0.46958011525157795,-0.03481326916714037,-0.1482292857992833,-0.12296996338010098,-0.3012493410357806,0.02313302321270807,-0.008431530244752898,-0.039768111103099996,0.15904631144217646,0.04284707524103316,0.05393564252282038,0.13525803582801485,-0.018828211620055532,6.717,0.0,4.0,216.0,0.3380681818181818,38.0,3.0,0.6363636363636364,0.0,2.0,4.0,2.0,68.0,1.1765601217656012,1.0,2.0,1.0,1.0,2365.0,6697.0,0.9872448979591837,1,40.0,392.0,58470
8462725,2024-12-05 00:42:58+00:00,1,,,22345.0,16317.0,0.3649247020069364,-0.6114337137678488,-0.054488959167710314,-0.1165395030712408,-0.05738860713727523,-0.07412946629464255,-0.16547143701628758,-0.03231283449775203,-0.04317344340611509,0.0778669440877906,-0.07791647071836902,-0.09236929204096728,-0.026172253256940618,-0.15334582495827825,-0.03481326916714037,-0.1482292857992833,-0.12296996338010098,-0.3012493410357806,0.02313302321270807,-0.008431530244752898,-0.009607996814591997,-0.05816090055260583,-0.023487699131707573,-0.016179347188425074,0.015592503790590144,-0.018828211620055532,6.717,0.0,3.0,254.0,0.0,19.0,3.0,0.0,1.0,3.0,3.0,10.0,17.0,1.1458974358974359,1.0,1.0,1.0,1.0,78968.0,3500.0,0.0,0,19.0,318.0,57000
8462482,2024-12-04 23:48:42+00:00,1,"[1, 1, 1, 1, 1, 1, 1]","[0, 0, 0, 0, 0, 0, 0, 0, 0, 0, 0, 0, 0, 0, 0, 0, 0, 0, 0, 0, 0, 0, 0, 0, 0, 0, 0, 0, 0, 0, 0, 0, 0, 0, 0, 0, 0, 0, 0, 0, 0, 0, 0, 0, 0, 0, 0, 0, 0, 0, 0, 0, 0, 0, 0, 0, 0, 1, 1, 1, 1, 1, 0, 1, 1, 1]",18416.0,16317.0,0.365600664563444,-0.6114337137678488,-0.054488959167710314,-0.5083517388880758,-0.06670879924340213,0.17561735485816402,-0.16547143701628758,-0.03231283449775203,0.1740873916033103,0.0778669440877906,-0.07791647071836902,-0.09236929204096728,-0.026172253256940618,-0.3292197513569699,-0.03481326916714037,-0.1482292857992833,-0.12296996338010098,-0.3012493410357806,0.02313302321270807,-0.008431530244752898,-0.009607996814591997,-0.05816090055260583,-0.023487699131707573,-0.016179347188425074,-0.053592719399028974,-0.018828211620055532,6.717,0.0,6.0,340.0,0.6717171717171717,19.0,6.0,1.0,0.0,3.0,7.0,9.0,25.0,1.2527891156462585,1.0,1.0,1.0,1.0,2796.0,3900.0,0.22388059701492538,0,26.0,205.0,63588
8472044,2024-12-08 03:53:31+00:00,1,,,10807.0,16317.0,0.3675799915000276,-0.6114337137678488,-0.054488959167710314,-0.23295731524514138,-0.06670879924340213,-0.07412946629464255,-0.16547143701628758,-0.03231283449775203,-0.04317344340611509,0.0778669440877906,-0.09921592132150975,-0.09236929204096728,-0.026172253256940618,-0.15334582495827825,-0.03481326916714037,-0.1482292857992833,-0.12296996338010098,0.09263075257175206,0.02313302321270807,-0.008431530244752898,-0.039768111103099996,-0.05816090055260583,-0.023487699131707573,-0.016179347188425074,-0.053592719399028974,-0.03707202918461854,6.717,0.0,5.0,384.0,0.0,17.0,3.0,0.0,0.0,1.0,3.0,10.0,19.0,1.3522272272272273,1.0,2.0,0.0,1.0,363.0,7900.0,0.0,0,5.0,282.0,110959
8460266,2024-12-04 00:42:44+00:00,1,,"[0, 0, 0, 0, 0, 0, 0, 0, 0, 0, 0, 0, 0, 0, 0, 1, 1, 1, 0, 1, 1, 1, 1, 1, 1, 1, 0, 1, 1, 1, 1, 1, 1, 1, 1, 1, 1, 1, 1, 1, 1, 1, 1, 1, 1, 1, 1, 1]",21854.0,16317.0,0.36822856722046216,-0.6114337137678488,-0.054488959167710314,-0.23295731524514138,-0.06670879924340213,-0.07412946629464255,-0.16547143701628758,-0.03231283449775203,-0.04317344340611509,0.0778669440877906,-0.07791647071836902,-0.09236929204096728,-0.026172253256940618,-0.15334582495827825,0.16413019796925432,-0.1482292857992833,-0.12296996338010098,-0.3012493410357806,-0.08168565936984104,-0.008431530244752898,-0.039768111103099996,-0.05484988672575293,-0.023487699131707573,-0.016179347188425074,-0.053592719399028974,-0.0035377154089891926,6.717,21.0,4.0,444.0,0.03673245614035087,19.0,4.0,0.0,0.0,4.0,6.0,9.0,16.0,1.1175658399386346,1.0,4.0,1.0,329.0,844.0,6000.0,0.858843537414966,0,18.0,178.0,55222
8439297,2024-12-03 06:53:08+00:00,1,"[0, 0, 1, 1]",,45000.0,16317.0,0.36837073704643053,-0.6114337137678488,-0.054488959167710314,-0.1165395030712408,-0.06670879924340213,-0.07412946629464255,-0.16547143701628758,-0.03231283449775203,-0.04317344340611509,-0.4142474070967134,-0.07791647071836902,-0.09236929204096728,-0.026172253256940618,-0.15334582495827825,-0.03481326916714037,0.13611650753568505,-0.12296996338010098,0.09263075257175206,0.02313302321270807,-0.008431530244752898,-0.039768111103099996,-0.05816090055260583,-0.023487699131707573,-0.016179347188425074,0.04095250473658998,0.141236061144545,6.717,0.0,3.0,398.0,0.25,17.0,1.0,0.5,4.0,2.0,3.0,10.0,16.0,1.6,0.0,1.0,0.0,1.0,11537.0,6200.0,0.0,0,5.0,363.0,0
8466180,2024-12-06 04:09:48+00:00,1,,,12724.0,16317.0,0.36887745647208353,-0.6114337137678488,-0.054488959167710314,-0.23295731524514138,-0.05738860713727523,-0.07412946629464255,-0.14267212177429597,-0.03231283449775203,-0.04317344340611509,-0.4142474070967134,-0.06544171956609646,-0.09236929204096728,-0.026172253256940618,0.08251752792097579,-0.03481326916714037,0.13611650753568505,0.06852539126647902,-0.3012493410357806,0.02313302321270807,-0.008431530244752898,-0.009607996814591997,-0.05816090055260583,-0.023487699131707573,-0.016179347188425074,-0.053592719399028974,-0.0035377154089891926,6.717,0.0,4.0,276.0,0.0,9.0,0.0,0.0,4.0,12.0,4.0,10.0,8.0,1.1700229885057472,0.0,0.0,1.0,1.0,78968.0,3600.0,0.0,0,10.0,54.0,48265
8460487,2024-12-04 01:28:42+00:00,1,,"[0, 0, 0, 0, 0, 0, 0, 0, 0, 0, 0, 0, 0, 0, 0, 0, 0, 0, 0, 0, 0, 0, 0, 0, 0, 1, 1, 0, 0, 0, 0, 1, 1, 1, 1]",45000.0,16317.0,0.36895677571994345,-0.6114337137678488,-0.054488959167710314,-0.23295731524514138,-0.06670879924340213,-0.07412946629464255,-0.16547143701628758,-0.03231283449775203,-0.04317344340611509,0.0778669440877906,-0.07791647071836902,-0.09236929204096728,-0.026172253256940618,-0.2062583476798761,-0.03481326916714037,-0.1482292857992833,-0.12296996338010098,0.09263075257175206,-0.08168565936984104,-0.008431530244752898,-0.039768111103099996,-0.05816090055260583,-0.023487699131707573,-0.016179347188425074,-0.053592719399028974,0.141236061144545,6.717,0.0,4.0,340.0,0.13333333333333333,27.0,4.0,0.0,0.0,8.0,2.0,8.0,22.0,1.6,1.0,2.0,0.0,329.0,3618.0,4500.0,0.2968253968253968,0,10.0,160.0,0
8436560,2024-12-02 00:09:35+00:00,1,,"[0, 0, 0, 0, 0, 0, 0, 0, 0, 0, 0, 0, 0, 0, 0, 0, 0, 0, 0, 0, 0, 0, 0, 0, 0, 0, 0, 0, 0, 0, 0, 0, 0, 0, 0, 0, 0, 0, 0, 0, 0, 0, 0, 0, 0, 0, 0, 0, 0, 0, 0, 0, 1, 1, 1, 0, 1, 0, 0, 1]",36007.0,16317.0,0.3697921963134128,-0.6114337137678488,-0.054488959167710314,-0.5083517388880758,-0.06670879924340213,-0.07412946629464255,-0.16547143701628758,-0.03231283449775203,-0.04317344340611509,-0.048236128980226715,-0.07791647071836902,-0.09236929204096728,-0.026172253256940618,-0.46958011525157795,0.28748156146469017,-0.1482292857992833,0.06852539126647902,-0.3012493410357806,0.02313302321270807,-0.008431530244752898,-0.039768111103099996,-0.05816090055260583,-0.023487699131707573,-0.016179347188425074,-0.053592719399028974,-0.03707202918461854,6.717,0.0,15.0,401.0,0.016666666666666666,63.0,2.0,0.0,3.0,11.0,3.0,9.0,114.0,0.9370722186076773,1.0,0.0,1.0,1.0,4160.0,5500.0,0.15245901639344261,0,1.0,273.0,117145
8469014,2024-12-07 04:21:41+00:00,1,,"[0, 0, 0, 0, 0, 0, 0, 0, 0, 1, 1, 1, 1, 1]",7964.0,16317.0,0.3708388029953731,-0.6114337137678488,-0.054488959167710314,-0.5083517388880758,0.11939328962621384,-0.07412946629464255,-0.16547143701628758,-0.03231283449775203,-0.04317344340611509,-0.048236128980226715,-0.06544171956609646,-0.0069440649306055586,-0.026172253256940618,-0.46958011525157795,-0.03481326916714037,-0.1482292857992833,0.06852539126647902,0.09263075257175206,0.02313302321270807,-0.008431530244752898,-0.039768111103099996,-0.05816090055260583,-0.023487699131707573,-0.016179347188425074,-0.053592719399028974,-0.018828211620055532,6.717,0.0,7.0,130.0,0.296994671994672,28.0,0.0,0.0,3.0,16.0,1.0,9.0,46.0,1.1500361010830324,1.0,0.0,0.0,1.0,1347.0,6256.0,0.5714285714285714,0,11.0,151.0,74436
8438766,2024-12-03 05:04:02+00:00,0,[1],,19142.0,622.0,0.371508770225058,-0.6114337137678488,-0.054488959167710314,-0.5083517388880758,-0.05738860713727523,0.22755275636556374,-0.16547143701628758,-0.03231283449775203,0.1740873916033103,-0.4142474070967134,-0.07791647071836902,-0.09236929204096728,0.13238330771477913,-0.46958011525157795,-0.03481326916714037,-0.1482292857992833,0.06852539126647902,-0.3012493410357806,0.02313302321270807,-0.008431530244752898,0.04544625733308562,-0.05816090055260583,0.04284707524103316,-0.016179347188425074,0.006896750883670848,0.008044419973869708,6.717,0.0,6.0,246.0,1.0,22.0,1.0,1.0,4.0,4.0,4.0,1.0,37.0,1.1479460269865067,1.0,0.0,1.0,1.0,7396.0,3070.0,0.0,1,17.0,309.0,41738
8469137,2024-12-07 04:49:55+00:00,1,,,27251.0,16317.0,0.3734331790232564,-0.6114337137678488,-0.054488959167710314,-0.5083517388880758,-0.06670879924340213,-0.07412946629464255,-0.16547143701628758,-0.03231283449775203,-0.04317344340611509,0.0778669440877906,-0.07791647071836902,-0.0069440649306055586,-0.026172253256940618,-0.3292197513569699,-0.03481326916714037,-0.1482292857992833,0.06852539126647902,0.09263075257175206,0.02313302321270807,-0.008431530244752898,-0.039768111103099996,-0.05816090055260583,-0.023487699131707573,-0.016179347188425074,-0.053592719399028974,-0.0035377154089891926,6.717,0.0,8.0,416.0,0.0,14.0,3.0,0.0,0.0,4.0,1.0,10.0,32.0,1.1720860215053763,1.0,0.0,0.0,1.0,78968.0,5633.0,0.0,0,7.0,35.0,48271
8460554,2024-12-04 01:44:29+00:00,1,,,16434.0,16317.0,0.37387556089443685,-0.6114337137678488,-0.054488959167710314,0.004753338369163321,-0.05738860713727523,-0.07412946629464255,-0.14267212177429597,-0.03231283449775203,-0.04317344340611509,-0.4142474070967134,-0.07791647071836902,0.07090034106747711,-0.026172253256940618,-0.01066169917084148,-0.03481326916714037,-0.1482292857992833,-0.12296996338010098,0.09263075257175206,0.02313302321270807,-0.008431530244752898,-0.039768111103099996,-0.05816090055260583,-0.023487699131707573,0.05393564252282038,-0.053592719399028974,-0.018828211620055532,6.717,0.0,2.0,272.0,0.0,12.0,5.0,0.0,4.0,3.0,0.0,10.0,13.0,1.2473624288425047,1.0,1.0,0.0,1.0,1470.0,6020.0,0.0,0,43.0,258.0,87840
8462999,2024-12-05 01:46:59+00:00,1,,"[1, 1, 1, 1, 1]",14005.0,16317.0,0.3750449880436035,-0.6114337137678488,-0.054488959167710314,-0.5083517388880758,-0.05738860713727523,0.22755275636556374,-0.16547143701628758,-0.03231283449775203,-0.04317344340611509,-0.4142474070967134,-0.07791647071836902,-0.09236929204096728,-0.026172253256940618,-0.3292197513569699,0.28748156146469017,-0.1482292857992833,-0.12296996338010098,-0.3012493410357806,-0.08168565936984104,-0.008431530244752898,-0.039768111103099996,0.15904631144217646,-0.023487699131707573,-0.016179347188425074,0.13525803582801485,-0.0035377154089891926,6.717,0.0,6.0,238.0,0.8846153846153846,36.0,1.0,0.0,5.0,2.0,4.0,10.0,31.0,0.8539634146341464,1.0,1.0,1.0,329.0,2638.0,7500.0,1.0,0,27.0,391.0,49857
8470267,2024-12-07 22:32:05+00:00,0,,,18060.0,16317.0,0.37594260916365346,-0.6114337137678488,-0.054488959167710314,0.2259612567881653,-0.06670879924340213,-0.07412946629464255,-0.16547143701628758,-0.03231283449775203,-0.04317344340611509,-0.4142474070967134,-0.09921592132150975,-0.09236929204096728,-0.026172253256940618,0.25953741616204173,-0.03481326916714037,-0.1482292857992833,-0.12296996338010098,-0.3012493410357806,-0.08168565936984104,-0.008431530244752898,-0.009607996814591997,-0.05816090055260583,0.04284707524103316,-0.016179347188425074,-0.053592719399028974,-0.018828211620055532,6.717,0.0,1.0,600.0,0.0,162.0,0.0,0.0,5.0,0.0,99.0,10.0,4.0,1.2637324190049681,1.0,16.0,1.0,329.0,78968.0,4000.0,0.0,1,0.0,7.0,71100
8465973,2024-12-06 03:23:59+00:00,1,,,13370.0,16317.0,0.3773832925323753,-0.6114337137678488,-0.054488959167710314,-0.5083517388880758,-0.05738860713727523,-0.07412946629464255,-0.16547143701628758,-0.03231283449775203,-0.04317344340611509,-0.048236128980226715,-0.07791647071836902,-0.09236929204096728,-0.026172253256940618,-0.46958011525157795,0.16413019796925432,-0.1482292857992833,0.06852539126647902,-0.3012493410357806,0.02313302321270807,-0.008431530244752898,-0.009607996814591997,-0.05816090055260583,-0.023487699131707573,-0.016179347188425074,0.015592503790590144,-0.018828211620055532,6.717,0.0,9.0,300.0,0.0,20.0,0.0,0.0,2.0,6.0,4.0,10.0,33.0,1.0364341085271318,1.0,0.0,1.0,1.0,393.0,3500.0,0.0,0,0.0,331.0,94133
8460241,2024-12-04 00:36:10+00:00,1,,,14687.0,16317.0,0.37767783819521844,-0.6114337137678488,-0.054488959167710314,-0.1165395030712408,-0.05738860713727523,-0.07412946629464255,-0.16547143701628758,-0.03231283449775203,-0.04317344340611509,-0.4142474070967134,-0.07791647071836902,-0.09236929204096728,-0.026172253256940618,-0.2062583476798761,0.28748156146469017,-0.1482292857992833,-0.12296996338010098,-0.3012493410357806,-0.08168565936984104,-0.008431530244752898,-0.009607996814591997,-0.05816090055260583,-0.023487699131707573,0.05393564252282038,-0.053592719399028974,0.008044419973869708,6.717,0.0,3.0,280.0,0.0,17.0,3.0,0.0,5.0,9.0,3.0,10.0,22.0,0.9824080267558528,1.0,1.0,1.0,329.0,1059.0,4381.0,0.0,0,37.0,233.0,35000
8469172,2024-12-07 04:55:15+00:00,1,,"[0, 0, 0, 0, 0, 0, 0, 1, 0, 1, 1]",15239.0,16317.0,0.37772333662261426,-0.6114337137678488,-0.054488959167710314,-0.5083517388880758,-0.05738860713727523,-0.07412946629464255,-0.16547143701628758,-0.03231283449775203,-0.04317344340611509,0.0778669440877906,-0.06544171956609646,-0.09236929204096728,-0.026172253256940618,-0.46958011525157795,0.28748156146469017,-0.1482292857992833,-0.12296996338010098,-0.3012493410357806,0.02313302321270807,-0.008431530244752898,-0.039768111103099996,-0.05816090055260583,-0.023487699131707573,-0.016179347188425074,0.015592503790590144,-0.03707202918461854,6.717,0.0,14.0,287.0,0.061237373737373736,91.0,5.0,0.0,1.0,12.0,10.0,9.0,107.0,1.0297317386309885,1.0,5.0,1.0,1.0,1892.0,7965.0,0.4393939393939394,0,8.0,330.0,103662
8470386,2024-12-07 22:58:47+00:00,1,"[0, 0, 1, 1]","[0, 0, 0, 0, 0, 0, 0, 0, 0, 0, 0, 0, 0, 0, 0, 1, 0, 1, 1, 1, 1, 1, 1, 1, 0, 1, 1, 1, 0, 1, 1]",7356.0,392.0,0.3781211242943605,-0.6114337137678488,-0.054488959167710314,-0.5083517388880758,-0.06670879924340213,-0.07412946629464255,-0.16547143701628758,-0.03231283449775203,-0.04317344340611509,-0.048236128980226715,-0.07791647071836902,-0.0069440649306055586,-0.026172253256940618,-0.3292197513569699,-0.03481326916714037,0.13611650753568505,0.06852539126647902,-0.3012493410357806,0.02313302321270807,-0.008431530244752898,0.04544625733308562,-0.05816090055260583,0.04284707524103316,-0.016179347188425074,-0.053592719399028974,-0.03707202918461854,6.717,0.0,9.0,338.0,0.09921422663358147,21.0,2.0,0.5,3.0,5.0,1.0,9.0,29.0,1.2467796610169493,0.0,0.0,1.0,1.0,1697.0,3015.0,0.6149193548387096,1,13.0,275.0,119936
8461815,2024-12-04 07:01:34+00:00,1,,"[0, 0, 0, 0, 0, 0, 0, 0, 0, 0, 0, 0, 0, 0, 0, 0, 0, 0, 0, 0, 0, 0, 0, 0, 0, 1, 1, 1, 1, 1, 1, 1, 1, 1, 1, 1]",969.0,16317.0,0.37820306197279185,-0.6114337137678488,-0.054488959167710314,-0.5083517388880758,-0.06670879924340213,-0.07412946629464255,-0.16547143701628758,-0.03231283449775203,-0.04317344340611509,0.0778669440877906,-0.07791647071836902,-0.09236929204096728,-0.026172253256940618,-0.46958011525157795,0.28748156146469017,-0.1482292857992833,-0.12296996338010098,-0.3012493410357806,-0.08168565936984104,-0.008431530244752898,-0.009607996814591997,-0.05816090055260583,-0.023487699131707573,-0.016179347188425074,-0.053592719399028974,0.141236061144545,6.717,0.0,11.0,339.0,0.027777777777777776,41.0,1.0,0.0,0.0,9.0,4.0,8.0,65.0,0.034453333333333336,1.0,3.0,1.0,329.0,1804.0,4333.0,0.512012012012012,0,29.0,227.0,0
8460347,2024-12-04 00:55:52+00:00,1,,,18695.0,16317.0,0.37908040768112106,-0.6114337137678488,-0.054488959167710314,-0.23295731524514138,-0.06670879924340213,-0.07412946629464255,-0.14267212177429597,-0.03231283449775203,-0.04317344340611509,-0.048236128980226715,-0.06544171956609646,-0.09236929204096728,-0.026172253256940618,-0.3292197513569699,-0.03481326916714037,0.13611650753568505,0.06852539126647902,-0.3012493410357806,0.02313302321270807,-0.008431530244752898,-0.039768111103099996,-0.05816090055260583,-0.023487699131707573,-0.016179347188425074,-0.053592719399028974,-0.018828211620055532,6.717,0.0,5.0,356.0,0.0,12.0,2.0,0.0,3.0,20.0,3.0,10.0,24.0,1.2982638888888889,0.0,0.0,1.0,1.0,807.0,4800.0,0.0,0,12.0,221.0,80642
8465156,2024-12-06 00:21:23+00:00,1,,"[0, 0, 0, 0, 0, 0, 0, 0, 0, 0, 0, 1, 1, 1, 1, 1, 1, 1, 1, 1, 1]",11932.0,16317.0,0.37992801943086635,-0.6114337137678488,-0.054488959167710314,0.004753338369163321,-0.06670879924340213,-0.07412946629464255,-0.16547143701628758,-0.03231283449775203,-0.04317344340611509,-0.048236128980226715,-0.07791647071836902,-0.09236929204096728,-0.026172253256940618,-0.46958011525157795,-0.03481326916714037,-0.1482292857992833,0.06852539126647902,-0.3012493410357806,0.02313302321270807,-0.008431530244752898,-0.009607996814591997,-0.05816090055260583,-0.023487699131707573,-0.016179347188425074,-0.053592719399028974,-0.03707202918461854,6.717,0.0,2.0,436.0,0.10714285714285714,29.0,6.0,0.0,2.0,5.0,2.0,9.0,38.0,1.2294693456980939,1.0,0.0,1.0,1.0,3669.0,4000.0,0.7142857142857143,0,8.0,285.0,105026
8463628,2024-12-05 04:10:25+00:00,1,"[0, 0, 0, 0, 0, 0, 0, 0, 0, 0, 0, 0, 0, 0, 0, 0, 0, 0, 0, 0, 0, 0, 0, 0, 0, 0, 0, 0, 0, 0, 0, 0, 0, 0, 0, 0, 0, 0, 0, 0, 0, 0, 0, 0, 0, 0, 0, 0, 0, 0, 0, 0, 1, 1, 0, 1, 1, 1]",,15593.0,16317.0,0.38293091728318746,-0.6114337137678488,-0.054488959167710314,-0.23295731524514138,-0.06670879924340213,-0.07412946629464255,-0.14267212177429597,-0.03231283449775203,-0.04317344340611509,-0.4142474070967134,0.2659552272166623,-0.0069440649306055586,-0.026172253256940618,-0.2062583476798761,-0.03481326916714037,-0.1482292857992833,-0.12296996338010098,-0.3012493410357806,-0.08168565936984104,-0.008431530244752898,0.08965056778496559,-0.05816090055260583,0.04284707524103316,-0.016179347188425074,-0.053592719399028974,-0.018828211620055532,6.717,0.0,4.0,305.0,0.017241379310344827,13.0,2.0,0.08620689655172414,5.0,36.0,1.0,5.0,22.0,1.183529411764706,1.0,1.0,1.0,329.0,2882.0,2250.0,0.0,1,21.0,215.0,66565
8462685,2024-12-05 00:34:08+00:00,0,,"[0, 0, 0, 0, 0, 0, 0, 0, 0, 1, 0, 1, 1, 0, 0, 1, 1, 1, 1, 0, 0, 1]",24999.0,16317.0,0.3829890442027326,-0.6114337137678488,-0.054488959167710314,-0.5083517388880758,0.11939328962621384,-0.07412946629464255,-0.16547143701628758,-0.03231283449775203,-0.04317344340611509,-0.048236128980226715,-0.06544171956609646,-0.09236929204096728,-0.026172253256940618,-0.46958011525157795,-0.03481326916714037,0.13611650753568505,-0.12296996338010098,0.09263075257175206,0.02313302321270807,-0.008431530244752898,-0.039768111103099996,-0.05816090055260583,0.04284707524103316,-0.016179347188425074,-0.053592719399028974,0.008044419973869708,6.717,0.0,7.0,209.0,0.045454545454545456,28.0,5.0,0.0,3.0,12.0,4.0,9.0,42.0,1.1613937282229965,0.0,1.0,0.0,1.0,6385.0,5500.0,0.5019762845849802,1,7.0,216.0,33989
8469028,2024-12-07 04:25:17+00:00,1,"[0, 1, 0, 0, 1, 0, 0, 0, 1, 1, 0, 0, 0, 0, 0, 1, 0, 0, 0, 1, 1, 1, 1, 1, 1, 0, 1, 0, 1, 0, 1, 1, 0, 1, 1, 1, 1, 1, 1, 1, 1, 0, 1, 1, 1, 1, 1, 1, 1, 1, 1]","[1, 1, 1, 1, 1, 1, 1]",17447.0,414.0,0.38332328821605566,-0.6114337137678488,-0.054488959167710314,-0.23295731524514138,-0.05738860713727523,-0.05564041606933876,-0.16547143701628758,0.030500288512228284,-0.04317344340611509,-0.4142474070967134,-0.07791647071836902,0.07090034106747711,-0.026172253256940618,-0.2062583476798761,-0.03481326916714037,-0.1482292857992833,0.06852539126647902,-0.3012493410357806,0.02313302321270807,-0.008431530244752898,-0.039768111103099996,0.15904631144217646,-0.023487699131707573,-0.016179347188425074,-0.053592719399028974,0.008044419973869708,6.717,0.0,4.0,267.0,0.5098039215686274,50.0,7.0,0.6274509803921569,4.0,4.0,0.0,2.0,22.0,1.2053195164075994,1.0,0.0,1.0,1.0,1924.0,8286.099999999991,1.0,0,28.0,129.0,38728
8438416,2024-12-03 03:56:51+00:00,0,,,13762.0,16317.0,0.3846380384890908,-0.6114337137678488,-0.054488959167710314,-0.5083517388880758,-0.06670879924340213,-0.07412946629464255,-0.16547143701628758,-0.03231283449775203,-0.04317344340611509,0.0778669440877906,-0.09921592132150975,-0.09236929204096728,-0.026172253256940618,-0.46958011525157795,-0.03481326916714037,0.13611650753568505,-0.12296996338010098,0.09263075257175206,-0.08168565936984104,-0.008431530244752898,0.08965056778496559,-0.05816090055260583,0.04284707524103316,-0.016179347188425074,-0.053592719399028974,-0.03707202918461854,6.717,0.0,35.0,600.0,0.0,162.0,0.0,0.0,0.0,0.0,99.0,10.0,383.0,1.2454298642533936,0.0,16.0,0.0,329.0,78968.0,2500.0,0.0,1,0.0,0.0,100872
8467376,2024-12-06 22:29:02+00:00,1,"[1, 1, 1, 1, 1, 1, 1, 1, 0, 1, 1, 1, 1, 1, 1, 1, 1, 1, 1, 1, 1, 1, 1, 1, 1, 1, 1, 1, 1, 1]","[1, 1, 1, 0, 0, 0, 0, 0, 0, 1, 1, 1, 1, 1, 1, 0, 1, 1, 0, 0, 0, 1, 1, 1, 0, 0, 0, 0, 0, 0, 1, 0, 0, 0, 0, 1, 1, 1]",16331.0,701.0,0.38717296915699034,-0.6114337137678488,-0.054488959167710314,-0.5083517388880758,-0.05738860713727523,-0.07412946629464255,-0.16547143701628758,-0.03231283449775203,0.1740873916033103,0.0778669440877906,-0.07791647071836902,0.07090034106747711,0.13238330771477913,-0.3292197513569699,-0.03481326916714037,-0.1482292857992833,-0.12296996338010098,-0.3012493410357806,0.02313302321270807,-0.008431530244752898,-0.009607996814591997,-0.05816090055260583,-0.023487699131707573,-0.016179347188425074,-0.053592719399028974,-0.018828211620055532,6.717,0.0,6.0,276.0,0.2026315789473684,50.0,5.0,0.9666666666666667,0.0,4.0,0.0,1.0,28.0,1.1480492091388401,1.0,1.0,1.0,1.0,8073.0,3955.0,0.44129554655870445,0,29.0,208.0,63769
8462768,2024-12-05 00:52:07+00:00,1,"[1, 1, 1, 0]",,17438.0,655.0,0.38884393566256653,-0.6114337137678488,-0.054488959167710314,-0.5083517388880758,-0.06670879924340213,0.22755275636556374,-0.16547143701628758,-0.03231283449775203,-0.04317344340611509,0.0778669440877906,-0.07791647071836902,-0.09236929204096728,0.13238330771477913,-0.46958011525157795,-0.03481326916714037,-0.1482292857992833,-0.12296996338010098,0.09263075257175206,0.02313302321270807,-0.008431530244752898,-0.009607996814591997,-0.05816090055260583,0.04284707524103316,-0.016179347188425074,-0.053592719399028974,-0.018828211620055532,6.717,0.0,10.0,403.0,1.0,22.0,3.0,0.75,1.0,2.0,6.0,1.0,36.0,1.198487972508591,1.0,1.0,0.0,1.0,78968.0,4278.0,0.0,1,7.0,140.0,87597
8464868,2024-12-05 23:09:54+00:00,1,,,23510.0,16317.0,0.3890357746276068,-0.6114337137678488,-0.054488959167710314,-0.5083517388880758,-0.06670879924340213,-0.07412946629464255,-0.16547143701628758,-0.03231283449775203,-0.04317344340611509,0.0778669440877906,0.035324081286162975,-0.09236929204096728,-0.026172253256940618,-0.15334582495827825,-0.03481326916714037,-0.1482292857992833,-0.12296996338010098,0.09263075257175206,-0.08168565936984104,-0.008431530244752898,-0.039768111103099996,-0.05816090055260583,-0.023487699131707573,-0.016179347188425074,0.006896750883670848,-0.018828211620055532,6.717,0.0,7.0,319.0,0.0,17.0,2.0,0.0,0.0,24.0,9.0,10.0,16.0,1.1426488456865127,1.0,3.0,0.0,329.0,844.0,4875.0,0.0,0,12.0,299.0,83450
8470802,2024-12-08 00:17:52+00:00,1,,,25701.0,16317.0,0.39006435395357725,-0.6114337137678488,-0.054488959167710314,-0.5083517388880758,-0.06670879924340213,-0.07412946629464255,-0.16547143701628758,-0.03231283449775203,-0.04317344340611509,0.0778669440877906,-0.09921592132150975,0.07090034106747711,-0.026172253256940618,-0.46958011525157795,-0.03481326916714037,0.13611650753568505,0.06852539126647902,0.09263075257175206,-0.08168565936984104,-0.008431530244752898,-0.039768111103099996,-0.05816090055260583,0.04284707524103316,-0.016179347188425074,-0.053592719399028974,-0.018828211620055532,6.717,0.0,35.0,600.0,0.0,20.0,0.0,0.0,0.0,0.0,0.0,10.0,383.0,1.1512206047032474,0.0,0.0,0.0,329.0,78968.0,4849.0,0.0,1,0.0,0.0,87521
8472104,2024-12-08 04:05:13+00:00,1,,,36875.0,16317.0,0.3908744243169137,-0.6114337137678488,-0.054488959167710314,-0.5083517388880758,-0.06670879924340213,-0.07412946629464255,-0.16547143701628758,-0.03231283449775203,-0.04317344340611509,0.0778669440877906,-0.09921592132150975,-0.09236929204096728,-0.026172253256940618,-0.46958011525157795,0.16413019796925432,-0.1482292857992833,-0.12296996338010098,0.09263075257175206,-0.08168565936984104,-0.008431530244752898,-0.009607996814591997,-0.05816090055260583,-0.023487699131707573,-0.016179347188425074,-0.053592719399028974,0.008044419973869708,6.717,0.0,35.0,600.0,0.0,162.0,0.0,0.0,1.0,0.0,99.0,10.0,383.0,1.1065266316579145,1.0,16.0,0.0,329.0,78968.0,4262.0,0.0,0,0.0,0.0,25787
8437765,2024-12-06 00:42:45+00:00,1,,"[0, 0, 0, 0, 0, 0, 0, 0, 0, 0, 0, 0, 0, 0, 0, 0, 0, 0, 0, 1, 0, 0, 0, 0, 0, 0, 0, 0, 1, 1, 0, 0, 0, 0, 1, 0, 0, 0, 0, 0, 1, 1, 1]",20905.0,16317.0,0.3909792359060907,-0.6114337137678488,-0.054488959167710314,-0.23295731524514138,-0.06670879924340213,-0.07412946629464255,-0.16547143701628758,-0.03231283449775203,-0.04317344340611509,0.0778669440877906,-0.06544171956609646,-0.09236929204096728,-0.026172253256940618,-0.10985411191684905,-0.03481326916714037,-0.1482292857992833,-0.12296996338010098,-0.3012493410357806,-0.08168565936984104,-0.008431530244752898,-0.039768111103099996,-0.05816090055260583,-0.023487699131707573,-0.016179347188425074,0.13525803582801485,-0.018828211620055532,6.717,0.0,4.0,473.0,0.3562367864693446,34.0,2.0,0.0,1.0,12.0,3.0,9.0,14.0,1.4542608695652175,1.0,1.0,1.0,329.0,5090.0,6823.0,0.2536997885835095,0,11.0,413.0,87821
8461468,2024-12-04 20:44:25+00:00,1,,,31334.0,16317.0,0.3918924524785572,-0.6114337137678488,-0.054488959167710314,0.004753338369163321,-0.06670879924340213,-0.07412946629464255,-0.16547143701628758,-0.03231283449775203,-0.04317344340611509,-0.4142474070967134,-0.06544171956609646,0.07090034106747711,-0.026172253256940618,0.021081495765742912,-0.03481326916714037,-0.1482292857992833,0.06852539126647902,-0.3012493410357806,-0.08168565936984104,-0.008431530244752898,-0.039768111103099996,-0.05816090055260583,-0.023487699131707573,-0.016179347188425074,0.006896750883670848,-0.0035377154089891926,6.717,0.0,2.0,367.0,0.0,14.0,2.0,0.0,5.0,15.0,0.0,10.0,9.0,1.1342624434389141,1.0,0.0,1.0,329.0,78968.0,8286.099999999991,0.0,0,2.0,298.0,54026
8437111,2024-12-02 22:41:34+00:00,1,,,17418.0,16317.0,0.3926982032424052,-0.6114337137678488,-0.054488959167710314,0.2259612567881653,-0.06670879924340213,-0.07412946629464255,-0.16547143701628758,-0.03231283449775203,-0.04317344340611509,-0.4142474070967134,-0.09921592132150975,-0.09236929204096728,-0.026172253256940618,0.27517336419933297,-0.03481326916714037,-0.1482292857992833,-0.12296996338010098,-0.3012493410357806,-0.08168565936984104,-0.008431530244752898,-0.039768111103099996,-0.05816090055260583,-0.023487699131707573,-0.016179347188425074,-0.053592719399028974,-0.018828211620055532,6.717,0.0,1.0,600.0,0.0,162.0,0.0,0.0,5.0,0.0,99.0,10.0,3.0,1.2950185873605948,1.0,16.0,1.0,329.0,78968.0,7000.0,0.0,0,0.0,4.0,86117
8463987,2024-12-05 05:33:53+00:00,1,,"[1, 1, 0, 0, 1, 1, 1, 1, 1, 1, 1, 1, 1, 1, 1, 1, 1, 1, 1, 1]",24914.0,16317.0,0.39654588156887394,-0.6114337137678488,-0.054488959167710314,-0.5083517388880758,-0.06670879924340213,-0.05564041606933876,-0.16547143701628758,-0.03231283449775203,-0.04317344340611509,-0.048236128980226715,-0.07791647071836902,-0.09236929204096728,-0.026172253256940618,-0.46958011525157795,0.16413019796925432,-0.1482292857992833,-0.12296996338010098,-0.3012493410357806,-0.08168565936984104,-0.008431530244752898,-0.009607996814591997,0.15904631144217646,0.04284707524103316,-0.016179347188425074,0.006896750883670848,0.008044419973869708,6.717,0.0,10.0,330.0,0.5431623931623931,162.0,4.0,0.0,3.0,2.0,99.0,9.0,59.0,1.0915224534501642,1.0,16.0,1.0,329.0,1285.0,3700.0,0.9666666666666667,1,13.0,304.0,43523
8468179,2024-12-07 01:39:39+00:00,1,,,34453.0,16317.0,0.39830225415899245,-0.6114337137678488,-0.054488959167710314,-0.5083517388880758,-0.06670879924340213,-0.07412946629464255,-0.16547143701628758,-0.03231283449775203,-0.04317344340611509,0.0778669440877906,-0.09921592132150975,-0.09236929204096728,-0.026172253256940618,-0.46958011525157795,-0.03481326916714037,0.13611650753568505,-0.12296996338010098,0.09263075257175206,0.02313302321270807,-0.008431530244752898,-0.039768111103099996,-0.05816090055260583,-0.023487699131707573,-0.016179347188425074,-0.053592719399028974,0.141236061144545,6.717,0.0,35.0,600.0,0.0,162.0,0.0,0.0,0.0,0.0,99.0,10.0,383.0,1.1597993671312192,0.0,16.0,0.0,1.0,78968.0,4928.0,0.0,0,0.0,0.0,25
8439188,2024-12-03 06:29:12+00:00,1,"[0, 0, 0, 0, 1, 0, 1, 1, 1, 1]",,21572.0,16317.0,0.40082063989646505,-0.6114337137678488,-0.054488959167710314,-0.1165395030712408,-0.06670879924340213,-0.07412946629464255,-0.16547143701628758,-0.03231283449775203,-0.04317344340611509,-0.4142474070967134,-0.07791647071836902,-0.09236929204096728,-0.026172253256940618,0.021081495765742912,-0.03481326916714037,-0.1482292857992833,0.06852539126647902,-0.3012493410357806,0.02313302321270807,-0.008431530244752898,-0.039768111103099996,-0.05816090055260583,-0.023487699131707573,-0.016179347188425074,-0.053592719399028974,-0.018828211620055532,6.717,0.0,3.0,376.0,0.1,22.0,4.0,0.5,4.0,3.0,7.0,9.0,10.0,1.1755858310626703,1.0,0.0,1.0,1.0,1234.0,4500.0,0.0,0,19.0,124.0,59288
8439601,2024-12-03 08:59:55+00:00,1,,"[0, 0, 0, 0, 0, 0, 0, 0, 0, 0, 0, 0, 0, 0, 0, 0, 0, 0, 1, 1, 1, 1, 1, 1, 1, 1, 1, 1, 1, 1, 1]",9017.0,16317.0,0.40170106559928165,-0.6114337137678488,-0.054488959167710314,-0.23295731524514138,-0.06670879924340213,-0.07412946629464255,-0.16547143701628758,-0.03231283449775203,-0.04317344340611509,0.0778669440877906,-0.07791647071836902,-0.09236929204096728,-0.026172253256940618,-0.46958011525157795,-0.03481326916714037,0.13611650753568505,-0.12296996338010098,0.09263075257175206,-0.08168565936984104,-0.008431530244752898,-0.039768111103099996,-0.05816090055260583,-0.023487699131707573,-0.016179347188425074,-0.053592719399028974,-0.018828211620055532,6.717,0.0,5.0,324.0,0.03225806451612903,24.0,2.0,0.0,0.0,5.0,3.0,8.0,33.0,1.4312698412698412,0.0,2.0,0.0,329.0,2350.0,4500.0,0.655241935483871,0,15.0,158.0,95889
8469909,2024-12-07 07:57:09+00:00,1,"[0, 1, 1, 1, 1, 1, 1, 1, 1, 0, 0, 1, 0, 0, 0, 0, 1, 0, 1, 0, 1, 1, 1, 1, 1, 1, 1, 1, 1, 1, 1, 1, 1, 1, 1, 1, 1]","[1, 0, 0, 0, 1, 1, 1, 1, 1, 1, 1, 1, 0, 0, 0, 0, 1, 1, 1, 1, 1, 1, 1, 1, 1, 1, 1, 1, 1, 1, 1, 1, 1, 1, 1, 1, 1, 1, 1]",21174.0,16317.0,0.40404548846804306,-0.6114337137678488,-0.054488959167710314,0.2259612567881653,-0.06670879924340213,-0.07412946629464255,-0.16547143701628758,-0.03231283449775203,-0.04317344340611509,-0.4142474070967134,-0.07791647071836902,-0.09236929204096728,-0.026172253256940618,0.021081495765742912,-0.03481326916714037,-0.1482292857992833,-0.12296996338010098,-0.3012493410357806,-0.08168565936984104,-0.008431530244752898,-0.009607996814591997,-0.05484988672575293,-0.023487699131707573,-0.016179347188425074,-0.053592719399028974,0.008044419973869708,6.717,0.0,1.0,367.0,0.039154539154539154,21.0,4.0,0.7567567567567568,5.0,3.0,5.0,10.0,10.0,1.1445405405405404,1.0,1.0,1.0,329.0,78968.0,4470.0,0.9141025641025641,0,6.0,169.0,35700
8468588,2024-12-07 03:01:45+00:00,1,,"[0, 0, 1, 1, 1]",13778.0,16317.0,0.4065755748792563,-0.6114337137678488,-0.054488959167710314,-0.5083517388880758,-0.06670879924340213,-0.07412946629464255,-0.16547143701628758,-0.03231283449775203,-0.04317344340611509,-0.4142474070967134,-0.07791647071836902,-0.09236929204096728,-0.026172253256940618,-0.46958011525157795,0.28748156146469017,-0.1482292857992833,-0.12296996338010098,0.09263075257175206,0.02313302321270807,-0.008431530244752898,-0.009607996814591997,-0.05484988672575293,-0.023487699131707573,-0.016179347188425074,-0.053592719399028974,0.008044419973869708,6.717,0.0,10.0,323.0,0.3833333333333333,20.0,4.0,0.0,4.0,5.0,5.0,9.0,57.0,0.9372789115646258,1.0,2.0,0.0,1.0,3866.0,3500.0,0.8,0,10.0,153.0,46687
8438073,2024-12-03 02:42:17+00:00,1,,,45000.0,16317.0,0.4080891792451361,-0.6114337137678488,-0.054488959167710314,-0.5083517388880758,-0.06670879924340213,-0.07412946629464255,-0.16547143701628758,-0.03231283449775203,-0.04317344340611509,0.0778669440877906,-0.09921592132150975,-0.09236929204096728,-0.026172253256940618,-0.46958011525157795,-0.03481326916714037,0.13611650753568505,-0.12296996338010098,0.09263075257175206,-0.08168565936984104,-0.008431530244752898,-0.009607996814591997,-0.05816090055260583,-0.023487699131707573,-0.016179347188425074,-0.053592719399028974,0.141236061144545,6.717,0.0,35.0,600.0,0.0,162.0,0.0,0.0,1.0,0.0,99.0,10.0,383.0,1.6,0.0,16.0,0.0,329.0,78968.0,3813.0,0.0,0,0.0,0.0,0
8438809,2024-12-03 05:14:55+00:00,1,,"[0, 0, 0, 0, 0, 0, 0, 0, 0, 0, 0, 0, 0, 0, 0, 0, 1, 0, 1, 1, 1, 0, 1, 1, 1]",18602.0,16317.0,0.4087132931014969,-0.6114337137678488,-0.054488959167710314,-0.23295731524514138,-0.05738860713727523,-0.05564041606933876,-0.16547143701628758,-0.03231283449775203,-0.04317344340611509,0.0778669440877906,-0.07791647071836902,-0.09236929204096728,-0.026172253256940618,-0.3292197513569699,-0.03481326916714037,-0.1482292857992833,-0.12296996338010098,-0.3012493410357806,0.02313302321270807,-0.008431530244752898,-0.009607996814591997,-0.05816090055260583,-0.023487699131707573,-0.016179347188425074,-0.053592719399028974,-0.018828211620055532,6.717,0.0,5.0,282.0,0.52,22.0,4.0,0.0,0.0,4.0,3.0,9.0,29.0,1.188626198083067,1.0,1.0,1.0,1.0,4100.0,4333.0,0.4584615384615385,0,25.0,201.0,88550
8438748,2024-12-03 05:00:31+00:00,1,,"[0, 0, 0, 0, 1, 0, 0, 1, 1, 1, 1, 1, 1, 1, 1, 1, 1, 1, 1, 1, 1, 0, 1, 1, 1, 1, 0, 1, 1, 1, 1, 1, 1, 1, 1, 1, 1, 1, 1, 1, 1]",10164.0,16317.0,0.40878391157353394,-0.6114337137678488,-0.054488959167710314,-0.5083517388880758,-0.06670879924340213,-0.07412946629464255,-0.16547143701628758,-0.03231283449775203,-0.04317344340611509,-0.4142474070967134,0.2659552272166623,-0.09236929204096728,-0.026172253256940618,-0.3292197513569699,-0.03481326916714037,-0.1482292857992833,-0.12296996338010098,0.09263075257175206,0.02313302321270807,-0.008431530244752898,-0.009607996814591997,-0.05484988672575293,-0.023487699131707573,-0.016179347188425074,0.015592503790590144,-0.018828211620055532,6.717,0.0,7.0,600.0,0.024390243902439025,15.0,2.0,0.0,4.0,41.0,3.0,10.0,26.0,1.2189973614775726,1.0,4.0,0.0,1.0,21744.0,4000.0,0.9163763066202091,0,0.0,341.0,83357
8466423,2024-12-06 05:01:28+00:00,1,"[1, 0, 0, 1, 1, 1, 1, 1, 1, 1, 0, 1, 1, 1, 1, 1, 1]","[0, 0, 0, 1, 1, 1, 1, 0, 1, 0, 0, 1, 0, 1, 1]",18672.0,231.0,0.41085886779027103,-0.6114337137678488,-0.054488959167710314,-0.1165395030712408,-0.05738860713727523,-0.07412946629464255,-0.043774865933036713,-0.03231283449775203,-0.04317344340611509,-0.4142474070967134,-0.09921592132150975,-0.0069440649306055586,-0.026172253256940618,-0.15334582495827825,-0.03481326916714037,-0.1482292857992833,-0.12296996338010098,0.09263075257175206,0.02313302321270807,-0.008431530244752898,-0.039768111103099996,-0.05816090055260583,-0.023487699131707573,-0.016179347188425074,-0.053592719399028974,0.008044419973869708,6.717,4.0,3.0,269.0,0.07044691750574104,8.0,4.0,0.8235294117647058,4.0,1.0,1.0,3.0,17.0,1.2489632107023412,1.0,1.0,0.0,1.0,15632.0,5000.0,0.6,0,20.0,217.0,46002
8468578,2024-12-07 03:00:26+00:00,0,,,12228.0,16317.0,0.4112970208716181,-0.6114337137678488,-0.054488959167710314,-0.5083517388880758,-0.06670879924340213,-0.07412946629464255,-0.16547143701628758,-0.03231283449775203,-0.04317344340611509,-0.048236128980226715,-0.07791647071836902,-0.09236929204096728,-0.026172253256940618,-0.46958011525157795,0.28748156146469017,-0.1482292857992833,-0.12296996338010098,-0.3012493410357806,-0.08168565936984104,-0.008431530244752898,-0.009607996814591997,-0.05816090055260583,0.04284707524103316,-0.016179347188425074,-0.053592719399028974,-0.018828211620055532,6.717,0.0,6.0,321.0,0.0,38.0,2.0,0.0,3.0,3.0,2.0,10.0,35.0,0.8152,1.0,2.0,1.0,329.0,78968.0,3700.0,0.0,1,3.0,171.0,64143
8467917,2024-12-07 00:43:13+00:00,1,"[1, 1, 1, 1, 1, 1, 1, 1, 0, 0, 1, 1, 1, 1, 1, 1, 1]",,19238.0,465.0,0.41311162631566717,-0.6114337137678488,-0.054488959167710314,-0.5083517388880758,0.11939328962621384,-0.05564041606933876,-0.16547143701628758,-0.03231283449775203,-0.04317344340611509,-0.4142474070967134,-0.07791647071836902,-0.09236929204096728,-0.026172253256940618,-0.46958011525157795,-0.03481326916714037,-0.1482292857992833,0.06852539126647902,0.09263075257175206,0.02313302321270807,-0.008431530244752898,-0.009607996814591997,-0.05816090055260583,-0.023487699131707573,-0.016179347188425074,-0.053592719399028974,0.008044419973869708,6.717,0.0,7.0,178.0,0.5294117647058824,55.0,5.0,0.8823529411764706,4.0,2.0,15.0,2.0,51.0,1.1986292834890966,1.0,0.0,0.0,1.0,1326.0,4068.0,0.0,0,12.0,174.0,47021
8468710,2024-12-07 03:25:53+00:00,1,,"[1, 1, 1, 1, 1, 1, 1, 1, 1, 1, 1, 1, 1, 1, 1, 0, 0, 0, 0, 0, 0, 0, 1, 1, 1, 0, 0, 1, 1, 0, 1, 0, 1, 1, 0, 1, 0, 0, 1, 0, 1, 1, 0, 0, 0, 1, 1, 0, 1, 1, 1, 1, 1, 0, 1, 1, 0, 0, 1, 1]",21688.0,16317.0,0.4131738752510166,-0.6114337137678488,-0.054488959167710314,-0.23295731524514138,-0.05738860713727523,0.22755275636556374,-0.16547143701628758,-0.03231283449775203,-0.04317344340611509,-0.048236128980226715,-0.07791647071836902,-0.0069440649306055586,-0.026172253256940618,-0.46958011525157795,-0.03481326916714037,-0.1482292857992833,-0.12296996338010098,-0.3012493410357806,0.02313302321270807,-0.008431530244752898,-0.039768111103099996,-0.05816090055260583,0.04284707524103316,-0.016179347188425074,0.006896750883670848,-0.018828211620055532,6.717,0.0,5.0,239.0,0.7555555555555555,24.0,4.0,0.0,3.0,5.0,1.0,10.0,45.0,1.2464367816091955,1.0,1.0,1.0,1.0,1401.0,8286.099999999991,0.5918032786885246,1,16.0,309.0,93755
8438769,2024-12-03 05:04:50+00:00,1,,,11559.0,16317.0,0.4143628730855405,-0.6114337137678488,-0.054488959167710314,0.2259612567881653,-0.06670879924340213,-0.07412946629464255,-0.16547143701628758,-0.03231283449775203,-0.04317344340611509,-0.4142474070967134,-0.09921592132150975,-0.09236929204096728,-0.026172253256940618,0.021081495765742912,-0.03481326916714037,-0.1482292857992833,-0.12296996338010098,-0.3012493410357806,-0.08168565936984104,-0.008431530244752898,-0.009607996814591997,-0.05816090055260583,-0.023487699131707573,-0.016179347188425074,-0.053592719399028974,-0.03707202918461854,6.717,0.0,1.0,600.0,0.0,162.0,0.0,0.0,5.0,0.0,99.0,10.0,9.0,1.1388177339901477,1.0,16.0,1.0,329.0,78968.0,4080.0,0.0,0,0.0,1.0,106270
8437330,2024-12-02 23:53:17+00:00,1,,,41456.0,16317.0,0.41782504142356663,-0.6114337137678488,-0.054488959167710314,-0.5083517388880758,-0.06670879924340213,-0.07412946629464255,-0.16547143701628758,-0.03231283449775203,-0.04317344340611509,-0.048236128980226715,-0.09921592132150975,-0.09236929204096728,-0.026172253256940618,-0.46958011525157795,-0.03481326916714037,0.13611650753568505,-0.12296996338010098,0.09263075257175206,0.02313302321270807,-0.008431530244752898,-0.039768111103099996,-0.05816090055260583,-0.023487699131707573,-0.016179347188425074,-0.053592719399028974,0.141236061144545,6.717,0.0,35.0,600.0,0.0,162.0,0.0,0.0,3.0,0.0,99.0,10.0,383.0,1.13943325179342,0.0,16.0,0.0,17.0,78968.0,5833.0,0.0,0,0.0,0.0,12
8437498,2024-12-03 00:35:07+00:00,1,,"[0, 0, 0, 0, 0, 0, 0, 0, 0, 1, 1, 1, 1, 1, 1, 1]",28232.0,16317.0,0.4180784265235519,-0.6114337137678488,-0.054488959167710314,-0.23295731524514138,-0.06670879924340213,-0.07412946629464255,0.01584713069282676,0.030500288512228284,-0.04317344340611509,-0.4142474070967134,-0.07791647071836902,0.07090034106747711,-0.026172253256940618,-0.3292197513569699,-0.03481326916714037,-0.1482292857992833,0.06852539126647902,-0.3012493410357806,-0.08168565936984104,-0.008431530244752898,-0.039768111103099996,-0.05816090055260583,-0.023487699131707573,0.22505449144967976,-0.053592719399028974,-0.0035377154089891926,6.717,0.0,4.0,326.0,0.21378968253968253,6.0,11.0,0.0,4.0,7.0,0.0,9.0,25.0,1.1962711864406779,1.0,0.0,1.0,329.0,713.0,5250.0,0.6691176470588235,0,59.0,269.0,52000
8467446,2024-12-06 22:47:44+00:00,1,"[1, 1, 1, 1, 1, 0, 0, 1, 1, 1, 1, 1]","[0, 0, 0, 0, 0, 0, 0, 0, 0, 0, 0, 1, 1, 1, 1, 1, 1, 1, 1, 1, 1, 1, 1, 1, 1, 1, 1, 1, 1, 1, 1, 1, 1, 1, 1, 1, 1, 0, 0, 1, 1, 1, 1, 1, 1, 0]",33426.0,16317.0,0.42066490107772847,-0.6114337137678488,-0.054488959167710314,-0.23295731524514138,-0.05738860713727523,-0.07412946629464255,-0.14267212177429597,-0.03231283449775203,-0.04317344340611509,-0.4142474070967134,-0.07791647071836902,0.07090034106747711,-0.026172253256940618,-0.2062583476798761,-0.03481326916714037,-0.1482292857992833,0.06852539126647902,-0.3012493410357806,-0.08168565936984104,-0.008431530244752898,-0.039768111103099996,-0.05484988672575293,-0.023487699131707573,-0.016179347188425074,0.2103895073799279,-0.0035377154089891926,6.717,0.0,5.0,221.0,0.2608695652173913,13.0,1.0,0.8333333333333334,5.0,2.0,0.0,10.0,23.0,1.2277685950413224,1.0,0.0,1.0,329.0,78968.0,4833.0,0.8251618871415356,0,2.0,531.0,49029
8438502,2024-12-03 04:13:45+00:00,1,"[0, 0, 0, 0, 0, 0, 0, 0, 0, 0, 0, 0, 0, 0, 0, 0, 0, 0, 0, 0, 0, 0, 0, 0, 0, 0, 0, 0, 1, 1, 1, 1, 1, 1, 1]","[0, 0, 0, 0, 0, 0, 0, 0, 0, 0, 0, 0, 0, 0, 0, 0, 0, 0, 0, 0, 0, 0, 0, 0, 0, 0, 0, 0, 0, 0, 0, 0, 0, 0, 0, 0, 0, 0, 0, 0, 0, 0, 0, 0, 0, 0, 0, 0, 0, 0, 0, 0, 0, 0, 0, 0, 0]",18415.0,308.0,0.4253721287455787,-0.6114337137678488,-0.054488959167710314,-0.5083517388880758,-0.05738860713727523,-0.07412946629464255,-0.16547143701628758,-0.03231283449775203,-0.04317344340611509,-0.048236128980226715,-0.07791647071836902,-0.09236929204096728,-0.026172253256940618,-0.46958011525157795,-0.03481326916714037,-0.1482292857992833,0.06852539126647902,-0.3012493410357806,0.02313302321270807,-0.008431530244752898,-0.039768111103099996,-0.05816090055260583,-0.023487699131707573,-0.016179347188425074,0.13525803582801485,-0.0035377154089891926,6.717,0.0,6.0,230.0,0.023057644110275687,41.0,6.0,0.2,3.0,6.0,18.0,8.0,40.0,1.1491419656786273,1.0,0.0,1.0,1.0,3209.0,4500.0,0.0,0,25.0,408.0,55641
8466870,2024-12-06 06:53:52+00:00,1,,,34451.0,16317.0,0.42797831456458896,-0.6114337137678488,-0.054488959167710314,-0.5083517388880758,-0.06670879924340213,-0.07412946629464255,-0.16547143701628758,-0.03231283449775203,-0.04317344340611509,0.0778669440877906,-0.09921592132150975,-0.09236929204096728,-0.026172253256940618,-0.46958011525157795,0.16413019796925432,-0.1482292857992833,-0.12296996338010098,-0.3012493410357806,-0.08168565936984104,-0.008431530244752898,-0.039768111103099996,-0.05816090055260583,-0.023487699131707573,-0.016179347188425074,-0.053592719399028974,0.141236061144545,6.717,0.0,35.0,600.0,0.0,162.0,0.0,0.0,0.0,0.0,99.0,10.0,383.0,1.0729056368732481,1.0,16.0,1.0,329.0,78968.0,7100.0,0.0,0,0.0,0.0,11
8465932,2024-12-06 03:15:20+00:00,0,,"[0, 0, 0, 0, 0, 0, 0, 1, 1, 1, 1, 1, 1, 1, 1, 1, 1, 1, 1, 1, 1, 1, 1]",8876.0,16317.0,0.4289381416173037,-0.6114337137678488,-0.054488959167710314,-0.5083517388880758,-0.05738860713727523,-0.07412946629464255,-0.16547143701628758,-0.03231283449775203,-0.04317344340611509,-0.048236128980226715,-0.06544171956609646,-0.09236929204096728,-0.026172253256940618,-0.3292197513569699,-0.03481326916714037,-0.1482292857992833,0.06852539126647902,-0.3012493410357806,0.02313302321270807,-0.008431530244752898,-0.039768111103099996,-0.05484988672575293,0.04284707524103316,-0.016179347188425074,-0.053592719399028974,-0.03707202918461854,6.717,0.0,6.0,298.0,0.029314888010540184,17.0,2.0,0.0,3.0,12.0,3.0,9.0,32.0,1.1954208754208755,1.0,0.0,1.0,1.0,78968.0,8286.099999999991,0.8985507246376812,1,0.0,234.0,133987
8439229,2024-12-03 06:39:30+00:00,1,,,22395.0,16317.0,0.4297130780317435,-0.6114337137678488,-0.054488959167710314,-0.5083517388880758,-0.05738860713727523,-0.07412946629464255,-0.16547143701628758,-0.03231283449775203,-0.04317344340611509,0.0778669440877906,-0.07791647071836902,0.07090034106747711,-0.026172253256940618,-0.46958011525157795,-0.03481326916714037,-0.1482292857992833,0.06852539126647902,-0.3012493410357806,-0.08168565936984104,-0.008431530244752898,-0.009607996814591997,-0.05816090055260583,-0.023487699131707573,-0.016179347188425074,0.015592503790590144,-0.0035377154089891926,6.717,0.0,6.0,282.0,0.0,26.0,6.0,0.0,1.0,11.0,0.0,10.0,33.0,1.2390041493775934,1.0,0.0,1.0,329.0,78968.0,3882.0,0.0,0,0.0,344.0,50881
8466112,2024-12-06 06:09:55+00:00,1,,,19141.0,16317.0,0.4305219428180514,-0.6114337137678488,-0.054488959167710314,-0.1165395030712408,-0.06670879924340213,-0.07412946629464255,-0.16547143701628758,-0.03231283449775203,-0.04317344340611509,-0.4142474070967134,-0.06544171956609646,-0.09236929204096728,-0.026172253256940618,-0.46958011525157795,0.16413019796925432,-0.1482292857992833,-0.12296996338010098,-0.3012493410357806,-0.08168565936984104,-0.008431530244752898,0.04544625733308562,-0.05816090055260583,-0.023487699131707573,-0.016179347188425074,-0.053592719399028974,0.008044419973869708,6.717,0.0,3.0,319.0,0.0,22.0,2.0,0.0,4.0,19.0,5.0,10.0,37.0,1.0969054441260746,1.0,2.0,1.0,329.0,591.0,3189.0,0.0,0,4.0,93.0,33161
8471751,2024-12-08 05:27:14+00:00,1,,"[0, 0, 0, 0, 0, 0, 0, 0, 0, 0, 0, 0, 0, 0, 0, 0, 0, 0, 0, 0, 0, 0, 0, 0, 0, 0, 0, 0, 0, 0, 0, 0, 0, 0, 0, 0, 0, 0, 0, 0, 0, 0, 0, 0, 0, 0, 0, 0, 0, 0, 0, 0, 0, 0, 0, 1, 1, 1, 1, 1, 1, 1, 1, 1, 1, 1, 1, 1, 1, 1, 1, 1, 1, 0]",20322.0,16317.0,0.4319987048681668,-0.6114337137678488,-0.054488959167710314,-0.5083517388880758,-0.06670879924340213,-0.07412946629464255,-0.16547143701628758,-0.03231283449775203,-0.04317344340611509,-0.048236128980226715,-0.07791647071836902,0.07090034106747711,-0.026172253256940618,-0.46958011525157795,-0.03481326916714037,-0.1482292857992833,0.06852539126647902,-0.3012493410357806,0.02313302321270807,-0.008431530244752898,-0.009607996814591997,-0.05816090055260583,0.04284707524103316,-0.016179347188425074,-0.053592719399028974,-0.0035377154089891926,6.717,15.0,10.0,404.0,0.013513513513513514,26.0,3.0,0.0,3.0,2.0,0.0,8.0,47.0,1.1746820809248555,1.0,0.0,1.0,1.0,10581.0,3467.0,0.4183783783783784,1,27.0,267.0,50244
8468660,2024-12-07 03:16:53+00:00,1,,"[0, 0, 0, 0, 0, 0, 0, 0, 0, 0, 1, 1]",16441.0,16317.0,0.4368509911193078,-0.6114337137678488,-0.054488959167710314,-0.5083517388880758,-0.05738860713727523,-0.05564041606933876,-0.16547143701628758,-0.03231283449775203,-0.04317344340611509,0.0778669440877906,-0.06544171956609646,0.07090034106747711,-0.026172253256940618,-0.46958011525157795,-0.03481326916714037,0.13611650753568505,-0.12296996338010098,-0.3012493410357806,0.02313302321270807,-0.008431530244752898,-0.009607996814591997,-0.05816090055260583,-0.023487699131707573,-0.016179347188425074,-0.053592719399028974,-0.018828211620055532,6.717,0.0,8.0,273.0,0.5238821138211383,21.0,1.0,0.0,1.0,14.0,0.0,10.0,62.0,1.159858906525573,0.0,1.0,1.0,1.0,78968.0,3583.0,0.2948717948717949,0,1.0,108.0,89897
8467795,2024-12-07 00:17:03+00:00,1,,,37217.0,16317.0,0.43941947570965834,-0.6114337137678488,-0.054488959167710314,-0.5083517388880758,-0.06670879924340213,-0.07412946629464255,-0.16547143701628758,-0.03231283449775203,-0.04317344340611509,0.0778669440877906,-0.09921592132150975,-0.09236929204096728,-0.026172253256940618,-0.46958011525157795,-0.03481326916714037,0.13611650753568505,-0.12296996338010098,0.09263075257175206,-0.08168565936984104,-0.008431530244752898,-0.039768111103099996,-0.05816090055260583,-0.023487699131707573,-0.016179347188425074,-0.053592719399028974,-0.0035377154089891926,6.717,0.0,35.0,600.0,0.0,162.0,0.0,0.0,0.0,0.0,99.0,10.0,383.0,1.210308943089431,0.0,16.0,0.0,329.0,78968.0,4950.0,0.0,0,0.0,0.0,53583
8438766,2024-12-03 05:04:02+00:00,1,[1],,19142.0,622.0,0.4440112672586854,-0.6114337137678488,-0.054488959167710314,-0.5083517388880758,-0.06670879924340213,-0.05564041606933876,-0.16547143701628758,-0.03231283449775203,0.1740873916033103,-0.4142474070967134,-0.07791647071836902,-0.09236929204096728,0.13238330771477913,-0.46958011525157795,-0.03481326916714037,-0.1482292857992833,0.06852539126647902,-0.3012493410357806,0.02313302321270807,-0.008431530244752898,-0.039768111103099996,-0.05816090055260583,0.04284707524103316,-0.016179347188425074,-0.053592719399028974,0.008044419973869708,6.717,0.0,7.0,309.0,0.5729166666666666,32.0,1.0,1.0,4.0,3.0,2.0,1.0,46.0,1.1479460269865067,1.0,0.0,1.0,1.0,7870.0,5980.0,0.0,1,2.0,235.0,41738
8460982,2024-12-05 00:13:53+00:00,1,,"[0, 0, 0, 0, 0, 0, 0, 0, 0, 0, 0, 0, 0, 0, 0, 0, 0, 0, 0, 0, 0, 0, 0, 0, 0, 0, 0, 0, 0, 0, 0, 0, 0, 0, 0, 1, 1, 1, 1, 1, 1, 1, 1, 1, 1, 1, 1, 1, 1, 1, 1, 1, 1]",27164.0,16317.0,0.4478572650528697,-0.6114337137678488,-0.054488959167710314,-0.23295731524514138,-0.06670879924340213,0.17561735485816402,-0.16547143701628758,-0.03231283449775203,-0.04317344340611509,-0.4142474070967134,-0.07791647071836902,-0.09236929204096728,-0.026172253256940618,-0.10985411191684905,-0.03481326916714037,-0.1482292857992833,-0.12296996338010098,-0.3012493410357806,-0.08168565936984104,0.12181209640599021,-0.039768111103099996,-0.05816090055260583,-0.023487699131707573,-0.016179347188425074,-0.053592719399028974,0.008044419973869708,6.717,0.0,5.0,324.0,0.6729559748427674,48.0,4.0,0.0,5.0,3.0,11.0,10.0,15.0,1.1437473684210526,1.0,1.0,1.0,329.0,111.0,6249.0,0.559748427672956,0,2.0,99.0,37998
8470224,2024-12-07 22:16:50+00:00,1,,"[0, 0, 0, 1, 1, 1, 0, 0, 1, 1, 1, 1, 1, 1, 1, 1]",24796.0,16317.0,0.44875377104729774,-0.6114337137678488,-0.054488959167710314,-0.5083517388880758,-0.06670879924340213,-0.07412946629464255,-0.16547143701628758,-0.03231283449775203,-0.04317344340611509,-0.4142474070967134,-0.07791647071836902,-0.09236929204096728,-0.026172253256940618,-0.3292197513569699,0.28748156146469017,-0.1482292857992833,-0.12296996338010098,-0.3012493410357806,-0.08168565936984104,-0.008431530244752898,-0.039768111103099996,-0.05484988672575293,-0.023487699131707573,-0.016179347188425074,-0.053592719399028974,0.141236061144545,6.717,0.0,7.0,354.0,0.0625,32.0,2.0,0.0,5.0,4.0,15.0,10.0,28.0,0.9120200088274238,1.0,2.0,1.0,329.0,505.0,7581.0,0.8455882352941176,0,15.0,128.0,6
8464816,2024-12-05 22:53:01+00:00,1,,"[0, 0, 0, 0, 0, 0, 0, 0, 1, 1, 1]",17418.0,16317.0,0.45552448234708054,-0.6114337137678488,-0.054488959167710314,-0.5083517388880758,-0.06670879924340213,-0.07412946629464255,-0.16547143701628758,-0.03231283449775203,-0.04317344340611509,-0.048236128980226715,-0.07791647071836902,-0.09236929204096728,-0.026172253256940618,-0.46958011525157795,-0.03481326916714037,-0.1482292857992833,-0.12296996338010098,0.09263075257175206,0.02313302321270807,-0.008431530244752898,-0.039768111103099996,-0.05816090055260583,-0.023487699131707573,-0.016179347188425074,-0.053592719399028974,-0.018828211620055532,6.717,0.0,6.0,399.0,0.052303860523038606,15.0,4.0,0.0,3.0,3.0,6.0,9.0,35.0,1.2926159554730983,1.0,2.0,0.0,1.0,10504.0,5100.0,0.45454545454545453,0,13.0,134.0,86117
8463628,2024-12-05 04:10:25+00:00,0,"[0, 0, 0, 0, 0, 0, 0, 0, 0, 0, 0, 0, 0, 0, 0, 0, 0, 0, 0, 0, 0, 0, 0, 0, 0, 0, 0, 0, 0, 0, 0, 0, 0, 0, 0, 0, 0, 0, 0, 0, 0, 0, 0, 0, 0, 0, 0, 0, 0, 0, 0, 0, 1, 1, 0, 1, 1, 1]",,15593.0,16317.0,0.45908809523517097,-0.6114337137678488,-0.054488959167710314,-0.23295731524514138,-0.06670879924340213,-0.07412946629464255,-0.14267212177429597,-0.03231283449775203,-0.04317344340611509,-0.4142474070967134,-0.07791647071836902,-0.09236929204096728,-0.026172253256940618,-0.15334582495827825,-0.03481326916714037,-0.1482292857992833,-0.12296996338010098,-0.3012493410357806,-0.08168565936984104,-0.008431530244752898,0.04544625733308562,-0.05816090055260583,0.04284707524103316,-0.016179347188425074,-0.053592719399028974,-0.018828211620055532,6.717,0.0,4.0,410.0,0.017241379310344827,9.0,4.0,0.08620689655172414,5.0,3.0,2.0,5.0,16.0,1.183529411764706,1.0,2.0,1.0,329.0,641.0,2800.0,0.0,1,20.0,221.0,66565
8466707,2024-12-06 06:10:44+00:00,1,"[1, 1, 1, 1, 1, 1, 1, 1, 1, 1, 1, 1, 1, 1, 1, 1, 1, 1, 1, 1, 1, 1, 1, 1, 1, 1, 1, 1, 1, 1, 1, 1, 1, 1, 1, 1, 1, 1, 1]","[0, 0, 0, 0, 0, 0, 0, 0, 0, 0, 0, 0, 0, 0, 0, 0, 0, 0, 0, 0, 0, 0, 0, 0, 0, 0, 0, 0, 0, 0, 0, 0, 0, 0, 0, 0, 0, 0, 0, 0, 0, 0, 0, 0, 0, 0, 0, 0, 0, 0, 0, 0, 0, 0, 0, 0, 0, 0, 0, 0, 0, 0, 0, 0, 0, 0, 0, 0, 0, 0, 0, 0, 1, 1, 1, 0, 0, 1, 1, 1, 1, 1]",26179.0,271.0,0.4602573557131149,-0.6114337137678488,-0.054488959167710314,-0.5083517388880758,0.11939328962621384,-0.05564041606933876,-0.14267212177429597,-0.03231283449775203,0.1740873916033103,-0.4142474070967134,-0.07791647071836902,0.07090034106747711,-0.026172253256940618,-0.46958011525157795,-0.03481326916714037,-0.1482292857992833,-0.12296996338010098,-0.3012493410357806,-0.08168565936984104,-0.008431530244752898,-0.039768111103099996,-0.05816090055260583,-0.023487699131707573,0.05393564252282038,-0.053592719399028974,0.008044419973869708,6.717,0.0,8.0,136.0,0.5060975609756098,10.0,6.0,1.0,5.0,6.0,0.0,9.0,33.0,1.3008198757763976,1.0,2.0,1.0,329.0,3013.0,4669.0,0.1827799000881575,0,40.0,249.0,33967
8468327,2024-12-07 02:07:43+00:00,1,,"[0, 0, 0, 1, 1, 1, 1, 1, 0, 1, 1, 1]",11506.0,16317.0,0.46045375461113675,-0.6114337137678488,-0.054488959167710314,-0.5083517388880758,-0.06670879924340213,-0.07412946629464255,-0.16547143701628758,-0.03231283449775203,-0.04317344340611509,0.0778669440877906,-0.07791647071836902,-0.09236929204096728,-0.026172253256940618,-0.3292197513569699,-0.03481326916714037,-0.1482292857992833,-0.12296996338010098,-0.3012493410357806,0.02313302321270807,-0.008431530244752898,-0.039768111103099996,-0.05484988672575293,-0.023487699131707573,-0.016179347188425074,-0.053592719399028974,-0.018828211620055532,6.717,0.0,8.0,422.0,0.11309523809523808,55.0,6.0,0.0,1.0,9.0,20.0,10.0,32.0,1.5870344827586207,1.0,1.0,1.0,1.0,1998.0,5377.0,0.8076923076923077,0,25.0,181.0,73101
8463567,2024-12-05 03:57:51+00:00,1,,,26323.0,16317.0,0.4937588484856288,-0.6114337137678488,-0.054488959167710314,-0.5083517388880758,-0.06670879924340213,-0.07412946629464255,-0.16547143701628758,-0.03231283449775203,-0.04317344340611509,-0.4142474070967134,-0.09921592132150975,-0.09236929204096728,-0.026172253256940618,-0.46958011525157795,0.16413019796925432,-0.1482292857992833,-0.12296996338010098,-0.3012493410357806,-0.08168565936984104,-0.008431530244752898,-0.009607996814591997,-0.05816090055260583,-0.023487699131707573,-0.016179347188425074,-0.053592719399028974,0.141236061144545,6.717,0.0,35.0,600.0,0.0,162.0,0.0,0.0,5.0,0.0,99.0,10.0,383.0,1.1004598662207359,1.0,16.0,1.0,329.0,78968.0,4400.0,0.0,0,0.0,0.0,10
8472564,2024-12-08 05:48:40+00:00,1,,,15225.0,16317.0,0.5031579596351863,-0.6114337137678488,-0.054488959167710314,-0.1165395030712408,-0.06670879924340213,-0.07412946629464255,0.01584713069282676,-0.03231283449775203,-0.04317344340611509,-0.4142474070967134,-0.07791647071836902,0.07090034106747711,-0.026172253256940618,-0.46958011525157795,-0.03481326916714037,-0.1482292857992833,-0.12296996338010098,-0.3012493410357806,-0.08168565936984104,-0.008431530244752898,-0.009607996814591997,-0.05816090055260583,-0.023487699131707573,-0.016179347188425074,-0.053592719399028974,-0.03707202918461854,6.717,0.0,3.0,600.0,0.0,5.0,0.0,0.0,5.0,2.0,0.0,10.0,41.0,1.3443708609271523,1.0,1.0,1.0,329.0,78968.0,4000.0,0.0,0,1.0,24.0,117553
8468873,2024-12-07 03:56:38+00:00,1,,"[0, 0, 1, 1, 1, 1, 0, 0, 0, 1, 1, 1, 1, 1, 1, 1, 0, 1, 1, 0, 0, 0, 1, 1, 1, 0, 1, 1, 1, 1, 1, 1, 1, 1, 1, 1, 1, 1, 1, 1, 1, 1, 1, 1, 1, 1, 1, 1, 1, 1, 1, 1, 1, 1, 1]",45000.0,16317.0,0.5321650350863354,-0.6114337137678488,-0.054488959167710314,-0.5083517388880758,-0.05738860713727523,-0.07412946629464255,-0.16547143701628758,-0.03231283449775203,-0.04317344340611509,-0.4142474070967134,-0.07791647071836902,-0.0069440649306055586,-0.026172253256940618,-0.46958011525157795,-0.03481326916714037,-0.1482292857992833,-0.12296996338010098,-0.3012493410357806,0.02313302321270807,-0.008431530244752898,-0.039768111103099996,-0.05484988672575293,-0.023487699131707573,-0.016179347188425074,-0.053592719399028974,0.141236061144545,6.717,0.0,8.0,300.0,0.01818181818181818,22.0,4.0,0.0,4.0,4.0,1.0,9.0,52.0,1.6,1.0,2.0,1.0,1.0,6422.0,4662.0,0.9136363636363637,0,17.0,287.0,0
8465639,2024-12-06 02:10:54+00:00,1,,,15797.0,16317.0,0.5615369528947828,-0.6114337137678488,-0.054488959167710314,-0.5083517388880758,-0.06670879924340213,-0.07412946629464255,-0.16547143701628758,-0.03231283449775203,-0.04317344340611509,-0.4142474070967134,-0.09921592132150975,-0.09236929204096728,-0.026172253256940618,-0.46958011525157795,-0.03481326916714037,-0.1482292857992833,-0.12296996338010098,-0.3012493410357806,0.02313302321270807,-0.008431530244752898,-0.039768111103099996,-0.05816090055260583,-0.023487699131707573,-0.016179347188425074,-0.053592719399028974,-0.018828211620055532,6.717,0.0,35.0,600.0,0.0,162.0,0.0,0.0,4.0,0.0,99.0,10.0,383.0,1.4492660550458716,1.0,16.0,1.0,1.0,78968.0,7900.0,0.0,0,0.0,0.0,76374
