feature,dtype,propna,min,max,range,std,mean,median,mode,n_unique,prop_unique,prop_negative,prop_min,prop_max,prop_zero
bitdebtor__base,,1.0,,,,,,,,0,0.0,,,,
bctrd__tu,,1.0,,,,,,,,0,0.0,,,,
fltadvance__app,,1.0,,,,,,,,0,0.0,,,,
pti__app,,1.0,,,,,,,,0,0.0,,,,
bigmileage_odometer__app,,1.0,,,,,,,,0,0.0,,,,
vehiclemake__app,,1.0,,,,,,,,0,0.0,,,,
vehiclemodel__app,,1.0,,,,,,,,0,0.0,,,,
bitnew__app,,1.0,,,,,,,,0,0.0,,,,
fltpriceselling__app,,1.0,,,,,,,,0,0.0,,,,
vehiclepricewholesale__app,,1.0,,,,,,,,0,0.0,,,,
fltstatesalestax__app,,1.0,,,,,,,,0,0.0,,,,
vehicleyear__app,,1.0,,,,,,,,0,0.0,,,,
permid__tu,,1.0,,,,,,,,0,0.0,,,,
partyid__tu,,1.0,,,,,,,,0,0.0,,,,
acctid__tu,,1.0,,,,,,,,0,0.0,,,,
tuseqeuncenumber__tu,,1.0,,,,,,,,0,0.0,,,,
bankcard_reason5__ln,,1.0,,,,,,,,0,0.0,,,,
alert4__ln,,1.0,,,,,,,,0,0.0,,,,
alert5__ln,,1.0,,,,,,,,0,0.0,,,,
alert6__ln,,1.0,,,,,,,,0,0.0,,,,
alert7__ln,,1.0,,,,,,,,0,0.0,,,,
alert8__ln,,1.0,,,,,,,,0,0.0,,,,
alert9__ln,,1.0,,,,,,,,0,0.0,,,,
iscrhit__tu,,1.0,,,,,,,,0,0.0,,,,
insttrd__tu,,1.0,,,,,,,,0,0.0,,,,
dtmstampcreation__base,,1.0,,,,,,,,0,0.0,,,,
nomttrd__tu,,1.0,,,,,,,,0,0.0,,,,
bkc232__tu,,1.0,,,,,,,,0,0.0,,,,
bkc233__tu,,1.0,,,,,,,,0,0.0,,,,
bkc234__tu,,1.0,,,,,,,,0,0.0,,,,
bkc235__tu,,1.0,,,,,,,,0,0.0,,,,
bkc252__tu,,1.0,,,,,,,,0,0.0,,,,
bkc253__tu,,1.0,,,,,,,,0,0.0,,,,
bkc254__tu,,1.0,,,,,,,,0,0.0,,,,
bkc255__tu,,1.0,,,,,,,,0,0.0,,,,
bkc201__tu,,1.0,,,,,,,,0,0.0,,,,
bkc202__tu,,1.0,,,,,,,,0,0.0,,,,
bkc203__tu,,1.0,,,,,,,,0,0.0,,,,
bkc204__tu,,1.0,,,,,,,,0,0.0,,,,
bkc205__tu,,1.0,,,,,,,,0,0.0,,,,
bkc222__tu,,1.0,,,,,,,,0,0.0,,,,
bkc223__tu,,1.0,,,,,,,,0,0.0,,,,
bkc224__tu,,1.0,,,,,,,,0,0.0,,,,
bkc225__tu,,1.0,,,,,,,,0,0.0,,,,
bigaccountid,,1.0,,,,,,,,0,0.0,,,,
bigdebtorid,,1.0,,,,,,,,0,0.0,,,,
rtltrd__tu,,1.0,,,,,,,,0,0.0,,,,
revtrd__tu,,1.0,,,,,,,,0,0.0,,,,
alert10__ln,,1.0,,,,,,,,0,0.0,,,,
bkc231__tu,,1.0,,,,,,,,0,0.0,,,,
ssn__tu,,1.0,,,,,,,,0,0.0,,,,
zip4__tu,,1.0,,,,,,,,0,0.0,,,,
gnrcrem_frsrpt_dte__base,,1.0,,,,,,,,0,0.0,,,,
state__tu,,1.0,,,,,,,,0,0.0,,,,
strname__tu,,1.0,,,,,,,,0,0.0,,,,
dtmstampcreation__tu,,1.0,,,,,,,,0,0.0,,,,
address1__tu,,1.0,,,,,,,,0,0.0,,,,
lastname__tu,,1.0,,,,,,,,0,0.0,,,,
observationdate__tu,,1.0,,,,,,,,0,0.0,,,,
dateofbirth__tu,,1.0,,,,,,,,0,0.0,,,,
analyticsmatchkey__tu,,1.0,,,,,,,,0,0.0,,,,
vtg4__base,,1.0,,,,,,,,0,0.0,,,,
performance__base,,1.0,,,,,,,,0,0.0,,,,
creditasofdate__tu,,1.0,,,,,,,,0,0.0,,,,
segment__tu,,1.0,,,,,,,,0,0.0,,,,
firstname__tu,,1.0,,,,,,,,0,0.0,,,,
middlename__tu,,1.0,,,,,,,,0,0.0,,,,
zip5__tu,,1.0,,,,,,,,0,0.0,,,,
obs_arch__base,,1.0,,,,,,,,0,0.0,,,,
payt_pttrn_txt__base,,1.0,,,,,,,,0,0.0,,,,
open_dte__base,,1.0,,,,,,,,0,0.0,,,,
dtmapproved__base,,1.0,,,,,,,,0,0.0,,,,
dtmdeclined__base,,1.0,,,,,,,,0,0.0,,,,
dtmfunded__base,,1.0,,,,,,,,0,0.0,,,,
observationdate__base,,1.0,,,,,,,,0,0.0,,,,
analyticsmatchkey__base,,1.0,,,,,,,,0,0.0,,,,
decision_dte__base,,1.0,,,,,,,,0,0.0,,,,
booked__base,,1.0,,,,,,,,0,0.0,,,,
acct_rte_prfl_cde__base,,1.0,,,,,,,,0,0.0,,,,
acct_typ_cde__base,,1.0,,,,,,,,0,0.0,,,,
curr_bal_amt__base,,1.0,,,,,,,,0,0.0,,,,
terms_freq_cde__base,,1.0,,,,,,,,0,0.0,,,,
affil_rem_cde__base,,1.0,,,,,,,,0,0.0,,,,
cmplnc_rem_cde__base,,1.0,,,,,,,,0,0.0,,,,
gnrc_rem_cde__base,,1.0,,,,,,,,0,0.0,,,,
rte_rem_cde__base,,1.0,,,,,,,,0,0.0,,,,
indflag__tu,,1.0,,,,,,,,0,0.0,,,,
alert3__ln,object,0.9999817520854193,,,,,,,300E,1,0.043478260869565216,,,,
zipcodefiller__tu,object,0.9998881323497443,,,,,,,-,7,0.04964539007092199,,,,
auto_reason5__ln,object,0.999872264597935,,,,,,,I60,1,0.006211180124223602,,,,
linkf190__tu,float64,0.9946565345782113,8.0,366.0,358.0,98.63831380209709,190.11224944320713,190.0,84.0,358,0.05315515961395694,0.0,0.0002969561989606533,0.0007423904974016332,0.0
bittrade__app,object,0.9939258246073922,,,,,,,True,4,0.0005224660397074191,,,,
fltmaintenanceagreement__app,float64,0.9927698588880831,0.0,2800.0,2800.0,148.4038068348735,106.7312323054976,75.0,75.0,253,0.027762537035004937,0.0,0.20377482716997697,0.0001097333479644464,0.20377482716997697
linkf011__tu,float64,0.9927563712990453,0.0,12213.0,12213.0,654.1136253029265,493.71018619934284,300.0,0.0,1561,0.17097480832420592,0.0,0.11358159912376779,0.0001095290251916758,0.11358159912376779
linkd012__tu,float64,0.9884173345667866,1.0,1827.0,1826.0,532.4689055720359,928.3544763339955,957.0,143.0,1826,0.12507706007260772,0.0,0.0011644633194054386,0.00020549352695390096,0.0
linkf012__tu,float64,0.9871772697628882,0.0,17040.0,17040.0,827.9261183419604,584.7943942581363,335.0,0.0,2199,0.13605989357752754,0.0,0.10425689889865115,6.187353050365054e-05,0.10425689889865115
linkf080__tu,float64,0.9858293042466865,0.0,27710.0,27710.0,599.3674698674976,253.33379989922176,0.0,0.0,1646,0.09215609428363473,0.0,0.6426851800011197,5.598790661217177e-05,0.6426851800011197
chargeoffdate__app,object,0.9845622642647122,,,,,,,2016-12-05 13:51:53.943000000,15915,0.8179155103299414,,,,
linkf192__tu,float64,0.9842322150270784,0.0,2496.0,2496.0,770.8869618816622,926.009862131428,663.0,7.0,2478,0.12468551876823991,0.0,0.00045285297373452753,5.031699708161417e-05,0.00045285297373452753
short_term_lending_reason5__ln,object,0.9839378682310155,,,,,,,I60,1,4.939491232403063e-05,,,,
defaultamount__app,float64,0.9834753232657737,0.0,34994.63,34994.63,5713.334318661408,14318.78357643556,15182.86,17014.58,16951,0.8138563472248895,0.0,4.801229114653351e-05,4.801229114653351e-05,4.801229114653351e-05
chargeoffamount__app,float64,0.9834753232657737,-2421.89,30329.04,32750.93,4589.552927233885,10041.713332240259,9942.31,7639.55,16945,0.8135682734780104,0.0010562704052237374,4.801229114653351e-05,4.801229114653351e-05,0.0
alert2__ln,object,0.9833452077009374,,,,,,,300E,4,0.00019054878048780488,,,,
linkf186__tu,float64,0.9829413734173901,2.0,366.0,364.0,98.70614656875291,191.16431793870052,191.0,106.0,364,0.016929445142086413,0.0,4.650946467606158e-05,0.0003720757174084926,0.0
linkf013__tu,float64,0.9820139033241353,0.0,25480.0,25480.0,987.0533149159859,650.2862373180415,357.0,0.0,2688,0.11857079841199823,0.0,0.10141155712395236,4.411116012351125e-05,0.10141155712395236
defaultdate__app,object,0.981694961512768,,,,,,,2017-09-26 00:00:00,18771,0.8135835644937587,,,,
linkf182__tu,float64,0.9781540726965181,2.0,366.0,364.0,98.73311825493138,190.0963500998729,190.0,175.0,364,0.013219538768839658,0.0,3.631741420010895e-05,0.0004358089704013074,0.0
linkf027__tu,float64,0.9780842545885571,0.0,14416.0,14416.0,943.5938317553868,840.3261050573797,552.0,300.0,3296,0.11932085580856533,0.0,7.240343192267313e-05,3.6201715961336564e-05,7.240343192267313e-05
linkf008__tu,float64,0.9772995942615862,0.0,67080.0,67080.0,1132.6260575015942,705.2984761638473,388.0,0.0,3085,0.10782189291206487,0.0,0.09572906472808612,3.4950370473927024e-05,0.09572906472808612
linkb003__tu,float64,0.9727273015777306,0.0,802422.0,802422.0,32297.589303958284,16081.589847272728,4800.0,0.0,7044,0.20491636363636365,0.0,0.2319709090909091,2.909090909090909e-05,0.2319709090909091
linkb015__tu,float64,0.9727273015777306,0.0,1275679.0,1275679.0,71827.89737684511,81802.4419490909,71360.0,0.0,12570,0.36567272727272726,0.0,0.1616581818181818,2.909090909090909e-05,0.1616581818181818
linkb013__tu,float64,0.9727273015777306,0.0,1789290.0,1789290.0,72227.93769760446,83335.46818909091,71100.0,0.0,13509,0.3929890909090909,0.0,0.08997818181818182,2.909090909090909e-05,0.08997818181818182
linkb014__tu,float64,0.9727273015777306,0.0,107985240.0,107985240.0,916723.3468567012,47799.86952727273,8973.0,0.0,9224,0.26833454545454544,0.0,0.04186181818181818,2.909090909090909e-05,0.04186181818181818
linkb005__tu,float64,0.9727273015777306,0.0,21048.0,21048.0,1140.5956929760464,1500.92192,1499.0,0.0,3472,0.10100363636363636,0.0,0.23613090909090909,2.909090909090909e-05,0.23613090909090909
linkb016__tu,float64,0.9727273015777306,0.0,1455940.0,1455940.0,92290.17104735489,114868.29032727273,98060.0,0.0,13972,0.40645818181818183,0.0,0.05530181818181818,2.909090909090909e-05,0.05530181818181818
linkb002__tu,float64,0.9727273015777306,0.0,1789290.0,1789290.0,65295.233046812435,48606.39048727273,20374.0,0.0,12940,0.3764363636363636,0.0,0.2278981818181818,2.909090909090909e-05,0.2278981818181818
linkb017__tu,float64,0.9705391386032253,0.0,53950000.0,53950000.0,342110.7552386634,98399.44547976194,80000.0,0.0,6404,0.1724611531521827,0.0,0.2995179489941561,2.6930223790159697e-05,0.2995179489941561
crossindustry_reason5__ln,object,0.9696267428741894,,,,,,,I60,1,2.612125486508372e-05,,,,
linkf028__tu,float64,0.9689761650500072,0.0,21409.0,21409.0,1431.096982416083,1161.0665933560085,660.0,300.0,4863,0.12436385955041812,0.0,0.00015344091246195945,2.5573485410326572e-05,0.00015344091246195945
linkf009__tu,float64,0.9684826779687373,0.0,129290.0,129290.0,1547.3807251793912,794.7399370673379,438.0,0.0,3756,0.09455003146633102,0.0,0.08717432347388294,2.5173064820641914e-05,0.08717432347388294
linkb018__tu,float64,0.9672251586378487,0.0,77352.0,77352.0,2337.952622019278,2052.847881868797,1396.0,0.0,6889,0.16676349552166544,0.0,0.010990075042362624,2.420721374969741e-05,0.010990075042362624
linkb001__tu,float64,0.9672251586378487,0.0,2479.0,2479.0,23.04780393118062,1.3206734446865167,0.21,0.0,1116,0.02701525054466231,0.0,0.04691358024691358,2.420721374969741e-05,0.04691358024691358
linkd001__tu,float64,0.9668927292374434,0.0,1.0,1.0,0.2744491169826264,0.08205324834048264,0.0,0.0,2,4.792829926430061e-05,0.0,0.9179467516595173,0.08205324834048264,0.9179467516595173
linkd013__tu,float64,0.9618570982007556,1.0,1827.0,1826.0,486.68565055554353,775.37763125052,754.0,3.0,1827,0.03800232964472918,0.0,0.0015184291538397538,6.240119810300358e-05,0.0
linkf029__tu,float64,0.9615167349244457,0.0,29084.0,29084.0,1809.880321401217,1384.0948974332543,735.0,300.0,6055,0.12483249149572209,0.0,0.00016493145036594167,2.061643129574271e-05,0.00016493145036594167
linkf010__tu,float64,0.9603774303445365,0.0,307320.0,307320.0,2313.067292159072,867.5024929416712,471.0,0.0,4228,0.08465989868044292,0.0,0.07997436975631245,2.0023627880899462e-05,0.07997436975631245
intservicecontractmileage__app,float64,0.9566207401036799,0.0,9999999.0,9999999.0,75999.7600965269,36493.9332613944,0.0,0.0,2289,0.04186480357012218,0.0,0.6107432877313629,1.8289560318969934e-05,0.6107432877313629
linkf191__tu,float64,0.956573136848252,0.0,2497.0,2497.0,714.2785438729904,822.3270059923999,622.0,1.0,2498,0.04563724057293189,0.0,0.0016442560654779303,5.480853551593101e-05,0.0016442560654779303
intservicecontractterm__app,float64,0.9565691699102996,0.0,70036.0,70036.0,707.571560033527,55.82850148882921,36.0,24.0,91,0.0016623737235344624,0.0,0.0327725105496794,1.826784311576332e-05,0.0327725105496794
linkf024__tu,float64,0.95474834539018,0.0,37862.0,37862.0,2120.17340222827,1545.6689809944596,793.0,300.0,6970,0.12220352058349113,0.0,0.0002454590083456063,1.753278631040045e-05,0.0002454590083456063
linkf049__tu,float64,0.9545944281976296,0.0,12457.0,12457.0,288.6186178141027,386.08846758692994,345.0,588.0,1424,0.02488205486632885,0.0,0.0030228900926087716,3.4946706272933774e-05,0.0030228900926087716
linkb009__tu,float64,0.9514581670525175,0.0,5.0,5.0,0.4517371095897244,0.15409509177385874,0.0,0.0,6,9.806645636859913e-05,0.0,0.8767631531634604,3.268881878953304e-05,0.8767631531634604
linkb008__tu,float64,0.9514581670525175,0.0,3.0,3.0,0.16294939645488957,0.024745435823676512,0.0,0.0,4,6.537763757906608e-05,0.0,0.9763986728339571,6.537763757906608e-05,0.9763986728339571
linkb010__tu,float64,0.9514581670525175,-1.0,37.0,38.0,0.9620236168161583,-0.7735395452985305,-1.0,-1.0,85,0.0013892747985551543,0.8813886210221794,0.8813886210221794,1.634440939476652e-05,0.09536962881846264
linkd004__tu,float64,0.9472238574822004,0.0,15.0,15.0,0.2534323757941716,0.032351172579675284,0.0,0.0,11,0.00016536380036079375,0.0,0.9765935057125676,1.5033072760072159e-05,0.9765935057125676
linkd011__tu,float64,0.9472238574822004,0.0,80.0,80.0,1.3919835166839425,0.3054570054119062,0.0,0.0,32,0.0004810583283223091,0.0,0.9024052916416115,1.5033072760072159e-05,0.9024052916416115
linkf025__tu,float64,0.9427166225807629,0.0,55649.0,55649.0,2612.783217569674,1803.9044196063767,891.0,300.0,8513,0.11790695419731029,0.0,0.0003047049209844739,1.385022368111245e-05,0.0003047049209844739
linkf026__tu,float64,0.9319202042497013,0.0,57704.0,57704.0,2970.072310278643,1993.9355895069282,956.0,300.0,9755,0.11368271393443578,0.0,0.00041953641226444776,1.1653789229567994e-05,0.00041953641226444776
linkf188__tu,float64,0.9287593480892846,0.0,2497.0,2497.0,665.7366586741052,936.9271992248839,831.0,3.0,2498,0.027819540498702573,0.0,0.00031182831623845957,1.1136725579944985e-05,0.00031182831623845957
linkf135__tu,float64,0.9266568709745497,1.0,60962.0,60961.0,1225.126595778629,941.3131875858637,626.0,300.0,4876,0.05274601646419956,0.0,0.00011899224386919508,1.081747671538137e-05,0.0
linkf213__tu,float64,0.9235753535731797,0.0,19950.0,19950.0,502.8479133634538,203.32155553479294,1.17,0.0,3378,0.035068049456538665,0.0,0.15186811589689286,1.0381305345334122e-05,0.15186811589689286
linkd008__tu,float64,0.9198908616030554,1.0,1827.0,1826.0,526.8498729656935,676.5340939477671,561.0,2.0,1827,0.01809430430519654,0.0,0.0023967277733210526,0.00011884600528864724,0.0
linkf081__tu,float64,0.9187848793019459,0.0,2497.0,2497.0,648.32250891993,884.7840863576417,772.0,1.0,2492,0.024344258291408197,0.0,0.0002637620280369267,9.768964001367656e-06,0.0002637620280369267
dtmfunded__tu,float64,0.9176368474585416,20131004.0,20170522.0,39518.0,9711.183080771374,20150392.224367127,20150728.0,20161129.0,901,0.00867915077255038,0.0,3.853119099911378e-05,9.632797749778446e-06,0.0
linkf184__tu,float64,0.9163237909963202,0.0,2497.0,2497.0,683.7109464360069,926.3482416300833,794.0,7.0,2498,0.023685133738515364,0.0,0.0003508206358386984,9.481638806451307e-06,0.0003508206358386984
linkf014__tu,float64,0.9143736442989548,0.0,366430.0,366430.0,2160.7801325006826,955.8442158906648,519.0,0.0,5924,0.05488996988649525,0.0,0.09957841093351864,9.265693768820941e-06,0.09957841093351864
linkf017__tu,float64,0.914345082345698,0.0,83.0,83.0,23.38288056572364,35.975241059271404,33.0,1.0,84,0.0007780587434351293,0.0,0.015802002575003936,0.002306388418039848,0.015802002575003936
linkf016__tu,float64,0.914345082345698,0.0,83.0,83.0,22.9109739888517,30.500365872861497,26.0,0.0,84,0.0007780587434351293,0.0,0.033438000759533536,0.00083363436796621,0.033438000759533536
score_cvpropensity__tu,float64,0.9132160918044648,233.0,843.0,610.0,65.86171126150992,493.7641428362466,485.0,470.0,482,0.004406494551305493,0.0,9.142104878227163e-06,9.142104878227163e-06,0.0
linkf136__tu,float64,0.9039794734762595,0.0,13900.0,13900.0,513.5654165257513,505.0960845603423,406.0,300.0,3943,0.03257977624642639,0.0,0.01787219275197065,8.262687356435807e-06,0.01787219275197065
fundeddate__app,float64,0.9011224847629913,20131004.0,20180130.0,49126.0,11623.884572767338,20153735.973031525,20151124.0,20161129.0,1114,0.008938673000232695,0.0,3.209577378898633e-05,8.023943447246583e-06,0.0
dtmfunded__app,object,0.9011224847629913,,,,,,,2014-03-19 11:18:11,99510,0.7984626124355075,,,,
linkf187__tu,float64,0.8977854965574913,0.0,2497.0,2497.0,679.4496753333185,821.2661740392601,682.0,1.0,2498,0.019389442146034015,0.0,0.0017464469507036241,3.104794579028665e-05,0.0017464469507036241
linkf034__tu,float64,0.8976704553568736,0.0,6255.0,6255.0,290.9139422388731,301.2913520135217,218.0,300.0,1827,0.01416520646932035,0.0,0.0010699499139388113,7.753260245933416e-06,0.0010699499139388113
fltlicensefee__app,float64,0.8974379927928672,0.0,2254.0,2254.0,106.8176390279665,122.96044338806152,99.0,33.5,8460,0.0654439124010799,0.0,0.002792583023261211,7.735687045044906e-06,0.002792583023261211
fltdocumentfee__app,float64,0.8970603402998053,0.0,2000.0,2000.0,173.5080218593394,311.8882111320918,250.0,250.0,6067,0.04676023337726499,0.0,0.0027900452418938397,7.70730729804928e-06,0.0027900452418938397
linkd010__tu,float64,0.89509353246304,0.0,73.0,73.0,0.8836093406767893,0.3946801630541648,0.0,0.0,1443,0.01091313357433485,0.0,0.6431942280640721,7.5628091298231816e-06,0.6431942280640721
inttermbump__app,float64,0.8945976652189987,0.0,72.0,72.0,4.0884006295973485,4.5522276836455875,6.0,6.0,20,0.0001505445950726754,0.0,0.37371943003816305,6.774506778270392e-05,0.37371943003816305
linkf030__tu,float64,0.8727501511403359,0.0,125610.0,125610.0,4824.670909178715,2894.264963712996,1235.0,300.0,15809,0.09856722448063446,0.0,0.0019951617327979647,6.2348804149936405e-06,0.0019951617327979647
inttype__app,float64,0.8700907159370939,7.0,13.0,6.0,2.7421518188687197,8.783180652253574,7.0,7.0,2,1.2214486380847685e-05,0.0,0.7028032246244046,0.29719677537559547,0.0
linkf183__tu,float64,0.8657294643523021,0.0,2497.0,2497.0,684.6426549190015,796.6613151970314,631.0,1.0,2498,0.014760365641083215,0.0,0.0018612951068619746,4.136211348582166e-05,0.0018612951068619746
linkf033__tu,float64,0.8635587559047871,0.0,12457.0,12457.0,290.84399176799394,320.9052409389846,250.0,300.0,1904,0.01107150541073308,0.0,0.0015176801009460787,1.1629732574299454e-05,0.0015176801009460787
linkd002__tu,float64,0.8596862310757225,0.0,5.0,5.0,0.5616026478921177,0.17719700996302035,0.0,0.0,6,3.3926289481719384e-05,0.0,0.8776391826025988,0.001685005710925396,0.8776391826025988
linkf194__tu,float64,0.8596624294480085,0.0,4761.0,4761.0,692.5183304797248,832.8488953212275,670.0,1.0,2927,0.01654756789760521,0.0,0.0018147486488320028,5.653422582031161e-06,0.0018147486488320028
linkf196__tu,float64,0.8595902311772761,0.0,9999.0,9999.0,814.7505218421741,1161.061330696426,1068.0,9999.0,3153,0.017816075716909168,0.0,0.00022602062438197484,0.0014126289023873428,0.00022602062438197484
linkf106__tu,float64,0.8555177726754141,0.0,2498.0,2498.0,706.367918083075,1386.9489753333187,1432.0,2480.0,2499,0.013722626133942496,0.0,1.0982493904715884e-05,1.0982493904715884e-05,1.0982493904715884e-05
linkf189__tu,float64,0.8384773940073849,0.0,2497.0,2497.0,513.9008427377355,420.0613647303842,219.0,1.0,2497,0.012265086990264556,0.0,0.0017928541255292604,4.911929111039069e-06,0.0017928541255292604
linkb004__tu,float64,0.8273382322372419,0.0,99999999.0,99999999.0,438923.39725464315,84709.86449229412,46760.0,0.0,59845,0.27499012066572925,0.0,0.002421585656125647,1.8380156782737357e-05,0.002421585656125647
telecommunications_reason5__ln,object,0.827021670588646,,,,,,,I60,1,4.586629973626878e-06,,,,
linkd003__tu,float64,0.8207721565385452,0.0,5.0,5.0,1.140371353814179,0.47246593655655994,0.0,0.0,6,2.6560189816823223e-05,0.0,0.7999176634115679,0.026963019362378375,0.7999176634115679
score_epd__tu,float64,0.8205047849205581,420.0,820.0,400.0,51.12799899052576,580.9926140055428,577.0,579.0,388,0.0017150005083120064,0.0,8.84020880573199e-06,0.00014586344529457786,0.0
score_newaccount__tu,float64,0.8150803939645419,402.0,829.0,427.0,36.83254963326446,566.7541359899775,565.0,550.0,392,0.0016818548456297518,0.0,8.58089206953955e-06,8.58089206953955e-06,0.0
linkd006__tu,float64,0.8144750392330163,0.0,184.0,184.0,3.2389536457674954,0.5993311637494173,0.0,0.0,100,0.0004276446614978682,0.0,0.8941408404928177,4.2764466149786815e-06,0.8941408404928177
linkd009__tu,float64,0.8144750392330163,0.0,187.0,187.0,3.5220240760924284,0.8219800803116675,0.0,0.0,108,0.0004618562344176977,0.0,0.7944055525382849,4.2764466149786815e-06,0.7944055525382849
linkd014__tu,float64,0.8144750392330163,0.0,36801.77,36801.77,385.31627483098583,90.41175287270308,15.0,0.0,27608,0.11806413814633145,0.0,0.4410641509756713,4.2764466149786815e-06,0.4410641509756713
linkd005__tu,float64,0.8144750392330163,0.0,184.0,184.0,3.1128728231500875,0.549061533790343,0.0,0.0,99,0.0004233682148828895,0.0,0.9070172212505185,4.2764466149786815e-06,0.9070172212505185
linkd007__tu,float64,0.8144750392330163,0.0,1002.54,1002.54,14.860483296648102,2.0407888333425985,0.0,0.0,2406,0.01028913055563871,0.0,0.9685894996129816,8.552893229957363e-06,0.9685894996129816
bcpmtstr__tu,object,0.8104279691340491,,,,,,,NOBC,7,2.9296057587678914e-05,,,,
score_bankcard__tu,float64,0.8104279691340491,0.0,7.0,7.0,1.9858243640950488,0.9110990206746463,0.0,0.0,8,3.3481208671633047e-05,0.0,0.8202728718506738,0.007771825562902821,0.8202728718506738
bcpmtnum__tu,float64,0.8104279691340491,1.0,7.0,6.0,1.6354712547981827,2.0297187578471583,1.0,1.0,7,2.9296057587678914e-05,0.0,0.7037624508244748,0.006286096928099104,0.0
scr_link_b_2__tu,float64,0.810419241870554,432.0,775.0,343.0,39.05111917616371,565.6515352519973,563.0,570.0,329,0.001376851320982126,0.0,1.6739833689752294e-05,8.369916844876147e-06,0.0
scr_alt_b_2__tu,float64,0.810419241870554,464.0,709.0,245.0,35.43358916897507,580.3645182485112,579.0,579.0,235,0.0009834652292729472,0.0,1.2554875267314219e-05,0.00019669304585458942,0.0
rt900c__tu,float64,0.8104184484829636,-4.0,0.0,4.0,0.9532070763684012,-2.0396272054638587,-2.0,-1.0,5,2.0924704543171852e-05,0.9999497807090963,0.053152934480565135,5.021929090361244e-05,5.021929090361244e-05
rt900s__tu,float64,0.8104184484829636,-4.0,0.0,4.0,0.9532070763684012,-2.0396272054638587,-2.0,-1.0,5,2.0924704543171852e-05,0.9999497807090963,0.053152934480565135,5.021929090361244e-05,5.021929090361244e-05
rl999b__tu,float64,0.8104184484829636,-4.0,0.0,4.0,0.84951475506275,-1.402126786969768,-1.0,-1.0,5,2.0924704543171852e-05,0.9999497807090963,0.053152934480565135,5.021929090361244e-05,5.021929090361244e-05
rl999s__tu,float64,0.8104184484829636,-4.0,0.0,4.0,0.84951475506275,-1.402126786969768,-1.0,-1.0,5,2.0924704543171852e-05,0.9999497807090963,0.053152934480565135,5.021929090361244e-05,5.021929090361244e-05
rl921c__tu,float64,0.8104184484829636,-4.0,0.0,4.0,0.9442721506300408,-1.4824776524155479,-1.0,-1.0,5,2.0924704543171852e-05,0.9999497807090963,0.053152934480565135,5.021929090361244e-05,5.021929090361244e-05
rl921b__tu,float64,0.8104184484829636,-4.0,0.0,4.0,0.9440646666601872,-1.4822851451337506,-1.0,-1.0,5,2.0924704543171852e-05,0.9999497807090963,0.053152934480565135,5.021929090361244e-05,5.021929090361244e-05
rl921s__tu,float64,0.8104184484829636,-4.0,0.0,4.0,0.94411880109522,-1.4823353644246544,-1.0,-1.0,5,2.0924704543171852e-05,0.9999497807090963,0.053152934480565135,5.021929090361244e-05,5.021929090361244e-05
mt999b__tu,float64,0.8104184484829636,-4.0,0.0,4.0,0.8446628086258884,-1.392660450634437,-1.0,-1.0,5,2.0924704543171852e-05,0.9999497807090963,0.053152934480565135,5.021929090361244e-05,5.021929090361244e-05
rt921s__tu,float64,0.8104184484829636,-4.0,0.0,4.0,1.0372819661064938,-2.2888278817503096,-3.0,-3.0,5,2.0924704543171852e-05,0.9999497807090963,0.053152934480565135,5.021929090361244e-05,5.021929090361244e-05
rt900b__tu,float64,0.8104184484829636,-4.0,0.0,4.0,0.9532070763684012,-2.0396272054638587,-2.0,-1.0,5,2.0924704543171852e-05,0.9999497807090963,0.053152934480565135,5.021929090361244e-05,5.021929090361244e-05
us921c__tu,float64,0.8104184484829636,-4.0,0.0,4.0,1.0588692557261423,-1.8041112859486423,-1.0,-1.0,5,2.0924704543171852e-05,0.9999497807090963,0.053152934480565135,5.021929090361244e-05,5.021929090361244e-05
rt921b__tu,float64,0.8104184484829636,-4.0,0.0,4.0,1.037329649581566,-2.2890622384411934,-3.0,-3.0,5,2.0924704543171852e-05,0.9999497807090963,0.053152934480565135,5.021929090361244e-05,5.021929090361244e-05
rt921c__tu,float64,0.8104184484829636,-4.0,0.0,4.0,1.0373066662189367,-2.28894924503666,-3.0,-3.0,5,2.0924704543171852e-05,0.9999497807090963,0.053152934480565135,5.021929090361244e-05,5.021929090361244e-05
at934c__tu,float64,0.8104184484829636,-4.0,0.0,4.0,0.6021543572852601,-2.3013994442398475,-2.0,-2.0,5,2.0924704543171852e-05,0.9999497807090963,0.053152934480565135,5.021929090361244e-05,5.021929090361244e-05
at934b__tu,float64,0.8104184484829636,-4.0,0.0,4.0,0.5511969262372289,-2.2702383742341556,-2.0,-2.0,4,1.673976363453748e-05,0.9999497807090963,0.053152934480565135,5.021929090361244e-05,5.021929090361244e-05
at922s__tu,float64,0.8104184484829636,-4.0,999.0,1003.0,7.116755289342648,-2.220069302621447,-2.0,-2.0,4,1.673976363453748e-05,0.9999497807090963,0.053152934480565135,5.021929090361244e-05,0.0
at922f__tu,float64,0.8104184484829636,-4.0,999.0,1003.0,7.121102746322866,-2.2512303726271385,-2.0,-2.0,5,2.0924704543171852e-05,0.9999497807090963,0.053152934480565135,5.021929090361244e-05,0.0
at922e__tu,float64,0.8104184484829636,-4.0,999.0,1003.0,7.116755289342648,-2.220069302621447,-2.0,-2.0,4,1.673976363453748e-05,0.9999497807090963,0.053152934480565135,5.021929090361244e-05,0.0
at922d__tu,float64,0.8104184484829636,-4.0,999.0,1003.0,7.116755289342648,-2.220069302621447,-2.0,-2.0,4,1.673976363453748e-05,0.9999497807090963,0.053152934480565135,5.021929090361244e-05,0.0
at922c__tu,float64,0.8104184484829636,-4.0,999.0,1003.0,7.121102746322866,-2.2512303726271385,-2.0,-2.0,5,2.0924704543171852e-05,0.9999497807090963,0.053152934480565135,5.021929090361244e-05,0.0
at922b__tu,float64,0.8104184484829636,-4.0,999.0,1003.0,7.116755289342648,-2.220069302621447,-2.0,-2.0,4,1.673976363453748e-05,0.9999497807090963,0.053152934480565135,5.021929090361244e-05,0.0
at920s__tu,float64,0.8104184484829636,-4.0,0.0,4.0,0.5511969262372289,-2.2702383742341556,-2.0,-2.0,4,1.673976363453748e-05,0.9999497807090963,0.053152934480565135,5.021929090361244e-05,5.021929090361244e-05
at920f__tu,float64,0.8104184484829636,-4.0,0.0,4.0,0.6021543572852601,-2.3013994442398475,-2.0,-2.0,5,2.0924704543171852e-05,0.9999497807090963,0.053152934480565135,5.021929090361244e-05,5.021929090361244e-05
at920e__tu,float64,0.8104184484829636,-4.0,0.0,4.0,0.5511969262372289,-2.2702383742341556,-2.0,-2.0,4,1.673976363453748e-05,0.9999497807090963,0.053152934480565135,5.021929090361244e-05,5.021929090361244e-05
at920d__tu,float64,0.8104184484829636,-4.0,0.0,4.0,0.5511969262372289,-2.2702383742341556,-2.0,-2.0,4,1.673976363453748e-05,0.9999497807090963,0.053152934480565135,5.021929090361244e-05,5.021929090361244e-05
at920c__tu,float64,0.8104184484829636,-4.0,0.0,4.0,0.6021543572852601,-2.3013994442398475,-2.0,-2.0,5,2.0924704543171852e-05,0.9999497807090963,0.053152934480565135,5.021929090361244e-05,5.021929090361244e-05
at920b__tu,float64,0.8104184484829636,-4.0,0.0,4.0,0.5511969262372289,-2.2702383742341556,-2.0,-2.0,4,1.673976363453748e-05,0.9999497807090963,0.053152934480565135,5.021929090361244e-05,5.021929090361244e-05
us999b__tu,float64,0.8104184484829636,-4.0,0.0,4.0,0.9783794339286591,-1.694867588469651,-1.0,-1.0,5,2.0924704543171852e-05,0.9999497807090963,0.053152934480565135,5.021929090361244e-05,5.021929090361244e-05
us999s__tu,float64,0.8104184484829636,-4.0,0.0,4.0,0.9783794339286591,-1.694867588469651,-1.0,-1.0,5,2.0924704543171852e-05,0.9999497807090963,0.053152934480565135,5.021929090361244e-05,5.021929090361244e-05
at934d__tu,float64,0.8104184484829636,-4.0,0.0,4.0,0.5511969262372289,-2.2702383742341556,-2.0,-2.0,4,1.673976363453748e-05,0.9999497807090963,0.053152934480565135,5.021929090361244e-05,5.021929090361244e-05
us933c__tu,float64,0.8104184484829636,-4.0,0.0,4.0,1.0588692557261423,-1.8041112859486423,-1.0,-1.0,5,2.0924704543171852e-05,0.9999497807090963,0.053152934480565135,5.021929090361244e-05,5.021929090361244e-05
us933b__tu,float64,0.8104184484829636,-4.0,0.0,4.0,1.0588912578029017,-1.8041447654759115,-1.0,-1.0,5,2.0924704543171852e-05,0.9999497807090963,0.053152934480565135,5.021929090361244e-05,5.021929090361244e-05
us933s__tu,float64,0.8104184484829636,-4.0,0.0,4.0,1.0588692557261423,-1.8041112859486423,-1.0,-1.0,5,2.0924704543171852e-05,0.9999497807090963,0.053152934480565135,5.021929090361244e-05,5.021929090361244e-05
us921b__tu,float64,0.8104184484829636,-4.0,0.0,4.0,1.0588912578029017,-1.8041447654759115,-1.0,-1.0,5,2.0924704543171852e-05,0.9999497807090963,0.053152934480565135,5.021929090361244e-05,5.021929090361244e-05
us921s__tu,float64,0.8104184484829636,-4.0,0.0,4.0,1.0588692557261423,-1.8041112859486423,-1.0,-1.0,5,2.0924704543171852e-05,0.9999497807090963,0.053152934480565135,5.021929090361244e-05,5.021929090361244e-05
rt999b__tu,float64,0.8104184484829636,-4.0,0.0,4.0,0.9532070763684012,-2.0396272054638587,-2.0,-1.0,5,2.0924704543171852e-05,0.9999497807090963,0.053152934480565135,5.021929090361244e-05,5.021929090361244e-05
rt999s__tu,float64,0.8104184484829636,-4.0,0.0,4.0,0.9532070763684012,-2.0396272054638587,-2.0,-1.0,5,2.0924704543171852e-05,0.9999497807090963,0.053152934480565135,5.021929090361244e-05,5.021929090361244e-05
rt933c__tu,float64,0.8104184484829636,-4.0,0.0,4.0,1.0373066662189367,-2.28894924503666,-3.0,-3.0,5,2.0924704543171852e-05,0.9999497807090963,0.053152934480565135,5.021929090361244e-05,5.021929090361244e-05
rt933b__tu,float64,0.8104184484829636,-4.0,0.0,4.0,1.037329649581566,-2.2890622384411934,-3.0,-3.0,5,2.0924704543171852e-05,0.9999497807090963,0.053152934480565135,5.021929090361244e-05,5.021929090361244e-05
rt933s__tu,float64,0.8104184484829636,-4.0,0.0,4.0,1.0372819661064938,-2.2888278817503096,-3.0,-3.0,5,2.0924704543171852e-05,0.9999497807090963,0.053152934480565135,5.021929090361244e-05,5.021929090361244e-05
ad01f__tu,float64,0.8104184484829636,-4.0,18.0,22.0,2.3391450724671277,2.6342989386989855,2.0,1.0,20,8.369881817268741e-05,8.36988181726874e-06,8.36988181726874e-06,1.255482272590311e-05,0.17163279654491279
rl933s__tu,float64,0.8104184484829636,-4.0,0.0,4.0,0.94411880109522,-1.4823353644246544,-1.0,-1.0,5,2.0924704543171852e-05,0.9999497807090963,0.053152934480565135,5.021929090361244e-05,5.021929090361244e-05
mt999s__tu,float64,0.8104184484829636,-4.0,0.0,4.0,0.8446628086258884,-1.392660450634437,-1.0,-1.0,5,2.0924704543171852e-05,0.9999497807090963,0.053152934480565135,5.021929090361244e-05,5.021929090361244e-05
rl900b__tu,float64,0.8104184484829636,-4.0,0.0,4.0,0.84951475506275,-1.402126786969768,-1.0,-1.0,5,2.0924704543171852e-05,0.9999497807090963,0.053152934480565135,5.021929090361244e-05,5.021929090361244e-05
au900c__tu,float64,0.8104184484829636,-4.0,0.0,4.0,0.8654478025769642,-2.1633591683685425,-2.0,-2.0,5,2.0924704543171852e-05,0.9999497807090963,0.053152934480565135,5.021929090361244e-05,5.021929090361244e-05
bc900s__tu,float64,0.8104184484829636,-4.0,0.0,4.0,0.9141601483313087,-2.008009976899126,-2.0,-1.0,5,2.0924704543171852e-05,0.9999497807090963,0.053152934480565135,5.021929090361244e-05,5.021929090361244e-05
bc900b__tu,float64,0.8104184484829636,-4.0,0.0,4.0,0.9141601483313087,-2.008009976899126,-2.0,-1.0,5,2.0924704543171852e-05,0.9999497807090963,0.053152934480565135,5.021929090361244e-05,5.021929090361244e-05
bc900c__tu,float64,0.8104184484829636,-4.0,0.0,4.0,0.9141601483313087,-2.008009976899126,-2.0,-1.0,5,2.0924704543171852e-05,0.9999497807090963,0.053152934480565135,5.021929090361244e-05,5.021929090361244e-05
bc999s__tu,float64,0.8104184484829636,-4.0,0.0,4.0,0.9141601483313087,-2.008009976899126,-2.0,-1.0,5,2.0924704543171852e-05,0.9999497807090963,0.053152934480565135,5.021929090361244e-05,5.021929090361244e-05
rl900s__tu,float64,0.8104184484829636,-4.0,0.0,4.0,0.84951475506275,-1.402126786969768,-1.0,-1.0,5,2.0924704543171852e-05,0.9999497807090963,0.053152934480565135,5.021929090361244e-05,5.021929090361244e-05
rl900c__tu,float64,0.8104184484829636,-4.0,0.0,4.0,0.84951475506275,-1.402126786969768,-1.0,-1.0,5,2.0924704543171852e-05,0.9999497807090963,0.053152934480565135,5.021929090361244e-05,5.021929090361244e-05
au900s__tu,float64,0.8104184484829636,-4.0,0.0,4.0,0.8654478025769642,-2.1633591683685425,-2.0,-2.0,5,2.0924704543171852e-05,0.9999497807090963,0.053152934480565135,5.021929090361244e-05,5.021929090361244e-05
at934f__tu,float64,0.8104184484829636,-4.0,0.0,4.0,0.6021543572852601,-2.3013994442398475,-2.0,-2.0,5,2.0924704543171852e-05,0.9999497807090963,0.053152934480565135,5.021929090361244e-05,5.021929090361244e-05
rl933b__tu,float64,0.8104184484829636,-4.0,0.0,4.0,0.9440646666601872,-1.4822851451337506,-1.0,-1.0,5,2.0924704543171852e-05,0.9999497807090963,0.053152934480565135,5.021929090361244e-05,5.021929090361244e-05
rl933c__tu,float64,0.8104184484829636,-4.0,0.0,4.0,0.9442721506300408,-1.4824776524155479,-1.0,-1.0,5,2.0924704543171852e-05,0.9999497807090963,0.053152934480565135,5.021929090361244e-05,5.021929090361244e-05
us900s__tu,float64,0.8104184484829636,-4.0,0.0,4.0,0.9783794339286591,-1.694867588469651,-1.0,-1.0,5,2.0924704543171852e-05,0.9999497807090963,0.053152934480565135,5.021929090361244e-05,5.021929090361244e-05
us900b__tu,float64,0.8104184484829636,-4.0,0.0,4.0,0.9783794339286591,-1.694867588469651,-1.0,-1.0,5,2.0924704543171852e-05,0.9999497807090963,0.053152934480565135,5.021929090361244e-05,5.021929090361244e-05
us900c__tu,float64,0.8104184484829636,-4.0,0.0,4.0,0.9783794339286591,-1.694867588469651,-1.0,-1.0,5,2.0924704543171852e-05,0.9999497807090963,0.053152934480565135,5.021929090361244e-05,5.021929090361244e-05
au900b__tu,float64,0.8104184484829636,-4.0,0.0,4.0,0.8654478025769642,-2.1633591683685425,-2.0,-2.0,5,2.0924704543171852e-05,0.9999497807090963,0.053152934480565135,5.021929090361244e-05,5.021929090361244e-05
at933c__tu,float64,0.8104184484829636,-4.0,0.0,4.0,0.22719861845896328,-3.0522573571261176,-3.0,-3.0,4,1.673976363453748e-05,0.9999497807090963,0.053152934480565135,5.021929090361244e-05,5.021929090361244e-05
at999b__tu,float64,0.8104184484829636,-4.0,0.0,4.0,0.5511969262372289,-2.2702383742341556,-2.0,-2.0,4,1.673976363453748e-05,0.9999497807090963,0.053152934480565135,5.021929090361244e-05,5.021929090361244e-05
score_cvauto__tu,float64,0.8104184484829636,0.0,845.0,845.0,133.6060752274444,543.6569059894874,569.0,0.0,345,0.0014438046134788577,0.0,0.05322407847601192,4.18494090863437e-06,0.05322407847601192
finscore__tu,float64,0.8104184484829636,1.0,849.0,848.0,89.6108278032906,532.5927382905353,539.0,4.0,525,0.002197093977033044,0.0,5.021929090361244e-05,4.18494090863437e-06,0.0
us935s__tu,float64,0.8104184484829636,-4.0,0.0,4.0,0.9783794339286591,-1.694867588469651,-1.0,-1.0,5,2.0924704543171852e-05,0.9999497807090963,0.053152934480565135,5.021929090361244e-05,5.021929090361244e-05
ad01a__tu,float64,0.8104184484829636,-4.0,9.0,13.0,0.5282219093961813,0.24629632729585857,0.0,0.0,9,3.766446817770933e-05,8.36988181726874e-06,8.36988181726874e-06,8.36988181726874e-06,0.7929626033680405
ad01b__tu,float64,0.8104184484829636,-4.0,10.0,14.0,0.7637139237728641,0.47242542435300816,0.0,0.0,12,5.021929090361244e-05,8.36988181726874e-06,8.36988181726874e-06,4.18494090863437e-06,0.6530349191469417
ad01c__tu,float64,0.8104184484829636,-4.0,11.0,15.0,1.153524214898488,0.9273996451170109,1.0,0.0,13,5.440423181224681e-05,8.36988181726874e-06,8.36988181726874e-06,2.0924704543171852e-05,0.4639467340721149
ad01d__tu,float64,0.8104184484829636,-4.0,15.0,19.0,1.5225772221544938,1.4177659111453347,1.0,0.0,17,7.11439954467843e-05,8.36988181726874e-06,8.36988181726874e-06,8.36988181726874e-06,0.33564063075429373
at900s__tu,float64,0.8104184484829636,-4.0,0.0,4.0,0.5511969262372289,-2.2702383742341556,-2.0,-2.0,4,1.673976363453748e-05,0.9999497807090963,0.053152934480565135,5.021929090361244e-05,5.021929090361244e-05
at933b__tu,float64,0.8104184484829636,-4.0,0.0,4.0,0.27872024351271907,-3.02813117278784,-3.0,-3.0,4,1.673976363453748e-05,0.9999497807090963,0.053152934480565135,5.021929090361244e-05,5.021929090361244e-05
at900b__tu,float64,0.8104184484829636,-4.0,0.0,4.0,0.5511969262372289,-2.2702383742341556,-2.0,-2.0,4,1.673976363453748e-05,0.9999497807090963,0.053152934480565135,5.021929090361244e-05,5.021929090361244e-05
at900c__tu,float64,0.8104184484829636,-4.0,0.0,4.0,0.5511969262372289,-2.2702383742341556,-2.0,-2.0,4,1.673976363453748e-05,0.9999497807090963,0.053152934480565135,5.021929090361244e-05,5.021929090361244e-05
at921s__tu,float64,0.8104184484829636,-4.0,0.0,4.0,0.22868825713835036,-3.0516421708125483,-3.0,-3.0,4,1.673976363453748e-05,0.9999497807090963,0.053152934480565135,5.021929090361244e-05,5.021929090361244e-05
at921b__tu,float64,0.8104184484829636,-4.0,0.0,4.0,0.27872024351271907,-3.02813117278784,-3.0,-3.0,4,1.673976363453748e-05,0.9999497807090963,0.053152934480565135,5.021929090361244e-05,5.021929090361244e-05
at921c__tu,float64,0.8104184484829636,-4.0,0.0,4.0,0.22719861845896328,-3.0522573571261176,-3.0,-3.0,4,1.673976363453748e-05,0.9999497807090963,0.053152934480565135,5.021929090361244e-05,5.021929090361244e-05
at933s__tu,float64,0.8104184484829636,-4.0,0.0,4.0,0.22868825713835036,-3.0516421708125483,-3.0,-3.0,4,1.673976363453748e-05,0.9999497807090963,0.053152934480565135,5.021929090361244e-05,5.021929090361244e-05
at999s__tu,float64,0.8104184484829636,-4.0,0.0,4.0,0.5511969262372289,-2.2702383742341556,-2.0,-2.0,4,1.673976363453748e-05,0.9999497807090963,0.053152934480565135,5.021929090361244e-05,5.021929090361244e-05
au921s__tu,float64,0.8104184484829636,-4.0,0.0,4.0,0.9274283929219812,-2.5469466671130605,-3.0,-3.0,5,2.0924704543171852e-05,0.9999497807090963,0.053152934480565135,5.021929090361244e-05,5.021929090361244e-05
mt933c__tu,float64,0.8104184484829636,-4.0,0.0,4.0,0.9372435179695413,-1.469839130871472,-1.0,-1.0,5,2.0924704543171852e-05,0.9999497807090963,0.053152934480565135,5.021929090361244e-05,5.021929090361244e-05
mt900s__tu,float64,0.8104184484829636,-4.0,0.0,4.0,0.8446628086258884,-1.392660450634437,-1.0,-1.0,5,2.0924704543171852e-05,0.9999497807090963,0.053152934480565135,5.021929090361244e-05,5.021929090361244e-05
he921c__tu,float64,0.8104184484829636,-4.0,0.0,4.0,0.745122202816821,-1.222576082225719,-1.0,-1.0,5,2.0924704543171852e-05,0.9999497807090963,0.053152934480565135,5.021929090361244e-05,5.021929090361244e-05
he933s__tu,float64,0.8104184484829636,-4.0,0.0,4.0,0.7451365518662089,-1.2225844521075362,-1.0,-1.0,5,2.0924704543171852e-05,0.9999497807090963,0.053152934480565135,5.021929090361244e-05,5.021929090361244e-05
he933b__tu,float64,0.8104184484829636,-4.0,0.0,4.0,0.7451150281535951,-1.2225718972848103,-1.0,-1.0,5,2.0924704543171852e-05,0.9999497807090963,0.053152934480565135,5.021929090361244e-05,5.021929090361244e-05
he933c__tu,float64,0.8104184484829636,-4.0,0.0,4.0,0.745122202816821,-1.222576082225719,-1.0,-1.0,5,2.0924704543171852e-05,0.9999497807090963,0.053152934480565135,5.021929090361244e-05,5.021929090361244e-05
he999s__tu,float64,0.8104184484829636,-4.0,0.0,4.0,0.7305325750538737,-1.2141769058220897,-1.0,-1.0,5,2.0924704543171852e-05,0.9999497807090963,0.053152934480565135,5.021929090361244e-05,5.021929090361244e-05
he999b__tu,float64,0.8104184484829636,-4.0,0.0,4.0,0.7305325750538737,-1.2141769058220897,-1.0,-1.0,5,2.0924704543171852e-05,0.9999497807090963,0.053152934480565135,5.021929090361244e-05,5.021929090361244e-05
mt900b__tu,float64,0.8104184484829636,-4.0,0.0,4.0,0.8446628086258884,-1.392660450634437,-1.0,-1.0,5,2.0924704543171852e-05,0.9999497807090963,0.053152934480565135,5.021929090361244e-05,5.021929090361244e-05
he921s__tu,float64,0.8104184484829636,-4.0,0.0,4.0,0.7451365518662089,-1.2225844521075362,-1.0,-1.0,5,2.0924704543171852e-05,0.9999497807090963,0.053152934480565135,5.021929090361244e-05,5.021929090361244e-05
mt900c__tu,float64,0.8104184484829636,-4.0,0.0,4.0,0.8446628086258884,-1.392660450634437,-1.0,-1.0,5,2.0924704543171852e-05,0.9999497807090963,0.053152934480565135,5.021929090361244e-05,5.021929090361244e-05
mt921s__tu,float64,0.8104184484829636,-4.0,0.0,4.0,0.9370778965940338,-1.4696884729987612,-1.0,-1.0,5,2.0924704543171852e-05,0.9999497807090963,0.053152934480565135,5.021929090361244e-05,5.021929090361244e-05
mt921b__tu,float64,0.8104184484829636,-4.0,0.0,4.0,0.9370364828919835,-1.4696508085305835,-1.0,-1.0,5,2.0924704543171852e-05,0.9999497807090963,0.053152934480565135,5.021929090361244e-05,5.021929090361244e-05
mt921c__tu,float64,0.8104184484829636,-4.0,0.0,4.0,0.9372435179695413,-1.469839130871472,-1.0,-1.0,5,2.0924704543171852e-05,0.9999497807090963,0.053152934480565135,5.021929090361244e-05,5.021929090361244e-05
mt933s__tu,float64,0.8104184484829636,-4.0,0.0,4.0,0.9370778965940338,-1.4696884729987612,-1.0,-1.0,5,2.0924704543171852e-05,0.9999497807090963,0.053152934480565135,5.021929090361244e-05,5.021929090361244e-05
mt933b__tu,float64,0.8104184484829636,-4.0,0.0,4.0,0.9370364828919835,-1.4696508085305835,-1.0,-1.0,5,2.0924704543171852e-05,0.9999497807090963,0.053152934480565135,5.021929090361244e-05,5.021929090361244e-05
he921b__tu,float64,0.8104184484829636,-4.0,0.0,4.0,0.7451150281535951,-1.2225718972848103,-1.0,-1.0,5,2.0924704543171852e-05,0.9999497807090963,0.053152934480565135,5.021929090361244e-05,5.021929090361244e-05
he900c__tu,float64,0.8104184484829636,-4.0,0.0,4.0,0.7305325750538737,-1.2141769058220897,-1.0,-1.0,5,2.0924704543171852e-05,0.9999497807090963,0.053152934480565135,5.021929090361244e-05,5.021929090361244e-05
au921b__tu,float64,0.8104184484829636,-4.0,0.0,4.0,0.9274111714749081,-2.54728564732666,-3.0,-3.0,4,1.673976363453748e-05,0.9999497807090963,0.053152934480565135,5.021929090361244e-05,5.021929090361244e-05
bc921s__tu,float64,0.8104184484829636,-4.0,0.0,4.0,1.0244277568664473,-2.3317988550001676,-3.0,-3.0,5,2.0924704543171852e-05,0.9999497807090963,0.053152934480565135,5.021929090361244e-05,5.021929090361244e-05
au921c__tu,float64,0.8104184484829636,-4.0,0.0,4.0,0.9274209667971514,-2.5470931400448626,-3.0,-3.0,5,2.0924704543171852e-05,0.9999497807090963,0.053152934480565135,5.021929090361244e-05,5.021929090361244e-05
au933s__tu,float64,0.8104184484829636,-4.0,0.0,4.0,0.9274283929219812,-2.5469466671130605,-3.0,-3.0,5,2.0924704543171852e-05,0.9999497807090963,0.053152934480565135,5.021929090361244e-05,5.021929090361244e-05
au933b__tu,float64,0.8104184484829636,-4.0,0.0,4.0,0.9274111714749081,-2.54728564732666,-3.0,-3.0,4,1.673976363453748e-05,0.9999497807090963,0.053152934480565135,5.021929090361244e-05,5.021929090361244e-05
au933c__tu,float64,0.8104184484829636,-4.0,0.0,4.0,0.9274209667971514,-2.5470931400448626,-3.0,-3.0,5,2.0924704543171852e-05,0.9999497807090963,0.053152934480565135,5.021929090361244e-05,5.021929090361244e-05
au999s__tu,float64,0.8104184484829636,-4.0,0.0,4.0,0.8654478025769642,-2.1633591683685425,-2.0,-2.0,5,2.0924704543171852e-05,0.9999497807090963,0.053152934480565135,5.021929090361244e-05,5.021929090361244e-05
au999b__tu,float64,0.8104184484829636,-4.0,0.0,4.0,0.8654478025769642,-2.1633591683685425,-2.0,-2.0,5,2.0924704543171852e-05,0.9999497807090963,0.053152934480565135,5.021929090361244e-05,5.021929090361244e-05
bc921b__tu,float64,0.8104184484829636,-4.0,0.0,4.0,1.0244387486950752,-2.3318658140547055,-3.0,-3.0,5,2.0924704543171852e-05,0.9999497807090963,0.053152934480565135,5.021929090361244e-05,5.021929090361244e-05
he900b__tu,float64,0.8104184484829636,-4.0,0.0,4.0,0.7305325750538737,-1.2141769058220897,-1.0,-1.0,5,2.0924704543171852e-05,0.9999497807090963,0.053152934480565135,5.021929090361244e-05,5.021929090361244e-05
bc921c__tu,float64,0.8104184484829636,-4.0,0.0,4.0,1.0244394355340156,-2.331869998995614,-3.0,-3.0,4,1.673976363453748e-05,0.9999497807090963,0.053152934480565135,5.021929090361244e-05,5.021929090361244e-05
bc933s__tu,float64,0.8104184484829636,-4.0,0.0,4.0,1.0244277568664473,-2.3317988550001676,-3.0,-3.0,5,2.0924704543171852e-05,0.9999497807090963,0.053152934480565135,5.021929090361244e-05,5.021929090361244e-05
bc933b__tu,float64,0.8104184484829636,-4.0,0.0,4.0,1.0244387486950752,-2.3318658140547055,-3.0,-3.0,5,2.0924704543171852e-05,0.9999497807090963,0.053152934480565135,5.021929090361244e-05,5.021929090361244e-05
bc933c__tu,float64,0.8104184484829636,-4.0,0.0,4.0,1.0244394355340156,-2.331869998995614,-3.0,-3.0,4,1.673976363453748e-05,0.9999497807090963,0.053152934480565135,5.021929090361244e-05,5.021929090361244e-05
bc999b__tu,float64,0.8104184484829636,-4.0,0.0,4.0,0.9141601483313087,-2.008009976899126,-2.0,-1.0,5,2.0924704543171852e-05,0.9999497807090963,0.053152934480565135,5.021929090361244e-05,5.021929090361244e-05
he900s__tu,float64,0.8104184484829636,-4.0,0.0,4.0,0.7305325750538737,-1.2141769058220897,-1.0,-1.0,5,2.0924704543171852e-05,0.9999497807090963,0.053152934480565135,5.021929090361244e-05,5.021929090361244e-05
at934e__tu,float64,0.8104184484829636,-4.0,0.0,4.0,0.5511969262372289,-2.2702383742341556,-2.0,-2.0,4,1.673976363453748e-05,0.9999497807090963,0.053152934480565135,5.021929090361244e-05,5.021929090361244e-05
au920s__tu,float64,0.8104184484829636,-4.0,0.0,4.0,0.8654478025769642,-2.1633591683685425,-2.0,-2.0,5,2.0924704543171852e-05,0.9999497807090963,0.053152934480565135,5.021929090361244e-05,5.021929090361244e-05
rt934b__tu,float64,0.8104184484829636,-4.0,0.0,4.0,0.9532070763684012,-2.0396272054638587,-2.0,-1.0,5,2.0924704543171852e-05,0.9999497807090963,0.053152934480565135,5.021929090361244e-05,5.021929090361244e-05
p03f__tu,float64,0.8104184484829636,-4.0,11.0,15.0,0.9310577959857059,0.5702986373832402,0.0,0.0,13,5.440423181224681e-05,0.008047641367303893,0.008047641367303893,1.255482272590311e-05,0.5584719943754394
p03d__tu,float64,0.8104184484829636,-4.0,9.0,13.0,0.7180526073984042,0.3044126016940641,0.0,0.0,10,4.1849409086343704e-05,0.008047641367303893,0.008047641367303893,4.18494090863437e-06,0.7153026549265125
p03c__tu,float64,0.8104184484829636,-4.0,9.0,13.0,0.6465310052926351,0.22252167799390674,0.0,0.0,10,4.1849409086343704e-05,0.008047641367303893,0.008047641367303893,4.18494090863437e-06,0.7738123137701296
p03b__tu,float64,0.8104184484829636,-4.0,9.0,13.0,0.5778517101847831,0.1528717064515049,0.0,0.0,9,3.766446817770933e-05,0.008047641367303893,0.008047641367303893,4.18494090863437e-06,0.8264421306371154
p03a__tu,float64,0.8104184484829636,-4.0,7.0,11.0,0.5109293606792611,0.08924386487662794,0.0,0.0,8,3.347952726907496e-05,0.008047641367303893,0.008047641367303893,4.18494090863437e-06,0.8792393451404467
p02h__tu,float64,0.8104184484829636,-4.0,20.0,24.0,3.484840245314137,4.580861428236633,4.0,2.0,22,9.206869998995614e-05,0.008047641367303893,0.008047641367303893,0.0026072181860792125,0.0356640664233821
p02g__tu,float64,0.8104184484829636,-4.0,20.0,24.0,3.0648602132421514,3.8569712745656033,3.0,2.0,22,9.206869998995614e-05,0.008047641367303893,0.008047641367303893,0.0015316883725601796,0.05558857008939034
p02f__tu,float64,0.8104184484829636,-4.0,20.0,24.0,2.5425962237407456,3.040016404968362,3.0,2.0,22,9.206869998995614e-05,0.008047641367303893,0.008047641367303893,0.0004896380863102213,0.09299357193076434
p02e__tu,float64,0.8104184484829636,-4.0,17.0,21.0,1.9821504127852805,2.2046896447822157,2.0,1.0,19,7.951387726405304e-05,0.008047641367303893,0.008047641367303893,4.18494090863437e-06,0.15804010847366834
p02d__tu,float64,0.8104184484829636,-4.0,15.0,19.0,1.5469491517434977,1.4751205262981686,1.0,1.0,17,7.11439954467843e-05,0.008047641367303893,0.008047641367303893,1.255482272590311e-05,0.2695645987478657
p02c__tu,float64,0.8104184484829636,-4.0,12.0,16.0,1.2547847799235077,1.0220588235294117,1.0,0.0,14,5.858917272088118e-05,0.008047641367303893,0.008047641367303893,8.36988181726874e-06,0.38403947236265024
p02b__tu,float64,0.8104184484829636,-4.0,11.0,15.0,1.014272168025169,0.6776549265124376,0.0,0.0,13,5.440423181224681e-05,0.008047641367303893,0.008047641367303893,8.36988181726874e-06,0.5124627540259131
p02a__tu,float64,0.8104184484829636,-4.0,10.0,14.0,0.8222527859789794,0.4230389366902139,0.0,0.0,11,4.603434999497807e-05,0.008047641367303893,0.008047641367303893,4.18494090863437e-06,0.6435936924570625
ad14h__tu,float64,0.8104184484829636,-4.0,100.0,104.0,27.765365009416865,31.173750376644684,26.0,0.0,88,0.00036827479995982454,8.36988181726874e-06,8.36988181726874e-06,0.05856824801633801,0.2375079513877264
ad14g__tu,float64,0.8104184484829636,-4.0,100.0,104.0,26.939647846918415,27.66719675918176,22.0,0.0,88,0.00036827479995982454,8.36988181726874e-06,8.36988181726874e-06,0.052654926512437646,0.2698366199069269
ad14f__tu,float64,0.8104184484829636,-4.0,100.0,104.0,25.63201359091509,23.49920067628645,17.0,0.0,86,0.00035990491814255583,8.36988181726874e-06,8.36988181726874e-06,0.04502577923599719,0.3178002276607854
ad14e__tu,float64,0.8104184484829636,-4.0,100.0,104.0,23.78324433396025,18.70420837657772,13.0,0.0,79,0.00033061033178211524,8.36988181726874e-06,8.36988181726874e-06,0.03694047340051559,0.3900030131574542
ad14d__tu,float64,0.8104184484829636,-4.0,100.0,104.0,21.42083727486212,13.72373531085741,5.0,0.0,70,0.0002929458636044059,8.36988181726874e-06,8.36988181726874e-06,0.029290401419531955,0.49483159797783655
ad14c__tu,float64,0.8104184484829636,-4.0,100.0,104.0,18.512408007164492,9.675143961967256,0.0,0.0,64,0.0002678362181525997,8.36988181726874e-06,8.36988181726874e-06,0.020949814188623656,0.6024766480297298
ad14b__tu,float64,0.8104184484829636,-4.0,100.0,104.0,14.212697133203664,5.5439920988315645,0.0,0.0,57,0.00023854163179215908,8.36988181726874e-06,8.36988181726874e-06,0.011500217616927249,0.7391233385784592
ad14a__tu,float64,0.8104184484829636,-4.0,100.0,104.0,10.903232282028766,3.2088913254544846,0.0,0.0,44,0.00018413739997991227,8.36988181726874e-06,8.36988181726874e-06,0.006536877699286886,0.8362432622451371
ad13h__tu,float64,0.8104184484829636,-4.0,19.0,23.0,1.881072865800059,1.2674051692390103,1.0,0.0,23,9.62536408985905e-05,0.10294954635240551,8.36988181726874e-06,2.0924704543171852e-05,0.2978380595265995
ad13g__tu,float64,0.8104184484829636,-4.0,19.0,23.0,1.6940066045381532,1.038011818273126,1.0,0.0,23,9.62536408985905e-05,0.1300386688539958,8.36988181726874e-06,1.673976363453748e-05,0.31294151126586095
ad13f__tu,float64,0.8104184484829636,-4.0,16.0,20.0,1.504447173680758,0.778934681442298,1.0,0.0,20,8.369881817268741e-05,0.17159094713582645,8.36988181726874e-06,1.255482272590311e-05,0.3273795574006495
p03e__tu,float64,0.8104184484829636,-4.0,9.0,13.0,0.8134101844950922,0.42541179818540964,0.0,0.0,10,4.1849409086343704e-05,0.008047641367303893,0.008047641367303893,4.18494090863437e-06,0.6373706853259232
p03g__tu,float64,0.8104184484829636,-4.0,12.0,16.0,1.04237712373136,0.718822190230674,1.0,0.0,14,5.858917272088118e-05,0.008047641367303893,0.008047641367303893,4.18494090863437e-06,0.4878469316013258
rt922d__tu,float64,0.8104184484829636,-4.0,999.0,1003.0,7.1575032192746875,-1.9894581338511501,-2.0,-1.0,5,2.0924704543171852e-05,0.9999497807090963,0.053152934480565135,5.021929090361244e-05,0.0
p03h__tu,float64,0.8104184484829636,-4.0,12.0,16.0,1.1289546262300658,0.8520037497070542,1.0,0.0,14,5.858917272088118e-05,0.008047641367303893,0.008047641367303893,4.18494090863437e-06,0.43005289765308513
at934s__tu,float64,0.8104184484829636,-4.0,0.0,4.0,0.5511969262372289,-2.2702383742341556,-2.0,-2.0,4,1.673976363453748e-05,0.9999497807090963,0.053152934480565135,5.021929090361244e-05,5.021929090361244e-05
rt934c__tu,float64,0.8104184484829636,-4.0,0.0,4.0,0.9532070763684012,-2.0396272054638587,-2.0,-1.0,5,2.0924704543171852e-05,0.9999497807090963,0.053152934480565135,5.021929090361244e-05,5.021929090361244e-05
rt934d__tu,float64,0.8104184484829636,-4.0,0.0,4.0,0.9532070763684012,-2.0396272054638587,-2.0,-1.0,5,2.0924704543171852e-05,0.9999497807090963,0.053152934480565135,5.021929090361244e-05,5.021929090361244e-05
rt934s__tu,float64,0.8104184484829636,-4.0,0.0,4.0,0.9532070763684012,-2.0396272054638587,-2.0,-1.0,5,2.0924704543171852e-05,0.9999497807090963,0.053152934480565135,5.021929090361244e-05,5.021929090361244e-05
rt935b__tu,float64,0.8104184484829636,-4.0,0.0,4.0,0.9532070763684012,-2.0396272054638587,-2.0,-1.0,5,2.0924704543171852e-05,0.9999497807090963,0.053152934480565135,5.021929090361244e-05,5.021929090361244e-05
rt935c__tu,float64,0.8104184484829636,-4.0,0.0,4.0,0.9532070763684012,-2.0396272054638587,-2.0,-1.0,5,2.0924704543171852e-05,0.9999497807090963,0.053152934480565135,5.021929090361244e-05,5.021929090361244e-05
rt935d__tu,float64,0.8104184484829636,-4.0,0.0,4.0,0.9532070763684012,-2.0396272054638587,-2.0,-1.0,5,2.0924704543171852e-05,0.9999497807090963,0.053152934480565135,5.021929090361244e-05,5.021929090361244e-05
rt935s__tu,float64,0.8104184484829636,-4.0,0.0,4.0,0.9532070763684012,-2.0396272054638587,-2.0,-1.0,5,2.0924704543171852e-05,0.9999497807090963,0.053152934480565135,5.021929090361244e-05,5.021929090361244e-05
us920b__tu,float64,0.8104184484829636,-4.0,0.0,4.0,0.9783794339286591,-1.694867588469651,-1.0,-1.0,5,2.0924704543171852e-05,0.9999497807090963,0.053152934480565135,5.021929090361244e-05,5.021929090361244e-05
us920c__tu,float64,0.8104184484829636,-4.0,0.0,4.0,0.9783794339286591,-1.694867588469651,-1.0,-1.0,5,2.0924704543171852e-05,0.9999497807090963,0.053152934480565135,5.021929090361244e-05,5.021929090361244e-05
us920d__tu,float64,0.8104184484829636,-4.0,0.0,4.0,0.9783794339286591,-1.694867588469651,-1.0,-1.0,5,2.0924704543171852e-05,0.9999497807090963,0.053152934480565135,5.021929090361244e-05,5.021929090361244e-05
us920s__tu,float64,0.8104184484829636,-4.0,0.0,4.0,0.9783794339286591,-1.694867588469651,-1.0,-1.0,5,2.0924704543171852e-05,0.9999497807090963,0.053152934480565135,5.021929090361244e-05,5.021929090361244e-05
us922b__tu,float64,0.8104184484829636,-4.0,999.0,1003.0,7.158483235688261,-1.644698516856942,-1.0,-1.0,5,2.0924704543171852e-05,0.9999497807090963,0.053152934480565135,5.021929090361244e-05,0.0
us922c__tu,float64,0.8104184484829636,-4.0,999.0,1003.0,7.158483235688261,-1.644698516856942,-1.0,-1.0,5,2.0924704543171852e-05,0.9999497807090963,0.053152934480565135,5.021929090361244e-05,0.0
us922d__tu,float64,0.8104184484829636,-4.0,999.0,1003.0,7.158483235688261,-1.644698516856942,-1.0,-1.0,5,2.0924704543171852e-05,0.9999497807090963,0.053152934480565135,5.021929090361244e-05,0.0
us922s__tu,float64,0.8104184484829636,-4.0,999.0,1003.0,7.158483235688261,-1.644698516856942,-1.0,-1.0,5,2.0924704543171852e-05,0.9999497807090963,0.053152934480565135,5.021929090361244e-05,0.0
us934b__tu,float64,0.8104184484829636,-4.0,0.0,4.0,0.9783794339286591,-1.694867588469651,-1.0,-1.0,5,2.0924704543171852e-05,0.9999497807090963,0.053152934480565135,5.021929090361244e-05,5.021929090361244e-05
us934c__tu,float64,0.8104184484829636,-4.0,0.0,4.0,0.9783794339286591,-1.694867588469651,-1.0,-1.0,5,2.0924704543171852e-05,0.9999497807090963,0.053152934480565135,5.021929090361244e-05,5.021929090361244e-05
us934d__tu,float64,0.8104184484829636,-4.0,0.0,4.0,0.9783794339286591,-1.694867588469651,-1.0,-1.0,5,2.0924704543171852e-05,0.9999497807090963,0.053152934480565135,5.021929090361244e-05,5.021929090361244e-05
us934s__tu,float64,0.8104184484829636,-4.0,0.0,4.0,0.9783794339286591,-1.694867588469651,-1.0,-1.0,5,2.0924704543171852e-05,0.9999497807090963,0.053152934480565135,5.021929090361244e-05,5.021929090361244e-05
us935b__tu,float64,0.8104184484829636,-4.0,0.0,4.0,0.9783794339286591,-1.694867588469651,-1.0,-1.0,5,2.0924704543171852e-05,0.9999497807090963,0.053152934480565135,5.021929090361244e-05,5.021929090361244e-05
us935c__tu,float64,0.8104184484829636,-4.0,0.0,4.0,0.9783794339286591,-1.694867588469651,-1.0,-1.0,5,2.0924704543171852e-05,0.9999497807090963,0.053152934480565135,5.021929090361244e-05,5.021929090361244e-05
us935d__tu,float64,0.8104184484829636,-4.0,0.0,4.0,0.9783794339286591,-1.694867588469651,-1.0,-1.0,5,2.0924704543171852e-05,0.9999497807090963,0.053152934480565135,5.021929090361244e-05,5.021929090361244e-05
ad13e__tu,float64,0.8104184484829636,-4.0,14.0,18.0,1.3318826687171943,0.505047038735813,0.0,0.0,18,7.532893635541867e-05,0.23565820750611002,8.36988181726874e-06,8.36988181726874e-06,0.3292878904549868
ad13d__tu,float64,0.8104184484829636,-4.0,11.0,15.0,1.1667935268885672,0.19677592152398807,0.0,-1.0,15,6.277411362951555e-05,0.33559878134520743,8.36988181726874e-06,1.673976363453748e-05,0.3098321001707456
ad13c__tu,float64,0.8104184484829636,-4.0,9.0,13.0,0.9906343655360745,-0.13563393484883993,0.0,-1.0,13,5.440423181224681e-05,0.46390488466302854,8.36988181726874e-06,8.36988181726874e-06,0.2858691285279052
ad13b__tu,float64,0.8104184484829636,-4.0,6.0,10.0,0.7541673847253146,-0.513906558639392,-1.0,-1.0,10,4.1849409086343704e-05,0.6529930697378553,8.36988181726874e-06,1.255482272590311e-05,0.22386504402557836
ad04f__tu,float64,0.8104184484829636,-4.0,12.0,16.0,1.163177106997195,0.6312104523084134,0.0,0.0,14,5.858917272088118e-05,8.36988181726874e-06,8.36988181726874e-06,1.673976363453748e-05,0.6756001205262981
ad04e__tu,float64,0.8104184484829636,-4.0,12.0,16.0,0.9263868970330317,0.44120576517459575,0.0,0.0,14,5.858917272088118e-05,8.36988181726874e-06,8.36988181726874e-06,4.18494090863437e-06,0.7446851250460343
ad04d__tu,float64,0.8104184484829636,-4.0,10.0,14.0,0.6758903674305591,0.2620233352305065,0.0,0.0,12,5.021929090361244e-05,8.36988181726874e-06,8.36988181726874e-06,4.18494090863437e-06,0.827567879741538
ad04c__tu,float64,0.8104184484829636,-4.0,7.0,11.0,0.4559382703072077,0.13433241822625464,0.0,0.0,9,3.766446817770933e-05,8.36988181726874e-06,8.36988181726874e-06,1.255482272590311e-05,0.9003314473199638
ad04b__tu,float64,0.8104184484829636,-4.0,5.0,9.0,0.23582164792419222,0.04149787405001842,0.0,0.0,7,2.929458636044059e-05,8.36988181726874e-06,8.36988181726874e-06,1.255482272590311e-05,0.9650808530583548
ad04a__tu,float64,0.8104184484829636,-4.0,4.0,8.0,0.12315841314978918,0.012374870266831832,0.0,0.0,6,2.510964545180622e-05,8.36988181726874e-06,8.36988181726874e-06,2.0924704543171852e-05,0.9887969131875858
ad03h__tu,float64,0.8104184484829636,-4.0,17.0,21.0,2.2355252628266205,1.914865747095651,1.0,0.0,19,7.951387726405304e-05,8.36988181726874e-06,8.36988181726874e-06,8.36988181726874e-06,0.3630185141785798
ad03g__tu,float64,0.8104184484829636,-4.0,16.0,20.0,1.9662813835676407,1.5798277478322007,1.0,0.0,18,7.532893635541867e-05,8.36988181726874e-06,8.36988181726874e-06,1.255482272590311e-05,0.414694164518397
ad03f__tu,float64,0.8104184484829636,-4.0,15.0,19.0,1.6575203609841074,1.2144907763902373,1.0,0.0,17,7.11439954467843e-05,8.36988181726874e-06,8.36988181726874e-06,4.18494090863437e-06,0.4864240516923901
ad03e__tu,float64,0.8104184484829636,-4.0,13.0,17.0,1.315210726056609,0.8442364993806287,0.0,0.0,15,6.277411362951555e-05,8.36988181726874e-06,8.36988181726874e-06,4.18494090863437e-06,0.5826316582409856
ad03d__tu,float64,0.8104184484829636,-4.0,10.0,14.0,0.952115968221982,0.4979661187184037,0.0,0.0,12,5.021929090361244e-05,8.36988181726874e-06,8.36988181726874e-06,3.766446817770933e-05,0.7060581204593391
ad03c__tu,float64,0.8104184484829636,-4.0,9.0,13.0,0.635793513698588,0.25252770430881516,0.0,0.0,11,4.603434999497807e-05,8.36988181726874e-06,8.36988181726874e-06,8.36988181726874e-06,0.824215742073722
ad03b__tu,float64,0.8104184484829636,-4.0,7.0,11.0,0.3213879698652504,0.07612407512805919,0.0,0.0,9,3.766446817770933e-05,8.36988181726874e-06,8.36988181726874e-06,4.18494090863437e-06,0.9372970303659313
ad03a__tu,float64,0.8104184484829636,-4.0,5.0,9.0,0.1638957884697865,0.02187468612943185,0.0,0.0,7,2.929458636044059e-05,8.36988181726874e-06,8.36988181726874e-06,8.36988181726874e-06,0.9803726271385048
ad02h__tu,float64,0.8104184484829636,-4.0,13.0,17.0,0.991693126737464,0.40669255750108807,0.0,0.0,15,6.277411362951555e-05,8.36988181726874e-06,8.36988181726874e-06,4.18494090863437e-06,0.7950341491178144
ad02g__tu,float64,0.8104184484829636,-4.0,12.0,16.0,0.8754174640181435,0.33651528340419834,0.0,0.0,14,5.858917272088118e-05,8.36988181726874e-06,8.36988181726874e-06,4.18494090863437e-06,0.8190598948742843
ad02f__tu,float64,0.8104184484829636,-4.0,11.0,15.0,0.7404352987245206,0.2600103786534534,0.0,0.0,13,5.440423181224681e-05,8.36988181726874e-06,8.36988181726874e-06,4.18494090863437e-06,0.8488148247346747
ad02e__tu,float64,0.8104184484829636,-4.0,11.0,15.0,0.5861402862575776,0.18085640630754293,0.0,0.0,12,5.021929090361244e-05,8.36988181726874e-06,8.36988181726874e-06,4.18494090863437e-06,0.8843993772807928
ad02d__tu,float64,0.8104184484829636,-4.0,10.0,14.0,0.4274583072299729,0.10738976865646657,0.0,0.0,12,5.021929090361244e-05,8.36988181726874e-06,8.36988181726874e-06,4.18494090863437e-06,0.9242190900264489
ad02c__tu,float64,0.8104184484829636,-4.0,6.0,10.0,0.2894319047557062,0.054734842144028927,0.0,0.0,8,3.347952726907496e-05,8.36988181726874e-06,8.36988181726874e-06,2.0924704543171852e-05,0.9577697612909706
ad02b__tu,float64,0.8104184484829636,-4.0,5.0,9.0,0.15206119253238506,0.0172168468981218,0.0,0.0,7,2.929458636044059e-05,8.36988181726874e-06,8.36988181726874e-06,4.18494090863437e-06,0.9852941176470589
ad02a__tu,float64,0.8104184484829636,-4.0,4.0,8.0,0.08127251455962549,0.005285580367605209,0.0,0.0,6,2.510964545180622e-05,8.36988181726874e-06,8.36988181726874e-06,1.255482272590311e-05,0.9951998727777964
ad01h__tu,float64,0.8104184484829636,-4.0,20.0,24.0,3.03037134538881,3.7372233754059394,3.0,1.0,22,9.206869998995614e-05,8.36988181726874e-06,8.36988181726874e-06,5.440423181224681e-05,0.10299139576149184
ad04g__tu,float64,0.8104184484829636,-4.0,14.0,18.0,1.379044306555401,0.8188673875924872,0.0,0.0,16,6.695905453814992e-05,8.36988181726874e-06,8.36988181726874e-06,8.36988181726874e-06,0.6198023033914761
ad04h__tu,float64,0.8104184484829636,-4.0,14.0,18.0,1.564832490145964,0.9907345408282835,0.0,0.0,16,6.695905453814992e-05,8.36988181726874e-06,8.36988181726874e-06,2.0924704543171852e-05,0.5766974120325421
ad05a__tu,float64,0.8104184484829636,-4.0,5.0,9.0,0.1532816243801031,0.019167029361545414,0.0,0.0,7,2.929458636044059e-05,8.36988181726874e-06,8.36988181726874e-06,8.36988181726874e-06,0.9827371187518832
ad08a__tu,float64,0.8104184484829636,0.0,1.0,1.0,0.21848377023437504,0.050261140312698786,0.0,0.0,2,8.36988181726874e-06,0.0,0.9497388596873012,0.050261140312698786,0.9497388596873012
ad13a__tu,float64,0.8104184484829636,-4.0,4.0,8.0,0.5630298591834232,-0.7360641467742476,-1.0,-1.0,8,3.347952726907496e-05,0.7929207539589541,8.36988181726874e-06,2.510964545180622e-05,0.15290937091968262
ad12h__tu,float64,0.8104184484829636,-4.0,20.0,24.0,2.413473095269904,2.366609193478188,2.0,0.0,22,9.206869998995614e-05,8.36988181726874e-06,8.36988181726874e-06,4.18494090863437e-06,0.2375079513877264
ad12g__tu,float64,0.8104184484829636,-4.0,20.0,24.0,2.1480226491771215,2.046996886403964,1.0,0.0,22,9.206869998995614e-05,8.36988181726874e-06,8.36988181726874e-06,4.18494090863437e-06,0.2698366199069269
ad12f__tu,float64,0.8104184484829636,-4.0,18.0,22.0,1.8466204928786678,1.6834008503799927,1.0,0.0,20,8.369881817268741e-05,8.36988181726874e-06,8.36988181726874e-06,4.18494090863437e-06,0.3178002276607854
ad12e__tu,float64,0.8104184484829636,-4.0,16.0,20.0,1.5102551796021086,1.282964779537313,1.0,0.0,17,7.11439954467843e-05,8.36988181726874e-06,8.36988181726874e-06,4.18494090863437e-06,0.3900030131574542
ad12d__tu,float64,0.8104184484829636,-4.0,12.0,16.0,1.1692046304474488,0.884901570189829,1.0,0.0,14,5.858917272088118e-05,8.36988181726874e-06,8.36988181726874e-06,1.255482272590311e-05,0.49483159797783655
ad12c__tu,float64,0.8104184484829636,-4.0,10.0,14.0,0.9082342830762633,0.5984883993438013,0.0,0.0,12,5.021929090361244e-05,8.36988181726874e-06,8.36988181726874e-06,4.18494090863437e-06,0.6024766480297298
ad12b__tu,float64,0.8104184484829636,-4.0,8.0,12.0,0.6349157714386772,0.33269443235461515,0.0,0.0,10,4.1849409086343704e-05,8.36988181726874e-06,8.36988181726874e-06,4.18494090863437e-06,0.7391233385784592
ad12a__tu,float64,0.8104184484829636,-4.0,6.0,10.0,0.4597532104510799,0.18892915732029864,0.0,0.0,8,3.347952726907496e-05,8.36988181726874e-06,8.36988181726874e-06,4.18494090863437e-06,0.8362432622451371
ad09a__tu,float64,0.8104184484829636,0.0,1.0,1.0,0.40908256021674705,0.21250711439954467,0.0,0.0,2,8.36988181726874e-06,0.0,0.7874928856004553,0.21250711439954467,0.7874928856004553
ad07a__tu,float64,0.8104184484829636,-4.0,15.0,19.0,0.8776954314528959,0.4218797080585222,0.0,0.0,15,6.277411362951555e-05,8.36988181726874e-06,8.36988181726874e-06,4.18494090863437e-06,0.7373991429241019
ad05b__tu,float64,0.8104184484829636,-4.0,6.0,10.0,0.29686525587431445,0.06582912049281864,0.0,0.0,8,3.347952726907496e-05,8.36988181726874e-06,8.36988181726874e-06,8.36988181726874e-06,0.945106130101443
ad06d__tu,float64,0.8104184484829636,-4.0,999.0,1003.0,56.15353539568731,57.301278080953495,41.0,-4.0,394,0.0016488667180019419,0.07696943319160333,0.07696943319160333,0.00023854163179215908,0.00012136328635039673
ad06c__tu,float64,0.8104184484829636,-4.0,999.0,1003.0,58.19510537613043,86.34450433559878,79.0,-4.0,401,0.0016781613043623824,0.07696943319160333,0.07696943319160333,0.00023854163179215908,0.00012136328635039673
ad06b__tu,float64,0.8104184484829636,-4.0,999.0,1003.0,60.313281271775566,36.44868006963742,10.0,1.0,394,0.0016488667180019419,0.07696943319160333,0.07696943319160333,0.00023854163179215908,0.08243915095918845
ad06a__tu,float64,0.8104184484829636,-4.0,999.0,1003.0,71.1606660318772,74.077546955037,54.0,10.0,406,0.0016990860089055543,0.0030843014496635306,0.0030843014496635306,0.0013266262680370954,0.004017543272288995
ad05h__tu,float64,0.8104184484829636,-4.0,17.0,21.0,2.029065327526996,1.6307877732766414,1.0,0.0,19,7.951387726405304e-05,8.36988181726874e-06,8.36988181726874e-06,4.18494090863437e-06,0.4104004151461381
ad05g__tu,float64,0.8104184484829636,-4.0,16.0,20.0,1.786697034757717,1.3468855669757942,1.0,0.0,18,7.532893635541867e-05,8.36988181726874e-06,8.36988181726874e-06,4.18494090863437e-06,0.4617663798587164
ad05f__tu,float64,0.8104184484829636,-4.0,15.0,19.0,1.507094810461233,1.035743580300646,0.0,0.0,16,6.695905453814992e-05,8.36988181726874e-06,8.36988181726874e-06,4.18494090863437e-06,0.5319143593692457
ad05e__tu,float64,0.8104184484829636,-4.0,12.0,16.0,1.199133548723691,0.7207974823395493,0.0,0.0,14,5.858917272088118e-05,8.36988181726874e-06,8.36988181726874e-06,1.255482272590311e-05,0.6238868057183032
ad05d__tu,float64,0.8104184484829636,-4.0,10.0,14.0,0.8716359042563462,0.42609394355351704,0.0,0.0,12,5.021929090361244e-05,8.36988181726874e-06,8.36988181726874e-06,3.347952726907496e-05,0.7386713649603268
ad05c__tu,float64,0.8104184484829636,-4.0,9.0,13.0,0.5843754728062492,0.21679249388998628,0.0,0.0,10,4.1849409086343704e-05,8.36988181726874e-06,8.36988181726874e-06,8.36988181726874e-06,0.845412467775955
rt922s__tu,float64,0.8104184484829636,-4.0,999.0,1003.0,7.1575032192746875,-1.9894581338511501,-2.0,-1.0,5,2.0924704543171852e-05,0.9999497807090963,0.053152934480565135,5.021929090361244e-05,0.0
bc920d__tu,float64,0.8104184484829636,-4.0,0.0,4.0,0.9141601483313087,-2.008009976899126,-2.0,-1.0,5,2.0924704543171852e-05,0.9999497807090963,0.053152934480565135,5.021929090361244e-05,5.021929090361244e-05
rt922c__tu,float64,0.8104184484829636,-4.0,999.0,1003.0,7.1575032192746875,-1.9894581338511501,-2.0,-1.0,5,2.0924704543171852e-05,0.9999497807090963,0.053152934480565135,5.021929090361244e-05,0.0
bc935s__tu,float64,0.8104184484829636,-4.0,0.0,4.0,0.9141601483313087,-2.008009976899126,-2.0,-1.0,5,2.0924704543171852e-05,0.9999497807090963,0.053152934480565135,5.021929090361244e-05,5.021929090361244e-05
bc922b__tu,float64,0.8104184484829636,-4.0,999.0,1003.0,7.152186026175248,-1.9578409052864174,-2.0,-1.0,5,2.0924704543171852e-05,0.9999497807090963,0.053152934480565135,5.021929090361244e-05,0.0
bc922c__tu,float64,0.8104184484829636,-4.0,999.0,1003.0,7.152186026175248,-1.9578409052864174,-2.0,-1.0,5,2.0924704543171852e-05,0.9999497807090963,0.053152934480565135,5.021929090361244e-05,0.0
bc922d__tu,float64,0.8104184484829636,-4.0,999.0,1003.0,7.152186026175248,-1.9578409052864174,-2.0,-1.0,5,2.0924704543171852e-05,0.9999497807090963,0.053152934480565135,5.021929090361244e-05,0.0
bc922s__tu,float64,0.8104184484829636,-4.0,999.0,1003.0,7.152186026175248,-1.9578409052864174,-2.0,-1.0,5,2.0924704543171852e-05,0.9999497807090963,0.053152934480565135,5.021929090361244e-05,0.0
bc934b__tu,float64,0.8104184484829636,-4.0,0.0,4.0,0.9141601483313087,-2.008009976899126,-2.0,-1.0,5,2.0924704543171852e-05,0.9999497807090963,0.053152934480565135,5.021929090361244e-05,5.021929090361244e-05
bc934c__tu,float64,0.8104184484829636,-4.0,0.0,4.0,0.9141601483313087,-2.008009976899126,-2.0,-1.0,5,2.0924704543171852e-05,0.9999497807090963,0.053152934480565135,5.021929090361244e-05,5.021929090361244e-05
bc934d__tu,float64,0.8104184484829636,-4.0,0.0,4.0,0.9141601483313087,-2.008009976899126,-2.0,-1.0,5,2.0924704543171852e-05,0.9999497807090963,0.053152934480565135,5.021929090361244e-05,5.021929090361244e-05
bc934s__tu,float64,0.8104184484829636,-4.0,0.0,4.0,0.9141601483313087,-2.008009976899126,-2.0,-1.0,5,2.0924704543171852e-05,0.9999497807090963,0.053152934480565135,5.021929090361244e-05,5.021929090361244e-05
bc935b__tu,float64,0.8104184484829636,-4.0,0.0,4.0,0.9141601483313087,-2.008009976899126,-2.0,-1.0,5,2.0924704543171852e-05,0.9999497807090963,0.053152934480565135,5.021929090361244e-05,5.021929090361244e-05
bc935c__tu,float64,0.8104184484829636,-4.0,0.0,4.0,0.9141601483313087,-2.008009976899126,-2.0,-1.0,5,2.0924704543171852e-05,0.9999497807090963,0.053152934480565135,5.021929090361244e-05,5.021929090361244e-05
bc935d__tu,float64,0.8104184484829636,-4.0,0.0,4.0,0.9141601483313087,-2.008009976899126,-2.0,-1.0,5,2.0924704543171852e-05,0.9999497807090963,0.053152934480565135,5.021929090361244e-05,5.021929090361244e-05
cc100s__tu,float64,0.8104184484829636,-9.0,0.0,9.0,1.469612282862691,-8.522883256888413,-9.0,-9.0,3,1.255482272590311e-05,0.9999497807090963,0.9046168268104054,5.021929090361244e-05,5.021929090361244e-05
he922d__tu,float64,0.8104184484829636,-4.0,999.0,1003.0,7.125454508298925,-1.164007834209381,-1.0,-1.0,5,2.0924704543171852e-05,0.9999497807090963,0.053152934480565135,5.021929090361244e-05,0.0
cc101b__tu,float64,0.8104184484829636,-9.0,-2.0,7.0,0.5530220994728758,-2.2706903478522884,-2.0,-2.0,4,1.673976363453748e-05,1.0,5.021929090361244e-05,0.7827639023736985,0.0
cc101s__tu,float64,0.8104184484829636,-9.0,-2.0,7.0,0.5530220994728758,-2.2706903478522884,-2.0,-2.0,4,1.673976363453748e-05,1.0,5.021929090361244e-05,0.7827639023736985,0.0
cc102s__tu,float64,0.8104184484829636,-4.0,0.0,4.0,0.5511969262372289,-2.2702383742341556,-2.0,-2.0,4,1.673976363453748e-05,0.9999497807090963,0.053152934480565135,5.021929090361244e-05,5.021929090361244e-05
cc103s__tu,float64,0.8104184484829636,-4.0,0.0,4.0,0.5511969262372289,-2.2702383742341556,-2.0,-2.0,4,1.673976363453748e-05,0.9999497807090963,0.053152934480565135,5.021929090361244e-05,5.021929090361244e-05
cc104s__tu,float64,0.8104184484829636,-4.0,0.0,4.0,0.5511969262372289,-2.2702383742341556,-2.0,-2.0,4,1.673976363453748e-05,0.9999497807090963,0.053152934480565135,5.021929090361244e-05,5.021929090361244e-05
cc105s__tu,float64,0.8104184484829636,-4.0,0.0,4.0,0.5511969262372289,-2.2702383742341556,-2.0,-2.0,4,1.673976363453748e-05,0.9999497807090963,0.053152934480565135,5.021929090361244e-05,5.021929090361244e-05
he920b__tu,float64,0.8104184484829636,-4.0,0.0,4.0,0.7305325750538737,-1.2141769058220897,-1.0,-1.0,5,2.0924704543171852e-05,0.9999497807090963,0.053152934480565135,5.021929090361244e-05,5.021929090361244e-05
he920c__tu,float64,0.8104184484829636,-4.0,0.0,4.0,0.7305325750538737,-1.2141769058220897,-1.0,-1.0,5,2.0924704543171852e-05,0.9999497807090963,0.053152934480565135,5.021929090361244e-05,5.021929090361244e-05
he920d__tu,float64,0.8104184484829636,-4.0,0.0,4.0,0.7305325750538737,-1.2141769058220897,-1.0,-1.0,5,2.0924704543171852e-05,0.9999497807090963,0.053152934480565135,5.021929090361244e-05,5.021929090361244e-05
he920s__tu,float64,0.8104184484829636,-4.0,0.0,4.0,0.7305325750538737,-1.2141769058220897,-1.0,-1.0,5,2.0924704543171852e-05,0.9999497807090963,0.053152934480565135,5.021929090361244e-05,5.021929090361244e-05
he922b__tu,float64,0.8104184484829636,-4.0,999.0,1003.0,7.125454508298925,-1.164007834209381,-1.0,-1.0,5,2.0924704543171852e-05,0.9999497807090963,0.053152934480565135,5.021929090361244e-05,0.0
bc920s__tu,float64,0.8104184484829636,-4.0,0.0,4.0,0.9141601483313087,-2.008009976899126,-2.0,-1.0,5,2.0924704543171852e-05,0.9999497807090963,0.053152934480565135,5.021929090361244e-05,5.021929090361244e-05
ad01e__tu,float64,0.8104184484829636,-4.0,17.0,21.0,1.9392306787333382,2.024130369279186,2.0,1.0,19,7.951387726405304e-05,8.36988181726874e-06,8.36988181726874e-06,8.36988181726874e-06,0.23570005691519635
bc920c__tu,float64,0.8104184484829636,-4.0,0.0,4.0,0.9141601483313087,-2.008009976899126,-2.0,-1.0,5,2.0924704543171852e-05,0.9999497807090963,0.053152934480565135,5.021929090361244e-05,5.021929090361244e-05
bc920b__tu,float64,0.8104184484829636,-4.0,0.0,4.0,0.9141601483313087,-2.008009976899126,-2.0,-1.0,5,2.0924704543171852e-05,0.9999497807090963,0.053152934480565135,5.021929090361244e-05,5.021929090361244e-05
at935b__tu,float64,0.8104184484829636,-4.0,0.0,4.0,0.5511969262372289,-2.2702383742341556,-2.0,-2.0,4,1.673976363453748e-05,0.9999497807090963,0.053152934480565135,5.021929090361244e-05,5.021929090361244e-05
at935c__tu,float64,0.8104184484829636,-4.0,0.0,4.0,0.6021543572852601,-2.3013994442398475,-2.0,-2.0,5,2.0924704543171852e-05,0.9999497807090963,0.053152934480565135,5.021929090361244e-05,5.021929090361244e-05
at935d__tu,float64,0.8104184484829636,-4.0,0.0,4.0,0.5511969262372289,-2.2702383742341556,-2.0,-2.0,4,1.673976363453748e-05,0.9999497807090963,0.053152934480565135,5.021929090361244e-05,5.021929090361244e-05
at935e__tu,float64,0.8104184484829636,-4.0,0.0,4.0,0.5511969262372289,-2.2702383742341556,-2.0,-2.0,4,1.673976363453748e-05,0.9999497807090963,0.053152934480565135,5.021929090361244e-05,5.021929090361244e-05
at935f__tu,float64,0.8104184484829636,-4.0,0.0,4.0,0.6021543572852601,-2.3013994442398475,-2.0,-2.0,5,2.0924704543171852e-05,0.9999497807090963,0.053152934480565135,5.021929090361244e-05,5.021929090361244e-05
at935s__tu,float64,0.8104184484829636,-4.0,0.0,4.0,0.5511969262372289,-2.2702383742341556,-2.0,-2.0,4,1.673976363453748e-05,0.9999497807090963,0.053152934480565135,5.021929090361244e-05,5.021929090361244e-05
at999c__tu,float64,0.8104184484829636,-4.0,0.0,4.0,0.6021543572852601,-2.3013994442398475,-2.0,-2.0,5,2.0924704543171852e-05,0.9999497807090963,0.053152934480565135,5.021929090361244e-05,5.021929090361244e-05
au920b__tu,float64,0.8104184484829636,-4.0,0.0,4.0,0.8654478025769642,-2.1633591683685425,-2.0,-2.0,5,2.0924704543171852e-05,0.9999497807090963,0.053152934480565135,5.021929090361244e-05,5.021929090361244e-05
au920c__tu,float64,0.8104184484829636,-4.0,0.0,4.0,0.8654478025769642,-2.1633591683685425,-2.0,-2.0,5,2.0924704543171852e-05,0.9999497807090963,0.053152934480565135,5.021929090361244e-05,5.021929090361244e-05
au920d__tu,float64,0.8104184484829636,-4.0,0.0,4.0,0.8654478025769642,-2.1633591683685425,-2.0,-2.0,5,2.0924704543171852e-05,0.9999497807090963,0.053152934480565135,5.021929090361244e-05,5.021929090361244e-05
ad01g__tu,float64,0.8104184484829636,-4.0,20.0,24.0,2.705456903581917,3.2153821688037767,3.0,1.0,22,9.206869998995614e-05,8.36988181726874e-06,8.36988181726874e-06,1.255482272590311e-05,0.13008051826308212
au922b__tu,float64,0.8104184484829636,-4.0,999.0,1003.0,7.147213694143523,-2.113190096755834,-2.0,-2.0,5,2.0924704543171852e-05,0.9999497807090963,0.053152934480565135,5.021929090361244e-05,0.0
au922c__tu,float64,0.8104184484829636,-4.0,999.0,1003.0,7.147213694143523,-2.113190096755834,-2.0,-2.0,5,2.0924704543171852e-05,0.9999497807090963,0.053152934480565135,5.021929090361244e-05,0.0
au922d__tu,float64,0.8104184484829636,-4.0,999.0,1003.0,7.147213694143523,-2.113190096755834,-2.0,-2.0,5,2.0924704543171852e-05,0.9999497807090963,0.053152934480565135,5.021929090361244e-05,0.0
au922s__tu,float64,0.8104184484829636,-4.0,999.0,1003.0,7.147213694143523,-2.113190096755834,-2.0,-2.0,5,2.0924704543171852e-05,0.9999497807090963,0.053152934480565135,5.021929090361244e-05,0.0
au934b__tu,float64,0.8104184484829636,-4.0,0.0,4.0,0.8654478025769642,-2.1633591683685425,-2.0,-2.0,5,2.0924704543171852e-05,0.9999497807090963,0.053152934480565135,5.021929090361244e-05,5.021929090361244e-05
au934c__tu,float64,0.8104184484829636,-4.0,0.0,4.0,0.8654478025769642,-2.1633591683685425,-2.0,-2.0,5,2.0924704543171852e-05,0.9999497807090963,0.053152934480565135,5.021929090361244e-05,5.021929090361244e-05
au934d__tu,float64,0.8104184484829636,-4.0,0.0,4.0,0.8654478025769642,-2.1633591683685425,-2.0,-2.0,5,2.0924704543171852e-05,0.9999497807090963,0.053152934480565135,5.021929090361244e-05,5.021929090361244e-05
au934s__tu,float64,0.8104184484829636,-4.0,0.0,4.0,0.8654478025769642,-2.1633591683685425,-2.0,-2.0,5,2.0924704543171852e-05,0.9999497807090963,0.053152934480565135,5.021929090361244e-05,5.021929090361244e-05
au935b__tu,float64,0.8104184484829636,-4.0,0.0,4.0,0.8654478025769642,-2.1633591683685425,-2.0,-2.0,5,2.0924704543171852e-05,0.9999497807090963,0.053152934480565135,5.021929090361244e-05,5.021929090361244e-05
au935c__tu,float64,0.8104184484829636,-4.0,0.0,4.0,0.8654478025769642,-2.1633591683685425,-2.0,-2.0,5,2.0924704543171852e-05,0.9999497807090963,0.053152934480565135,5.021929090361244e-05,5.021929090361244e-05
au935d__tu,float64,0.8104184484829636,-4.0,0.0,4.0,0.8654478025769642,-2.1633591683685425,-2.0,-2.0,5,2.0924704543171852e-05,0.9999497807090963,0.053152934480565135,5.021929090361244e-05,5.021929090361244e-05
au935s__tu,float64,0.8104184484829636,-4.0,0.0,4.0,0.8654478025769642,-2.1633591683685425,-2.0,-2.0,5,2.0924704543171852e-05,0.9999497807090963,0.053152934480565135,5.021929090361244e-05,5.021929090361244e-05
rt922b__tu,float64,0.8104184484829636,-4.0,999.0,1003.0,7.1575032192746875,-1.9894581338511501,-2.0,-1.0,5,2.0924704543171852e-05,0.9999497807090963,0.053152934480565135,5.021929090361244e-05,0.0
he922c__tu,float64,0.8104184484829636,-4.0,999.0,1003.0,7.125454508298925,-1.164007834209381,-1.0,-1.0,5,2.0924704543171852e-05,0.9999497807090963,0.053152934480565135,5.021929090361244e-05,0.0
he922s__tu,float64,0.8104184484829636,-4.0,999.0,1003.0,7.125454508298925,-1.164007834209381,-1.0,-1.0,5,2.0924704543171852e-05,0.9999497807090963,0.053152934480565135,5.021929090361244e-05,0.0
rl922b__tu,float64,0.8104184484829636,-4.0,999.0,1003.0,7.139955045142115,-1.3519577153570592,-1.0,-1.0,5,2.0924704543171852e-05,0.9999497807090963,0.053152934480565135,5.021929090361244e-05,0.0
mt935b__tu,float64,0.8104184484829636,-4.0,0.0,4.0,0.8446628086258884,-1.392660450634437,-1.0,-1.0,5,2.0924704543171852e-05,0.9999497807090963,0.053152934480565135,5.021929090361244e-05,5.021929090361244e-05
mt935c__tu,float64,0.8104184484829636,-4.0,0.0,4.0,0.8446628086258884,-1.392660450634437,-1.0,-1.0,5,2.0924704543171852e-05,0.9999497807090963,0.053152934480565135,5.021929090361244e-05,5.021929090361244e-05
he934b__tu,float64,0.8104184484829636,-4.0,0.0,4.0,0.7305325750538737,-1.2141769058220897,-1.0,-1.0,5,2.0924704543171852e-05,0.9999497807090963,0.053152934480565135,5.021929090361244e-05,5.021929090361244e-05
mt935d__tu,float64,0.8104184484829636,-4.0,0.0,4.0,0.8446628086258884,-1.392660450634437,-1.0,-1.0,5,2.0924704543171852e-05,0.9999497807090963,0.053152934480565135,5.021929090361244e-05,5.021929090361244e-05
mt935s__tu,float64,0.8104184484829636,-4.0,0.0,4.0,0.8446628086258884,-1.392660450634437,-1.0,-1.0,5,2.0924704543171852e-05,0.9999497807090963,0.053152934480565135,5.021929090361244e-05,5.021929090361244e-05
rl920b__tu,float64,0.8104184484829636,-4.0,0.0,4.0,0.84951475506275,-1.402126786969768,-1.0,-1.0,5,2.0924704543171852e-05,0.9999497807090963,0.053152934480565135,5.021929090361244e-05,5.021929090361244e-05
rl920c__tu,float64,0.8104184484829636,-4.0,0.0,4.0,0.84951475506275,-1.402126786969768,-1.0,-1.0,5,2.0924704543171852e-05,0.9999497807090963,0.053152934480565135,5.021929090361244e-05,5.021929090361244e-05
rl920d__tu,float64,0.8104184484829636,-4.0,0.0,4.0,0.84951475506275,-1.402126786969768,-1.0,-1.0,5,2.0924704543171852e-05,0.9999497807090963,0.053152934480565135,5.021929090361244e-05,5.021929090361244e-05
rl920s__tu,float64,0.8104184484829636,-4.0,0.0,4.0,0.84951475506275,-1.402126786969768,-1.0,-1.0,5,2.0924704543171852e-05,0.9999497807090963,0.053152934480565135,5.021929090361244e-05,5.021929090361244e-05
rl922c__tu,float64,0.8104184484829636,-4.0,999.0,1003.0,7.139955045142115,-1.3519577153570592,-1.0,-1.0,5,2.0924704543171852e-05,0.9999497807090963,0.053152934480565135,5.021929090361244e-05,0.0
mt934d__tu,float64,0.8104184484829636,-4.0,0.0,4.0,0.8446628086258884,-1.392660450634437,-1.0,-1.0,5,2.0924704543171852e-05,0.9999497807090963,0.053152934480565135,5.021929090361244e-05,5.021929090361244e-05
rl922d__tu,float64,0.8104184484829636,-4.0,999.0,1003.0,7.139955045142115,-1.3519577153570592,-1.0,-1.0,5,2.0924704543171852e-05,0.9999497807090963,0.053152934480565135,5.021929090361244e-05,0.0
rl922s__tu,float64,0.8104184484829636,-4.0,999.0,1003.0,7.139955045142115,-1.3519577153570592,-1.0,-1.0,5,2.0924704543171852e-05,0.9999497807090963,0.053152934480565135,5.021929090361244e-05,0.0
rl934b__tu,float64,0.8104184484829636,-4.0,0.0,4.0,0.84951475506275,-1.402126786969768,-1.0,-1.0,5,2.0924704543171852e-05,0.9999497807090963,0.053152934480565135,5.021929090361244e-05,5.021929090361244e-05
rl934c__tu,float64,0.8104184484829636,-4.0,0.0,4.0,0.84951475506275,-1.402126786969768,-1.0,-1.0,5,2.0924704543171852e-05,0.9999497807090963,0.053152934480565135,5.021929090361244e-05,5.021929090361244e-05
rl934d__tu,float64,0.8104184484829636,-4.0,0.0,4.0,0.84951475506275,-1.402126786969768,-1.0,-1.0,5,2.0924704543171852e-05,0.9999497807090963,0.053152934480565135,5.021929090361244e-05,5.021929090361244e-05
rt920b__tu,float64,0.8104184484829636,-4.0,0.0,4.0,0.9532070763684012,-2.0396272054638587,-2.0,-1.0,5,2.0924704543171852e-05,0.9999497807090963,0.053152934480565135,5.021929090361244e-05,5.021929090361244e-05
rl934s__tu,float64,0.8104184484829636,-4.0,0.0,4.0,0.84951475506275,-1.402126786969768,-1.0,-1.0,5,2.0924704543171852e-05,0.9999497807090963,0.053152934480565135,5.021929090361244e-05,5.021929090361244e-05
rl935s__tu,float64,0.8104184484829636,-4.0,0.0,4.0,0.84951475506275,-1.402126786969768,-1.0,-1.0,5,2.0924704543171852e-05,0.9999497807090963,0.053152934480565135,5.021929090361244e-05,5.021929090361244e-05
rl935b__tu,float64,0.8104184484829636,-4.0,0.0,4.0,0.84951475506275,-1.402126786969768,-1.0,-1.0,5,2.0924704543171852e-05,0.9999497807090963,0.053152934480565135,5.021929090361244e-05,5.021929090361244e-05
rl935d__tu,float64,0.8104184484829636,-4.0,0.0,4.0,0.84951475506275,-1.402126786969768,-1.0,-1.0,5,2.0924704543171852e-05,0.9999497807090963,0.053152934480565135,5.021929090361244e-05,5.021929090361244e-05
mt934s__tu,float64,0.8104184484829636,-4.0,0.0,4.0,0.8446628086258884,-1.392660450634437,-1.0,-1.0,5,2.0924704543171852e-05,0.9999497807090963,0.053152934480565135,5.021929090361244e-05,5.021929090361244e-05
mt934c__tu,float64,0.8104184484829636,-4.0,0.0,4.0,0.8446628086258884,-1.392660450634437,-1.0,-1.0,5,2.0924704543171852e-05,0.9999497807090963,0.053152934480565135,5.021929090361244e-05,5.021929090361244e-05
mt920b__tu,float64,0.8104184484829636,-4.0,0.0,4.0,0.8446628086258884,-1.392660450634437,-1.0,-1.0,5,2.0924704543171852e-05,0.9999497807090963,0.053152934480565135,5.021929090361244e-05,5.021929090361244e-05
he934c__tu,float64,0.8104184484829636,-4.0,0.0,4.0,0.7305325750538737,-1.2141769058220897,-1.0,-1.0,5,2.0924704543171852e-05,0.9999497807090963,0.053152934480565135,5.021929090361244e-05,5.021929090361244e-05
he934d__tu,float64,0.8104184484829636,-4.0,0.0,4.0,0.7305325750538737,-1.2141769058220897,-1.0,-1.0,5,2.0924704543171852e-05,0.9999497807090963,0.053152934480565135,5.021929090361244e-05,5.021929090361244e-05
rt920s__tu,float64,0.8104184484829636,-4.0,0.0,4.0,0.9532070763684012,-2.0396272054638587,-2.0,-1.0,5,2.0924704543171852e-05,0.9999497807090963,0.053152934480565135,5.021929090361244e-05,5.021929090361244e-05
rt920d__tu,float64,0.8104184484829636,-4.0,0.0,4.0,0.9532070763684012,-2.0396272054638587,-2.0,-1.0,5,2.0924704543171852e-05,0.9999497807090963,0.053152934480565135,5.021929090361244e-05,5.021929090361244e-05
he934s__tu,float64,0.8104184484829636,-4.0,0.0,4.0,0.7305325750538737,-1.2141769058220897,-1.0,-1.0,5,2.0924704543171852e-05,0.9999497807090963,0.053152934480565135,5.021929090361244e-05,5.021929090361244e-05
he935b__tu,float64,0.8104184484829636,-4.0,0.0,4.0,0.7305325750538737,-1.2141769058220897,-1.0,-1.0,5,2.0924704543171852e-05,0.9999497807090963,0.053152934480565135,5.021929090361244e-05,5.021929090361244e-05
he935c__tu,float64,0.8104184484829636,-4.0,0.0,4.0,0.7305325750538737,-1.2141769058220897,-1.0,-1.0,5,2.0924704543171852e-05,0.9999497807090963,0.053152934480565135,5.021929090361244e-05,5.021929090361244e-05
he935d__tu,float64,0.8104184484829636,-4.0,0.0,4.0,0.7305325750538737,-1.2141769058220897,-1.0,-1.0,5,2.0924704543171852e-05,0.9999497807090963,0.053152934480565135,5.021929090361244e-05,5.021929090361244e-05
mt934b__tu,float64,0.8104184484829636,-4.0,0.0,4.0,0.8446628086258884,-1.392660450634437,-1.0,-1.0,5,2.0924704543171852e-05,0.9999497807090963,0.053152934480565135,5.021929090361244e-05,5.021929090361244e-05
he935s__tu,float64,0.8104184484829636,-4.0,0.0,4.0,0.7305325750538737,-1.2141769058220897,-1.0,-1.0,5,2.0924704543171852e-05,0.9999497807090963,0.053152934480565135,5.021929090361244e-05,5.021929090361244e-05
rt920c__tu,float64,0.8104184484829636,-4.0,0.0,4.0,0.9532070763684012,-2.0396272054638587,-2.0,-1.0,5,2.0924704543171852e-05,0.9999497807090963,0.053152934480565135,5.021929090361244e-05,5.021929090361244e-05
mt920c__tu,float64,0.8104184484829636,-4.0,0.0,4.0,0.8446628086258884,-1.392660450634437,-1.0,-1.0,5,2.0924704543171852e-05,0.9999497807090963,0.053152934480565135,5.021929090361244e-05,5.021929090361244e-05
mt920d__tu,float64,0.8104184484829636,-4.0,0.0,4.0,0.8446628086258884,-1.392660450634437,-1.0,-1.0,5,2.0924704543171852e-05,0.9999497807090963,0.053152934480565135,5.021929090361244e-05,5.021929090361244e-05
mt920s__tu,float64,0.8104184484829636,-4.0,0.0,4.0,0.8446628086258884,-1.392660450634437,-1.0,-1.0,5,2.0924704543171852e-05,0.9999497807090963,0.053152934480565135,5.021929090361244e-05,5.021929090361244e-05
mt922b__tu,float64,0.8104184484829636,-4.0,999.0,1003.0,7.1393128625327105,-1.342491379021728,-1.0,-1.0,5,2.0924704543171852e-05,0.9999497807090963,0.053152934480565135,5.021929090361244e-05,0.0
mt922c__tu,float64,0.8104184484829636,-4.0,999.0,1003.0,7.1393128625327105,-1.342491379021728,-1.0,-1.0,5,2.0924704543171852e-05,0.9999497807090963,0.053152934480565135,5.021929090361244e-05,0.0
mt922d__tu,float64,0.8104184484829636,-4.0,999.0,1003.0,7.1393128625327105,-1.342491379021728,-1.0,-1.0,5,2.0924704543171852e-05,0.9999497807090963,0.053152934480565135,5.021929090361244e-05,0.0
mt922s__tu,float64,0.8104184484829636,-4.0,999.0,1003.0,7.1393128625327105,-1.342491379021728,-1.0,-1.0,5,2.0924704543171852e-05,0.9999497807090963,0.053152934480565135,5.021929090361244e-05,0.0
rl935c__tu,float64,0.8104184484829636,-4.0,0.0,4.0,0.84951475506275,-1.402126786969768,-1.0,-1.0,5,2.0924704543171852e-05,0.9999497807090963,0.053152934480565135,5.021929090361244e-05,5.021929090361244e-05
scr_alt_a_2__tu,float64,0.8103906799172973,462.0,712.0,250.0,36.5772468229445,578.9149409800533,578.0,603.0,240,0.001004238724282074,0.0,8.36865603568395e-06,0.00012552984053525924,0.0
scr_link_a_2__tu,float64,0.8103906799172973,433.0,792.0,359.0,39.880455905615754,565.1097172649559,564.0,577.0,330,0.0013808282458878517,0.0,1.2552984053525924e-05,4.184328017841975e-06,0.0
tusequencenumber__tu,float64,0.8103676716771737,6.0,1305615.0,1305609.0,376944.27995349915,653587.916331961,652808.5,6.0,239016,1.0,0.0,4.183820330019747e-06,4.183820330019747e-06,0.0
linkahit__tu,float64,0.8103644981268119,0.0,1.0,1.0,0.41904186810023025,0.7727721529579115,1.0,1.0,2,8.367500627562547e-06,0.0,0.22722784704208854,0.7727721529579115,0.22722784704208854
linkchit__tu,float64,0.8103644981268119,0.0,1.0,1.0,0.4793049821984814,0.6423646556773491,1.0,1.0,2,8.367500627562547e-06,0.0,0.3576353443226508,0.6423646556773491,0.3576353443226508
linkbhit__tu,float64,0.8103644981268119,0.0,1.0,1.0,0.45367039590603997,0.2898000167350013,0.0,0.0,2,8.367500627562547e-06,0.0,0.7101999832649988,0.2898000167350013,0.7101999832649988
linkf060__tu,float64,0.7955670261770301,0.0,3192.0,3192.0,70.83298223139427,7.415758855284452,0.0,0.0,941,0.00365194375773758,0.0,0.984914872065541,3.880917914705186e-06,0.984914872065541
linkf045__tu,float64,0.7846500129322177,0.0,16620.0,16620.0,230.99134603172823,34.690330139151385,0.0,0.0,2177,0.008020454553827676,0.0,0.956961437713452,3.684177562621808e-06,0.956961437713452
linkf124__tu,float64,0.7808322318468952,0.0,60962.0,60962.0,768.2929431104386,202.99797279931076,0.0,0.0,4619,0.016720785685067133,0.0,0.79991891197243,3.6200012308004183e-06,0.79991891197243
linkf123__tu,float64,0.7808322318468952,0.0,52530.0,52530.0,288.8681986800037,72.12148955810646,0.0,0.0,4908,0.017766966040768453,0.0,0.7791183849002509,7.2400024616008365e-06,0.7791183849002509
intscore__ln,float64,0.7710037463762022,100.0,704.0,604.0,43.16185080968997,582.1220173855199,586.0,501.0,203,0.0007033201561855796,0.0,0.0002217364039205768,6.929262622518025e-06,0.0
alert1__ln,object,0.7655539670172911,,,,,,,300A,10,3.3840947546531304e-05,,,,
linkf048__tu,float64,0.7123835108670298,0.0,52530.0,52530.0,594.4502058814894,191.529922431224,0.0,0.0,6208,0.017124714151336352,0.0,0.7839963367235192,5.516982651848052e-06,0.7839963367235192
linkf079__tu,float64,0.704955816245087,0.0,60962.0,60962.0,757.2524465906127,257.33791905431605,0.0,0.0,5020,0.013499014464382232,0.0,0.7269111727201589,2.6890467060522376e-06,0.7269111727201589
dtmapproved__tu,float64,0.6998622679142951,20131001.0,20170501.0,39500.0,9497.556691478127,20149918.065249976,20150702.0,20161119.0,1228,0.0032461095588410226,0.0,0.0006502792764453514,2.643411692867282e-06,0.0
linkb011__tu,float64,0.6934834316869483,-1.0,999.0,1000.0,149.73445025597226,80.30909123852368,-1.0,-1.0,57,0.0001475388195341397,0.7546688271181528,0.7546688271181528,0.00047626566305757377,0.0
linkf185__tu,float64,0.6901504104194005,0.0,2498.0,2498.0,590.7044529246157,580.0400496748092,355.0,1.0,2498,0.006396271828749936,0.0,0.000993496184769806,2.560557177241768e-06,0.000993496184769806
linkf105__tu,float64,0.6573319327397736,0.0,2498.0,2498.0,545.4599296554113,454.48250656973175,220.0,1.0,2494,0.005774417985436612,0.0,0.0025977934962549635,2.315323971706741e-06,0.0025977934962549635
linkf195__tu,float64,0.6573319327397736,0.0,2498.0,2498.0,711.078109855494,1175.0611523367406,1165.0,2480.0,2499,0.005785994605295146,0.0,7.872101503802919e-05,4.630647943413482e-06,7.872101503802919e-05
linkf193__tu,float64,0.6573319327397736,0.0,2498.0,2498.0,557.9650396598713,482.3861288940855,250.0,1.0,2499,0.005785994605295146,0.0,0.0017040784431761615,2.315323971706741e-06,0.0017040784431761615
linkb012__tu,float64,0.6558197359923454,0.0,1.0,1.0,0.29520119474636036,0.09644522614687041,0.0,0.0,2,4.610302643317021e-06,0.0,0.9035547738531295,0.09644522614687041,0.9035547738531295
linkf032__tu,object,0.6533372262217773,,,,,,,N,2,4.577287499427839e-06,,,,
linkf083__tu,float64,0.6532872428035779,0.0,41.0,41.0,0.8896987886928663,0.31540058077404504,0.0,0.0,31,7.093772811628295e-05,0.0,0.8137655805566553,2.288313810202676e-06,0.8137655805566553
linkf100__tu,float64,0.6532872428035779,0.0,48.0,48.0,0.46582732248869363,0.06828557241025805,0.0,0.0,27,6.178447287547225e-05,0.0,0.9563710088946757,6.864941430608028e-06,0.9563710088946757
linkf074__tu,float64,0.6532872428035779,0.0,58.0,58.0,1.4615371260837264,0.33924709899016714,0.0,0.0,45,0.00010297412145912042,0.0,0.8697514662370739,2.288313810202676e-06,0.8697514662370739
linkf075__tu,float64,0.6532872428035779,0.0,54.0,54.0,1.4092305396216551,0.6037624455667352,0.0,0.0,39,8.924423859790436e-05,0.0,0.7191415161909643,2.288313810202676e-06,0.7191415161909643
linkf076__tu,float64,0.6532872428035779,0.0,16620.0,16620.0,191.2032129881334,25.919403299290853,0.0,0.0,2247,0.005141841131525413,0.0,0.9648103102267033,2.288313810202676e-06,0.9648103102267033
linkf077__tu,float64,0.6532872428035779,0.0,15.0,15.0,0.499411063960766,0.10746379315473807,0.0,0.0,16,3.6613020963242816e-05,0.0,0.9357144001299762,9.153255240810704e-06,0.9357144001299762
linkf078__tu,float64,0.6532872428035779,0.0,103.0,103.0,2.7723185798629753,0.6881646121422508,0.0,0.0,70,0.00016018196671418731,0.0,0.8608956917915895,2.288313810202676e-06,0.8608956917915895
linkf099__tu,float64,0.6532872428035779,0.0,51.0,51.0,0.7412333705815161,0.17337180751619555,0.0,0.0,32,7.322604192648563e-05,0.0,0.901309601993579,6.864941430608028e-06,0.901309601993579
linkf098__tu,float64,0.6532872428035779,0.0,212.0,212.0,4.23967781489712,1.2742475452113602,0.0,0.0,126,0.00028832754008553717,0.0,0.6882561446946589,2.288313810202676e-06,0.6882561446946589
linkf097__tu,float64,0.6532872428035779,0.0,100.0,100.0,2.4066963877130165,0.6560023615398521,0.0,0.0,68,0.00015560533909378196,0.0,0.7882074036105016,2.288313810202676e-06,0.7882074036105016
linkf084__tu,float64,0.6532872428035779,0.0,41.0,41.0,1.2867172544462833,0.5111360791573514,0.0,0.0,38,8.695592478770168e-05,0.0,0.7422191609668584,2.288313810202676e-06,0.7422191609668584
linkf095__tu,float64,0.6532872428035779,0.0,57.0,57.0,1.4593180610065666,0.3452195980347961,0.0,0.0,44,0.00010068580764891774,0.0,0.8666782607899717,2.288313810202676e-06,0.8666782607899717
linkf085__tu,float64,0.6532872428035779,0.0,48.0,48.0,1.6179082769070185,0.6873842971329717,0.0,0.0,42,9.610918002851239e-05,0.0,0.6888488179715013,2.288313810202676e-06,0.6888488179715013
linkf086__tu,float64,0.6532872428035779,0.0,107.0,107.0,2.447889427498021,1.168353535330421,0.0,0.0,55,0.00012585725956114718,0.0,0.5727031622208543,2.288313810202676e-06,0.5727031622208543
linkf087__tu,float64,0.6532872428035779,0.0,111.0,111.0,3.149906263952495,1.614011803122633,1.0,0.0,69,0.00015789365290398463,0.0,0.4890835989684281,2.288313810202676e-06,0.4890835989684281
linkf096__tu,float64,0.6532872428035779,0.0,73.0,73.0,1.96151616803491,0.5035777786422518,0.0,0.0,56,0.00012814557337134986,0.0,0.8250698507790565,2.288313810202676e-06,0.8250698507790565
linkf089__tu,float64,0.6532872428035779,0.0,162.0,162.0,4.836684617411388,2.7875140445260103,1.0,0.0,98,0.00022425475339986226,0.0,0.3306773637709581,2.288313810202676e-06,0.3306773637709581
linkf090__tu,float64,0.6532872428035779,0.0,211.0,211.0,5.742948204746339,3.4651958911037224,2.0,0.0,110,0.00025171451912229436,0.0,0.2627945345912957,2.288313810202676e-06,0.2627945345912957
linkf091__tu,float64,0.6532872428035779,0.0,229.0,229.0,4.645492131213815,1.6472289663915352,0.0,0.0,127,0.00029061585389573985,0.0,0.5869685105136578,2.288313810202676e-06,0.5869685105136578
linkf092__tu,float64,0.6532872428035779,0.0,16.0,16.0,0.48474337723376976,0.08858062759294559,0.0,0.0,15,3.432470715304014e-05,0.0,0.9485907419399867,2.288313810202676e-06,0.9485907419399867
linkf093__tu,float64,0.6532872428035779,0.0,31.0,31.0,0.8496887897271208,0.17542442500394734,0.0,0.0,26,5.9496159065269576e-05,0.0,0.9174582325521793,2.288313810202676e-06,0.9174582325521793
linkf094__tu,float64,0.6532872428035779,0.0,45.0,45.0,1.1708621828896544,0.2619753182472431,0.0,0.0,36,8.237929716729634e-05,0.0,0.8907879350942671,2.288313810202676e-06,0.8907879350942671
linkf088__tu,float64,0.6532872428035779,0.0,128.0,128.0,3.768205250256197,2.0294322922268266,1.0,0.0,77,0.00017620016338560604,0.0,0.42477053933268194,2.288313810202676e-06,0.42477053933268194
linkf072__tu,float64,0.6532872428035779,0.0,4.0,4.0,0.19746720774484985,0.034853307643196954,0.0,0.0,5,1.144156905101338e-05,0.0,0.9675219620917934,3.6613020963242816e-05,0.9675219620917934
linkf073__tu,float64,0.6532872428035779,0.0,6.0,6.0,0.27979666171002293,0.0654114502646435,0.0,0.0,7,1.6018196671418732e-05,0.0,0.9418333512584581,2.288313810202676e-06,0.9418333512584581
linkf058__tu,float64,0.6532872428035779,0.0,52.0,52.0,0.9846641084968382,0.13096019935789915,0.0,0.0,39,8.924423859790436e-05,0.0,0.9558492733459496,2.288313810202676e-06,0.9558492733459496
linkf046__tu,float64,0.6532872428035779,0.0,15.0,15.0,0.44171527943427996,0.08374084388436692,0.0,0.0,16,3.6613020963242816e-05,0.0,0.9501536602723551,6.864941430608028e-06,0.9501536602723551
linkf047__tu,float64,0.6532872428035779,0.0,74.0,74.0,2.4149250440340246,0.5134426994780357,0.0,0.0,64,0.00014645208385297127,0.0,0.9001105255570327,2.288313810202676e-06,0.9001105255570327
linkf050__tu,float64,0.6532872428035779,0.0,12.0,12.0,0.3269334004858327,0.06969746203115311,0.0,0.0,12,2.7459765722432112e-05,0.0,0.9446044992826136,6.864941430608028e-06,0.9446044992826136
linkf051__tu,float64,0.6532872428035779,0.0,7.0,7.0,0.3795856494070659,0.12592362066164306,0.0,0.0,8,1.8306510481621408e-05,0.0,0.8892158635066578,2.288313810202676e-06,0.8892158635066578
linkf052__tu,float64,0.6532872428035779,0.0,39.0,39.0,0.5492399109516124,0.20876058059097993,0.0,0.0,17,3.890133477344549e-05,0.0,0.8362391104866557,2.288313810202676e-06,0.8362391104866557
linkf053__tu,float64,0.6532872428035779,0.0,116.0,116.0,2.1078989862841007,1.021180632627236,0.0,0.0,74,0.00016933522195499803,0.0,0.534131344636078,2.288313810202676e-06,0.534131344636078
linkf054__tu,float64,0.6532872428035779,0.0,8.0,8.0,0.14669911741994898,0.013567412580691666,0.0,0.0,8,1.8306510481621408e-05,0.0,0.9895607123978554,2.288313810202676e-06,0.9895607123978554
linkf055__tu,float64,0.6532872428035779,0.0,4.0,4.0,0.3934941476546533,0.14987082468541407,0.0,0.0,5,1.144156905101338e-05,0.0,0.8630947613631943,6.864941430608028e-06,0.8630947613631943
linkf056__tu,float64,0.6532872428035779,0.0,3.0,3.0,0.1016265247006792,0.010109770413475423,0.0,0.0,4,9.153255240810704e-06,0.0,0.9900458349256184,4.576627620405352e-06,0.9900458349256184
linkf057__tu,float64,0.6532872428035779,0.0,3.0,3.0,0.14080229463776026,0.019272178909526937,0.0,0.0,4,9.153255240810704e-06,0.0,0.981178618911083,1.144156905101338e-05,0.981178618911083
linkf059__tu,float64,0.6532872428035779,0.0,12.0,12.0,0.34475479284318594,0.07851204682805381,0.0,0.0,13,2.9748079532634788e-05,0.0,0.9371468845751632,6.864941430608028e-06,0.9371468845751632
linkf102__tu,float64,0.6532872428035779,0.0,47.0,47.0,0.29344162022048187,0.022006713912719134,0.0,0.0,24,5.4919531444864224e-05,0.0,0.986496660205994,2.288313810202676e-06,0.986496660205994
linkf061__tu,float64,0.6532872428035779,0.0,11.0,11.0,0.2185398217636429,0.023722949270371142,0.0,0.0,11,2.5171451912229436e-05,0.0,0.9839451903076181,2.288313810202676e-06,0.9839451903076181
linkf062__tu,float64,0.6532872428035779,0.0,68.0,68.0,1.3066524633417769,0.1747219126642151,0.0,0.0,51,0.00011670400432033647,0.0,0.9550346336295175,6.864941430608028e-06,0.9550346336295175
linkf064__tu,float64,0.6532872428035779,0.0,54.0,54.0,1.3857593303110922,0.5667855827076702,0.0,0.0,39,8.924423859790436e-05,0.0,0.7410681391203264,2.288313810202676e-06,0.7410681391203264
linkf065__tu,float64,0.6532872428035779,0.0,10.0,10.0,0.2094036424905068,0.029585609252110397,0.0,0.0,10,2.288313810202676e-05,0.0,0.9761122921352943,2.288313810202676e-06,0.9761122921352943
linkf066__tu,float64,0.6532872428035779,0.0,41.0,41.0,0.33785785750087743,0.06834278025551312,0.0,0.0,16,3.6613020963242816e-05,0.0,0.9473848005620099,2.288313810202676e-06,0.9473848005620099
linkf067__tu,float64,0.6532872428035779,0.0,41.0,41.0,0.4662743345699294,0.12195568451475161,0.0,0.0,17,3.890133477344549e-05,0.0,0.9113026684027341,2.288313810202676e-06,0.9113026684027341
linkf068__tu,float64,0.6532872428035779,0.0,342.0,342.0,11.884868707618208,7.938053056844003,4.0,1.0,214,0.0004896991553833726,0.0,0.011665823804413241,2.288313810202676e-06,0.011665823804413241
linkf069__tu,float64,0.6532872428035779,0.0,24.0,24.0,1.0859655747845212,0.5131017407203154,0.0,0.0,23,5.2631217634661545e-05,0.0,0.7157227753585216,2.288313810202676e-06,0.7157227753585216
linkf070__tu,float64,0.6532872428035779,0.0,13.0,13.0,0.36528126614268835,0.06901783282952291,0.0,0.0,14,3.2036393342837464e-05,0.0,0.9527577613883658,2.288313810202676e-06,0.9527577613883658
linkf071__tu,float64,0.6532872428035779,0.0,18.0,18.0,1.0945612308870543,0.6810227847406082,0.0,0.0,19,4.347796239385084e-05,0.0,0.5859387692990666,2.288313810202676e-06,0.5859387692990666
linkf101__tu,float64,0.6532872428035779,0.0,47.0,47.0,0.35631958342381315,0.03543225103717824,0.0,0.0,24,5.4919531444864224e-05,0.0,0.9778834470243911,2.288313810202676e-06,0.9778834470243911
linkf155__tu,float64,0.6532872428035779,0.0,11.0,11.0,0.6474953568283386,0.4933101145758725,0.0,0.0,10,2.288313810202676e-05,0.0,0.5771539325816986,2.288313810202676e-06,0.5771539325816986
linkf103__tu,float64,0.6532872428035779,0.0,38.0,38.0,0.20069347945322186,0.008622366436843684,0.0,0.0,20,4.576627620405352e-05,0.0,0.9953203982581356,2.288313810202676e-06,0.9953203982581356
linkf158__tu,float64,0.6532872428035779,0.0,12.0,12.0,0.754020454719119,0.7288988862776685,1.0,1.0,12,2.7459765722432112e-05,0.0,0.414068095642364,4.576627620405352e-06,0.414068095642364
linkf139__tu,float64,0.6532872428035779,0.0,6.0,6.0,0.32569824416270826,0.09419157305556254,0.0,0.0,7,1.6018196671418732e-05,0.0,0.9149731237542992,2.288313810202676e-06,0.9149731237542992
linkf140__tu,float64,0.6532872428035779,0.0,24.0,24.0,1.158761195029451,1.0074713445903118,1.0,1.0,23,5.2631217634661545e-05,0.0,0.37442077056679246,4.576627620405352e-06,0.37442077056679246
linkf141__tu,float64,0.6532872428035779,0.0,7.0,7.0,0.4305274283943972,0.16248858703487162,0.0,0.0,8,1.8306510481621408e-05,0.0,0.8585249986842196,2.288313810202676e-06,0.8585249986842196
linkf142__tu,float64,0.6532872428035779,0.0,9.0,9.0,0.5063243168694708,0.2220671253973085,0.0,0.0,9,2.0594824291824084e-05,0.0,0.8122095271657174,2.288313810202676e-06,0.8122095271657174
linkf165__tu,float64,0.6532872428035779,0.0,14.0,14.0,0.9524625274383276,0.8966757665279186,1.0,1.0,13,2.9748079532634788e-05,0.0,0.386338308890328,2.288313810202676e-06,0.386338308890328
linkf164__tu,float64,0.6532872428035779,0.0,11.0,11.0,0.8523595030336554,0.7161095003924458,1.0,0.0,12,2.7459765722432112e-05,0.0,0.4781408823280389,2.288313810202676e-06,0.4781408823280389
linkf163__tu,float64,0.6532872428035779,0.0,23.0,23.0,1.0593567711479706,1.3617618185687512,1.0,1.0,23,5.2631217634661545e-05,0.0,0.12139275931744176,6.864941430608028e-06,0.12139275931744176
linkf162__tu,float64,0.6532872428035779,0.0,9.0,9.0,0.6032183619588415,0.4137912096713295,0.0,0.0,10,2.288313810202676e-05,0.0,0.6379429889497326,2.288313810202676e-06,0.6379429889497326
linkf161__tu,float64,0.6532872428035779,0.0,8.0,8.0,0.5407918410283394,0.3177506790571232,0.0,0.0,9,2.0594824291824084e-05,0.0,0.7154779257808299,2.288313810202676e-06,0.7154779257808299
linkf160__tu,float64,0.6532872428035779,0.0,5.0,5.0,0.4391088546401463,0.19874691935753303,0.0,0.0,6,1.3729882861216056e-05,0.0,0.8165207103841392,2.0594824291824084e-05,0.8165207103841392
linkf159__tu,float64,0.6532872428035779,0.0,5.0,5.0,0.38351478416102763,0.1486946313869699,0.0,0.0,6,1.3729882861216056e-05,0.0,0.8607149150005835,6.864941430608028e-06,0.8607149150005835
linkf157__tu,float64,0.6532872428035779,0.0,5.0,5.0,0.29979741818140865,0.08899252407878207,0.0,0.0,6,1.3729882861216056e-05,0.0,0.9151539005453052,2.288313810202676e-06,0.9151539005453052
linkf104__tu,float64,0.6532872428035779,0.0,33.0,33.0,0.12913484711637005,0.004180749331240289,0.0,0.0,14,3.2036393342837464e-05,0.0,0.9977460108969504,2.288313810202676e-06,0.9977460108969504
linkf156__tu,float64,0.6532872428035779,0.0,12.0,12.0,0.7098364427013814,0.6232611675434723,1.0,0.0,12,2.7459765722432112e-05,0.0,0.4841843191007842,2.288313810202676e-06,0.4841843191007842
linkf154__tu,float64,0.6532872428035779,0.0,21.0,21.0,1.277052845310616,1.26024535300673,1.0,1.0,20,4.576627620405352e-05,0.0,0.27576698558133467,4.576627620405352e-06,0.27576698558133467
linkf153__tu,float64,0.6532872428035779,0.0,10.0,10.0,0.6805815891904574,0.4100063386292543,0.0,0.0,10,2.288313810202676e-05,0.0,0.6764164090406702,2.288313810202676e-06,0.6764164090406702
linkf152__tu,float64,0.6532872428035779,0.0,9.0,9.0,0.5910047389435598,0.3089910137916673,0.0,0.0,9,2.0594824291824084e-05,0.0,0.7464891545366965,2.288313810202676e-06,0.7464891545366965
linkf151__tu,float64,0.6532872428035779,0.0,7.0,7.0,0.46185731371990374,0.188472390349723,0.0,0.0,7,1.6018196671418732e-05,0.0,0.8375434493584712,2.288313810202676e-06,0.8375434493584712
linkf150__tu,float64,0.6532872428035779,0.0,5.0,5.0,0.39910473367492055,0.14070155124793193,0.0,0.0,6,1.3729882861216056e-05,0.0,0.8762479891442393,2.5171451912229436e-05,0.8762479891442393
linkf143__tu,float64,0.6532872428035779,0.0,10.0,10.0,0.6630107681936301,0.37215991652231223,0.0,0.0,11,2.5171451912229436e-05,0.0,0.7059036207989419,2.288313810202676e-06,0.7059036207989419
linkf144__tu,float64,0.6532872428035779,0.0,11.0,11.0,0.7787905661146501,0.5024359100509608,0.0,0.0,12,2.7459765722432112e-05,0.0,0.6241536099294512,2.288313810202676e-06,0.6241536099294512
linkf145__tu,float64,0.6532872428035779,0.0,54.0,54.0,2.029654709650405,2.1878087793447643,1.0,1.0,39,8.924423859790436e-05,0.0,0.045798312597396355,2.288313810202676e-06,0.045798312597396355
linkf146__tu,float64,0.6532872428035779,0.0,10.0,10.0,0.7478377911849147,0.49616821852481563,0.0,0.0,10,2.288313810202676e-05,0.0,0.6205929936407759,4.576627620405352e-06,0.6205929936407759
linkf147__tu,float64,0.6532872428035779,0.0,15.0,15.0,0.8545402593299682,0.644643171786006,0.0,0.0,13,2.9748079532634788e-05,0.0,0.5342709317785004,4.576627620405352e-06,0.5342709317785004
linkf138__tu,float64,0.6532872428035779,0.0,20.0,20.0,1.0287816717070533,0.8242986890250181,1.0,0.0,19,4.347796239385084e-05,0.0,0.45405637947565575,2.288313810202676e-06,0.45405637947565575
linkf137__tu,float64,0.6532872428035779,0.0,15.0,15.0,0.8725322538570782,0.6182017057091141,0.0,0.0,15,3.432470715304014e-05,0.0,0.5578108159440553,2.288313810202676e-06,0.5578108159440553
linkf132__tu,float64,0.6532872428035779,0.0,999999.99,999999.99,8890.582654438425,3026.3219489797566,2500.0,0.0,34393,0.07870197687430064,0.0,0.13316155724331413,2.288313810202676e-05,0.13316155724331413
linkf131__tu,float64,0.6532872428035779,0.0,146.0,146.0,3.3369784558504794,0.686203527206907,0.0,0.0,95,0.00021738981196925422,0.0,0.8988084749990275,2.288313810202676e-06,0.8988084749990275
linkf043__tu,float64,0.6532872428035779,0.0,58.0,58.0,1.0652628732520146,0.20828689963226796,0.0,0.0,37,8.466761097749902e-05,0.0,0.9086688192071908,2.288313810202676e-06,0.9086688192071908
linkf107__tu,float64,0.6532872428035779,0.0,111.0,111.0,6.398963797439826,5.3752903298146695,3.0,1.0,93,0.00021281318434884886,0.0,0.011665823804413241,2.288313810202676e-06,0.011665823804413241
linkf108__tu,float64,0.6532872428035779,0.0,22.0,22.0,0.7850781529307886,0.29524282441996963,0.0,0.0,17,3.890133477344549e-05,0.0,0.8137655805566553,2.288313810202676e-06,0.8137655805566553
linkf109__tu,float64,0.6532872428035779,0.0,22.0,22.0,1.060585765446988,0.4586147005855795,0.0,0.0,19,4.347796239385084e-05,0.0,0.7422191609668584,4.576627620405352e-06,0.7422191609668584
linkf110__tu,float64,0.6532872428035779,0.0,22.0,22.0,1.2699533694856546,0.5978013880911572,0.0,0.0,20,4.576627620405352e-05,0.0,0.6888488179715013,4.576627620405352e-06,0.6888488179715013
linkf111__tu,float64,0.6532872428035779,0.0,27.0,27.0,1.7449267817538119,0.9582520028466623,0.0,0.0,27,6.178447287547225e-05,0.0,0.5727031622208543,4.576627620405352e-06,0.5727031622208543
linkf112__tu,float64,0.6532872428035779,0.0,31.0,31.0,2.1203180829222577,1.2756708764013063,1.0,0.0,32,7.322604192648563e-05,0.0,0.4890835989684281,2.288313810202676e-06,0.4890835989684281
linkf113__tu,float64,0.6532872428035779,0.0,34.0,34.0,2.4375130023333105,1.5611975203831552,1.0,0.0,34,7.780266954689098e-05,0.0,0.42477053933268194,2.288313810202676e-06,0.42477053933268194
linkf114__tu,float64,0.6532872428035779,0.0,39.0,39.0,2.963670218548072,2.065070491506923,1.0,0.0,39,8.924423859790436e-05,0.0,0.3306773637709581,2.288313810202676e-06,0.3306773637709581
linkf115__tu,float64,0.6532872428035779,0.0,43.0,43.0,3.4041309974813725,2.5023649723228445,1.0,1.0,42,9.610918002851239e-05,0.0,0.2627945345912957,4.576627620405352e-06,0.2627945345912957
linkf116__tu,float64,0.6532872428035779,0.0,319.0,319.0,9.867962697121005,3.7218874927632077,0.0,0.0,211,0.00048283421395276465,0.0,0.5864742347306541,2.288313810202676e-06,0.5864742347306541
linkf117__tu,float64,0.6532872428035779,0.0,32.0,32.0,0.8623761749428898,0.16372198817857087,0.0,0.0,29,6.636110049587761e-05,0.0,0.9415175639526502,2.288313810202676e-06,0.9415175639526502
linkf118__tu,float64,0.6532872428035779,0.0,72.0,72.0,1.5636758014230776,0.3353775603371144,0.0,0.0,43,9.839749383871507e-05,0.0,0.9113964892689523,2.288313810202676e-06,0.9113964892689523
linkf119__tu,float64,0.6532872428035779,0.0,76.0,76.0,2.182244138663786,0.5088752251128711,0.0,0.0,56,0.00012814557337134986,0.0,0.8853074235188316,2.288313810202676e-06,0.8853074235188316
linkf120__tu,float64,0.6532872428035779,0.0,101.0,101.0,2.741875162539771,0.6798443031283538,0.0,0.0,70,0.00016018196671418731,0.0,0.8616805834284891,2.288313810202676e-06,0.8616805834284891
linkf121__tu,float64,0.6532872428035779,0.0,129.0,129.0,3.7482653697286548,1.014924382670142,0.0,0.0,91,0.0002082365567284435,0.0,0.8202094722461859,2.288313810202676e-06,0.8202094722461859
linkf122__tu,float64,0.6532872428035779,0.0,168.0,168.0,4.630671532547732,1.3422058887467592,0.0,0.0,105,0.00024027295007128099,0.0,0.7834683057095718,2.288313810202676e-06,0.7834683057095718
linkf125__tu,float64,0.6532872428035779,0.0,284.0,284.0,7.193265141592789,2.0746585263716724,0.0,0.0,182,0.000416473113456887,0.0,0.7649901716921852,2.288313810202676e-06,0.7649901716921852
linkf126__tu,float64,0.6532872428035779,0.0,31.0,31.0,0.6110778194297048,0.07514136058562527,0.0,0.0,27,6.178447287547225e-05,0.0,0.9762106896291329,2.288313810202676e-06,0.9762106896291329
linkf127__tu,float64,0.6532872428035779,0.0,67.0,67.0,1.120692377461845,0.15995313533316705,0.0,0.0,41,9.382086621830972e-05,0.0,0.9633045997395899,2.288313810202676e-06,0.9633045997395899
linkf128__tu,float64,0.6532872428035779,0.0,75.0,75.0,1.5677306341295414,0.24689990686562793,0.0,0.0,53,0.00012128063194074183,0.0,0.9514557108303604,2.288313810202676e-06,0.9514557108303604
linkf129__tu,float64,0.6532872428035779,0.0,100.0,100.0,1.9722824076497698,0.3346247050935577,0.0,0.0,62,0.0001418754562325659,0.0,0.9403917135580305,2.288313810202676e-06,0.9403917135580305
linkf130__tu,float64,0.6532872428035779,0.0,125.0,125.0,2.7020518882134765,0.51134660402789,0.0,0.0,84,0.00019221836005702477,0.0,0.9192545588931884,2.288313810202676e-06,0.9192545588931884
linkf044__tu,float64,0.6532872428035779,0.0,54.0,54.0,1.3652221693396098,0.5252503987386814,0.0,0.0,39,8.924423859790436e-05,0.0,0.7689352247009746,2.288313810202676e-06,0.7689352247009746
linkf040__tu,float64,0.6532872428035779,0.0,18.0,18.0,1.0311759701105818,0.5311519600551942,0.0,0.0,19,4.347796239385084e-05,0.0,0.6876909311835387,2.288313810202676e-06,0.6876909311835387
linkf042__tu,float64,0.6532872428035779,0.0,6.0,6.0,0.23952937802322372,0.04613927135511656,0.0,0.0,7,1.6018196671418732e-05,0.0,0.959455655910829,2.288313810202676e-06,0.959455655910829
linkf172__tu,float64,0.6532872428035779,0.0,31.0,31.0,1.6069872866370845,1.9785813827365029,1.0,1.0,29,6.636110049587761e-05,0.0,0.060667775736093346,2.288313810202676e-06,0.060667775736093346
linkf174__tu,float64,0.6532872428035779,0.0,8.0,8.0,0.7319282804042359,0.833081237428576,1.0,1.0,9,2.0594824291824084e-05,0.0,0.3318306739313002,4.576627620405352e-06,0.3318306739313002
linkf175__tu,float64,0.6532872428035779,0.0,4.0,4.0,0.41766243891852217,0.19401468639803388,0.0,0.0,5,1.144156905101338e-05,0.0,0.8147015009050281,9.153255240810704e-06,0.8147015009050281
linkf176__tu,float64,0.6532872428035779,0.0,9.0,9.0,0.7630184548731674,0.9520758438729253,1.0,1.0,10,2.288313810202676e-05,0.0,0.264073702011199,2.288313810202676e-06,0.264073702011199
linkf177__tu,float64,0.6532872428035779,0.0,5.0,5.0,0.4839398904007791,0.2734969782816136,0.0,0.0,6,1.3729882861216056e-05,0.0,0.7433564529305291,2.288313810202676e-06,0.7433564529305291
linkf178__tu,float64,0.6532872428035779,0.0,5.0,5.0,0.5273003748152908,0.33566131124957954,0.0,0.0,6,1.3729882861216056e-05,0.0,0.6900845074290107,6.864941430608028e-06,0.6900845074290107
linkf179__tu,float64,0.6532872428035779,0.0,6.0,6.0,0.604816387597327,0.478921197337318,0.0,0.0,7,1.6018196671418732e-05,0.0,0.5740120777202903,6.864941430608028e-06,0.5740120777202903
linkf180__tu,float64,0.6532872428035779,0.0,6.0,6.0,0.6517087080399864,0.5908311842252799,1.0,0.0,7,1.6018196671418732e-05,0.0,0.490335306622609,2.9748079532634788e-05,0.490335306622609
linkf181__tu,float64,0.6532872428035779,0.0,14.0,14.0,0.928916028648206,1.5619343574300406,1.0,1.0,15,3.432470715304014e-05,0.0,0.014821408548682732,1.144156905101338e-05,0.014821408548682732
linkf041__tu,float64,0.6532872428035779,0.0,4.0,4.0,0.16825522397361997,0.024743537229721536,0.0,0.0,5,1.144156905101338e-05,0.0,0.9770825371908202,3.432470715304014e-05,0.9770825371908202
linkf197__tu,float64,0.6532872428035779,0.0,397.0,397.0,12.250509227948623,4.484577909076139,0.0,0.0,250,0.000572078452550669,0.0,0.6287371024912872,4.576627620405352e-06,0.6287371024912872
linkf198__tu,float64,0.6532872428035779,0.0,64.0,64.0,0.23024596068965517,0.013370617593014236,0.0,0.0,22,5.034290382445887e-05,0.0,0.9919634418985682,2.288313810202676e-06,0.9919634418985682
linkf199__tu,float64,0.6532872428035779,0.0,125610.0,125610.0,3261.95976851339,1090.427682716137,0.0,0.0,37921,0.08677514799669568,0.0,0.630936172062892,2.288313810202676e-06,0.630936172062892
linkf200__tu,float64,0.6532872428035779,0.0,8125.0,8125.0,55.94960251913488,3.073460571208894,0.0,0.0,933,0.002134996784919097,0.0,0.9930664091550859,2.288313810202676e-06,0.9930664091550859
linkf201__tu,float64,0.6532872428035779,0.0,39.0,39.0,0.4822329874886284,0.07887588872387603,0.0,0.0,25,5.72078452550669e-05,0.0,0.9588744242030375,2.288313810202676e-06,0.9588744242030375
linkf202__tu,float64,0.6532872428035779,0.0,240.0,240.0,0.5612245897380925,0.041761727036198834,0.0,0.0,36,8.237929716729634e-05,0.0,0.9793868691976942,2.288313810202676e-06,0.9793868691976942
linkf203__tu,float64,0.6532872428035779,0.0,7804.0,7804.0,134.9306291164738,19.402377695347617,0.0,0.0,2041,0.004670448486623661,0.0,0.9588835774582783,2.288313810202676e-06,0.9588835774582783
linkf204__tu,float64,0.6532872428035779,0.0,12213.0,12213.0,115.81984105152628,10.040488486349057,0.0,0.0,1718,0.003931323125928197,0.0,0.9818124818365092,2.288313810202676e-06,0.9818124818365092
linkf205__tu,float64,0.6532872428035779,0.0,50.0,50.0,1.1902894889918585,0.22649043599243027,0.0,0.0,40,9.153255240810704e-05,0.0,0.9345107470658096,2.288313810202676e-06,0.9345107470658096
linkf206__tu,float64,0.6532872428035779,0.0,392.0,392.0,0.9338135895412275,0.0861962046027144,0.0,0.0,48,0.00010983906288972845,0.0,0.9633320595053123,2.288313810202676e-06,0.9633320595053123
linkf207__tu,float64,0.6532872428035779,0.0,14416.0,14416.0,325.0088817451163,56.3488193216065,0.0,0.0,3767,0.00862007812303348,0.0,0.9345199003210505,2.288313810202676e-06,0.9345199003210505
linkf208__tu,float64,0.6532872428035779,0.0,17040.0,17040.0,191.9616638420212,21.316679793960226,0.0,0.0,2550,0.005835200216016824,0.0,0.9672588060036201,2.288313810202676e-06,0.9672588060036201
linkf209__tu,float64,0.6532872428035779,0.0,59.0,59.0,2.0789869408467396,0.4416766017624593,0.0,0.0,54,0.0001235689457509445,0.0,0.9074903375949365,2.288313810202676e-06,0.9074903375949365
linkf210__tu,float64,0.6532872428035779,0.0,710.0,710.0,3.867861857636531,0.9654784978592824,0.0,0.0,99,0.0002265430672100649,0.0,0.7562465246234008,2.288313810202676e-06,0.7562465246234008
linkf211__tu,float64,0.6532872428035779,0.0,21409.0,21409.0,561.1824192871595,110.56025578771772,0.0,0.0,5593,0.012798539140463567,0.0,0.9075086441054181,2.288313810202676e-06,0.9075086441054181
linkf212__tu,float64,0.6532872428035779,0.0,366430.0,366430.0,1147.5529579461706,234.5014663743727,0.0,0.0,17321,0.03963588350652055,0.0,0.7801456740571575,2.288313810202676e-06,0.7801456740571575
linkf173__tu,float64,0.6532872428035779,0.0,6.0,6.0,0.685144365812003,0.6836818053880637,1.0,1.0,7,1.6018196671418732e-05,0.0,0.4260314002421036,5.034290382445887e-05,0.4260314002421036
linkf148__tu,float64,0.6532872428035779,0.0,5.0,5.0,0.30858150251078476,0.08436784186836246,0.0,0.0,6,1.3729882861216056e-05,0.0,0.9237396539611856,9.153255240810704e-06,0.9237396539611856
linkf171__tu,float64,0.6532872428035779,0.0,10.0,10.0,0.7890936093350229,0.609201767493587,0.0,0.0,11,2.5171451912229436e-05,0.0,0.5392480143156912,4.576627620405352e-06,0.5392480143156912
linkf022__tu,float64,0.6532872428035779,0.0,58.0,58.0,2.0256318569780642,0.4204570678004499,0.0,0.0,53,0.00012128063194074183,0.0,0.9105154884520243,4.576627620405352e-06,0.9105154884520243
linkf038__tu,float64,0.6532872428035779,0.0,337.0,337.0,11.467335584694176,6.916872424216767,3.0,1.0,208,0.0004759692725221566,0.0,0.10632192456344693,2.288313810202676e-06,0.10632192456344693
linkf036__tu,float64,0.6532872428035779,0.0,41.0,41.0,0.7485881262652,0.18957306929243048,0.0,0.0,29,6.636110049587761e-05,0.0,0.8952753184760746,2.288313810202676e-06,0.8952753184760746
linkf006__tu,float64,0.6532872428035779,0.0,392.0,392.0,0.9362899278529898,0.0871367015787077,0.0,0.0,48,0.00010983906288972845,0.0,0.9630116955718839,2.288313810202676e-06,0.9630116955718839
linkf035__tu,float64,0.6532872428035779,0.0,54.0,54.0,1.3438659972171787,0.4970881206765171,0.0,0.0,39,8.924423859790436e-05,0.0,0.784848158937124,2.288313810202676e-06,0.784848158937124
linkf031__tu,float64,0.6532872428035779,0.0,396.0,396.0,12.154332586825374,4.3771209808628315,0.0,0.0,249,0.0005697901387404663,0.0,0.6312222112891673,2.288313810202676e-06,0.6312222112891673
linkf023__tu,float64,0.6532872428035779,0.0,78.0,78.0,2.781904873716623,0.6197875071795845,0.0,0.0,69,0.00015789365290398463,0.0,0.888991608753258,2.288313810202676e-06,0.888991608753258
linkf021__tu,float64,0.6532872428035779,0.0,50.0,50.0,1.1613192847000204,0.21641270197229767,0.0,0.0,39,8.924423859790436e-05,0.0,0.9367853309931511,2.288313810202676e-06,0.9367853309931511
linkf149__tu,float64,0.6532872428035779,0.0,16.0,16.0,0.9400875742568378,0.7700267503884413,1.0,0.0,15,3.432470715304014e-05,0.0,0.46968098617171966,2.288313810202676e-06,0.46968098617171966
linkf020__tu,float64,0.6532872428035779,0.0,165.0,165.0,5.757625408863336,1.5840211623261167,0.0,0.0,128,0.00029290416770594253,0.0,0.8035253762559983,2.288313810202676e-06,0.8035253762559983
linkf019__tu,float64,0.6532872428035779,0.0,156.0,156.0,4.6830212692909114,1.2030672558311957,0.0,0.0,110,0.00025171451912229436,0.0,0.834751706510024,2.288313810202676e-06,0.834751706510024
linkf018__tu,float64,0.6532872428035779,0.0,97.0,97.0,3.452633574669397,0.8134223334851248,0.0,0.0,83,0.0001899300462468221,0.0,0.8694768685798495,2.288313810202676e-06,0.8694768685798495
linkf015__tu,float64,0.6532872428035779,0.0,710.0,710.0,3.878878434188277,0.9750093248787766,0.0,0.0,99,0.0002265430672100649,0.0,0.7529513527367089,2.288313810202676e-06,0.7529513527367089
linkf170__tu,float64,0.6532872428035779,0.0,9.0,9.0,0.707776578965163,0.48445434013038813,0.0,0.0,10,2.288313810202676e-05,0.0,0.6171902710050046,2.288313810202676e-06,0.6171902710050046
linkf007__tu,float64,0.6532872428035779,0.0,498.0,498.0,1.2813968579028627,0.13515239025819045,0.0,0.0,58,0.00013272220099175522,0.0,0.9481193492950849,2.288313810202676e-06,0.9481193492950849
linkf039__tu,float64,0.6532872428035779,0.0,12.0,12.0,0.32873138473965957,0.05545042024883124,0.0,0.0,13,2.9748079532634788e-05,0.0,0.9622657052697579,9.153255240810704e-06,0.9622657052697579
linkf037__tu,float64,0.6532872428035779,0.0,47.0,47.0,1.4340184870022321,0.4787198257220202,0.0,0.0,41,9.382086621830972e-05,0.0,0.7919991395940074,2.288313810202676e-06,0.7919991395940074
linkf169__tu,float64,0.6532872428035779,0.0,7.0,7.0,0.5944400068592351,0.3333249428493626,0.0,0.0,8,1.8306510481621408e-05,0.0,0.7228028182872887,2.288313810202676e-06,0.7228028182872887
linkf005__tu,float64,0.6532872428035779,0.0,240.0,240.0,0.5645999039880638,0.04261297977359423,0.0,0.0,35,8.009098335709366e-05,0.0,0.9791031182852291,2.288313810202676e-06,0.9791031182852291
linkf167__tu,float64,0.6532872428035779,0.0,14.0,14.0,1.0292273720784475,1.0464001391294797,1.0,1.0,15,3.432470715304014e-05,0.0,0.31885593462745104,6.864941430608028e-06,0.31885593462745104
linkf166__tu,float64,0.6532872428035779,0.0,5.0,5.0,0.45385720770224103,0.18953416795765704,0.0,0.0,6,1.3729882861216056e-05,0.0,0.8343855763003916,2.5171451912229436e-05,0.8343855763003916
linkf002__tu,float64,0.6532872428035779,0.0,535.0,535.0,1.5907553131400844,0.18353420914730562,0.0,0.0,70,0.00016018196671418731,0.0,0.9345221886348606,2.288313810202676e-06,0.9345221886348606
linkf003__tu,float64,0.6532872428035779,0.0,607.0,607.0,2.0846573775928077,0.28247860998665913,0.0,0.0,82,0.00018764173243661944,0.0,0.9090921572620783,2.288313810202676e-06,0.9090921572620783
linkf004__tu,float64,0.6532872428035779,0.0,607.0,607.0,2.6804711676777253,0.38323764367750335,0.0,0.0,89,0.00020365992910803817,0.0,0.8857147433770478,2.288313810202676e-06,0.8857147433770478
linkf168__tu,float64,0.6532872428035779,0.0,6.0,6.0,0.5376558407356293,0.26974414363288124,0.0,0.0,7,1.6018196671418732e-05,0.0,0.7706034054686124,6.864941430608028e-06,0.7706034054686124
cvlst_s1__tu,float64,0.6532570940751401,514.0,838.0,324.0,32.84310982865405,700.9598939229958,699.0,703.0,300,0.000686434453518091,0.0,2.2881148450603034e-06,1.6016803915422124e-05,0.0
cvlst_i1__tu,float64,0.6532570940751401,500.0,809.0,309.0,32.20247588131123,644.3749579558897,651.0,660.0,268,0.0006132147784761613,0.0,1.1440574225301517e-05,2.2881148450603034e-06,0.0
fltgrossmonthly__income_std,float64,0.6366078554892107,0.0,646235.4939281036,646235.4939281036,2605.52705365658,1831.4131095303878,1626.3455967290593,1414.213562373095,67060,0.14641090243785287,0.0,0.0038469431866313265,2.183282171754442e-06,0.0038469431866313265
cv_cons_prop__tu,float64,0.6273902784631765,232.0,950.0,718.0,65.96691343407191,491.53569086371806,482.0,470.0,535,0.0011391607259967124,0.0,2.129272385040584e-06,4.258544770081168e-06,0.0
approvaldate__app,float64,0.6097120161724127,20131001.0,20180122.0,49121.0,12029.814795727427,20154654.40102983,20160101.0,20170225.0,1528,0.0031061582433130185,0.0,0.0005021080406402589,4.06565215093327e-06,0.0
dtmapproved__app,object,0.6097120161724127,,,,,,,2013-10-01 12:15:08,405733,0.8247846220773043,,,,
bitrolled__app,object,0.5933325293672417,,,,,,,False,4,7.803796937399893e-06,,,,
linkf134__tu,float64,0.5341981786994473,0.0,54.0,54.0,0.9999936832910173,0.2996619003415062,0.0,0.0,41,6.983418638914675e-05,0.0,0.8425443489665392,1.7032728387596767e-06,0.8425443489665392
linkf133__tu,float64,0.5341981786994473,0.0,52530.0,52530.0,273.0043730473945,74.98644411136,0.0,0.0,7428,0.012651910646306878,0.0,0.8556118581855034,3.4065456775193535e-06,0.8556118581855034
linkf063__tu,float64,0.5341981786994473,0.0,18828.0,18828.0,194.65486151229857,39.13235903288168,0.0,0.0,5098,0.008683284931996832,0.0,0.9315199155176672,1.7032728387596767e-06,0.9315199155176672
linkf082__tu,float64,0.5341981786994473,0.0,60962.0,60962.0,408.33675560742415,45.16831742192623,0.0,0.0,3759,0.0064026026008976245,0.0,0.8960714011974008,1.7032728387596767e-06,0.8960714011974008
bitsystemdecline__app,object,0.5214071839659542,,,,,,,True,2,3.315501461307269e-06,,,,
dtmdeclined__tu,float64,0.4682359344281024,20131001.0,20170401.0,39400.0,9142.32741978007,20150089.55513581,20150623.0,20160213.0,1247,0.001860513692754142,0.0,0.0005490529582466114,4.475975203097375e-06,0.0
short_term_lending_reason4__ln,object,0.45494272534984426,,,,,,,A47,18,2.6200873362445416e-05,,,,
fltacquisitionfee__app,float64,0.43842360232875127,0.0,6724.86,6724.86,441.372819621971,309.60208113350706,249.0,0.0,4907,0.006932543679828657,0.0,0.35314578120739565,1.4127865660951002e-06,0.35314578120739565
auto_reason4__ln,object,0.37262955622658517,,,,,,,C13,19,2.402785207442564e-05,,,,
dtmdeclined__app,object,0.36056292436318743,,,,,,,2017-06-12T06:12:22Z,651729,0.8086389117050764,,,,
short_term_lending_reason3__ln,object,0.31909176162193814,,,,,,,A47,19,2.2138613353778537e-05,,,,
bankcard_reason4__ln,object,0.3045394464376104,,,,,,,E55,21,2.39569869411605e-05,,,,
linkc007__tu,float64,0.2890620413227993,0.0,99.0,99.0,3.052904665406628,1.7685895998009105,1.0,0.0,89,9.932159999285777e-05,0.0,0.37416120676859965,1.3391676403531385e-05,0.37416120676859965
linkc006__tu,float64,0.2890620413227993,0.0,55.0,55.0,1.002254778428987,0.47961731052730844,0.0,0.0,28,3.124724494157323e-05,0.0,0.7156478390856164,1.1159730336276155e-06,0.7156478390856164
linkc020__tu,float64,0.2890620413227993,0.0,55.0,55.0,1.3123763590975168,0.6935605008040586,0.0,0.0,35,3.905905617696654e-05,0.0,0.632468789024182,1.1159730336276155e-06,0.632468789024182
linkc031__tu,float64,0.2890620413227993,0.0,55.0,55.0,0.4524735303821644,0.08290452069516192,0.0,0.0,22,2.455140673980754e-05,0.0,0.9474867729296189,1.1159730336276155e-06,0.9474867729296189
linkc025__tu,float64,0.2890620413227993,0.0,23.0,23.0,0.856053439940311,0.3748665017258523,0.0,0.0,23,2.5667379773435156e-05,0.0,0.7650932562865551,1.1159730336276155e-06,0.7650932562865551
linkc036__tu,float64,0.2890620413227993,0.0,22.0,22.0,0.49579497453100213,0.1566948896246871,0.0,0.0,21,2.3435433706179923e-05,0.0,0.8801322204850242,2.231946067255231e-06,0.8801322204850242
linkc051__tu,float64,0.2890620413227993,0.0,4.0,4.0,0.03351135349473435,0.0008805027235321886,0.0,0.0,5,5.579865168138077e-06,0.0,0.9992087751191581,4.463892134510462e-06,0.9992087751191581
linkc004__tu,float64,0.2890620413227993,0.0,14.0,14.0,0.35057801881977163,0.0734600409115714,0.0,0.0,15,1.673959550441423e-05,0.0,0.9440350683366087,1.1159730336276155e-06,0.9440350683366087
linkc005__tu,float64,0.2890620413227993,0.0,10.0,10.0,0.1325088949441097,0.00991653637681499,0.0,0.0,10,1.1159730336276154e-05,0.0,0.9926312300589568,1.1159730336276155e-06,0.9926312300589568
linkc049__tu,float64,0.2890620413227993,0.0,27.0,27.0,0.8929990873931709,0.3412355383844505,0.0,0.0,28,3.124724494157323e-05,0.0,0.8033677834208814,1.1159730336276155e-06,0.8033677834208814
linkc047__tu,float64,0.2890620413227993,0.0,14.0,14.0,0.3552587203660057,0.07562726054287625,0.0,0.0,15,1.673959550441423e-05,0.0,0.9422595552401072,1.1159730336276155e-06,0.9422595552401072
linkc046__tu,float64,0.2890620413227993,0.0,11.0,11.0,0.2340596808024784,0.03598455046932246,0.0,0.0,11,1.227570336990377e-05,0.0,0.9709958608560183,1.1159730336276155e-06,0.9709958608560183
linkc045__tu,float64,0.2890620413227993,0.0,9.0,9.0,0.19390921106992623,0.026064666173406584,0.0,0.0,10,1.1159730336276154e-05,0.0,0.9783969940150367,2.231946067255231e-06,0.9783969940150367
linkc044__tu,float64,0.2890620413227993,0.0,9.0,9.0,0.15562738412569282,0.017393555702120013,0.0,0.0,9,1.0043757302648539e-05,0.0,0.9852423726033084,1.1159730336276155e-06,0.9852423726033084
linkc043__tu,float64,0.2890620413227993,0.0,8.0,8.0,0.10545186144459702,0.008616427792638819,0.0,0.0,8,8.927784269020924e-06,0.0,0.9923957597488614,1.1159730336276155e-06,0.9923957597488614
linkc010__tu,float64,0.2890620413227993,0.0,3.0,3.0,0.004724324447182575,1.5623622470786615e-05,0.0,0.0,3,3.3479191008828463e-06,0.0,0.9999866083235964,1.1159730336276155e-06,0.9999866083235964
linkc011__tu,float64,0.2890620413227993,0.0,13.0,13.0,0.15696959129488952,0.011384040916035305,0.0,0.0,14,1.5623622470786615e-05,0.0,0.9921413178971943,1.1159730336276155e-06,0.9921413178971943
linkc012__tu,float64,0.2890620413227993,0.0,9.0,9.0,0.06589428480117263,0.002159407820069436,0.0,0.0,10,1.1159730336276154e-05,0.0,0.9984577252675266,1.1159730336276155e-06,0.9984577252675266
linkc009__tu,float64,0.2890620413227993,0.0,13.0,13.0,0.15854839668285337,0.011704325176686431,0.0,0.0,14,1.5623622470786615e-05,0.0,0.9918645565848547,1.1159730336276155e-06,0.9918645565848547
linkc008__tu,float64,0.2890620413227993,0.0,6.0,6.0,0.05238750871507133,0.0017543096088626115,0.0,0.0,7,7.811811235393308e-06,0.0,0.9986072656540327,2.231946067255231e-06,0.9986072656540327
linkc037__tu,float64,0.2890620413227993,0.0,41.0,41.0,0.6621716725250927,0.19207681465585066,0.0,0.0,34,3.7943083143338926e-05,0.0,0.8751616765932468,1.1159730336276155e-06,0.8751616765932468
linkc026__tu,float64,0.2890620413227993,0.0,29.0,29.0,1.0161485790480143,0.49146336427926557,0.0,0.0,26,2.9015298874318e-05,0.0,0.7102811247669011,1.1159730336276155e-06,0.7102811247669011
linkc042__tu,float64,0.2890620413227993,0.0,23.0,23.0,0.21840788454387686,0.03295691562909074,0.0,0.0,12,1.3391676403531385e-05,0.0,0.9725649189412987,1.1159730336276155e-06,0.9725649189412987
linkc041__tu,float64,0.2890620413227993,0.0,12.0,12.0,0.1660715827457457,0.020603094146833034,0.0,0.0,10,1.1159730336276154e-05,0.0,0.9821500113271263,2.231946067255231e-06,0.9821500113271263
linkc040__tu,float64,0.2890620413227993,0.0,12.0,12.0,0.15064611804660652,0.017267450749320092,0.0,0.0,9,1.0043757302648539e-05,0.0,0.9848662896909759,2.231946067255231e-06,0.9848662896909759
linkc039__tu,float64,0.2890620413227993,0.0,12.0,12.0,0.13019672351025738,0.013169597769839489,0.0,0.0,9,1.0043757302648539e-05,0.0,0.9882800512008428,2.231946067255231e-06,0.9882800512008428
linkc038__tu,float64,0.2890620413227993,0.0,12.0,12.0,0.09694936242127541,0.007588616628667785,0.0,0.0,9,1.0043757302648539e-05,0.0,0.9930698074611725,2.231946067255231e-06,0.9930698074611725
linkc030__tu,float64,0.2890620413227993,0.0,201.0,201.0,15.179095028552757,8.468227689746104,2.0,0.0,141,0.0001573521977414938,0.0,0.2748730859667507,1.1159730336276155e-06,0.2748730859667507
linkc035__tu,float64,0.2890620413227993,0.0,99.0,99.0,2.5469813807686195,0.7495767672269967,0.0,0.0,89,9.932159999285777e-05,0.0,0.7418553498073273,1.227570336990377e-05,0.7418553498073273
linkc034__tu,float64,0.2890620413227993,0.0,99.0,99.0,1.334988729192096,0.33747247731505814,0.0,0.0,54,6.026254381589123e-05,0.0,0.8463003819975694,2.231946067255231e-06,0.8463003819975694
linkc033__tu,float64,0.2890620413227993,0.0,55.0,55.0,1.0268009448559174,0.24644590488115445,0.0,0.0,47,5.2450732580497927e-05,0.0,0.8772373864357942,1.1159730336276155e-06,0.8772373864357942
linkc032__tu,float64,0.2890620413227993,0.0,55.0,55.0,0.7453278458140254,0.16351460083318548,0.0,0.0,33,3.682711010971131e-05,0.0,0.9097668843930056,1.1159730336276155e-06,0.9097668843930056
linkc024__tu,float64,0.2890620413227993,0.0,85.0,85.0,2.3659544962515775,1.6466583861467572,1.0,0.0,60,6.695838201765692e-05,0.0,0.3583992036416432,1.1159730336276155e-06,0.3583992036416432
linkc029__tu,float64,0.2890620413227993,0.0,52.0,52.0,1.5293180864899445,0.9130578888691734,0.0,0.0,43,4.798684044598746e-05,0.0,0.5450858685450725,1.1159730336276155e-06,0.5450858685450725
linkc028__tu,float64,0.2890620413227993,0.0,33.0,33.0,1.2436865368948404,0.6704944541720094,0.0,0.0,33,3.682711010971131e-05,0.0,0.6342387222555154,1.1159730336276155e-06,0.6342387222555154
linkc027__tu,float64,0.2890620413227993,0.0,30.0,30.0,1.138900464570266,0.5853925825736347,0.0,0.0,29,3.2363217975200845e-05,0.0,0.6692702317541199,1.1159730336276155e-06,0.6692702317541199
linkc050__tu,float64,0.2890620413227993,0.0,22.0,22.0,0.2346155042770309,0.019929046434521955,0.0,0.0,20,2.2319460672552308e-05,0.0,0.9874084762615796,1.1159730336276155e-06,0.9874084762615796
linkc048__tu,float64,0.2890620413227993,0.0,203.0,203.0,15.548650368309785,10.463972484568883,4.0,1.0,138,0.00015400427864061092,0.0,0.0012119467145195904,1.1159730336276155e-06,0.0012119467145195904
auto_reason3__ln,object,0.2722660260326336,,,,,,,C13,19,2.0714113615822966e-05,,,,
DPD60PLUS__tucvlink,float64,0.27213432369261625,0.0,1.0,1.0,0.4642748591092008,0.3143953390777347,0.0,0.0,2,2.180038477679131e-06,0.0,0.6856046609222652,0.3143953390777347,0.6856046609222652
fltapprovedloantovalue__app,float64,0.2663997181887279,0.0,2626241.0,2626241.0,8152.315889934624,75.94607816205821,0.0,0.0,13922,0.015056621852974607,0.0,0.6858474027273229,1.0814984810353834e-06,0.6858474027273229
short_term_lending_reason2__ln,object,0.2359479156914611,,,,,,,A41,19,1.972949819578931e-05,,,,
linka016__tu,float64,0.22906607173175883,0.0,13.0,13.0,0.4051533764940231,0.13403327573662213,0.0,0.0,13,1.3378628567076841e-05,0.0,0.885085813611005,2.0582505487810525e-06,0.885085813611005
linka047__tu,float64,0.22906607173175883,0.0,36.0,36.0,0.7456780959573737,0.41149265358922876,0.0,0.0,21,2.1611630762201053e-05,0.0,0.6981657900234538,1.0291252743905262e-06,0.6981657900234538
linka019__tu,float64,0.22906607173175883,1.0,99999.0,99998.0,49290.306184386165,54748.08538755314,99999.0,99999.0,1826,0.001879182751037101,0.0,4.0135885701230525e-05,0.5426361455553623,0.0
linka018__tu,float64,0.22906607173175883,1.0,99999.0,99998.0,49401.234000636876,54646.277781494064,99999.0,99999.0,1826,0.001879182751037101,0.0,5.042713844513579e-05,0.5426361455553623,0.0
linka017__tu,float64,0.22906607173175883,0.0,36.0,36.0,1.0118123947937916,0.7140554842600435,0.0,0.0,23,2.3669881310982105e-05,0.0,0.5426361455553623,1.0291252743905262e-06,0.5426361455553623
linka045__tu,float64,0.22906607173175883,0.0,8.0,8.0,0.3844836938518317,0.12351046980597902,0.0,0.0,9,9.262127469514736e-06,0.0,0.8925912242371352,5.145626371952631e-06,0.8925912242371352
linka046__tu,float64,0.22906607173175883,0.0,31.0,31.0,0.5818275399857326,0.26335418684181006,0.0,0.0,16,1.646600439024842e-05,0.0,0.7907994142218938,1.0291252743905262e-06,0.7907994142218938
linka012__tu,float64,0.22906607173175883,0.0,31.0,31.0,0.5155562933325635,0.20931378955828914,0.0,0.0,14,1.4407753841467367e-05,0.0,0.8289213017611421,1.0291252743905262e-06,0.8289213017611421
linka015__tu,float64,0.22906607173175883,0.0,8.0,8.0,0.2579810150225636,0.058182626512942794,0.0,0.0,9,9.262127469514736e-06,0.0,0.9467551165535829,1.0291252743905262e-06,0.9467551165535829
linka044__tu,float64,0.22906607173175883,0.0,7.0,7.0,0.17233009984933326,0.02710407235162329,0.0,0.0,8,8.23300219512421e-06,0.0,0.9743552272874625,1.0291252743905262e-06,0.9743552272874625
linka043__tu,float64,0.22906607173175883,0.0,7.0,7.0,0.1357976979447848,0.017062897049394926,0.0,0.0,8,8.23300219512421e-06,0.0,0.9836708692712455,1.0291252743905262e-06,0.9836708692712455
linka042__tu,float64,0.22906607173175883,0.0,7.0,7.0,0.09025071357729622,0.007681391048050888,0.0,0.0,6,6.1747516463431575e-06,0.0,0.9925481038881382,1.0291252743905262e-06,0.9925481038881382
linka041__tu,float64,0.22906607173175883,0.0,9999.99999,9999.99999,3541.5679077852296,8432.501819076166,9999.99999,9999.99999,6276,0.006458790222074943,0.0,0.0025728131859763157,0.8359615477632477,0.0025728131859763157
linka013__tu,float64,0.22906607173175883,0.0,144724.44,144724.44,658.801449626585,216.64681178019123,0.0,0.0,119199,0.12267070358207634,0.0,0.6961754617427824,1.0291252743905262e-06,0.6961754617427824
linka014__tu,float64,0.22906607173175883,0.0,36.0,36.0,0.8650780060042677,0.5462761616508816,0.0,0.0,21,2.1611630762201053e-05,0.0,0.6219745003339512,1.0291252743905262e-06,0.6219745003339512
linka009__tu,float64,0.22906607173175883,3.0,99999.0,99996.0,15194.17970838118,97615.2613895867,99999.0,99999.0,1088,0.0011196882985368927,0.0,1.0291252743905262e-06,0.9759781578451764,0.0
linka038__tu,float64,0.22906607173175883,0.0,7.0,7.0,0.17095614160023476,0.025886617152019297,0.0,0.0,7,7.203876920733684e-06,0.0,0.9759225850803592,1.0291252743905262e-06,0.9759225850803592
linka054__tu,float64,0.22906607173175883,0.0,10.0,10.0,0.03755610498101045,0.000686426558018481,0.0,0.0,8,8.23300219512421e-06,0.0,0.9994823499869816,3.0873758231715787e-06,0.9994823499869816
linka055__tu,float64,0.22906607173175883,0.0,15.0,15.0,0.0562891569784976,0.0011135135468905493,0.0,0.0,11,1.1320378018295789e-05,0.0,0.9992086026639937,5.145626371952631e-06,0.9992086026639937
linka056__tu,float64,0.22906607173175883,0.0,16.0,16.0,0.06625705701661676,0.0015210471555491979,0.0,0.0,15,1.5436879115857895e-05,0.0,0.9989533795959449,1.0291252743905262e-06,0.9989533795959449
linka057__tu,float64,0.22906607173175883,0.0,21.0,21.0,0.0868500684755055,0.002595453942012907,0.0,0.0,16,1.646600439024842e-05,0.0,0.9982576909104568,1.0291252743905262e-06,0.9982576909104568
linka058__tu,float64,0.22906607173175883,0.0,33.0,33.0,0.12015094849552684,0.004573432719391499,0.0,0.0,20,2.0582505487810525e-05,0.0,0.9969815755702126,1.0291252743905262e-06,0.9969815755702126
linka059__tu,float64,0.22906607173175883,0.0,37.0,37.0,0.16164202586548151,0.007944847118294863,0.0,0.0,23,2.3669881310982105e-05,0.0,0.9948173251181693,1.0291252743905262e-06,0.9948173251181693
linka031__tu,float64,0.22906607173175883,0.0,37.0,37.0,0.1809699781452331,0.009770515355063656,0.0,0.0,23,2.3669881310982105e-05,0.0,0.9936029572943885,2.0582505487810525e-06,0.9936029572943885
linka080__tu,float64,0.22906607173175883,1.0,99999.0,99998.0,7938.573024486854,99362.02345582325,99999.0,99999.0,1065,0.0010960184172259105,0.0,2.1611630762201053e-05,0.9936029572943885,0.0
linka060__tu,float64,0.22906607173175883,0.0,2871.0,2871.0,9.436996781572153,0.110232592603265,0.0,0.0,213,0.0002192036834451821,0.0,0.9994823499869816,1.0291252743905262e-06,0.9994823499869816
linka061__tu,float64,0.22906607173175883,0.0,3777.0,3777.0,12.13642856947565,0.16646868011596186,0.0,0.0,274,0.0002819803251830042,0.0,0.9992086026639937,1.0291252743905262e-06,0.9992086026639937
linka039__tu,float64,0.22906607173175883,3.0,99999.0,99996.0,15188.175715176938,97616.2014286317,99999.0,99999.0,1076,0.0011073387952442062,0.0,1.0291252743905262e-06,0.9759781578451764,0.0
linka008__tu,float64,0.22906607173175883,0.0,16.0,16.0,0.21903021692521446,0.030000030873758233,0.0,0.0,13,1.3378628567076841e-05,0.0,0.9759781578451764,1.0291252743905262e-06,0.9759781578451764
linka063__tu,float64,0.22906607173175883,0.0,4742.0,4742.0,19.231511235927663,0.3881669014787501,0.0,0.0,478,0.0004919218811586716,0.0,0.9982576909104568,1.0291252743905262e-06,0.9982576909104568
linka021__tu,float64,0.22906607173175883,0.0,62.0,62.0,2.7637585880990403,1.3404294951420141,0.0,0.0,57,5.866014064026e-05,0.0,0.5485669945116749,2.0582505487810525e-06,0.5485669945116749
linka049__tu,float64,0.22906607173175883,0.0,39.0,39.0,0.41044056425189895,0.09592579595121535,0.0,0.0,29,2.9844632957325263e-05,0.0,0.9233486913128448,1.0291252743905262e-06,0.9233486913128448
linka001__tu,float64,0.22906607173175883,0.0,84.0,84.0,0.5298477165027679,0.13809626231991595,0.0,0.0,39,4.0135885701230525e-05,0.0,0.8935822718763733,1.0291252743905262e-06,0.8935822718763733
linka050__tu,float64,0.22906607173175883,0.0,134.0,134.0,0.8131339511780796,0.2592016663596443,0.0,0.0,55,5.6601890091478945e-05,0.0,0.8150188484294004,1.0291252743905262e-06,0.8150188484294004
linka051__tu,float64,0.22906607173175883,0.0,376.0,376.0,1.3803255030844426,0.5001178348439177,0.0,0.0,73,7.512614503050842e-05,0.0,0.6845586956454622,1.0291252743905262e-06,0.6845586956454622
linka052__tu,float64,0.22906607173175883,0.0,511.0,511.0,2.1477414174929503,0.9811279007182265,1.0,0.0,98,0.00010085427689027158,0.0,0.48741122508101786,1.0291252743905262e-06,0.48741122508101786
linka029__tu,float64,0.22906607173175883,0.0,527.0,527.0,2.67496149398546,1.4345975451245705,1.0,0.0,120,0.00012349503292686316,0.0,0.34900828342933354,1.0291252743905262e-06,0.34900828342933354
linka030__tu,float64,0.22906607173175883,1.0,99999.0,99998.0,47460.41073546229,35181.08715456124,704.0,99999.0,1096,0.0011279213007320168,0.0,0.002440056025579938,0.34900828342933354,0.0
linka053__tu,float64,0.22906607173175883,1.0,99999.0,99998.0,47362.4372575666,35314.896409279005,920.0,99999.0,1096,0.0011279213007320168,0.0,0.0007965429623782674,0.34900828342933354,0.0
linka022__tu,float64,0.22906607173175883,0.0,55.0,55.0,1.1056947475757137,0.6201385408444384,0.0,0.0,35,3.601938460366842e-05,0.0,0.633690062457613,1.0291252743905262e-06,0.633690062457613
linka026__tu,float64,0.22906607173175883,0.0,77.0,77.0,2.927961472327741,1.3174532442659712,0.0,0.0,55,5.6601890091478945e-05,0.0,0.6428204618920057,1.0291252743905262e-06,0.6428204618920057
linka027__tu,float64,0.22906607173175883,1.0,99999.0,99998.0,47737.2902609096,64415.15279011299,99999.0,99999.0,1096,0.0011279213007320168,0.0,0.0017309887115248652,0.6428204618920057,0.0
linka028__tu,float64,0.22906607173175883,0.0,3.0,3.0,0.05856434812870716,0.003091492324269141,0.0,0.0,4,4.116501097562105e-06,0.0,0.9970690512185357,1.3378628567076841e-05,0.9970690512185357
linka020__tu,float64,0.22906607173175883,0.0,106.0,106.0,4.55661507763096,2.6652255482407616,1.0,0.0,85,8.747564832319473e-05,0.0,0.3440571617342407,2.0582505487810525e-06,0.3440571617342407
linka037__tu,float64,0.22906607173175883,0.0,8.0,8.0,0.12831438731315858,0.0102655246120455,0.0,0.0,9,9.262127469514736e-06,0.0,0.9918359491982599,6.1747516463431575e-06,0.9918359491982599
linka006__tu,float64,0.22906607173175883,0.0,553.0,553.0,5.630290727401628,4.099823093365332,2.0,1.0,143,0.00014716491423784526,0.0,0.07291970044221513,1.0291252743905262e-06,0.07291970044221513
linka003__tu,float64,0.22906607173175883,0.0,46.0,46.0,1.754982680935496,0.60119028629236,0.0,0.0,41,4.2194136250011574e-05,0.0,0.7834535180132942,3.0873758231715787e-06,0.7834535180132942
linka025__tu,float64,0.22906607173175883,0.0,54.0,54.0,1.8504970689899907,0.6629429483821636,0.0,0.0,47,4.8368887896354735e-05,0.0,0.7579342985842323,1.0291252743905262e-06,0.7579342985842323
linka011__tu,float64,0.22906607173175883,0.0,1800.0,1800.0,24.828423441548196,3.102713906261095,0.0,0.0,125,0.00012864065929881578,0.0,0.97601417722978,1.0291252743905262e-06,0.97601417722978
linka005__tu,float64,0.22906607173175883,0.0,600.0,600.0,19.601594327667875,2.641447230850294,0.0,0.0,136,0.00013996103731711158,0.0,0.97601417722978,1.955338021342e-05,0.97601417722978
linka010__tu,float64,0.22906607173175883,0.0,1008.0,1008.0,19.875788616417253,2.6771706053006126,0.0,0.0,29,2.9844632957325263e-05,0.0,0.97601417722978,1.0291252743905262e-06,0.97601417722978
linka040__tu,float64,0.22906607173175883,0.0,600.0,600.0,19.452778571175266,2.6029325953819034,0.0,0.0,28,2.8815507682934735e-05,0.0,0.9761006237528288,1.955338021342e-05,0.9761006237528288
linka033__tu,float64,0.22906607173175883,0.0,2.0,2.0,0.015876884293018066,0.0002459609405793358,0.0,0.0,3,3.0873758231715787e-06,0.0,0.9997571264352438,3.0873758231715787e-06,0.9997571264352438
linka034__tu,float64,0.22906607173175883,0.0,3.0,3.0,0.02343699866812334,0.000510446136097701,0.0,0.0,4,4.116501097562105e-06,0.0,0.9995080781188413,1.0291252743905262e-06,0.9995080781188413
linka035__tu,float64,0.22906607173175883,0.0,3.0,3.0,0.028755000973420528,0.0007533197008538652,0.0,0.0,4,4.116501097562105e-06,0.0,0.9992826996837498,1.0291252743905262e-06,0.9992826996837498
linka036__tu,float64,0.22906607173175883,0.0,6.0,6.0,0.043059524506378385,0.0015560374148784757,0.0,0.0,5,5.145626371952631e-06,0.0,0.9985767197455179,1.0291252743905262e-06,0.9985767197455179
linka007__tu,float64,0.22906607173175883,0.0,7.0,7.0,0.06521347268771253,0.0029690264166166683,0.0,0.0,7,7.203876920733684e-06,0.0,0.9975270119656395,1.0291252743905262e-06,0.9975270119656395
linka062__tu,float64,0.22906607173175883,0.0,4742.0,4742.0,14.296998606004239,0.2245917923142866,0.0,0.0,329,0.00033858221527448317,0.0,0.9989533795959449,1.0291252743905262e-06,0.9989533795959449
linka048__tu,float64,0.22906607173175883,0.0,26.0,26.0,0.28124362173844747,0.051952302101782546,0.0,0.0,21,2.1611630762201053e-05,0.0,0.9563259816054148,1.0291252743905262e-06,0.9563259816054148
linka064__tu,float64,0.22906607173175883,0.0,4742.0,4742.0,24.17081826165295,0.6543447610834219,0.0,0.0,726,0.0007471449492075221,0.0,0.9969815755702126,1.0291252743905262e-06,0.9969815755702126
linka075__tu,float64,0.22906607173175883,0.0,1505.0,1505.0,7.032531840563156,0.11685610461675888,0.0,0.0,258,0.00026551432079275575,0.0,0.9992230104178351,1.0291252743905262e-06,0.9992230104178351
linka071__tu,float64,0.22906607173175883,0.0,27.0,27.0,0.1476840897765749,0.006781935558233568,0.0,0.0,21,2.1611630762201053e-05,0.0,0.9959195182870416,1.0291252743905262e-06,0.9959195182870416
linka072__tu,float64,0.22906607173175883,0.0,48.0,48.0,0.2788965207978413,0.018292701752291605,0.0,0.0,26,2.6757257134153682e-05,0.0,0.9903488631767656,2.0582505487810525e-06,0.9903488631767656
linka032__tu,float64,0.22906607173175883,0.0,48.0,48.0,0.37969197303334123,0.03180923310613678,0.0,0.0,32,3.293200878049684e-05,0.0,0.9839394709678615,2.0582505487810525e-06,0.9839394709678615
linka081__tu,float64,0.22906607173175883,10.0,99999.0,99989.0,12494.445037449677,98402.71497243489,99999.0,99999.0,1086,0.0011176300479881116,0.0,1.0291252743905262e-06,0.9839394709678615,0.0
linka084__tu,float64,0.22906607173175883,0.0,99999.0,99999.0,12553.164461483417,98395.26133401392,99999.0,99999.0,914,0.0009406205007929411,0.0,0.00010497077798783368,0.9839405000931358,0.00010497077798783368
linka085__tu,float64,0.22906607173175883,0.0,99999.0,99999.0,12548.684926815824,98395.83420483091,99999.0,99999.0,949,0.0009766398853966094,0.0,5.248538899391684e-05,0.9839405000931358,5.248538899391684e-05
linka073__tu,float64,0.22906607173175883,0.0,1500.0,1500.0,3.0644613124969298,0.02135029469002232,0.0,0.0,65,6.689314283538421e-05,0.0,0.9998734175912499,2.0582505487810525e-06,0.9998734175912499
linka074__tu,float64,0.22906607173175883,0.0,1500.0,1500.0,4.691555767643896,0.06394665426227669,0.0,0.0,181,0.00018627167466468526,0.0,0.9995430683781706,2.0582505487810525e-06,0.9995430683781706
linka076__tu,float64,0.22906607173175883,0.0,3900.0,3900.0,16.106679024433138,0.34629421250819453,0.0,0.0,487,0.0005011840086281863,0.0,0.9981537492577434,1.0291252743905262e-06,0.9981537492577434
linka069__tu,float64,0.22906607173175883,0.0,6.0,6.0,0.03841695534388562,0.0009663486326527042,0.0,0.0,7,7.203876920733684e-06,0.0,0.9992230104178351,1.0291252743905262e-06,0.9992230104178351
linka077__tu,float64,0.22906607173175883,0.0,5750.0,5750.0,30.4134636665129,0.8943112939294987,0.0,0.0,1014,0.0010435330282319937,0.0,0.9959195182870416,1.0291252743905262e-06,0.9959195182870416
linka078__tu,float64,0.22906607173175883,0.0,10310.0,10310.0,53.95469488147024,2.2575413476807116,0.0,0.0,2853,0.0029360944078361713,0.0,0.9903488631767656,1.0291252743905262e-06,0.9903488631767656
linka065__tu,float64,0.22906607173175883,0.0,8891.0,8891.0,31.893072587639008,1.0984508062681961,0.0,0.0,1146,0.0011793775644515431,0.0,0.9948173251181693,1.0291252743905262e-06,0.9948173251181693
linka083__tu,float64,0.22906607173175883,0.0,5983.0,5983.0,31.790623841996293,2.184415029757158,0.0,0.0,4450,0.004579607471037842,0.0,0.9839394709678615,1.0291252743905262e-06,0.9839394709678615
linka024__tu,float64,0.22906607173175883,1.0,99999.0,99998.0,21838.846685185905,94945.15256164718,99999.0,99999.0,1096,0.0011279213007320168,0.0,0.0003005045801220337,0.9491684153220288,0.0
linka023__tu,float64,0.22906607173175883,0.0,14.0,14.0,0.2951968506782268,0.06159932242391934,0.0,0.0,13,1.3378628567076841e-05,0.0,0.9491684153220288,1.0291252743905262e-06,0.9491684153220288
linka002__tu,float64,0.22906607173175883,0.0,8.0,8.0,0.15927885834335553,0.019201419369578438,0.0,0.0,9,9.262127469514736e-06,0.0,0.9833291996801479,1.0291252743905262e-06,0.9833291996801479
linka004__tu,float64,0.22906607173175883,0.0,8.0,8.0,0.20725937150360432,0.029072789001532366,0.0,0.0,9,9.262127469514736e-06,0.0,0.9767952833130424,1.0291252743905262e-06,0.9767952833130424
linka070__tu,float64,0.22906607173175883,0.0,8.0,8.0,0.07018493259438108,0.0025841335639946116,0.0,0.0,9,9.262127469514736e-06,0.0,0.9981537492577434,2.0582505487810525e-06,0.9981537492577434
linka079__tu,float64,0.22906607173175883,0.0,17315.0,17315.0,71.92620594451678,3.764708351042867,0.0,0.0,5141,0.005290733035641696,0.0,0.9839394709678615,1.0291252743905262e-06,0.9839394709678615
linka067__tu,float64,0.22906607173175883,0.0,2.0,2.0,0.012045297362042358,0.00013275716039637788,0.0,0.0,3,3.0873758231715787e-06,0.0,0.9998734175912499,6.1747516463431575e-06,0.9998734175912499
linka068__tu,float64,0.22906607173175883,0.0,4.0,4.0,0.026815596606099716,0.0005320577668599021,0.0,0.0,5,5.145626371952631e-06,0.0,0.9995430683781706,3.0873758231715787e-06,0.9995430683781706
linka082__tu,float64,0.22906607173175883,0.0,8891.0,8891.0,27.391966129210644,1.046098112687159,0.0,0.0,1271,0.001308018223750359,0.0,0.9936029572943885,1.0291252743905262e-06,0.9936029572943885
linka066__tu,float64,0.22906607173175883,0.0,8891.0,8891.0,34.6739974818149,1.3196872179553547,0.0,0.0,1388,0.0014284258808540504,0.0,0.9936029572943885,1.0291252743905262e-06,0.9936029572943885
cvpl__tu,float64,0.2280513290035528,300.0,787.0,487.0,51.09774041796465,492.32362293905925,489.0,481.0,472,0.0004851086047166534,0.0,9.249952208580255e-06,2.055544935240057e-06,0.0
cv_bc_prop__tu,float64,0.22798944477149644,183.0,893.0,710.0,79.39380750642913,625.7473136181268,642.0,674.0,627,0.000644361681136543,0.0,1.027690081557485e-06,1.027690081557485e-06,0.0
cv_persloan_prop__tu,float64,0.22798944477149644,199.0,838.0,639.0,65.20628204922556,498.9131601881084,493.0,485.0,603,0.0006196971191791634,0.0,1.027690081557485e-06,2.05538016311497e-06,0.0
cvam__tu,float64,0.2279791307328204,306.0,850.0,544.0,81.48198569411835,547.8186140962255,556.0,589.0,539,0.000553917553636998,0.0,2.05535270366233e-06,7.193734462818156e-06,0.0
cvau__tu,float64,0.2279791307328204,300.0,847.0,547.0,81.4478831765304,467.1130937271663,466.0,300.0,541,0.0005559729063406604,0.0,0.019834153590341488,1.027676351831165e-06,0.0
cvbk__tu,float64,0.2279791307328204,365.0,814.0,449.0,41.052698905858016,559.9920262591861,561.0,567.0,416,0.0004275133623617647,0.0,1.027676351831165e-06,1.027676351831165e-06,0.0
bankcard_reason3__ln,object,0.2214082947085808,,,,,,,E55,22,2.241807467460674e-05,,,,
auto_reason2__ln,object,0.21924313997419903,,,,,,,E55,20,2.0323550930818634e-05,,,,
telecommunications_reason4__ln,object,0.21544916051659052,,,,,,,E55,21,2.1236532498973567e-05,,,,
cvna__tu,float64,0.2099017944840521,342.0,850.0,508.0,41.30211366804463,563.3040927686187,562.0,551.0,488,0.0004900316713092481,0.0,1.0041632608796069e-06,2.0083265217592137e-06,0.0
bankcard_reason2__ln,object,0.19931641725205448,,,,,,,A41,22,2.179953150825013e-05,,,,
telecommunications_reason3__ln,object,0.19911648357925704,,,,,,,E55,22,2.1794089442943074e-05,,,,
short_term_lending_reason1__ln,object,0.19889274827874562,,,,,,,A41,21,2.0797638972794707e-05,,,,
city__tu,object,0.19589612334955547,,,,,,,HOUSTON,21938,0.02164563244259783,,,,
telecommunications_reason2__ln,object,0.1956033633286735,,,,,,,C12,21,2.071259207240333e-05,,,,
cv_bc_behav_seg__tu,float64,0.19542485112081864,0.0,7.0,7.0,1.916126814865967,0.8126596857709439,0.0,0.0,8,7.888760586963231e-06,0.0,0.8425354082088471,0.00637116026904618,0.8425354082088471
scr_linkb2__tu,float64,0.1953256776720104,428.0,796.0,368.0,40.24802534780687,568.2343530929004,565.0,570.0,349,0.00034410476560451026,0.0,1.971947080828139e-06,1.971947080828139e-06,0.0
scr_altb2__tu,float64,0.1953256776720104,464.0,709.0,245.0,37.34858988903846,580.5241415621371,579.0,579.0,239,0.0002356476761589626,0.0,3.0565179752836154e-05,0.00022480196721440783,0.0
syntheticfraud_score__tu,float64,0.195311396695382,100.0,1000.0,900.0,105.78238288094524,269.05712629308135,253.0,169.0,645,0.0006359416471776022,0.0,0.05077279234582605,9.859560421358175e-07,0.0
zip_code__tu,float64,0.195311396695382,601.0,99929.0,99328.0,24164.185786752114,57206.557919987696,59873.0,87121.0,26085,0.025718663359112798,0.0,1.971912084271635e-06,9.859560421358175e-07,0.0
vantagescore3__tu,float64,0.195311396695382,1.0,837.0,836.0,85.98613795473825,536.4135898265112,542.0,524.0,538,0.0005304443506690698,0.0,0.00014986531840464426,2.9578681264074524e-06,0.0
vantagescore4__tu,float64,0.195311396695382,1.0,843.0,842.0,83.1960897748296,536.5803623191264,542.0,4.0,538,0.0005304443506690698,0.0,0.00014099171402542188,2.9578681264074524e-06,0.0
tu_creditbureaudate__tu,object,0.19521222324657375,,,,,,,2015-12,13,1.281584906478806e-05,,,,
archive__tu,float64,0.19521222324657375,201311.0,201611.0,300.0,92.71062945722215,201499.67936618725,201505.0,201602.0,13,1.281584906478806e-05,0.0,0.060147737164680706,0.08089758263511602,0.0
bitdebtor__tu,float64,0.19521222324657375,0.0,1.0,1.0,0.4029812901136264,0.7959835129030954,1.0,1.0,2,1.971669086890471e-06,0.0,0.2040164870969046,0.7959835129030954,0.2040164870969046
bankcard_reason1__ln,object,0.19494564501617717,,,,,,,A47,26,2.5623210686849872e-05,,,,
crossindustry_reason4__ln,object,0.1949258103264155,,,,,,,E55,32,3.15354823450573e-05,,,,
auto_reason1__ln,object,0.19492263677605365,,,,,,,I60,26,2.5622478403207145e-05,,,,
telecommunications_reason1__ln,object,0.1949218433884632,,,,,,,A47,20,1.9709579348302758e-05,,,,
crossindustry_reason3__ln,object,0.19492105000087273,,,,,,,A44,31,3.054981788366629e-05,,,,
crossindustry_reason1__ln,object,0.19492025661328227,,,,,,,I60,28,2.7593356702278522e-05,,,,
crossindustry_reason2__ln,object,0.19492025661328227,,,,,,,A44,31,3.0549787777522647e-05,,,,
scr_alta2__tu,float64,0.19243139974199036,462.0,712.0,250.0,38.794878847910134,578.8665532276098,577.0,582.0,244,0.0002397153282233361,0.0,2.0631237265123187e-05,0.0001454011007256301,0.0
scr_linka2__tu,float64,0.19243139974199036,429.0,809.0,380.0,41.208842833551365,567.3776096059041,565.0,577.0,352,0.00034581883415825534,0.0,1.9648797395355416e-06,1.9648797395355416e-06,0.0
telecommunications_score__ln,float64,0.1897124604694633,100.0,859.0,759.0,66.3557998387919,593.1123547318567,590.0,501.0,347,0.0003397627144201367,0.0,0.0017918321826768014,1.958286538444592e-06,0.0
crossindustry_index__ln,float64,0.1897124604694633,109.0,109.0,0.0,0.0,109.0,109.0,109.0,1,9.79143269222296e-07,0.0,1.0,1.0,0.0
crossindustry_score_name__ln,object,0.1897124604694633,,,,,,,CrossIndustryRVS1706_0,1,9.79143269222296e-07,,,,
short_term_lending_score__ln,float64,0.1897124604694633,100.0,660.0,560.0,44.628379604432205,578.4683066010901,583.0,588.0,159,0.00015568377980634503,0.0,0.0017918321826768014,0.004902570348996035,0.0
auto_score__ln,float64,0.1897124604694633,100.0,827.0,727.0,52.337429931075555,669.4342177281723,671.0,678.0,275,0.00026926439903613136,0.0,0.0017918321826768014,2.9374298076668875e-06,0.0
crossindustry_score__ln,float64,0.1897124604694633,100.0,846.0,746.0,71.2623901670451,647.3278719985587,649.0,590.0,346,0.0003387835711509144,0.0,0.0017918321826768014,1.958286538444592e-06,0.0
bankcard_score__ln,float64,0.1897124604694633,100.0,878.0,778.0,64.04298610813231,719.7971136814709,726.0,691.0,326,0.00031920070576646844,0.0,0.0017918321826768014,3.133258461511347e-05,0.0
analyticsmatchkey__ln,float64,0.1896355018731881,79669.0,2120692.0,2041023.0,582895.2392747161,1096311.406184465,1091236.5,79669.0,1021398,1.0,0.0,9.790502820643863e-07,9.790502820643863e-07,0.0
rvlr16__tu,object,0.17510460815380294,,,,,,,-1,4120,0.003962631995560313,,,,
rvlr15__tu,object,0.12120026848236061,,,,,,,-1,4368,0.003943466151464129,,,,
fltapprovedservicecontract__app,float64,0.09641484015620215,0.0,99999.0,99999.0,580.7113299162583,135.01447660232066,0.0,0.0,2816,0.0024725720983936185,0.0,0.9383446235166543,8.780440690318247e-07,0.9383446235166543
fltservicecontract__app,float64,0.08195931825791127,0.0,99999.0,99999.0,645.4277419774862,197.71839503333726,0.0,0.0,4863,0.004202693768553687,0.0,0.8997688215950878,8.642183361204374e-07,0.8997688215950878
fltapproveddebttoincome__app,float64,0.07734180248139903,-964.36,6750000.0,6750964.36,7028.0940265512945,57.99324374965066,34.47,50.0,14572,0.012530364981705771,3.4395731489722126e-06,8.598932872430532e-07,8.598932872430532e-07,2.5796798617291596e-06
rvlr19__tu,object,0.07525916005642573,,,,,,,-2,3256,0.0027935069837674593,,,,
rvlr18__tu,object,0.05160589582186227,,,,,,,-2,3476,0.0029078789633026677,,,,
rvlr22__tu,object,0.03713767972212393,,,,,,,-2,2547,0.0020986990043745557,,,,
fltinsuredlifeamount__app,float64,0.036578341470845384,0.0,4031.0,4031.0,22.461019569510228,0.41496558550753754,0.0,0.0,416,0.00034258025518934973,0.0,0.9994704829228683,1.6470204576411043e-06,0.9994704829228683
fltgapinsurance__app,float64,0.027859011851623827,0.0,999999.0,999999.0,928.4317345729231,64.20105406576656,0.0,0.0,1498,0.0012225537499265487,0.0,0.9041062462866358,8.161239986158537e-07,0.9041062462866358
rvlr21__tu,object,0.026023906354875923,,,,,,,-2,2719,0.002214860172187254,,,,
fltapprovedpricewholesale__app,float64,0.02426258590404136,0.0,770010200.0,770010200.0,699862.2923560288,9703.329033066984,10239.0,0.0,30578,0.024863457515101595,0.0,0.4056643278743443,8.131158844627377e-07,0.4056643278743443
fltgrossmonthly__income_mean,float64,0.022443348159102774,-1305.0,603894.0,605199.0,2825.2371800610454,2736.813457107096,2350.0,3000.0,135278,0.10979198623521869,1.623205343591991e-06,8.116026717959955e-07,8.116026717959955e-07,0.01027975944096808
fltgrossmonthly__income_median,float64,0.022443348159102774,-1305.0,603894.0,605199.0,2803.3522707448756,2728.061698293319,2350.0,3000.0,128341,0.10416189850096987,1.623205343591991e-06,8.116026717959955e-07,8.116026717959955e-07,0.010700981227630201
fltgrossmonthly__income_max,float64,0.022443348159102774,-1305.0,967384.0,968689.0,3383.625383845963,3234.3942822885133,2834.0,3000.0,115007,0.09333998847524207,1.623205343591991e-06,8.116026717959955e-07,8.116026717959955e-07,0.01027975944096808
fltgrossmonthly__income_min,float64,0.022443348159102774,-2607.0,603894.0,606501.0,2910.385811883646,2248.207667664443,2155.0,0.0,109867,0.08916835074221065,4.058013358979978e-06,8.116026717959955e-07,8.116026717959955e-07,0.298500158262521
fltgrossmonthly__income_count,float64,0.02242589363211252,0.0,8.0,8.0,0.5646160954692037,1.4079999870145892,1.0,1.0,9,7.304293626111064e-06,0.0,1.7854939974938155e-05,8.115881806790071e-07,1.7854939974938155e-05
fltgrossmonthly__income_sum,float64,0.02242589363211252,-1305.0,969798.0,971103.0,3398.619656519728,3349.672643285108,2975.0,3000.0,125873,0.10215703906660867,1.6231763613580142e-06,8.115881806790071e-07,8.115881806790071e-07,0.010297430836455243
rvlr25__tu,object,0.020732011126467567,,,,,,,-2,1882,0.001524766930219633,,,,
fltapproveddowntotal__app,float64,0.016390594231437506,-37704.0,100000.0,137704.0,1685.5234547606378,839.6635165060304,0.0,0.0,14565,0.011748251071377582,0.029085491615709183,8.066083811450451e-07,8.066083811450451e-07,0.4833407138000208
rvlr24__tu,object,0.015639256183266188,,,,,,,-2,2054,0.001655509040820307,,,,
rvlr28__tu,object,0.013351126372362184,,,,,,,-2,1421,0.0011426595582145242,,,,
linkt002__tu,float64,0.012786234407950379,0.0,999.0,999.0,59.38262824195207,36.02886598269552,18.0,1.0,432,0.00034718259715085245,0.0,0.02415812238508015,0.0017013554587230432,0.02415812238508015
rvlr27__tu,object,0.010782137354433213,,,,,,,-2,1550,0.001243154629187025,,,,
fltapprovedapr_contract__app,float64,0.008110801337334123,0.0,18049.0,18049.0,27.207221436502344,11.074621424657755,15.0,0.0,1957,0.0015653558044944988,0.0,0.389252876551258,7.998752194657634e-07,0.389252876551258
linkt003__tu,float64,0.0058885226964388,0.0,16.0,16.0,0.7298551560846739,0.4077507031147745,0.0,0.0,12,9.57704573677809e-06,0.0,0.7003190752404637,1.596174289463015e-06,0.7003190752404637
linkt004__tu,float64,0.0058885226964388,0.0,19.0,19.0,2.17553176051526,2.0033184463477935,1.0,0.0,20,1.596174289463015e-05,0.0,0.2868843954809113,3.990435723657537e-06,0.2868843954809113
linkt001__tu,float64,0.0058885226964388,0.0,20.0,20.0,3.533810979612486,4.363386634913439,4.0,1.0,21,1.675983003936166e-05,0.0,0.08934984628841593,0.0002011179604723399,0.08934984628841593
rvlr17__tu,object,0.00585282025486783,,,,,,,-2,3763,0.0030030940727398384,,,,
rvlr20__tu,object,0.00585282025486783,,,,,,,-2,3054,0.0024372706080647,,,,
rvlr23__tu,object,0.00585282025486783,,,,,,,-2,2307,0.0018411209210233343,,,,
rvlr26__tu,object,0.00585282025486783,,,,,,,-2,1753,0.0013989965212630711,,,,
rvlr81__tu,object,0.00585282025486783,,,,,,,-1,6,4.788350899930649e-06,,,,
rvlr80__tu,object,0.00585282025486783,,,,,,,-1,6,4.788350899930649e-06,,,,
rvlr78__tu,object,0.00585282025486783,,,,,,,NOACTBC,6,4.788350899930649e-06,,,,
rvlr77__tu,float64,0.00585282025486783,-6.0,5.0,11.0,1.3482160063051172,-0.48461782176321444,0.0,0.0,8,6.384467866574198e-06,0.3853800474206351,0.04295869009872782,0.00010853595373176138,0.5187436005685369
rvlr76__tu,float64,0.00585282025486783,-6.0,5.0,11.0,1.6682303688928013,-0.2157247847436756,0.0,0.0,8,6.384467866574198e-06,0.3853800474206351,0.04295869009872782,0.00949689595152912,0.39520494540880946
rvlr75__tu,float64,0.00585282025486783,-6.0,5.0,11.0,1.3532629987790485,-0.4795094494114718,0.0,0.0,8,6.384467866574198e-06,0.3853800474206351,0.04295869009872782,0.00011172818766504847,0.5150023023987244
rvlr74__tu,float64,0.00585282025486783,-6.0,5.0,11.0,1.6560894307133784,-0.2270460423880783,0.0,0.0,8,6.384467866574198e-06,0.3853800474206351,0.04295869009872782,0.00890792879083765,0.4002015895728871
rvlr73__tu,float64,0.00585282025486783,-6.0,5.0,11.0,1.365325260300178,-0.4668618185677883,0.0,0.0,8,6.384467866574198e-06,0.3853800474206351,0.04295869009872782,0.00012449712339819688,0.505524559850795
rvlr72__tu,float64,0.00585282025486783,-6.0,5.0,11.0,1.636587111871587,-0.24515159519919938,0.0,0.0,8,6.384467866574198e-06,0.3853800474206351,0.04295869009872782,0.008035650868566951,0.4081789821721715
rvlr71__tu,float64,0.00585282025486783,-6.0,5.0,11.0,1.3857255006870175,-0.4452448084300514,0.0,0.0,8,6.384467866574198e-06,0.3853800474206351,0.04295869009872782,0.00014604470244788478,0.48981717278205583
rvlr70__tu,float64,0.00585282025486783,-6.0,5.0,11.0,1.6076988105083645,-0.2720956457131091,0.0,0.0,8,6.384467866574198e-06,0.3853800474206351,0.04295869009872782,0.006851332079317436,0.4206023585820416
rvlr14__tu,object,0.00585282025486783,,,,,,,-1,4761,0.00379955643909497,,,,
rvlr79__tu,object,0.00585282025486783,,,,,,,NOACTBC,6,4.788350899930649e-06,,,,
linkt009__tu,float64,0.00585282025486783,-4.0,77.0,81.0,2.911573223972462,0.8432756789283032,0.0,0.0,57,4.548933354934116e-05,0.042892451244612106,0.042892451244612106,7.980584833217748e-07,0.7321404487163629
linkt006__tu,float64,0.00585282025486783,0.0,114.0,114.0,1.5690538075413578,0.992450366747776,0.0,0.0,66,5.2671859899237134e-05,0.0,0.5081022887519243,7.980584833217748e-07,0.5081022887519243
linkt007__tu,float64,0.00585282025486783,-4.0,169.0,173.0,25.836245053350137,12.951439737406837,-4.0,-4.0,125,9.975731041522185e-05,0.5081022887519243,0.5081022887519243,7.980584833217748e-07,0.02244778901887488
linkt008__tu,float64,0.00585282025486783,-4.0,6.0,10.0,2.06203793929039,-2.0641487389478876,-4.0,-4.0,9,7.182526349895973e-06,0.7065937986067495,0.5081022887519243,5.586409383252424e-06,0.134477642790619
linkt010__tu,float64,0.00585282025486783,-4.0,12.0,16.0,2.40880791575989,-1.6817342768512762,-4.0,-4.0,14,1.1172818766504847e-05,0.5081022887519243,0.5081022887519243,7.980584833217748e-07,0.1984915098548252
linkt011__tu,float64,0.00585282025486783,-4.0,32.0,36.0,0.8345109090810762,-0.14486277783408524,0.0,0.0,14,1.1172818766504847e-05,0.042892451244612106,0.042892451244612106,7.980584833217748e-07,0.9317085394651891
rets115__tu,float64,0.005729845178345597,-6.0,59496.0,59502.0,320.05097101580117,27.31109898212251,-1.0,-2.0,3769,0.0030075103974158872,0.8398997443336876,0.042953376806181956,7.97959776443589e-07,0.0493761550467764
rets119__tu,float64,0.005729845178345597,-6.0,61838.0,61844.0,283.97191858306877,23.74950686085816,-1.0,-2.0,3539,0.0028239796488338615,0.8428912955355746,0.042953376806181956,7.97959776443589e-07,0.04991557585565227
rets118__tu,float64,0.005729845178345597,-6.0,77523.0,77529.0,303.72447982207734,26.227266923928898,-1.0,-2.0,3703,0.00295484505217061,0.8426144034931488,0.042953376806181956,7.97959776443589e-07,0.04953415108251223
rets117__tu,float64,0.005729845178345597,-6.0,180500.0,180506.0,373.2056932212388,26.18716705128328,-1.0,-2.0,3690,0.0029444715750768435,0.8412554779938652,0.042953376806181956,7.97959776443589e-07,0.04950462657078382
rets116__tu,float64,0.005729845178345597,-6.0,49797.0,49803.0,287.81336610910927,24.72612903328769,-1.0,-2.0,3581,0.002857493959444492,0.8406402510062273,0.042953376806181956,7.97959776443589e-07,0.04951819188698336
g409s__tu,float64,0.005729845178345597,-4.0,29.0,33.0,1.6524416530088617,-0.44141937893194677,0.0,-1.0,26,2.0746954187533315e-05,0.48520582574473586,0.10991816124532794,7.97959776443589e-07,0.26225746012594997
rets110__tu,float64,0.005729845178345597,-6.0,113342.0,113348.0,313.3271817513819,25.981475363789862,-1.0,-2.0,3706,0.002957238931499941,0.8335463885936437,0.042953376806181956,7.97959776443589e-07,0.050096712724904964
rets114__tu,float64,0.005729845178345597,-6.0,73657.0,73663.0,294.07600755067364,25.72667643369433,-1.0,-2.0,3627,0.0028942001091608973,0.8377037590289149,0.042953376806181956,2.393879329330767e-06,0.04988764726347674
rets113__tu,float64,0.005729845178345597,-6.0,84959.0,84965.0,322.9298623985066,25.595687346592232,-1.0,-2.0,3671,0.0029293103393244154,0.8369512829597285,0.042953376806181956,7.97959776443589e-07,0.05012783315618626
rets112__tu,float64,0.005729845178345597,-6.0,72570.0,72576.0,337.83721108196846,27.940137057571203,-1.0,-2.0,3875,0.0030920941337189076,0.8357439698179694,0.042953376806181956,2.393879329330767e-06,0.04982381048136125
rets120__tu,float64,0.005729845178345597,-6.0,82437.0,82443.0,312.34261084604435,25.00304022674825,-1.0,-2.0,3557,0.002838342924809846,0.8433628897634527,0.042953376806181956,1.595919552887178e-06,0.05008554128803475
rets121__tu,float64,0.005729845178345597,-6.0,85846.0,85852.0,336.83422802659265,26.697962649098784,-1.0,-2.0,3693,0.0029468654544061745,0.8443451782482548,0.042953376806181956,7.97959776443589e-07,0.05036323129023712
rets122__tu,float64,0.005729845178345597,-6.0,58910.0,58916.0,323.7556124434769,24.314322739619342,-1.0,-2.0,3548,0.002831161286821854,0.8447266030213949,0.042953376806181956,4.787758658661534e-06,0.0508204622421393
rets123__tu,float64,0.005729845178345597,-6.0,139976.0,139982.0,354.38804884648397,24.521056562580792,-1.0,-2.0,3591,0.002865473557208928,0.8452309136001073,0.042953376806181956,7.97959776443589e-07,0.05088429902425479
rets124__tu,float64,0.005729845178345597,-6.0,107650.0,107656.0,361.7417331703727,26.491690046888117,-1.0,-2.0,3703,0.00295484505217061,0.8460727611642552,0.042953376806181956,7.97959776443589e-07,0.05101676034714442
rets901__tu,float64,0.005729845178345597,-6.0,77052.0,77058.0,602.859549498793,94.60717158369481,-1.0,-1.0,6692,0.005339946823960498,0.7983810992055512,0.042953376806181956,1.595919552887178e-06,0.03949741301440477
rets902__tu,float64,0.005729845178345597,-6.0,143536.0,143542.0,952.8416089487687,185.42670101085545,-1.0,-1.0,9155,0.007305321753341058,0.7826628875291655,0.042953376806181956,7.97959776443589e-07,0.0371163010414971
rets903__tu,float64,0.005729845178345597,-6.0,180314.0,180320.0,1587.5624709385472,357.06551489152537,-1.0,-1.0,13022,0.010391032208848416,0.7533147249113467,0.042953376806181956,7.97959776443589e-07,0.035790091893047854
rets904__tu,float64,0.005729845178345597,-6.0,113342.0,113348.0,971.6031830232123,181.24739386337015,-1.0,-1.0,8979,0.0071648808326869855,0.7533147249113467,0.042953376806181956,7.97959776443589e-07,0.035790091893047854
rets905__tu,float64,0.005729845178345597,-9.0,12.0,21.0,4.260379097854064,-0.22010124513643517,-1.0,-1.0,16,1.2767356423097425e-05,0.7889811330390458,0.0356664081276991,0.024521303930111493,0.0
rtdex01__tu,float64,0.005729845178345597,-9.0,999.0,1008.0,109.10549392583249,21.746055684825038,-1.0,-1.0,1004,0.0008011516155493634,0.8509443055994433,0.09762958068809667,0.00650097829868592,0.015120539803829568
rtdex02__tu,float64,0.005729845178345597,-9.0,999.0,1008.0,100.36791135842869,15.919588795368004,-2.0,-1.0,1004,0.0008011516155493634,0.8977502322062949,0.0993691330007437,0.0060166167143846615,0.011149093996469826
rtdexq1__tu,float64,0.005729845178345597,-9.0,100.0,109.0,16.608732869721194,3.1968997666765615,-1.0,-2.0,105,8.378577652657684e-05,0.8346156546940782,0.02384942179834599,0.011054934742849482,0.01954123696532705
rtdexq2__tu,float64,0.005729845178345597,-9.0,100.0,109.0,17.30226573445034,3.53699900095436,-1.0,-2.0,105,8.378577652657684e-05,0.8354152103900746,0.02377600949891318,0.01170606992042745,0.019427926677072063
rtdexq3__tu,float64,0.005729845178345597,-9.0,100.0,109.0,16.89644158127666,3.3301566554633113,-1.0,-2.0,105,8.378577652657684e-05,0.836930536005541,0.024175787346911417,0.011343796181922062,0.020044749584262958
rtdexq4__tu,float64,0.005729845178345597,-9.0,100.0,109.0,18.628565067598927,4.22844471255893,-1.0,-1.0,105,8.378577652657684e-05,0.8334338762651652,0.02400502395475249,0.013196658782824075,0.01734445370077785
walsrts1__tu,float64,0.005729845178345597,-9.0,100.0,109.0,32.213644717008265,10.479114200811365,-1.0,-2.0,97,7.740209831502813e-05,0.859959655153703,0.04689769198114262,0.09098177779054513,0.0001236837653487563
rets111__tu,float64,0.005729845178345597,-6.0,50587.0,50593.0,292.57875703766774,26.39849792051682,-1.0,-2.0,3705,0.0029564409717234975,0.833895894975726,0.042953376806181956,7.97959776443589e-07,0.050111076000880946
rets106__tu,float64,0.005729845178345597,-6.0,66792.0,66798.0,319.69740134233325,29.5668985537777,-1.0,-2.0,3892,0.0031056594499184486,0.826675156958688,0.042953376806181956,1.595919552887178e-06,0.0485359034021813
rets109__tu,float64,0.005729845178345597,-6.0,63175.0,63181.0,303.98959663098685,28.750655922936236,-1.0,-2.0,3845,0.0030681553404256,0.8317110811078235,0.042953376806181956,7.97959776443589e-07,0.04951978780653625
rets108__tu,float64,0.005729845178345597,-6.0,90474.0,90480.0,311.2637121782548,27.512411466362803,-1.0,-2.0,3739,0.002983571604122579,0.8291408526678987,0.042953376806181956,7.97959776443589e-07,0.04985892071152477
reap02__tu,float64,0.005729845178345597,-4.0,1402059.0,1402063.0,1259.4186480612007,0.21720544910772138,-3.0,-3.0,1207,0.000963137450167412,0.997262200007022,0.04288714614473713,7.97959776443589e-07,0.0003000328759427895
g411s__tu,float64,0.005729845178345597,-4.0,69.0,73.0,2.370752520520852,0.6958624189671847,1.0,0.0,51,4.069594859862304e-05,0.10991816124532794,0.10991816124532794,7.97959776443589e-07,0.3754113482647567
g199b__tu,float64,0.005729845178345597,-5.0,1402840.0,1402845.0,2480.9258705106226,553.7426563761774,308.0,-5.0,9560,0.007628495462800711,0.2164641444754053,0.11426624406716906,7.97959776443589e-07,0.04451817592778783
g200b__tu,float64,0.005729845178345597,-5.0,100.0,105.0,45.851965020678975,71.74878630318003,100.0,100.0,103,8.218985697368967e-05,0.25195340553273393,0.20906625938799678,0.691126527693992,0.009034500588894314
g205b__tu,float64,0.005729845178345597,-5.0,289293.0,289298.0,1698.971480687331,346.5339053109011,92.0,-5.0,7937,0.006333406745632766,0.30201660394702823,0.15488878036635928,7.97959776443589e-07,0.05744991206483264
g206b__tu,float64,0.005729845178345597,-5.0,1401735.0,1401740.0,1740.8293344000776,194.0123915173684,-1.0,-1.0,4579,0.0036538578163351943,0.7121878780334441,0.07003932345778315,7.97959776443589e-07,0.0071680726717927605
g207b__tu,float64,0.005729845178345597,-5.0,5390463.0,5390468.0,5692.799084725379,679.8550226780169,350.0,-5.0,12956,0.01033836686360314,0.18773519864410676,0.1448480524993696,7.97959776443589e-07,0.04065525265002442
g412s__tu,float64,0.005729845178345597,-4.0,7.0,11.0,1.5922356600813727,-0.36911305174928744,0.0,0.0,10,7.97959776443589e-06,0.40462385772058,0.10991816124532794,4.7079626810171754e-05,0.32520451709070247
g413s__tu,float64,0.005729845178345597,-4.0,13.0,17.0,1.7861711433709093,-0.18130284488619497,0.0,-1.0,16,1.2767356423097425e-05,0.40462385772058,0.10991816124532794,7.1816379879923015e-06,0.23818460959019977
g208b__tu,float64,0.005729845178345597,-5.0,100.0,105.0,47.744186374595216,50.37183489254674,53.0,100.0,103,8.218985697368967e-05,0.25195340553273393,0.20906625938799678,0.42766015850673,0.10788017197629102
revs101__tu,float64,0.005729845178345597,-6.0,398671.0,398677.0,628.8591007479714,79.12733762316509,-1.0,-2.0,4832,0.003855741639775422,0.675503273231003,0.042953376806181956,1.595919552887178e-06,0.05511109196007648
hrap02__tu,float64,0.005729845178345597,-4.0,1401735.0,1401739.0,1258.770636300228,0.8097121280310502,-1.0,-1.0,673,0.0005370269295465355,0.9977385819935589,0.04288714614473713,7.97959776443589e-07,0.0002553471284619485
rets101__tu,float64,0.005729845178345597,-6.0,46990.0,46996.0,297.5941151136814,30.015011219314456,-1.0,-2.0,3920,0.003128002323658869,0.8130619631725604,0.042953376806181956,7.97959776443589e-07,0.04702137574649137
rets102__tu,float64,0.005729845178345597,-6.0,55234.0,55240.0,310.81089625880287,30.170182477441678,-1.0,-2.0,3940,0.0031439615191877408,0.8157534814985046,0.042953376806181956,7.97959776443589e-07,0.04721926977104938
rets103__tu,float64,0.005729845178345597,-6.0,57134.0,57140.0,324.9392444874079,31.54686018787165,-1.0,-2.0,4062,0.0032413126119138587,0.8188527572702116,0.042953376806181956,7.97959776443589e-07,0.04743072911180693
rets104__tu,float64,0.005729845178345597,-6.0,85854.0,85860.0,304.32032389006685,28.357265742948428,-1.0,-2.0,3854,0.003075336978413592,0.821244242720213,0.042953376806181956,7.97959776443589e-07,0.04789992946035576
g414s__tu,float64,0.005729845178345597,-4.0,20.0,24.0,2.1362720453082185,0.15672089601307376,0.0,-1.0,23,1.8353074858202548e-05,0.40462385772058,0.10991816124532794,7.97959776443589e-06,0.12126435130657934
us51a__tu,float64,0.005729845178345597,-5.0,999.0,1004.0,19.586703461329268,6.546174740423685,-1.0,-1.0,275,0.00021943893852198698,0.6960954232219062,0.011982164003076933,3.351431061063074e-05,0.0001236837653487563
g418s__tu,float64,0.005729845178345597,-4.0,999.0,1003.0,12.893605209089106,3.2946123351814083,0.0,-1.0,28,2.2342873740420493e-05,0.40462465568035644,0.10991816124532794,0.0001236837653487563,0.12247884608632648
g417s__tu,float64,0.005729845178345597,-4.0,999.0,1003.0,13.082753108507438,3.6864073935761046,0.0,-1.0,28,2.2342873740420493e-05,0.4555831649638205,0.10991816124532794,0.0001236837653487563,0.06125059448003345
g416s__tu,float64,0.005729845178345597,-4.0,999.0,1003.0,12.974565094659912,3.583676456037204,0.0,-1.0,28,2.2342873740420493e-05,0.40034200556018373,0.10991816124532794,0.0001236837653487563,0.10310438271427613
g415s__tu,float64,0.005729845178345597,-4.0,38.0,42.0,2.546450889445424,0.9859854324463212,1.0,0.0,39,3.112043128129997e-05,0.10991816124532794,0.10991816124532794,7.1816379879923015e-06,0.29482938024060085
rets105__tu,float64,0.005729845178345597,-6.0,57020.0,57026.0,289.2433952778306,28.556030341622538,-1.0,-2.0,3827,0.0030537920644496154,0.8236221628540149,0.042953376806181956,7.97959776443589e-07,0.04822390112959186
g410s__tu,float64,0.005729845178345597,-4.0,51.0,55.0,1.9835436504266375,-0.15697624314153572,0.0,-1.0,36,2.8726551951969206e-05,0.48520582574473586,0.10991816124532794,7.97959776443589e-07,0.1405143329535045
rets107__tu,float64,0.005729845178345597,-6.0,109992.0,109998.0,302.1068997761692,26.282520052729183,-1.0,-2.0,3675,0.0029325021784301895,0.8283564582076547,0.042953376806181956,7.97959776443589e-07,0.04959878582440416
walsrts2__tu,float64,0.005729845178345597,-9.0,100.0,109.0,31.366813984243496,10.786703755837076,-1.0,-2.0,105,8.378577652657684e-05,0.8322592794742403,0.019197316301679864,0.08734228325018592,0.00019470218545223573
agg205__tu,float64,0.005729845178345597,-6.0,7559783.0,7559789.0,23424.84596550663,12209.265106974488,1901.0,-2.0,86378,0.06892616956964433,0.39505711796079784,0.042953376806181956,1.595919552887178e-06,0.0001236837653487563
revs102__tu,float64,0.005729845178345597,-6.0,532468.0,532474.0,776.6543535471026,79.51433614534359,-1.0,-2.0,4836,0.0038589334788811966,0.6823776967050645,0.042953376806181956,1.595919552887178e-06,0.05346011318261469
rev232__tu,float64,0.005729845178345597,-6.0,442052.0,442058.0,1054.4361240100343,96.8067022237543,-1.0,-2.0,6736,0.005375057054124016,0.6890957200629431,0.04288714614473713,7.97959776443589e-07,0.12147740656688978
rvdexq2__tu,float64,0.005729845178345597,-9.0,100.0,109.0,21.412843322876128,8.133449995052649,-1.0,-2.0,105,8.378577652657684e-05,0.703454208280269,0.01810251548839926,0.016295136594754532,0.017147357635996285
rvdexq3__tu,float64,0.005729845178345597,-9.0,100.0,109.0,20.719018883276075,7.658434913612875,-1.0,-2.0,105,8.378577652657684e-05,0.7044692131159053,0.01811129304594014,0.015591336071931286,0.017511227294054563
rvdexq4__tu,float64,0.005729845178345597,-9.0,100.0,109.0,21.039310176424014,7.895523126470241,-1.0,-2.0,105,8.378577652657684e-05,0.7060252346799702,0.018195876782243162,0.015449299231724327,0.015984730241717975
walsrvs1__tu,float64,0.005729845178345597,-9.0,100.0,109.0,39.76778726620762,20.59155311699048,-1.0,-2.0,98,7.820005809147173e-05,0.7304906814257307,0.05498740819472772,0.14477065040105458,0.0001236837653487563
walsrvs2__tu,float64,0.005729845178345597,-9.0,100.0,109.0,36.57018673770484,18.671503898831467,-1.0,-2.0,105,8.378577652657684e-05,0.692209359110626,0.01670608587962298,0.12363030204373458,0.00022342873740420493
rvlr61__tu,float64,0.005729845178345597,-6.0,1.0,7.0,1.3928857089473283,-0.3936838291855384,0.0,0.0,4,3.191839105774356e-06,0.3853323821652798,0.042953376806181956,0.20641543701065115,0.408252180824069
rvlr62__tu,float64,0.005729845178345597,-6.0,1.0,7.0,1.376189412389403,-0.4191866236406755,0.0,0.0,4,3.191839105774356e-06,0.3853323821652798,0.042953376806181956,0.18091264255551406,0.43375497527920615
rvlr63__tu,float64,0.005729845178345597,-6.0,1.0,7.0,1.36037835689704,-0.4424287980491479,0.0,0.0,4,3.191839105774356e-06,0.3853323821652798,0.042953376806181956,0.15767046814704164,0.4569971496876785
rvlr64__tu,float64,0.005729845178345597,-6.0,1.0,7.0,1.3437948279321072,-0.46592791550563517,0.0,0.0,4,3.191839105774356e-06,0.3853323821652798,0.042953376806181956,0.1341713506905544,0.4804962671441658
rvlr65__tu,float64,0.005729845178345597,-6.0,1.0,7.0,1.3252647902803567,-0.49119850366582724,0.0,0.0,4,3.191839105774356e-06,0.3853323821652798,0.042953376806181956,0.10890076253036236,0.5057668553043578
rvlr66__tu,float64,0.005729845178345597,-6.0,1.0,7.0,1.3019239144547774,-0.5216630120108906,0.0,0.0,4,3.191839105774356e-06,0.3853323821652798,0.042953376806181956,0.07843625418529902,0.5362313636494211
rev231__tu,float64,0.005729845178345597,-6.0,395691.0,395697.0,659.8491103238981,35.42964548243052,-2.0,-2.0,4011,0.0032006166633152355,0.736893510671914,0.04288714614473713,1.595919552887178e-06,0.11907075988113591
rev233__tu,float64,0.005729845178345597,-6.0,663288.0,663294.0,1723.6521206675268,183.24810245165162,-1.0,-2.0,9668,0.007714675118656619,0.6594962001155446,0.04288714614473713,7.97959776443589e-07,0.13294967427281926
revs103__tu,float64,0.005729845178345597,-6.0,426324.0,426330.0,673.3673803410838,78.75042850439995,-1.0,-2.0,4912,0.003919578421890909,0.6885507135356321,0.042953376806181956,1.595919552887178e-06,0.054584438507623706
rev234__tu,float64,0.005729845178345597,-6.0,680770.0,680776.0,2681.3843036638855,344.01929706127373,-1.0,-2.0,14018,0.01118580014618623,0.6184363818588633,0.04288714614473713,1.595919552887178e-06,0.1565836469315255
rev235__tu,float64,0.005729845178345597,-6.0,1311590.0,1311596.0,4851.489981910817,655.881703261102,-1.0,-2.0,20443,0.01631269170983629,0.5579119307753935,0.04288714614473713,7.97959776443589e-07,0.1904378884069212
rev252__tu,float64,0.005729845178345597,-6.0,442052.0,442058.0,592.0441205687374,39.33589638013527,-1.0,-2.0,3875,0.0030920941337189076,0.6890957200629431,0.04288714614473713,7.97959776443589e-07,0.12203119065174163
rev253__tu,float64,0.005729845178345597,-6.0,165822.0,165828.0,393.3661605558154,40.425492101794134,-1.0,-2.0,3770,0.0030083083571923307,0.6594962001155446,0.04288714614473713,7.97959776443589e-07,0.13355771962246926
rev254__tu,float64,0.005729845178345597,-6.0,92327.0,92333.0,344.9744362394511,42.31161845393697,-1.0,-2.0,3695,0.0029484613739590615,0.6184363818588633,0.04288714614473713,7.97959776443589e-07,0.1573456985180291
rev255__tu,float64,0.005729845178345597,-6.0,97891.0,97897.0,350.35430293689825,46.287097150006865,-1.0,-2.0,3717,0.0029660164890408206,0.5579119307753935,0.04288714614473713,1.595919552887178e-06,0.1912821298503985
agg210__tu,float64,0.005729845178345597,-6.0,2017455.0,2017461.0,20928.24400547744,11771.11454233815,1350.0,-2.0,84981,0.06781141976195264,0.4179521798665173,0.042953376806181956,7.97959776443589e-07,0.0001236837653487563
agg209__tu,float64,0.005729845178345597,-6.0,2036098.0,2036104.0,21028.53521653404,11905.582935151406,1500.0,-2.0,85382,0.06813140163230652,0.4119993999342481,0.042953376806181956,7.97959776443589e-07,0.0001236837653487563
agg208__tu,float64,0.005729845178345597,-6.0,1979446.0,1979452.0,21139.1236380599,11934.406340269199,1525.0,-2.0,85610,0.06831333646133565,0.40970287169764347,0.042953376806181956,7.97959776443589e-07,0.0001236837653487563
agg207__tu,float64,0.005729845178345597,-6.0,202098040.0,202098046.0,181761.1631145179,12230.410167284288,1740.0,-2.0,85744,0.06842026307137909,0.40392644087596835,0.042953376806181956,7.97959776443589e-07,0.0001236837653487563
agg206__tu,float64,0.005729845178345597,-6.0,7559783.0,7559789.0,23392.702529782848,12244.512325286707,1923.5,-2.0,86458,0.06899000635175982,0.3976576688722275,0.042953376806181956,1.595919552887178e-06,0.0001236837653487563
g407s__tu,float64,0.005729845178345597,-4.0,53.0,57.0,2.4310832863476324,0.7310013756826546,1.0,0.0,44,3.511023016351792e-05,0.10991816124532794,0.10991816124532794,7.97959776443589e-07,0.38113910354006875
rvdexq1__tu,float64,0.005729845178345597,-9.0,100.0,109.0,20.027760363032915,7.063387530761349,-1.0,-2.0,105,8.378577652657684e-05,0.7056222649928663,0.018088152212423277,0.01520751741946192,0.019084006013424876
rvdex02__tu,float64,0.005729845178345597,-9.0,999.0,1008.0,137.94901474244384,34.57427170211204,-2.0,-2.0,1004,0.0008011516155493634,0.7993458325752716,0.14274223664933497,0.010782032499305774,0.011440349314871735
rvdex01__tu,float64,0.005729845178345597,-9.0,999.0,1008.0,144.05951779474083,43.282882326467686,-2.0,-2.0,1004,0.0008011516155493634,0.7369948515635224,0.13937005863408436,0.010869010114938127,0.011675747448922595
revs905__tu,float64,0.005729845178345597,-9.0,12.0,21.0,5.008467453386352,1.0199434086926547,-1.0,-2.0,16,1.2767356423097425e-05,0.6261718039317075,0.028547011002269397,0.04295656864528773,0.0
revs104__tu,float64,0.005729845178345597,-6.0,251603.0,251609.0,510.65114680544707,75.89476107488373,-1.0,-2.0,4934,0.003937133536972668,0.6940773829472804,0.042953376806181956,1.595919552887178e-06,0.054548530317683745
revs105__tu,float64,0.005729845178345597,-6.0,76558.0,76564.0,403.24471689072516,76.61215244861937,-1.0,-2.0,5015,0.004001768278864599,0.7000245771611144,0.042953376806181956,7.97959776443589e-07,0.05287281478715221
revs106__tu,float64,0.005729845178345597,-6.0,91541.0,91547.0,419.9629536707822,75.6474214727784,-1.0,-2.0,4974,0.0039690519280304115,0.7051442870867766,0.042953376806181956,1.595919552887178e-06,0.05424291172330585
revs107__tu,float64,0.005729845178345597,-6.0,202020408.0,202020414.0,180462.40866478754,233.81277868745192,-1.0,-2.0,4955,0.003953890692277984,0.7090088062840928,0.042953376806181956,7.97959776443589e-07,0.054577256869635715
revs108__tu,float64,0.005729845178345597,-6.0,181172.0,181178.0,445.02503573321957,74.59952872495603,-1.0,-2.0,4979,0.00397304172691263,0.7127017641294737,0.042953376806181956,7.97959776443589e-07,0.05263422481399558
revs109__tu,float64,0.005729845178345597,-6.0,73830.0,73836.0,415.3015903878219,74.93716226352463,-1.0,-2.0,5082,0.00405523158388632,0.716758591632913,0.042953376806181956,7.97959776443589e-07,0.05356225203399947
revs110__tu,float64,0.005729845178345597,-6.0,83152.0,83158.0,417.00451047084255,71.56506643813098,-1.0,-2.0,5033,0.004016131554840583,0.7200374083543197,0.042953376806181956,1.595919552887178e-06,0.053693915397112664
revs111__tu,float64,0.005729845178345597,-6.0,99883.0,99889.0,446.1340083999317,72.77651460745167,-1.0,-2.0,5025,0.004009747876629035,0.7232970740410918,0.042953376806181956,1.595919552887178e-06,0.051995856992840706
revs112__tu,float64,0.005729845178345597,-6.0,143159.0,143165.0,426.1190458845278,73.19865208634563,-1.0,-2.0,5119,0.004084756095614732,0.7263157558753779,0.042953376806181956,7.97959776443589e-07,0.051829083399564
revs113__tu,float64,0.005729845178345597,-6.0,62304.0,62310.0,405.73314366298007,70.83306521884845,-1.0,-2.0,5081,0.004054433624109876,0.7289474272180888,0.042953376806181956,7.97959776443589e-07,0.05161762405880645
revs114__tu,float64,0.005729845178345597,-6.0,79056.0,79062.0,414.5319735490739,71.231992441725,-1.0,-2.0,5023,0.004008151957076148,0.7317402864356414,0.042953376806181956,7.97959776443589e-07,0.05009591476512852
revs115__tu,float64,0.005729845178345597,-6.0,230300.0,230306.0,452.9380755747428,70.83687467882119,-1.0,-2.0,5058,0.004036080549251674,0.7344341986409149,0.042953376806181956,7.97959776443589e-07,0.05063134577512217
revs116__tu,float64,0.005729845178345597,-6.0,115462.0,115468.0,426.1759650838656,68.95331296939983,-2.0,-2.0,4993,0.00398421316378284,0.7362335979367952,0.042953376806181956,7.97959776443589e-07,0.05060900290138175
revs117__tu,float64,0.005729845178345597,-6.0,121588.0,121594.0,437.43515152633057,69.7992772080345,-2.0,-2.0,5035,0.004017727474393471,0.7389267121822923,0.042953376806181956,7.97959776443589e-07,0.049005901710506575
revs118__tu,float64,0.005729845178345597,-6.0,93292.0,93298.0,412.2087762294275,69.25290138174715,-2.0,-2.0,5023,0.004008151957076148,0.7415839182378494,0.042953376806181956,7.97959776443589e-07,0.049223744729475674
revs119__tu,float64,0.005729845178345597,-6.0,113644.0,113650.0,413.38011906938,67.17348603091615,-2.0,-2.0,4920,0.003925962100102458,0.7428678355181472,0.042953376806181956,7.97959776443589e-07,0.04957644295066374
revs120__tu,float64,0.005729845178345597,-6.0,126275.0,126281.0,413.70586023624935,68.5591040826814,-2.0,-2.0,4989,0.003981021324677066,0.745324753669817,0.042953376806181956,7.97959776443589e-07,0.047986907075988114
revs121__tu,float64,0.005729845178345597,-6.0,96777.0,96783.0,427.5838159687589,69.54982381048136,-2.0,-2.0,5080,0.004053635664333432,0.747956425012528,0.042953376806181956,7.97959776443589e-07,0.048236668486014954
revs122__tu,float64,0.005729845178345597,-6.0,90612.0,90618.0,407.51617133466937,66.51984126984127,-2.0,-2.0,5024,0.004008949916852592,0.7491908687866862,0.042953376806181956,7.97959776443589e-07,0.0488287546401361
revs123__tu,float64,0.005729845178345597,-6.0,112990.0,112996.0,421.8508592403218,67.06748505421339,-2.0,-2.0,5007,0.00399538460065305,0.7515161235752428,0.042953376806181956,7.97959776443589e-07,0.04760308842351875
revs124__tu,float64,0.005729845178345597,-6.0,62663.0,62669.0,407.57401853252844,68.02488437562839,-2.0,-2.0,5051,0.004030494830816568,0.7536450802587943,0.042953376806181956,7.97959776443589e-07,0.04746663730174689
revs901__tu,float64,0.005729845178345597,-6.0,1357463.0,1357469.0,1957.6164772193792,240.04573825642598,-1.0,-2.0,8977,0.0071632849131340985,0.6566035959259365,0.042953376806181956,1.595919552887178e-06,0.03265171609229522
revs902__tu,float64,0.005729845178345597,-6.0,1609763.0,1609769.0,2686.582295497013,472.25019789402455,-1.0,-2.0,13724,0.010951199971911817,0.6362723787819303,0.042953376806181956,1.595919552887178e-06,0.02950855253288392
revs903__tu,float64,0.005729845178345597,-6.0,202024978.0,202024984.0,180508.08513904,1081.4553740995025,-1.0,-2.0,20897,0.01667496544834168,0.597624792929438,0.042953376806181956,7.97959776443589e-07,0.028670694767618153
revs904__tu,float64,0.005729845178345597,-6.0,202020408.0,202020414.0,180465.9761496612,461.7071535498039,-1.0,-2.0,9488,0.007571042358896773,0.597624792929438,0.042953376806181956,7.97959776443589e-07,0.028670694767618153
g408s__tu,float64,0.005729845178345597,-4.0,16.0,20.0,1.475959213034942,-0.5905676366665709,0.0,-1.0,19,1.5161235752428192e-05,0.48520582574473586,0.10991816124532794,7.97959776443589e-07,0.3456131363330237
agg212__tu,float64,0.005729845178345597,-6.0,2054666.0,2054672.0,20752.254950783117,11584.024242018007,1200.0,-2.0,84401,0.06734860309161536,0.42477074615622773,0.042953376806181956,7.97959776443589e-07,0.0001236837653487563
g406s__tu,float64,0.005729845178345597,-4.0,47.0,51.0,2.0235071791702754,-0.1318684387757382,0.0,-1.0,36,2.8726551951969206e-05,0.4909335810200479,0.10991816124532794,7.97959776443589e-07,0.13079677879597446
us03s__tu,float64,0.005729845178345597,-4.0,10.0,14.0,1.2676789333820873,-1.3631427167019365,-1.0,-1.0,15,1.1969396646653836e-05,0.9030215544894813,0.04288714614473713,3.191839105774356e-06,0.013260495564939563
g242s__tu,float64,0.005729845178345597,-4.0,238.0,242.0,4.018489608416892,1.3763649101976068,1.0,0.0,91,7.26143396563666e-05,0.10991816124532794,0.10991816124532794,7.97959776443589e-07,0.3806571358350968
g242f__tu,float64,0.005729845178345597,-4.0,154.0,158.0,2.7657863156189153,0.07864053188806859,0.0,0.0,61,4.867554636305893e-05,0.4076361558766546,0.10991816124532794,7.97959776443589e-07,0.34608951831956053
g243f__tu,float64,0.005729845178345597,-4.0,247.0,251.0,3.424474419561175,0.49495928809220585,0.0,-1.0,79,6.303882233904353e-05,0.4076361558766546,0.10991816124532794,7.97959776443589e-07,0.25580755125295646
g244f__tu,float64,0.005729845178345597,-4.0,359.0,363.0,4.517688421281671,1.2421345104835955,0.0,-1.0,102,8.139189719724608e-05,0.4076361558766546,0.10991816124532794,7.97959776443589e-07,0.13178385503943518
g242b__tu,float64,0.005729845178345597,-4.0,22.0,26.0,1.542244021069589,-0.5175016517767372,0.0,0.0,23,1.8353074858202548e-05,0.4555831649638205,0.10991816124532794,7.97959776443589e-07,0.3576240268880526
g243b__tu,float64,0.005729845178345597,-4.0,33.0,37.0,1.752270872407646,-0.34270457294788687,0.0,-1.0,30,2.393879329330767e-05,0.4555831649638205,0.10991816124532794,1.595919552887178e-06,0.2692619510435718
g244b__tu,float64,0.005729845178345597,-4.0,63.0,67.0,2.147738979150198,-0.008320326588977302,0.0,-1.0,41,3.271635083418715e-05,0.4555831649638205,0.10991816124532794,1.595919552887178e-06,0.14249327319908459
st102s__tu,float64,0.005729845178345597,-4.0,48.0,52.0,2.6036328282992054,-0.01305302602306423,-1.0,-1.0,47,3.7504109492848685e-05,0.5962618776312724,0.04288714614473713,7.97959776443589e-07,0.20791001567193002
st103s__tu,float64,0.005729845178345597,-4.0,55.0,59.0,2.838579425008305,-0.0226468964152455,-1.0,-1.0,53,4.229186815151022e-05,0.5962618776312724,0.04288714614473713,7.97959776443589e-07,0.2605027465775505
at01a__tu,float64,0.005729845178345597,-4.0,39.0,43.0,1.1585619260444635,0.08315379238363353,0.0,0.0,30,2.393879329330767e-05,0.04288714614473713,0.04288714614473713,7.97959776443589e-07,0.8034186192742396
us01s__tu,float64,0.005729845178345597,-4.0,422.0,426.0,4.43125273223838,1.140444910452954,0.0,0.0,176,0.00014044092065407167,0.04288714614473713,0.04288714614473713,7.97959776443589e-07,0.6413497968394409
us02s__tu,float64,0.005729845178345597,-4.0,11.0,15.0,1.0297741750543918,-0.6873801065435894,-1.0,-1.0,14,1.1171436870210247e-05,0.6841132592188293,0.04288714614473713,1.595919552887178e-06,0.2188628115633947
us06s__tu,float64,0.005729845178345597,-5.0,19.0,24.0,0.998168770148679,-0.7240128439605616,-1.0,-1.0,23,1.8353074858202548e-05,0.6842082164322261,9.495721339678709e-05,7.97959776443589e-07,0.2549042607860223
g405s__tu,float64,0.005729845178345597,-4.0,28.0,32.0,1.681308047536287,-0.4190629398753268,0.0,-1.0,25,1.9948994411089726e-05,0.4909335810200479,0.10991816124532794,1.595919552887178e-06,0.24426426512692348
us09s__tu,float64,0.005729845178345597,-5.0,83.0,88.0,1.7527355595771992,-0.46313346036852976,-1.0,-1.0,64,5.10694256923897e-05,0.6842082164322261,9.495721339678709e-05,7.97959776443589e-07,0.17753727270115768
us12s__tu,float64,0.005729845178345597,-4.0,11.0,15.0,1.2998552325974335,-1.3448119847174744,-1.0,-1.0,15,1.1969396646653836e-05,0.9028523870168752,0.04288714614473713,7.97959776443589e-07,0.0007540719887391917
us20s__tu,float64,0.005729845178345597,-5.0,535.0,540.0,40.68301342910167,20.976346078346882,-1.0,-1.0,383,0.00030561859437789457,0.6842082164322261,9.495721339678709e-05,7.97959776443589e-07,0.00021784301896909982
us21s__tu,float64,0.005729845178345597,-5.0,999.0,1004.0,32.28139965415352,13.025577802674123,-1.0,-1.0,357,0.0002848716401903613,0.6842082164322261,9.495721339678709e-05,0.0001236837653487563,0.00045483707257284577
us24s__tu,float64,0.005729845178345597,-6.0,7.0,13.0,1.4382215042060607,-1.6698249914618304,-1.0,-1.0,14,1.1171436870210247e-05,0.9446367527505674,0.04156412883539366,1.595919552887178e-06,0.012263045844385076
us25s__tu,float64,0.005729845178345597,-6.0,5.0,11.0,1.5224675974471615,-1.843097169157897,-1.0,-1.0,12,9.575517317323069e-06,0.9694493119990808,0.06635274929061376,7.97959776443589e-07,0.007892620148803538
us27s__tu,float64,0.005729845178345597,-6.0,5.0,11.0,1.5755069404609638,-1.9699233001062881,-1.0,-1.0,12,9.575517317323069e-06,0.9880098563991586,0.08487578958119879,7.97959776443589e-07,0.003412076004072787
us28s__tu,float64,0.005729845178345597,-5.0,326383.0,326388.0,2298.8883513661435,420.47727171168754,-1.0,-1.0,16047,0.012804860532590273,0.9035138956715469,3.112043128129997e-05,7.97959776443589e-07,0.0001236837653487563
us29s__tu,float64,0.005729845178345597,-4.0,11.0,15.0,1.2995201321125054,-1.3460727611642553,-1.0,-1.0,16,1.2767356423097425e-05,0.9034827752402657,0.04288714614473713,7.97959776443589e-07,0.0001236837653487563
us30s__tu,float64,0.005729845178345597,-5.0,100.0,105.0,27.401207863613685,6.559915607774044,-1.0,-1.0,24,1.9151034634646137e-05,0.9035138956715469,3.112043128129997e-05,0.07744199630385032,0.013790340856498105
us31s__tu,float64,0.005729845178345597,-5.0,100.0,105.0,23.768319537104034,4.5724994334485585,-1.0,-1.0,28,2.2342873740420493e-05,0.9035138956715469,3.112043128129997e-05,0.055642533171187905,0.03169735619966869
us32s__tu,float64,0.005729845178345597,-4.0,260584.0,260588.0,1610.8132400643806,288.74517154539274,-1.0,-1.0,13936,0.011120367444517857,0.9034827752402657,0.04288714614473713,7.97959776443589e-07,0.0001236837653487563
s204a__tu,float64,0.005729845178345597,-5.0,474567.0,474572.0,4743.0588800098685,1580.4115988241265,325.0,-4.0,24500,0.01955001452286793,0.36007216748218157,1.5161235752428192e-05,7.97959776443589e-07,0.04335794241283886
s204s__tu,float64,0.005729845178345597,-5.0,474567.0,474572.0,6058.778700889046,2468.5172455066886,837.0,-4.0,30588,0.0244079936418565,0.22572845747991535,7.1816379879923015e-06,7.97959776443589e-07,0.04955090823781755
s209a__tu,float64,0.005729845178345597,-5.0,999.0,1004.0,19.247517395067586,10.343366879562335,5.0,-4.0,100,7.97959776443589e-05,0.28846964082234544,0.0004947350613950252,0.0001236837653487563,0.00022342873740420493
s209s__tu,float64,0.005729845178345597,-5.0,999.0,1004.0,17.991930274255,9.991101950532878,5.0,-4.0,92,7.341229943281019e-05,0.16306228235647097,0.00022422669718064853,0.0001236837653487563,0.0011458702389729937
st32s__tu,float64,0.005729845178345597,-4.0,709123.0,709127.0,15099.792626267885,4626.772160140951,-1.0,-1.0,60654,0.04839945228040945,0.7230951902176516,0.04288714614473713,7.97959776443589e-07,0.0001292694837838614
st33s__tu,float64,0.005729845178345597,-4.0,818595.0,818599.0,23850.81576097905,8730.128244105472,-1.0,-1.0,88526,0.07064018716944516,0.7230951902176516,0.04288714614473713,7.97959776443589e-07,0.0001292694837838614
st34s__tu,float64,0.005729845178345597,-5.0,939.0,944.0,50.97284004248566,28.9919445960568,-1.0,-1.0,462,0.00036865741671693813,0.7230999779763102,4.787758658661534e-06,7.97959776443589e-07,0.00015081439774783834
st35s__tu,float64,0.005729845178345597,-4.0,709123.0,709127.0,12139.112802786403,3321.503191839106,-1.0,-1.0,50184,0.04004481342104507,0.7230951902176516,0.04288714614473713,7.97959776443589e-07,0.0001292694837838614
st36s__tu,float64,0.005729845178345597,-4.0,999.0,1003.0,314.388730365872,116.33561470033419,-1.0,-1.0,122,9.735109272611786e-05,0.5962618776312724,0.04288714614473713,0.11240779574783194,0.01866667305034488
agg203__tu,float64,0.005729845178345597,-6.0,1271314.0,1271320.0,21692.85048208514,12598.440231216824,2398.0,-2.0,87515,0.06983344983546069,0.37967245347096545,0.042953376806181956,7.97959776443589e-07,0.0001236837653487563
st45s__tu,float64,0.005729845178345597,-5.0,999.0,1004.0,40.354581345949626,14.861026527374808,-1.0,-1.0,449,0.00035828393962317146,0.8040521993367359,3.989798882217945e-06,2.473675306975126e-05,0.00013325928266607936
st50s__tu,float64,0.005729845178345597,-4.0,999.0,1003.0,39.770801459578124,10.979100635495167,-1.0,-1.0,820,0.000654327016683743,0.5962618776312724,0.04288714614473713,7.421025920925377e-05,0.13467246943016095
st57s__tu,float64,0.005729845178345597,-5.0,509041.0,509046.0,682.4305743385312,59.68209601690398,-1.0,-1.0,6188,0.004937775096632929,0.7231678045573079,7.26143396563666e-05,7.97959776443589e-07,0.23213926632386314
st60s__tu,float64,0.005729845178345597,0.0,1.0,1.0,0.1405653595737841,0.02016524151050594,0.0,0.0,2,1.595919552887178e-06,0.0,0.9798347584894941,0.02016524151050594,0.9798347584894941
st99s__tu,float64,0.005729845178345597,-5.0,655107.0,655112.0,16249.458899605117,4378.842501891165,-1.0,-1.0,64073,0.05112767675607008,0.7094740168337594,0.11321213920248709,7.97959776443589e-07,0.1115850992183186
st101s__tu,float64,0.005729845178345597,-5.0,818595.0,818600.0,25280.44756042203,9623.738340211747,-1.0,-1.0,92420,0.0737474425389165,0.6651968247584575,1.9948994411089726e-05,7.97959776443589e-07,0.03282487336378348
atap01__tu,float64,0.005729845178345597,-4.0,1402059.0,1402063.0,3541.147782908873,564.6757442570835,172.0,-3.0,12117,0.009668878611166968,0.18595415242308466,0.04288714614473713,7.97959776443589e-07,0.09270297702833395
hiap01__tu,float64,0.005729845178345597,-4.0,103119.0,103123.0,184.48109205098635,1.5901455159448323,-1.0,-1.0,1049,0.0008370598054893249,0.9933912971314942,0.04288714614473713,7.97959776443589e-07,0.00019151034634646137
hrap01__tu,float64,0.005729845178345597,-4.0,1401735.0,1401739.0,1268.368315570326,2.5626470240888097,-1.0,-1.0,1208,0.0009639354099438555,0.9932700072454748,0.04288714614473713,7.97959776443589e-07,0.0024952202209391028
inap01__tu,float64,0.005729845178345597,-4.0,103119.0,103123.0,435.8999425798071,244.37480809067375,64.0,-3.0,3262,0.0026029447907589876,0.40150702683379136,0.04288714614473713,7.97959776443589e-07,0.06754011343796182
mtap01__tu,float64,0.005729845178345597,-4.0,195924.0,195928.0,534.1500155813746,80.77680346889073,-1.0,-1.0,3626,0.002893402149384454,0.9212070577946306,0.04288714614473713,7.97959776443589e-07,0.0004380799172675304
reap01__tu,float64,0.005729845178345597,-4.0,1402059.0,1402063.0,1296.2568049583674,60.62563717088149,0.0,-1.0,2884,0.002301315995263311,0.4017855147957702,0.04288714614473713,7.97959776443589e-07,0.1358079661920402
s063s__tu,float64,0.005729845178345597,-5.0,8057079.0,8057084.0,13662.473507587043,393.09711569459205,-4.0,-4.0,13867,0.011065308219943249,0.9287788981133039,0.10551821103801799,7.97959776443589e-07,0.0003343451463298638
s063a__tu,float64,0.005729845178345597,-5.0,11743515.0,11743520.0,34290.69040030282,2913.488057733986,-4.0,-4.0,37827,0.03018442446353164,0.6709493167868394,0.16290987203917026,7.97959776443589e-07,0.0012121009004178117
s208s__tu,float64,0.005729845178345597,-4.0,109.0,113.0,2.340059615297828,-1.8381282736299829,-4.0,-4.0,66,5.266534524527688e-05,0.5080394447476692,0.5080394447476692,7.97959776443589e-07,0.3825275535510806
s207s__tu,float64,0.005729845178345597,-4.0,999.0,1003.0,26.09673619594443,7.164895993922738,-4.0,-4.0,122,9.735109272611786e-05,0.7065064044251658,0.5080394447476692,0.0001236837653487563,0.02136617097405354
s207a__tu,float64,0.005729845178345597,-4.0,999.0,1003.0,91.53931617586946,11.066158845064939,-1.0,-1.0,87,6.942250055059224e-05,0.7749370409736386,0.04288714614473713,0.00837059805489325,0.034235666248535745
g106s__tu,float64,0.005729845178345597,0.0,999.0,999.0,112.25037603655757,217.3682799817427,216.0,243.0,803,0.000640761700484202,0.0,0.0012671601249924194,7.97959776443589e-07,0.0012671601249924194
g099a__tu,float64,0.005729845178345597,-4.0,64.0,68.0,2.7488808176208908,-0.13428226709948005,-1.0,-1.0,54,4.308982792795381e-05,0.7749370409736386,0.04288714614473713,7.97959776443589e-07,0.032275079077813844
us33s__tu,float64,0.005729845178345597,-4.0,260584.0,260588.0,1869.0845171738797,328.4977808738617,-1.0,-1.0,15365,0.012260651965055746,0.9034827752402657,0.04288714614473713,7.97959776443589e-07,0.0001236837653487563
us34s__tu,float64,0.005729845178345597,-5.0,999.0,1004.0,25.32352633970283,6.081746191337987,-1.0,-1.0,283,0.0002258226167335357,0.9035138956715469,3.112043128129997e-05,1.1171436870210247e-05,0.0001739552312647024
us35s__tu,float64,0.005729845178345597,-4.0,260584.0,260588.0,1456.2444750518262,260.2843561581748,-1.0,-1.0,13103,0.010455666950740346,0.9034827752402657,0.04288714614473713,7.97959776443589e-07,0.0001236837653487563
jt20s__tu,float64,0.005729845178345597,-5.0,856.0,861.0,67.30660840956172,50.15699459621639,8.0,-1.0,610,0.00048675546363058933,0.48342318360416087,4.947350613950252e-05,7.97959776443589e-07,0.0002968410368370151
jt28s__tu,float64,0.005729845178345597,-5.0,26519545.0,26519550.0,52751.37498893085,10436.41772396337,-1.0,-1.0,70859,0.05654263179901627,0.7742412200485798,0.0005290473317820996,7.97959776443589e-07,0.0001236837653487563
jt33s__tu,float64,0.005729845178345597,-4.0,3217203.0,3217207.0,41119.3437518751,10939.827095681761,-1.0,-1.0,79717,0.06361095949875359,0.642148554575661,0.04288714614473713,7.97959776443589e-07,0.06398919243278785
jt34s__tu,float64,0.005729845178345597,-5.0,999.0,1004.0,35.4515665000755,15.934756414798644,-1.0,-1.0,286,0.00022821649606286646,0.7742460078072384,0.0005338350904407611,7.1816379879923015e-06,0.0028255755683867486
jt40s__tu,float64,0.005729845178345597,-4.0,23.0,27.0,1.208651140692506,-0.41643765221082735,0.0,-1.0,23,1.8353074858202548e-05,0.4833737100980214,0.04288714614473713,7.97959776443589e-07,0.3981915039626682
jt41s__tu,float64,0.005729845178345597,-4.0,92.0,96.0,3.1404278190133046,0.8597074998643468,0.0,-1.0,71,5.665514412749482e-05,0.4833737100980214,0.04288714614473713,7.97959776443589e-07,0.02998573247919719
jt42s__tu,float64,0.005729845178345597,-4.0,100.0,104.0,27.926972874589403,11.330622663972754,-1.0,-1.0,86,6.862454077414866e-05,0.5799619532778592,0.04288714614473713,0.06613809811075043,0.1883216990797928
jt44s__tu,float64,0.005729845178345597,-4.0,2090950.0,2090954.0,6884.273526531631,1014.5500815514891,0.0,-1.0,24296,0.01938723072847344,0.4833737100980214,0.04288714614473713,1.595919552887178e-06,0.38205037360476735
jt51s__tu,float64,0.005729845178345597,-4.0,999.0,1003.0,374.6182183903306,175.68821557042952,0.0,-1.0,183,0.0001460266390891768,0.4833737100980214,0.04288714614473713,0.1713115905253448,0.0620094542274313
jt53s__tu,float64,0.005729845178345597,-5.0,15.0,20.0,1.9907770679384733,-2.566313649261568,-2.0,-1.0,17,1.3565316199541014e-05,0.9526163505150033,0.37306933632089473,7.97959776443589e-07,0.007524760691863044
jt70s__tu,float64,0.005729845178345597,-5.0,100.0,105.0,28.356059185908336,8.445883165921373,-1.0,-1.0,104,8.298781675013326e-05,0.6572108433158101,0.17383713321778876,0.04960277562328638,0.20858429168302484
jt75s__tu,float64,0.005729845178345597,-4.0,18.0,22.0,1.311442544612531,-0.2768178321667161,0.0,-1.0,20,1.595919552887178e-05,0.4833737100980214,0.04288714614473713,7.97959776443589e-07,0.28878084513515845
jt80s__tu,float64,0.005729845178345597,-5.0,18.0,23.0,1.7611882152502898,-2.260724579395402,-1.0,-1.0,20,1.595919552887178e-05,0.9251106770209927,0.1889385219869837,7.97959776443589e-07,0.03092413317629485
au200s__tu,float64,0.005729845178345597,-4.0,16.0,20.0,1.5607093960509069,0.4220672584336369,1.0,1.0,17,1.3565316199541014e-05,0.2801381427964979,0.04288714614473713,7.97959776443589e-07,0.19219978359330864
au201s__tu,float64,0.005729845178345597,-4.0,8.0,12.0,1.2626083026832542,0.04232458450234441,0.0,0.0,11,8.77755754087948e-06,0.2801381427964979,0.04288714614473713,7.97959776443589e-07,0.36302142681591704
au202s__tu,float64,0.005729845178345597,-4.0,15.0,19.0,1.4227376562291658,0.23424827401300355,0.0,1.0,17,1.3565316199541014e-05,0.2801381427964979,0.04288714614473713,7.97959776443589e-07,0.27133106074389
au203s__tu,float64,0.005729845178345597,-4.0,8.0,12.0,1.201303615324161,-0.04558584610866936,0.0,0.0,11,8.77755754087948e-06,0.2801381427964979,0.04288714614473713,7.97959776443589e-07,0.42490799523777606
au204s__tu,float64,0.005729845178345597,-4.0,15.0,19.0,1.3649457158199632,0.14953526822619925,0.0,0.0,17,1.3565316199541014e-05,0.2801381427964979,0.04288714614473713,7.97959776443589e-07,0.31754250731729117
au205s__tu,float64,0.005729845178345597,-4.0,8.0,12.0,1.1746986523512546,-0.08247313269432714,0.0,0.0,11,8.77755754087948e-06,0.2801381427964979,0.04288714614473713,7.97959776443589e-07,0.452506232065854
au206s__tu,float64,0.005729845178345597,-4.0,11.0,15.0,1.018694897315649,-0.26296205860854965,0.0,0.0,12,9.575517317323069e-06,0.28023708980877693,0.04288714614473713,1.595919552887178e-06,0.5902947344230272
agg213__tu,float64,0.005729845178345597,-6.0,2054666.0,2054672.0,20763.562030329096,11527.272359630895,1100.0,-2.0,84361,0.06731668470055761,0.42928081481268693,0.042953376806181956,7.97959776443589e-07,0.0001236837653487563
g400s__tu,float64,0.005729845178345597,-4.0,6.0,10.0,1.1607238492886043,-1.0831553883031864,-1.0,-1.0,9,7.1816379879923015e-06,0.8065266726034874,0.10991816124532794,7.97959776443589e-07,0.14572501029368112
g401s__tu,float64,0.005729845178345597,-4.0,7.0,11.0,1.224160748897293,-1.0438087896865296,-1.0,-1.0,10,7.97959776443589e-06,0.8065266726034874,0.10991816124532794,1.595919552887178e-06,0.11692105624339688
g402s__tu,float64,0.005729845178345597,-4.0,10.0,14.0,1.3511718778330275,-0.9663005627212343,-1.0,-1.0,13,1.0373477093766658e-05,0.8065266726034874,0.10991816124532794,4.787758658661534e-06,0.068400314076968
g403s__tu,float64,0.005729845178345597,-4.0,17.0,21.0,1.5654915078328202,-0.13402931385034744,0.0,0.0,18,1.4363275975984603e-05,0.10991816124532794,0.10991816124532794,1.595919552887178e-06,0.6967321951235083
g404s__tu,float64,0.005729845178345597,-4.0,21.0,25.0,1.5026181404886152,-0.5694959128500251,0.0,-1.0,18,1.4363275975984603e-05,0.4909335810200479,0.10991816124532794,2.393879329330767e-06,0.3229079888540978
jt21s__tu,float64,0.005729845178345597,-5.0,999.0,1004.0,45.6075981179392,27.935121082416476,3.0,-1.0,522,0.0004165350033035535,0.48342318360416087,4.947350613950252e-05,0.0001236837653487563,0.0006942250055059225
jt03s__tu,float64,0.005729845178345597,-4.0,18.0,22.0,1.6546759620245488,-1.2076012052384464,-1.0,-1.0,22,1.755511508175896e-05,0.7725591208398367,0.04288714614473713,7.97959776443589e-07,0.03153457240527419
us36s__tu,float64,0.005729845178345597,-4.0,999.0,1003.0,353.26956046840854,149.11170559114456,-1.0,-1.0,121,9.655313294967427e-05,0.6841132592188293,0.04288714614473713,0.14719166036278444,0.015565003399308648
jt02s__tu,float64,0.005729845178345597,-4.0,18.0,22.0,1.3049237352815828,-0.2794686545440617,0.0,-1.0,20,1.595919552887178e-05,0.4833737100980214,0.04288714614473713,2.393879329330767e-06,0.28490994225963057
us57s__tu,float64,0.005729845178345597,-5.0,51500.0,51505.0,186.70890596338688,10.411316346365613,-1.0,-1.0,2676,0.0021353403617630443,0.9034915527978066,8.77755754087948e-06,7.97959776443589e-07,0.08037928624093917
us101s__tu,float64,0.005729845178345597,-5.0,260584.0,260589.0,2274.071100474184,484.47331223527686,-1.0,-1.0,17348,0.013843006201743382,0.815754279458281,4.7079626810171754e-05,7.97959776443589e-07,0.03683302532085963
se01s__tu,float64,0.005729845178345597,-4.0,124.0,128.0,3.781819144238468,1.1368086077517006,0.0,0.0,105,8.378577652657684e-05,0.04288714614473713,0.04288714614473713,7.97959776443589e-07,0.6055453416704171
se02s__tu,float64,0.005729845178345597,-4.0,10.0,14.0,1.0461649956667924,-0.6396206180038877,-1.0,-1.0,13,1.0373477093766658e-05,0.6483088040498055,0.04288714614473713,1.595919552887178e-06,0.2425255107740529
se03s__tu,float64,0.005729845178345597,-4.0,10.0,14.0,1.3135210790998872,-1.387536347067817,-1.0,-1.0,15,1.1969396646653836e-05,0.8908805964908921,0.04288714614473713,1.595919552887178e-06,0.014963341727870182
se06s__tu,float64,0.005729845178345597,-5.0,13.0,18.0,0.9678781290419314,-0.6989018477556583,-1.0,-1.0,17,1.3565316199541014e-05,0.6483750347112502,6.623066144481788e-05,7.97959776443589e-07,0.2918027188085503
se09s__tu,float64,0.005729845178345597,-5.0,49.0,54.0,1.5533424681235088,-0.4575445500943188,-1.0,-1.0,40,3.191839105774356e-05,0.6483750347112502,6.623066144481788e-05,7.97959776443589e-07,0.20286690988480652
se12s__tu,float64,0.005729845178345597,-4.0,10.0,14.0,1.3464715470811799,-1.3676655527148187,-1.0,-1.0,14,1.1171436870210247e-05,0.8907106310585096,0.04288714614473713,1.595919552887178e-06,0.0006854474479650429
se20s__tu,float64,0.005729845178345597,-5.0,768.0,773.0,45.086153469566675,24.60024529283528,-1.0,-1.0,362,0.00028886143907257925,0.6483750347112502,6.623066144481788e-05,7.97959776443589e-07,0.000380626813363592
se21s__tu,float64,0.005729845178345597,-5.0,999.0,1004.0,35.478318810902834,15.46450435526446,-1.0,-1.0,335,0.00026731652510860235,0.6483750347112502,6.623066144481788e-05,0.0001236837653487563,0.000596075953003361
se24s__tu,float64,0.005729845178345597,-6.0,9.0,15.0,1.4697395953854275,-1.6749957708131848,-1.0,-1.0,15,1.1969396646653836e-05,0.9299965847321569,0.03907848413177189,7.97959776443589e-07,0.014328963705597528
se25s__tu,float64,0.005729845178345597,-6.0,6.0,12.0,1.5571975542216592,-1.871084012397103,-1.0,-1.0,13,1.0373477093766658e-05,0.9578541584875789,0.06692329053077092,1.595919552887178e-06,0.010054293183189221
se27s__tu,float64,0.005729845178345597,-6.0,5.0,11.0,1.6163982164650963,-2.0324705792230424,-1.0,-1.0,12,9.575517317323069e-06,0.9813093881563618,0.09036734876268357,1.595919552887178e-06,0.004956926131267575
se28s__tu,float64,0.005729845178345597,-5.0,1253092.0,1253097.0,5093.215539845381,774.420298979569,-1.0,-1.0,22507,0.017959680688415858,0.8912891518964312,1.675715530531537e-05,7.97959776443589e-07,0.0001236837653487563
se29s__tu,float64,0.005729845178345597,-4.0,10.0,14.0,1.3461642542713446,-1.3687890800800513,-1.0,-1.0,15,1.1969396646653836e-05,0.8912723947411259,0.04288714614473713,1.595919552887178e-06,0.0001236837653487563
se30s__tu,float64,0.005729845178345597,-5.0,100.0,105.0,28.791305931916355,7.445178567438773,-1.0,-1.0,25,1.9948994411089726e-05,0.8912891518964312,1.675715530531537e-05,0.08631610697767947,0.016451536710937475
se31s__tu,float64,0.005729845178345597,-5.0,100.0,105.0,24.53592738693048,4.964083830462274,-1.0,-1.0,25,1.9948994411089726e-05,0.8912891518964312,1.675715530531537e-05,0.05961637285787698,0.03915429031053402
se32s__tu,float64,0.005729845178345597,-4.0,608815.0,608819.0,3826.530023460856,537.1752112199529,-1.0,-1.0,18093,0.014437486235193857,0.8912723947411259,0.04288714614473713,1.595919552887178e-06,0.0001236837653487563
se33s__tu,float64,0.005729845178345597,-4.0,628404.0,628408.0,4055.118324549451,587.9251808974814,-1.0,-1.0,19671,0.01569666676242184,0.8912723947411259,0.04288714614473713,7.97959776443589e-07,0.0001236837653487563
se34s__tu,float64,0.005729845178345597,-5.0,999.0,1004.0,25.50793251860543,6.696187188596197,-1.0,-1.0,245,0.00019550014522867932,0.8912899498562077,1.755511508175896e-05,7.97959776443589e-07,0.00019151034634646137
se35s__tu,float64,0.005729845178345597,-4.0,590874.0,590878.0,3385.5614239212337,479.3960186594914,-1.0,-1.0,17189,0.013716130597288852,0.8912723947411259,0.04288714614473713,7.97959776443589e-07,0.0001236837653487563
se36s__tu,float64,0.005729845178345597,-4.0,999.0,1003.0,363.903029309053,161.3550210820973,-1.0,-1.0,148,0.00011809804691365118,0.6483088040498055,0.04288714614473713,0.15860567700503353,0.01629433863497809
se57s__tu,float64,0.005729845178345597,-5.0,134225.0,134230.0,337.86533631307304,11.555921819092942,-1.0,-1.0,2600,0.0020746954187533316,0.8912939396550899,2.1544913963976904e-05,1.595919552887178e-06,0.091521198599421
se101s__tu,float64,0.005729845178345597,-5.0,628404.0,628409.0,4445.462559244402,748.2621633008723,-1.0,-1.0,21574,0.01721518421699399,0.8028377045569887,0.0001021388513847794,7.97959776443589e-07,0.040514013769593904
jt01s__tu,float64,0.005729845178345597,-4.0,94.0,98.0,3.295588606044169,1.5503744027271074,1.0,0.0,72,5.745310390393841e-05,0.04288714614473713,0.04288714614473713,7.97959776443589e-07,0.440610247718633
agg204__tu,float64,0.005729845178345597,-6.0,200348783.0,200348789.0,180507.69982944956,12563.629986849623,2100.0,-2.0,86828,0.06928525146904395,0.3874358041359851,0.042953376806181956,7.97959776443589e-07,0.0001236837653487563
ret122__tu,float64,0.005729845178345597,-6.0,12.0,18.0,4.711347048216402,0.6500387808451351,-1.0,-1.0,16,1.2767356423097425e-05,0.748075321019218,0.04288714614473713,0.08813306138864152,0.010975138765205124
agg202__tu,float64,0.005729845178345597,-6.0,7559783.0,7559789.0,23491.66003014437,12428.49800190872,2250.0,-2.0,86935,0.06937063316512342,0.3776743621907507,0.042953376806181956,1.595919552887178e-06,0.0001236837653487563
rev83__tu,float64,0.005729845178345597,-6.0,999.0,1005.0,245.5626285275983,65.16448105483899,-1.0,-2.0,28,2.2342873740420493e-05,0.524775853098797,0.04288714614473713,0.06465149904723602,0.24439592849003666
rle906__tu,float64,0.005729845178345597,-6.0,1896096.0,1896102.0,17226.289998277047,1292.686778444872,-1.0,-1.0,13918,0.011106004168541872,0.900981171341115,0.04288714614473713,1.595919552887178e-06,0.06807873628706124
rle907__tu,float64,0.005729845178345597,-6.0,999.0,1005.0,356.62329532257684,148.93202260460455,-1.0,-1.0,27,2.1544913963976904e-05,0.7884441061094992,0.04288714614473713,0.14965177035356,0.011571214718208484
rev11__tu,float64,0.005729845178345597,-6.0,573.0,579.0,16.801016226623233,5.833816896957858,-1.0,-2.0,295,0.00023539813405085876,0.5856865167140655,0.04288714614473713,7.97959776443589e-07,0.03528179151545329
rev12__tu,float64,0.005729845178345597,-6.0,427.0,433.0,15.219933902470656,5.087180297415568,-1.0,-2.0,268,0.00021385322008688187,0.5856865167140655,0.04288714614473713,7.97959776443589e-07,0.04763979457323515
rev13__tu,float64,0.005729845178345597,-6.0,344.0,350.0,13.005098689369786,4.033926855815052,-1.0,-2.0,237,0.0001891164670171306,0.5856865167140655,0.04288714614473713,7.97959776443589e-07,0.06565692836555495
rev14__tu,float64,0.005729845178345597,-6.0,303.0,309.0,10.381079596700701,2.8182518935585494,-1.0,-2.0,204,0.00016278379439449217,0.5856865167140655,0.04288714614473713,7.97959776443589e-07,0.08754656095295549
rev51__tu,float64,0.005729845178345597,-6.0,65.0,71.0,2.791528118501598,-0.1399326202764771,-1.0,-2.0,46,3.6706149716405096e-05,0.5856865167140655,0.04288714614473713,7.97959776443589e-07,0.03528179151545329
rev52__tu,float64,0.005729845178345597,-6.0,59.0,65.0,2.6868608679574626,-0.20264587502673165,-1.0,-2.0,42,3.351431061063074e-05,0.5856865167140655,0.04288714614473713,7.97959776443589e-07,0.04763979457323515
rev53__tu,float64,0.005729845178345597,-6.0,43.0,49.0,2.5572959938574757,-0.28407048857481193,-1.0,-2.0,40,3.191839105774356e-05,0.5856865167140655,0.04288714614473713,7.97959776443589e-07,0.06565692836555495
rev54__tu,float64,0.005729845178345597,-6.0,32.0,38.0,2.4169387052318103,-0.37414418813976424,-1.0,-2.0,35,2.7928592175525617e-05,0.5856865167140655,0.04288714614473713,7.97959776443589e-07,0.08754656095295549
rev81__tu,float64,0.005729845178345597,-6.0,999.0,1005.0,181.57772877462762,34.71314223792607,-1.0,0.0,28,2.2342873740420493e-05,0.524775853098797,0.04288714614473713,0.03421890909323043,0.29381198152563526
rev82__tu,float64,0.005729845178345597,-6.0,999.0,1005.0,211.05944522057158,47.351936169601565,-1.0,0.0,28,2.2342873740420493e-05,0.524775853098797,0.04288714614473713,0.04685699603254399,0.27435293441728187
rev84__tu,float64,0.005729845178345597,-6.0,999.0,1005.0,279.5838483468741,86.31874822453949,-1.0,-2.0,28,2.2342873740420493e-05,0.524775853098797,0.04288714614473713,0.0857639188123805,0.2052448300186084
ret231__tu,float64,0.005729845178345597,-6.0,20035.0,20041.0,101.58731448576368,7.025020028790388,-1.0,-2.0,2049,0.001635019581932914,0.8464470042994072,0.04288714614473713,7.97959776443589e-07,0.08474013641920337
rev92__tu,float64,0.005729845178345597,-6.0,12.0,18.0,3.5608732248675623,0.05030498022655674,-1.0,-2.0,16,1.2767356423097425e-05,0.5856865167140655,0.04288714614473713,0.03564167137462935,0.18097727729740598
rev102__tu,float64,0.005729845178345597,-6.0,12.0,18.0,3.97216391963605,0.4014455839310052,-1.0,-2.0,16,1.2767356423097425e-05,0.5856865167140655,0.04288714614473713,0.04786641514974513,0.13535711891834956
rev112__tu,float64,0.005729845178345597,-6.0,12.0,18.0,4.45043214793423,0.8613856092742077,-1.0,-2.0,16,1.2767356423097425e-05,0.5856865167140655,0.04288714614473713,0.0663112553822387,0.08854002087462776
rev122__tu,float64,0.005729845178345597,-6.0,12.0,18.0,5.457605472651297,1.962817468297058,-1.0,-2.0,16,1.2767356423097425e-05,0.5856865167140655,0.04288714614473713,0.13712858962205432,0.022392347246559995
rev132__tu,float64,0.005729845178345597,-6.0,12.0,18.0,4.779300948791103,1.2427696864656446,-1.0,-2.0,16,1.2767356423097425e-05,0.5856865167140655,0.04288714614473713,0.06401552510541049,0.07466669220137952
rev142__tu,float64,0.005729845178345597,-6.0,12.0,18.0,4.422173342253177,0.9021190619823236,-1.0,-2.0,16,1.2767356423097425e-05,0.5856865167140655,0.04288714614473713,0.04383512235915212,0.09930449825885176
rev152__tu,float64,0.005729845178345597,-6.0,12.0,18.0,3.910063591264708,0.47190303831164476,-1.0,-2.0,16,1.2767356423097425e-05,0.5856865167140655,0.04288714614473713,0.02293815173364741,0.13320821324038698
rev162__tu,float64,0.005729845178345597,-6.0,12.0,18.0,2.3804019661993765,-0.5521730040632112,-1.0,-2.0,16,1.2767356423097425e-05,0.5856865167140655,0.04288714614473713,0.0011969396646653834,0.2548340403256953
bkc11__tu,float64,0.005729845178345597,-6.0,228.0,234.0,10.629059383690786,3.0598405995550575,-1.0,-1.0,182,0.0001452286793127332,0.6785913775658396,0.04288714614473713,7.97959776443589e-07,0.018327540145356352
bkc12__tu,float64,0.005729845178345597,-6.0,228.0,234.0,10.153263964452902,2.784714442114402,-1.0,-1.0,174,0.00013884500110118448,0.6785913775658396,0.04288714614473713,7.97959776443589e-07,0.02595922744726284
bkc13__tu,float64,0.005729845178345597,-6.0,227.0,233.0,9.2834923619313,2.3211875875760857,-1.0,-1.0,162,0.0001292694837838614,0.6785913775658396,0.04288714614473713,7.97959776443589e-07,0.03728626647387959
bkc14__tu,float64,0.005729845178345597,-6.0,215.0,221.0,7.876729513706777,1.6386846111861193,-1.0,-1.0,147,0.00011730008713720758,0.6785913775658396,0.04288714614473713,7.97959776443589e-07,0.05275232286090923
rle905__tu,float64,0.005729845178345597,-6.0,1131448.0,1131454.0,11310.858722788125,631.1524294683354,-1.0,-1.0,8644,0.006897564307578384,0.9125555778984293,0.04288714614473713,7.97959776443589e-07,0.060075997689108485
rle904__tu,float64,0.005729845178345597,-6.0,954416.0,954422.0,7553.516521445969,306.7522127424601,-1.0,-1.0,5468,0.004363244057593545,0.9193510033546229,0.04288714614473713,7.97959776443589e-07,0.055867557828145
rle903__tu,float64,0.005729845178345597,-6.0,74.0,80.0,2.1320858142740438,-0.9427543656379369,-1.0,-1.0,58,4.6281667033728165e-05,0.8987373084497556,0.04288714614473713,7.97959776443589e-07,0.039358568013303584
rle902__tu,float64,0.005729845178345597,-6.0,41.0,47.0,1.5336467663705582,-1.1048750554582045,-1.0,-1.0,34,2.7130632399082028e-05,0.9102319190294256,0.04288714614473713,7.97959776443589e-07,0.04368111612229851
aut204__tu,float64,0.005729845178345597,-6.0,50.0,56.0,3.313053347660858,-0.37841565884346906,-1.0,-2.0,4030,0.0032157778990676636,0.6165212783953986,0.04288714614473713,0.00034631454297651766,0.0006256004647317738
aut205__tu,float64,0.005729845178345597,-6.0,50.0,56.0,3.6507565041848586,-0.01981804921177533,-1.0,-2.0,4306,0.0034360147973660944,0.5515721403515491,0.04288714614473713,0.0004237166412915458,0.0005410167284287534
aut222__tu,float64,0.005729845178345597,-6.0,50.0,56.0,2.7840812588388384,-0.8195545389548003,-1.0,-2.0,3617,0.0028862205113964617,0.6982307635836693,0.04288714614473713,0.0002114593407575511,0.0006439535395899764
aut223__tu,float64,0.005729845178345597,-6.0,50.0,56.0,2.9454037838551512,-0.6348743133556125,-1.0,-2.0,3684,0.002939683816418182,0.6610378584036336,0.04288714614473713,0.00022981241561575365,0.0006686902926597276
aut224__tu,float64,0.005729845178345597,-6.0,50.0,56.0,3.285188186757538,-0.3775107884161774,-1.0,-2.0,3970,0.0031679003124810484,0.6165212783953986,0.04288714614473713,0.00031519411169521767,0.0006447514993664199
aut225__tu,float64,0.005729845178345597,-6.0,50.0,56.0,3.6116143866730597,-0.01735978250808333,-1.0,-2.0,4265,0.0034032984465319073,0.5515721403515491,0.04288714614473713,0.00037982885358714836,0.0005673494010513918
std201__tu,float64,0.005729845178345597,-6.0,50.0,56.0,1.7886152338112742,-1.468496883169113,-1.0,-1.0,1911,0.0015249011327836987,0.9673004063211181,0.04288714614473713,0.00034631454297651766,0.0007955658971142582
std202__tu,float64,0.005729845178345597,-6.0,50.0,56.0,2.3745369441494617,-1.3549473665731457,-1.0,-1.0,2778,0.00221673225896029,0.9516955049329874,0.04288714614473713,0.0008083332535373557,0.0008985027082754813
std203__tu,float64,0.005729845178345597,-6.0,50.0,56.0,3.0557770720907005,-1.215011410824803,-1.0,-1.0,3537,0.0028223837292809745,0.937230090105618,0.04288714614473713,0.0015304868512188037,0.0009104721049221351
std204__tu,float64,0.005729845178345597,-6.0,50.0,56.0,3.9677904747344783,-0.9786268548575006,-1.0,-1.0,4220,0.0033673902565919457,0.9154290310534027,0.04288714614473713,0.0027545571482832693,0.0009152598635807966
std205__tu,float64,0.005729845178345597,-6.0,50.0,56.0,5.412365945244364,-0.5062130584521496,-1.0,-1.0,4771,0.0038070660934123634,0.8795822840162273,0.04288714614473713,0.005648757257444167,0.0008625945183355197
std222__tu,float64,0.005729845178345597,-6.0,50.0,56.0,2.3184967330795585,-1.3587634416324348,-1.0,-1.0,2759,0.002201571023207862,0.9516955049329874,0.04288714614473713,0.0007141739999170122,0.0008801496334172787
std223__tu,float64,0.005729845178345597,-6.0,50.0,56.0,2.9355936195298784,-1.2256089630033937,-1.0,-1.0,3496,0.0027896673784467874,0.937230090105618,0.04288714614473713,0.0012591805272279834,0.0008921190300639325
std224__tu,float64,0.005729845178345597,-6.0,50.0,56.0,3.751343510740119,-1.0048401287587903,-1.0,-1.0,4143,0.0033059473538057894,0.9154290310534027,0.04288714614473713,0.0021449158790803674,0.0009000986278283684
std225__tu,float64,0.005729845178345597,-6.0,50.0,56.0,5.024014688192606,-0.5767656854953255,-1.0,-1.0,4717,0.0037639762654844097,0.8795822840162273,0.04288714614473713,0.004143805119071558,0.0008538169607946402
per201__tu,float64,0.005729845178345597,-6.0,50.0,56.0,1.492050498070269,-1.348601543573392,-1.0,-1.0,1652,0.0013182295506848091,0.9378588824094555,0.04288714614473713,6.064494300971277e-05,0.00029604307706057153
per202__tu,float64,0.005729845178345597,-6.0,50.0,56.0,1.6429505937054225,-1.2470025359161698,-1.0,-1.0,1927,0.001537668489206796,0.912510094191172,0.04288714614473713,8.857353518523838e-05,0.0003215777899067664
per203__tu,float64,0.005729845178345597,-6.0,50.0,56.0,1.7446520259925091,-1.1808453506075667,-1.0,-1.0,2038,0.0016262420243920344,0.8970328663672722,0.04288714614473713,0.0001013408916083358,0.0003263655485654279
per204__tu,float64,0.005729845178345597,-6.0,50.0,56.0,1.9077329267563137,-1.08630314811091,-1.0,-1.0,2287,0.0018249340087264881,0.8761606324948372,0.04288714614473713,0.0001452286793127332,0.00032237574968320995
per205__tu,float64,0.005729845178345597,-6.0,50.0,56.0,2.1079778077137292,-0.9521832977443275,-1.0,-1.0,2553,0.002037191309260483,0.8468643372624872,0.04288714614473713,0.00017874298992336395,0.00027928592175525615
per222__tu,float64,0.005729845178345597,-6.0,50.0,56.0,1.6275489801284277,-1.247189162748684,-1.0,-1.0,1941,0.0015488399260770063,0.912510094191172,0.04288714614473713,5.904902345682559e-05,0.0003191839105774356
per223__tu,float64,0.005729845178345597,-6.0,50.0,56.0,1.7083197444560425,-1.1818951065914673,-1.0,-1.0,2074,0.0016549685763440037,0.8970328663672722,0.04288714614473713,4.7079626810171754e-05,0.00032317370945965357
per224__tu,float64,0.005729845178345597,-6.0,50.0,56.0,1.8319992009521278,-1.0900781681397003,-1.0,-1.0,2241,0.001788227859010083,0.8761606324948372,0.04288714614473713,5.665514412749482e-05,0.0003112043128129997
per225__tu,float64,0.005729845178345597,-6.0,50.0,56.0,1.999708060002539,-0.9579096885084215,-1.0,-1.0,2468,0.0019693647282627777,0.8468643372624872,0.04288714614473713,4.947350613950252e-05,0.00027769000220236896
rle901__tu,float64,0.005729845178345597,-6.0,18.0,24.0,1.275718329672078,-1.1875085780675967,-1.0,-1.0,22,1.755511508175896e-05,0.9165222359471303,0.04288714614473713,7.97959776443589e-07,0.05015256990925601
bkc51__tu,float64,0.005729845178345597,-6.0,23.0,29.0,2.0917468279308884,-0.6138776376560411,-1.0,-1.0,27,2.1544913963976904e-05,0.6785913775658396,0.04288714614473713,1.595919552887178e-06,0.018327540145356352
bkc52__tu,float64,0.005729845178345597,-6.0,21.0,27.0,2.068330026179577,-0.632521169872869,-1.0,-1.0,25,1.9948994411089726e-05,0.6785913775658396,0.04288714614473713,3.989798882217945e-06,0.02595922744726284
bkc53__tu,float64,0.005729845178345597,-6.0,21.0,27.0,2.0335257243359877,-0.6597842635948407,-1.0,-1.0,25,1.9948994411089726e-05,0.6785913775658396,0.04288714614473713,7.97959776443589e-07,0.03728626647387959
st30s__tu,float64,0.005729845178345597,-5.0,100.0,105.0,44.89849498268219,25.855947513397744,-1.0,-1.0,76,6.064494300971277e-05,0.7230999779763102,4.787758658661534e-06,0.26363553665986805,0.004960915930149793
ret142__tu,float64,0.005729845178345597,-6.0,12.0,18.0,3.259949481705398,-0.34269898722945175,-1.0,-1.0,16,1.2767356423097425e-05,0.748075321019218,0.04288714614473713,0.017442602753280412,0.08612060683245079
ret152__tu,float64,0.005729845178345597,-6.0,12.0,18.0,2.686422551806912,-0.645861461415453,-1.0,-1.0,16,1.2767356423097425e-05,0.748075321019218,0.04288714614473713,0.007051570544431996,0.11524374479331245
ret162__tu,float64,0.005729845178345597,-6.0,12.0,18.0,1.7101173432311956,-1.0934650286148375,-1.0,-1.0,16,1.2767356423097425e-05,0.748075321019218,0.04288714614473713,0.0006742760110948328,0.18794586002508787
agg116__tu,float64,0.005729845178345597,-6.0,5216297.0,5216303.0,21828.633857669312,11263.52994583449,2704.0,-2.0,82617,0.06592504285044,0.31645169630289277,0.042953376806181956,7.97959776443589e-07,0.025998327476308574
agg115__tu,float64,0.005729845178345597,-6.0,5232881.0,5232887.0,21893.537359985326,11335.283411373799,2821.0,-2.0,82716,0.06600404086830791,0.31192646641068117,0.042953376806181956,7.97959776443589e-07,0.025718243594776875
agg114__tu,float64,0.005729845178345597,-6.0,6836865.0,6836871.0,22389.287159312244,11368.027419493837,2849.0,-2.0,82820,0.06608702868505804,0.30903705406017895,0.042953376806181956,7.97959776443589e-07,0.025755747704269725
agg113__tu,float64,0.005729845178345597,-6.0,6865025.0,6865031.0,22941.589517742395,11571.262005304836,3072.0,-2.0,83576,0.0666902862760494,0.3032318966865518,0.042953376806181956,7.97959776443589e-07,0.02573978850874085
agg112__tu,float64,0.005729845178345597,-6.0,6893341.0,6893347.0,22700.223243275534,11690.742266971807,3245.0,-2.0,83958,0.06699510691065085,0.29767889460228086,0.042953376806181956,7.97959776443589e-07,0.025485239340055345
agg111__tu,float64,0.005729845178345597,-6.0,6920664.0,6920670.0,22869.28974864845,11724.002484846744,3257.0,-2.0,84083,0.0670948518827063,0.2947479883434036,0.042953376806181956,7.97959776443589e-07,0.02568153744506047
agg110__tu,float64,0.005729845178345597,-6.0,6948891.0,6948897.0,23173.937799613697,11998.791467575702,3541.0,-2.0,85031,0.06785131775077483,0.2875096952112838,0.042953376806181956,7.97959776443589e-07,0.025684729284166243
agg109__tu,float64,0.005729845178345597,-6.0,6976211.0,6976217.0,23804.751118409917,12212.58916003562,3776.0,-2.0,85835,0.06849287741103546,0.28173007255050286,0.042953376806181956,7.97959776443589e-07,0.024368893612810767
agg108__tu,float64,0.005729845178345597,-6.0,7004400.0,7004406.0,24002.58546219885,12315.11161781557,3860.0,-2.0,86241,0.06881684908027157,0.2776118021442775,0.042953376806181956,7.97959776443589e-07,0.024819740886501393
agg107__tu,float64,0.005729845178345597,-6.0,202095607.0,202095613.0,182112.4953801151,12685.313201606134,4120.0,-2.0,86900,0.06934270457294789,0.2702051394993281,0.042953376806181956,7.97959776443589e-07,0.024544444763628354
agg106__tu,float64,0.005729845178345597,-6.0,930065684.0,930065690.0,831171.8021334837,13531.76388370215,4375.0,-2.0,88039,0.07025158075831714,0.2636618693324907,0.042953376806181956,7.97959776443589e-07,0.023561358319049854
agg105__tu,float64,0.005729845178345597,-6.0,7097738.0,7097744.0,25598.130418579545,12836.96891308303,4368.0,-2.0,88295,0.07045585846108669,0.25883900044366565,0.042953376806181956,7.97959776443589e-07,0.023681850245292835
agg104__tu,float64,0.005729845178345597,-6.0,200287801.0,200287807.0,180716.2228658789,13288.256859262237,4690.0,-2.0,89073,0.07107667116715981,0.24948531594419388,0.042953376806181956,7.97959776443589e-07,0.024108758725690155
agg103__tu,float64,0.005729845178345597,-6.0,7130975.0,7130981.0,25859.704217917653,13435.149677305066,4959.0,-2.0,90368,0.07211002907765425,0.24139480177083233,0.042953376806181956,7.97959776443589e-07,0.023782393177124727
agg102__tu,float64,0.005729845178345597,-6.0,7004400.0,7004406.0,24885.906695656504,13323.49054337869,4878.0,-2.0,89898,0.07173498798272576,0.23478689686210297,0.042953376806181956,7.97959776443589e-07,0.025796443652868345
agg101__tu,float64,0.005729845178345597,-6.0,7032642.0,7032648.0,26875.319655014984,15217.146583615013,6502.0,-2.0,96721,0.07717946753740038,0.15947625112113348,0.042953376806181956,7.97959776443589e-07,0.058788888569704975
trd__tu,float64,0.005729845178345597,0.0,450.0,450.0,12.109278480106475,12.560028120102523,9.0,2.0,214,0.00017076339215892804,0.0,0.04307706057153071,7.97959776443589e-07,0.04307706057153071
bc_trd__tu,float64,0.005729845178345597,-6.0,110.0,116.0,3.116151928939532,1.6802152257109024,1.0,0.0,51,4.069594859862304e-05,0.042953376806181956,0.042953376806181956,7.97959776443589e-07,0.3425026891244466
inst_trd__tu,float64,0.005729845178345597,-6.0,450.0,456.0,9.97192762028191,7.756742760110948,5.0,1.0,205,0.00016358175417093576,0.042953376806181956,0.042953376806181956,7.97959776443589e-07,0.061542647758211805
nomt_trd__tu,float64,0.005729845178345597,-6.0,450.0,456.0,12.107664120452581,11.80870909259206,9.0,2.0,217,0.00017315727148825883,0.042953376806181956,0.042953376806181956,7.97959776443589e-07,0.0018592462791135625
rev_trd__tu,float64,0.005729845178345597,-6.0,135.0,141.0,5.3836964237196065,3.383343068442606,2.0,0.0,89,7.101842010347942e-05,0.042953376806181956,0.042953376806181956,7.97959776443589e-07,0.23455548852693434
rtl_trd__tu,float64,0.005729845178345597,-6.0,90.0,96.0,3.5077677180164453,1.7214689481932595,1.0,0.0,68,5.4261264798164055e-05,0.042953376806181956,0.042953376806181956,7.97959776443589e-07,0.38366544419228915
ret132__tu,float64,0.005729845178345597,-6.0,12.0,18.0,3.682958771156115,-0.08567534527719527,-1.0,-1.0,16,1.2767356423097425e-05,0.748075321019218,0.04288714614473713,0.029102391006674135,0.06405622105400911
ret112__tu,float64,0.005729845178345597,-6.0,12.0,18.0,4.133319833231545,0.18978595526956676,-1.0,-1.0,16,1.2767356423097425e-05,0.748075321019218,0.04288714614473713,0.056547419557674936,0.04281213792575144
bkc54__tu,float64,0.005729845178345597,-6.0,21.0,27.0,1.9819606176500553,-0.6984837168328019,-1.0,-1.0,23,1.8353074858202548e-05,0.6785913775658396,0.04288714614473713,7.97959776443589e-07,0.05275232286090923
ret102__tu,float64,0.005729845178345597,-6.0,12.0,18.0,3.7093335757927073,-0.1264718368076502,-1.0,-1.0,16,1.2767356423097425e-05,0.748075321019218,0.04288714614473713,0.04151465532925416,0.07194963916258909
bkc81__tu,float64,0.005729845178345597,-6.0,999.0,1005.0,133.01213409039647,18.185857599290134,-1.0,-1.0,28,2.2342873740420493e-05,0.6276855336276209,0.04288714614473713,0.01803788074650733,0.23338966929355026
bkc82__tu,float64,0.005729845178345597,-6.0,999.0,1005.0,158.91153691623748,26.11355526190636,-1.0,-1.0,28,2.2342873740420493e-05,0.6276855336276209,0.04288714614473713,0.025965611125474387,0.21998713688840374
bkc83__tu,float64,0.005729845178345597,-6.0,999.0,1005.0,188.4928724322177,37.1287125078599,-1.0,-1.0,28,2.2342873740420493e-05,0.6276855336276209,0.04288714614473713,0.0369606988850906,0.19898962333106712
bkc84__tu,float64,0.005729845178345597,-6.0,999.0,1005.0,220.83606151301973,51.73805693602597,-1.0,-1.0,28,2.2342873740420493e-05,0.6276855336276209,0.04288714614473713,0.051526656644291874,0.16864321303291743
bkc92__tu,float64,0.005729845178345597,-6.0,12.0,18.0,2.475165964343557,-0.6841443796501105,-1.0,-1.0,16,1.2767356423097425e-05,0.6785913775658396,0.04288714614473713,0.011947851732689859,0.1798481642137383
bkc102__tu,float64,0.005729845178345597,-6.0,12.0,18.0,2.7764622543728654,-0.4989993584403397,-1.0,-1.0,16,1.2767356423097425e-05,0.6785913775658396,0.04288714614473713,0.015510742134510484,0.1433686350738432
bkc112__tu,float64,0.005729845178345597,-6.0,12.0,18.0,3.2142376529340853,-0.20438063958072,-1.0,-1.0,16,1.2767356423097425e-05,0.6785913775658396,0.04288714614473713,0.02177073658071044,0.09979683944091747
bkc122__tu,float64,0.005729845178345597,-6.0,12.0,18.0,4.668266234854242,0.9048273374635731,-1.0,-1.0,16,1.2767356423097425e-05,0.6785913775658396,0.04288714614473713,0.07132882645651598,0.023684244124622167
bkc132__tu,float64,0.005729845178345597,-6.0,12.0,18.0,4.797758235701763,1.013601224389481,-1.0,-1.0,16,1.2767356423097425e-05,0.6785913775658396,0.04288714614473713,0.07208688824413739,0.028203888298398653
bkc142__tu,float64,0.005729845178345597,-6.0,12.0,18.0,4.572054756645297,0.8267373978212507,-1.0,-1.0,16,1.2767356423097425e-05,0.6785913775658396,0.04288714614473713,0.0550711939712543,0.03865716136980967
bkc152__tu,float64,0.005729845178345597,-6.0,12.0,18.0,4.1842769527718975,0.531473129502488,-1.0,-1.0,16,1.2767356423097425e-05,0.6785913775658396,0.04288714614473713,0.03270517939731694,0.054708920232748905
bkc162__tu,float64,0.005729845178345597,-6.0,12.0,18.0,2.497057576135714,-0.5565426317990163,-1.0,-1.0,16,1.2767356423097425e-05,0.6785913775658396,0.04288714614473713,0.0012527968490164349,0.1517216780136547
ret11__tu,float64,0.005729845178345597,-6.0,385.0,391.0,9.2011736648635,1.4647046431683473,-1.0,-1.0,204,0.00016278379439449217,0.748075321019218,0.04288714614473713,7.97959776443589e-07,0.03837069381006642
ret12__tu,float64,0.005729845178345597,-6.0,334.0,340.0,7.867165070255968,0.9619189655887826,-1.0,-1.0,188,0.00015001643797139474,0.748075321019218,0.04288714614473713,7.97959776443589e-07,0.0531417272318137
ret13__tu,float64,0.005729845178345597,-6.0,264.0,270.0,6.123616691520823,0.3202052990912834,-1.0,-1.0,160,0.00012767356423097425,0.748075321019218,0.04288714614473713,7.97959776443589e-07,0.07439777975671802
ret14__tu,float64,0.005729845178345597,-6.0,191.0,197.0,4.459180730045446,-0.2483394457052209,-1.0,-1.0,128,0.0001021388513847794,0.748075321019218,0.04288714614473713,7.97959776443589e-07,0.09690822505019167
ret51__tu,float64,0.005729845178345597,-6.0,44.0,50.0,1.9857023828527725,-0.8626120734506015,-1.0,-1.0,37,2.9524511728412795e-05,0.748075321019218,0.04288714614473713,7.97959776443589e-07,0.03837069381006642
ret52__tu,float64,0.005729845178345597,-6.0,40.0,46.0,1.8964972221409055,-0.9095775920127418,-1.0,-1.0,33,2.633267262263844e-05,0.748075321019218,0.04288714614473713,7.97959776443589e-07,0.0531417272318137
ret53__tu,float64,0.005729845178345597,-6.0,32.0,38.0,1.788578284927973,-0.9688013686606085,-1.0,-1.0,32,2.553471284619485e-05,0.748075321019218,0.04288714614473713,7.97959776443589e-07,0.07439777975671802
ret54__tu,float64,0.005729845178345597,-6.0,29.0,35.0,1.6868072794596762,-1.0250710982160811,-1.0,-1.0,28,2.2342873740420493e-05,0.748075321019218,0.04288714614473713,7.97959776443589e-07,0.09690822505019167
ret81__tu,float64,0.005729845178345597,-6.0,999.0,1005.0,194.73816610913806,39.49418526710905,-1.0,-1.0,28,2.2342873740420493e-05,0.6983712045043233,0.04288714614473713,0.039541300802109165,0.14983051334348338
ret82__tu,float64,0.005729845178345597,-6.0,999.0,1005.0,227.67712029754753,54.87816750133259,-1.0,-1.0,28,2.2342873740420493e-05,0.6983712045043233,0.04288714614473713,0.054937934688588215,0.13094280543506362
ret83__tu,float64,0.005729845178345597,-6.0,999.0,1005.0,265.7665733191446,76.56225921563745,-1.0,-1.0,28,2.2342873740420493e-05,0.6983712045043233,0.04288714614473713,0.07662648141232496,0.10214683098254383
ret84__tu,float64,0.005729845178345597,-6.0,999.0,1005.0,298.8816492829896,99.3006927886779,-1.0,-1.0,28,2.2342873740420493e-05,0.6983712045043233,0.04288714614473713,0.0993691330007437,0.07305960121162212
ret92__tu,float64,0.005729845178345597,-6.0,12.0,18.0,3.311752750479566,-0.3938442191006036,-1.0,-1.0,16,1.2767356423097425e-05,0.748075321019218,0.04288714614473713,0.030679957484703112,0.10135046712565313
aut203__tu,float64,0.005729845178345597,-6.0,50.0,56.0,2.963131899973562,-0.6354971768183104,-1.0,-2.0,3754,0.002995541000769233,0.6610378584036336,0.04288714614473713,0.00023938793293307672,0.0006662964133303969
aut202__tu,float64,0.005729845178345597,-6.0,50.0,56.0,2.797210511236209,-0.8193713114309339,-1.0,-2.0,3685,0.0029404817761946255,0.6982307635836693,0.04288714614473713,0.00022263077762776134,0.000650337217801525
aut201__tu,float64,0.005729845178345597,-6.0,50.0,56.0,2.554794913124547,-1.1104903622418196,-2.0,-2.0,3473,0.002771314303588585,0.7677713621811751,0.04288714614473713,0.00020028790388734085,0.0007373148334338763
per232__tu,float64,0.005729845178345597,-6.0,76729.0,76735.0,295.26936721272153,16.32277951733009,-1.0,-1.0,3354,0.0026763570901917975,0.8732624425867941,0.04288714614473713,1.595919552887178e-06,0.08565140648390196
per234__tu,float64,0.005729845178345597,-6.0,145509.0,145515.0,771.051933743224,68.40129636545281,-1.0,-1.0,6861,0.005474802026179464,0.8425665259065621,0.04288714614473713,7.97959776443589e-07,0.08849932492602913
per235__tu,float64,0.005729845178345597,-6.0,280518.0,280524.0,1384.2564605525893,139.72234750190714,-1.0,-1.0,9830,0.00784394460244048,0.8170381967385788,0.04288714614473713,7.97959776443589e-07,0.0945287089968369
per252__tu,float64,0.005729845178345597,-6.0,44693.0,44699.0,173.4032662244087,8.136313074730529,-1.0,-1.0,2350,0.0018752054746424343,0.8732624425867941,0.04288714614473713,7.97959776443589e-07,0.08617167625814318
per253__tu,float64,0.005729845178345597,-6.0,46975.0,46981.0,200.78411149812462,10.631786248918765,-1.0,-1.0,2533,0.002021232113731611,0.8602692635469631,0.04288714614473713,7.97959776443589e-07,0.0865036275251437
per254__tu,float64,0.005729845178345597,-6.0,94758.0,94764.0,235.1527529415165,14.223308245477963,-1.0,-1.0,2802,0.0022358832935949363,0.8425665259065621,0.04288714614473713,7.97959776443589e-07,0.08949198688792495
per255__tu,float64,0.005729845178345597,-6.0,94758.0,94764.0,271.9789809266731,20.12980810663296,-1.0,-1.0,3174,0.0025327243304319514,0.8170381967385788,0.04288714614473713,7.97959776443589e-07,0.09564665064363435
all231__tu,float64,0.005729845178345597,-6.0,458804.0,458810.0,3283.5012840729128,176.79455408411772,0.0,0.0,9832,0.007845540521993367,0.4032577505833086,0.04288714614473713,7.97959776443589e-07,0.4145712242937258
all232__tu,float64,0.005729845178345597,-6.0,1114661.0,1114667.0,5860.795863114043,478.92230824228614,0.0,0.0,17367,0.013858167437495812,0.3355404900749763,0.04288714614473713,7.97959776443589e-07,0.4271638275257821
all233__tu,float64,0.005729845178345597,-6.0,3489375.0,3489381.0,9622.161303402441,926.7052615871739,0.0,0.0,24528,0.019572357396608352,0.2982757685150607,0.04288714614473713,1.595919552887178e-06,0.43675370811908115
all234__tu,float64,0.005729845178345597,-6.0,3489375.0,3489381.0,13790.844021585293,1818.020517141772,0.0,0.0,34666,0.027662073610193457,0.2540089499168526,0.04288714614473713,1.595919552887178e-06,0.45395612497965204
all235__tu,float64,0.005729845178345597,-6.0,169393856.0,169393862.0,152840.55411502504,3759.4186272538373,0.0,0.0,49814,0.039749568303760946,0.199748483078465,0.04288714614473713,7.97959776443589e-07,0.47310636165452175
all252__tu,float64,0.005729845178345597,-6.0,371554.0,371560.0,2399.73955856031,192.25834107354316,0.0,0.0,10922,0.008715316678316879,0.3355404900749763,0.04288714614473713,7.97959776443589e-07,0.4288156042630203
all253__tu,float64,0.005729845178345597,-6.0,3489375.0,3489381.0,5045.599447720963,217.3315586707905,0.0,0.0,11071,0.008834212685006974,0.2982757685150607,0.04288714614473713,1.595919552887178e-06,0.43882201985962294
all254__tu,float64,0.005729845178345597,-6.0,3489375.0,3489381.0,4855.473835354989,240.33173821174023,0.0,0.0,11782,0.009401562086058366,0.2540089499168526,0.04288714614473713,1.595919552887178e-06,0.4560403959157227
all255__tu,float64,0.005729845178345597,-6.0,28232309.0,28232315.0,25302.49315386635,285.03893086157314,0.0,0.0,12051,0.009616213265921691,0.199748483078465,0.04288714614473713,7.97959776443589e-07,0.4749464568990006
rev315__tu,float64,0.005729845178345597,-6.0,999.0,1005.0,13.664979859013355,3.5312792252768124,-1.0,-2.0,29,2.3140833516864082e-05,0.5450567987768873,0.04288714614473713,0.0001236837653487563,0.07013268475162704
rev316__tu,float64,0.005729845178345597,-6.0,492932.0,492938.0,3104.2944837952095,534.2028022751429,-1.0,-2.0,18234,0.014549998563672402,0.6833208851608208,0.04288714614473713,7.97959776443589e-07,0.0001236837653487563
rev317__tu,float64,0.005729845178345597,-6.0,504343.0,504349.0,3365.2331638828296,629.9844062700488,-1.0,-2.0,19522,0.015577770755731746,0.6540182062502593,0.04288714614473713,7.97959776443589e-07,0.0001236837653487563
rev318__tu,float64,0.005729845178345597,-6.0,504538.0,504544.0,3759.983679185304,784.5025734202791,-1.0,-2.0,21635,0.017263859763357047,0.6110121640988321,0.04288714614473713,7.97959776443589e-07,0.0001236837653487563
rev319__tu,float64,0.005729845178345597,-6.0,768338.0,768344.0,4406.149857200891,1026.8743460719631,-1.0,-2.0,24530,0.019573953316161238,0.5450567987768873,0.04288714614473713,7.97959776443589e-07,0.0001236837653487563
rev320__tu,float64,0.005729845178345597,-6.0,999.0,1005.0,12.611314794998439,1.5170268657097532,-1.0,-2.0,28,2.2342873740420493e-05,0.524775853098797,0.04288714614473713,0.0001236837653487563,0.21179927162231607
rev321__tu,float64,0.005729845178345597,-6.0,999999999.0,1000000005.0,11120632.968626365,124070.34961969237,-1.0,-2.0,16126,0.012867899354929317,0.6449382219541078,0.04288714614473713,0.0001236837653487563,0.09800462178302516
rev322__tu,float64,0.005729845178345597,-6.0,999999999.0,1000000005.0,11120633.405783053,124027.73979968017,-1.0,-2.0,15245,0.012164896791882514,0.6237882980794704,0.04288714614473713,0.0001236837653487563,0.13190275104612526
rev323__tu,float64,0.005729845178345597,-6.0,999999999.0,1000000005.0,11120633.883421352,123980.72935199282,-1.0,-2.0,14114,0.011262404284724815,0.585685718754289,0.04288714614473713,0.0001236837653487563,0.1784126345759163
rev324__tu,float64,0.005729845178345597,-6.0,999999999.0,1000000005.0,11120634.45817948,123923.90296250547,-1.0,-2.0,12482,0.009960133929568878,0.524775853098797,0.04288714614473713,0.0001236837653487563,0.24357722175940555
per233__tu,float64,0.005729845178345597,-6.0,78580.0,78586.0,464.2015923389867,33.488439956718665,-1.0,-1.0,4761,0.0037990864956479273,0.8602692635469631,0.04288714614473713,7.97959776443589e-07,0.08568252691518326
per231__tu,float64,0.005729845178345597,-6.0,60359.0,60365.0,158.89078446606206,4.691261382896211,-1.0,-1.0,1951,0.001556819523841442,0.9009723937835742,0.04288714614473713,7.97959776443589e-07,0.07635437712855771
rev326__tu,float64,0.005729845178345597,-6.0,494651.0,494657.0,2885.5401179677615,474.53274826922524,-1.0,-2.0,17534,0.01399142672016189,0.6237882980794704,0.04288714614473713,7.97959776443589e-07,0.031399717203055226
std255__tu,float64,0.005729845178345597,-6.0,260080.0,260086.0,2099.6802663494336,129.19414441156852,-1.0,-1.0,9291,0.0074138442829373855,0.7826086262643672,0.04288714614473713,7.97959776443589e-07,0.16178714263371413
ret232__tu,float64,0.005729845178345597,-6.0,27091.0,27097.0,210.75423276950417,21.60678776504234,-1.0,-2.0,3393,0.0027074775214730976,0.8163870615610008,0.04288714614473713,7.97959776443589e-07,0.08724732603678914
ret233__tu,float64,0.005729845178345597,-6.0,45806.0,45812.0,352.2137992117116,42.21722619606191,-1.0,-1.0,4674,0.003729663995097335,0.7987832709328788,0.04288714614473713,1.595919552887178e-06,0.09151082512232724
ret234__tu,float64,0.005729845178345597,-6.0,88800.0,88806.0,615.6732629129226,81.362239426235,-1.0,-1.0,6595,0.00526254472564547,0.7718425529605903,0.04288714614473713,1.595919552887178e-06,0.10382015263374604
ret235__tu,float64,0.005729845178345597,-6.0,120892.0,120898.0,1113.5886427325438,155.4656207009917,-1.0,-1.0,9517,0.007594183192413637,0.7269102359088283,0.04288714614473713,7.97959776443589e-07,0.12820500544208568
ret252__tu,float64,0.005729845178345597,-6.0,11898.0,11904.0,96.70466607760427,8.621245998231721,-1.0,-2.0,2000,0.001595919552887178,0.8163870615610008,0.04288714614473713,7.97959776443589e-07,0.08791920816855464
ret253__tu,float64,0.005729845178345597,-6.0,11765.0,11771.0,94.47249714112264,9.50139802552833,-1.0,-1.0,1982,0.0015815562769111934,0.7987832709328788,0.04288714614473713,2.393879329330767e-06,0.09245880133674221
ret254__tu,float64,0.005729845178345597,-6.0,11765.0,11771.0,97.82061204864425,10.891193396723258,-1.0,-1.0,1959,0.0015632032020529909,0.7718425529605903,0.04288714614473713,2.393879329330767e-06,0.1049396902000964
ret255__tu,float64,0.005729845178345597,-6.0,11765.0,11771.0,105.32464650193667,13.1010033546229,-1.0,-1.0,2056,0.0016406053003680191,0.7269102359088283,0.04288714614473713,2.393879329330767e-06,0.12942189410116214
aut231__tu,float64,0.005729845178345597,-6.0,97798.0,97804.0,1030.0751743627766,70.0466311734158,-1.0,-2.0,6539,0.005217858978164629,0.6714312844918113,0.04288714614473713,7.97959776443589e-07,0.249802105975442
aut232__tu,float64,0.005729845178345597,-6.0,188639.0,188645.0,1850.7492713729957,191.55356943367198,-1.0,-2.0,12400,0.009894701227900505,0.6158709411775971,0.04288714614473713,3.989798882217945e-06,0.26456037204076616
aut233__tu,float64,0.005729845178345597,-6.0,341472.0,341478.0,2770.3874061928705,377.24886051343924,-1.0,-2.0,18243,0.014557180201660394,0.5882383920791321,0.04288714614473713,7.97959776443589e-07,0.26325490984650446
aut234__tu,float64,0.005729845178345597,-6.0,523354.0,523360.0,4463.023601580569,780.2303685935799,-1.0,-2.0,25662,0.020477243783095383,0.555378408485185,0.04288714614473713,7.97959776443589e-07,0.26445264747094627
aut235__tu,float64,0.005729845178345597,-6.0,169393856.0,169393862.0,151504.15080439445,1743.121509324958,-1.0,0.0,35335,0.02819590870063422,0.5070922664930306,0.04288714614473713,7.97959776443589e-07,0.26799399295880294
aut252__tu,float64,0.005729845178345597,-6.0,125595.0,125601.0,1000.3155057725573,97.11229448545957,-1.0,-2.0,9191,0.007334048305293027,0.6158709411775971,0.04288714614473713,7.97959776443589e-07,0.2669534534103205
aut253__tu,float64,0.005729845178345597,-6.0,98401.0,98407.0,1031.627326387023,121.13161388960705,-1.0,-2.0,9627,0.0076819587678224315,0.5882383920791321,0.04288714614473713,7.97959776443589e-07,0.2671074596471741
aut254__tu,float64,0.005729845178345597,-6.0,131008.0,131014.0,1161.156194449326,163.31644850446378,-1.0,-2.0,10310,0.008226965295133403,0.555378408485185,0.04288714614473713,7.97959776443589e-07,0.26848633414086864
aut255__tu,float64,0.005729845178345597,-6.0,28232309.0,28232315.0,25250.92334828485,239.51534556446077,-1.0,0.0,11244,0.008972259726331715,0.5070922664930306,0.04288714614473713,7.97959776443589e-07,0.2717116875572536
std231__tu,float64,0.005729845178345597,-6.0,210002.0,210008.0,942.3995708533815,21.234915368386112,-1.0,-1.0,2918,0.0023284466276623926,0.9206253451176033,0.04288714614473713,7.97959776443589e-07,0.06763507065135861
std232__tu,float64,0.005729845178345597,-6.0,260080.0,260086.0,1530.9109547436276,56.694228995304805,-1.0,-1.0,5387,0.004298609315701614,0.8933263432056917,0.04288714614473713,7.97959776443589e-07,0.085092036680615
std233__tu,float64,0.005729845178345597,-6.0,437662.0,437668.0,2220.8695611410517,108.11760012001315,-1.0,-1.0,8032,0.006409212924394907,0.8663640803194392,0.04288714614473713,7.97959776443589e-07,0.10380100159911139
std234__tu,float64,0.005729845178345597,-6.0,487508.0,487514.0,3120.1448730980683,192.2423164453126,-1.0,-1.0,11293,0.009011359755377452,0.8301670289404052,0.04288714614473713,1.595919552887178e-06,0.12999083942176642
std235__tu,float64,0.005729845178345597,-6.0,592723.0,592729.0,4395.77313145248,364.67525670366007,-1.0,-1.0,16224,0.012946099413020789,0.7826086262643672,0.04288714614473713,7.97959776443589e-07,0.16125490346282625
std252__tu,float64,0.005729845178345597,-6.0,260080.0,260086.0,1196.849298361855,40.98497042761068,-1.0,-1.0,4848,0.0038685089961985196,0.8933263432056917,0.04288714614473713,7.97959776443589e-07,0.08529232458450234
std253__tu,float64,0.005729845178345597,-6.0,260080.0,260086.0,1480.8837404957303,62.849026010296875,-1.0,-1.0,6372,0.005084599695498549,0.8663640803194392,0.04288714614473713,7.97959776443589e-07,0.10413933654432347
std254__tu,float64,0.005729845178345597,-6.0,328362.0,328368.0,1801.1516239869202,89.15083753858136,-1.0,-1.0,7730,0.006168229071908943,0.8301670289404052,0.04288714614473713,1.595919552887178e-06,0.13044487853456282
rev325__tu,float64,0.005729845178345597,-6.0,492159.0,492165.0,2867.406889217526,457.96588402771795,-1.0,-2.0,17299,0.013803906172697647,0.6449382219541078,0.04288714614473713,7.97959776443589e-07,0.03927238835744768
rev327__tu,float64,0.005729845178345597,-6.0,495428.0,495434.0,2904.801066774162,504.4457291596845,-1.0,-2.0,18033,0.01438960864860724,0.585685718754289,0.04288714614473713,7.97959776443589e-07,0.02672606679242513
ret225__tu,float64,0.005729845178345597,-6.0,50.0,56.0,2.483456260676343,-0.6918055914637455,-1.0,-1.0,2719,0.0021696526321501185,0.7536586455749938,0.04288714614473713,4.308982792795381e-05,0.00012687560445453065
ret328__tu,float64,0.005729845178345597,-6.0,90000.0,90006.0,1238.182968262704,312.9562414817794,-1.0,-1.0,11979,0.009558760162017753,0.6983712045043233,0.04288714614473713,7.97959776443589e-07,0.012598188950491383
rev202__tu,float64,0.005729845178345597,-6.0,50.0,56.0,4.0573971248798735,-0.41284926699414937,-1.0,-2.0,4234,0.003378561693462156,0.7328741872779677,0.04288714614473713,0.0011985355842182707,0.00014123888043051527
rev203__tu,float64,0.005729845178345597,-6.0,50.0,56.0,4.101412220550365,-0.23843751496174587,-1.0,-2.0,4249,0.0033905310901088098,0.699804340262816,0.04288714614473713,0.0010963967328334913,0.0001452286793127332
rev204__tu,float64,0.005729845178345597,-6.0,50.0,56.0,4.161021529355086,-0.02795111060041689,-1.0,-2.0,4226,0.003372178015250607,0.6586511607122908,0.04288714614473713,0.0011291130836676784,0.00014283479998340243
rev205__tu,float64,0.005729845178345597,-6.0,50.0,56.0,4.251408138019766,0.28186318022081136,-1.0,-2.0,4211,0.0033602086186039536,0.5976423480445198,0.04288714614473713,0.0011626273942783093,0.00013405724244252296
rev222__tu,float64,0.005729845178345597,-6.0,50.0,56.0,3.8761650205319462,-0.42880762466525596,-1.0,-2.0,4190,0.003343451463298638,0.7328741872779677,0.04288714614473713,0.000537824889322979,0.00013964296087762808
rev223__tu,float64,0.005729845178345597,-6.0,50.0,56.0,3.8771986321426506,-0.24787554380958762,-1.0,-2.0,4185,0.00333946166441642,0.699804340262816,0.04288714614473713,0.0003279614681183151,0.00014203684020695884
rev224__tu,float64,0.005729845178345597,-6.0,50.0,56.0,3.924116743718722,-0.02094923699086184,-1.0,-2.0,4138,0.0033019575549235714,0.6586511607122908,0.04288714614473713,0.00027449816309659463,0.00014203684020695884
rev225__tu,float64,0.005729845178345597,-6.0,50.0,56.0,4.021470691722098,0.3232921027516846,-1.0,-2.0,4107,0.0032772208018538203,0.5976423480445198,0.04288714614473713,0.00026412468600282797,0.00013565316199541013
agg201__tu,float64,0.005729845178345597,-6.0,7559783.0,7559789.0,25055.872233776638,13878.652424680577,3770.0,-2.0,91997,0.07340990555348086,0.34839801595281183,0.042953376806181956,1.595919552887178e-06,0.0001236837653487563
agg124__tu,float64,0.005729845178345597,-6.0,5046828.0,5046834.0,20755.951119289624,10408.857705418784,1803.0,-2.0,79624,0.06353674923954433,0.34860468753491075,0.042953376806181956,7.97959776443589e-07,0.027243144727560575
agg123__tu,float64,0.005729845178345597,-6.0,539411824.0,539411830.0,482475.8051552992,10988.610503065762,1896.0,-2.0,80134,0.06394370872553057,0.3459961570257166,0.042953376806181956,7.97959776443589e-07,0.02591294578022911
agg122__tu,float64,0.005729845178345597,-6.0,5089938.0,5089944.0,21055.67381241896,10700.992017210396,2064.0,-2.0,80544,0.06427087223387243,0.3399994893057431,0.042953376806181956,7.97959776443589e-07,0.026629513659475454
agg121__tu,float64,0.005729845178345597,-6.0,5110855.0,5110861.0,21200.352458484165,10821.258618763546,2184.0,-2.0,81083,0.06470097255337554,0.336153323183285,0.042953376806181956,7.97959776443589e-07,0.026007105033849454
agg120__tu,float64,0.005729845178345597,-6.0,5132501.0,5132507.0,21203.456905631534,10795.031994197236,2178.0,-2.0,80974,0.06461399493774318,0.33468826903373455,0.042953376806181956,7.97959776443589e-07,0.025858684515430948
agg119__tu,float64,0.005729845178345597,-6.0,5154119.0,5154125.0,21436.942673767644,10996.61339646791,2384.0,-2.0,81744,0.06522842396560474,0.3283724174031835,0.042953376806181956,7.97959776443589e-07,0.0263997012438597
agg118__tu,float64,0.005729845178345597,-6.0,5390382.0,5390388.0,22061.801816779902,11077.500900098628,2471.0,-2.0,81851,0.06531380566168421,0.32491485769185346,0.042953376806181956,7.97959776443589e-07,0.025874643710959818
agg117__tu,float64,0.005729845178345597,-6.0,5195328.0,5195334.0,21690.485922905053,11046.150252634065,2463.0,-2.0,81650,0.06515341574661905,0.32301810730324704,0.042953376806181956,7.97959776443589e-07,0.026049396902000962
ret201__tu,float64,0.005729845178345597,-6.0,50.0,56.0,2.005782454133141,-1.2978791346285816,-1.0,-2.0,2494,0.0019901116824503112,0.8848679695753896,0.04288714614473713,7.421025920925377e-05,0.00013325928266607936
ret202__tu,float64,0.005729845178345597,-6.0,50.0,56.0,2.170931400267577,-1.1439635779239645,-1.0,-2.0,2604,0.0020778872578591056,0.8500625600464732,0.04288714614473713,8.059393742080249e-05,0.00013325928266607936
ret203__tu,float64,0.005729845178345597,-6.0,50.0,56.0,2.2465662520607754,-1.0496622635246204,-1.0,-2.0,2616,0.002087462775176429,0.8282463397585055,0.04288714614473713,9.814905250256145e-05,0.00013246132288963577
ret204__tu,float64,0.005729845178345597,-6.0,50.0,56.0,2.3447724995196784,-0.922013962700168,-1.0,-1.0,2679,0.002137734241092375,0.7991495344702664,0.04288714614473713,9.256333406745633e-05,0.00013325928266607936
ret205__tu,float64,0.005729845178345597,-6.0,50.0,56.0,2.4993404177970175,-0.7196755016773115,-1.0,-1.0,2795,0.0022302975751598312,0.7536586455749938,0.04288714614473713,0.00012767356423097425,0.00012607764467808706
ret222__tu,float64,0.005729845178345597,-6.0,50.0,56.0,2.1502322344417153,-1.1415022789731215,-1.0,-2.0,2584,0.002061928062330234,0.8500625600464732,0.04288714614473713,4.867554636305893e-05,0.00013325928266607936
ret223__tu,float64,0.005729845178345597,-6.0,50.0,56.0,2.2165314337458257,-1.0428016048567021,-1.0,-2.0,2594,0.00206990766009467,0.8282463397585055,0.04288714614473713,3.112043128129997e-05,0.00013325928266607936
ret224__tu,float64,0.005729845178345597,-6.0,50.0,56.0,2.3198707317598046,-0.9069973810960135,-1.0,-1.0,2600,0.0020746954187533316,0.7991495344702664,0.04288714614473713,3.351431061063074e-05,0.00013405724244252296
rev201__tu,float64,0.005729845178345597,-6.0,50.0,56.0,3.818780640372861,-0.738844067488247,-2.0,-2.0,3955,0.003155930915834395,0.7889643758837405,0.04288714614473713,0.001205717222206263,0.00014682459886562039
ret327__tu,float64,0.005729845178345597,-6.0,90000.0,90006.0,1208.1235024417294,274.1605271641467,-1.0,-1.0,11743,0.009370441654777066,0.748075321019218,0.04288714614473713,7.97959776443589e-07,0.01336662421520656
rev328__tu,float64,0.005729845178345597,-6.0,493994.0,494000.0,2938.9989431247286,553.5955724403844,-1.0,-2.0,18515,0.014774225260853051,0.524775853098797,0.04288714614473713,7.97959776443589e-07,0.021963044886833344
ret326__tu,float64,0.005729845178345597,-6.0,90000.0,90006.0,1180.5352743109513,250.77858371715197,-1.0,-1.0,11534,0.009203668061500355,0.7768569321957619,0.04288714614473713,7.97959776443589e-07,0.014846041640732974
bkc315__tu,float64,0.005729845178345597,-6.0,999.0,1005.0,13.291507788879114,2.454990280849923,-1.0,-1.0,29,2.3140833516864082e-05,0.6482409774688077,0.04288714614473713,0.0001236837653487563,0.04696950836102254
bkc316__tu,float64,0.005729845178345597,-6.0,191743.0,191749.0,2087.7091755781003,264.4431924455552,-1.0,-2.0,13001,0.010374275053543101,0.768537403566561,0.04288714614473713,7.97959776443589e-07,0.0001236837653487563
bkc317__tu,float64,0.005729845178345597,-6.0,191743.0,191749.0,2242.3989563716727,319.81999623362987,-1.0,-1.0,14075,0.011231283853443515,0.7415304549328278,0.04288714614473713,7.97959776443589e-07,0.0001236837653487563
bkc318__tu,float64,0.005729845178345597,-6.0,198089.0,198095.0,2499.964028640095,409.8988075289101,-1.0,-1.0,15677,0.012509615415306145,0.7042441884589482,0.04288714614473713,7.97959776443589e-07,0.0001236837653487563
bkc319__tu,float64,0.005729845178345597,-6.0,211465.0,211471.0,2890.282158238181,550.7756184986227,-1.0,-1.0,17888,0.01427390448102292,0.6482409774688077,0.04288714614473713,7.97959776443589e-07,0.0001236837653487563
bkc320__tu,float64,0.005729845178345597,-6.0,999.0,1005.0,12.032747196252625,0.44214871416761625,-1.0,-1.0,28,2.2342873740420493e-05,0.6276855336276209,0.04288714614473713,0.0001236837653487563,0.18547298267788917
bkc321__tu,float64,0.005729845178345597,-6.0,999999999.0,1000000005.0,11120635.080891516,123864.73894267138,-1.0,-2.0,11360,0.009064823060399171,0.7279252407444645,0.04288714614473713,0.0001236837653487563,0.10621881972173547
bkc322__tu,float64,0.005729845178345597,-6.0,999999999.0,1000000005.0,11120635.292325607,123844.09567697311,-1.0,-1.0,10678,0.008520614492864644,0.7110244526793893,0.04288714614473713,0.0001236837653487563,0.1393245749268271
bkc323__tu,float64,0.005729845178345597,-6.0,999999999.0,1000000005.0,11120635.494816616,123824.11035703913,-1.0,-1.0,9861,0.007868681355510231,0.6785913775658396,0.04288714614473713,0.0001236837653487563,0.18285966441003643
bkc324__tu,float64,0.005729845178345597,-6.0,999999999.0,1000000005.0,11120635.709331987,123802.56822476293,-1.0,-1.0,8928,0.007124184884088363,0.6276855336276209,0.04288714614473713,0.0001236837653487563,0.24034468670503256
bkc325__tu,float64,0.005729845178345597,-6.0,177374.0,177380.0,1931.3782982976663,220.61354887822816,-1.0,-2.0,12432,0.009920235940746699,0.7279252407444645,0.04288714614473713,7.97959776443589e-07,0.04158567374935764
bkc326__tu,float64,0.005729845178345597,-6.0,171112.0,171118.0,1933.6870030124023,229.07964516324662,-1.0,-1.0,12647,0.01009179729268207,0.7110244526793893,0.04288714614473713,7.97959776443589e-07,0.03178832361418325
bkc327__tu,float64,0.005729845178345597,-6.0,177973.0,177979.0,1948.2310694760456,245.07390144877576,-1.0,-1.0,13093,0.010447687352975911,0.6785913775658396,0.04288714614473713,7.97959776443589e-07,0.027259103923089445
bkc328__tu,float64,0.005729845178345597,-6.0,178965.0,178971.0,1969.6582534770328,272.4162996051695,-1.0,-1.0,13708,0.010938432615488719,0.6276855336276209,0.04288714614473713,7.97959776443589e-07,0.02251603101190875
ret315__tu,float64,0.005729845178345597,-6.0,999.0,1005.0,13.000856455385856,1.6496597499513244,-1.0,-1.0,29,2.3140833516864082e-05,0.7104938094280544,0.04288714614473713,0.0001236837653487563,0.058804049805457406
ret316__tu,float64,0.005729845178345597,-6.0,90000.0,90006.0,1274.311434579871,271.2528287674075,-1.0,-1.0,11864,0.009466994787726741,0.8094950829718576,0.04288714614473713,7.97959776443589e-07,0.0001236837653487563
ret317__tu,float64,0.005729845178345597,-6.0,96132.0,96138.0,1401.609124708723,320.2092290431824,-1.0,-1.0,12622,0.01007184829827098,0.7913295286611193,0.04288714614473713,7.97959776443589e-07,0.0001236837653487563
ret318__tu,float64,0.005729845178345597,-6.0,96132.0,96138.0,1594.2612778951543,399.1493437578799,-1.0,-1.0,13783,0.010998279598721988,0.7610286020702268,0.04288714614473713,7.97959776443589e-07,0.0001236837653487563
ret319__tu,float64,0.005729845178345597,-6.0,99713.0,99719.0,1862.699447342496,524.9364871895538,-1.0,-1.0,15364,0.012259854005279302,0.7104938094280544,0.04288714614473713,1.595919552887178e-06,0.0001236837653487563
ret320__tu,float64,0.005729845178345597,-6.0,999.0,1005.0,12.225455793351486,0.49167009789370536,-1.0,-1.0,28,2.2342873740420493e-05,0.6983712045043233,0.04288714614473713,0.0001236837653487563,0.14090054548530317
ret321__tu,float64,0.005729845178345597,-6.0,999999999.0,1000000005.0,11120634.718883762,123888.77627043176,-1.0,-1.0,10615,0.008470343026948697,0.7929094890184776,0.04288714614473713,0.0001236837653487563,0.0363510576158877
ret322__tu,float64,0.005729845178345597,-6.0,999999999.0,1000000005.0,11120634.922686925,123869.81880248581,-1.0,-1.0,10043,0.008013910034822965,0.7768569321957619,0.04288714614473713,0.0001236837653487563,0.051888930382797266
ret323__tu,float64,0.005729845178345597,-6.0,999999999.0,1000000005.0,11120635.148697315,123848.7711395504,-1.0,-1.0,9230,0.007365168736574327,0.748075321019218,0.04288714614473713,0.0001236837653487563,0.07519414361360872
ret324__tu,float64,0.005729845178345597,-6.0,999999999.0,1000000005.0,11120635.394575438,123825.79992754525,-1.0,-1.0,8125,0.006483423183604161,0.6983712045043233,0.04288714614473713,0.0001236837653487563,0.1115116869188858
ret325__tu,float64,0.005729845178345597,-6.0,90000.0,90006.0,1162.4831600084528,237.7320467029898,-1.0,-1.0,11379,0.009079984296151599,0.7929094890184776,0.04288714614473713,7.97959776443589e-07,0.016915949300827644
st31s__tu,float64,0.005729845178345597,-5.0,100.0,105.0,44.28241430774586,25.045508444010355,-1.0,-1.0,83,6.623066144481788e-05,0.7230999779763102,4.787758658661534e-06,0.2490025502794455,0.010471626146269218
au207s__tu,float64,0.005729845178345597,-4.0,9.0,13.0,1.1246493918072618,-0.1460011043763306,0.0,0.0,12,9.575517317323069e-06,0.28023708980877693,0.04288714614473713,7.97959776443589e-07,0.4998771141944277
st29s__tu,float64,0.005729845178345597,-4.0,55.0,59.0,3.760197889393107,0.15466854346806086,-1.0,-1.0,57,4.5483707257284576e-05,0.7230951902176516,0.04288714614473713,7.97959776443589e-07,0.0001292694837838614
indexq4__tu,float64,0.005729845178345597,-9.0,100.0,109.0,18.77766748514638,5.701007663605693,-1.0,-2.0,105,8.378577652657684e-05,0.7748604368351,0.007496832099687519,0.01233087242538278,0.00965371737541454
indexq2__tu,float64,0.005729845178345597,-9.0,100.0,109.0,19.874768671482627,6.343773839048321,-1.0,-2.0,105,8.378577652657684e-05,0.7717372222700998,0.007797662935406752,0.013859763357048699,0.010177178988761535
indexq1__tu,float64,0.005729845178345597,-9.0,100.0,109.0,18.384680436736986,5.348275928107016,-1.0,-2.0,105,8.378577652657684e-05,0.7741055668865844,0.007690736325363311,0.012986795361619412,0.012893434067775511
index02__tu,float64,0.005729845178345597,-9.0,999.0,1008.0,116.15557533952588,24.021790685575123,-2.0,-2.0,1004,0.0008011516155493634,0.8522545555523637,0.1146588402771793,0.007254252327648668,0.006814576490828251
index01__tu,float64,0.005729845178345597,-9.0,999.0,1008.0,119.85576271126462,30.27500406959486,-1.0,-1.0,1004,0.0008011516155493634,0.8031177884385204,0.11419442768728914,0.0069350684170712325,0.005459640790427036
aggs905__tu,float64,0.005729845178345597,-9.0,12.0,21.0,4.515092794774677,0.5921204663915302,-1.0,-1.0,16,1.2767356423097425e-05,0.7022508849373921,0.013327524186160823,0.034224494811665535,0.0
aggs904__tu,float64,0.005729845178345597,-6.0,532468.0,532474.0,1144.691165600819,210.90122774091205,-1.0,-1.0,8195,0.006539280367955212,0.6889233607512313,0.042953376806181956,1.595919552887178e-06,0.013451207951509581
aggs903__tu,float64,0.005729845178345597,-6.0,1630684.0,1630690.0,3567.104188758758,622.3225560885927,-1.0,-1.0,17156,0.013689797924666213,0.6889233607512313,0.042953376806181956,1.595919552887178e-06,0.013451207951509581
aggs902__tu,float64,0.005729845178345597,-6.0,1609763.0,1609769.0,2538.2461237475395,318.99674352615233,-1.0,-1.0,11423,0.009115094526315117,0.7210268784771098,0.042953376806181956,1.595919552887178e-06,0.014178947267626134
aggs901__tu,float64,0.005729845178345597,-6.0,1357463.0,1357469.0,1900.4409082711054,161.92048570215672,-1.0,-2.0,7557,0.006030182030584202,0.7375957152751844,0.042953376806181956,1.595919552887178e-06,0.01798920520014427
aggs124__tu,float64,0.005729845178345597,-6.0,154507.0,154513.0,368.59597285307495,45.136056929642294,-1.0,-2.0,4322,0.003448782153789192,0.8243961838371652,0.042953376806181956,7.97959776443589e-07,0.027038867024791014
aggs123__tu,float64,0.005729845178345597,-6.0,112990.0,112996.0,359.4754216273206,45.23233077667021,-1.0,-2.0,4247,0.0033889351705559227,0.822410061953597,0.042953376806181956,7.97959776443589e-07,0.02727825495772409
aggs122__tu,float64,0.005729845178345597,-6.0,190005.0,190011.0,390.168203936475,44.85278120900482,-1.0,-2.0,4261,0.003400106607426133,0.8201231092343098,0.042953376806181956,7.97959776443589e-07,0.028855821435753066
aggs121__tu,float64,0.005729845178345597,-6.0,114059.0,114065.0,364.6958166863346,46.12056533854241,-1.0,-2.0,4320,0.0034471862342363045,0.8181856628971047,0.042953376806181956,7.97959776443589e-07,0.029036958305005762
aggs120__tu,float64,0.005729845178345597,-6.0,126275.0,126281.0,355.2152896832228,46.015347958340115,-1.0,-2.0,4241,0.003384147411897261,0.8156728875610838,0.042953376806181956,7.97959776443589e-07,0.028940405172056087
aggs119__tu,float64,0.005729845178345597,-6.0,113644.0,113650.0,385.6114836983377,45.3760465242468,-1.0,-2.0,4240,0.0033833494521208177,0.8134792961356404,0.042953376806181956,7.97959776443589e-07,0.031130804758393738
aggs118__tu,float64,0.005729845178345597,-6.0,93292.0,93298.0,363.5969974945433,45.88848352532246,-1.0,-2.0,4261,0.003400106607426133,0.8113830558029231,0.042953376806181956,7.97959776443589e-07,0.03151781524996888
aggs117__tu,float64,0.005729845178345597,-6.0,121588.0,121594.0,372.80392349553483,46.53272911819061,-1.0,-2.0,4276,0.003412076004072787,0.8089572580825346,0.042953376806181956,7.97959776443589e-07,0.031621550020906546
aggs116__tu,float64,0.005729845178345597,-6.0,83307.0,83313.0,357.87114205038097,46.292920660455344,-1.0,-2.0,4293,0.003425641320272328,0.8068594218302644,0.042953376806181956,7.97959776443589e-07,0.03343212075365705
aggs115__tu,float64,0.005729845178345597,-6.0,80035.0,80041.0,346.6476780736224,46.952113635855845,-1.0,-2.0,4308,0.0034376107169189814,0.8047998876472635,0.042953376806181956,7.97959776443589e-07,0.03388935170555923
aggs114__tu,float64,0.005729845178345597,-6.0,210055.0,210061.0,400.10695586796226,48.076043172815744,-1.0,-2.0,4320,0.0034471862342363045,0.8025344798419402,0.042953376806181956,7.97959776443589e-07,0.033398606443046416
aggs113__tu,float64,0.005729845178345597,-6.0,91802.0,91808.0,349.30715984213316,47.568298175225586,-1.0,-2.0,4353,0.003473518906858943,0.800082349448929,0.042953376806181956,7.97959776443589e-07,0.035365577291979866
aggs112__tu,float64,0.005729845178345597,-6.0,162621.0,162627.0,402.3227907985046,49.10624994015301,-1.0,-2.0,4360,0.003479104625294048,0.7979095049776731,0.042953376806181956,7.97959776443589e-07,0.035529957005927246
aggs111__tu,float64,0.005729845178345597,-6.0,80215.0,80221.0,365.56231617421963,48.74764362478016,-1.0,-2.0,4302,0.00343282295826032,0.7953320948997603,0.042953376806181956,7.97959776443589e-07,0.03599277367626453
indexq3__tu,float64,0.005729845178345597,-9.0,100.0,109.0,19.187720019529213,5.95834091395121,-1.0,-2.0,105,8.378577652657684e-05,0.7716829610053016,0.007458530030418227,0.013155164874449008,0.010205905540713503
walshrs1__tu,float64,0.005729845178345597,-9.0,100.0,109.0,37.30623905312419,16.0488774301865,-1.0,-2.0,93,7.421025920925377e-05,0.7978105579653941,0.045277035675185685,0.13090689724512367,0.0001236837653487563
aggs109__tu,float64,0.005729845178345597,-6.0,73830.0,73836.0,347.4204762973866,49.471973258771975,-1.0,-2.0,4323,0.0034495801135656355,0.7895915722680251,0.042953376806181956,7.97959776443589e-07,0.038428944873746804
walshrs2__tu,float64,0.005729845178345597,-9.0,100.0,109.0,35.78062778616648,16.234699121286695,-1.0,-2.0,105,8.378577652657684e-05,0.7606894691652383,0.008155946875029924,0.12151890047526484,0.00016677359327671012
at32s__tu,float64,0.005729845178345597,-5.0,3217203.0,3217208.0,43745.840528503686,18212.658960769106,4587.0,-3.0,115107,0.0918507559870922,0.27958515667142253,2.393879329330767e-06,7.97959776443589e-07,0.013437642635310039
at31s__tu,float64,0.005729845178345597,-5.0,100.0,105.0,45.094465168243815,48.547520898566546,50.0,100.0,103,8.218985697368967e-05,0.2881887589810373,0.008605996188944108,0.3250177945030147,0.10899252790465339
at30s__tu,float64,0.005729845178345597,-5.0,100.0,105.0,46.250344514120556,57.708028113718846,80.0,100.0,102,8.139189719724608e-05,0.2881887589810373,0.008605996188944108,0.4514457435229605,0.05539835747959617
at29s__tu,float64,0.005729845178345597,-5.0,66.0,71.0,4.760607066382496,1.9438084705026188,1.0,1.0,63,5.027146591594611e-05,0.27958515667142253,2.393879329330767e-06,7.97959776443589e-07,0.013437642635310039
at28b__tu,float64,0.005729845178345597,-5.0,7562882.0,7562887.0,28826.113279560846,17403.11668246627,7594.0,-3.0,104788,0.08361660905397081,0.3016974200364508,0.008894059668240244,1.595919552887178e-06,0.0001236837653487563
at28a__tu,float64,0.005729845178345597,-5.0,30247804.0,30247809.0,73775.9444813746,28946.219265781252,9400.0,-3.0,152981,0.12207268456011669,0.288186365101708,0.008603602309614777,7.97959776443589e-07,0.0001236837653487563
at27s__tu,float64,0.005729845178345597,-6.0,58.0,64.0,4.575401586838921,-0.8713441472842237,-2.0,-6.0,56,4.468574748084099e-05,0.5196194370234185,0.23007574234198003,7.97959776443589e-07,0.06407696800819665
at25s__tu,float64,0.005729845178345597,-6.0,63.0,69.0,4.6853904740324435,0.23318299771145137,1.0,-3.0,60,4.787758658661534e-05,0.4064376202924363,0.12336936919683753,7.97959776443589e-07,0.06596414287948574
at24s__tu,float64,0.005729845178345597,-6.0,80.0,86.0,4.6825536407761605,0.9610451996335768,1.0,1.0,65,5.186738546883329e-05,0.3381482226243939,0.05874500078200058,7.97959776443589e-07,0.06388226582274441
at21s__tu,float64,0.005729845178345597,-5.0,999.0,1004.0,28.90953733574179,20.561819539800638,11.0,1.0,432,0.00034471862342363047,0.042931033932441534,4.38877877043974e-05,0.0001236837653487563,0.01633902438245893
at20s__tu,float64,0.005729845178345597,-5.0,999.0,1004.0,75.86283227477172,118.54050523621206,114.0,-4.0,699,0.0005577738837340687,0.042931033932441534,4.38877877043974e-05,2.8726551951969206e-05,0.0004707962681017175
at12s__tu,float64,0.005729845178345597,-4.0,83.0,87.0,4.883294882458089,2.1251049317106023,2.0,1.0,66,5.266534524527688e-05,0.2606830854870268,0.04288714614473713,7.97959776443589e-07,0.019023361070415162
at09s__tu,float64,0.005729845178345597,-5.0,94.0,99.0,3.433969610881535,2.211831190013374,1.0,0.0,74,5.904902345682559e-05,0.042931033932441534,4.38877877043974e-05,1.595919552887178e-06,0.2740712546161973
at06s__tu,float64,0.005729845178345597,-5.0,26.0,31.0,1.4450871446197533,0.39824815910679573,0.0,0.0,29,2.3140833516864082e-05,0.042931033932441534,4.38877877043974e-05,2.393879329330767e-06,0.6347379021318293
at03s__tu,float64,0.005729845178345597,-4.0,86.0,90.0,4.661699592628371,1.7260651965055744,1.0,1.0,67,5.3463305021720466e-05,0.2760725377355178,0.04288714614473713,7.97959776443589e-07,0.05610614780130163
at02s__tu,float64,0.005729845178345597,-4.0,88.0,92.0,4.394576861525998,2.9022068375577326,2.0,1.0,66,5.266534524527688e-05,0.04288714614473713,0.04288714614473713,7.97959776443589e-07,0.21791962310763838
at01s__tu,float64,0.005729845178345597,0.0,450.0,450.0,12.111593874017302,12.566485210613504,9.0,2.0,212,0.00016916747260604088,0.0,0.04301082991008589,7.97959776443589e-07,0.04301082991008589
aggs911__tu,float64,0.005729845178345597,-9.0,8647.0,8656.0,42.81925192826628,18.28541026303946,-1.0,-2.0,457,0.0003646676178347202,0.7742691486407554,0.013327524186160823,1.595919552887178e-06,0.00685447447965043
aggs910__tu,float64,0.005729845178345597,-9.0,364922.0,364931.0,1898.1583188259779,470.88247169636674,-1.0,-1.0,14719,0.011745169949473187,0.7050541176320384,0.013327524186160823,7.97959776443589e-07,0.00029604307706057153
aggs909__tu,float64,0.005729845178345597,-9.0,211846.0,211855.0,1450.1765593600835,370.3108324635572,-1.0,-1.0,12767,0.010187552465855301,0.7050549155918149,0.013327524186160823,7.97959776443589e-07,0.017666829450461063
aggs908__tu,float64,0.005729845178345597,-9.0,728.0,737.0,27.897086832106606,7.721907826070304,-1.0,-1.0,549,0.0004380799172675304,0.7022508849373921,0.013327524186160823,1.595919552887178e-06,0.0001236837653487563
aggs907__tu,float64,0.005729845178345597,-9.0,1629063.0,1629072.0,3002.760837437808,426.50813440196106,-1.0,-1.0,12797,0.010211491259148608,0.7022508849373921,0.013327524186160823,1.595919552887178e-06,0.0001236837653487563
aggs906__tu,float64,0.005729845178345597,-9.0,100000.0,100009.0,1788.5917147071148,459.3798671556564,-1.0,-1.0,2440,0.0019470218545223573,0.7062414817793865,0.013327524186160823,2.393879329330767e-06,0.00012607764467808706
aggs110__tu,float64,0.005729845178345597,-6.0,74996.0,75002.0,361.08274922240463,48.40400464093406,-1.0,-2.0,4287,0.0034208535616136663,0.7922088803347601,0.042953376806181956,7.97959776443589e-07,0.03823903044695323
aggs108__tu,float64,0.005729845178345597,-6.0,181172.0,181178.0,420.1395507842986,49.86928461310122,-1.0,-2.0,4245,0.0033873392510030353,0.7863255229030415,0.042953376806181956,7.97959776443589e-07,0.037725144350923556
at33b__tu,float64,0.005729845178345597,-5.0,1250475.0,1250480.0,27694.874508008263,15943.950949412541,5236.0,-3.0,103814,0.08283939623171475,0.2928057542475399,2.393879329330767e-06,7.97959776443589e-07,0.014476586264239592
cv11__tu,float64,0.005729845178345597,-6.0,85.0,91.0,5.470595467793049,4.579046693414278,3.0,1.0,80,6.383678211548712e-05,0.042953376806181956,0.042953376806181956,7.97959776443589e-07,0.10834139272707541
cv09__tu,float64,0.005729845178345597,-6.0,7.0,13.0,1.0641280865834184,-1.170826430981267,-1.0,-1.0,9,7.1816379879923015e-06,0.9760620046664688,0.042953376806181956,7.97959776443589e-07,0.005696634844030782
cv08__tu,float64,0.005729845178345597,-6.0,3105000.0,3105006.0,26740.726660042666,2926.5334672309837,-1.0,-1.0,12264,0.009786178698304176,0.9818703538792016,0.042953376806181956,7.97959776443589e-07,0.0001236837653487563
cv07__tu,float64,0.005729845178345597,-6.0,3217203.0,3217209.0,22737.307796878093,2243.6278291663875,-1.0,-1.0,14473,0.011548871844468064,0.9841892249895468,0.042953376806181956,7.97959776443589e-07,0.0007133760401405685
cv06__tu,float64,0.005729845178345597,-6.0,4.0,10.0,1.2284788250888976,-0.23907034494205215,0.0,0.0,6,4.787758658661534e-06,0.042953376806181956,0.042953376806181956,2.393879329330767e-06,0.9390374689992627
cv05__tu,float64,0.005729845178345597,-6.0,999.0,1005.0,19.51371006009694,10.05844656382561,5.0,-6.0,86,6.862454077414866e-05,0.2881903549005902,0.16294817410843954,0.0001236837653487563,0.00033354718655342024
cv04__tu,float64,0.005729845178345597,-6.0,999.0,1005.0,18.455447982930984,9.699649536066186,5.0,-6.0,85,6.782658099770506e-05,0.16294817410843954,0.16294817410843954,0.0001308654033367486,0.0012695540043217502
cv03__tu,float64,0.005729845178345597,-6.0,999.0,1005.0,17.516508484410323,3.185499315350512,-1.0,-1.0,86,6.862454077414866e-05,0.8625075407198874,0.042953376806181956,0.0001236837653487563,0.0012065151819827067
cv02__tu,float64,0.005729845178345597,-6.0,999.0,1005.0,13.068214440383782,-0.14517681192726437,-1.0,-1.0,86,6.862454077414866e-05,0.9744804483895576,0.042953376806181956,0.0001236837653487563,0.00020188382344022804
cv01__tu,float64,0.005729845178345597,-6.0,999.0,1005.0,24.33758751346994,16.033827110842996,6.0,-1.0,86,6.862454077414866e-05,0.3739901819029106,0.042953376806181956,0.0001236837653487563,0.014261935084376266
paymnt11__tu,float64,0.005729845178345597,-6.0,670.0,676.0,21.536055386896226,13.53071905751375,8.0,-2.0,336,0.0002681144848850459,0.17622063907002575,0.042953376806181956,7.97959776443589e-07,0.0974763724110195
paymnt10__tu,float64,0.005729845178345597,-6.0,188.0,194.0,6.105095189898754,3.0338773823089125,2.0,-2.0,108,8.617965585590762e-05,0.2274193342461993,0.042953376806181956,7.97959776443589e-07,0.14619580656178283
paymnt09__tu,float64,0.005729845178345597,-6.0,50.0,56.0,2.608511882400707,-1.3627068231944561,-2.0,-2.0,2930,0.0023380221449797157,0.8919825789421607,0.042953376806181956,0.00025295324913261774,0.0001316633631131922
paymnt08__tu,float64,0.005729845178345597,-6.0,50.0,56.0,2.8545529612542917,-1.2450332190654938,-2.0,-2.0,3054,0.002436969157258721,0.8314094523123279,0.042953376806181956,0.00027769000220236896,0.00013485520221896656
paymnt07__tu,float64,0.005729845178345597,-6.0,50.0,56.0,3.3780662171946445,-0.6666444913644795,-2.0,-2.0,3848,0.0030705492197549305,0.602321584173585,0.042953376806181956,0.00047877586586615343,0.0003215777899067664
paymnt06__tu,float64,0.005729845178345597,-6.0,50.0,56.0,3.045356935648129,-0.5379607898525053,-2.0,-2.0,3330,0.0026572060555571514,0.5764517282212839,0.042953376806181956,0.0006742760110948328,0.00025295324913261774
paymnt05__tu,float64,0.005729845178345597,-6.0,3489375.0,3489381.0,7182.314568897249,1204.127138133221,0.0,0.0,29590,0.0236116297849658,0.3178321667161402,0.042953376806181956,1.595919552887178e-06,0.2984321686312436
paymnt04__tu,float64,0.005729845178345597,-6.0,466169.0,466175.0,2323.768952401563,275.1391857299257,0.0,0.0,14404,0.011493812619893457,0.38370534218111135,0.042953376806181956,7.97959776443589e-07,0.4060394383639909
paymnt03__tu,float64,0.005729845178345597,-6.0,170821.0,170827.0,1253.0118349350455,93.66361686440109,0.0,0.0,7810,0.00623206585402443,0.42755881761512166,0.042953376806181956,7.97959776443589e-07,0.4671168755725361
paymnt02__tu,float64,0.005729845178345597,-6.0,222.0,228.0,3.6465863656689073,0.7450031758799103,0.0,0.0,87,6.942250055059224e-05,0.3178321667161402,0.042953376806181956,7.97959776443589e-07,0.2984321686312436
paymnt01__tu,float64,0.005729845178345597,-6.0,59.0,65.0,1.8925333314845239,-0.49540055984857917,0.0,0.0,40,3.191839105774356e-05,0.38370534218111135,0.042953376806181956,7.97959776443589e-07,0.4060394383639909
walshr10__tu,float64,0.005729845178345597,-6.0,999.0,1005.0,320.6009184333003,114.5147694375022,-2.0,-2.0,27,2.1544913963976904e-05,0.8758430445038127,0.042953376806181956,0.11612549034628263,0.0
walshr09__tu,float64,0.005729845178345597,-6.0,999.0,1005.0,298.4135822577801,97.279308264629,-2.0,-2.0,27,2.1544913963976904e-05,0.8758430445038127,0.042953376806181956,0.09870363454718975,0.0
walshr08__tu,float64,0.005729845178345597,-6.0,100.0,106.0,6.946683736577748,-0.3336661064989036,-2.0,-2.0,7601,0.00606529226074772,0.886588370853402,0.042953376806181956,0.00033673902565919457,0.02993705693283413
cv10__tu,float64,0.005729845178345597,-6.0,86.0,92.0,5.692232243231649,5.090809418478833,4.0,1.0,79,6.303882233904353e-05,0.042953376806181956,0.042953376806181956,7.97959776443589e-07,0.08410416247737784
cv12__tu,float64,0.005729845178345597,-6.0,85.0,91.0,5.322257653031751,4.281546541801921,3.0,1.0,77,6.144290278615635e-05,0.042953376806181956,0.042953376806181956,7.97959776443589e-07,0.12494374383576072
aggs107__tu,float64,0.005729845178345597,-6.0,75013.0,75019.0,372.8449294251458,49.19730273636367,-1.0,-2.0,4303,0.0034336209180367634,0.7829022754620985,0.042953376806181956,7.97959776443589e-07,0.04032649322212966
cv13__tu,float64,0.005729845178345597,-6.0,100.0,106.0,30.06848173386895,45.68364326091051,46.0,100.0,102,8.139189719724608e-05,0.042953376806181956,0.042953376806181956,0.08708214836306531,0.08410575839693073
aggs106__tu,float64,0.005729845178345597,-6.0,128574.0,128580.0,391.34680076302664,50.793805597847424,-1.0,-2.0,4294,0.0034264392800487714,0.7793242238245255,0.042953376806181956,7.97959776443589e-07,0.04097683043993118
aggs105__tu,float64,0.005729845178345597,-6.0,75551.0,75557.0,346.7254326761804,51.02701971599016,-1.0,-2.0,4260,0.0033993086476496893,0.7750894512909393,0.042953376806181956,7.97959776443589e-07,0.04004640934059796
aggs104__tu,float64,0.005729845178345597,-6.0,251603.0,251609.0,473.28385804079574,51.08552453087945,-1.0,-2.0,4215,0.0033634004577097277,0.7698197249273059,0.042953376806181956,1.595919552887178e-06,0.04257913367102991
aggs103__tu,float64,0.005729845178345597,-6.0,426324.0,426330.0,650.0990603928177,52.57641183023246,-1.0,-2.0,4182,0.0033370677850870895,0.7645316454888142,0.042953376806181956,1.595919552887178e-06,0.04325819744078341
aggs102__tu,float64,0.005729845178345597,-6.0,532468.0,532474.0,756.1260275374976,53.602885741735534,-1.0,-2.0,4126,0.0032923820376062484,0.7587719718224444,0.042953376806181956,1.595919552887178e-06,0.042817723644186546
aggs101__tu,float64,0.005729845178345597,-6.0,398671.0,398677.0,601.1954677152931,53.00583627780491,-1.0,-2.0,4073,0.003250090169454738,0.7525335222902084,0.042953376806181956,1.595919552887178e-06,0.04540071944053444
cv30__tu,float64,0.005729845178345597,-7.0,999.0,1006.0,274.47999267081843,917.3191448105484,999.0,999.0,34,2.7130632399082028e-05,0.07404348561597707,0.031090108809795115,0.9186456069122467,0.002252640448900252
cv29__tu,float64,0.005729845178345597,-6.0,18.0,24.0,1.235588265936335,-0.2469629650908557,0.0,0.0,17,1.3565316199541014e-05,0.042953376806181956,0.042953376806181956,7.97959776443589e-07,0.9523386605128009
cv28__tu,float64,0.005729845178345597,-7.0,100.0,107.0,10.805435878086836,0.30465545692772716,-1.0,0.0,75,5.984698323326918e-05,0.524209301657522,0.13887691949224223,0.006330214906526992,0.4247140910121003
cv27__tu,float64,0.005729845178345597,-7.0,100.0,107.0,13.752889271438804,1.1713044088873568,-1.0,0.0,74,5.904902345682559e-05,0.524209301657522,0.13887691949224223,0.012388325529286719,0.4139623809842993
cv26__tu,float64,0.005729845178345597,-7.0,100.0,107.0,11.4663045537758,4.252062726022107,0.0,0.0,99,7.899801786791531e-05,0.09812750758859748,0.05517413078241552,0.0029444715750768435,0.5959562590368944
cv25__tu,float64,0.005729845178345597,-7.0,100.0,107.0,7.980587194714658,1.1561774854053157,0.0,0.0,95,7.580617876214095e-05,0.09812750758859748,0.05517413078241552,0.0024321813986000595,0.778920456177645
cv24__tu,float64,0.005729845178345597,-7.0,397031.0,397038.0,551.6319398590006,30.580103990118065,-1.0,-1.0,3006,0.002398667087989429,0.7159813788106569,0.18035247479245067,1.595919552887178e-06,0.1400571020016023
cv23__tu,float64,0.005729845178345597,-7.0,57604.0,57611.0,192.37126821136374,23.185966919779506,-1.0,-1.0,1930,0.0015400623685361268,0.7306470815419136,0.18035247479245067,7.97959776443589e-07,0.005066246620640346
cv22__tu,float64,0.005729845178345597,-7.0,211846.0,211853.0,3528.28351417655,960.440598278322,-1.0,-1.0,23397,0.018669864889450653,0.5657079977912474,0.18035247479245067,7.97959776443589e-07,0.07741087587256902
cv21__tu,float64,0.005729845178345597,-7.0,999999998.0,1000000005.0,893307.4561863793,1465.4569907660095,0.0,0.0,16877,0.013467167147038451,0.1771550499682412,0.07925655683548304,7.97959776443589e-07,0.3253992192761547
cv20__tu,float64,0.005729845178345597,-7.0,1402875.0,1402882.0,2404.6898820255024,556.0510446889393,310.0,-2.0,9441,0.007533538249403924,0.21111621805368036,0.07925655683548304,7.97959776443589e-07,0.04590423205947035
cv19__tu,float64,0.005729845178345597,-7.0,7132664.0,7132671.0,60310.064664633435,31069.9380336356,10910.0,-7.0,162113,0.12935965323859955,0.12244692769526874,0.07925655683548304,7.97959776443589e-07,0.05256639823299787
cv18__tu,float64,0.005729845178345597,-7.0,51.0,58.0,3.2066821450813827,-0.5518602038308453,0.0,0.0,45,3.590818993996151e-05,0.2619023680254326,0.11073128225752396,7.97959776443589e-07,0.5076189199454834
cv17__tu,float64,0.005729845178345597,-7.0,51.0,58.0,3.2659597832927907,-0.2276826609724257,0.0,0.0,47,3.7504109492848685e-05,0.22475654247220705,0.09782268695399603,7.97959776443589e-07,0.44546423703873933
cv16__tu,float64,0.005729845178345597,-6.0,17.0,23.0,2.131166704655717,-0.3538656363410033,0.0,0.0,18,1.4363275975984603e-05,0.10991816124532794,0.10991816124532794,1.595919552887178e-06,0.6967321951235083
cv15__tu,float64,0.005729845178345597,-6.0,38.0,44.0,3.0113054034979436,0.7661491099556653,1.0,0.0,39,3.112043128129997e-05,0.10991816124532794,0.10991816124532794,7.1816379879923015e-06,0.29482938024060085
cv14__tu,float64,0.005729845178345597,0.0,181.0,181.0,5.017056484567404,4.879315765450895,4.0,1.0,108,8.617965585590762e-05,0.0,0.1100418450106767,7.97959776443589e-07,0.1100418450106767
at33a__tu,float64,0.005729845178345597,-5.0,3439700.0,3439705.0,55616.52398577632,26467.414461903805,6716.5,-3.0,151356,0.12077599992339585,0.27958515667142253,2.393879329330767e-06,7.97959776443589e-07,0.013437642635310039
at34a__tu,float64,0.005729845178345597,-5.0,999.0,1004.0,47.074836553981726,59.36979849919725,77.0,-3.0,447,0.00035668802007028427,0.2881903549005902,0.008607592108496995,1.595919552887178e-05,0.012642076738195781
walshr06__tu,float64,0.005729845178345597,-6.0,6.0,12.0,1.1623978793031817,-1.5969656781540955,-2.0,-2.0,10,7.97959776443589e-06,0.886588370853402,0.042953376806181956,1.595919552887178e-06,0.10863982968346532
bi30s__tu,float64,0.005729845178345597,-5.0,100.0,105.0,33.04526339697739,10.66416426480774,-1.0,-1.0,64,5.10694256923897e-05,0.8653554591620145,8.77755754087948e-06,0.1167933826791659,0.01114989195624627
bi28s__tu,float64,0.005729845178345597,-5.0,1245000.0,1245005.0,12759.163325302721,3138.427384862384,-1.0,-1.0,50851,0.04057705259193294,0.8653554591620145,8.77755754087948e-06,1.595919552887178e-06,0.0001236837653487563
bi27s__tu,float64,0.005729845178345597,-6.0,50.0,56.0,2.5175302571662814,-1.313286189869741,-1.0,-1.0,50,3.989798882217945e-05,0.9001113951847916,0.035218752693114246,7.97959776443589e-07,0.012906999383975052
bi25s__tu,float64,0.005729845178345597,-6.0,50.0,56.0,2.587409734017101,-1.168982345937906,-1.0,-1.0,48,3.8302069269292274e-05,0.884573522417882,0.019693647282627777,1.595919552887178e-06,0.014340933102244182
bi24s__tu,float64,0.005729845178345597,-6.0,52.0,58.0,2.6067928298444047,-1.0839485603209713,-1.0,-1.0,49,3.9100029045735864e-05,0.8748248478290707,0.009951356372027998,7.97959776443589e-07,0.014840455922297869
bi21s__tu,float64,0.005729845178345597,-5.0,999.0,1004.0,46.66378765395142,25.782930204054274,-1.0,-1.0,423,0.00033753698543563813,0.6229719852281687,1.9151034634646137e-05,0.0001236837653487563,0.00018592462791135626
bi20s__tu,float64,0.005729845178345597,-5.0,551.0,556.0,58.30152192984463,36.88920248708103,-1.0,-1.0,452,0.0003606778189525022,0.6229719852281687,1.9151034634646137e-05,7.97959776443589e-07,0.0001763491105940332
bi12s__tu,float64,0.005729845178345597,-4.0,52.0,56.0,2.7005632861091855,-0.9511449126872412,-1.0,-1.0,48,3.8302069269292274e-05,0.864634901483886,0.04288714614473713,7.97959776443589e-07,0.0008354638859364378
bi09s__tu,float64,0.005729845178345597,-5.0,31.0,36.0,1.1947911530297988,-0.5975633500266518,-1.0,-1.0,32,2.553471284619485e-05,0.6229719852281687,1.9151034634646137e-05,7.97959776443589e-07,0.3004302599114584
bi06s__tu,float64,0.005729845178345597,-5.0,11.0,16.0,0.896775650012763,-0.7196926897308961,-1.0,-1.0,15,1.1969396646653836e-05,0.6229719852281687,1.9151034634646137e-05,7.97959776443589e-07,0.3540028854225516
bi03s__tu,float64,0.005729845178345597,-4.0,52.0,56.0,2.6106494587018894,-1.0004572309519022,-1.0,-1.0,48,3.8302069269292274e-05,0.8648671077788311,0.04288714614473713,7.97959776443589e-07,0.014909080463072018
bi02s__tu,float64,0.005729845178345597,-4.0,52.0,56.0,2.445508378223218,-0.22467914037389203,-1.0,-1.0,47,3.7504109492848685e-05,0.622952834193534,0.04288714614473713,7.97959776443589e-07,0.2418057510557008
bi01s__tu,float64,0.005729845178345597,-4.0,136.0,140.0,3.7480172438321073,1.368455532893498,0.0,0.0,92,7.341229943281019e-05,0.04288714614473713,0.04288714614473713,7.97959776443589e-07,0.5801893718141455
bc110s__tu,float64,0.005729845178345597,-5.0,190143.0,190148.0,1762.8455458582935,326.17117992716226,-1.0,-1.0,13887,0.01108126741547212,0.5236419522564707,0.0005442085675345277,7.97959776443589e-07,0.28313208787771427
bc109s__tu,float64,0.005729845178345597,-5.0,23.0,28.0,1.3800612522150155,-0.5283690659721225,-1.0,-1.0,25,1.9948994411089726e-05,0.5236419522564707,0.0005442085675345277,1.595919552887178e-06,0.30158331178841935
bc108s__tu,float64,0.005729845178345597,-4.0,597.0,601.0,22.59065607021777,9.352467610812674,0.0,-1.0,378,0.0003016287954956767,0.38450170603800204,0.04288714614473713,7.97959776443589e-07,0.22839922885167205
bc107s__tu,float64,0.005729845178345597,-4.0,180.0,184.0,5.1439322425610445,1.9379019722373834,0.0,-1.0,122,9.735109272611786e-05,0.38450170603800204,0.04288714614473713,7.97959776443589e-07,0.19818448191663554
bc106s__tu,float64,0.005729845178345597,-4.0,26.0,30.0,1.7699608324409297,0.20662370451230294,0.0,-1.0,27,2.1544913963976904e-05,0.38450170603800204,0.04288714614473713,1.595919552887178e-06,0.24193342461993175
bc104s__tu,float64,0.005729845178345597,-5.0,999.0,1004.0,41.84351943909262,19.936456069122467,-1.0,-1.0,425,0.0003391329049885253,0.7360205426764848,1.1969396646653836e-05,1.1969396646653836e-05,0.015169215350192628
bc103s__tu,float64,0.005729845178345597,-5.0,211846.0,211851.0,1454.434302430229,484.167243591585,-1.0,-1.0,12800,0.01021388513847794,0.6190970925537586,0.09599934886482242,7.97959776443589e-07,0.0001236837653487563
bc102s__tu,float64,0.005729845178345597,-5.0,285316.0,285321.0,1491.0815479735697,352.0902891487046,-1.0,-1.0,6277,0.005008793516736408,0.7360205426764848,1.1969396646653836e-05,7.97959776443589e-07,0.0001236837653487563
bc101s__tu,float64,0.005729845178345597,-5.0,372431.0,372436.0,3697.036165656318,1032.6593812939077,-1.0,-1.0,24109,0.019238012250278488,0.5231256722811116,2.7928592175525617e-05,7.97959776443589e-07,0.09609510403799565
bc98a__tu,float64,0.005729845178345597,-5.0,325207.0,325212.0,2055.53569113459,223.77218886750356,-1.0,-1.0,12550,0.010014395194367042,0.7360205426764848,1.1969396646653836e-05,7.97959776443589e-07,0.08240849795243521
bc97b__tu,float64,0.005729845178345597,-5.0,245499.0,245504.0,2677.1024876630327,469.28857736539214,-1.0,-1.0,13786,0.011000673478051318,0.7405186419362972,0.00017315727148825883,7.97959776443589e-07,0.0986844835125551
bi29s__tu,float64,0.005729845178345597,-4.0,52.0,56.0,2.700588663997339,-0.9525684729284166,-1.0,-1.0,49,3.9100029045735864e-05,0.8653466816044737,0.04288714614473713,7.97959776443589e-07,0.0001236837653487563
bi31s__tu,float64,0.005729845178345597,-5.0,100.0,105.0,31.127640803643477,9.268237370690619,-1.0,-1.0,73,5.8251063680382e-05,0.8653554591620145,8.77755754087948e-06,0.09812750758859748,0.023177539666580486
bc57s__tu,float64,0.005729845178345597,-5.0,52917.0,52922.0,99.08672665496792,8.514093565571546,-1.0,-1.0,1682,0.0013421683439781167,0.7360468753491074,3.8302069269292274e-05,7.97959776443589e-07,0.2203342493911567
bi32s__tu,float64,0.005729845178345597,-4.0,634481.0,634485.0,9541.379643391989,1872.8741457840592,-1.0,-1.0,38230,0.03050600225343841,0.8653466816044737,0.04288714614473713,7.97959776443589e-07,0.0001236837653487563
br33s__tu,float64,0.005729845178345597,-5.0,1400126.0,1400131.0,4235.884314201816,536.0379828853587,-1.0,-1.0,17122,0.013662667292267132,0.7467842221009323,7.97959776443589e-07,7.97959776443589e-07,0.013523024331389502
br32s__tu,float64,0.005729845178345597,-5.0,1399658.0,1399663.0,3674.1242028663733,377.2304475915978,-1.0,-1.0,12644,0.01008940341335274,0.7467842221009323,7.97959776443589e-07,7.97959776443589e-07,0.013523024331389502
br31s__tu,float64,0.005729845178345597,-5.0,100.0,105.0,37.602357840648864,15.93687739188443,-1.0,-1.0,82,6.54327016683743e-05,0.7467969894573554,1.3565316199541014e-05,0.1539056939217808,0.060494926571741374
br30s__tu,float64,0.005729845178345597,-5.0,100.0,105.0,39.93431296419913,18.41601712740864,-1.0,-1.0,74,5.904902345682559e-05,0.7467969894573554,1.3565316199541014e-05,0.18244871512516797,0.03979425405124178
br29s__tu,float64,0.005729845178345597,-5.0,21.0,26.0,2.0065072263524373,-1.1394059668240244,-1.0,-1.0,26,2.0746954187533315e-05,0.7467842221009323,7.97959776443589e-07,7.97959776443589e-07,0.013523024331389502
br28s__tu,float64,0.005729845178345597,-5.0,1400500.0,1400505.0,5200.402760897304,762.8517231143412,-1.0,-1.0,6840,0.005458044870874149,0.746796191497579,1.2767356423097425e-05,7.97959776443589e-07,0.0001236837653487563
br27s__tu,float64,0.005729845178345597,-6.0,19.0,25.0,2.1254567422534576,-2.2885582143575305,-3.0,-1.0,26,2.0746954187533315e-05,0.8931882961643669,0.14475947896418437,3.191839105774356e-06,0.013623567263221396
br25s__tu,float64,0.005729845178345597,-6.0,23.0,29.0,2.1393673444485604,-1.9099550269869996,-1.0,-1.0,29,2.3140833516864082e-05,0.8430508874908633,0.0956051567352593,1.595919552887178e-06,0.0202633905630085
br24s__tu,float64,0.005729845178345597,-6.0,24.0,30.0,2.102926879837169,-1.583286253706523,-1.0,-1.0,30,2.393879329330767e-05,0.8001844883003137,0.053521556085400844,2.393879329330767e-06,0.025883421268500698
br21s__tu,float64,0.005729845178345597,-5.0,999.0,1004.0,39.390051389062,25.05308587004746,6.0,-1.0,494,0.000394192129563133,0.39423601735083735,1.1171436870210247e-05,0.0001236837653487563,0.006947037813717886
br20s__tu,float64,0.005729845178345597,-5.0,746.0,751.0,68.32993210045461,53.047830506959805,24.0,-1.0,653,0.0005210677340176637,0.39423601735083735,1.1171436870210247e-05,7.97959776443589e-07,0.0015544256445121113
br12s__tu,float64,0.005729845178345597,-4.0,27.0,31.0,2.0689068734965312,-1.0791384587885693,-1.0,-1.0,29,2.3140833516864082e-05,0.7348036540174083,0.04288714614473713,7.97959776443589e-07,0.01210345388909636
br09s__tu,float64,0.005729845178345597,-5.0,18.0,23.0,1.4407165461270497,-0.07475925553544698,0.0,-1.0,21,1.675715530531537e-05,0.39423601735083735,1.1171436870210247e-05,1.595919552887178e-06,0.33086763762412263
br06s__tu,float64,0.005729845178345597,-5.0,12.0,17.0,1.050543413112154,-0.38601224389480976,0.0,0.0,15,1.1969396646653836e-05,0.39423601735083735,1.1171436870210247e-05,7.97959776443589e-07,0.4980777148985474
br03s__tu,float64,0.005729845178345597,-4.0,27.0,31.0,1.9943715127164892,-1.1568134593471413,-1.0,-1.0,30,2.393879329330767e-05,0.7456830376094402,0.04288714614473713,7.97959776443589e-07,0.028266129160961256
br02s__tu,float64,0.005729845178345597,-4.0,27.0,31.0,1.563042444810978,-0.035644065253958676,0.0,-1.0,27,2.1544913963976904e-05,0.39422484591396717,0.04288714614473713,7.97959776443589e-07,0.34070249186878987
br01s__tu,float64,0.005729845178345597,-4.0,112.0,116.0,3.072976866187321,1.8188974430176923,1.0,0.0,49,3.9100029045735864e-05,0.04288714614473713,0.04288714614473713,7.97959776443589e-07,0.3514613835345788
bi101s__tu,float64,0.005729845178345597,-5.0,1726740.0,1726745.0,16097.5909310934,3882.066947229324,-1.0,-1.0,60595,0.048352372653599276,0.8042078014931423,0.00010054293183189222,1.595919552887178e-06,0.03541026303946071
bi57s__tu,float64,0.005729845178345597,-5.0,118562.0,118567.0,410.1646849059313,22.363551272107475,-1.0,-1.0,4235,0.0033793596532385997,0.8653754081564257,2.8726551951969206e-05,7.97959776443589e-07,0.11667368871269937
bi36s__tu,float64,0.005729845178345597,-4.0,999.0,1003.0,362.99354245364947,162.7097365456002,-1.0,-1.0,144,0.00011490620780787682,0.622952834193534,0.04288714614473713,0.15828569513467966,0.016429193837197053
bi35s__tu,float64,0.005729845178345597,-4.0,533290.0,533294.0,8061.629919130287,1436.8830605906817,-1.0,-1.0,32924,0.026272027679628725,0.8653466816044737,0.04288714614473713,2.393879329330767e-06,0.0001236837653487563
bi34s__tu,float64,0.005729845178345597,-5.0,999.0,1004.0,38.170817172942336,12.313323693979234,-1.0,-1.0,450,0.0003590818993996151,0.865356257121791,9.575517317323069e-06,3.191839105774356e-06,0.00019869198433445368
bi33s__tu,float64,0.005729845178345597,-4.0,782306.0,782310.0,14953.008352903722,3439.165022869527,-1.0,-1.0,57665,0.04601435050861956,0.8653466816044737,0.04288714614473713,7.97959776443589e-07,0.0001236837653487563
bc97a__tu,float64,0.005729845178345597,-5.0,325207.0,325212.0,2031.4756561734182,220.14993025831555,-1.0,-1.0,12441,0.009927417578734691,0.7371696047545635,1.1171436870210247e-05,7.97959776443589e-07,0.08211245487537464
bc36s__tu,float64,0.005729845178345597,-4.0,999.0,1003.0,341.773819735395,143.01858208931404,0.0,-1.0,149,0.00011889600669009476,0.38450170603800204,0.04288714614473713,0.1372562631862853,0.19692290751007824
at34b__tu,float64,0.005729845178345597,-5.0,999.0,1004.0,47.45806255240389,57.324303620503095,73.0,-3.0,464,0.0003702533362698253,0.30169981391578016,0.008896453547569573,1.1969396646653836e-05,0.013654687694502695
au33s__tu,float64,0.005729845178345597,-4.0,389564.0,389568.0,10052.710014659066,5301.875736915854,-1.0,-3.0,47567,0.0379565526860922,0.647543560624196,0.04288714614473713,7.97959776443589e-07,0.00012767356423097425
au31s__tu,float64,0.005729845178345597,-5.0,100.0,105.0,40.57755312510297,19.23702676995458,-1.0,-3.0,20,1.595919552887178e-05,0.6475906402510062,4.7079626810171754e-05,0.19465989358408423,0.1323847187510972
au30s__tu,float64,0.005729845178345597,-5.0,100.0,105.0,45.706517316708734,27.058382727043494,-1.0,-3.0,18,1.4363275975984603e-05,0.6475906402510062,4.7079626810171754e-05,0.27733012234319293,0.058857513110479126
au29s__tu,float64,0.005729845178345597,-4.0,15.0,19.0,1.8909825360127457,-1.0953290626526098,-1.0,-3.0,14,1.1171436870210247e-05,0.647543560624196,0.04288714614473713,7.97959776443589e-07,0.00012767356423097425
au28s__tu,float64,0.005729845178345597,-5.0,7559183.0,7559188.0,15742.382625131972,7081.6332305561145,-1.0,-3.0,54350,0.04336911384970906,0.6475906402510062,4.7079626810171754e-05,1.595919552887178e-06,0.0001236837653487563
au27s__tu,float64,0.005729845178345597,-6.0,5.0,11.0,2.215069171173441,-2.594891780695119,-3.0,-3.0,12,9.575517317323069e-06,0.8489725469918512,0.20215273588488952,1.595919552887178e-06,0.032586283390626844
au25s__tu,float64,0.005729845178345597,-6.0,12.0,18.0,2.130004162777788,-1.8576942473483797,-3.0,-3.0,13,1.0373477093766658e-05,0.7436889361281076,0.0969728597920836,7.97959776443589e-07,0.04523633972658706
au24s__tu,float64,0.005729845178345597,-6.0,15.0,21.0,1.974979687762631,-1.4360953913035153,-1.0,-3.0,15,1.1969396646653836e-05,0.6846885882176451,0.03804592418105388,7.97959776443589e-07,0.049177463062441945
au21s__tu,float64,0.005729845178345597,-5.0,999.0,1004.0,37.53322488586612,30.210649411584463,18.0,-1.0,279,0.00022263077762776134,0.2802969367920102,0.00015879399551227421,0.0001236837653487563,0.0006639025340010661
au20s__tu,float64,0.005729845178345597,-5.0,539.0,544.0,54.280688964675676,60.24943743835761,55.0,-1.0,333,0.00026572060555571516,0.2802969367920102,0.00015879399551227421,1.595919552887178e-06,0.00023061037539219724
au12s__tu,float64,0.005729845178345597,-4.0,15.0,19.0,1.8911311020688586,-1.0924212972272493,-1.0,-3.0,13,1.0373477093766658e-05,0.6460920717908452,0.04288714614473713,7.97959776443589e-07,0.0015751725986996447
au09s__tu,float64,0.005729845178345597,-5.0,20.0,25.0,1.2595520700076621,-0.023818301367064688,0.0,0.0,23,1.8353074858202548e-05,0.2802969367920102,0.00015879399551227421,1.595919552887178e-06,0.4273282072397295
au06s__tu,float64,0.005729845178345597,-5.0,8.0,13.0,0.947077968598289,-0.3377133345462322,0.0,0.0,11,8.77755754087948e-06,0.2802969367920102,0.00015879399551227421,7.97959776443589e-07,0.6530151708112697
au03s__tu,float64,0.005729845178345597,-4.0,15.0,19.0,1.8278742141063993,-1.1555239563484083,-1.0,-3.0,14,1.1171436870210247e-05,0.646604361967322,0.04288714614473713,7.97959776443589e-07,0.0484864298960418
au02s__tu,float64,0.005729845178345597,-4.0,15.0,19.0,1.2171317483396562,0.007978799804659447,0.0,0.0,12,9.575517317323069e-06,0.2801381427964979,0.04288714614473713,7.97959776443589e-07,0.366077612759696
au01s__tu,float64,0.005729845178345597,-4.0,60.0,64.0,2.451867982895634,1.751181778428913,1.0,1.0,51,4.069594859862304e-05,0.04288714614473713,0.04288714614473713,1.595919552887178e-06,0.23737468041710955
at104s__tu,float64,0.005729845178345597,-5.0,100.0,105.0,27.510267413075823,22.879657292235212,14.0,0.0,102,8.139189719724608e-05,0.042931033932441534,4.38877877043974e-05,0.05517333282263907,0.2740712546161973
at103s__tu,float64,0.005729845178345597,-4.0,100.0,104.0,46.76735039188784,60.18558070724771,100.0,100.0,100,7.97959776443589e-05,0.2760725377355178,0.04288714614473713,0.5127075094398642,0.05610614780130163
at101b__tu,float64,0.005729845178345597,-5.0,7132664.0,7132669.0,32527.079544667802,19946.03973759891,9923.0,0.0,112407,0.08969626459069452,0.10345388909635843,0.00019869198433445368,7.97959776443589e-07,0.06417352114114631
at101s__tu,float64,0.005729845178345597,-5.0,7132664.0,7132669.0,61686.75157514039,32332.244624942945,11691.0,0.0,165376,0.13196339598913498,0.09828310974500397,0.0002114593407575511,7.97959776443589e-07,0.060491734732635596
at57s__tu,float64,0.005729845178345597,-5.0,1399658.0,1399663.0,6432.381032346783,693.2543265379079,0.0,0.0,19843,0.015833915843970137,0.2796505893730909,6.782658099770506e-05,7.97959776443589e-07,0.5146401680184105
at36s__tu,float64,0.005729845178345597,-4.0,999.0,1003.0,275.8182535970741,88.76384619804085,1.0,0.0,137,0.0001093204893727717,0.04288714614473713,0.04288714614473713,0.0839421766427598,0.3652182100804663
at35b__tu,float64,0.005729845178345597,-5.0,625238.0,625243.0,8634.548565883017,4776.0123556091785,2137.0,-3.0,41799,0.03335392069556558,0.2928057542475399,2.393879329330767e-06,7.97959776443589e-07,0.014478980143568923
at35a__tu,float64,0.005729845178345597,-5.0,3217203.0,3217208.0,21780.537340790175,8293.596502861485,2594.0,-3.0,72051,0.05749379985253703,0.27958515667142253,2.393879329330767e-06,7.97959776443589e-07,0.01344003651463937
au32s__tu,float64,0.005729845178345597,-4.0,200572.0,200576.0,8103.677918966756,4684.453351271469,-1.0,-3.0,38072,0.030379924608760323,0.647543560624196,0.04288714614473713,7.97959776443589e-07,0.00012767356423097425
au34s__tu,float64,0.005729845178345597,-5.0,999.0,1004.0,39.11714071428925,24.342889699616023,-1.0,-3.0,195,0.00015560215640649986,0.6475922361705592,4.867554636305893e-05,3.191839105774356e-06,0.00043089827927953806
bc35s__tu,float64,0.005729845178345597,-4.0,211846.0,211850.0,990.6547114840699,246.64287390001246,-1.0,-1.0,9581,0.007645252618106026,0.7360085732798382,0.04288714614473713,7.97959776443589e-07,0.014695227242985135
au35s__tu,float64,0.005729845178345597,-4.0,200572.0,200576.0,7566.179660553955,4420.715797050102,-1.0,-3.0,35878,0.028629200859243087,0.647543560624196,0.04288714614473713,7.97959776443589e-07,0.00012767356423097425
bc34s__tu,float64,0.005729845178345597,-5.0,999.0,1004.0,41.87304583001032,19.92546736504106,-1.0,-1.0,427,0.0003407288245414125,0.7360205426764848,1.1969396646653836e-05,1.0373477093766658e-05,0.015236243971413889
bc33s__tu,float64,0.005729845178345597,-4.0,211846.0,211850.0,2230.1709072349167,501.7714395832735,-1.0,-1.0,16811,0.013414501801793176,0.7360085732798382,0.04288714614473713,7.97959776443589e-07,0.014690439484326474
bc32s__tu,float64,0.005729845178345597,-4.0,211846.0,211850.0,1399.195903478109,340.7644558393101,-1.0,-1.0,12360,0.00986278283684276,0.7360085732798382,0.04288714614473713,7.97959776443589e-07,0.014690439484326474
bc31s__tu,float64,0.005729845178345597,-5.0,100.0,105.0,38.474048728344805,16.907362455673333,-1.0,-1.0,79,6.303882233904353e-05,0.7360205426764848,1.1969396646653836e-05,0.16414351785355205,0.06227677075253991
bc30s__tu,float64,0.005729845178345597,-5.0,100.0,105.0,40.71736251528498,19.41152301794771,-1.0,-1.0,72,5.745310390393841e-05,0.7360205426764848,1.1969396646653836e-05,0.193008116846846,0.041321549063354814
bc29s__tu,float64,0.005729845178345597,-4.0,20.0,24.0,2.0232687614175773,-1.1107288883781947,-1.0,-1.0,25,1.9948994411089726e-05,0.7360085732798382,0.04288714614473713,2.393879329330767e-06,0.014690439484326474
bc28s__tu,float64,0.005729845178345597,-5.0,365772.0,365777.0,3435.213117594135,715.2384303812014,-1.0,-1.0,7207,0.005750896108828946,0.7360205426764848,1.1969396646653836e-05,7.97959776443589e-07,0.0001236837653487563
bc27s__tu,float64,0.005729845178345597,-6.0,19.0,25.0,2.1438314791900734,-2.3128401303547093,-3.0,-1.0,26,2.0746954187533315e-05,0.8893469178005675,0.15119183272209613,7.97959776443589e-07,0.014120696203945751
bc25s__tu,float64,0.005729845178345597,-6.0,22.0,28.0,2.1565798317548937,-1.9121310632973614,-1.0,-1.0,29,2.3140833516864082e-05,0.8360519822916767,0.09897893067006279,1.595919552887178e-06,0.020924899217680235
bc24s__tu,float64,0.005729845178345597,-6.0,23.0,29.0,2.1183730633031117,-1.571924104449743,-1.0,-1.0,28,2.2342873740420493e-05,0.791339902138213,0.055231583886319456,2.393879329330767e-06,0.026502638055020924
bc21s__tu,float64,0.005729845178345597,-5.0,999.0,1004.0,40.06425011732878,25.44563659635045,7.0,-1.0,514,0.0004101513250920048,0.3845144733944251,1.2767356423097425e-05,0.0001236837653487563,0.007077105257278191
st28s__tu,float64,0.005729845178345597,-5.0,709123.0,709128.0,20901.30042506242,7832.3017085914735,-1.0,-1.0,79508,0.06344418590547687,0.7230999779763102,4.787758658661534e-06,7.97959776443589e-07,0.0001236837653487563
bc20s__tu,float64,0.005729845178345597,-5.0,746.0,751.0,68.60066890240738,53.647146176655525,26.0,-1.0,657,0.000524259573123438,0.3845144733944251,1.2767356423097425e-05,7.97959776443589e-07,0.001603899150651614
bc12s__tu,float64,0.005729845178345597,-4.0,27.0,31.0,2.079836435288723,-1.0479789274782236,-1.0,-1.0,28,2.2342873740420493e-05,0.7223634611026527,0.04288714614473713,7.97959776443589e-07,0.01376879594253413
bc09s__tu,float64,0.005729845178345597,-5.0,23.0,28.0,1.4619951074861783,-0.04701259818895049,0.0,-1.0,23,1.8353074858202548e-05,0.3845144733944251,1.2767356423097425e-05,7.97959776443589e-07,0.33261676545408697
bc06s__tu,float64,0.005729845178345597,-5.0,11.0,16.0,1.057644713453914,-0.37061959980721293,0.0,0.0,15,1.1969396646653836e-05,0.3845144733944251,1.2767356423097425e-05,7.97959776443589e-07,0.5042124296598457
bc03s__tu,float64,0.005729845178345597,-4.0,27.0,31.0,2.004672856397828,-1.130583723535664,-1.0,-1.0,29,2.3140833516864082e-05,0.7349129745067811,0.04288714614473713,7.97959776443589e-07,0.028799166291625572
bc02s__tu,float64,0.005729845178345597,-4.0,27.0,31.0,1.564819601957149,-0.010869010114938127,0.0,-1.0,27,2.1544913963976904e-05,0.38450170603800204,0.04288714614473713,7.97959776443589e-07,0.3379854388299995
bc01s__tu,float64,0.005729845178345597,-4.0,111.0,115.0,2.9457318856988213,1.783156824630784,1.0,0.0,52,4.149390837506663e-05,0.04288714614473713,0.04288714614473713,7.97959776443589e-07,0.34173824365861366
au101s__tu,float64,0.005729845178345597,-5.0,1558844.0,1558849.0,11267.511821749476,7011.649047714803,0.0,-1.0,51846,0.04137102256949432,0.4530895406624343,0.0007835965004676044,7.97959776443589e-07,0.07585166246939824
au57s__tu,float64,0.005729845178345597,-5.0,39650.0,39655.0,432.25482113483366,60.78233492606105,-1.0,-3.0,4955,0.003953890692277984,0.6476464974353573,0.00010293681116122298,1.595919552887178e-06,0.29426362675910234
au51a__tu,float64,0.005729845178345597,-5.0,999.0,1004.0,30.925678452232802,39.174456350004306,48.0,-1.0,272,0.00021704505919265622,0.30011825763886896,0.019980114842371027,6.383678211548712e-06,0.0001236837653487563
au36s__tu,float64,0.005729845178345597,-4.0,999.0,1003.0,390.5623000015444,199.04474958426295,1.0,-1.0,149,0.00011889600669009476,0.2801381427964979,0.04288714614473713,0.19221494482906107,0.07310907471776162
walshr07__tu,float64,0.005729845178345597,-6.0,100.0,106.0,4.262464884359036,-1.0944560467795936,-2.0,-2.0,5621,0.004485331903389414,0.8996892744630529,0.042953376806181956,0.00012208784579586913,0.03313448175704359
walshr05__tu,float64,0.005729845178345597,-6.0,3.0,9.0,1.140250688499877,-1.6272059598019784,-2.0,-2.0,7,5.585718435105123e-06,0.8996892744630529,0.042953376806181956,1.595919552887178e-06,0.09881933871477407
br35s__tu,float64,0.005729845178345597,-5.0,700063.0,700068.0,2216.4767201972477,260.2394980513822,-1.0,-1.0,9836,0.007848732361099143,0.7467842221009323,7.97959776443589e-07,7.97959776443589e-07,0.013527014130271721
agg520__tu,float64,0.005729845178345597,-6.0,170916.0,170922.0,2830.1810966512758,646.6432042553599,-1.0,-2.0,20174,0.016098040529972966,0.7474130144047699,0.042953376806181956,7.97959776443589e-07,0.01581636072888838
agg518__tu,float64,0.005729845178345597,-6.0,182049.0,182055.0,2853.007019592329,660.3792527266286,-1.0,-2.0,20317,0.0162121487780044,0.741038113750762,0.042953376806181956,7.97959776443589e-07,0.015740554550126237
agg517__tu,float64,0.005729845178345597,-6.0,198749.0,198755.0,2875.4979575836305,670.2114130590905,-1.0,-2.0,20459,0.016325459066259387,0.7363485041446031,0.042953376806181956,7.97959776443589e-07,0.016469889785795677
agg516__tu,float64,0.005729845178345597,-6.0,184912.0,184918.0,2893.8247375292012,678.4079832683794,-1.0,-2.0,20441,0.016311095790283402,0.7329930832846577,0.042953376806181956,7.97959776443589e-07,0.015940044494237134
agg515__tu,float64,0.005729845178345597,-6.0,240533.0,240539.0,2914.29056619687,687.1386622683124,-1.0,-2.0,20523,0.01637652849195178,0.7289546088560768,0.042953376806181956,7.97959776443589e-07,0.016031011908751704
agg514__tu,float64,0.005729845178345597,-6.0,190247.0,190253.0,2922.7346349476243,696.9151569267697,-1.0,-1.0,20668,0.0164922326595361,0.7237822335851695,0.042953376806181956,7.97959776443589e-07,0.01678827573659667
agg513__tu,float64,0.005729845178345597,-6.0,174495.0,174501.0,2945.544274258321,708.4181636392073,-1.0,-1.0,20737,0.016547291884110707,0.7206502414626283,0.042953376806181956,7.97959776443589e-07,0.016141130357900917
agg512__tu,float64,0.005729845178345597,-6.0,182222.0,182228.0,2963.2378583269497,718.4091059977849,-1.0,-1.0,20834,0.016624693982425734,0.7156286805894688,0.042953376806181956,7.97959776443589e-07,0.016478667343336556
agg511__tu,float64,0.005729845178345597,-6.0,177593.0,177599.0,2992.078348423944,729.565933820408,-1.0,-1.0,20900,0.01667735932767101,0.7101395152873134,0.042953376806181956,7.97959776443589e-07,0.017162518871748713
agg510__tu,float64,0.005729845178345597,-6.0,162780.0,162786.0,3019.9927425380565,741.5349418606506,-1.0,-1.0,21103,0.01683934516228906,0.7063500043089828,0.042953376806181956,7.97959776443589e-07,0.0164172244405504
agg509__tu,float64,0.005729845178345597,-6.0,192784.0,192790.0,3032.433656230608,751.4743048972388,-1.0,-1.0,21144,0.016872061513123246,0.701396270016821,0.042953376806181956,7.97959776443589e-07,0.01619060386404042
agg508__tu,float64,0.005729845178345597,-6.0,193418.0,193424.0,3046.8906562567413,764.1620281264862,-1.0,-1.0,21216,0.016929514617027186,0.6946726609405073,0.042953376806181956,7.97959776443589e-07,0.0182094420984427
agg507__tu,float64,0.005729845178345597,-6.0,174204.0,174210.0,3085.2347647892484,777.2307691693877,-1.0,-1.0,21397,0.017073945336563475,0.6903804353030173,0.042953376806181956,7.97959776443589e-07,0.01687046559357036
agg506__tu,float64,0.005729845178345597,-6.0,930001001.0,930001007.0,830761.9672485634,1535.241908687867,-1.0,-1.0,21584,0.017223163814758427,0.6833488137529964,0.042953376806181956,7.97959776443589e-07,0.01694148401367384
agg505__tu,float64,0.005729845178345597,-6.0,161411.0,161417.0,3148.122798872163,810.3449915256672,-1.0,-1.0,21781,0.017380361890717812,0.6741603069272484,0.042953376806181956,7.97959776443589e-07,0.018452819830257997
agg504__tu,float64,0.005729845178345597,-6.0,204063.0,204069.0,3206.2740771576623,829.6396676976307,-1.0,-1.0,21900,0.0174753191041146,0.6672826916140812,0.042953376806181956,7.97959776443589e-07,0.01807378893644729
agg503__tu,float64,0.005729845178345597,-6.0,234845.0,234851.0,3223.3924601810613,843.3527899865624,-1.0,-1.0,22063,0.017605386547674906,0.6588211261446733,0.042953376806181956,7.97959776443589e-07,0.01900979575421562
agg502__tu,float64,0.005729845178345597,-6.0,193344.0,193350.0,3229.7324632637105,856.7949259333735,-1.0,-1.0,22132,0.01766044577224951,0.646483870041079,0.042953376806181956,7.97959776443589e-07,0.022362822734831582
agg501__tu,float64,0.005729845178345597,-6.0,211846.0,211852.0,3474.1496127367263,933.9055056032736,-1.0,-1.0,23131,0.01845760758891666,0.5864780928122976,0.042953376806181956,7.97959776443589e-07,0.06547020577786715
agg424__tu,float64,0.005729845178345597,-6.0,208227.0,208233.0,1437.1641081580601,247.27133345462323,0.0,-2.0,9013,0.007192011465086068,0.3825666535801263,0.042953376806181956,7.97959776443589e-07,0.24034388874525614
agg423__tu,float64,0.005729845178345597,-6.0,143236.0,143242.0,1424.5776572644586,249.13482088994857,0.0,-2.0,9101,0.007262231925413104,0.37961819220616727,0.042953376806181956,7.97959776443589e-07,0.24124079553397873
agg422__tu,float64,0.005729845178345597,-6.0,299632.0,299638.0,1526.5834263383974,257.6945322200199,0.0,-2.0,9233,0.007367562615903657,0.3737555817286362,0.042953376806181956,7.97959776443589e-07,0.24328836032033296
agg421__tu,float64,0.005729845178345597,-6.0,265573.0,265579.0,1441.7731869176546,251.52280648837052,0.0,-2.0,9032,0.007207172700838496,0.3703052036552941,0.042953376806181956,7.97959776443589e-07,0.2450223269145449
agg420__tu,float64,0.005729845178345597,-6.0,174568.0,174574.0,1516.0170723287783,258.50940156208605,0.0,-2.0,9270,0.00739708712763207,0.36999798914136334,0.042953376806181956,7.97959776443589e-07,0.24387885055490122
agg519__tu,float64,0.005729845178345597,-6.0,205890.0,205896.0,2846.659880444289,654.0293816769284,-1.0,-2.0,20292,0.01619219978359331,0.7445379653302436,0.042953376806181956,7.97959776443589e-07,0.01569666676242184
agg521__tu,float64,0.005729845178345597,-6.0,173320.0,173326.0,2820.3402503060547,639.0051683854721,-1.0,-2.0,20164,0.01609006093220853,0.7511969396646654,0.042953376806181956,7.97959776443589e-07,0.015737362711020463
agg418__tu,float64,0.005729845178345597,-6.0,255904.0,255910.0,1470.9516415822452,258.8182566813172,0.0,-2.0,9082,0.007247070689660675,0.36121404792227235,0.042953376806181956,7.97959776443589e-07,0.24588013367422176
agg522__tu,float64,0.005729845178345597,-6.0,316819.0,316825.0,2816.945143395083,631.1292056470018,-1.0,-2.0,20101,0.016039789466292583,0.7550000159591955,0.042953376806181956,7.97959776443589e-07,0.015366311414974194
agg621__tu,float64,0.005729845178345597,-6.0,225501.0,225507.0,3462.678622989623,638.6848808965237,-1.0,-2.0,5740,0.004580289116786201,0.8155946875029924,0.042953376806181956,7.97959776443589e-07,0.0001236837653487563
agg620__tu,float64,0.005729845178345597,-6.0,225501.0,225507.0,3466.278433689968,641.6025609721065,-1.0,-2.0,5747,0.004585874835221306,0.8132893817088468,0.042953376806181956,7.97959776443589e-07,0.0001236837653487563
agg619__tu,float64,0.005729845178345597,-6.0,239701.0,239707.0,3457.930110673109,643.1863459506733,-1.0,-2.0,5694,0.004543582967069796,0.8110407310588288,0.042953376806181956,7.97959776443589e-07,0.0001236837653487563
agg618__tu,float64,0.005729845178345597,-6.0,251601.0,251607.0,3467.919216571756,646.5167188532361,-1.0,-2.0,5767,0.0046018340307501775,0.8087354252646832,0.042953376806181956,7.97959776443589e-07,0.0001236837653487563
agg617__tu,float64,0.005729845178345597,-6.0,239701.0,239707.0,3475.779909520067,649.9714250604055,-1.0,-2.0,5744,0.004583480955891975,0.8069049055375217,0.042953376806181956,7.97959776443589e-07,0.0001236837653487563
agg616__tu,float64,0.005729845178345597,-6.0,234501.0,234507.0,3468.3920472617206,652.0236874359638,-1.0,-2.0,5770,0.004604227910079509,0.8049291571310473,0.042953376806181956,7.97959776443589e-07,0.0001236837653487563
agg615__tu,float64,0.005729845178345597,-6.0,208500.0,208506.0,3469.0034425239814,655.4568168107782,-1.0,-2.0,5777,0.0046098136285146135,0.8024475022263078,0.042953376806181956,7.97959776443589e-07,0.0001236837653487563
agg614__tu,float64,0.005729845178345597,-6.0,208500.0,208506.0,3459.9835715263926,658.4680089946027,-1.0,-2.0,5789,0.004619389145831937,0.8000560167763063,0.042953376806181956,7.97959776443589e-07,0.0001236837653487563
agg613__tu,float64,0.005729845178345597,-6.0,208500.0,208506.0,3451.973949301591,661.12657078382,-1.0,-2.0,5780,0.004612207507843945,0.7978983335408029,0.042953376806181956,7.97959776443589e-07,0.0001236837653487563
agg612__tu,float64,0.005729845178345597,-6.0,199101.0,199107.0,3443.5780328877313,662.9029992116158,-1.0,-2.0,5776,0.00460901566873817,0.7950384457020291,0.042953376806181956,7.97959776443589e-07,0.0001236837653487563
agg611__tu,float64,0.005729845178345597,-6.0,208500.0,208506.0,3436.3096430327146,665.7722543002052,-1.0,-2.0,5779,0.0046114095480675014,0.7919718862811563,0.042953376806181956,7.97959776443589e-07,0.0001236837653487563
agg610__tu,float64,0.005729845178345597,-6.0,208500.0,208506.0,3426.3682905043565,668.2924538539861,-1.0,-2.0,5854,0.00467125653130077,0.7889372452513413,0.042953376806181956,7.97959776443589e-07,0.0001236837653487563
agg609__tu,float64,0.005729845178345597,-6.0,208300.0,208306.0,3408.5010115469736,667.6327892843577,-1.0,-2.0,5808,0.004634550381584365,0.7860342675846396,0.042953376806181956,7.97959776443589e-07,0.0001236837653487563
agg608__tu,float64,0.005729845178345597,-6.0,206000.0,206006.0,3389.051980712532,669.1134291842617,-1.0,-2.0,5781,0.0046130054676203885,0.782746673305692,0.042953376806181956,7.97959776443589e-07,0.0001236837653487563
agg607__tu,float64,0.005729845178345597,-6.0,206000.0,206006.0,3386.2880452553245,671.8933885840682,-1.0,-2.0,5816,0.004640934059795914,0.779040948103888,0.042953376806181956,7.97959776443589e-07,0.0001236837653487563
agg606__tu,float64,0.005729845178345597,-6.0,197634.0,197640.0,3371.302698391181,674.0248835776686,-1.0,-2.0,5839,0.004659287134654117,0.7741781812262407,0.042953376806181956,7.97959776443589e-07,0.0001236837653487563
agg605__tu,float64,0.005729845178345597,-6.0,198700.0,198706.0,3344.567075991987,675.2513868540915,-1.0,-2.0,5826,0.00464891365756035,0.7690991672491773,0.042953376806181956,7.97959776443589e-07,0.0001236837653487563
agg604__tu,float64,0.005729845178345597,-6.0,203700.0,203706.0,3324.428648266155,677.9296885722584,-1.0,-2.0,5845,0.004664074893312778,0.7631711240699779,0.042953376806181956,7.97959776443589e-07,0.0001236837653487563
agg603__tu,float64,0.005729845178345597,-6.0,204634.0,204640.0,3291.7783572461844,677.2045905030019,-1.0,-2.0,5837,0.004657691215101229,0.7575742341980025,0.042953376806181956,7.97959776443589e-07,0.0001236837653487563
agg602__tu,float64,0.005729845178345597,-6.0,209834.0,209840.0,3252.1435095534903,675.9009245161969,-1.0,-2.0,5802,0.004629762622925703,0.7506024596312149,0.042953376806181956,7.97959776443589e-07,0.0001236837653487563
agg601__tu,float64,0.005729845178345597,-6.0,211200.0,211206.0,3272.14852457772,701.2390831122984,-1.0,-2.0,5891,0.004700781043029183,0.7360883692574824,0.042953376806181956,7.97959776443589e-07,0.0001236837653487563
agg524__tu,float64,0.005729845178345597,-6.0,256643.0,256649.0,2787.2274775017318,617.2654277543178,-1.0,-2.0,19935,0.015907328143402948,0.7619023680254325,0.042953376806181956,7.97959776443589e-07,0.014823698766992554
agg523__tu,float64,0.005729845178345597,-6.0,203810.0,203816.0,2800.766312963164,624.6367511546478,-1.0,-2.0,20028,0.0159815384026122,0.7580131120750465,0.042953376806181956,7.97959776443589e-07,0.01538067469095018
agg419__tu,float64,0.005729845178345597,-6.0,264650.0,264656.0,1510.4709843863186,260.6572587209024,0.0,-2.0,9172,0.007318887069540599,0.3639885540649667,0.042953376806181956,7.97959776443589e-07,0.24521543318044425
agg417__tu,float64,0.005729845178345597,-6.0,241704.0,241710.0,1484.0731666759082,259.8943788521508,0.0,-2.0,9224,0.007360380977915665,0.36022936555814095,0.042953376806181956,7.97959776443589e-07,0.24639481773002786
agg623__tu,float64,0.005729845178345597,-6.0,246301.0,246307.0,3462.24291368011,631.2967939572102,-1.0,-2.0,5681,0.004533209489976029,0.8205955014219644,0.042953376806181956,7.97959776443589e-07,0.0001236837653487563
agg314__tu,float64,0.005729845178345597,-6.0,6833023.0,6833029.0,10453.87822459216,1324.9125124880704,0.0,0.0,27509,0.02195107549018669,0.3090809418478833,0.042953376806181956,7.97959776443589e-07,0.3636246844069084
agg312__tu,float64,0.005729845178345597,-6.0,6889555.0,6889561.0,10625.946724197891,1424.9592043064292,0.0,0.0,28401,0.02266285561077437,0.2977291660681968,0.042953376806181956,7.97959776443589e-07,0.361983281146764
agg311__tu,float64,0.005729845178345597,-6.0,6916909.0,6916915.0,10753.313082660745,1473.483441536679,0.0,0.0,28870,0.023037098745926417,0.294799057769096,0.042953376806181956,7.97959776443589e-07,0.3590978585951439
agg310__tu,float64,0.005729845178345597,-6.0,6945175.0,6945181.0,10909.745139513365,1518.835537298236,0.0,0.0,29185,0.023288456075506146,0.2875559768783175,0.042953376806181956,7.97959776443589e-07,0.3608358149882381
agg309__tu,float64,0.005729845178345597,-6.0,6972529.0,6972535.0,11899.940880981656,1576.978036955113,0.0,0.0,29676,0.023680254325739947,0.28177156645887796,0.042953376806181956,7.97959776443589e-07,0.3577844168031178
agg308__tu,float64,0.005729845178345597,-6.0,7000795.0,7000801.0,11697.859823364171,1637.1819587678224,0.0,0.0,30273,0.02415663631227677,0.2776644674895228,0.042953376806181956,7.97959776443589e-07,0.3548335615498294
agg307__tu,float64,0.005729845178345597,-6.0,7029060.0,7029066.0,11774.8281797032,1698.3741394003812,0.0,0.0,30516,0.02435054053795256,0.27024982524680896,0.042953376806181956,7.97959776443589e-07,0.3557879214424559
agg306__tu,float64,0.005729845178345597,-6.0,7055502.0,7055508.0,11916.444953040369,1784.5200160230322,0.0,0.0,31431,0.025080673733398447,0.2637296959134884,0.042953376806181956,7.97959776443589e-07,0.3530581010472424
agg305__tu,float64,0.005729845178345597,-6.0,7083768.0,7083774.0,12614.801756694547,1838.5163685488942,0.0,0.0,31987,0.025524339369101083,0.2589012413062282,0.042953376806181956,7.97959776443589e-07,0.3482783219863453
agg304__tu,float64,0.005729845178345597,-6.0,7115893.0,7115899.0,12788.192808038457,1935.8698312155482,0.0,0.0,32669,0.02606854793663561,0.2495627180425089,0.042953376806181956,7.97959776443589e-07,0.3486996447483075
agg303__tu,float64,0.005729845178345597,-6.0,7117314.0,7117320.0,13125.068479370082,2005.7650207948318,0.0,0.0,33147,0.026449972709775647,0.24146262835183005,0.042953376806181956,7.97959776443589e-07,0.3472513477540624
agg302__tu,float64,0.005729845178345597,-6.0,7000795.0,7000801.0,11324.446192791502,2052.4988373726055,0.0,0.0,33502,0.02673324843041312,0.23484434996600692,0.042953376806181956,7.97959776443589e-07,0.34721543956412243
agg301__tu,float64,0.005729845178345597,-6.0,7029060.0,7029066.0,11450.856749881976,2318.234814825454,0.0,0.0,34955,0.027892683985585656,0.15952093686861432,0.042953376806181956,7.97959776443589e-07,0.3762101060009767
agg224__tu,float64,0.005729845178345597,-6.0,2055216.0,2055222.0,20010.988713507628,10875.822512200804,600.0,-2.0,82172,0.0655699507499226,0.4579235809881296,0.042953376806181956,7.97959776443589e-07,0.0001236837653487563
agg223__tu,float64,0.005729845178345597,-6.0,119941960.0,119941966.0,109015.63552510281,11069.587170721898,650.0,-2.0,82685,0.06597930411523815,0.45543953220406064,0.042953376806181956,7.97959776443589e-07,0.0001236837653487563
agg222__tu,float64,0.005729845178345597,-6.0,2055016.0,2055022.0,20179.844094150867,11075.093149036544,738.0,-2.0,82761,0.06603994905824787,0.45163087019109543,0.042953376806181956,7.97959776443589e-07,0.0001236837653487563
agg221__tu,float64,0.005729845178345597,-6.0,2054666.0,2054672.0,20298.579628926207,11167.368422018582,784.0,-2.0,83187,0.06637987992301284,0.4487669925534394,0.042953376806181956,7.97959776443589e-07,0.0001236837653487563
agg220__tu,float64,0.005729845178345597,-6.0,2054666.0,2054672.0,20275.245335853713,11115.319114488077,750.0,-2.0,83137,0.06633998193419066,0.4486281475523382,0.042953376806181956,7.97959776443589e-07,0.0001236837653487563
agg219__tu,float64,0.005729845178345597,-6.0,2054666.0,2054672.0,20408.301088697324,11242.920812067705,820.0,-2.0,83419,0.06656500659114775,0.4448498080108778,0.042953376806181956,7.97959776443589e-07,0.0001236837653487563
agg218__tu,float64,0.005729845178345597,-6.0,2017455.0,2017461.0,20474.05598481409,11293.218188535553,900.0,-2.0,83620,0.06672539650621291,0.4423146898011165,0.042953376806181956,7.97959776443589e-07,0.0001236837653487563
agg217__tu,float64,0.005729845178345597,-6.0,2054666.0,2054672.0,20392.91884665594,11223.369875103335,850.0,-2.0,83380,0.06653388615986645,0.44239608169831374,0.042953376806181956,7.97959776443589e-07,0.0001236837653487563
agg216__tu,float64,0.005729845178345597,-6.0,1056250.0,1056256.0,20388.993856564455,11386.795395931682,1000.0,-2.0,84031,0.06705335797433123,0.4372835534106397,0.042953376806181956,7.97959776443589e-07,0.0001236837653487563
agg215__tu,float64,0.005729845178345597,-6.0,1327966.0,1327972.0,20472.17144235816,11406.8530174051,1000.0,-2.0,84050,0.06706851921008365,0.4345449554578853,0.042953376806181956,7.97959776443589e-07,0.0001236837653487563
agg214__tu,float64,0.005729845178345597,-6.0,2054666.0,2054672.0,20608.8999386962,11386.768189493105,1000.0,-2.0,83996,0.06702542938215571,0.4334724975183451,0.042953376806181956,7.97959776443589e-07,0.0001236837653487563
agg313__tu,float64,0.005729845178345597,-6.0,6861290.0,6861296.0,10507.359764437822,1371.9110657869958,0.0,0.0,28008,0.022349257418632043,0.3032638150776096,0.042953376806181956,7.97959776443589e-07,0.3642135787219238
agg315__tu,float64,0.005729845178345597,-6.0,5229521.0,5229527.0,9610.11050239953,1286.6326440556784,0.0,0.0,27239,0.021735626350546922,0.31195519296263313,0.042953376806181956,7.97959776443589e-07,0.366403180348485
agg416__tu,float64,0.005729845178345597,-6.0,334862.0,334868.0,1522.2301666411101,265.48787021343827,0.0,-2.0,9255,0.007385117730985416,0.3540068752214338,0.042953376806181956,7.97959776443589e-07,0.24776092486729928
agg316__tu,float64,0.005729845178345597,-6.0,5213388.0,5213394.0,9513.818081491878,1240.5011466681988,0.0,0.0,26858,0.021431603675721913,0.31646765549842165,0.042953376806181956,7.97959776443589e-07,0.3693053600554103
agg415__tu,float64,0.005729845178345597,-6.0,173703.0,173709.0,1495.427873139671,264.76992425765803,0.0,-2.0,9249,0.007380329972326755,0.35029636226097116,0.042953376806181956,7.97959776443589e-07,0.24914618303920535
agg414__tu,float64,0.005729845178345597,-6.0,202799.0,202805.0,1560.9817546440054,267.9887104650829,0.0,-2.0,9264,0.007392299368973409,0.3484171669874465,0.042953376806181956,1.595919552887178e-06,0.24885173588169768
agg413__tu,float64,0.005729845178345597,-6.0,232044.0,232050.0,1556.9424056802814,270.1653476391562,0.0,-2.0,9117,0.007274999281836201,0.3432767101075969,0.042953376806181956,7.97959776443589e-07,0.250431696239056
agg412__tu,float64,0.005729845178345597,-6.0,201929.0,201935.0,1538.6414387128889,270.29351115068994,0.0,-2.0,9232,0.007366764656127214,0.3390347559360228,0.042953376806181956,7.97959776443589e-07,0.25177625846236346
agg411__tu,float64,0.005729845178345597,-6.0,242857.0,242863.0,1530.5475316610334,272.21546031107664,0.0,-2.0,9285,0.007409056524278724,0.3366775827564084,0.042953376806181956,7.97959776443589e-07,0.25161347466796896
agg410__tu,float64,0.005729845178345597,-6.0,491783.0,491789.0,1541.0181347355085,274.05532175334105,0.0,-2.0,9088,0.007251858448319337,0.3301071819571719,0.042953376806181956,7.97959776443589e-07,0.253394520888991
agg409__tu,float64,0.005729845178345597,-6.0,234540.0,234546.0,1496.9096396155117,273.02101826051154,0.0,-2.0,9194,0.007336442184622358,0.3245781186661943,0.042953376806181956,7.97959776443589e-07,0.2558482472015551
agg408__tu,float64,0.005729845178345597,-6.0,294529.0,294535.0,1569.6583224419815,274.5140823941347,0.0,-2.0,8967,0.0071553053153696625,0.32115566918502775,0.042953376806181956,7.97959776443589e-07,0.2563948496484189
agg407__tu,float64,0.005729845178345597,-6.0,491783.0,491789.0,1569.2816951849709,275.89354817602356,0.0,-2.0,8955,0.0071457297980523395,0.31420703545175693,0.042953376806181956,7.97959776443589e-07,0.2586155717062614
agg406__tu,float64,0.005729845178345597,-6.0,251598.0,251604.0,1526.1928032698547,276.2137917771841,0.0,-2.0,9058,0.007227919655026029,0.3077842572111625,0.042953376806181956,7.97959776443589e-07,0.26119776954283286
agg405__tu,float64,0.005729845178345597,-6.0,441054.0,441060.0,1533.8061979070385,275.9637750200288,0.0,0.0,8985,0.0071696685913456475,0.30412720755572153,0.042953376806181956,7.97959776443589e-07,0.2633035853928675
agg404__tu,float64,0.005729845178345597,-6.0,292709.0,292715.0,1511.2627436545804,277.98923871445487,0.0,0.0,8915,0.007113811406994596,0.29589944430081166,0.042953376806181956,7.97959776443589e-07,0.2646465516966221
agg403__tu,float64,0.005729845178345597,-6.0,426186.0,426192.0,1509.4701093674619,275.0338574333145,0.0,0.0,8891,0.00709466037235995,0.28822865696985944,0.042953376806181956,1.595919552887178e-06,0.2691119346056004
agg402__tu,float64,0.005729845178345597,-6.0,491836.0,491842.0,1594.5130401334322,277.590052154651,0.0,0.0,8917,0.007115407326547483,0.2853041343891937,0.042953376806181956,1.595919552887178e-06,0.26966412277089935
agg401__tu,float64,0.005729845178345597,-6.0,397031.0,397037.0,1648.5704016425886,307.00252873453155,0.0,0.0,10252,0.008180683628099674,0.22685836852335947,0.042953376806181956,1.595919552887178e-06,0.3164892004123856
agg324__tu,float64,0.005729845178345597,-6.0,5042952.0,5042958.0,8931.46678082721,959.0066972764037,0.0,0.0,24113,0.019241204089384262,0.3485895262991583,0.042953376806181956,7.97959776443589e-07,0.3822434798706667
agg323__tu,float64,0.005729845178345597,-6.0,5064695.0,5064701.0,9022.045030040754,991.7347892907414,0.0,0.0,24586,0.01961863906364208,0.34598338966929354,0.042953376806181956,7.97959776443589e-07,0.37959983913130907
agg322__tu,float64,0.005729845178345597,-6.0,5086438.0,5086444.0,9105.309421893917,1032.0340122375112,0.0,0.0,25035,0.01997692300326525,0.33998991378842575,0.042953376806181956,7.97959776443589e-07,0.38090131152668855
agg321__tu,float64,0.005729845178345597,-6.0,5107480.0,5107486.0,9136.530143331194,1058.8933853922292,0.0,0.0,25188,0.02009901084906112,0.3361660905397081,0.042953376806181956,7.97959776443589e-07,0.37755466822428413
agg320__tu,float64,0.005729845178345597,-6.0,5129222.0,5129228.0,9219.756986294793,1087.2222038691473,0.0,0.0,25455,0.020312066109371557,0.3346938547521697,0.042953376806181956,7.97959776443589e-07,0.3734092671856597
agg319__tu,float64,0.005729845178345597,-6.0,5150965.0,5150971.0,9308.905578560794,1132.636943462954,0.0,0.0,25952,0.02070865211826402,0.32838199292050085,0.042953376806181956,7.97959776443589e-07,0.3742072269621033
agg318__tu,float64,0.005729845178345597,-6.0,5373779.0,5373785.0,10518.905624540259,1167.2688948895463,0.0,0.0,26146,0.02086345631489408,0.3249539577208992,0.042953376806181956,7.97959776443589e-07,0.37143830653784404
agg317__tu,float64,0.005729845178345597,-6.0,5192347.0,5192353.0,9474.963739021428,1201.14306142056,0.0,0.0,26547,0.021183438185247958,0.3230476318149755,0.042953376806181956,7.97959776443589e-07,0.3681618836957667
agg622__tu,float64,0.005729845178345597,-6.0,248701.0,248707.0,3460.790955664513,634.6329105742437,-1.0,-2.0,5747,0.004585874835221306,0.8179734055965707,0.042953376806181956,7.97959776443589e-07,0.0001236837653487563
agg624__tu,float64,0.005729845178345597,-6.0,243301.0,243307.0,3456.215690771976,626.8956468102356,-1.0,-2.0,5760,0.004596248312315073,0.8224236272697966,0.042953376806181956,7.97959776443589e-07,0.0001236837653487563
walshr04__tu,float64,0.005729845178345597,-6.0,1.0,7.0,1.1310112209725722,-1.6412324967523038,-2.0,-2.0,5,3.989798882217945e-06,0.9062094037963734,0.042953376806181956,0.0006208127060731123,0.09316978349755345
trv21__tu,float64,0.005729845178345597,-6.0,7.0,13.0,1.1889926757786413,-1.5369040437409631,-2.0,-2.0,11,8.77755754087948e-06,0.8557719622469271,0.042953376806181956,1.595919552887178e-06,0.1406045024082426
trv19__tu,float64,0.005729845178345597,-6.0,4.0,10.0,1.2565365224969574,-1.3392198826041577,-1.0,-2.0,8,6.383678211548712e-06,0.7557884002183218,0.042953376806181956,7.97959776443589e-07,0.24245289643439655
trv18__tu,float64,0.005729845178345597,-6.0,11.0,17.0,1.4685834953550128,-1.106399956590988,-1.0,-1.0,15,1.1969396646653836e-05,0.6966244705536884,0.042953376806181956,7.97959776443589e-07,0.22788294887631305
trv17__tu,float64,0.005729845178345597,-6.0,10.0,16.0,1.277572521555389,-1.4889610244526794,-2.0,-2.0,14,1.1171436870210247e-05,0.8557719622469271,0.042953376806181956,2.393879329330767e-06,0.10237903727748891
trv16__tu,float64,0.005729845178345597,-6.0,6.0,12.0,1.3144864872647093,-1.2819814298800827,-1.0,-2.0,10,7.97959776443589e-06,0.7439442832565696,0.042953376806181956,5.585718435105123e-06,0.22609950877596163
trv15__tu,float64,0.005729845178345597,-6.0,5.0,11.0,1.2723324670289518,-1.3286812278366673,-1.0,-2.0,9,7.1816379879923015e-06,0.7557884002183218,0.042953376806181956,7.97959776443589e-07,0.23251271149923874
trv14__tu,float64,0.005729845178345597,-6.0,12.0,18.0,3.4662021928932916,0.4844908537850424,-1.0,-2.0,16,1.2767356423097425e-05,0.5238398462810286,0.042953376806181956,0.0069207051410952476,0.14740631154264774
trv13__tu,float64,0.005729845178345597,-6.0,30.0,36.0,1.9064238907146807,-0.9953702373770743,-1.0,-2.0,31,2.473675306975126e-05,0.7007531144370075,0.042953376806181956,1.595919552887178e-06,0.12108321443732664
trv12__tu,float64,0.005729845178345597,-6.0,72.0,78.0,2.6916218412519655,-0.40267444198672836,-1.0,-2.0,66,5.266534524527688e-05,0.5706409851292216,0.042953376806181956,7.97959776443589e-07,0.21204105343457846
trv11__tu,float64,0.005729845178345597,-6.0,26.0,32.0,1.7042348342671343,-0.876219681518294,-1.0,-2.0,30,2.393879329330767e-05,0.5891839744142178,0.042953376806181956,7.97959776443589e-07,0.2619215190600672
trv10__tu,float64,0.005729845178345597,-6.0,12.0,18.0,5.45988583384413,4.614226346078347,4.0,12.0,16,1.2767356423097425e-05,0.18244312940673288,0.042953376806181956,0.1534061711017271,0.13519593104350797
trv09__tu,float64,0.005729845178345597,-6.0,41.0,47.0,2.165742542154124,-0.37590688128592814,0.0,-2.0,31,2.473675306975126e-05,0.41911241338146626,0.042953376806181956,7.97959776443589e-07,0.21235305570716792
trv08__tu,float64,0.005729845178345597,-6.0,135.0,141.0,4.703564512187859,1.985891273192701,1.0,0.0,78,6.224086256259995e-05,0.23440547208896295,0.042953376806181956,7.97959776443589e-07,0.19852680666072983
trv07__tu,float64,0.005729845178345597,-6.0,47.0,53.0,2.3241958759417414,0.1777479340821388,0.0,0.0,35,2.7928592175525617e-05,0.26815757471297386,0.042953376806181956,7.97959776443589e-07,0.28003919578421893
trv06__tu,float64,0.005729845178345597,-6.0,12.0,18.0,4.7718296176095105,3.0461348424348627,2.0,0.0,16,1.2767356423097425e-05,0.18244312940673288,0.042953376806181956,0.05940890331600165,0.23263001158637595
trv05__tu,float64,0.005729845178345597,-6.0,41.0,47.0,2.48431157149149,-0.3694362254587471,0.0,-2.0,40,3.191839105774356e-05,0.41911241338146626,0.042953376806181956,7.97959776443589e-07,0.3149994095097654
trv04__tu,float64,0.005729845178345597,-6.0,141.0,147.0,5.2728648550021315,1.6321349573410704,0.0,0.0,99,7.899801786791531e-05,0.23440547208896295,0.042953376806181956,7.97959776443589e-07,0.3100943507639667
trv03__tu,float64,0.005729845178345597,-6.0,47.0,53.0,2.5160360273159807,0.07794471096300978,0.0,0.0,39,3.112043128129997e-05,0.26815757471297386,0.042953376806181956,7.97959776443589e-07,0.39545769376857254
trv02__tu,float64,0.005729845178345597,-6.0,12.0,18.0,4.361369412220158,1.0896906788722593,-1.0,-1.0,16,1.2767356423097425e-05,0.5287488948257096,0.042953376806181956,0.05918786845792677,0.1592552162630586
trv01__tu,float64,0.005729845178345597,-6.0,999.0,1005.0,355.5733971934931,149.8013838218443,1.0,-1.0,28,2.2342873740420493e-05,0.4939530608141105,0.042953376806181956,0.14914905569440057,0.0
agg911__tu,float64,0.005729845178345597,-6.0,9999.99,10005.99,72.2697810202266,47.527696170431426,-1.0,-1.0,23437,0.018701783280508397,0.5810559561313633,0.042953376806181956,7.97959776443589e-07,0.011101216409883211
agg910__tu,float64,0.005729845178345597,-6.0,6107.0,6113.0,64.237579207235,38.63261583982073,-1.0,-1.0,22655,0.01807777873532951,0.6222897296193094,0.042953376806181956,1.595919552887178e-06,0.012081908975132382
agg909__tu,float64,0.005729845178345597,-6.0,12.0,18.0,4.655380579993555,1.5585542883954306,-1.0,-1.0,15,1.1969396646653836e-05,0.5274298673152483,0.042953376806181956,0.08979042384431486,0.0
agg908__tu,float64,0.005729845178345597,-6.0,930001001.0,930001007.0,830764.82277517,1890.132560269902,-1.0,-1.0,25050,0.019988892399911907,0.5274298673152483,0.042953376806181956,7.97959776443589e-07,0.06356946559037852
trv20__tu,float64,0.005729845178345597,-6.0,6.0,12.0,1.2679558264626394,-1.3122815585111987,-1.0,-2.0,9,7.1816379879923015e-06,0.7439442832565696,0.042953376806181956,7.97959776443589e-07,0.2517427441517528
trv22__tu,float64,0.005729845178345597,-6.0,9.0,15.0,1.3143953058105038,-1.2044189416499893,-1.0,-1.0,13,1.0373477093766658e-05,0.6966244705536884,0.042953376806181956,2.393879329330767e-06,0.29255838671684237
agg906__tu,float64,0.005729845178345597,-6.0,9999.99,10005.99,63.01172336576488,39.919026417256354,-1.0,-1.0,26797,0.021382928129358856,0.5810559561313633,0.042953376806181956,7.97959776443589e-07,0.01110760008809476
trv23__tu,float64,0.005729845178345597,-6.0,9.0,15.0,1.174832175081682,-1.2542946195168194,-1.0,-1.0,12,9.575517317323069e-06,0.9413411788738554,0.042953376806181956,7.97959776443589e-07,0.009748674588811327
walshr03__tu,float64,0.005729845178345597,-6.0,9.0,15.0,1.199867048331224,-1.5797082020689501,-2.0,-2.0,13,1.0373477093766658e-05,0.886588370853402,0.042953376806181956,7.97959776443589e-07,0.09712686602893722
walshr02__tu,float64,0.005729845178345597,-6.0,4.0,10.0,1.1497908215857175,-1.6224860277243145,-2.0,-2.0,8,6.383678211548712e-06,0.8996892744630529,0.042953376806181956,3.191839105774356e-06,0.09489736641355383
walshr01__tu,float64,0.005729845178345597,-6.0,3.0,9.0,1.134396784535394,-1.639482570962563,-2.0,-2.0,7,5.585718435105123e-06,0.9062094037963734,0.042953376806181956,1.595919552887178e-06,0.09150763328322147
rvlr33__tu,float64,0.005729845178345597,-6.0,17278.0,17284.0,154.9877651996388,10.065518083364454,0.0,0.0,2807,0.0022398730924771543,0.3853323821652798,0.042953376806181956,7.97959776443589e-07,0.6015156447993769
rvlr32__tu,float64,0.005729845178345597,-6.0,22733.0,22739.0,236.4747809766601,21.373208979281774,0.0,0.0,3768,0.0030067124376394433,0.3853323821652798,0.042953376806181956,7.97959776443589e-07,0.5889030925729096
rvlr31__tu,float64,0.005729845178345597,-6.0,30015.0,30021.0,373.07400241747433,47.86610314747254,0.0,0.0,5220,0.004165350033035534,0.3853323821652798,0.042953376806181956,7.97959776443589e-07,0.5613080475839374
rvlr30__tu,float64,0.005729845178345597,-6.0,37524.0,37530.0,651.4445943605193,117.51451249445418,0.0,0.0,7614,0.006075665737841487,0.3853323821652798,0.042953376806181956,7.97959776443589e-07,0.5007125780803642
rvlr29__tu,float64,0.005729845178345597,-6.0,211846.0,211852.0,1550.4792140890584,395.4188435009368,0.0,0.0,13421,0.010709418159649408,0.3853323821652798,0.042953376806181956,7.97959776443589e-07,0.35020060708779793
rvlr13__tu,float64,0.005729845178345597,-6.0,36.0,42.0,1.5048601203533971,-0.46040603385264556,0.0,0.0,28,2.2342873740420493e-05,0.4264951372331224,0.042953376806181956,7.97959776443589e-07,0.47032068407495714
rvlr12__tu,float64,0.005729845178345597,-6.0,36.0,42.0,1.4785743260519766,-0.47721505654342977,0.0,0.0,28,2.2342873740420493e-05,0.4264951372331224,0.042953376806181956,7.97959776443589e-07,0.47862425350862914
rvlr11__tu,float64,0.005729845178345597,-6.0,34.0,40.0,1.4308495807997068,-0.5060996045311348,0.0,0.0,27,2.1544913963976904e-05,0.4264951372331224,0.042953376806181956,7.97959776443589e-07,0.492036361431093
rvlr10__tu,float64,0.005729845178345597,-6.0,9.0,15.0,1.285496973883191,-0.5507773724142113,0.0,0.0,11,8.77755754087948e-06,0.3853323821652798,0.042953376806181956,7.97959776443589e-07,0.5725441191960395
rvlr09__tu,float64,0.005729845178345597,-6.0,18.0,24.0,1.5506150427852097,-0.34384565542820117,0.0,0.0,20,1.595919552887178e-05,0.3853323821652798,0.042953376806181956,2.393879329330767e-06,0.4597030312895988
rvlr08__tu,float64,0.005729845178345597,-6.0,18.0,24.0,1.526454867336333,-0.36453276263250123,0.0,0.0,20,1.595919552887178e-05,0.3853323821652798,0.042953376806181956,7.97959776443589e-07,0.47056246588721956
rvlr07__tu,float64,0.005729845178345597,-6.0,18.0,24.0,1.4751852990776548,-0.40490154772278236,0.0,0.0,19,1.5161235752428192e-05,0.3853323821652798,0.042953376806181956,7.97959776443589e-07,0.4908106952144756
rvlr06__tu,float64,0.005729845178345597,-6.0,100.0,106.0,24.40565135798682,5.299613970998951,-1.0,-2.0,9611,0.007669191411399334,0.832848971749032,0.042953376806181956,0.048523136045758204,0.08568252691518326
rvlr05__tu,float64,0.005729845178345597,-6.0,100.0,106.0,29.530735823449582,9.085597264913073,-1.0,-2.0,9396,0.007497630059463962,0.753572465919138,0.042953376806181956,0.07371791802718809,0.1225706114606175
rvlr04__tu,float64,0.005729845178345597,-6.0,58172.0,58178.0,788.5229485972069,134.22367849881422,0.0,0.0,8977,0.0071632849131340985,0.47697167881161445,0.042953376806181956,7.97959776443589e-07,0.44155981985260084
rvlr03__tu,float64,0.005729845178345597,-6.0,136426.0,136432.0,1826.0909716378728,323.4469085442341,0.0,0.0,14683,0.011716443397521217,0.43787085180610213,0.042953376806181956,7.97959776443589e-07,0.4382722255736533
rvlr02__tu,float64,0.005729845178345597,-6.0,3356.57,3362.57,23.917403816218645,4.758377388692592,-1.0,-1.0,13118,0.010467636347387002,0.8017843976520832,0.042953376806181956,7.97959776443589e-07,0.11688993581211558
rvlr01__tu,float64,0.005729845178345597,-6.0,2027.33,2033.33,33.301598774934995,10.542732158417364,-1.0,-2.0,11637,0.009285857918474045,0.7360883692574824,0.042953376806181956,7.97959776443589e-07,0.14021110823845592
balmag02__tu,float64,0.005729845178345597,-6.0,600.0,606.0,170.5138668997556,173.79125930820078,236.0,-1.0,604,0.00048196770497192776,0.4611202078525626,0.042953376806181956,0.0007508801496334173,0.0005346330502172047
balmag01__tu,float64,0.005729845178345597,-6.0,600.0,606.0,133.2348083371607,225.07039680943763,254.0,-2.0,604,0.00048196770497192776,0.14032362056693445,0.042953376806181956,0.0011139518479152503,0.002394677289107211
agg907__tu,float64,0.005729845178345597,-6.0,234845.0,234851.0,3585.661601712548,1001.2718960162656,-1.0,-1.0,23667,0.01888531402909042,0.5691879003763178,0.042953376806181956,7.97959776443589e-07,0.06385194335123955
agg905__tu,float64,0.005729845178345597,-6.0,6107.0,6113.0,60.70399322608501,35.685628632711875,-1.0,-1.0,24178,0.019293071474853096,0.6222897296193094,0.042953376806181956,1.595919552887178e-06,0.012084302854461713
agg701__tu,float64,0.005729845178345597,-6.0,150898.0,150904.0,1546.6303977621392,261.9468111931414,-1.0,-1.0,12859,0.010260964765288112,0.5866041704569757,0.042953376806181956,1.595919552887178e-06,0.2563214373489861
agg802__tu,float64,0.005729845178345597,-6.0,491416.0,491422.0,660.5020977940649,28.622596146173464,-1.0,-2.0,2857,0.002279771081299334,0.7606487732166397,0.042953376806181956,1.595919552887178e-06,0.10461891036996607
agg724__tu,float64,0.005729845178345597,-6.0,67305.0,67311.0,737.4560898669874,93.68566768486335,-1.0,-2.0,7863,0.006274357722175941,0.7618911965885624,0.042953376806181956,7.97959776443589e-07,0.1672020976766603
agg723__tu,float64,0.005729845178345597,-6.0,67270.0,67276.0,755.894791881288,97.30957168711039,-1.0,-2.0,8041,0.0064163945623828995,0.7580091222761643,0.042953376806181956,7.97959776443589e-07,0.16845728840500607
agg722__tu,float64,0.005729845178345597,-6.0,67250.0,67256.0,772.4056667075535,100.51705160246283,-1.0,-2.0,8139,0.006494594620474371,0.7549952282005369,0.042953376806181956,7.97959776443589e-07,0.1692903584116132
agg721__tu,float64,0.005729845178345597,-6.0,67230.0,67236.0,782.6708886004401,102.85981841627327,-1.0,-2.0,8206,0.006548057925496092,0.7511945457853361,0.042953376806181956,7.97959776443589e-07,0.17042984497237462
agg720__tu,float64,0.005729845178345597,-6.0,67195.0,67201.0,798.6457804190662,106.71871997676341,-1.0,-2.0,8318,0.006637429420457774,0.7474130144047699,0.042953376806181956,7.97959776443589e-07,0.17081286566506756
agg719__tu,float64,0.005729845178345597,-6.0,80727.0,80733.0,824.9055155634264,110.92812616701617,-1.0,-2.0,8460,0.006750739708712763,0.744540359209573,0.042953376806181956,7.97959776443589e-07,0.1713171762437799
agg718__tu,float64,0.005729845178345597,-6.0,108983.0,108989.0,838.5407872975698,113.8682185388399,-1.0,-2.0,8611,0.006871231634955745,0.7410500831474087,0.042953376806181956,7.97959776443589e-07,0.1719028787196895
agg717__tu,float64,0.005729845178345597,-6.0,84642.0,84648.0,872.784203604397,120.082063779329,-1.0,-2.0,8777,0.007003692957845381,0.7363540898630382,0.042953376806181956,7.97959776443589e-07,0.17326738993740803
agg716__tu,float64,0.005729845178345597,-6.0,84642.0,84648.0,898.9622554901442,125.58986463410352,-1.0,-2.0,8892,0.007095458332136394,0.7329994669628693,0.042953376806181956,7.97959776443589e-07,0.17381159850494257
agg715__tu,float64,0.005729845178345597,-6.0,104678.0,104684.0,924.8557391399752,129.3973576359963,-1.0,-2.0,9067,0.007235101293014022,0.7289562047756297,0.042953376806181956,7.97959776443589e-07,0.175042850439995
agg714__tu,float64,0.005729845178345597,-6.0,84642.0,84648.0,949.9633581445262,135.621730359816,-1.0,-1.0,9253,0.007383521811432529,0.7237910111427103,0.042953376806181956,7.97959776443589e-07,0.17652705562418008
agg713__tu,float64,0.005729845178345597,-6.0,84642.0,84648.0,978.8245611653128,141.53587866542824,-1.0,-1.0,9425,0.007520770892980827,0.7206534333017341,0.042953376806181956,7.97959776443589e-07,0.17692523755262546
agg712__tu,float64,0.005729845178345597,-6.0,84642.0,84648.0,995.6136065444623,146.14620777595843,-1.0,-1.0,9583,0.007646848537658913,0.7156462357045507,0.042953376806181956,7.97959776443589e-07,0.1787589491188928
agg711__tu,float64,0.005729845178345597,-6.0,84642.0,84648.0,1040.0161727071643,154.11247243048973,-1.0,-1.0,9823,0.007838358884005374,0.7101570704023952,0.042953376806181956,7.97959776443589e-07,0.180658891346605
agg710__tu,float64,0.005729845178345597,-6.0,84642.0,84648.0,1065.41414612513,160.20089036351857,-1.0,-1.0,9999,0.007978799804659447,0.706375539021829,0.042953376806181956,7.97959776443589e-07,0.18176965135541448
agg709__tu,float64,0.005729845178345597,-6.0,84642.0,84648.0,1082.6773052052824,165.45234743807035,-1.0,-1.0,10128,0.00808173661582067,0.701424996568773,0.042953376806181956,7.97959776443589e-07,0.18255484377543496
agg708__tu,float64,0.005729845178345597,-6.0,151532.0,151538.0,1124.2130282964406,173.84316738961823,-1.0,-1.0,10408,0.008305165353224874,0.6947005895326829,0.042953376806181956,7.97959776443589e-07,0.18521763554942722
agg707__tu,float64,0.005729845178345597,-6.0,105880.0,105886.0,1153.4884919164597,181.19640822345428,-1.0,-1.0,10676,0.008519018573311757,0.6904163434929572,0.042953376806181956,7.97959776443589e-07,0.18671221421070608
agg706__tu,float64,0.005729845178345597,-6.0,150425.0,150431.0,1197.8567214389843,188.3893118075704,-1.0,-1.0,10842,0.008651479896201393,0.6834006811384652,0.042953376806181956,1.595919552887178e-06,0.1905735415689166
agg705__tu,float64,0.005729845178345597,-6.0,150522.0,150528.0,1254.1607319422524,198.84669596774967,-1.0,-1.0,11080,0.008841394322994967,0.6742161641115995,0.042953376806181956,1.595919552887178e-06,0.1923019224446934
agg704__tu,float64,0.005729845178345597,-6.0,150615.0,150621.0,1284.491841142094,208.39078803315684,-1.0,-1.0,11318,0.00903130874978854,0.6673640835112784,0.042953376806181956,1.595919552887178e-06,0.19458727924442784
agg703__tu,float64,0.005729845178345597,-6.0,150711.0,150717.0,1321.5888851385007,216.9513595638671,-1.0,-1.0,11599,0.00925553544696919,0.6588913466050004,0.042953376806181956,1.595919552887178e-06,0.19872470068528786
agg702__tu,float64,0.005729845178345597,-6.0,150808.0,150814.0,1371.9355934736686,228.51016441163233,-1.0,-1.0,11884,0.009482953983255613,0.64657563541537,0.042953376806181956,1.595919552887178e-06,0.2058903794777513
agg801__tu,float64,0.005729845178345597,-6.0,397031.0,397037.0,549.1603749870784,30.085646618725242,-1.0,-2.0,2918,0.0023284466276623926,0.7357915282206454,0.042953376806181956,1.595919552887178e-06,0.12478893963913067
agg803__tu,float64,0.005729845178345597,-6.0,426186.0,426192.0,585.1541381118986,28.121132687943465,-1.0,-2.0,2878,0.0022965282366046494,0.7658610464763692,0.042953376806181956,1.595919552887178e-06,0.1000426110520621
agg904__tu,float64,0.005729845178345597,-6.0,3.0,9.0,1.6018873496852983,-0.5840004277064402,0.0,0.0,7,5.585718435105123e-06,0.3136460697289171,0.042953376806181956,0.002576612118136349,0.5053287753870903
agg804__tu,float64,0.005729845178345597,-6.0,264281.0,264287.0,429.97874434794664,28.99710181009196,-1.0,-2.0,2930,0.0023380221449797157,0.7697064146390509,0.042953376806181956,1.595919552887178e-06,0.09744684789929109
agg903__tu,float64,0.005729845178345597,-6.0,3.0,9.0,1.693815491359167,-0.47625032317370947,0.0,0.0,7,5.585718435105123e-06,0.3136460697289171,0.042953376806181956,0.00683452548523934,0.43380843858422785
agg902__tu,float64,0.005729845178345597,-6.0,3.0,9.0,1.9575778516028723,0.597448443818844,1.0,0.0,7,5.585718435105123e-06,0.13983287530442165,0.042953376806181956,0.12919208168554638,0.2903967136824567
agg901__tu,float64,0.005729845178345597,-6.0,3.0,9.0,1.8418292456824032,0.3833183316895362,1.0,0.0,7,5.585718435105123e-06,0.13983287530442165,0.042953376806181956,0.07141021835371322,0.34448003345047384
agg824__tu,float64,0.005729845178345597,-6.0,60784.0,60790.0,278.1626235064115,30.3460137121408,-1.0,-2.0,3225,0.0025734202790305746,0.789084069850207,0.042953376806181956,7.97959776443589e-07,0.07845859705903944
agg823__tu,float64,0.005729845178345597,-6.0,106957.0,106963.0,296.21837473247695,30.718555597049463,-1.0,-2.0,3264,0.0026045407103118747,0.7879860771978207,0.042953376806181956,7.97959776443589e-07,0.07986779402423883
agg822__tu,float64,0.005729845178345597,-6.0,91139.0,91145.0,296.181800046693,30.94063338855215,-1.0,-2.0,3269,0.0026085305091940927,0.786360633133205,0.042953376806181956,7.97959776443589e-07,0.0820988895591751
agg821__tu,float64,0.005729845178345597,-6.0,123723.0,123729.0,305.04699244591376,30.30444559350652,-1.0,-2.0,3239,0.002584591715900785,0.7862800391957843,0.042953376806181956,7.97959776443589e-07,0.08192174248880463
agg820__tu,float64,0.005729845178345597,-6.0,96248.0,96254.0,306.67068213605825,30.0756314255711,-1.0,-2.0,3156,0.002518361054455967,0.7853807385277323,0.042953376806181956,7.97959776443589e-07,0.0836676784796632
agg819__tu,float64,0.005729845178345597,-6.0,75099.0,75105.0,296.49208232577627,30.758857353518525,-1.0,-2.0,3230,0.0025774100779127926,0.7841231539200572,0.042953376806181956,7.97959776443589e-07,0.08480796300020109
agg818__tu,float64,0.005729845178345597,-6.0,140141.0,140147.0,320.51637520030937,30.309505456448953,-1.0,-2.0,3182,0.0025391080086435004,0.7847176339535077,0.042953376806181956,7.97959776443589e-07,0.08363017437017035
agg817__tu,float64,0.005729845178345597,-6.0,104466.0,104472.0,288.13817163822114,29.79375692230106,-1.0,-2.0,3186,0.0025422998477492745,0.7828288631626656,0.042953376806181956,7.97959776443589e-07,0.08724413419768336
agg816__tu,float64,0.005729845178345597,-6.0,88500.0,88506.0,287.80102271176423,30.43543069080974,-1.0,-2.0,3225,0.0025734202790305746,0.7822184239336863,0.042953376806181956,7.97959776443589e-07,0.08742686698648895
agg815__tu,float64,0.005729845178345597,-6.0,99445.0,99451.0,277.7414662391117,29.04811936839888,-1.0,-2.0,3124,0.0024928263416097722,0.7829246183358389,0.042953376806181956,7.97959776443589e-07,0.08626982531064574
agg814__tu,float64,0.005729845178345597,-6.0,56839.0,56845.0,267.78219120746786,29.02202688166895,-1.0,-2.0,3111,0.0024824528645160057,0.7815585111985675,0.042953376806181956,7.97959776443589e-07,0.0883852166779977
agg813__tu,float64,0.005729845178345597,-6.0,76561.0,76567.0,266.0323146216402,29.188706315692038,-1.0,-2.0,3101,0.0024744732667515697,0.7818497665169694,0.042953376806181956,7.97959776443589e-07,0.08810992055512466
agg812__tu,float64,0.005729845178345597,-6.0,56189.0,56195.0,259.0954206457434,28.577591214782046,-1.0,-2.0,3087,0.002463301829881359,0.7819080175806498,0.042953376806181956,7.97959776443589e-07,0.08719306477199097
agg811__tu,float64,0.005729845178345597,-6.0,67916.0,67922.0,259.2693496803529,28.39216211989186,-1.0,-2.0,3041,0.0024265956801649544,0.780575424753989,0.042953376806181956,7.97959776443589e-07,0.0898462810286659
agg810__tu,float64,0.005729845178345597,-6.0,52174.0,52180.0,256.29723651865726,28.749598626232448,-1.0,-2.0,3058,0.002440160996364495,0.7805929798690707,0.042953376806181956,7.97959776443589e-07,0.08927174998962652
agg809__tu,float64,0.005729845178345597,-6.0,127378.0,127384.0,276.4030783349931,27.99962096910619,-1.0,-2.0,3010,0.002401858927095203,0.7802474632858707,0.042953376806181956,7.97959776443589e-07,0.08926137651253276
agg808__tu,float64,0.005729845178345597,-6.0,135012.0,135018.0,282.56006759534176,27.88406442408051,-1.0,-2.0,2908,0.002320467029897957,0.7781927168615285,0.042953376806181956,7.97959776443589e-07,0.09183878659044555
agg807__tu,float64,0.005729845178345597,-6.0,107480.0,107486.0,265.88328595498183,28.391873258452787,-1.0,-2.0,2969,0.0023691425762610158,0.7787289458312986,0.042953376806181956,7.97959776443589e-07,0.09093230428440563
agg806__tu,float64,0.005729845178345597,-6.0,120862.0,120868.0,271.3806186825285,27.826752559057002,-1.0,-2.0,2899,0.0023132853919099645,0.7749330511747564,0.042953376806181956,7.97959776443589e-07,0.09358711646063345
agg805__tu,float64,0.005729845178345597,-6.0,218690.0,218696.0,366.94258470349297,28.037374840009065,-1.0,-2.0,2952,0.0023555772600614747,0.7702091292982103,0.042953376806181956,1.595919552887178e-06,0.09882332851365629
br34s__tu,float64,0.005729845178345597,-5.0,999.0,1004.0,41.1403459613495,18.939966294179044,-1.0,-1.0,424,0.00033833494521208176,0.7467969894573554,1.3565316199541014e-05,1.2767356423097425e-05,0.014069626778253361
mt09s__tu,float64,0.005729845178345597,-5.0,7.0,12.0,0.8019180042861379,-0.9049845355395325,-1.0,-1.0,11,8.77755754087948e-06,0.7938933734228325,2.8726551951969206e-05,7.97959776443589e-07,0.19121749510850658
br36s__tu,float64,0.005729845178345597,-4.0,999.0,1003.0,337.54391358522906,139.00559688987198,0.0,-1.0,155,0.0001236837653487563,0.39422484591396717,0.04288714614473713,0.13324252551077406,0.1942202177472638
hr25s__tu,float64,0.005729845178345597,-6.0,5.0,11.0,0.6605424459133866,-1.1582442012263046,-1.0,-1.0,10,7.97959776443589e-06,0.9977984289767922,0.0001093204893727717,7.97959776443589e-07,0.00055139020552252
hr28s__tu,float64,0.005729845178345597,-5.0,1400000.0,1400005.0,3762.0338441943045,105.55951662788583,-1.0,-1.0,732,0.0005841065563567072,0.9977569350684171,1.8353074858202548e-05,7.97959776443589e-07,0.0001236837653487563
hr29s__tu,float64,0.005729845178345597,-5.0,5.0,10.0,0.6597607335104277,-1.157284255615243,-1.0,-1.0,10,7.97959776443589e-06,0.9977409758728882,2.393879329330767e-06,7.97959776443589e-07,0.00019789402455801008
hr30s__tu,float64,0.005729845178345597,-5.0,100.0,105.0,4.396039835768215,-0.9742290910599779,-1.0,-1.0,10,7.97959776443589e-06,0.9977593289477464,2.0746954187533315e-05,0.0018472768824669087,0.0003838186524693663
hr31s__tu,float64,0.005729845178345597,-5.0,100.0,105.0,4.113461746715709,-0.9977473595510997,-1.0,-1.0,10,7.97959776443589e-06,0.9977593289477464,2.0746954187533315e-05,0.0016110807886396063,0.0006176208669673379
hr32s__tu,float64,0.005729845178345597,-5.0,1399658.0,1399663.0,3429.471739018619,90.64820427131909,-1.0,-1.0,2033,0.0016222522255098166,0.9977409758728882,2.393879329330767e-06,7.97959776443589e-07,0.00019789402455801008
hr33s__tu,float64,0.005729845178345597,-5.0,1399658.0,1399663.0,3502.9143005320902,91.97981640541464,-1.0,-1.0,2035,0.0016238481450627036,0.9977409758728882,2.393879329330767e-06,7.97959776443589e-07,0.00019789402455801008
hr34s__tu,float64,0.005729845178345597,-5.0,999.0,1004.0,4.25395132774707,-0.981378012697136,-1.0,-1.0,133,0.00010612865026699734,0.9977593289477464,2.0746954187533315e-05,7.97959776443589e-07,0.00020028790388734085
hr35s__tu,float64,0.005729845178345597,-5.0,1399658.0,1399663.0,3365.714136598184,89.42233377699897,-1.0,-1.0,2035,0.0016238481450627036,0.9977409758728882,2.393879329330767e-06,7.97959776443589e-07,0.00019789402455801008
hr36s__tu,float64,0.005729845178345597,-4.0,999.0,1003.0,101.78441830277474,9.525588974110994,-1.0,-1.0,95,7.580617876214095e-05,0.9809662654524911,0.04288714614473713,0.010461252669175452,0.0009272292602274505
hr57s__tu,float64,0.005729845178345597,-5.0,1399658.0,1399663.0,1270.1849867012916,1.6321892186058684,-1.0,-1.0,372,0.0002968410368370151,0.9977409758728882,2.393879329330767e-06,7.97959776443589e-07,0.001846478922690465
hr101s__tu,float64,0.005729845178345597,-5.0,1399658.0,1399663.0,5231.620958904926,200.22741135464844,-1.0,-1.0,4148,0.0033099371526880074,0.9932859664410036,1.595919552887178e-05,7.97959776443589e-07,0.00234121398408549
in01s__tu,float64,0.005729845178345597,-4.0,450.0,454.0,9.860910115215294,7.843240003957881,5.0,1.0,205,0.00016358175417093576,0.04288714614473713,0.04288714614473713,7.97959776443589e-07,0.06159531310345708
in02s__tu,float64,0.005729845178345597,-4.0,56.0,60.0,3.605611746863829,1.7384814506270367,1.0,0.0,56,4.468574748084099e-05,0.10435877548284546,0.04288714614473713,7.97959776443589e-07,0.29410323684403716
in03s__tu,float64,0.005729845178345597,-4.0,55.0,59.0,4.020175307564796,0.5950505746906309,1.0,-3.0,56,4.468574748084099e-05,0.39967012342841823,0.04288714614473713,1.595919552887178e-06,0.05567445156224565
in06s__tu,float64,0.005729845178345597,-5.0,24.0,29.0,1.202960990886508,0.08100648262522382,0.0,0.0,25,1.9948994411089726e-05,0.10442500614429027,6.623066144481788e-05,1.595919552887178e-06,0.6924168286525013
in09s__tu,float64,0.005729845178345597,-5.0,94.0,99.0,2.7232079372627425,1.2080656178283364,1.0,0.0,73,5.8251063680382e-05,0.10442500614429027,6.623066144481788e-05,1.595919552887178e-06,0.37138324731326944
in12s__tu,float64,0.005729845178345597,-4.0,55.0,59.0,4.212286417789722,0.8370765626446303,1.0,-3.0,55,4.38877877043974e-05,0.3983383285615339,0.04288714614473713,1.595919552887178e-06,0.0032923820376062484
hr27s__tu,float64,0.005729845178345597,-6.0,5.0,11.0,0.662338162268796,-1.1591267447390512,-1.0,-1.0,10,7.97959776443589e-06,0.9979261025410231,0.00023539813405085876,7.97959776443589e-07,0.0005458044870874149
hr24s__tu,float64,0.005729845178345597,-6.0,5.0,11.0,0.6596072276598992,-1.1577877682341788,-1.0,-1.0,10,7.97959776443589e-06,0.9977329962751238,4.38877877043974e-05,7.97959776443589e-07,0.0005529861250754072
lm27s__tu,float64,0.005729845178345597,-5.0,3217203.0,3217208.0,17775.492050995068,1319.0645461683569,-1.0,-1.0,8653,0.0069047459455663755,0.9891621103163432,0.00025614508823839207,7.97959776443589e-07,0.0018217421696207139
hr21s__tu,float64,0.005729845178345597,-4.0,999.0,1003.0,19.414211731101005,1.110731282257524,-1.0,-1.0,288,0.00022981241561575365,0.9809662654524911,0.04288714614473713,0.0001236837653487563,0.0
hi29s__tu,float64,0.005729845178345597,-4.0,3.0,7.0,0.7232263597252488,-1.1884142624138603,-1.0,-1.0,8,6.383678211548712e-06,0.9933912971314942,0.04288714614473713,5.585718435105123e-06,0.0001236837653487563
hi30s__tu,float64,0.005729845178345597,-5.0,100.0,105.0,7.512254840146003,-0.6462221392344055,-1.0,-1.0,9,7.1816379879923015e-06,0.9935620605236531,0.00017076339215892804,0.005486771422826118,0.000932017018886112
hi31s__tu,float64,0.005729845178345597,-5.0,100.0,105.0,6.645533597733806,-0.7667140654773874,-1.0,-1.0,10,7.97959776443589e-06,0.9935620605236531,0.00017076339215892804,0.004271478683302532,0.002126562804222165
hi32s__tu,float64,0.005729845178345597,-4.0,804227.0,804231.0,3535.887014643645,178.12863350984205,-1.0,-1.0,5983,0.004774193342461993,0.9933912971314942,0.04288714614473713,7.97959776443589e-07,0.0001236837653487563
hi33s__tu,float64,0.005729845178345597,-4.0,804227.0,804231.0,3590.899519510345,180.19426410553496,-1.0,-1.0,6001,0.004788556618437978,0.9933912971314942,0.04288714614473713,7.97959776443589e-07,0.0001236837653487563
hi34s__tu,float64,0.005729845178345597,-5.0,999.0,1004.0,6.742771189634384,-0.695575153447665,-1.0,-1.0,164,0.0001308654033367486,0.9935620605236531,0.00017076339215892804,7.97959776443589e-07,0.0001252796849016435
hi35s__tu,float64,0.005729845178345597,-4.0,804227.0,804231.0,3497.995603793614,176.23704911282832,-1.0,-1.0,5997,0.004785364779332203,0.9933912971314942,0.04288714614473713,7.97959776443589e-07,0.0001236837653487563
hi36s__tu,float64,0.005729845178345597,-4.0,999.0,1003.0,145.21254595912825,21.026975030242674,-1.0,-1.0,115,9.176537429101273e-05,0.9568463352899307,0.04288714614473713,0.02154012620531824,0.0016326257026035831
hi57s__tu,float64,0.005729845178345597,-5.0,735302.0,735307.0,1015.8100464651043,14.798385089004434,-1.0,-1.0,1727,0.0013780765339180781,0.9933920950912707,7.97959776443589e-07,7.97959776443589e-07,0.004397556327980619
hi101s__tu,float64,0.005729845178345597,-5.0,804227.0,804232.0,4361.224115817788,269.88638010335177,-1.0,-1.0,8134,0.006490604821592153,0.9876595520572999,3.0322471504856384e-05,7.97959776443589e-07,0.0031527390767286203
hr01s__tu,float64,0.005729845178345597,-4.0,11.0,15.0,0.840844889498141,-0.14651499047236027,0.0,0.0,13,1.0373477093766658e-05,0.04288714614473713,0.04288714614473713,2.393879329330767e-06,0.9382028030731027
hr02s__tu,float64,0.005729845178345597,-4.0,5.0,9.0,0.634258551835225,-1.1068132997551858,-1.0,-1.0,8,6.383678211548712e-06,0.9809662654524911,0.04288714614473713,7.97959776443589e-07,0.016320671307600728
hr03s__tu,float64,0.005729845178345597,-4.0,5.0,9.0,0.6589897468176453,-1.1574773618811423,-1.0,-1.0,9,7.1816379879923015e-06,0.997688310527643,0.04288714614473713,7.97959776443589e-07,0.0005545820446282944
hr06s__tu,float64,0.005729845178345597,-4.0,2.0,6.0,0.6270493151549649,-1.109569452823022,-1.0,-1.0,5,3.989798882217945e-06,0.9809662654524911,0.04288714614473713,1.595919552887178e-06,0.018977079403381433
hr09s__tu,float64,0.005729845178345597,-4.0,3.0,7.0,0.6278039919911984,-1.1092821873035024,-1.0,-1.0,6,4.787758658661534e-06,0.9809662654524911,0.04288714614473713,7.97959776443589e-07,0.01870018736095551
hr12s__tu,float64,0.005729845178345597,-4.0,5.0,9.0,0.6602210619940829,-1.1560402363237674,-1.0,-1.0,8,6.383678211548712e-06,0.9971632529947431,0.04288714614473713,7.97959776443589e-07,0.000699012764164584
hr20s__tu,float64,0.005729845178345597,-4.0,355.0,359.0,16.65371783443867,1.0948415092292028,-1.0,-1.0,296,0.00023619609382730236,0.9809662654524911,0.04288714614473713,7.97959776443589e-07,0.0001236837653487563
in20s__tu,float64,0.005729845178345597,-5.0,999.0,1004.0,60.49992493213278,92.32918075065672,97.0,-1.0,520,0.0004149390837506663,0.10442500614429027,6.623066144481788e-05,2.8726551951969206e-05,0.00022342873740420493
in21s__tu,float64,0.005729845178345597,-5.0,999.0,1004.0,33.4390593283593,26.590034599535908,15.0,-1.0,404,0.00032237574968320995,0.10442500614429027,6.623066144481788e-05,0.0001252796849016435,0.001895154469053524
in24s__tu,float64,0.005729845178345597,-6.0,55.0,61.0,4.144671092426148,0.02770995119678007,0.0,-3.0,57,4.5483707257284576e-05,0.4583050057612696,0.058413847474776494,7.97959776443589e-07,0.061374278245382205
in25s__tu,float64,0.005729845178345597,-6.0,54.0,60.0,4.241656700918009,-0.579292465025423,-1.0,-3.0,58,4.6281667033728165e-05,0.5276022266269602,0.12746449876954602,7.97959776443589e-07,0.060967318759395976
lm09s__tu,float64,0.005729845178345597,-4.0,999.0,1003.0,35.10813977481571,0.30463949773219834,-1.0,-1.0,85,6.782658099770506e-05,0.9823355644288683,0.04288714614473713,0.00122726213617024,0.0024202120019534055
lm10s__tu,float64,0.005729845178345597,-4.0,47.0,51.0,1.0053149497403266,-1.0456648441265373,-1.0,-1.0,43,3.431227038707433e-05,0.9823355644288683,0.04288714614473713,7.97959776443589e-07,0.0018185503305149394
lm11s__tu,float64,0.005729845178345597,-4.0,46.0,50.0,0.9485731743351498,-1.0555731106706374,-1.0,-1.0,41,3.271635083418715e-05,0.9823355644288683,0.04288714614473713,7.97959776443589e-07,0.0028359490454805156
lm12s__tu,float64,0.005729845178345597,-4.0,45.0,49.0,0.9173950247264374,-1.0611819699392593,-1.0,-1.0,41,3.271635083418715e-05,0.9823355644288683,0.04288714614473713,7.97959776443589e-07,0.003614757787289458
lm13s__tu,float64,0.005729845178345597,-4.0,2.0,6.0,0.8160205420770936,-0.16482657142218776,0.0,0.0,4,3.191839105774356e-06,0.04288714614473713,0.04288714614473713,7.022046032703584e-05,0.9504610611588291
lm14s__tu,float64,0.005729845178345597,-4.0,93.0,97.0,2.1559598795841595,-1.005745310390394,-1.0,-1.0,93,7.421025920925377e-05,0.9932245235382174,0.04288714614473713,7.97959776443589e-07,0.0003710512960462689
lm15s__tu,float64,0.005729845178345597,-5.0,1119050.0,1119055.0,14160.180034665198,926.4942108018219,-1.0,-1.0,5909,0.004715144319005168,0.9933992767292587,0.000174753191041146,7.97959776443589e-07,0.0006447514993664199
lm16s__tu,float64,0.005729845178345597,-4.0,2064634.0,2064638.0,16867.582907417596,1167.999632140543,-1.0,-1.0,5260,0.004197268424093278,0.9932245235382174,0.04288714614473713,7.97959776443589e-07,0.0001236837653487563
lm17s__tu,float64,0.005729845178345597,-5.0,976.0,981.0,7.256753140902496,-0.5874148975898423,-1.0,-1.0,159,0.00012687560445453065,0.9939466771358989,0.0007221535976814481,7.97959776443589e-07,0.0001236837653487563
lm18s__tu,float64,0.005729845178345597,-4.0,2.0,6.0,0.6310750163285685,-1.1156347450837698,-1.0,-1.0,5,3.989798882217945e-06,0.9932245235382174,0.04288714614473713,5.665514412749482e-05,0.0005809147172509328
lm19s__tu,float64,0.005729845178345597,-4.0,2.0,6.0,0.6302269572664798,-1.1159603126725588,-1.0,-1.0,5,3.989798882217945e-06,0.9932245235382174,0.04288714614473713,4.787758658661534e-05,0.0008977047484990376
lm20s__tu,float64,0.005729845178345597,-4.0,2.0,6.0,0.6289740372925527,-1.1164414824177542,-1.0,-1.0,5,3.989798882217945e-06,0.9932245235382174,0.04288714614473713,3.6706149716405096e-05,0.0013677030568243116
lm21s__tu,float64,0.005729845178345597,-4.0,999.0,1003.0,23.803288270837083,-0.48952677793417787,-1.0,-1.0,84,6.702862122126148e-05,0.9932245235382174,0.04288714614473713,0.0005641575619456175,0.0010389436289295528
lm22s__tu,float64,0.005729845178345597,-4.0,42.0,46.0,0.7779116219637502,-1.0978482216668422,-1.0,-1.0,33,2.633267262263844e-05,0.9932245235382174,0.04288714614473713,7.97959776443589e-07,0.0008681802367706249
lm23s__tu,float64,0.005729845178345597,-4.0,42.0,46.0,0.7510948268569579,-1.10155314890887,-1.0,-1.0,33,2.633267262263844e-05,0.9932245235382174,0.04288714614473713,7.97959776443589e-07,0.0012799274814155168
lm24s__tu,float64,0.005729845178345597,-4.0,42.0,46.0,0.737752141478548,-1.1035296952751206,-1.0,-1.0,32,2.553471284619485e-05,0.9932245235382174,0.04288714614473713,7.97959776443589e-07,0.0015751725986996447
lm25s__tu,float64,0.005729845178345597,-4.0,4.0,8.0,0.8196406646889218,-0.1604537518472769,0.0,0.0,6,4.787758658661534e-06,0.04288714614473713,0.04288714614473713,1.595919552887178e-06,0.9461425028487164
lm08s__tu,float64,0.005729845178345597,-4.0,4.0,8.0,0.6621867128651838,-1.0964126920290203,-1.0,-1.0,7,5.585718435105123e-06,0.9823355644288683,0.04288714614473713,1.595919552887178e-06,0.0032604636465485047
lm07s__tu,float64,0.005729845178345597,-4.0,4.0,8.0,0.6650663266384292,-1.095235701358766,-1.0,-1.0,7,5.585718435105123e-06,0.9823355644288683,0.04288714614473713,1.595919552887178e-06,0.0021145934075755108
lm06s__tu,float64,0.005729845178345597,-4.0,4.0,8.0,0.6671982768325687,-1.094366723162219,-1.0,-1.0,7,5.585718435105123e-06,0.9823355644288683,0.04288714614473713,1.595919552887178e-06,0.001277533602086186
in34s__tu,float64,0.005729845178345597,-5.0,999.0,1004.0,49.071234639908674,51.04982540640091,63.0,-3.0,422,0.00033673902565919457,0.40155969217903664,5.266534524527688e-05,6.383678211548712e-06,0.0003590818993996151
in27s__tu,float64,0.005729845178345597,-6.0,50.0,56.0,4.222406409674061,-1.536607202704126,-3.0,-3.0,55,4.38877877043974e-05,0.6406436024372884,0.24003906811065467,1.595919552887178e-06,0.05347687033792001
in28s__tu,float64,0.005729845178345597,-5.0,7562282.0,7562287.0,27774.065979579227,16232.911964289704,6395.0,-3.0,100310,0.08004334517505642,0.4015588942192602,5.186738546883329e-05,1.595919552887178e-06,0.0001236837653487563
in29s__tu,float64,0.005729845178345597,-4.0,55.0,59.0,4.215044636393525,0.8307391661001152,1.0,-3.0,56,4.468574748084099e-05,0.40150702683379136,0.04288714614473713,1.595919552887178e-06,0.0001236837653487563
in30s__tu,float64,0.005729845178345597,-5.0,100.0,105.0,49.58353077864412,51.32784097619207,75.0,100.0,79,6.303882233904353e-05,0.4015588942192602,5.186738546883329e-05,0.4742410604566245,0.046495520253815044
in31s__tu,float64,0.005729845178345597,-5.0,100.0,105.0,47.76839200650135,42.606097529835715,0.0,100.0,83,6.623066144481788e-05,0.4015588942192602,5.186738546883329e-05,0.35132333649325403,0.10885767270243442
in32s__tu,float64,0.005729845178345597,-4.0,709123.0,709127.0,16244.537905380936,8906.439254514058,3382.0,-3.0,65675,0.05240600831793271,0.40150702683379136,0.04288714614473713,7.97959776443589e-07,0.0001236837653487563
in33s__tu,float64,0.005729845178345597,-4.0,834306.0,834310.0,26995.220988485577,15043.328294217345,4268.0,-3.0,101060,0.08064181500738911,0.40150702683379136,0.04288714614473713,7.97959776443589e-07,0.0001236837653487563
in35s__tu,float64,0.005729845178345597,-4.0,458282.0,458286.0,10680.31732452587,5987.105613168252,2485.0,-3.0,48650,0.03882074312398061,0.40150702683379136,0.04288714614473713,1.595919552887178e-06,0.0001236837653487563
lm05s__tu,float64,0.005729845178345597,-5.0,976.0,981.0,11.54620291866908,0.2408178768524636,-1.0,-1.0,185,0.00014762255864206398,0.9850566072665409,0.0027210428376726386,7.97959776443589e-07,0.0001252796849016435
in36s__tu,float64,0.005729845178345597,-4.0,999.0,1003.0,368.62250298835306,173.67371983313066,2.0,1.0,146,0.000116502127360764,0.10435877548284546,0.04288714614473713,0.16605702539746375,0.11638243339429746
in57s__tu,float64,0.005729845178345597,-5.0,509041.0,509046.0,930.4642411859306,149.4058598974143,0.0,0.0,7721,0.006161047433920951,0.40159719628852947,9.016945473812556e-05,7.97959776443589e-07,0.47195729957644295
in101s__tu,float64,0.005729845178345597,-5.0,1726740.0,1726745.0,28744.67560496869,17757.339437725623,8085.0,-2.0,106897,0.08529950622249034,0.22399608680525632,0.0004285043999502073,1.595919552887178e-06,0.06980312736395584
lm01s__tu,float64,0.005729845178345597,-4.0,4.0,8.0,0.8252063853961078,-0.1537317386905161,0.0,0.0,6,4.787758658661534e-06,0.04288714614473713,0.04288714614473713,1.595919552887178e-06,0.9395721020494799
lm02s__tu,float64,0.005729845178345597,-4.0,93.0,97.0,3.6562531764726316,-0.7684432443129406,-1.0,-1.0,94,7.500821898569737e-05,0.9823355644288683,0.04288714614473713,7.97959776443589e-07,0.000609641269202902
lm03s__tu,float64,0.005729845178345597,-5.0,3217203.0,3217208.0,22741.107325429675,2246.6872612105367,-1.0,-1.0,14308,0.011417208481354872,0.9827568871908304,0.000421322761962215,7.97959776443589e-07,0.0023092955930277465
lm04s__tu,float64,0.005729845178345597,-5.0,3105000.0,3105005.0,26554.23620748973,2890.5576110999395,-1.0,-1.0,11936,0.00952444789163068,0.9823387562679741,3.191839105774356e-06,7.97959776443589e-07,0.0001236837653487563
hi28s__tu,float64,0.005729845178345597,-5.0,878484.0,878489.0,4016.2513579906904,212.43695798582186,-1.0,-1.0,3581,0.002857493959444492,0.9935620605236531,0.00017076339215892804,7.97959776443589e-07,0.0001236837653487563
hi27s__tu,float64,0.005729845178345597,-6.0,3.0,9.0,0.7278970291332142,-1.1957898046275284,-1.0,-1.0,10,7.97959776443589e-06,0.9940879160163294,0.0007668393451622891,3.989798882217945e-06,0.0022598220868882443
hi25s__tu,float64,0.005729845178345597,-6.0,3.0,9.0,0.7221601674429923,-1.1927503758390547,-1.0,-1.0,10,7.97959776443589e-06,0.9936434524208504,0.00032317370945965357,4.787758658661534e-06,0.0023380221449797157
g232s__tu,float64,0.005729845178345597,0.0,999.0,999.0,10.405676838442208,7.804743232503136,5.0,1.0,225,0.00017954094969980754,0.0,0.1100418450106767,7.97959776443589e-07,0.1100418450106767
g220a__tu,float64,0.005729845178345597,-4.0,48.0,52.0,1.0703995359865954,-0.20470939900861476,0.0,0.0,34,2.7130632399082028e-05,0.09807165040424642,0.04288714614473713,7.97959776443589e-07,0.8550498086492456
g220b__tu,float64,0.005729845178345597,-4.0,80.0,84.0,3.116595934140942,1.5591639296646336,1.0,0.0,58,4.6281667033728165e-05,0.09807165040424642,0.04288714614473713,7.97959776443589e-07,0.27747375510295275
g220c__tu,float64,0.005729845178345597,-4.0,13.0,17.0,1.005246371429798,-0.7736898298430572,-1.0,0.0,15,1.1969396646653836e-05,0.5230977436889361,0.04288714614473713,1.595919552887178e-06,0.4635523892511626
g220d__tu,float64,0.005729845178345597,-4.0,23.0,27.0,1.5861036049612167,-0.37734480480307947,-1.0,-1.0,25,1.9948994411089726e-05,0.5230977436889361,0.04288714614473713,2.393879329330767e-06,0.2328302994902633
g221a__tu,float64,0.005729845178345597,-4.0,41.0,45.0,1.3457239360064668,-0.08291600037025333,0.0,0.0,35,2.7928592175525617e-05,0.09807165040424642,0.04288714614473713,7.97959776443589e-07,0.801659915926958
g221b__tu,float64,0.005729845178345597,-4.0,80.0,84.0,3.0466038311967827,1.481955735575281,1.0,0.0,58,4.6281667033728165e-05,0.09807165040424642,0.04288714614473713,7.97959776443589e-07,0.29056987095394493
g221c__tu,float64,0.005729845178345597,-4.0,13.0,17.0,1.031656625164408,-0.7592411721709932,-1.0,0.0,16,1.2767356423097425e-05,0.5230977436889361,0.04288714614473713,1.595919552887178e-06,0.4538420167316206
g221d__tu,float64,0.005729845178345597,-4.0,23.0,27.0,1.562768779152392,-0.39401019473410387,-1.0,-1.0,25,1.9948994411089726e-05,0.5230977436889361,0.04288714614473713,1.595919552887178e-06,0.23995049457546944
g222s__tu,float64,0.005729845178345597,-4.0,51.0,55.0,2.311445883908742,0.3487594917315408,0.0,0.0,47,3.7504109492848685e-05,0.22453231577502641,0.04288714614473713,7.97959776443589e-07,0.44545386356164557
g223s__tu,float64,0.005729845178345597,-4.0,51.0,55.0,2.178023453556567,0.08908662332149161,0.0,0.0,45,3.590818993996151e-05,0.26163265762099464,0.04288714614473713,7.97959776443589e-07,0.5076261015834714
g224a__tu,float64,0.005729845178345597,-4.0,260.0,264.0,6.675525532151663,7.762090686532673,6.0,4.0,102,8.139189719724608e-05,0.01295567493033811,0.01295567493033811,7.97959776443589e-07,0.05969138107686268
g224b__tu,float64,0.005729845178345597,-4.0,247.0,251.0,3.852022285645194,3.2636642632118202,2.0,1.0,63,5.027146591594611e-05,0.01295567493033811,0.01295567493033811,7.97959776443589e-07,0.18128927956999544
g224c__tu,float64,0.005729845178345597,-4.0,251.0,255.0,4.634062095414457,4.48744649679699,3.0,1.0,73,5.8251063680382e-05,0.01295567493033811,0.01295567493033811,7.97959776443589e-07,0.12032435468992879
g225s__tu,float64,0.005729845178345597,-5.0,7120126.0,7120131.0,16607.034372311424,3666.98333062027,291.0,0.0,45221,0.03608453905055554,0.20086083900682736,0.0021409260801981494,7.97959776443589e-07,0.24561122122956025
g226s__tu,float64,0.005729845178345597,-5.0,22.0,27.0,1.4595380086676446,-1.8337147581064734,-3.0,-3.0,27,2.1544913963976904e-05,0.891454329570155,8.298781675013326e-05,2.393879329330767e-06,0.02591055190089978
g227s__tu,float64,0.005729845178345597,-5.0,22.0,27.0,1.4078331233395482,-1.8657129451418613,-3.0,-3.0,27,2.1544913963976904e-05,0.9042105145563822,8.139189719724608e-05,2.393879329330767e-06,0.025951247849498402
g228s__tu,float64,0.005729845178345597,-5.0,33.0,38.0,1.7790360993032543,-1.090425599826364,-1.0,-1.0,32,2.553471284619485e-05,0.7288748128784325,0.0003135981921423305,7.97959776443589e-07,0.07214274542848845
g219d__tu,float64,0.005729845178345597,-4.0,23.0,27.0,1.6138308818815874,-0.35666966699542607,-1.0,-1.0,26,2.0746954187533315e-05,0.5230977436889361,0.04288714614473713,2.393879329330767e-06,0.2236386008254096
g219c__tu,float64,0.005729845178345597,-4.0,16.0,20.0,1.0115730326784347,-0.7696800819664282,-1.0,0.0,15,1.1969396646653836e-05,0.5230977436889361,0.04288714614473713,7.97959776443589e-07,0.4603884787375638
g219b__tu,float64,0.005729845178345597,-4.0,80.0,84.0,3.1665050627854616,1.634339720203384,1.0,0.0,58,4.6281667033728165e-05,0.09807165040424642,0.04288714614473713,7.97959776443589e-07,0.2617802801796367
g213b__tu,float64,0.005729845178345597,-5.0,998190.0,998195.0,3447.434149943175,1064.4918879409126,327.0,-4.0,18600,0.014842051841850756,0.3244703940963744,1.5161235752428192e-05,7.97959776443589e-07,0.05323189668655182
g207s__tu,float64,0.005729845178345597,-5.0,999999999.0,1000000004.0,893468.4646706829,2537.8966801681463,834.0,-4.0,20140,0.016070909897573885,0.078351670448996,0.03546452430425887,7.97959776443589e-07,0.028372257811228253
g208s__tu,float64,0.005729845178345597,-5.0,100.0,105.0,47.06498895692709,52.49198768588473,62.0,100.0,103,8.218985697368967e-05,0.22374951723433525,0.18086237108959813,0.43451543094615686,0.10524770267380362
g209s__tu,float64,0.005729845178345597,-5.0,999.0,1004.0,37.97710580836992,30.65921930807312,21.0,-1.0,472,0.00037663701448137403,0.3837292809744046,0.0001675715530531537,0.0001236837653487563,2.393879329330767e-06
g210s__tu,float64,0.005729845178345597,-5.0,2111755.0,2111760.0,6075.557342042274,1689.9544628294377,-1.0,-1.0,28628,0.022843992480027067,0.5622767707525399,0.0010477211864704323,1.595919552887178e-06,0.08982473611470193
g211s__tu,float64,0.005729845178345597,-5.0,5389785.0,5389790.0,8944.402187628943,2321.4996592711755,0.0,-1.0,30258,0.024144666915630116,0.383999789338619,0.0004380799172675304,7.97959776443589e-07,0.14465973399212892
g212s__tu,float64,0.005729845178345597,-5.0,24.0,29.0,1.196982619642343,-0.28864758585249234,0.0,0.0,24,1.9151034634646137e-05,0.3837292809744046,0.0001675715530531537,7.97959776443589e-07,0.4647381574789578
g213a__tu,float64,0.005729845178345597,-5.0,998190.0,998195.0,4241.204529207923,1455.1414982173578,598.0,-4.0,21987,0.017544741604665192,0.19407818090705684,7.1816379879923015e-06,7.97959776443589e-07,0.05746188146147929
g215a__tu,float64,0.005729845178345597,-5.0,282.0,287.0,6.273243343212925,3.6282441054711314,3.0,-4.0,158,0.00012607764467808706,0.162850025055937,1.1969396646653836e-05,7.97959776443589e-07,0.06746191337987034
g219a__tu,float64,0.005729845178345597,-4.0,31.0,35.0,1.0092449975127984,-0.2067418025592166,0.0,0.0,25,1.9948994411089726e-05,0.09807165040424642,0.04288714614473713,7.97959776443589e-07,0.8447752785677579
g215b__tu,float64,0.005729845178345597,-5.0,230.0,235.0,3.416601839939431,1.1961369171302814,1.0,1.0,76,6.064494300971277e-05,0.2879932588358086,1.8353074858202548e-05,7.97959776443589e-07,0.06766938292174568
g216s__tu,float64,0.005729845178345597,-5.0,80.0,85.0,3.4224309364068284,1.2425414699695818,0.0,-1.0,59,4.7079626810171754e-05,0.3168786047832901,4.38877877043974e-05,7.97959776443589e-07,0.20871435912658515
g217s__tu,float64,0.005729845178345597,-5.0,7120126.0,7120131.0,15462.421779710465,3240.5768546979084,128.0,0.0,42550,0.033953188487674715,0.09886721630136068,0.0007955658971142582,7.97959776443589e-07,0.3707640305267492
g218a__tu,float64,0.005729845178345597,-4.0,17.0,21.0,1.047524601914286,-0.1574829475995774,0.0,0.0,20,1.595919552887178e-05,0.09807165040424642,0.04288714614473713,1.595919552887178e-06,0.8039061726976466
g218b__tu,float64,0.005729845178345597,-4.0,80.0,84.0,3.231768820150662,1.7587743657017738,1.0,1.0,58,4.6281667033728165e-05,0.09807165040424642,0.04288714614473713,7.97959776443589e-07,0.23405117794822197
g218c__tu,float64,0.005729845178345597,-4.0,13.0,17.0,1.0242912324470823,-0.7614738636254824,-1.0,0.0,15,1.1969396646653836e-05,0.5230977436889361,0.04288714614473713,7.97959776443589e-07,0.4538324412143033
g218d__tu,float64,0.005729845178345597,-4.0,23.0,27.0,1.650279443061407,-0.32778831084682686,-1.0,-1.0,26,2.0746954187533315e-05,0.5230977436889361,0.04288714614473713,2.393879329330767e-06,0.21035336850740027
g230s__tu,float64,0.005729845178345597,-5.0,33.0,38.0,1.8368049817231482,-1.039211743414438,-1.0,-1.0,33,2.633267262263844e-05,0.7122142107060667,0.0003862125317986971,7.97959776443589e-07,0.07153629599839131
g234s__tu,float64,0.005729845178345597,-4.0,19.0,23.0,1.5935362621576445,-0.0845629893488329,0.0,0.0,20,1.595919552887178e-05,0.10991816124532794,0.10991816124532794,1.595919552887178e-06,0.6587804301960747
hi24s__tu,float64,0.005729845178345597,-6.0,3.0,9.0,0.7195133413110463,-1.1913355931554201,-1.0,-1.0,10,7.97959776443589e-06,0.9934383767583044,0.00011809804691365118,4.787758658661534e-06,0.0023635568578259107
g235s__tu,float64,0.005729845178345597,-5.0,74.0,79.0,1.2169288744727846,-0.15497575798199165,0.0,0.0,39,3.112043128129997e-05,0.1986433087880906,5.585718435105123e-06,7.97959776443589e-07,0.7133313543930877
g310s__tu,float64,0.005729845178345597,-4.0,10.0,14.0,4.394999846140994,6.056529864442593,9.0,9.0,11,8.77755754087948e-06,0.09807165040424642,0.04288714614473713,0.18282694805920224,0.00031040635303655615
g311s__tu,float64,0.005729845178345597,-4.0,10.0,14.0,3.667409428162782,7.395842310380818,9.0,9.0,10,7.97959776443589e-06,0.04288714614473713,0.04288714614473713,0.22493927526101265,0.0004452615552555227
g312s__tu,float64,0.005729845178345597,-4.0,10.0,14.0,0.8828651905306135,-1.0975481887908993,-1.0,-1.0,12,9.575517317323069e-06,0.9932700072454748,0.04288714614473713,0.002130552603104383,0.00013724908154829732
g313s__tu,float64,0.005729845178345597,-4.0,10.0,14.0,1.066022767635673,-1.0341734253859731,-1.0,-1.0,11,8.77755754087948e-06,0.9809662654524911,0.04288714614473713,0.0036825843682871634,0.00021624709941621263
g314s__tu,float64,0.005729845178345597,-4.0,10.0,14.0,1.0486556597650314,-1.080451102620819,-1.0,-1.0,12,9.575517317323069e-06,0.987629229585795,0.04288714614473713,0.0036650292532054043,0.00017714707037047676
g315s__tu,float64,0.005729845178345597,-4.0,10.0,14.0,1.4697629749751409,-0.9049661824646743,-1.0,-1.0,11,8.77755754087948e-06,0.9568463352899307,0.04288714614473713,0.008140785639277495,0.0004332921586088688
g960s__tu,float64,0.005729845178345597,-4.0,181.0,185.0,5.570174353076053,4.439643120469583,4.0,1.0,109,8.69776156323512e-05,0.10991816124532794,0.10991816124532794,7.97959776443589e-07,0.0001236837653487563
g980s__tu,float64,0.005729845178345597,-4.0,70.0,74.0,2.7371089727161473,1.2116859613340611,1.0,1.0,56,4.468574748084099e-05,0.10991816124532794,0.10991816124532794,7.97959776443589e-07,0.24218478194951149
g990s__tu,float64,0.005729845178345597,-4.0,116.0,120.0,3.8074900253777715,2.4168246627024024,2.0,1.0,77,6.144290278615635e-05,0.10991816124532794,0.10991816124532794,7.97959776443589e-07,0.1009818097089362
hi01s__tu,float64,0.005729845178345597,-4.0,12.0,16.0,0.8816172938769764,-0.11223942623500234,0.0,0.0,13,1.0373477093766658e-05,0.04288714614473713,0.04288714614473713,7.97959776443589e-07,0.9140828729105424
hi02s__tu,float64,0.005729845178345597,-4.0,3.0,7.0,0.6659335608645265,-1.0787650136131939,-1.0,-1.0,6,4.787758658661534e-06,0.9568463352899307,0.04288714614473713,7.1816379879923015e-06,0.0365561332784337
hi03s__tu,float64,0.005729845178345597,-4.0,3.0,7.0,0.7179772937528712,-1.1904873619130607,-1.0,-1.0,8,6.383678211548712e-06,0.9933162889125084,0.04288714614473713,4.787758658661534e-06,0.0023675466567081287
hi06s__tu,float64,0.005729845178345597,-5.0,4.0,9.0,0.6500820067597701,-1.0854128165107453,-1.0,-1.0,7,5.585718435105123e-06,0.9568614965256831,1.5161235752428192e-05,7.97959776443589e-07,0.04297731559947526
hi09s__tu,float64,0.005729845178345597,-5.0,6.0,11.0,0.65256354709857,-1.0844448913019193,-1.0,-1.0,9,7.1816379879923015e-06,0.9568614965256831,1.5161235752428192e-05,7.97959776443589e-07,0.04207961085097622
hi12s__tu,float64,0.005729845178345597,-4.0,3.0,7.0,0.7232849456197638,-1.1881892377569032,-1.0,-1.0,7,5.585718435105123e-06,0.9932787848030157,0.04288714614473713,5.585718435105123e-06,0.00023619609382730236
hi20s__tu,float64,0.005729845178345597,-5.0,650.0,655.0,23.836568925029617,3.6855344255806752,-1.0,-1.0,308,0.0002457716111446254,0.9568614965256831,1.5161235752428192e-05,4.787758658661534e-06,0.0001244817251251999
hi21s__tu,float64,0.005729845178345597,-5.0,999.0,1004.0,25.534094373535076,3.6200586340843732,-1.0,-1.0,305,0.00024337773181529467,0.9568614965256831,1.5161235752428192e-05,0.0001236837653487563,7.97959776443589e-07
g309s__tu,float64,0.005729845178345597,-4.0,10.0,14.0,3.0363007536743916,0.1250825888368619,-1.0,-1.0,11,8.77755754087948e-06,0.7938646468708805,0.04288714614473713,0.054834997877426996,0.0013405724244252295
g308s__tu,float64,0.005729845178345597,-4.0,10.0,14.0,2.3773149206404116,-0.541834637199608,-1.0,-1.0,12,9.575517317323069e-06,0.8827286394147443,0.04288714614473713,0.03171650723430333,0.0005721371597100534
g307s__tu,float64,0.005729845178345597,-4.0,10.0,14.0,4.596383612612742,3.6477981097928818,2.0,-1.0,11,8.77755754087948e-06,0.2801381427964979,0.04288714614473713,0.13274459861027324,0.001681301248966642
g251a__tu,float64,0.005729845178345597,-4.0,260.0,264.0,6.786389655838223,8.059591636104807,7.0,4.0,103,8.218985697368967e-05,0.01295567493033811,0.01295567493033811,7.97959776443589e-07,0.05330850082509041
g237s__tu,float64,0.005729845178345597,-4.0,383.0,387.0,5.284733403798256,2.4053420215193793,1.0,0.0,122,9.735109272611786e-05,0.10991816124532794,0.10991816124532794,7.97959776443589e-07,0.24218478194951149
g238s__tu,float64,0.005729845178345597,-4.0,591.0,595.0,7.44671405619984,4.302789826970402,2.0,1.0,166,0.00013246132288963577,0.10991816124532794,0.10991816124532794,7.1816379879923015e-06,0.1009818097089362
g240s__tu,float64,0.005729845178345597,-4.0,53.0,57.0,1.7140859991733262,-0.08349851100705716,0.0,0.0,39,3.112043128129997e-05,0.10991816124532794,0.10991816124532794,1.595919552887178e-06,0.6967321951235083
g241s__tu,float64,0.005729845178345597,-4.0,39.0,43.0,1.269740620624951,-1.0294558871876387,-1.0,-1.0,24,1.9151034634646137e-05,0.8065266726034874,0.10991816124532794,7.97959776443589e-07,0.11692105624339688
g250a__tu,float64,0.005729845178345597,-4.0,260.0,264.0,6.932396091224837,8.571355957088915,7.0,5.0,103,8.218985697368967e-05,0.01295567493033811,0.01295567493033811,7.97959776443589e-07,0.04328133827430027
g250b__tu,float64,0.005729845178345597,-4.0,247.0,251.0,3.9994129802099345,3.6503795096696767,3.0,1.0,62,4.947350613950252e-05,0.01295567493033811,0.01295567493033811,7.97959776443589e-07,0.14293933271411655
g250c__tu,float64,0.005729845178345597,-4.0,251.0,255.0,4.790506832663327,4.967848604687535,4.0,2.0,74,5.904902345682559e-05,0.01295567493033811,0.01295567493033811,7.97959776443589e-07,0.09132968825307454
g251b__tu,float64,0.005729845178345597,-4.0,247.0,251.0,3.9175843304084466,3.4042719574591684,2.0,1.0,62,4.947350613950252e-05,0.01295567493033811,0.01295567493033811,7.97959776443589e-07,0.16729466101072776
g306s__tu,float64,0.005729845178345597,-4.0,10.0,14.0,4.475763656690089,2.026752399465048,1.0,-1.0,12,9.575517317323069e-06,0.4523059441619667,0.04288714614473713,0.08847618409251226,0.0006423576200370891
g251c__tu,float64,0.005729845178345597,-4.0,251.0,255.0,4.705195774730633,4.6647603407607425,4.0,2.0,73,5.8251063680382e-05,0.01295567493033811,0.01295567493033811,7.97959776443589e-07,0.10930851997612505
g300s__tu,float64,0.005729845178345597,-4.0,10.0,14.0,4.581601346753172,1.9750214651179863,-1.0,-1.0,11,8.77755754087948e-06,0.5230977436889361,0.04288714614473713,0.08429487486394786,0.00015640011618294345
g301s__tu,float64,0.005729845178345597,-4.0,10.0,14.0,4.853431728384107,3.565926638769993,1.0,-1.0,11,8.77755754087948e-06,0.38450170603800204,0.04288714614473713,0.11041369426649941,0.000349506382082292
g302s__tu,float64,0.005729845178345597,-4.0,10.0,14.0,4.846982778454843,2.9638189078164947,1.0,-1.0,12,9.575517317323069e-06,0.4017855147957702,0.04288714614473713,0.11290811652766207,0.00017714707037047676
g303s__tu,float64,0.005729845178345597,-4.0,10.0,14.0,4.848395601463089,4.642756599925311,5.0,9.0,11,8.77755754087948e-06,0.2773843836079911,0.04288714614473713,0.1397275446139311,0.00040456560665689964
g304s__tu,float64,0.005729845178345597,-4.0,10.0,14.0,4.61798973358739,3.779851675236755,2.0,1.0,12,9.575517317323069e-06,0.2235675824053061,0.04288714614473713,0.12235197048187195,0.0004779779060897098
g305s__tu,float64,0.005729845178345597,-4.0,10.0,14.0,4.286034961092316,5.5573022895061905,8.0,9.0,11,8.77755754087948e-06,0.10435877548284546,0.04288714614473713,0.1751944627975193,0.0009423904959798787
lm26s__tu,float64,0.005729845178345597,-4.0,87.0,91.0,3.0293604573668147,-0.8900371530071912,-1.0,-1.0,89,7.101842010347942e-05,0.9889059652281048,0.04288714614473713,7.97959776443589e-07,0.0003654655776111638
lm28s__tu,float64,0.005729845178345597,-5.0,3105000.0,3105005.0,20431.955420657305,1721.429522596625,-1.0,-1.0,7702,0.006145886198168523,0.9889091570672106,3.191839105774356e-06,7.97959776443589e-07,0.0001236837653487563
g205s__tu,float64,0.005729845178345597,-5.0,289533.0,289538.0,1756.6649786307644,404.3635201516762,128.0,-5.0,8643,0.00689676634780194,0.26566714225069343,0.11853931867002448,7.97959776443589e-07,0.062919128372577
re36s__tu,float64,0.005729845178345597,-4.0,999.0,1003.0,338.67082116440247,140.66662996051696,0.0,0.0,155,0.0001236837653487563,0.2773843836079911,0.04288714614473713,0.1344737774458265,0.2538844681917274
re101s__tu,float64,0.005729845178345597,-5.0,1408961.0,1408966.0,7467.084242385943,1666.6592687815792,0.0,-1.0,30805,0.02458115091334476,0.40182940258347455,4.38877877043974e-05,7.97959776443589e-07,0.13064596439822662
re102s__tu,float64,0.005729845178345597,-5.0,700250.0,700255.0,2463.9168558008814,463.552437926709,-1.0,-3.0,8188,0.006533694649520107,0.6532896689743664,0.00014762255864206398,7.97959776443589e-07,0.0001236837653487563
rp01s__tu,float64,0.005729845178345597,-4.0,12.0,16.0,0.941353134834143,-0.015149266355781538,0.0,0.0,11,8.77755754087948e-06,0.04288714614473713,0.04288714614473713,1.595919552887178e-06,0.819744078340499
rp02s__tu,float64,0.005729845178345597,-4.0,4.0,8.0,0.800895690465613,-0.9521926338737117,-1.0,-1.0,7,5.585718435105123e-06,0.8625075407198874,0.04288714614473713,7.1816379879923015e-06,0.10006974168446117
rp03s__tu,float64,0.005729845178345597,-4.0,6.0,10.0,0.8604986606583833,-0.9198736670081934,-1.0,-1.0,9,7.1816379879923015e-06,0.8625075407198874,0.04288714614473713,7.97959776443589e-07,0.07059789530129365
rp04s__tu,float64,0.005729845178345597,-5.0,999.0,1004.0,17.478276085844215,3.271375746491371,-1.0,-1.0,110,8.77755754087948e-05,0.8625258937947456,1.8353074858202548e-05,0.0001236837653487563,0.0012065151819827067
rp05s__tu,float64,0.005729845178345597,-5.0,430478.0,430483.0,4691.985911689512,1115.4387701524743,-1.0,-1.0,24887,0.0198588249563516,0.8634866373655836,0.0009790966456962838,3.191839105774356e-06,0.019964155646842154
rp06s__tu,float64,0.005729845178345597,-5.0,353880.0,353885.0,2688.621730633165,358.3870256528109,-1.0,-1.0,16329,0.013029885189547365,0.9627201172043319,0.00026731652510860235,7.97959776443589e-07,0.0036498680174529763
rp07s__tu,float64,0.005729845178345597,-5.0,368653.0,368658.0,3403.815078694761,592.5107373467519,-1.0,-1.0,20009,0.015966377166859773,0.9334828709954388,0.0005035126189359047,7.97959776443589e-07,0.007053166463984883
rp08s__tu,float64,0.005729845178345597,-4.0,6.0,10.0,0.7516045824626512,-0.9774137485277642,-1.0,-1.0,8,6.383678211548712e-06,0.8625075407198874,0.04288714614473713,1.595919552887178e-06,0.12404524112748525
rt01s__tu,float64,0.005729845178345597,-4.0,90.0,94.0,3.3141034159813927,1.786085337010332,1.0,0.0,66,5.266534524527688e-05,0.04288714614473713,0.04288714614473713,7.97959776443589e-07,0.3863936686679498
rt02s__tu,float64,0.005729845178345597,-4.0,59.0,63.0,1.683920098157974,-0.09649009412733522,0.0,-1.0,44,3.511023016351792e-05,0.42915713104733816,0.04288714614473713,7.97959776443589e-07,0.3383309554131995
rt03s__tu,float64,0.005729845178345597,-4.0,57.0,61.0,2.005467998688233,-1.2642340064922006,-1.0,-1.0,47,3.7504109492848685e-05,0.795443011308686,0.04288714614473713,7.97959776443589e-07,0.019392816446908545
rt06s__tu,float64,0.005729845178345597,-5.0,22.0,27.0,1.056243669165239,-0.4455671738499006,0.0,0.0,24,1.9151034634646137e-05,0.42941487205512946,0.00025774100779127926,7.97959776443589e-07,0.48963929026265646
rt09s__tu,float64,0.005729845178345597,-5.0,59.0,64.0,1.585866501487996,-0.11765278535839566,0.0,-1.0,43,3.431227038707433e-05,0.42941487205512946,0.00025774100779127926,7.97959776443589e-07,0.3347161976259101
rt12s__tu,float64,0.005729845178345597,-4.0,55.0,59.0,2.0584604296961557,-1.1756046141226113,-1.0,-1.0,43,3.431227038707433e-05,0.7673644026951889,0.04288714614473713,7.97959776443589e-07,0.032014944190693236
rt20s__tu,float64,0.005729845178345597,-5.0,788.0,793.0,71.1675969667331,51.27761898378227,19.0,-1.0,674,0.000537824889322979,0.42941487205512946,0.00025774100779127926,7.97959776443589e-07,0.0019342544980992598
re57s__tu,float64,0.005729845178345597,-5.0,1399658.0,1399663.0,1297.247927326028,17.178076693510032,-1.0,-3.0,2128,0.0016980584042719574,0.6531851362436523,4.308982792795381e-05,7.97959776443589e-07,0.2820524483001861
re35s__tu,float64,0.005729845178345597,-5.0,700063.0,700068.0,2192.2121031093566,306.8961918167629,-1.0,-3.0,9989,0.007970820206895012,0.6531444402950536,2.393879329330767e-06,7.97959776443589e-07,0.03255835479845132
lm29s__tu,float64,0.005729845178345597,-5.0,436.0,441.0,9.068560470840021,-0.29722645140903736,-1.0,-1.0,175,0.00013964296087762808,0.9909503381753533,0.002044372947248475,7.97959776443589e-07,0.0001252796849016435
re34s__tu,float64,0.005729845178345597,-5.0,999.0,1004.0,42.96159605816639,23.310522855163917,-1.0,-3.0,504,0.0004021717273275689,0.6532920628536957,0.00015001643797139474,1.595919552887178e-05,0.033112936843079616
re01s__tu,float64,0.005729845178345597,-4.0,135.0,139.0,5.2472688243223065,3.4695394814538187,2.0,0.0,89,7.101842010347942e-05,0.04288714614473713,0.04288714614473713,7.97959776443589e-07,0.2346209212286027
re02s__tu,float64,0.005729845178345597,-4.0,82.0,86.0,2.359426859408746,0.5555699188315315,0.0,0.0,54,4.308982792795381e-05,0.2773843836079911,0.04288714614473713,7.97959776443589e-07,0.34004257913367103
re03s__tu,float64,0.005729845178345597,-4.0,80.0,84.0,2.751591707007772,-0.706798457703344,-1.0,-3.0,54,4.308982792795381e-05,0.649333384402759,0.04288714614473713,7.97959776443589e-07,0.030593777828847202
re06s__tu,float64,0.005729845178345597,-5.0,26.0,31.0,1.206461348129805,-0.16496621438306538,0.0,0.0,30,2.393879329330767e-05,0.2775583388392558,0.0001739552312647024,7.97959776443589e-07,0.5633133205021401
re09s__tu,float64,0.005729845178345597,-5.0,74.0,79.0,2.0344334140412963,0.4294021046987063,0.0,0.0,47,3.7504109492848685e-05,0.2775583388392558,0.0001739552312647024,7.97959776443589e-07,0.3455429158726967
re12s__tu,float64,0.005729845178345597,-4.0,77.0,81.0,2.844772050523585,-0.5567971809677018,-1.0,-3.0,52,4.149390837506663e-05,0.6173032789763133,0.04288714614473713,7.97959776443589e-07,0.035962451204759674
re20s__tu,float64,0.005729845178345597,-5.0,856.0,861.0,79.47522636224934,70.99006380486372,53.0,-1.0,691,0.00055139020552252,0.2775583388392558,0.0001739552312647024,7.97959776443589e-07,0.00191430550368817
re21s__tu,float64,0.005729845178345597,-5.0,999.0,1004.0,38.9308090874055,25.98697729644844,10.0,-1.0,526,0.00041972684240932783,0.2775583388392558,0.0001739552312647024,0.0001236837653487563,0.014374447412854813
re24s__tu,float64,0.005729845178345597,-6.0,75.0,81.0,2.7599815170130544,-1.263155164874449,-1.0,-3.0,53,4.229186815151022e-05,0.7137853935058841,0.06086438194823476,7.97959776443589e-07,0.028708198877111003
re25s__tu,float64,0.005729845178345597,-6.0,60.0,66.0,2.7084447898749366,-1.7036927982534256,-2.0,-3.0,46,3.6706149716405096e-05,0.7669151513410511,0.1109331660809642,7.97959776443589e-07,0.022595029029776666
re27s__tu,float64,0.005729845178345597,-6.0,36.0,42.0,2.5634429404821018,-2.2491054870906066,-3.0,-3.0,41,3.271635083418715e-05,0.8338320581936106,0.17375254948148575,7.97959776443589e-07,0.015671132049575646
re28s__tu,float64,0.005729845178345597,-5.0,1400500.0,1400505.0,6340.946575855168,1295.678226709948,-1.0,-3.0,14878,0.011872045553927717,0.6532896689743664,0.00014762255864206398,7.97959776443589e-07,0.0001236837653487563
re29s__tu,float64,0.005729845178345597,-5.0,60.0,65.0,2.6061006938674556,-0.7637241101950533,-1.0,-3.0,46,3.6706149716405096e-05,0.6531444402950536,2.393879329330767e-06,7.97959776443589e-07,0.03255276908001621
re30s__tu,float64,0.005729845178345597,-5.0,100.0,105.0,41.33027530953913,22.505590506193762,-1.0,-3.0,99,7.899801786791531e-05,0.6532920628536957,0.00015001643797139474,0.18935106719140501,0.06852000804343454
re31s__tu,float64,0.005729845178345597,-5.0,100.0,105.0,38.19568673649391,18.69982349129745,-1.0,-3.0,102,8.139189719724608e-05,0.6532920628536957,0.00015001643797139474,0.14911474342401349,0.09839083431482386
re32s__tu,float64,0.005729845178345597,-5.0,1399658.0,1399663.0,3983.8813298705827,530.5179181867801,-1.0,-3.0,14521,0.011587173913737356,0.6531444402950536,2.393879329330767e-06,7.97959776443589e-07,0.03255276908001621
re33s__tu,float64,0.005729845178345597,-5.0,1400126.0,1400131.0,4858.562804280608,842.2156398520264,-1.0,-3.0,21781,0.017380361890717812,0.6531444402950536,2.393879329330767e-06,7.97959776443589e-07,0.03255276908001621
rt21s__tu,float64,0.005729845178345597,-5.0,999.0,1004.0,43.29223431114292,25.723992894966152,6.0,-1.0,565,0.0004508472736906278,0.42941487205512946,0.00025774100779127926,0.0001236837653487563,0.007915760982320403
rt24s__tu,float64,0.005729845178345597,-6.0,54.0,60.0,2.032408177189037,-1.5838248765556227,-1.0,-1.0,43,3.431227038707433e-05,0.8355572472302816,0.03837069381006642,7.97959776443589e-07,0.017725080514141442
rt25s__tu,float64,0.005729845178345597,-6.0,42.0,48.0,2.028337033871429,-1.8412251555223604,-1.0,-1.0,37,2.9524511728412795e-05,0.8688521189023903,0.07019332969463675,7.97959776443589e-07,0.013190275104612527
rt27s__tu,float64,0.005729845178345597,-6.0,24.0,30.0,1.9869817027713303,-2.158359905393889,-2.0,-1.0,30,2.393879329330767e-05,0.9103061292886349,0.10947848540850753,7.97959776443589e-07,0.008068969259397572
s071a__tu,float64,0.005729845178345597,-5.0,233.0,238.0,4.793854720956569,2.5852548204750097,2.0,1.0,122,9.735109272611786e-05,0.16285720669392498,1.9151034634646137e-05,7.97959776443589e-07,0.06505766057344581
s071b__tu,float64,0.005729845178345597,-5.0,232.0,237.0,2.939813223724802,0.8155803242270163,1.0,1.0,68,5.4261264798164055e-05,0.2880132078302197,3.8302069269292274e-05,7.97959776443589e-07,0.08116767050006543
s073a__tu,float64,0.005729845178345597,-5.0,276.0,281.0,5.431943358591967,2.9496224054337867,2.0,-4.0,144,0.00011490620780787682,0.162850025055937,1.1969396646653836e-05,7.97959776443589e-07,0.09057880810344113
s073b__tu,float64,0.005729845178345597,-5.0,230.0,235.0,3.1923486310423104,1.0004380799172676,1.0,1.0,66,5.266534524527688e-05,0.2879932588358086,1.8353074858202548e-05,7.97959776443589e-07,0.08961327677394437
s114s__tu,float64,0.005729845178345597,-4.0,66.0,70.0,2.2777057069439826,0.4714091012100262,0.0,0.0,54,4.308982792795381e-05,0.20464715814605217,0.10991816124532794,7.97959776443589e-07,0.30498581227517485
st01s__tu,float64,0.005729845178345597,-4.0,129.0,133.0,6.688479426394346,3.06758320326589,0.0,0.0,96,7.660413853858455e-05,0.04288714614473713,0.04288714614473713,7.97959776443589e-07,0.553498415251884
st02s__tu,float64,0.005729845178345597,-4.0,55.0,59.0,3.593393979522857,0.5473126310648933,-1.0,-1.0,55,4.38877877043974e-05,0.5962618776312724,0.04288714614473713,7.97959776443589e-07,0.12435245564141603
st03s__tu,float64,0.005729845178345597,-4.0,55.0,59.0,3.600280046321675,0.020031184268063416,-1.0,-1.0,57,4.5483707257284576e-05,0.7217825463854018,0.04288714614473713,7.97959776443589e-07,0.033981915039626685
st05s__tu,float64,0.005729845178345597,-4.0,21.0,25.0,0.6730599143210984,-1.0978609890232653,-1.0,-1.0,20,1.595919552887178e-05,0.9821640030769329,0.04288714614473713,7.97959776443589e-07,0.009746280709481997
st06s__tu,float64,0.005729845178345597,-5.0,20.0,25.0,0.9742470636176315,-0.6591698345669792,-1.0,-1.0,22,1.755511508175896e-05,0.5962746449876954,1.2767356423097425e-05,7.97959776443589e-07,0.36568182471058
st09s__tu,float64,0.005729845178345597,-5.0,27.0,32.0,1.5954533125966563,-0.3793133715715658,-1.0,-1.0,30,2.393879329330767e-05,0.5962746449876954,1.2767356423097425e-05,7.97959776443589e-07,0.2764731135432925
st12s__tu,float64,0.005729845178345597,-4.0,55.0,59.0,3.758602720690092,0.15988799836577838,-1.0,-1.0,56,4.468574748084099e-05,0.7204906495073397,0.04288714614473713,7.97959776443589e-07,0.0027282244756606307
st20s__tu,float64,0.005729845178345597,-5.0,999.0,1004.0,64.88720313709827,40.89593407575511,-1.0,-1.0,515,0.00041094928486844835,0.5962746449876954,1.2767356423097425e-05,2.8726551951969206e-05,0.00013565316199541013
st21s__tu,float64,0.005729845178345597,-5.0,999.0,1004.0,44.60151632887482,21.917831687940275,-1.0,-1.0,481,0.0003838186524693663,0.5962746449876954,1.2767356423097425e-05,0.00012847152400741784,0.00017874298992336395
st24s__tu,float64,0.005729845178345597,-6.0,53.0,59.0,3.5702088514289336,-0.08094583768221411,-1.0,-1.0,58,4.6281667033728165e-05,0.7308824796759645,0.009043278146435194,1.595919552887178e-06,0.034096023287658116
st25s__tu,float64,0.005729845178345597,-6.0,53.0,59.0,3.5201964179279623,-0.22353885585335415,-1.0,-1.0,56,4.468574748084099e-05,0.7436753708119082,0.02173083859188826,7.97959776443589e-07,0.03373454750892917
st27s__tu,float64,0.005729845178345597,-6.0,50.0,56.0,3.3862725629820556,-0.5100311523496723,-1.0,-1.0,53,4.229186815151022e-05,0.7689794732827108,0.04686497563030843,1.595919552887178e-06,0.03142764579523075
s068b__tu,float64,0.005729845178345597,-4.0,237.0,241.0,3.536097406953034,1.6246947803855103,2.0,1.0,80,6.383678211548712e-05,0.16283805565929033,0.16283805565929033,7.97959776443589e-07,0.12526053386700883
s068a__tu,float64,0.005729845178345597,0.0,282.0,282.0,5.903214793295574,4.896080102394198,3.0,0.0,159,0.00012687560445453065,0.0,0.1629617394246391,7.97959776443589e-07,0.1629617394246391
s064b__tu,float64,0.005729845178345597,-5.0,6444892.0,6444897.0,10359.402724177811,2068.1870186307647,699.0,-4.0,26025,0.020766903181944404,0.28797570372072684,7.97959776443589e-07,1.595919552887178e-06,0.00013485520221896656
rt35s__tu,float64,0.005729845178345597,-5.0,25340.0,25345.0,563.9030375103138,138.7686211893431,-1.0,-1.0,6731,0.0053710672552417975,0.7992572590400863,1.595919552887178e-06,7.97959776443589e-07,0.034549264440678074
rt28s__tu,float64,0.005729845178345597,-5.0,93800.0,93805.0,1995.7217963633675,513.6497172030553,-1.0,-1.0,12985,0.010361507697120003,0.7993689734087884,0.00011331028825498965,7.97959776443589e-07,0.0001236837653487563
rt29s__tu,float64,0.005729845178345597,-5.0,39.0,44.0,1.8506390786752842,-1.3347848221666843,-1.0,-1.0,36,2.8726551951969206e-05,0.7992572590400863,1.595919552887178e-06,7.97959776443589e-07,0.03454367872224297
rt30s__tu,float64,0.005729845178345597,-5.0,100.0,105.0,30.58288670074396,9.559088123485871,-1.0,-1.0,95,7.580617876214095e-05,0.7993705693283413,0.00011490620780787682,0.08944011950245612,0.06744196438545925
rt31s__tu,float64,0.005729845178345597,-5.0,100.0,105.0,26.117855517458757,6.522009326553867,-1.0,-1.0,93,7.421025920925377e-05,0.7993705693283413,0.00011490620780787682,0.06123383732472813,0.09641747978767887
rt32s__tu,float64,0.005729845178345597,-5.0,38540.0,38545.0,770.0579664566627,195.7979900989151,-1.0,-1.0,8306,0.006627853903140451,0.7992572590400863,1.595919552887178e-06,7.97959776443589e-07,0.03454367872224297
rt33s__tu,float64,0.005729845178345597,-5.0,58172.0,58177.0,1142.136938861539,271.3102044692131,-1.0,-1.0,11294,0.009012157715153894,0.7992572590400863,1.595919552887178e-06,7.97959776443589e-07,0.03454367872224297
rt34s__tu,float64,0.005729845178345597,-5.0,999.0,1004.0,30.648951911098305,9.730756402031286,-1.0,-1.0,483,0.0003854145720222535,0.7993705693283413,0.00011490620780787682,9.575517317323069e-06,0.03479583401159914
rt36s__tu,float64,0.005729845178345597,-4.0,999.0,1003.0,386.08179250887207,190.33859348417965,0.0,-1.0,160,0.00012767356423097425,0.42915713104733816,0.04288714614473713,0.18542111529242034,0.11636727215854503
s064a__tu,float64,0.005729845178345597,-4.0,6445542.0,6445546.0,11624.38125697647,3549.7930443442206,1601.0,-4.0,35342,0.028201494419069325,0.16283805565929033,0.16283805565929033,1.595919552887178e-06,0.00013565316199541013
rt57s__tu,float64,0.005729845178345597,-5.0,38211.0,38216.0,83.73318939309613,5.478947427218089,-1.0,-1.0,1602,0.0012783315618626297,0.7992939651898027,3.8302069269292274e-05,7.97959776443589e-07,0.1685913456474486
rt101s__tu,float64,0.005729845178345597,-5.0,59546.0,59551.0,1523.4929243599909,455.6510186754506,-1.0,-1.0,13543,0.010806769252375526,0.575975346234747,5.904902345682559e-05,7.97959776443589e-07,0.17176243779903544
rt201s__tu,float64,0.005729845178345597,-5.0,60933.0,60938.0,1026.6040872031629,350.8259498115219,0.0,-1.0,9690,0.007732230233738378,0.4315286675029285,0.0023715364555903467,7.97959776443589e-07,0.2853001445903115
s004s__tu,float64,0.005729845178345597,-5.0,709.0,714.0,35.73703287166225,62.880710599140116,62.0,-4.0,440,0.0003511023016351792,0.042931033932441534,4.38877877043974e-05,7.97959776443589e-07,0.0004707962681017175
s043s__tu,float64,0.005729845178345597,-5.0,42.0,47.0,2.4864389376001266,-1.044431996271932,-1.0,-3.0,41,3.271635083418715e-05,0.6446445727563765,0.017994790918579376,7.97959776443589e-07,0.07055161363425992
s061s__tu,float64,0.005729845178345597,-4.0,999.0,1003.0,308.62981795153314,113.4449000794768,1.0,0.0,141,0.00011251232847854605,0.04288714614473713,0.04288714614473713,0.10813392318520008,0.34161136805415915
s062s__tu,float64,0.005729845178345597,-4.0,999.0,1003.0,328.18782194459317,130.2217386585977,1.0,0.0,141,0.00011251232847854605,0.04288714614473713,0.04288714614473713,0.12469797222461611,0.32740130035525167
pb101s__tu,float64,0.005729845178345597,-5.0,318938.0,318943.0,2163.6156812458835,183.9830018608422,-1.0,-1.0,10597,0.008455979750972713,0.9802225669408456,9.575517317323069e-06,7.97959776443589e-07,0.007065933820407981
pb57s__tu,float64,0.005729845178345597,-4.0,15905.0,15909.0,32.402278687517246,-0.6117494789322659,-1.0,-1.0,448,0.0003574859798467279,0.9926531843382839,0.04288714614473713,7.97959776443589e-07,0.0067970213757464915
pb36s__tu,float64,0.005729845178345597,-4.0,999.0,1003.0,126.4178263648055,15.471413091008909,-1.0,-1.0,92,7.341229943281019e-05,0.9647046431683471,0.04288714614473713,0.016235289611521264,0.006505766057344581
of01s__tu,float64,0.005729845178345597,-4.0,446.0,450.0,2.8748657528578234,0.6576704681470417,0.0,0.0,145,0.0001157041675843204,0.04288714614473713,0.04288714614473713,7.97959776443589e-07,0.6768598048509571
mt27s__tu,float64,0.005729845178345597,-6.0,8.0,14.0,1.1219104309808694,-1.3288902932980955,-1.0,-1.0,14,1.1171436870210247e-05,0.9318358820168593,0.011231283853443515,7.97959776443589e-07,0.028363480253687373
mt28s__tu,float64,0.005729845178345597,-5.0,30247804.0,30247809.0,64039.73811330969,11221.410709098976,-1.0,-1.0,39319,0.031374980449985476,0.9212118455532894,4.787758658661534e-06,7.97959776443589e-07,0.0001236837653487563
mt29s__tu,float64,0.005729845178345597,-4.0,16.0,20.0,1.0841965913487068,-1.2218328178513178,-1.0,-1.0,15,1.1969396646653836e-05,0.9212070577946306,0.04288714614473713,1.595919552887178e-06,0.0001252796849016435
mt30s__tu,float64,0.005729845178345597,-5.0,100.0,105.0,26.78974670306082,6.247105001931063,-1.0,-1.0,15,1.1969396646653836e-05,0.9212118455532894,4.787758658661534e-06,0.07531144370074594,0.0030936900532717946
mt31s__tu,float64,0.005729845178345597,-5.0,100.0,105.0,25.6215517558915,5.564141602750088,-1.0,-1.0,17,1.3565316199541014e-05,0.9212118455532894,4.787758658661534e-06,0.06827423643228991,0.009723139875965132
mt32s__tu,float64,0.005729845178345597,-4.0,3217203.0,3217207.0,42636.036847906515,10024.4556677487,-1.0,-1.0,66288,0.05289515766089263,0.9212070577946306,0.04288714614473713,7.97959776443589e-07,0.0001252796849016435
mt33s__tu,float64,0.005729845178345597,-4.0,3394268.0,3394272.0,44446.6941992723,10247.596442216542,-1.0,-1.0,66592,0.05313773743293148,0.9212070577946306,0.04288714614473713,7.97959776443589e-07,0.0001252796849016435
mt34s__tu,float64,0.005729845178345597,-5.0,999.0,1004.0,25.113232378157075,5.755491559181484,-1.0,-1.0,209,0.00016677359327671012,0.921216633311948,9.575517317323069e-06,3.989798882217945e-06,0.0001603899150651614
mt34b__tu,float64,0.005729845178345597,-5.0,999.0,1004.0,24.078240928848746,5.174916772795317,-1.0,-1.0,209,0.00016677359327671012,0.9270736580710439,1.2767356423097425e-05,3.989798882217945e-06,0.0001595919552887178
mt34c__tu,float64,0.005729845178345597,-5.0,999.0,1004.0,24.121339539220347,5.1945469822757175,-1.0,-1.0,209,0.00016677359327671012,0.9267800088733127,3.6706149716405096e-05,3.989798882217945e-06,0.00016198583461804857
mt35s__tu,float64,0.005729845178345597,-4.0,3217203.0,3217207.0,42027.51938460744,9896.03890772074,-1.0,-1.0,66288,0.05289515766089263,0.9212070577946306,0.04288714614473713,7.97959776443589e-07,0.0001252796849016435
mt36s__tu,float64,0.005729845178345597,-4.0,999.0,1003.0,223.02215985775655,54.65824978694474,-1.0,-1.0,173,0.0001380470413247409,0.7938646468708805,0.04288714614473713,0.05269726363633462,0.02570148643947156
mt47s__tu,float64,0.005729845178345597,-4.0,16.0,20.0,0.9259860577604984,-0.8301470799459941,-1.0,-1.0,16,1.2767356423097425e-05,0.7938646468708805,0.04288714614473713,7.97959776443589e-07,0.12120450432334606
mt57s__tu,float64,0.005729845178345597,-5.0,1253773.0,1253778.0,5802.571679990596,431.18180555954535,-1.0,-1.0,15179,0.012112231446637239,0.9212254108694888,1.8353074858202548e-05,7.97959776443589e-07,0.04854468095972218
mt101s__tu,float64,0.005729845178345597,-5.0,3394268.0,3394273.0,47571.21388547854,11912.699719756527,-1.0,-1.0,74687,0.059597221823242334,0.8829305232381847,0.00020188382344022804,7.97959776443589e-07,0.025674355807072478
md02s__tu,float64,0.005729845178345597,-4.0,5.0,9.0,0.618069405234384,-1.1213792575143873,-1.0,-1.0,8,6.383678211548712e-06,0.9942315487760893,0.04288714614473713,3.191839105774356e-06,0.00442229308105037
md33s__tu,float64,0.005729845178345597,-4.0,16799.0,16803.0,75.93456249954693,0.45960488223709617,-1.0,-1.0,831,0.0006631045742246225,0.9988860481520847,0.04288714614473713,7.97959776443589e-07,0.00021943893852198698
mt25s__tu,float64,0.005729845178345597,-6.0,8.0,14.0,1.0733358649294322,-1.2868322273610833,-1.0,-1.0,14,1.1171436870210247e-05,0.9256612692667388,0.005059862942428798,7.97959776443589e-07,0.029754324144028548
mt24s__tu,float64,0.005729845178345597,-6.0,8.0,14.0,1.04666746133368,-1.264253955486612,-1.0,-1.0,14,1.1171436870210247e-05,0.922398411740861,0.0017970054165509625,7.97959776443589e-07,0.030160485670238334
mt21s__tu,float64,0.005729845178345597,-5.0,999.0,1004.0,47.99853592469279,19.603891969013628,-1.0,-1.0,475,0.0003790308938107048,0.7938933734228325,2.8726551951969206e-05,0.0001236837653487563,1.1171436870210247e-05
lm37s__tu,float64,0.005729845178345597,-5.0,443.0,448.0,15.540711364575113,0.8235663056696638,-1.0,-1.0,308,0.0002457716111446254,0.9823363623886447,7.97959776443589e-07,7.97959776443589e-07,0.0001236837653487563
lm30s__tu,float64,0.005729845178345597,-4.0,4.0,8.0,0.6457339254128843,-1.1071883408501144,-1.0,-1.0,7,5.585718435105123e-06,0.9889059652281048,0.04288714614473713,1.595919552887178e-06,0.0008298781675013326
lm31s__tu,float64,0.005729845178345597,-4.0,4.0,8.0,0.6443562344473822,-1.1077317514578726,-1.0,-1.0,7,5.585718435105123e-06,0.9889059652281048,0.04288714614473713,1.595919552887178e-06,0.001358925499283432
lm32s__tu,float64,0.005729845178345597,-4.0,4.0,8.0,0.6425950183075071,-1.1084275723829313,-1.0,-1.0,7,5.585718435105123e-06,0.9889059652281048,0.04288714614473713,1.595919552887178e-06,0.002041181108142701
lm33s__tu,float64,0.005729845178345597,-4.0,999.0,1003.0,28.293633403261904,-0.1990478743947475,-1.0,-1.0,85,6.782658099770506e-05,0.9889059652281048,0.04288714614473713,0.0007963638568907019,0.0013828642925767399
lm34s__tu,float64,0.005729845178345597,-4.0,47.0,51.0,0.8850689740412218,-1.075810168561023,-1.0,-1.0,41,3.271635083418715e-05,0.9889059652281048,0.04288714614473713,7.97959776443589e-07,0.001074053859093071
lm35s__tu,float64,0.005729845178345597,-4.0,46.0,50.0,0.8437035591469637,-1.0820757487256583,-1.0,-1.0,40,3.191839105774356e-05,0.9889059652281048,0.04288714614473713,7.97959776443589e-07,0.001681301248966642
lm36s__tu,float64,0.005729845178345597,-4.0,45.0,49.0,0.8201593848828772,-1.0857511514559575,-1.0,-1.0,40,3.191839105774356e-05,0.9889059652281048,0.04288714614473713,7.97959776443589e-07,0.0021680567125972315
lm38s__tu,float64,0.005729845178345597,-4.0,377.0,381.0,9.15718346756238,-0.4262613350186244,-1.0,-1.0,255,0.0002034797429931152,0.9932245235382174,0.04288714614473713,7.97959776443589e-07,0.0001236837653487563
mt20s__tu,float64,0.005729845178345597,-5.0,659.0,664.0,53.33111661982365,23.21420352442874,-1.0,-1.0,486,0.00038780845135158427,0.7938933734228325,2.8726551951969206e-05,7.97959776443589e-07,0.00012767356423097425
lm39s__tu,float64,0.005729845178345597,-5.0,443.0,448.0,12.686625617297395,0.130506321437349,-1.0,-1.0,295,0.00023539813405085876,0.9889067631878812,7.97959776443589e-07,7.97959776443589e-07,0.0001236837653487563
mt01s__tu,float64,0.005729845178345597,-4.0,69.0,73.0,1.3578928407924342,0.2377074296438865,0.0,0.0,45,3.590818993996151e-05,0.04288714614473713,0.04288714614473713,7.97959776443589e-07,0.7511011844914921
mt02s__tu,float64,0.005729845178345597,-4.0,16.0,20.0,0.9073739841549889,-0.8395885400208746,-1.0,-1.0,13,1.0373477093766658e-05,0.7938646468708805,0.04288714614473713,1.595919552887178e-06,0.12658833893501095
mt03s__tu,float64,0.005729845178345597,-4.0,8.0,12.0,1.031846098340847,-1.2515600113629473,-1.0,-1.0,12,9.575517317323069e-06,0.9205958206058749,0.04288714614473713,7.97959776443589e-07,0.030178838745096536
mt06s__tu,float64,0.005729845178345597,-5.0,3.0,8.0,0.771150096817879,-0.919930322152321,-1.0,-1.0,7,5.585718435105123e-06,0.7938933734228325,2.8726551951969206e-05,6.383678211548712e-06,0.2035180450623845
agg211__tu,float64,0.005729845178345597,-6.0,1998089.0,1998095.0,20801.411157724866,11556.683879457005,1164.0,-2.0,84388,0.06733822961452159,0.4243829377048762,0.042953376806181956,7.97959776443589e-07,0.0001236837653487563
mt12s__tu,float64,0.005729845178345597,-4.0,16.0,20.0,1.0845595671863029,-1.2200749124638126,-1.0,-1.0,14,1.1171436870210247e-05,0.9203293020405428,0.04288714614473713,1.595919552887178e-06,0.0010014395194367042
md106s__tu,float64,0.005729845178345597,-4.0,80.0,84.0,0.6464997459204287,-1.119500860200639,-1.0,-1.0,30,2.393879329330767e-05,0.9942315487760893,0.04288714614473713,7.97959776443589e-07,0.003907609025244256
of02s__tu,float64,0.005729845178345597,-4.0,13.0,17.0,1.068006745362892,-0.7053365953928994,-1.0,-1.0,16,1.2767356423097425e-05,0.7196232672303454,0.04288714614473713,7.97959776443589e-07,0.18068681993878052
pb35s__tu,float64,0.005729845178345597,-4.0,58763.0,58767.0,908.5166573625262,56.60854646838962,-1.0,-1.0,5708,0.004554754403940006,0.9926531843382839,0.04288714614473713,7.97959776443589e-07,0.0010437313875882146
of03s__tu,float64,0.005729845178345597,-4.0,11.0,15.0,1.2658367666543322,-1.273462411306771,-1.0,-1.0,16,1.2767356423097425e-05,0.9026951889409158,0.04288714614473713,2.393879329330767e-06,0.010863424396503021
pb02s__tu,float64,0.005729845178345597,-4.0,9.0,13.0,0.675255216659936,-1.0817645444128452,-1.0,-1.0,12,9.575517317323069e-06,0.9647046431683471,0.04288714614473713,7.97959776443589e-07,0.025882623308724255
pb03s__tu,float64,0.005729845178345597,-4.0,9.0,13.0,0.7087008943848333,-1.166084156029863,-1.0,-1.0,14,1.1171436870210247e-05,0.9925055617796418,0.04288714614473713,7.97959776443589e-07,0.0006152269876380072
pb06s__tu,float64,0.005729845178345597,-4.0,4.0,8.0,0.6432753556652563,-1.0929958282662888,-1.0,-1.0,7,5.585718435105123e-06,0.9647046431683471,0.04288714614473713,7.97959776443589e-07,0.0349506382082292
pb09s__tu,float64,0.005729845178345597,-4.0,6.0,10.0,0.6481467610628462,-1.0911940350910792,-1.0,-1.0,9,7.1816379879923015e-06,0.9647046431683471,0.04288714614473713,7.97959776443589e-07,0.0333634962128829
pb12s__tu,float64,0.005729845178345597,-4.0,9.0,13.0,0.7110420065836252,-1.1615286036661463,-1.0,-1.0,13,1.0373477093766658e-05,0.9904635827117226,0.04288714614473713,7.97959776443589e-07,0.0023132853919099645
pb20s__tu,float64,0.005729845178345597,-4.0,685.0,689.0,35.334965732701754,4.763548559044236,-1.0,-1.0,589,0.00046999830832527396,0.9647046431683471,0.04288714614473713,7.97959776443589e-07,0.00012687560445453065
pb21s__tu,float64,0.005729845178345597,-4.0,999.0,1003.0,31.544402211811015,3.8153967934784343,-1.0,-1.0,549,0.0004380799172675304,0.9647046431683471,0.04288714614473713,0.0001236837653487563,7.1816379879923015e-06
pb24s__tu,float64,0.005729845178345597,-6.0,9.0,15.0,0.7107996963288695,-1.1674869693168506,-1.0,-1.0,15,1.1969396646653836e-05,0.9926954762064354,0.00018831850724068702,7.97959776443589e-07,0.00061363106808512
pb25s__tu,float64,0.005729845178345597,-6.0,9.0,15.0,0.7133490648170387,-1.16912278685856,-1.0,-1.0,15,1.1969396646653836e-05,0.9929212988231689,0.0004117472446448919,7.97959776443589e-07,0.0005904902345682559
pb27s__tu,float64,0.005729845178345597,-6.0,9.0,15.0,0.7190771515245504,-1.1725707710525728,-1.0,-1.0,15,1.1969396646653836e-05,0.9934048624476938,0.000891321070287489,7.97959776443589e-07,0.0005370269295465355
pb28s__tu,float64,0.005729845178345597,-4.0,220650.0,220654.0,2168.5051095336325,150.52799562079676,-1.0,-1.0,970,0.0007740209831502814,0.9926531843382839,0.04288714614473713,7.97959776443589e-07,0.0001236837653487563
pb29s__tu,float64,0.005729845178345597,-4.0,8.0,12.0,0.7049141793586576,-1.1674271223336175,-1.0,-1.0,13,1.0373477093766658e-05,0.9926531843382839,0.04288714614473713,7.97959776443589e-07,0.0010429334278117708
pb30s__tu,float64,0.005729845178345597,-4.0,100.0,104.0,5.998166125081295,-0.8193259474176425,-1.0,-1.0,22,1.755511508175896e-05,0.9926531843382839,0.04288714614473713,0.003396116808543915,0.0036235353448303377
pb31s__tu,float64,0.005729845178345597,-4.0,100.0,104.0,5.445738660247394,-0.8822626309053013,-1.0,-1.0,21,1.675715530531537e-05,0.9926531843382839,0.04288714614473713,0.002784879619788126,0.00426669092464387
pb32s__tu,float64,0.005729845178345597,-4.0,95552.0,95556.0,974.9673516381248,60.771848138679026,-1.0,-1.0,5725,0.004568319720139547,0.9926531843382839,0.04288714614473713,7.97959776443589e-07,0.0010429334278117708
pb33s__tu,float64,0.005729845178345597,-4.0,117525.0,117529.0,1231.514238196675,70.36924870491129,-1.0,-1.0,5864,0.004679236129065206,0.9926531843382839,0.04288714614473713,7.97959776443589e-07,0.0010429334278117708
pb34s__tu,float64,0.005729845178345597,-4.0,180.0,184.0,5.668711010977454,-0.8090721642903425,-1.0,-1.0,140,0.00011171436870210247,0.9926531843382839,0.04288714614473713,7.97959776443589e-07,0.0012264641763937963
pb01s__tu,float64,0.005729845178345597,-4.0,17.0,21.0,0.8990457616164285,-0.11478092812297518,0.0,0.0,17,1.3565316199541014e-05,0.04288714614473713,0.04288714614473713,7.97959776443589e-07,0.9219411807889588
of101s__tu,float64,0.005729845178345597,-5.0,1558844.0,1558849.0,8901.413436382358,1450.3413233045749,-1.0,-1.0,33473,0.026710107596896255,0.8156353834515909,0.00014123888043051527,7.97959776443589e-07,0.03940165784123154
of57s__tu,float64,0.005729845178345597,-5.0,165996.0,166001.0,399.2790151493945,11.917687257220738,-1.0,-1.0,2887,0.0023037098745926415,0.9032585485430851,1.755511508175896e-05,1.595919552887178e-06,0.08259043278146436
of27s__tu,float64,0.005729845178345597,-6.0,8.0,14.0,1.4812940516179136,-1.6684556924854532,-1.0,-1.0,15,1.1969396646653836e-05,0.9560930612609679,0.05306432513349867,7.97959776443589e-07,0.006892776548919722
of06s__tu,float64,0.005729845178345597,-5.0,22.0,27.0,0.8781995634520439,-0.8110223779839706,-1.0,-1.0,23,1.8353074858202548e-05,0.7196847101331316,6.144290278615635e-05,1.595919552887178e-06,0.25075646586806855
of09s__tu,float64,0.005729845178345597,-5.0,84.0,89.0,1.2548340842274899,-0.6777064401737637,-1.0,-1.0,61,4.867554636305893e-05,0.7196847101331316,6.144290278615635e-05,1.595919552887178e-06,0.18862572175461778
of12s__tu,float64,0.005729845178345597,-4.0,13.0,17.0,1.2978232207938083,-1.2518688217964309,-1.0,-1.0,16,1.2767356423097425e-05,0.9001864034037772,0.04288714614473713,7.97959776443589e-07,0.003178273789574815
of20s__tu,float64,0.005729845178345597,-5.0,684.0,689.0,46.5454104634235,21.5829008391345,-1.0,-1.0,465,0.0003710512960462689,0.7196847101331316,6.144290278615635e-05,7.97959776443589e-07,0.000335941065882751
of21s__tu,float64,0.005729845178345597,-5.0,999.0,1004.0,36.47640638790185,14.5311068659651,-1.0,-1.0,437,0.0003487084223058484,0.7196847101331316,6.144290278615635e-05,0.0001236837653487563,0.0004723921876546047
of24s__tu,float64,0.005729845178345597,-6.0,11.0,17.0,1.342539374723106,-1.3984819613212938,-1.0,-1.0,18,1.4363275975984603e-05,0.9192209359110626,0.016433981595855716,7.97959776443589e-07,0.010667924251274342
of25s__tu,float64,0.005729845178345597,-6.0,11.0,17.0,1.4054369241297349,-1.5129413116543622,-1.0,-1.0,17,1.3565316199541014e-05,0.9346702351427869,0.03178513177507748,7.97959776443589e-07,0.009438268235774771
of28s__tu,float64,0.005729845178345597,-5.0,7559783.0,7559788.0,13431.650546290328,1492.4662359279794,-1.0,-1.0,32363,0.025824372245043872,0.903314405727436,7.341229943281019e-05,1.595919552887178e-06,0.0001236837653487563
of36s__tu,float64,0.005729845178345597,-4.0,999.0,1003.0,316.279167259594,114.91511224102216,-1.0,-1.0,126,0.00010054293183189222,0.7196232672303454,0.04288714614473713,0.1133461964449296,0.03154255200303863
of29s__tu,float64,0.005729845178345597,-5.0,13.0,18.0,1.2887354743956216,-1.261933488456714,-1.0,-1.0,18,1.4363275975984603e-05,0.9032425893475562,1.595919552887178e-06,7.97959776443589e-07,0.002228701655606944
of30s__tu,float64,0.005729845178345597,-5.0,100.0,105.0,26.24846333947556,6.052418775674356,-1.0,-1.0,33,2.633267262263844e-05,0.903316001646989,7.500821898569737e-05,0.06921343508916403,0.017930156176687445
of31s__tu,float64,0.005729845178345597,-5.0,100.0,105.0,22.39360126346936,4.083876743941091,-1.0,-1.0,35,2.7928592175525617e-05,0.903316001646989,7.500821898569737e-05,0.04750015161235752,0.035197207779150266
of32s__tu,float64,0.005729845178345597,-5.0,647951.0,647956.0,6879.205181910325,949.3089053906971,-1.0,-1.0,27231,0.021729242672335374,0.9032425893475562,1.595919552887178e-06,7.97959776443589e-07,0.002228701655606944
of33s__tu,float64,0.005729845178345597,-5.0,774542.0,774547.0,8002.527970784111,1114.283413767679,-1.0,-1.0,30190,0.024090405650831953,0.9032425893475562,1.595919552887178e-06,7.97959776443589e-07,0.002228701655606944
of34s__tu,float64,0.005729845178345597,-5.0,999.0,1004.0,23.538518216946844,5.534753542143448,-1.0,-1.0,236,0.00018831850724068702,0.9033167996067655,7.580617876214095e-05,5.585718435105123e-06,0.0023132853919099645
of35s__tu,float64,0.005729845178345597,-5.0,647951.0,647956.0,5257.945571575274,753.8069982668313,-1.0,-1.0,24449,0.019509318574269307,0.9032425893475562,1.595919552887178e-06,7.97959776443589e-07,0.002228701655606944
br57s__tu,float64,0.005729845178345597,-5.0,1399658.0,1399663.0,1291.589090552395,10.953170134599855,-1.0,-1.0,1744,0.0013916418501176192,0.7468177364115429,3.431227038707433e-05,7.97959776443589e-07,0.21058238296323958
g206s__tu,float64,0.005729845178345597,-5.0,1401735.0,1401740.0,1775.5136535366532,221.8604847126866,-1.0,-1.0,5324,0.004248337849785668,0.6897676021947086,0.04255918467661882,7.97959776443589e-07,0.013125640362720596
g202b__tu,float64,0.005729845178345597,-5.0,351896.0,351901.0,1723.5953552947342,157.00611157392777,-2.0,0.0,10872,0.0086754186894947,0.6779091219569804,0.2187909951835148,1.595919552887178e-06,0.2388604815208475
fi30s__tu,float64,0.005729845178345597,-5.0,100.0,105.0,45.9373800906635,27.985322327872098,-1.0,-3.0,32,2.553471284619485e-05,0.6492615680228792,1.0373477093766658e-05,0.2810270699874561,0.04475277610206225
fr02s__tu,float64,0.005729845178345597,-4.0,7.0,11.0,0.8264919509000167,-0.9359796871359308,-1.0,-1.0,10,7.97959776443589e-06,0.8557192969016818,0.04288714614473713,7.97959776443589e-07,0.10082301571342392
fr01s__tu,float64,0.005729845178345597,-4.0,17.0,21.0,1.0216070583320151,0.0270093425130626,0.0,0.0,16,1.2767356423097425e-05,0.04288714614473713,0.04288714614473713,7.97959776443589e-07,0.8129558345222934
fi101s__tu,float64,0.005729845178345597,-5.0,523287.0,523292.0,10219.496567082442,6002.845941895761,0.0,-1.0,49184,0.03924685364460148,0.4539960229684742,0.0005138860960296714,7.97959776443589e-07,0.0698518029103189
fi57s__tu,float64,0.005729845178345597,-5.0,134225.0,134230.0,467.2073024603141,61.13414501801793,-1.0,-3.0,4784,0.00381743957050613,0.6493325864429825,8.139189719724608e-05,1.595919552887178e-06,0.2874051624805697
fi36s__tu,float64,0.005729845178345597,-4.0,999.0,1003.0,397.8447471293476,207.28285439787552,1.0,-1.0,157,0.0001252796849016435,0.2899426745696603,0.04288714614473713,0.2013667455050926,0.06537205672536459
fi35s__tu,float64,0.005729845178345597,-4.0,215000.0,215004.0,6541.802064510034,3433.888656682594,-1.0,-3.0,32948,0.026291178714263373,0.6492511945457853,0.04288714614473713,7.97959776443589e-07,0.0001236837653487563
fi34s__tu,float64,0.005729845178345597,-5.0,999.0,1004.0,40.24787189811298,25.30511986951762,-1.0,-3.0,265,0.0002114593407575511,0.649263163942432,1.1969396646653836e-05,2.393879329330767e-06,0.00033833494521208176
fi33s__tu,float64,0.005729845178345597,-4.0,523287.0,523291.0,9131.759814567988,4489.523174347827,-1.0,-3.0,44956,0.035873079709797986,0.6492511945457853,0.04288714614473713,7.97959776443589e-07,0.0001236837653487563
fi32s__tu,float64,0.005729845178345597,-4.0,234828.0,234832.0,7440.957435381616,3912.8000336739024,-1.0,-3.0,35913,0.028657129451418614,0.6492511945457853,0.04288714614473713,7.97959776443589e-07,0.0001236837653487563
fi31s__tu,float64,0.005729845178345597,-5.0,100.0,105.0,41.07709448123137,20.67395762514403,-1.0,-3.0,44,3.511023016351792e-05,0.6492615680228792,1.0373477093766658e-05,0.19811745329541428,0.10768866162994456
fi29s__tu,float64,0.005729845178345597,-4.0,13.0,17.0,2.001113315217647,-1.0132086281794708,-1.0,-3.0,18,1.4363275975984603e-05,0.6492511945457853,0.04288714614473713,2.393879329330767e-06,0.0001236837653487563
fi01s__tu,float64,0.005729845178345597,-4.0,256.0,260.0,6.197266780754546,2.967178318475322,1.0,0.0,175,0.00013964296087762808,0.04288714614473713,0.04288714614473713,7.97959776443589e-07,0.24717921219027192
fi28s__tu,float64,0.005729845178345597,-5.0,611832.0,611837.0,11315.643992059688,5850.141320272328,-1.0,-3.0,52431,0.04183782903871382,0.6492615680228792,1.0373477093766658e-05,7.97959776443589e-07,0.0001236837653487563
fi27s__tu,float64,0.005729845178345597,-6.0,6.0,12.0,2.204664165842287,-2.7707812664579206,-3.0,-3.0,13,1.0373477093766658e-05,0.8781651074532635,0.22959138075767876,1.595919552887178e-06,0.027717132834768066
fi25s__tu,float64,0.005729845178345597,-6.0,7.0,13.0,2.194883003537923,-2.090463901895633,-3.0,-3.0,14,1.1171436870210247e-05,0.7812544885237425,0.13279247619685988,3.191839105774356e-06,0.04074143230588032
fi24s__tu,float64,0.005729845178345597,-6.0,11.0,17.0,2.0829237902359554,-1.5928968812540099,-1.0,-3.0,16,1.2767356423097425e-05,0.7127887417451061,0.0644057274360914,1.595919552887178e-06,0.046635961174469116
fi21s__tu,float64,0.005729845178345597,-5.0,999.0,1004.0,36.10603578377546,25.727967532612617,12.0,-1.0,299,0.00023858997315663312,0.2901134379618192,0.00017076339215892804,0.0001236837653487563,0.0009487741741914273
fi20s__tu,float64,0.005729845178345597,-5.0,768.0,773.0,53.77268520765636,56.60121401600388,48.0,-1.0,342,0.00027290224354370744,0.2901134379618192,0.00017076339215892804,7.97959776443589e-07,0.00023460017427441517
fi12s__tu,float64,0.005729845178345597,-4.0,13.0,17.0,2.0011296011662387,-1.0104540710311876,-1.0,-3.0,17,1.3565316199541014e-05,0.6478739159716437,0.04288714614473713,2.393879329330767e-06,0.0015009623394903909
fi09s__tu,float64,0.005729845178345597,-5.0,69.0,74.0,2.217733213277556,0.3668699868177045,0.0,0.0,61,4.867554636305893e-05,0.2901134379618192,0.00017076339215892804,7.97959776443589e-07,0.35515513933973614
fi06s__tu,float64,0.005729845178345597,-5.0,17.0,22.0,1.1274628032281848,-0.23586494052007825,0.0,0.0,21,1.675715530531537e-05,0.2901134379618192,0.00017076339215892804,2.393879329330767e-06,0.5815467013938761
fi03s__tu,float64,0.005729845178345597,-4.0,14.0,18.0,1.9224090597874772,-1.0826694307993323,-1.0,-3.0,19,1.5161235752428192e-05,0.6483000264922646,0.04288714614473713,7.97959776443589e-07,0.044400875840650625
fr03s__tu,float64,0.005729845178345597,-4.0,7.0,11.0,0.9419494194904607,-1.260418960801024,-1.0,-1.0,12,9.575517317323069e-06,0.9623059760803577,0.04288714614473713,7.97959776443589e-07,0.003747219110179094
fr06s__tu,float64,0.005729845178345597,-5.0,4.0,9.0,0.7581056143065574,-0.9726618980590427,-1.0,-1.0,8,6.383678211548712e-06,0.8559961889441077,0.0002768920424259254,5.585718435105123e-06,0.1317040590617908
fr09s__tu,float64,0.005729845178345597,-5.0,7.0,12.0,0.8316023683584554,-0.9370481552765888,-1.0,-1.0,11,8.77755754087948e-06,0.8559961889441077,0.0002768920424259254,1.595919552887178e-06,0.1016098040529973
fr12s__tu,float64,0.005729845178345597,-4.0,7.0,11.0,0.9524462411422034,-1.2449792370866168,-1.0,-1.0,11,8.77755754087948e-06,0.9564186288497569,0.04288714614473713,7.97959776443589e-07,0.00643873743612332
g202a__tu,float64,0.005729845178345597,-5.0,498291.0,498296.0,3169.697962766673,506.3819897286618,-1.0,-3.0,18484,0.0147494885077833,0.6446445727563765,0.017994790918579376,7.97959776443589e-07,0.07847296033501543
g002b__tu,float64,0.005729845178345597,-4.0,797.0,801.0,18.05647627982336,11.255726957315536,5.0,0.0,317,0.00025295324913261774,0.09807165040424642,0.04288714614473713,7.97959776443589e-07,0.2495276078123454
g002s__tu,float64,0.005729845178345597,-4.0,67.0,71.0,2.233871099074473,0.5092084558201591,0.0,0.0,55,4.38877877043974e-05,0.09807165040424642,0.04288714614473713,7.97959776443589e-07,0.6149213690436293
g001c__tu,float64,0.005729845178345597,-4.0,167.0,171.0,2.480596539732426,-0.6336590605140776,-1.0,-1.0,61,4.867554636305893e-05,0.876282720340633,0.04288714614473713,7.97959776443589e-07,0.05048292525670366
g001b__tu,float64,0.005729845178345597,-4.0,797.0,801.0,18.99084523352282,12.61622284143901,7.0,0.0,320,0.0002553471284619485,0.09807165040424642,0.04288714614473713,7.97959776443589e-07,0.20337840210150687
g001s__tu,float64,0.005729845178345597,-4.0,66.0,70.0,3.1162502321725087,1.078578291025506,0.0,0.0,62,4.947350613950252e-05,0.09807165040424642,0.04288714614473713,2.393879329330767e-06,0.5342005560183722
fr101s__tu,float64,0.005729845178345597,-5.0,809169.0,809174.0,1914.485276935821,93.10778202292379,-1.0,-1.0,7400,0.005904902345682559,0.8988506187380106,3.351431061063074e-05,2.393879329330767e-06,0.060520461284587566
fr57s__tu,float64,0.005729845178345597,-5.0,44822.0,44827.0,92.82281624056321,0.015448501271947884,-1.0,-1.0,796,0.0006351759820490969,0.9627416621182959,7.97959776443589e-06,7.97959776443589e-07,0.033317214545849176
fr36s__tu,float64,0.005729845178345597,-4.0,999.0,1003.0,258.5482874544191,72.39914187405641,-1.0,-1.0,109,8.69776156323512e-05,0.8557192969016818,0.04288714614473713,0.07217546177932263,0.015701454521080502
fr35s__tu,float64,0.005729845178345597,-5.0,257849.0,257854.0,978.9576767182097,42.17387543528706,-1.0,-1.0,5013,0.004000172359311712,0.962734480480308,7.97959776443589e-07,1.595919552887178e-06,0.010042323786542568
fr34s__tu,float64,0.005729845178345597,-5.0,733.0,738.0,13.568145432079666,0.6908201111398377,-1.0,-1.0,276,0.00022023689829843058,0.9627608131529306,2.7130632399082028e-05,7.97959776443589e-07,0.01006945441894165
fr33s__tu,float64,0.005729845178345597,-5.0,257849.0,257854.0,1033.797043559132,47.297079626810174,-1.0,-1.0,5495,0.004384788971557522,0.962734480480308,7.97959776443589e-07,1.595919552887178e-06,0.010042323786542568
fr32s__tu,float64,0.005729845178345597,-5.0,257849.0,257854.0,1022.0589207008377,45.20162129467378,-1.0,-1.0,5235,0.004177319429682189,0.962734480480308,7.97959776443589e-07,1.595919552887178e-06,0.010042323786542568
fr31s__tu,float64,0.005729845178345597,-5.0,100.0,105.0,12.19652245204131,0.19959766868071716,-1.0,-1.0,18,1.4363275975984603e-05,0.9627608131529306,2.7130632399082028e-05,0.014279490199458025,0.02151459149247205
fr30s__tu,float64,0.005729845178345597,-5.0,100.0,105.0,14.107781603161966,0.7094189576091848,-1.0,-1.0,17,1.3565316199541014e-05,0.9627608131529306,2.7130632399082028e-05,0.019319404147475735,0.01637253869306956
fr29s__tu,float64,0.005729845178345597,-5.0,7.0,12.0,0.9245065346921169,-1.2693768572513797,-1.0,-1.0,12,9.575517317323069e-06,0.962734480480308,7.97959776443589e-07,7.97959776443589e-07,0.010042323786542568
fr28s__tu,float64,0.005729845178345597,-5.0,258627.0,258632.0,1145.1919392913906,87.03977829485571,-1.0,-1.0,1604,0.0012799274814155168,0.9627600151931541,2.633267262263844e-05,1.595919552887178e-06,0.0001236837653487563
fr27s__tu,float64,0.005729845178345597,-6.0,5.0,11.0,1.1258064347696057,-1.4305567524952203,-1.0,-1.0,12,9.575517317323069e-06,0.9866381635434521,0.02414785875473589,1.595919552887178e-06,0.00125838256745154
fr25s__tu,float64,0.005729845178345597,-6.0,6.0,12.0,1.0699081475576004,-1.373643867359934,-1.0,-1.0,13,1.0373477093766658e-05,0.9784518941969174,0.01603021394897526,7.97959776443589e-07,0.002281367000852221
fr21s__tu,float64,0.005729845178345597,-5.0,999.0,1004.0,28.207042364341103,7.37190351708751,-1.0,-1.0,311,0.0002481654904739562,0.8559961889441077,0.0002768920424259254,0.0001236837653487563,0.0009399966166505479
fr20s__tu,float64,0.005729845178345597,-5.0,560.0,565.0,29.22430810079042,8.619442609136959,-1.0,-1.0,342,0.00027290224354370744,0.8559961889441077,0.0002768920424259254,7.97959776443589e-07,0.0008266863283955582
fi02s__tu,float64,0.005729845178345597,-4.0,14.0,18.0,1.3448529411142425,0.06626976147386363,0.0,0.0,17,1.3565316199541014e-05,0.2899426745696603,0.04288714614473713,7.97959776443589e-07,0.35805492516733217
fr24s__tu,float64,0.005729845178345597,-6.0,6.0,12.0,1.0147503479165734,-1.3226805703178115,-1.0,-1.0,13,1.0373477093766658e-05,0.9711322091676002,0.008764790184456382,7.97959776443589e-07,0.00321497993929122
fc07s__tu,float64,0.005729845178345597,-5.0,630370.0,630375.0,2050.57835591503,21.387568265458874,-1.0,-1.0,191,0.0001524103173007255,0.9913062282356471,4.229186815151022e-05,7.97959776443589e-07,0.008495877739794893
br109s__tu,float64,0.005729845178345597,-5.0,25.0,30.0,1.4120431765149315,-0.5168114165701135,-1.0,-1.0,25,1.9948994411089726e-05,0.5332876900341208,0.0005505922457460764,1.595919552887178e-06,0.2817635868611135
g057s__tu,float64,0.005729845178345597,-4.0,80.0,84.0,3.064660537787082,1.8073485711732242,1.0,0.0,53,4.229186815151022e-05,0.04288714614473713,0.04288714614473713,7.97959776443589e-07,0.29275947258050616
g058s__tu,float64,0.005729845178345597,-4.0,80.0,84.0,3.3363642827098974,2.1213098350138364,1.0,0.0,56,4.468574748084099e-05,0.04288714614473713,0.04288714614473713,7.97959776443589e-07,0.2530482063460145
g059s__tu,float64,0.005729845178345597,-4.0,80.0,84.0,3.7120461989375277,2.5874300588255945,2.0,1.0,60,4.787758658661534e-05,0.04288714614473713,0.04288714614473713,7.97959776443589e-07,0.20629574304418463
g061s__tu,float64,0.005729845178345597,-4.0,80.0,84.0,4.222730194634673,3.282007762552705,2.0,1.0,68,5.4261264798164055e-05,0.04288714614473713,0.04288714614473713,7.97959776443589e-07,0.1559580464667937
g063s__tu,float64,0.005729845178345597,-4.0,80.0,84.0,3.2435551205244937,1.9183375944385395,1.0,0.0,55,4.38877877043974e-05,0.04288714614473713,0.04288714614473713,7.97959776443589e-07,0.2929892849961219
g064s__tu,float64,0.005729845178345597,-4.0,80.0,84.0,3.6095818518694105,2.3413225066150867,1.0,0.0,60,4.787758658661534e-05,0.04288714614473713,0.04288714614473713,7.97959776443589e-07,0.24521702909999712
g066s__tu,float64,0.005729845178345597,-4.0,80.0,84.0,4.104079163180667,2.9789194986259133,2.0,1.0,66,5.266534524527688e-05,0.04288714614473713,0.04288714614473713,7.97959776443589e-07,0.19017057188181258
g068s__tu,float64,0.005729845178345597,-4.0,80.0,84.0,3.1756972761879574,1.8043402628160319,1.0,0.0,54,4.308982792795381e-05,0.04288714614473713,0.04288714614473713,7.97959776443589e-07,0.31532577505833087
g069s__tu,float64,0.005729845178345597,-4.0,80.0,84.0,3.534148609237154,2.200714812367738,1.0,0.0,60,4.787758658661534e-05,0.04288714614473713,0.04288714614473713,7.97959776443589e-07,0.26802750726941355
g071s__tu,float64,0.005729845178345597,-4.0,80.0,84.0,4.01613322608597,2.80160565466216,2.0,0.0,66,5.266534524527688e-05,0.04288714614473713,0.04288714614473713,7.97959776443589e-07,0.2117378287195299
g094s__tu,float64,0.005729845178345597,-4.0,12.0,16.0,2.4087315500602284,-1.6815262736235992,-4.0,-4.0,14,1.1171436870210247e-05,0.5080394447476692,0.5080394447476692,7.97959776443589e-07,0.19859064344284533
g095s__tu,float64,0.005729845178345597,-4.0,999.0,1003.0,28.065475703762484,13.073397936156834,-4.0,-4.0,126,0.00010054293183189222,0.5080394447476692,0.5080394447476692,0.0001236837653487563,0.022445012591805272
g099s__tu,float64,0.005729845178345597,-4.0,6.0,10.0,2.0620381846788884,-2.0638934372596145,-4.0,-4.0,9,7.1816379879923015e-06,0.7065064044251658,0.5080394447476692,5.585718435105123e-06,0.13458469385475216
g100s__tu,float64,0.005729845178345597,-4.0,77.0,81.0,2.911408264185206,0.8431713794171063,0.0,0.0,57,4.5483707257284576e-05,0.04288714614473713,0.04288714614473713,7.97959776443589e-07,0.7321735785942503
g102s__tu,float64,0.005729845178345597,-4.0,999.0,1003.0,12.53723446103845,3.880684266467496,2.0,0.0,28,2.2342873740420493e-05,0.10991895920510439,0.10991816124532794,0.0001236837653487563,0.2234135761684525
g105s__tu,float64,0.005729845178345597,-4.0,999.0,1003.0,12.358238618741058,0.8680533611661704,-1.0,-1.0,28,2.2342873740420493e-05,0.8065266726034874,0.10991816124532794,0.0001236837653487563,0.01298200760296075
g199s__tu,float64,0.005729845178345597,-5.0,1402840.0,1402845.0,2550.869531485803,644.7081206770529,361.0,-5.0,10414,0.008309953111883536,0.183126980935145,0.0809290805269088,7.97959776443589e-07,0.0487226259898691
g200s__tu,float64,0.005729845178345597,-5.0,100.0,105.0,44.10048816260211,74.79165110645103,100.0,100.0,103,8.218985697368967e-05,0.22374951723433525,0.18086237108959813,0.7179331884238379,0.008105675409113977
g201b__tu,float64,0.005729845178345597,-5.0,351896.0,351901.0,1621.1831904286073,144.9692011465086,-2.0,-2.0,10534,0.008405708285056768,0.7129658888154766,0.18490483531706134,1.595919552887178e-06,0.2096655271801059
fc06s__tu,float64,0.005729845178345597,-4.0,630370.0,630374.0,1698.5917066910736,14.375622009645738,-1.0,-1.0,128,0.0001021388513847794,0.9955130721770576,0.04288714614473713,7.97959776443589e-07,0.004356860379381996
g201a__tu,float64,0.005729845178345597,-5.0,492591.0,492596.0,3110.0321863077593,488.3347928017644,-1.0,-3.0,18132,0.014468606666475156,0.6493772721904634,0.01721518421699399,7.97959776443589e-07,0.07855913999087134
br101s__tu,float64,0.005729845178345597,-5.0,1408961.0,1408966.0,6378.239669423446,1120.5967598045318,-1.0,-1.0,25385,0.020256208925020506,0.5327602386218916,2.3140833516864082e-05,7.97959776443589e-07,0.09946169633481115
g093s__tu,float64,0.005729845178345597,0.0,114.0,114.0,1.5689955889885832,0.9923276167494949,0.0,0.0,66,5.266534524527688e-05,0.0,0.5081631285130179,7.97959776443589e-07,0.5081631285130179
g051s__tu,float64,0.005729845178345597,-4.0,100.0,104.0,29.92032142891228,45.80278583717152,46.0,100.0,102,8.139189719724608e-05,0.04288714614473713,0.04288714614473713,0.08713720758763992,0.0839405807232069
g003s__tu,float64,0.005729845178345597,-4.0,797.0,801.0,17.391581095728007,10.46460090839741,4.0,0.0,312,0.0002489634502503998,0.09807165040424642,0.04288714614473713,7.97959776443589e-07,0.2767962872527522
fc05s__tu,float64,0.005729845178345597,-5.0,732455.0,732460.0,4793.5844367469645,107.98082023881341,-1.0,-1.0,859,0.0006854474479650429,0.9747549465526542,0.00027449816309659463,1.595919552887178e-06,0.02436330789437566
fc04s__tu,float64,0.005729845178345597,-4.0,999.0,1003.0,13.035940850531222,-0.05907136633056601,-1.0,-1.0,86,6.862454077414866e-05,0.9744804483895576,0.04288714614473713,0.0001236837653487563,0.00020188382344022804
g043c__tu,float64,0.005729845178345597,-4.0,38.0,42.0,1.1258237808980722,-0.7231542392411083,-1.0,-1.0,33,2.633267262263844e-05,0.7866343333365252,0.04288714614473713,7.97959776443589e-07,0.07748508613177826
fc03s__tu,float64,0.005729845178345597,-4.0,5.0,9.0,0.6552302677769544,-1.0943587435644544,-1.0,-1.0,8,6.383678211548712e-06,0.9744804483895576,0.04288714614473713,7.97959776443589e-07,0.016907171743286764
fc02s__tu,float64,0.005729845178345597,-4.0,3.0,7.0,0.6443272889251196,-1.0987171998633893,-1.0,-1.0,6,4.787758658661534e-06,0.9744804483895576,0.04288714614473713,7.97959776443589e-07,0.021156307552848877
fc01s__tu,float64,0.005729845178345597,-4.0,32.0,36.0,0.8344608547471881,-0.14484486066026384,0.0,0.0,14,1.1171436870210247e-05,0.04288714614473713,0.04288714614473713,7.97959776443589e-07,0.9317169860101692
co07s__tu,float64,0.005729845178345597,-5.0,1570288.0,1570293.0,5971.4208559307,1456.3331410250273,-1.0,-1.0,28794,0.022976453802916703,0.6566650388287227,0.0003917982502338022,7.97959776443589e-07,0.06975365385781633
co05s__tu,float64,0.005729845178345597,-5.0,5390716.0,5390721.0,10785.447729342708,3028.432992923693,0.0,-1.0,39173,0.03125847832262471,0.383999789338619,0.0004380799172675304,7.97959776443589e-07,0.14465973399212892
co04s__tu,float64,0.005729845178345597,-4.0,999.0,1003.0,24.262723658770398,15.834592513860562,5.0,-1.0,157,0.0001252796849016435,0.3835617094213515,0.04288714614473713,0.0001236837653487563,0.014248369768176726
co03s__tu,float64,0.005729845178345597,-4.0,43.0,47.0,1.8328853451641225,0.16037315790985607,0.0,-1.0,38,3.0322471504856384e-05,0.3835617094213515,0.04288714614473713,1.595919552887178e-06,0.2728352149224862
g002c__tu,float64,0.005729845178345597,-4.0,167.0,171.0,2.108263562634184,-0.7673819578102707,-1.0,-1.0,59,4.7079626810171754e-05,0.876282720340633,0.04288714614473713,7.97959776443589e-07,0.06533215873654241
co06s__tu,float64,0.005729845178345597,-5.0,1558844.0,1558849.0,4608.151410988263,869.0085844512749,-1.0,-2.0,24045,0.0191869428245861,0.7815226030086275,0.00024337773181529467,7.97959776443589e-07,0.03795894656542153
g020s__tu,float64,0.005729845178345597,-4.0,97.0,101.0,5.445221754312108,3.4966693158931244,2.0,1.0,87,6.942250055059224e-05,0.08037370052250406,0.04288714614473713,2.393879329330767e-06,0.16908767662839652
g041s__tu,float64,0.005729845178345597,-4.0,86.0,90.0,5.5400193473362265,5.183299340246857,4.0,1.0,79,6.303882233904353e-05,0.04288714614473713,0.04288714614473713,7.97959776443589e-07,0.08393898480365401
g041c__tu,float64,0.005729845178345597,-4.0,38.0,42.0,1.2013321824383596,-0.6781947915569472,-1.0,-1.0,31,2.473675306975126e-05,0.7866343333365252,0.04288714614473713,7.97959776443589e-07,0.0540186850261252
co02s__tu,float64,0.005729845178345597,-4.0,43.0,47.0,1.492104078025682,-0.13002914149103573,0.0,0.0,36,2.8726551951969206e-05,0.3835617094213515,0.04288714614473713,1.595919552887178e-06,0.3978411996208095
co01s__tu,float64,0.005729845178345597,-4.0,43.0,47.0,2.3840699504643417,1.4523586095072119,1.0,0.0,41,3.271635083418715e-05,0.04288714614473713,0.04288714614473713,1.595919552887178e-06,0.3407982470419631
g042s__tu,float64,0.005729845178345597,-4.0,85.0,89.0,5.320275563948111,4.671535019262749,3.0,1.0,80,6.383678211548712e-05,0.04288714614473713,0.04288714614473713,7.97959776443589e-07,0.1081267415472121
g003c__tu,float64,0.005729845178345597,-4.0,167.0,171.0,1.9243670944545097,-0.8310120683436589,-1.0,-1.0,56,4.468574748084099e-05,0.876282720340633,0.04288714614473713,7.97959776443589e-07,0.07443448590643442
g042c__tu,float64,0.005729845178345597,-4.0,38.0,42.0,1.154767429923244,-0.705690091573864,-1.0,-1.0,32,2.553471284619485e-05,0.7866343333365252,0.04288714614473713,7.97959776443589e-07,0.06777471361223623
g043s__tu,float64,0.005729845178345597,-4.0,85.0,89.0,5.172553782735065,4.374034069690615,3.0,1.0,77,6.144290278615635e-05,0.04288714614473713,0.04288714614473713,7.97959776443589e-07,0.12468839670729878
credit_as_of_date__tu,object,0.005579894923747519,,,,,,,20151231.0,23,1.835030736764841e-05,,,,
sourcecredheadertimenewest__ln,float64,0.0017121304202256712,-1.0,382.0,383.0,7.4091136724963755,1.5318288747953523,1.0,1.0,300,0.0002384244909637118,0.006700522944383514,0.006700522944383514,7.947483032123726e-07,0.0
educationinstitutionrating__ln,float64,0.0017121304202256712,-1.0,6.0,7.0,1.3201835937779818,0.4049965825822962,0.0,0.0,8,6.357986425698981e-06,0.004507812375820578,0.004507812375820578,0.015531766089679398,0.9015449907014449
businessassociationindex__ln,float64,0.0017121304202256712,-1.0,3.0,4.0,0.681132825869219,0.1940266717530558,0.0,0.0,5,3.973741516061863e-06,0.004507812375820578,0.004507812375820578,0.03694546437143357,0.9092850444264301
businessassociation__ln,float64,0.0017121304202256712,-1.0,1.0,2.0,0.2898969501514934,0.08169933082192869,0.0,0.0,3,2.384244909637118e-06,0.004507812375820578,0.004507812375820578,0.08620714319774928,0.9092850444264301
proflictypecategory__ln,float64,0.0017121304202256712,-1.0,5.0,6.0,0.7022132039798811,-0.8246642188418928,-1.0,-1.0,7,5.563238122486608e-06,0.9310651216759652,0.9310651216759652,0.0008591229157725748,0.01127112043615787
profliccount__ln,float64,0.0017121304202256712,-1.0,20.0,21.0,0.2245953025910933,0.02627358415589783,0.0,0.0,15,1.1921224548185589e-05,0.004507812375820578,0.004507812375820578,7.947483032123726e-07,0.9701579959626786
educationevidence__ln,float64,0.0017121304202256712,-1.0,1.0,2.0,0.33756632797852903,0.11912641266510895,0.0,0.0,3,2.384244909637118e-06,0.004507812375820578,0.004507812375820578,0.12363422504092954,0.8718579625832499
educationinstitutionprivate__ln,float64,0.0017121304202256712,-1.0,1.0,2.0,0.3316667542902818,-0.8977198671180837,-1.0,-1.0,3,2.384244909637118e-06,0.9068117877068332,0.9068117877068332,0.009091920588749544,0.08409629170441721
educationprogramattended__ln,float64,0.0017121304202256712,-1.0,3.0,4.0,0.5033614200127389,0.1490049751243781,0.0,0.0,5,3.973741516061863e-06,0.004507812375820578,0.004507812375820578,5.1658639708804225e-05,0.9007049417449494
educationattendance__ln,float64,0.0017121304202256712,-1.0,1.0,2.0,0.306256883091895,0.09352439082542559,0.0,0.0,3,2.384244909637118e-06,0.004507812375820578,0.004507812375820578,0.09803220320124617,0.8974599844229333
sourcevoterregistration__ln,float64,0.0017121304202256712,-1.0,1.0,2.0,0.48201153910121103,0.33665776548567067,0.0,0.0,3,2.384244909637118e-06,0.004507812375820578,0.004507812375820578,0.34116557786149126,0.6543266097626882
sourcecredheadertimeoldest__ln,float64,0.0017121304202256712,-1.0,960.0,961.0,106.01285873711372,223.89456630585093,229.0,-1.0,685,0.0005444025877004752,0.006700522944383514,0.006700522944383514,3.1789932128494905e-06,0.0
businesstitleleadership__ln,float64,0.0017121304202256712,-1.0,2.0,3.0,0.7350267614347992,-0.7834430085991766,-1.0,-1.0,4,3.1789932128494905e-06,0.9137928568022508,0.9137928568022508,0.054952076677316296,0.01080937167199148
businessassociationtimeoldest__ln,float64,0.0017121304202256712,-1.0,960.0,961.0,27.983246852847067,3.5545086071241236,-1.0,-1.0,778,0.000618314179899226,0.9328048257116971,0.9328048257116971,1.1126476244973216e-05,0.0
assetproppurchasetimeoldest__ln,float64,0.0017121304202256712,-1.0,960.0,961.0,74.91018909319996,28.15127716052326,-1.0,-1.0,697,0.0005539395673390238,0.8001088805175401,0.8001088805175401,0.0014146519797180233,0.0
assetindex__ln,float64,0.0017121304202256712,-1.0,9.0,10.0,1.6230471285919497,2.789111153497687,2.0,2.0,10,7.947483032123726e-06,0.004819353710679828,0.004819353710679828,0.008415589782715813,0.0
assetindexprimaryfactor__ln,object,0.0017121304202256712,,,,,,,A42,8,6.357986425698981e-06,,,,
assetownership__ln,float64,0.0017121304202256712,-1.0,1.0,2.0,0.44612995671379524,0.25508400489564953,0.0,0.0,3,2.384244909637118e-06,0.004507812375820578,0.004507812375820578,0.2595918172714701,0.7359003703527093
assetprop__ln,float64,0.0017121304202256712,-1.0,1.0,2.0,0.441788963248079,0.24733759318423856,0.0,0.0,3,2.384244909637118e-06,0.004507812375820578,0.004507812375820578,0.25184540556005913,0.7436467820641203
assetpropindex__ln,float64,0.0017121304202256712,-1.0,4.0,5.0,1.374431040026189,0.8533880120165943,0.0,0.0,6,4.768489819274236e-06,0.004507812375820578,0.004507812375820578,0.04673278972549394,0.6788843323319504
assetpropevercount__ln,float64,0.0017121304202256712,-1.0,38.0,39.0,0.8216248037605227,0.44224246181234406,0.0,0.0,34,2.702144230922067e-05,0.004507812375820578,0.004507812375820578,7.947483032123726e-07,0.6788843323319504
assetpropcurrentcount__ln,float64,0.0017121304202256712,-1.0,37.0,38.0,0.6344717831096057,0.3093859774609381,0.0,0.0,29,2.3047700793158805e-05,0.004507812375820578,0.004507812375820578,7.947483032123726e-07,0.7436467820641203
assetpropcurrenttaxtotal__ln,float64,0.0017121304202256712,-1.0,7655911.0,7655912.0,65546.15983997259,19607.92913308855,-1.0,-1.0,77023,0.061213898558326575,0.7481545944399409,0.7481545944399409,7.947483032123726e-07,0.024130942730437272
assetproppurchasecount12month__ln,float64,0.0017121304202256712,-1.0,5.0,6.0,0.11206946907570609,0.0033133056760923816,0.0,0.0,6,4.768489819274236e-06,0.004507812375820578,0.004507812375820578,7.947483032123726e-07,0.987781539586413
assetproppurchasetimenewest__ln,float64,0.0017121304202256712,-1.0,960.0,961.0,64.52265892294741,24.242516649976952,-1.0,-1.0,653,0.0005189706419976793,0.800243192980783,0.800243192980783,0.0007621636227806653,0.0
assetpropnewestmortgagetype__ln,float64,0.0017121304202256712,-1.0,2.0,3.0,0.4271700019072596,-0.8460199004975124,-1.0,-1.0,4,3.1789932128494905e-06,0.8665275857136046,0.8665275857136046,0.005594233306311891,0.11855896237661533
assetpropeversoldcount__ln,float64,0.0017121304202256712,-1.0,33.0,34.0,0.4402431083780256,0.12834867197558533,0.0,0.0,18,1.4305469457822708e-05,0.004507812375820578,0.004507812375820578,7.947483032123726e-07,0.8886565574682498
sourcenonderogcount06month__ln,float64,0.0017121304202256712,-1.0,5.0,6.0,0.5451231492801599,1.2566981386994738,1.0,1.0,7,5.563238122486608e-06,0.004507812375820578,0.004507812375820578,4.7684898192742357e-05,0.007919666841511293
assetpropsaletimeoldest__ln,float64,0.0017121304202256712,-1.0,960.0,961.0,26.679372649034757,4.075760971500326,-1.0,-1.0,306,0.00024319298078298603,0.9542479296806702,0.9542479296806702,7.947483032123726e-07,0.0
sourcenonderogcount12month__ln,float64,0.0017121304202256712,-1.0,5.0,6.0,0.5744650341076447,1.2983922241826014,1.0,1.0,7,5.563238122486608e-06,0.004507812375820578,0.004507812375820578,6.914310237947642e-05,0.006944510673469712
inputprovidedphone__ln,float64,0.0017121304202256712,0.0,1.0,1.0,0.391817088587688,0.1893885206555084,0.0,0.0,2,1.5894966064247453e-06,0.0,0.8106114793444916,0.1893885206555084,0.8106114793444916
sourcenonderogcount03month__ln,float64,0.0017121304202256712,-1.0,5.0,6.0,0.5263097267276512,1.2293301861300525,1.0,1.0,7,5.563238122486608e-06,0.004507812375820578,0.004507812375820578,4.4505904979892865e-05,0.008638119307615278
sourcenonderogcount__ln,float64,0.0017121304202256712,-1.0,6.0,7.0,1.0144028628176385,2.194884999920525,2.0,2.0,8,6.357986425698981e-06,0.004507812375820578,0.004507812375820578,0.001160332522690064,0.00029246737558215314
assetpropnewestsaleprice__ln,float64,0.0017121304202256712,-1.0,9999999.0,10000000.0,70513.51556758754,11501.190288175734,-1.0,-1.0,24041,0.01910654395752865,0.921817430419786,0.921817430419786,1.827921097388457e-05,0.0
inputprovidedfirstname__ln,float64,0.0017121304202256712,1.0,1.0,0.0,0.0,1.0,1.0,1.0,1,7.947483032123726e-07,0.0,1.0,1.0,0.0
inputprovidedlastname__ln,float64,0.0017121304202256712,1.0,1.0,0.0,0.0,1.0,1.0,1.0,1,7.947483032123726e-07,0.0,1.0,1.0,0.0
inputprovidedstreetaddress__ln,float64,0.0017121304202256712,0.0,1.0,1.0,0.048526619831984814,0.9976395975394593,1.0,1.0,2,1.5894966064247453e-06,0.0,0.0023604024605407468,0.9976395975394593,0.0023604024605407468
inputprovidedcity__ln,float64,0.0017121304202256712,0.0,1.0,1.0,0.026270893504706166,0.9993093637245084,1.0,1.0,2,1.5894966064247453e-06,0.0,0.0006906362754915518,0.9993093637245084,0.0006906362754915518
inputprovidedstate__ln,float64,0.0017121304202256712,0.0,1.0,1.0,0.026195258614987244,0.9993133374660245,1.0,1.0,2,1.5894966064247453e-06,0.0,0.00068666253397549,0.9993133374660245,0.00068666253397549
inputprovidedzipcode__ln,float64,0.0017121304202256712,0.0,1.0,1.0,0.026240665781433803,0.9993109532211149,1.0,1.0,2,1.5894966064247453e-06,0.0,0.0006890467788851271,0.9993109532211149,0.0006890467788851271
inputprovidedssn__ln,float64,0.0017121304202256712,0.0,3.0,3.0,0.002674459707813137,2.9999976157550905,3.0,3.0,2,1.5894966064247453e-06,0.0,7.947483032123726e-07,0.9999992052516968,7.947483032123726e-07
inputprovideddateofbirth__ln,float64,0.0017121304202256712,0.0,7.0,7.0,0.008825263272024238,6.999988873523755,7.0,7.0,2,1.5894966064247453e-06,0.0,1.5894966064247453e-06,0.9999984105033936,1.5894966064247453e-06
inputprovidedlexid__ln,float64,0.0017121304202256712,0.0,0.0,0.0,0.0,0.0,0.0,0.0,1,7.947483032123726e-07,0.0,1.0,1.0,1.0
subjectrecordtimeoldest__ln,float64,0.0017121304202256712,-1.0,960.0,961.0,106.6958010681995,225.87742835344048,231.0,-1.0,753,0.0005984454723189166,0.005790536137205347,0.005790536137205347,4.768489819274236e-06,0.0
subjectrecordtimenewest__ln,float64,0.0017121304202256712,-1.0,557.0,558.0,5.395867656159558,1.3152313512310652,1.0,1.0,264,0.00020981355204806638,0.00557356985042837,0.00557356985042837,7.947483032123726e-07,0.0
subjectactivityindex03month__ln,float64,0.0017121304202256712,-1.0,7.0,8.0,0.9912585069621338,3.949240220622129,4.0,4.0,8,6.357986425698981e-06,0.012840748335002304,0.012840748335002304,0.0046890149889529985,0.0
subjectactivityindex06month__ln,float64,0.0017121304202256712,-1.0,7.0,8.0,1.1129836007659062,4.120240649786212,4.0,4.0,8,6.357986425698981e-06,0.011968909446378332,0.011968909446378332,0.009745998442293326,0.0
subjectactivityindex12month__ln,float64,0.0017121304202256712,-1.0,7.0,8.0,1.2154364798763613,4.324776278352646,4.0,4.0,8,6.357986425698981e-06,0.010886462257403081,0.010886462257403081,0.020082494873873445,0.0
subjectage__ln,float64,0.0017121304202256712,-1.0,116.0,117.0,18.64572705111198,35.691413539332096,38.0,-1.0,102,8.106432692766201e-05,0.13883378633986618,0.13883378633986618,5.563238122486608e-06,0.0
subjectdeceased__ln,float64,0.0017121304202256712,-1.0,1.0,2.0,0.06825155394165026,-0.004338530987236342,0.0,0.0,3,2.384244909637118e-06,0.004507812375820578,0.004507812375820578,0.00016928138858423537,0.9953229062355952
subjectssncount__ln,float64,0.0017121304202256712,-1.0,7.0,8.0,0.24979792706799336,1.023108101664203,1.0,1.0,9,7.152734728911354e-06,0.004507812375820578,0.004507812375820578,7.947483032123726e-07,0.004110438224214391
subjectstabilityindex__ln,float64,0.0017121304202256712,-1.0,9.0,10.0,2.1655470973885493,3.5034356969147873,3.0,1.0,10,7.947483032123726e-06,0.004819353710679828,0.004819353710679828,0.010597968623336989,0.0
subjectstabilityprimaryfactor__ln,object,0.0017121304202256712,,,,,,,L78,8,6.357986425698981e-06,,,,
subjectabilityindex__ln,float64,0.0017121304202256712,-1.0,9.0,10.0,1.7618562057200227,2.2106575747460777,2.0,1.0,10,7.947483032123726e-06,0.004819353710679828,0.004819353710679828,0.006584489692114507,0.0
subjectabilityprimaryfactor__ln,object,0.0017121304202256712,,,,,,,A42,12,9.536979638548472e-06,,,,
subjectwillingnessindex__ln,float64,0.0017121304202256712,-1.0,9.0,10.0,1.697100182195467,1.841579641727465,1.0,1.0,10,7.947483032123726e-06,0.004819353710679828,0.004819353710679828,0.005506016244655318,0.0
subjectwillingnessprimaryfactor__ln,object,0.0017121304202256712,,,,,,,C12,8,6.357986425698981e-06,,,,
confirmationinputname__ln,float64,0.0017121304202256712,-1.0,3.0,4.0,0.3880272553711293,2.9462289193012574,3.0,3.0,5,3.973741516061863e-06,0.0035954413237327737,0.0035954413237327737,0.9787182299365791,0.006567005229443835
confirmationinputdob__ln,float64,0.0017121304202256712,-1.0,7.0,8.0,2.534635502741484,5.761378411457091,7.0,7.0,9,7.152734728911354e-06,0.004509401872427003,0.004509401872427003,0.7849641568515251,0.14312383768060655
confirmationinputssn__ln,float64,0.0017121304202256712,-1.0,3.0,4.0,0.47965905415606847,2.9118878451194505,3.0,3.0,5,3.973741516061863e-06,0.004507812375820578,0.004507812375820578,0.9615389506143405,0.011687568547041153
confirmationinputaddress__ln,float64,0.0017121304202256712,-1.0,1.0,2.0,0.4388531640013972,0.7632381224866085,1.0,1.0,3,2.384244909637118e-06,0.0059431278114221225,0.0059431278114221225,0.7691812502980306,0.22487562189054727
sourcenonderogprofileindex__ln,float64,0.0017121304202256712,-1.0,9.0,10.0,2.1122306601774468,5.319841686138,5.0,5.0,11,8.742231335336099e-06,0.004507812375820578,0.004507812375820578,0.09603500071527347,0.006998553558088153
assetpropsaletimenewest__ln,float64,0.0017121304202256712,-1.0,960.0,961.0,36.589833325320356,9.76510895999237,-1.0,-1.0,321,0.00025511420533117163,0.8937405623638993,0.8937405623638993,1.5894966064247453e-06,0.0
assetpropsoldcount12month__ln,float64,0.0017121304202256712,-1.0,3.0,4.0,0.1037031677262423,0.0016061863207922052,0.0,0.0,5,3.973741516061863e-06,0.004507812375820578,0.004507812375820578,4.768489819274236e-06,0.9894409740435204
assetpropsalepurchaseratio__ln,float64,0.0017121304202256712,-1.0,99.0,100.0,0.7720423173104354,0.011770238265541298,0.0,0.0,923,0.0007335526838650199,0.012680209177753405,0.012680209177753405,3.0200435522070162e-05,0.9740665681178771
assetpersonal__ln,float64,0.0017121304202256712,-1.0,1.0,2.0,0.14430602802998307,0.01195142498370766,0.0,0.0,3,2.384244909637118e-06,0.004507812375820578,0.004507812375820578,0.01645923735952824,0.9790329502646512
addrcurrenttaxvalue__ln,float64,0.0017121304202256712,-1.0,2562400.0,2562401.0,41558.464568083335,9950.922016117496,0.0,0.0,46604,0.03703844992290942,0.004507812375820578,0.004507812375820578,7.947483032123726e-07,0.8734999125776867
addrcurrentlastsalesprice__ln,float64,0.0017121304202256712,-1.0,9999999.0,10000000.0,67325.68823367966,10444.235473590514,-1.0,-1.0,11851,0.009418562141369827,0.9206078235022969,0.9206078235022969,1.5100217761035081e-05,0.0
addrcurrenttimelastsale__ln,float64,0.0017121304202256712,-1.0,960.0,961.0,31.696434371365957,6.808484732885096,-1.0,-1.0,382,0.00030359385182712636,0.9187091698059224,0.9187091698059224,9.536979638548472e-06,0.0
addrcurrentdwelltypeindex__ln,float64,0.0017121304202256712,-1.0,3.0,4.0,0.8904501739938865,2.510605916106369,3.0,3.0,5,3.973741516061863e-06,0.004507812375820578,0.004507812375820578,0.7606989016578449,0.007890261154292436
addrcurrentdwelltype__ln,object,0.0017121304202256712,,,,,,,S,7,5.563238122486608e-06,,,,
addrcurrentphoneservice__ln,float64,0.0017121304202256712,-1.0,1.0,2.0,0.3341058941756274,0.11608729515362484,0.0,0.0,3,2.384244909637118e-06,0.004507812375820578,0.004507812375820578,0.12059510752944542,0.874897080094734
addrcurrentownershipindex__ln,float64,0.0017121304202256712,-1.0,4.0,5.0,1.4410728249945624,1.420492584998331,1.0,0.0,6,4.768489819274236e-06,0.004507812375820578,0.004507812375820578,0.14971309586254034,0.366791442150271
addrcurrentdeedmailing__ln,float64,0.0017121304202256712,-1.0,1.0,2.0,0.7242373152406454,-0.16742008805811198,0.0,0.0,3,2.384244909637118e-06,0.35998442293325705,0.35998442293325705,0.19256433487514504,0.44745124219159793
addrcurrentsubjectowned__ln,float64,0.0017121304202256712,-1.0,1.0,2.0,0.6563321584443798,-0.2343005420183428,0.0,0.0,3,2.384244909637118e-06,0.35998442293325705,0.35998442293325705,0.12568388091491425,0.5143316961518287
addrcurrentlengthofres__ln,float64,0.0017121304202256712,-1.0,959.0,960.0,75.51547720855328,62.636894600480026,33.0,1.0,692,0.0005499658258229619,0.0076438891802966,0.0076438891802966,3.1789932128494905e-06,0.0
addrcurrenttimenewest__ln,float64,0.0017121304202256712,-1.0,739.0,740.0,22.213788541020858,5.519160586842147,1.0,1.0,417,0.0003314100424395594,0.007088360116351152,0.007088360116351152,7.947483032123726e-07,0.0
addrcurrenttimeoldest__ln,float64,0.0017121304202256712,-1.0,960.0,961.0,77.24241598509373,68.10898462956781,38.0,1.0,697,0.0005539395673390238,0.0076438891802966,0.0076438891802966,3.1789932128494905e-06,0.0
addrinputproblems__ln,float64,0.0017121304202256712,-1.0,5.0,6.0,0.5437526045618426,0.15089965507923642,0.0,0.0,7,5.563238122486608e-06,0.0059431278114221225,0.0059431278114221225,4.768489819274236e-06,0.9136474178627628
addrinputblockratio__ln,float64,0.0017121304202256712,-1.0,99.0,100.0,1.053667819791979,0.5255114284806001,0.0,0.0,1655,0.0013153084418164767,0.0059431278114221225,0.0059431278114221225,1.4305469457822708e-05,0.4942579435092906
addrinputdwelltype__ln,object,0.0017121304202256712,,,,,,,S,7,5.563238122486608e-06,,,,
addrinputtractratio__ln,float64,0.0017121304202256712,-1.0,99.0,100.0,1.0755930718961348,0.5290019948182416,0.0,0.0,1646,0.0013081557070875654,0.0059431278114221225,0.0059431278114221225,9.536979638548472e-06,0.49608983834819514
addrinputcountyratio__ln,float64,0.0017121304202256712,-1.0,99.0,100.0,0.8402873792314215,0.43511753532656205,0.04,0.0,1305,0.0010371465356921463,0.0059431278114221225,0.0059431278114221225,3.973741516061863e-06,0.49377314704433106
addrinputavmratio60monthprior__ln,float64,0.0017121304202256712,-1.0,99.0,100.0,1.650957036193165,-0.06302512994134755,-1.0,-1.0,1657,0.0013168979384229015,0.5801948722839477,0.5801948722839477,1.9073959277096944e-05,0.0
addrinputavmvalue60month__ln,float64,0.0017121304202256712,-1.0,9999999.0,10000000.0,107014.29133554563,54136.38614435808,-1.0,-1.0,164768,0.1309490884236962,0.580192488039038,0.580192488039038,7.152734728911354e-06,0.0
addrinputavmratio12monthprior__ln,float64,0.0017121304202256712,-1.0,99.0,100.0,1.3788825431219047,0.03831601576780637,-1.0,-1.0,1491,0.0011849697200896475,0.5193711951424984,0.5193711951424984,1.5894966064247452e-05,0.0
addrinputavmvalue12month__ln,float64,0.0017121304202256712,-1.0,9999999.0,10000000.0,148868.6749086009,63890.308180344284,-1.0,-1.0,182422,0.14497957496860744,0.5193704003941951,0.5193704003941951,3.337942873491965e-05,0.0
addrinputavmvalue__ln,float64,0.0017121304202256712,-1.0,9999999.0,10000000.0,178294.75644989187,72378.89608427511,4921.0,-1.0,197693,0.1571161763069636,0.4996471317533737,0.4996471317533737,5.1658639708804225e-05,0.0
addrinputtaxmarketvalue__ln,float64,0.0017121304202256712,-1.0,2562400.0,2562401.0,45638.01950398579,12259.61998633033,0.0,0.0,37879,0.030104270977381463,0.0059431278114221225,0.0059431278114221225,7.947483032123726e-07,0.8923799532687998
addrinputtaxyr__ln,float64,0.0017121304202256712,-1.0,2018.0,2019.0,656.8922551701367,242.48056443024495,-1.0,-1.0,22,1.7484462670672198e-05,0.8792093843879644,0.8792093843879644,5.881137443771558e-05,0.0
addrinputtaxvalue__ln,float64,0.0017121304202256712,-1.0,2883738.0,2883739.0,40389.66503328528,9479.410160857056,0.0,0.0,44686,0.03551412267734808,0.0059431278114221225,0.0059431278114221225,7.947483032123726e-07,0.8772606615484876
addrinputlastsaleprice__ln,float64,0.0017121304202256712,-1.0,9999999.0,10000000.0,60288.40644341378,9960.80117622749,-1.0,-1.0,11478,0.009122121024271613,0.9235380604962409,0.9235380604962409,9.536979638548472e-06,0.0
addrinputtimelastsale__ln,float64,0.0017121304202256712,-1.0,960.0,961.0,30.96740371306984,6.480457933972311,-1.0,-1.0,339,0.00026941967478899434,0.9219016737399266,0.9219016737399266,7.152734728911354e-06,0.0
addrinputdelivery__ln,float64,0.0017121304202256712,-1.0,4.0,5.0,0.5059239805936373,-0.945786244496368,-1.0,-1.0,5,3.973741516061863e-06,0.9883370686503584,0.9883370686503584,0.009454325815014385,0.0
addrcurrenttaxyr__ln,float64,0.0017121304202256712,-1.0,2018.0,2019.0,669.3784824193401,253.39316039610256,-1.0,-1.0,22,1.7484462670672198e-05,0.8737947641981785,0.8737947641981785,6.357986425698981e-05,0.0
addrcurrenttaxmarketvalue__ln,float64,0.0017121304202256712,-1.0,9999999.0,10000000.0,47836.57125470749,12872.62240713366,0.0,0.0,39620,0.03148792777327421,0.004507812375820578,0.004507812375820578,7.947483032123726e-07,0.8893201723014321
addrcurrentavmvalue__ln,float64,0.0017121304202256712,-1.0,9999999.0,10000000.0,166100.9836602529,75090.11209447967,21189.5,-1.0,208760,0.1659116557786149,0.4708335320204091,0.4708335320204091,3.9737415160618634e-05,0.0
addrcurrentavmvalue12month__ln,float64,0.0017121304202256712,-1.0,9999999.0,10000000.0,135695.99207545287,66502.34693704004,12700.0,-1.0,193128,0.1534881503027991,0.4908858264587605,0.4908858264587605,2.2252952489946432e-05,0.0
phoneinputmobile__ln,float64,0.0017121304202256712,-1.0,1.0,2.0,0.6974429587764231,-0.6774355061751943,-1.0,-1.0,3,2.384244909637118e-06,0.8113903326816397,0.8113903326816397,0.1339548265064454,0.054654840811914865
phoneinputsubjectcount__ln,float64,0.0017121304202256712,-1.0,23.0,24.0,0.4380257345643138,-0.8014901530685232,-1.0,-1.0,15,1.1921224548185589e-05,0.8113903326816397,0.8113903326816397,7.947483032123726e-07,0.1829335749368175
phoneinputproblems__ln,float64,0.0017121304202256712,-1.0,6.0,7.0,0.5379811583982231,-0.7886255622844245,-1.0,-1.0,8,6.357986425698981e-06,0.8113903326816397,0.8113903326816397,0.0008456121946179645,0.18319822612178724
addrlastmoveecontrajectoryindex__ln,float64,0.0017121304202256712,-1.0,6.0,7.0,1.7282277332795433,3.01699410296759,2.0,2.0,8,6.357986425698981e-06,0.004507812375820578,0.004507812375820578,0.02958768458029342,0.02141051928854132
addrlastmoveecontrajectory__ln,float64,0.0017121304202256712,-1.0,12.0,13.0,3.6378796306367795,4.700867070398805,4.0,1.0,14,1.1126476244973216e-05,0.004507812375820578,0.004507812375820578,0.02958768458029342,0.02141051928854132
addrlastmovetaxratiodiff__ln,float64,0.0017121304202256712,-1.0,99.0,100.0,0.6129039031440133,-0.520384236962154,-1.0,-1.0,395,0.0003139255797688872,0.5238098644159395,0.5238098644159395,5.563238122486608e-06,0.4754232034714606
addrchangecount60month__ln,float64,0.0017121304202256712,-1.0,32.0,33.0,1.523864285993252,1.561862413173748,1.0,0.0,19,1.5100217761035081e-05,0.004507812375820578,0.004507812375820578,7.947483032123726e-07,0.285843148474878
addrchangecount24month__ln,float64,0.0017121304202256712,-1.0,9.0,10.0,0.8269845216053009,0.6084664536741214,0.0,0.0,11,8.742231335336099e-06,0.004507812375820578,0.004507812375820578,1.5894966064247453e-06,0.5548400171665634
addrchangecount12month__ln,float64,0.0017121304202256712,-1.0,7.0,8.0,0.552530284980718,0.2966326514392892,0.0,0.0,9,7.152734728911354e-06,0.004507812375820578,0.004507812375820578,1.5894966064247453e-06,0.733762497417068
addrchangecount06month__ln,float64,0.0017121304202256712,-1.0,6.0,7.0,0.4018891904665951,0.15541144119657305,0.0,0.0,8,6.357986425698981e-06,0.004507812375820578,0.004507812375820578,7.947483032123726e-07,0.8455796099375328
addrchangecount03month__ln,float64,0.0017121304202256712,-1.0,5.0,6.0,0.2843727445977105,0.0721734776596252,0.0,0.0,7,5.563238122486608e-06,0.004507812375820578,0.004507812375820578,7.947483032123726e-07,0.9211561998315133
addrstabilityindex__ln,float64,0.0017121304202256712,-1.0,6.0,7.0,1.9203317114014595,3.5356834040659324,3.0,6.0,8,6.357986425698981e-06,0.004507812375820578,0.004507812375820578,0.26393670624513216,0.0031360768044760225
addrpreviouscorrectional__ln,float64,0.0017121304202256712,-1.0,1.0,2.0,0.06713823819128616,-0.004487943668240268,0.0,0.0,3,2.384244909637118e-06,0.004507812375820578,0.004507812375820578,1.9868707580309317e-05,0.9954723189165992
addrpreviousdwelltypeindex__ln,float64,0.0017121304202256712,-1.0,3.0,4.0,1.0154940119490408,2.3295535104032554,3.0,3.0,5,3.973741516061863e-06,0.004507812375820578,0.004507812375820578,0.6824909001319283,0.03867881042073975
addrpreviousdwelltype__ln,object,0.0017121304202256712,,,,,,,S,8,6.357986425698981e-06,,,,
addrpreviousownershipindex__ln,float64,0.0017121304202256712,-1.0,5.0,6.0,2.4101437348325025,2.3256393750099345,1.0,0.0,7,5.563238122486608e-06,0.004507812375820578,0.004507812375820578,0.4372236262775579,0.47554797895506495
addrprevioussubjectowned__ln,float64,0.0017121304202256712,-1.0,3.0,4.0,1.0950325619021526,0.17467057682831846,1.0,1.0,4,3.1789932128494905e-06,0.4417314386533785,0.4417314386533785,0.027602403318868915,0.0
addrpreviouslengthofres__ln,float64,0.0017121304202256712,-1.0,854.0,855.0,65.4049243339908,54.674939996503106,32.0,1.0,627,0.0004983071861141576,0.038170171506683837,0.038170171506683837,7.947483032123726e-07,0.0
addrprevioustimenewest__ln,float64,0.0017121304202256712,-1.0,790.0,791.0,52.159384245374916,29.8978470268466,2.0,1.0,485,0.00038545292705800073,0.03711156676680495,0.03711156676680495,7.947483032123726e-07,0.0
addrprevioustimeoldest__ln,float64,0.0017121304202256712,-1.0,860.0,861.0,81.19460056022615,84.52067219811485,57.0,-1.0,663,0.000526918125029803,0.038170171506683837,0.038170171506683837,7.947483032123726e-07,0.0
addrcurrentcorrectional__ln,float64,0.0017121304202256712,-1.0,1.0,2.0,0.06707251481363191,-0.004496685899575604,0.0,0.0,3,2.384244909637118e-06,0.004507812375820578,0.004507812375820578,1.1126476244973216e-05,0.9954810611479344
addrcurrentblockratio__ln,float64,0.0017121304202256712,-1.0,99.0,100.0,0.9296056016484535,0.5458290734824285,0.39,0.0,1369,0.0010880104270977382,0.004507812375820578,0.004507812375820578,1.0331727941760845e-05,0.46690111741611434
addrcurrenttractratio__ln,float64,0.0017121304202256712,-1.0,99.0,100.0,0.9636812059906787,0.5494492950582553,0.4,0.0,1388,0.0011031106448587732,0.004507812375820578,0.004507812375820578,8.742231335336099e-06,0.46863684771033015
addrcurrentcountyratio__ln,float64,0.0017121304202256712,-1.0,99.0,100.0,0.7311729212202974,0.45623883776008173,0.2,0.0,1035,0.0008225644938248057,0.004507812375820578,0.004507812375820578,7.947483032123726e-07,0.46637896778090376
addrcurrentavmratio60monthprior__ln,float64,0.0017121304202256712,-1.0,99.0,100.0,1.6881082205948892,-0.005416122264078962,-1.0,-1.0,1680,0.001335177149396786,0.5538982404272567,0.5538982404272567,2.066345588352169e-05,0.0
addrcurrentavmvalue60month__ln,float64,0.0017121304202256712,-1.0,9999999.0,10000000.0,98110.5387744085,57053.493800168486,-1.0,-1.0,175266,0.1392923561108197,0.5538934719374374,0.5538934719374374,2.384244909637118e-06,0.0
addrcurrentavmratio12monthprior__ln,float64,0.0017121304202256712,-1.0,99.0,100.0,1.3780306914464315,0.09781110422329248,0.47,-1.0,1528,0.0012143754073085055,0.49088980020027656,0.49088980020027656,1.3510721154610335e-05,0.0
addrinputdwelltypeindex__ln,float64,0.0017121304202256712,-1.0,3.0,4.0,1.0596592348281162,2.344958116764421,3.0,3.0,5,3.973741516061863e-06,0.0059431278114221225,0.0059431278114221225,0.7085634129671133,0.06702271390650581
subjectnewestrecord12month__ln,float64,0.0017121304202256712,-1.0,1.0,2.0,0.15728312039862125,0.9840223801122184,1.0,1.0,3,2.384244909637118e-06,0.004507812375820578,0.004507812375820578,0.9885301924880391,0.006961995136140384
addrinputphonecount__ln,float64,0.0017121304202256712,-1.0,94.0,95.0,2.6745605813676514,0.8004259850905219,0.0,0.0,78,6.199036765056507e-05,0.0059431278114221225,0.0059431278114221225,1.5894966064247453e-06,0.6559931969545245
evictioncount__ln,float64,0.0017121304202256712,-1.0,86.0,87.0,0.9919457818371928,0.22238964919809895,0.0,0.0,58,4.609540158631761e-05,0.004507812375820578,0.004507812375820578,7.947483032123726e-07,0.8778901022046318
inquirytelcom12month__ln,float64,0.0017121304202256712,-1.0,1.0,2.0,0.27070165478165187,0.06902865862381384,0.0,0.0,3,2.384244909637118e-06,0.004507812375820578,0.004507812375820578,0.07353647099963441,0.921955716624545
lienjudgmenttaxcount__ln,float64,0.0017121304202256712,-1.0,99.0,100.0,0.7481803304006344,0.16212944860362724,0.0,0.0,55,4.3711156676680495e-05,0.004507812375820578,0.004507812375820578,7.947483032123726e-07,0.9013582248501899
inquirybanking12month__ln,float64,0.0017121304202256712,-1.0,1.0,2.0,0.36698810758563943,0.14738766232734093,0.0,0.0,3,2.384244909637118e-06,0.004507812375820578,0.004507812375820578,0.1518954747031615,0.8435967129210179
inquiryauto12month__ln,float64,0.0017121304202256712,-1.0,1.0,2.0,0.5076122265690272,0.5366831974313735,1.0,1.0,3,2.384244909637118e-06,0.004507812375820578,0.004507812375820578,0.541191009807194,0.45430117781698537
shorttermloanrequest24month__ln,float64,0.0017121304202256712,-1.0,1.0,2.0,0.09959537249167079,0.0009044235690556801,0.0,0.0,3,2.384244909637118e-06,0.004507812375820578,0.004507812375820578,0.005412235944876258,0.9900799516793032
shorttermloanrequest12month__ln,float64,0.0017121304202256712,-1.0,1.0,2.0,0.0796576147519403,-0.002663201564064661,0.0,0.0,3,2.384244909637118e-06,0.004507812375820578,0.004507812375820578,0.0018446108117559168,0.9936475768124235
shorttermloanrequest__ln,float64,0.0017121304202256712,-1.0,1.0,2.0,0.18205928581067163,0.024742104175607585,0.0,0.0,3,2.384244909637118e-06,0.004507812375820578,0.004507812375820578,0.029249916551428164,0.9662422710727513
bankruptcydismissed24month__ln,float64,0.0017121304202256712,-1.0,1.0,2.0,0.14315601516042342,0.011612862206539188,0.0,0.0,3,2.384244909637118e-06,0.004507812375820578,0.004507812375820578,0.016120674582359766,0.9793715130418197
criminalnonfelonycount__ln,float64,0.0017121304202256712,-1.0,25.0,26.0,0.367313295549229,0.050860712412379,0.0,0.0,20,1.5894966064247452e-05,0.004507812375820578,0.004507812375820578,7.947483032123726e-07,0.9605256465277446
criminalnonfelonycount12month__ln,float64,0.0017121304202256712,-1.0,10.0,11.0,0.12348561108774599,0.002218142514265732,0.0,0.0,11,8.742231335336099e-06,0.004507812375820578,0.004507812375820578,1.5894966064247453e-06,0.9901236628359799
bankruptcystatus__ln,float64,0.0017121304202256712,-1.0,2.0,3.0,0.5579720052313112,0.2500596061227409,0.0,0.0,4,3.1789932128494905e-06,0.03483063913658544,0.03483063913658544,0.027070716704019837,0.707349832308108
bankruptcychapter__ln,float64,0.0017121304202256712,-1.0,2.0,3.0,0.6095661352268299,0.3508241539904312,0.0,0.0,4,3.1789932128494905e-06,0.004579339723109691,0.004579339723109691,0.06733266574475863,0.707349832308108
criminalnonfelonytimenewest__ln,float64,0.0017121304202256712,-1.0,84.0,85.0,8.825560540923982,0.43955859679239584,-1.0,-1.0,85,6.755360577305167e-05,0.9654960024160348,0.9654960024160348,0.0003329995390459841,0.0
evictioncount12month__ln,float64,0.0017121304202256712,-1.0,15.0,16.0,0.21903981152007104,0.019968051118210862,0.0,0.0,15,1.1921224548185589e-05,0.004507812375820578,0.004507812375820578,7.947483032123726e-07,0.9765040611638294
criminalfelonycount__ln,float64,0.0017121304202256712,-1.0,19.0,20.0,0.2131634061270676,0.01180757554082622,0.0,0.0,17,1.3510721154610335e-05,0.004507812375820578,0.004507812375820578,7.947483032123726e-07,0.9848020281976698
evictiontimenewest__ln,float64,0.0017121304202256712,-1.0,84.0,85.0,15.273561051730736,3.712611066075374,-1.0,-1.0,85,6.755360577305167e-05,0.8823971198321492,0.8823971198321492,0.0008026957862444963,0.0
addrinputphoneservice__ln,float64,0.0017121304202256712,-1.0,1.0,2.0,0.3371987800614049,0.11505412235944876,0.0,0.0,3,2.384244909637118e-06,0.0059431278114221225,0.0059431278114221225,0.12099725017087089,0.873059622017707
lienjudgmentseverityindex__ln,float64,0.0017121304202256712,-1.0,6.0,7.0,2.351606392206004,1.6621930284678843,0.0,0.0,8,6.357986425698981e-06,0.004507812375820578,0.004507812375820578,0.11760208541954763,0.6418077344904869
lienjudgmentcount__ln,float64,0.0017121304202256712,-1.0,99.0,100.0,1.2061777219401184,0.5278281118369812,0.0,0.0,52,4.132691176704338e-05,0.004507812375820578,0.004507812375820578,7.947483032123726e-07,0.7099462750147029
lienjudgmentcount12month__ln,float64,0.0017121304202256712,-1.0,26.0,27.0,0.32483879825711026,0.06662454500659641,0.0,0.0,22,1.7484462670672198e-05,0.004507812375820578,0.004507812375820578,7.947483032123726e-07,0.9359099073323478
bankruptcytimenewest__ln,float64,0.0017121304202256712,-1.0,120.0,121.0,18.106066619640757,6.382157105844579,-1.0,-1.0,121,9.61645446886971e-05,0.7118576446839286,0.7118576446839286,4.132691176704338e-05,0.0
lienjudgmentsmallclaimscount__ln,float64,0.0017121304202256712,-1.0,20.0,21.0,0.5150581820664093,0.1287198194331855,0.0,0.0,20,1.5894966064247452e-05,0.004507812375820578,0.004507812375820578,7.947483032123726e-07,0.9038473765358511
lienjudgmentcourtcount__ln,float64,0.0017121304202256712,-1.0,42.0,43.0,0.6862192593170863,0.22184365711379206,0.0,0.0,28,2.2252952489946432e-05,0.004507812375820578,0.004507812375820578,7.947483032123726e-07,0.8471309586254033
bankruptcycount24month__ln,float64,0.0017121304202256712,-1.0,6.0,7.0,0.4204445496395857,0.1817255575159347,0.0,0.0,8,6.357986425698981e-06,0.004507812375820578,0.004507812375820578,7.947483032123726e-06,0.8176942762227203
bankruptcycount__ln,float64,0.0017121304202256712,-1.0,10.0,11.0,0.5966392334959413,0.33114857024780253,0.0,0.0,12,9.536979638548472e-06,0.004507812375820578,0.004507812375820578,4.768489819274236e-06,0.707349832308108
lienjudgmentdollartotal__ln,float64,0.0017121304202256712,-1.0,9999999.0,10000000.0,33283.90774384014,2512.9342099407118,0.0,0.0,35776,0.028432915295725843,0.004507812375820578,0.004507812375820578,2.384244909637118e-06,0.7106750592087486
lienjudgmenttimenewest__ln,float64,0.0017121304202256712,-1.0,84.0,85.0,21.369859691010454,9.76121469330663,-1.0,-1.0,85,6.755360577305167e-05,0.7144270659482141,0.7144270659482141,0.0017842099407117766,0.0
lienjudgmentothercount__ln,float64,0.0017121304202256712,-1.0,14.0,15.0,0.12082836277686364,0.0015585014225994627,0.0,0.0,13,1.0331727941760845e-05,0.004507812375820578,0.004507812375820578,7.947483032123726e-07,0.9906474019677968
criminalfelonycount12month__ln,float64,0.0017121304202256712,-1.0,10.0,11.0,0.08641034850094685,-0.0030748811851286696,0.0,0.0,12,9.536979638548472e-06,0.004507812375820578,0.004507812375820578,4.768489819274236e-06,0.9943739767615596
criminalfelonytimenewest__ln,float64,0.0017121304202256712,-1.0,84.0,85.0,5.269139060548836,-0.5119108928202438,-1.0,-1.0,85,6.755360577305167e-05,0.9893098405734904,0.9893098405734904,0.00011841749717864353,0.0
inquirynonshortterm12month__ln,float64,0.0017121304202256712,-1.0,1.0,2.0,0.4994127990583979,0.5979932605343887,1.0,1.0,3,2.384244909637118e-06,0.004507812375820578,0.004507812375820578,0.6025010729102094,0.3929911147139701
ssnproblems__ln,float64,0.0017121304202256712,-1.0,5.0,6.0,0.31794949263409783,0.026748048892915613,0.0,0.0,7,5.563238122486608e-06,0.004507812375820578,0.004507812375820578,0.0010609889847885176,0.9801861300526123
addrinputownershipindex__ln,float64,0.0017121304202256712,-1.0,4.0,5.0,1.4298298784808299,1.2898145057460302,1.0,0.0,6,4.768489819274236e-06,0.0068554988635099266,0.0068554988635099266,0.13671816635671483,0.4156772050291673
addrinputdeedmailing__ln,float64,0.0017121304202256712,-1.0,1.0,2.0,0.7133441634473155,-0.19303403112234355,0.0,0.0,3,2.384244909637118e-06,0.36957782970133357,0.36957782970133357,0.17654379857899002,0.4538783717196764
addrinputsubjectowned__ln,float64,0.0017121304202256712,-1.0,1.0,2.0,0.6545908496065783,-0.24877688236135617,0.0,0.0,3,2.384244909637118e-06,0.36957782970133357,0.36957782970133357,0.12080094733997743,0.509621222958689
addrinputmatchindex__ln,float64,0.0017121304202256712,-1.0,2.0,3.0,0.8021899362173842,1.44117273059622,2.0,2.0,4,3.1789932128494905e-06,0.0068554988635099266,0.0068554988635099266,0.6328016467184843,0.17791791839524423
addrinputsubjectcount__ln,float64,0.0017121304202256712,-1.0,239.0,240.0,2.0812942049054937,1.1575683880914913,1.0,-1.0,77,6.11956193473527e-05,0.28544339007836217,0.28544339007836217,7.947483032123726e-07,0.15332443215233735
addrinputlengthofres__ln,float64,0.0017121304202256712,-1.0,960.0,961.0,74.85756965097733,50.36470920159586,18.0,-1.0,684,0.0005436078393972628,0.2281015052532863,0.2281015052532863,7.947483032123726e-07,0.0
addrinputtimenewest__ln,float64,0.0017121304202256712,-1.0,683.0,684.0,11.59444773813416,1.9701834279083814,1.0,1.0,365,0.000290083130672516,0.22707230620062627,0.22707230620062627,1.5894966064247453e-06,0.0
addrinputtimeoldest__ln,float64,0.0017121304202256712,-1.0,960.0,961.0,75.91200867934637,52.52410868977795,20.0,-1.0,686,0.0005451973360036876,0.2281015052532863,0.2281015052532863,3.1789932128494905e-06,0.0
addronfilehighrisk__ln,float64,0.0017121304202256712,-1.0,1.0,2.0,0.06789235537875517,-0.004387010633732297,0.0,0.0,3,2.384244909637118e-06,0.004507812375820578,0.004507812375820578,0.00012080174208828065,0.9953713858820912
addronfilecollege__ln,float64,0.0017121304202256712,-1.0,1.0,2.0,0.145629915492869,0.012344825393797785,0.0,0.0,3,2.384244909637118e-06,0.004507812375820578,0.004507812375820578,0.016852637769618362,0.978639549854561
addronfilecorrectional__ln,float64,0.0017121304202256712,-1.0,1.0,2.0,0.07300965808229326,-0.0036717371608411616,0.0,0.0,3,2.384244909637118e-06,0.004507812375820578,0.004507812375820578,0.000836075214979416,0.9946561124092
addronfilecount__ln,float64,0.0017121304202256712,-1.0,53.0,54.0,3.827147655226738,6.5984637515298905,6.0,5.0,43,3.417417703813203e-05,0.004507812375820578,0.004507812375820578,7.947483032123726e-07,0.010059129273759
derogtimenewest__ln,float64,0.0017121304202256712,-1.0,120.0,121.0,23.14719957478728,14.497529922273616,1.0,-1.0,121,9.61645446886971e-05,0.4676640757871982,0.4676640757871982,2.1458204186734063e-05,0.0
assetpersonalcount__ln,float64,0.0017121304202256712,-1.0,19.0,20.0,0.23979014555906036,0.019833738654967972,0.0,0.0,19,1.5100217761035081e-05,0.004507812375820578,0.004507812375820578,1.5894966064247453e-06,0.9790329502646512
ssndatelowissued__ln,float64,0.0017121304202256712,-1.0,20110625.0,20110626.0,2216901.557023325,19571025.22684342,19830101.0,19870101.0,278,0.0002209400282930396,0.012642061259199212,0.012642061259199212,0.0026028006930205205,0.0
ssnsubjectcount__ln,float64,0.0017121304202256712,-1.0,153.0,154.0,0.3197043474279802,1.0024009346240046,1.0,1.0,23,1.827921097388457e-05,0.004507812375820578,0.004507812375820578,7.947483032123726e-07,0.02148045713922401
derogcount12month__ln,float64,0.0017121304202256712,-1.0,26.0,27.0,0.5684152177708178,0.24379301575191137,0.0,0.0,23,1.827921097388457e-05,0.004507812375820578,0.004507812375820578,7.947483032123726e-07,0.7931413221432773
derogcount__ln,float64,0.0017121304202256712,-1.0,99.0,100.0,1.8354269746834446,1.1621278591070208,1.0,0.0,65,5.1658639708804225e-05,0.004507812375820578,0.004507812375820578,7.947483032123726e-07,0.46287810150525327
inquiryshortterm12month__ln,float64,0.0017121304202256712,-1.0,1.0,2.0,0.36416937775945823,0.14447729404097723,0.0,0.0,3,2.384244909637118e-06,0.004507812375820578,0.004507812375820578,0.1489851064167978,0.8465070812073816
inquirycollections12month__ln,float64,0.0017121304202256712,-1.0,1.0,2.0,0.1715572783004945,0.02085101648307981,0.0,0.0,3,2.384244909637118e-06,0.004507812375820578,0.004507812375820578,0.025358828858900385,0.9701333587652791
derogseverityindex__ln,float64,0.0017121304202256712,-1.0,5.0,6.0,1.577232570997082,1.408236771414493,1.0,0.0,7,5.563238122486608e-06,0.004507812375820578,0.004507812375820578,0.010690159426509624,0.46287810150525327
lienjudgmentforeclosurecount__ln,float64,0.0017121304202256712,-1.0,2.0,3.0,0.06744752380973244,-0.004454564239505349,0.0,0.0,4,3.1789932128494905e-06,0.004507812375820578,0.004507812375820578,3.973741516061863e-06,0.9954429132293803
ssndeceased__ln,float64,0.0017121304202256712,-1.0,1.0,2.0,0.07454478643962506,-0.00344682339103206,0.0,0.0,3,2.384244909637118e-06,0.004507812375820578,0.004507812375820578,0.0010609889847885176,0.9944311986393909
strcity__app,object,0.0008758998998744861,,,,,,,HOUSTON,28825,0.022889446158781687,,,,
fltapprovedpayment__app,float64,0.000872726349512622,-201996.15,450475.0,652471.15,812.9009844497555,261.6853742343077,292.0,0.0,51787,0.041123052318794776,0.00469301637870657,1.5881612110682132e-06,7.940806055341066e-07,0.367907073511218
strzipcode__app,object,0.000871932961922156,,,,,,,87121,36057,0.028632141657514897,,,,
strname__app,object,0.00087113957433169,,,,,,,Texas,58,4.6056601975669406e-05,,,,
fltamountfinanced__app,float64,0.0006561315373153986,0.0,42276.28,42276.28,5640.460130149821,1883.8940558165305,0.0,0.0,95560,0.0758658961520049,0.0,0.8945284620166387,7.939084988698712e-07,0.8945284620166387
alertregulatorycondition__ln,float64,0.00020866093629256325,0.0,3.0,3.0,0.46354984423315654,1.287140074038511,1.0,1.0,4,3.174212696057231e-06,0.0,0.003590034559240728,0.0015037832647571132,0.003590034559240728
confirmationsubjectfound__ln,float64,0.00020866093629256325,0.0,1.0,1.0,0.059809272272416426,0.9964099654407593,1.0,1.0,2,1.5871063480286155e-06,0.0,0.003590034559240728,0.9964099654407593,0.003590034559240728
purchaseactivitydollartotal__ln,float64,0.00018803285894044674,-1.0,47384.0,47385.0,255.04782087288189,24.700073243446774,-1.0,-1.0,3571,0.002833719918011778,0.9128045891820302,0.9128045891820302,7.935368014594729e-07,0.0005205601417574142
purchaseactivitycount__ln,float64,0.00018803285894044674,-1.0,255.0,256.0,2.5714782884477696,-0.5745103282782394,-1.0,-1.0,142,0.00011268222580724515,0.9128045891820302,0.9128045891820302,3.967684007297365e-06,0.0
purchaseactivityindex__ln,float64,0.00018803285894044674,-1.0,3.0,4.0,0.4903772542308187,0.13201595643800373,0.0,0.0,5,3.967684007297365e-06,0.0011236481108666135,0.0011236481108666135,0.015873116639593836,0.9116809410711636
eadms1__tu,float64,0.0001229750765222331,1.0,4.0,3.0,0.6901638826614096,3.540917252986083,4.0,4.0,4,3.173940677461768e-06,0.0,0.005730549893157222,0.6491867173756589,0.0
intservicecontractmileageaddon__app,float64,1.348758903792234e-05,0.0,10000000.0,10000000.0,21475.942086949406,1105.5058755110476,0.0,0.0,175,0.00013884470101182083,0.0,0.9748794232946498,7.933982914961191e-07,0.9748794232946498
dealerzip__app,object,6.34710072372816e-06,,,,,,,85297,3088,0.002449996429733182,,,,
bitlhmgroup__app,object,6.34710072372816e-06,,,,,,,False,4,3.173570504835728e-06,,,,
dealercity__app,object,6.34710072372816e-06,,,,,,,HOUSTON,1367,0.00108456772002761,,,,
strdealershiptrackertype__app,object,6.34710072372816e-06,,,,,,,Franchise,4,3.173570504835728e-06,,,,
bigdealertypeid__app,float64,6.34710072372816e-06,1.0,5.0,4.0,0.42966914092892045,1.1050523242436985,1.0,1.0,3,2.380177878626796e-06,0.0,0.9175974484493141,0.007549924231004197,0.0
dealerstate__app,object,6.34710072372816e-06,,,,,,,Texas,48,3.8082846058028736e-05,,,,
fltinsuredunemploymentamount__app,float64,0.0,0.0,0.0,0.0,0.0,0.0,0.0,0.0,1,7.9338759046602e-07,0.0,1.0,1.0,1.0
fltinsuredunemploymentpremium__app,float64,0.0,0.0,0.0,0.0,0.0,0.0,0.0,0.0,1,7.9338759046602e-07,0.0,1.0,1.0,1.0
flttaxgrossreceipts__app,float64,0.0,0.0,4329.87,4329.87,335.3408213670188,104.53595362246413,0.0,0.0,59390,0.047119288997776926,0.0,0.9004124028695243,1.58677518093204e-06,0.9004124028695243
intterm__app,float64,0.0,0.0,75.0,75.0,21.35741295811142,7.305403445523628,0.0,0.0,38,3.014872843770876e-05,0.0,0.8946000453817702,3.9669379523301e-06,0.8946000453817702
bitrouteone__app,float64,0.0,0.0,1.0,1.0,0.4040690484908744,0.2055032536825085,0.0,0.0,2,1.58677518093204e-06,0.0,0.7944967463174915,0.2055032536825085,0.7944967463174915
bitservicecontract__app,float64,0.0,0.0,1.0,1.0,0.20382498877518512,0.043430830089700403,0.0,0.0,2,1.58677518093204e-06,0.0,0.9565691699102996,0.043430830089700403,0.9565691699102996
dtmstampcreation__app,object,0.0,,,,,,,2016-02-13,198835,0.15775322155031107,,,,
fltinsureddisabilitypremium__app,float64,0.0,0.0,0.0,0.0,0.0,0.0,0.0,0.0,1,7.9338759046602e-07,0.0,1.0,1.0,1.0
bitmaintenanceagreement__app,float64,0.0,0.0,1.0,1.0,0.08472232212470111,0.00723014111191684,0.0,0.0,2,1.58677518093204e-06,0.0,0.9927698588880831,0.00723014111191684,0.9927698588880831
linkf001__tu,object,0.0,,,,,,,CLEAR,2,1.58677518093204e-06,,,,
bigaccountid__app,float64,0.0,1337505.0,3389050.0,2051545.0,578241.9041233452,2322159.7901965855,2310663.0,1545261.0,1031407,0.8183055145197863,0.0,7.9338759046602e-07,7.9338759046602e-07,0.0
bigdebtorid__app,float64,0.0,1756432.0,4695454.0,2939022.0,738424.79549932,3013820.905726513,2998882.5,1930983.0,1260408,0.9999920661240953,0.0,7.9338759046602e-07,7.9338759046602e-07,0.0
bigaccountid__ln,float64,0.0,1337505.0,3389050.0,2051545.0,578241.9041233452,2322159.7901965855,2310663.0,1545261.0,1031407,0.8183055145197863,0.0,7.9338759046602e-07,7.9338759046602e-07,0.0
bigdebtorid__ln,float64,0.0,1756432.0,4695454.0,2939022.0,738424.79549932,3013820.905726513,2998882.5,1930983.0,1260408,0.9999920661240953,0.0,7.9338759046602e-07,7.9338759046602e-07,0.0
fltinsuredlifepremium__app,float64,0.0,0.0,0.0,0.0,0.0,0.0,0.0,0.0,1,7.9338759046602e-07,0.0,1.0,1.0,1.0
fltallowance__app,float64,0.0,-14100.0,19000.0,33100.0,331.99751013339386,0.2709900287047634,0.0,0.0,5616,0.004455664708057168,0.005099895431515577,7.9338759046602e-07,7.9338759046602e-07,0.9827993570386967
fltinsureddisabilityamount__app,float64,0.0,0.0,2252.22,2252.22,12.118804101534357,0.12128420888943188,0.0,0.0,117,9.282634808452433e-05,0.0,0.9998809918614301,7.9338759046602e-07,0.9998809918614301
fltdowncash__app,float64,0.0,-2850.35,34500.0,37350.35,380.0336165862098,71.12788987621569,0.0,0.0,2147,0.001703403156730545,2.38016277139806e-06,7.9338759046602e-07,7.9338759046602e-07,0.9359934561391539
bitfunded__app,float64,0.0,0.0,1.0,1.0,0.29849760955544075,0.09887751523700868,0.0,0.0,2,1.58677518093204e-06,0.0,0.9011224847629913,0.09887751523700868,0.9011224847629913
fltaddfee__app,float64,0.0,0.0,0.0,0.0,0.0,0.0,0.0,0.0,1,7.9338759046602e-07,0.0,1.0,1.0,1.0
bitdealerapplicantsamezip__app,float64,0.0,0.0,1.0,1.0,0.25527241570700493,0.07007437215273028,0.0,0.0,2,1.58677518093204e-06,0.0,0.9299256278472697,0.07007437215273028,0.9299256278472697
bitdealerapplicantsamecity__app,float64,0.0,0.0,1.0,1.0,0.4321877533618434,0.24857626596890872,0.0,0.0,2,1.58677518093204e-06,0.0,0.7514237340310913,0.24857626596890872,0.7514237340310913
bitdealerapplicantsamestate__app,float64,0.0,0.0,1.0,1.0,0.27107031871546894,0.9201439522444141,1.0,1.0,2,1.58677518093204e-06,0.0,0.07985604775558584,0.9201439522444141,0.07985604775558584
bitdebtor__app,float64,0.0,0.0,1.0,1.0,0.4034106223966422,0.7953980346202609,1.0,1.0,2,1.58677518093204e-06,0.0,0.2046019653797391,0.7953980346202609,0.2046019653797391
bigdealerid__app,float64,0.0,0.0,5267.0,5267.0,1184.0307132698244,2475.791241477034,2493.0,560.0,3784,0.0030021786423234196,0.0,6.34710072372816e-06,3.17355036186408e-06,6.34710072372816e-06
applicationdayofweek__app,float64,0.0,1.0,7.0,6.0,1.8555931512270392,4.606052119217593,5.0,7.0,7,5.55371313326214e-06,0.0,0.022257695462933724,0.22209378158674345,0.0
bitapproved__app,float64,0.0,0.0,1.0,1.0,0.4874107962666757,0.3885060352994007,0.0,0.0,2,1.58677518093204e-06,0.0,0.6114939647005994,0.3885060352994007,0.6114939647005994
applicationquarter__app,float64,0.0,1.0,4.0,3.0,1.123890532146864,2.4713571212089955,2.0,1.0,4,3.17355036186408e-06,0.0,0.26437102611990626,0.24260364418788052,0.0
applicationmonth__app,float64,0.0,1.0,12.0,11.0,3.4280737970298043,6.407498940827566,6.0,2.0,12,9.52065108559224e-06,0.0,0.08123416200022532,0.07406035140723156,0.0
bitdealertrack__app,float64,0.0,0.0,1.0,1.0,0.4140103153497044,0.7803490588043014,1.0,1.0,2,1.58677518093204e-06,0.0,0.21965094119569856,0.7803490588043014,0.21965094119569856
