accountid,request_datetime,bitdebtor,best_features,worst_features,list_pmt_hx_closed__tu_pmthx,list_pmt_hx_open__tu_pmthx,amtfinanced__app,bookvalue__app,flt_payment_open__tu_pmthx,ENG-bk,ENG-franchise,ENG-wtd_avg,fltgrossmonthly__income_sum,ENG-loan_to_value,miles_odometer__app,PD,LGD,ECNL,Tier,g106s__tu,has_inst_tag,au20s__tu,rtl_trd__tu,g002s__tu,rev322__tu,balmag01__tu,g232s__tu,inquirybanking12month__ln,linkt003__tu,all235__tu,cv15__tu,derogseverityindex__ln,g407s__tu,cv13__tu,phoneinputproblems__ln,at24s__tu,jt20s__tu,subjectabilityindex__ln,sourcenonderogcount12month__ln,in21s__tu,rp01s__tu,trv01__tu,bc97a__tu,s068b__tu,in34s__tu,linka053__tu,addrprevioustimenewest__ln,addronfilecount__ln,fi25s__tu,fi101s__tu,linka025__tu,fi36s__tu,linkf098__tu,linka006__tu,inquiryshortterm12month__ln,addrinputsubjectcount__ln,g251c__tu,g095s__tu,s209a__tu,inquirynonshortterm12month__ln,fltgrossmonthly__income_sum_binned,au20s__tu_binned,miles_odometer__app_binned,rtl_trd__tu_binned,ENG-loan_to_value_binned,g002s__tu_binned,rev322__tu_binned,balmag01__tu_binned,g232s__tu_binned,inquirybanking12month__ln_binned,linkt003__tu_binned,all235__tu_binned,ENG-wtd_avg_binned,cv15__tu_binned,derogseverityindex__ln_binned,g407s__tu_binned,cv13__tu_binned,phoneinputproblems__ln_binned,ENG-franchise_binned,at24s__tu_binned,jt20s__tu_binned,subjectabilityindex__ln_binned,sourcenonderogcount12month__ln_binned,in21s__tu_binned,ENG-bk_binned,rp01s__tu_binned,trv01__tu_binned,bc97a__tu_binned,s068b__tu_binned,in34s__tu_binned,linka053__tu_binned,addrprevioustimenewest__ln_binned,addronfilecount__ln_binned,fi25s__tu_binned,fi101s__tu_binned,linka025__tu_binned,fi36s__tu_binned,linkf098__tu_binned,linka006__tu_binned,inquiryshortterm12month__ln_binned,addrinputsubjectcount__ln_binned,g251c__tu_binned,g095s__tu_binned,s209a__tu_binned,inquirynonshortterm12month__ln_binned
8580318,2025-01-20 22:52:22+00:00,1,"['ENG-loan_to_value', 'fltgrossmonthly__income_sum', 'au20s__tu', 'rev322__tu', 'miles_odometer__app']","['inquiryshortterm12month__ln', 'inquirybanking12month__ln', 'g002s__tu', 'balmag01__tu', 'rtl_trd__tu']","[1, 1, 1, 1, 1, 1, 1, 1, 1, 1, 1, 1, 1, 1, 1, 1, 1]","[1, 1, 1, 1, 1, 1, 1, 0, 0, 1, 1, 1, 1, 1, 1, 1, 1, 1, 0, 0, 0, 0, 1, 1, 1, 0]",35000.0,86300.0,697.0,0,1,0.6438746438746439,7888.0,0.4055619930475087,32387.0,0.20469991878841495,0.01,0.004521739326068571,A1,259.0,0,123.0,0.0,10.0,22.0,348.0,14.0,1.0,0.0,0.0,2.0,3.0,1.0,41.0,0.0,8.0,66.0,1.0,1.0,5.0,0.0,1.0,0.0,4.0,105.0,838.0,1.0,8.0,1.0,42816.0,1.0,1.0,0.0,48.0,1.0,3.0,8.0,0.0,3.0,1.0,0.30369082926416546,0.4102418344400132,0.13699271006921837,-0.14209565667603957,1.888975756210269,-0.1660761708115241,0.17776804417874942,-0.11910610672405984,-0.12919791320011853,-0.20255280703278697,0.06891243213546375,-0.06930372276885687,0.010623758166246828,0.013471361800327993,0.05777595718110798,0.05491722037638777,0.10001349160327515,0.03224864732983013,0.0628878217725071,0.07473342567718344,-0.0019601420341259297,-0.0922532562049396,-0.03021581483703515,-0.09030720766073672,-0.07330452249189978,0.025382347770824376,-0.09270778723875307,-0.02712013013461787,-0.019851908976871703,-0.04136613683987285,-0.050269119640593704,-0.056514357135833804,0.029134920956684608,0.1897445569872553,-0.008677188536520008,-0.049256171180166765,-0.0684240555566314,-0.007887488201551105,-0.09651061942270173,-0.28347325196329687,0.07637038800224982,-0.015657428702411637,-0.10458946740048633,-0.018362687948835704,-0.14194679566893836
8526933,2024-12-28 23:35:59+00:00,0,"['ENG-loan_to_value', 'rtl_trd__tu', 'au20s__tu', 'rev322__tu', 'jt20s__tu']","['g002s__tu', 'balmag01__tu', 'g095s__tu', 'trv01__tu', 'ENG-bk']","[1, 1, 1, 1, 1, 1, 1, 1, 1, 1, 1]","[1, 1, 1, 1, 1, 1, 1, 1, 1, 1, 1, 1, 1, 1, 1, 1, 1, 1, 1, 1, 1, 1, 1, 1, 1, 1, 1, 1, 1, 1, 1, 1, 1, 1]",32138.0,41850.0,,0,1,1.0,5975.54,0.7679330943847072,41498.0,0.08345672969233593,0.19939686644815996,0.036759326299304944,A1,352.0,0,140.0,5.0,2.0,5352.0,314.0,4.0,0.0,0.0,294718.0,1.0,0.0,1.0,21.0,6.0,6.0,220.0,9.0,2.0,35.0,0.0,1.0,10197.0,18.0,160.0,333.0,6.0,5.0,0.0,291954.0,0.0,999.0,0.0,1.0,0.0,3.0,1.0,0.0,0.0,0.0,0.13197734800913727,0.5381266846763259,0.037311957071715245,0.4863873741462653,1.0206244866252332,-0.1660761708115241,0.3264994580051225,-0.11910610672405984,0.2051052489933988,0.16894243532599906,0.06891243213546375,0.1885423072401762,0.21762167078723413,0.16826983464198522,0.05777595718110798,0.05491722037638777,0.10874047098924666,-0.0396387847465165,0.0628878217725071,0.07473342567718344,0.5094610820757571,0.29414262121614615,0.12508668317741883,0.04990870277300484,-0.07330452249189978,0.025382347770824376,-0.09270778723875307,0.09990807864792559,-0.019851908976871703,-0.04136613683987285,-0.050269119640593704,-0.056514357135833804,0.05009377283014747,-0.03943841709490631,-0.008677188536520008,0.015520686370377988,0.1773409988380098,-0.007887488201551105,0.22656232222654338,0.07859412786274209,0.07637038800224982,-0.0016142148168469777,-0.10458946740048633,-0.018362687948835704,0.25986861206479284
8546601,2025-01-08 04:20:56+00:00,1,"['ENG-loan_to_value', 'au20s__tu', 'g232s__tu', 'trv01__tu', 'ENG-bk']","['balmag01__tu', 'ENG-wtd_avg', 'ENG-franchise', 'rev322__tu', 'linka006__tu']","[1, 1, 1, 1, 1, 1, 1, 1, 1, 1, 1, 1, 0]","[1, 1, 1, 1, 1, 1, 1, 1, 1, 1, 1, 1, 1, 1, 1, 0, 0, 0, 0, 0, 0, 0, 0, 0, 0, 0, 0, 0, 0, 0, 0, 0, 0, 0, 0, 0]",31835.75,38025.0,,1,0,0.18018018018018017,4700.0,0.837232084155161,69395.0,0.1290857072410619,0.1617987878136479,0.04613614186463955,A1,316.0,0,144.0,4.0,0.0,0.0,600.0,2.0,0.0,0.0,0.0,1.0,1.0,0.0,20.0,0.0,0.0,1.0,2.0,2.0,39.0,0.0,999.0,0.0,18.0,536.0,0.0,107.0,6.0,0.0,291954.0,9.0,27.0,0.0,162.0,0.0,2.0,3.0,24.0,0.0,0.0,0.05862755356495931,0.5381266846763259,-0.04132723560415334,0.2004005232174445,0.7217349611530631,0.09154098990252699,-0.07034504579162959,-0.11910610672405984,0.3569695839089846,0.16894243532599906,0.06891243213546375,-0.06930372276885687,-0.15001322365700048,0.16826983464198522,0.05777595718110798,0.13159391579138138,0.10874047098924666,0.03224864732983013,-0.11793592802472794,-0.019784226182213507,-0.10968019034324779,-0.03087346191658939,0.12508668317741883,0.04990870277300484,0.3644461705690194,0.025382347770824376,0.33183641136280506,-0.02712013013461787,-0.019851908976871703,-0.04136613683987285,-0.050269119640593704,0.3914185213487937,0.05009377283014747,-0.03943841709490631,-0.008677188536520008,-0.049256171180166765,0.10596202742217121,-0.007887488201551105,-0.09651061942270173,0.07859412786274209,0.0794212202023958,-0.015657428702411637,0.25194094475317025,-0.018362687948835704,0.25986861206479284
8551839,2025-01-09 05:00:55+00:00,1,"['ENG-loan_to_value', 'au20s__tu', 'miles_odometer__app', 'g095s__tu', 'ENG-wtd_avg']","['linkt003__tu', 'inquirybanking12month__ln', 'g232s__tu', 'balmag01__tu', 'in21s__tu']","[1, 1, 1, 1, 1, 1, 1, 1, 1, 1, 1, 1, 1, 1, 1, 1, 1, 1, 1, 1, 1, 1, 1, 1, 1, 1, 1, 1, 1]",,26442.33,34249.0,,0,1,1.0,5708.4,0.772061374054717,24.0,0.16952656903065066,0.19939686644815996,0.07466962209485672,A1,379.0,0,140.0,1.0,0.0,132.0,315.0,17.0,1.0,1.0,1449.0,2.0,1.0,3.0,22.0,0.0,2.0,121.0,7.0,2.0,2.0,0.0,1.0,2157.0,18.0,96.0,382.0,5.0,7.0,0.0,4789.0,0.0,76.0,4.0,25.0,0.0,3.0,3.0,17.0,0.0,1.0,0.13197734800913727,0.5381266846763259,0.34054786660712466,-0.007719313883108272,1.0206244866252332,0.09154098990252699,0.17776804417874942,-0.11910610672405984,-0.15507978464835534,-0.20255280703278697,-0.1824628326067655,0.15358010403820122,0.21762167078723413,0.013471361800327993,0.05777595718110798,-0.12496553540883204,0.10874047098924666,0.03224864732983013,0.0628878217725071,-0.0025250221890105603,0.38284509462663713,0.29414262121614615,0.12508668317741883,-0.09030720766073672,-0.07330452249189978,0.025382347770824376,-0.09270778723875307,0.09990807864792559,-0.019851908976871703,-0.04136613683987285,-0.050269119640593704,-0.056514357135833804,0.029134920956684608,-0.03943841709490631,-0.008677188536520008,0.015520686370377988,0.1773409988380098,0.12919669236557793,-0.09651061942270173,0.07859412786274209,0.07637038800224982,-0.015657428702411637,0.25194094475317025,-0.018362687948835704,-0.14194679566893836
8500989,2024-12-16 23:55:47+00:00,1,"['ENG-loan_to_value', 'trv01__tu', 'ENG-bk', 'g232s__tu', 'g095s__tu']","['in21s__tu', 'rev322__tu', 'fi36s__tu', 'jt20s__tu', 'all235__tu']","[1, 1, 1, 1, 1, 1, 1, 1, 1, 1, 1, 1, 1, 1, 1, 1, 1, 1, 1, 1, 1, 1, 1, 1, 1, 1, 1, 1, 1, 1, 1, 1, 1, 1]",,13330.0,13400.0,,1,1,1.0,4359.0,0.994776119402985,38082.0,0.1985608945045089,0.17289834384226316,0.07583547399998197,A1,209.0,0,79.0,3.0,0.0,0.0,255.0,3.0,0.0,0.0,0.0,1.0,1.0,1.0,30.0,0.0,1.0,1.0,2.0,1.0,16.0,0.0,999.0,0.0,18.0,536.0,99999.0,1.0,3.0,0.0,291954.0,0.0,1.0,0.0,6.0,0.0,83.0,7.0,2.0,0.0,0.0,0.05862755356495931,0.020443712167482336,0.037311957071715245,0.2004005232174445,0.29484426505884404,0.09154098990252699,-0.07034504579162959,-0.0195542954136434,0.29009271071754617,0.16894243532599906,0.06891243213546375,-0.06930372276885687,0.21762167078723413,0.16826983464198522,0.05777595718110798,0.05491722037638777,0.10874047098924666,0.03224864732983013,0.0628878217725071,-0.019784226182213507,-0.10968019034324779,-0.03087346191658939,-0.03021581483703515,-0.09030720766073672,0.3644461705690194,0.025382347770824376,0.33183641136280506,-0.02712013013461787,-0.019851908976871703,-0.04136613683987285,0.06506737371538793,-0.056514357135833804,0.05009377283014747,-0.03943841709490631,-0.008677188536520008,0.015520686370377988,-0.0684240555566314,-0.007887488201551105,-0.017088484297844653,0.07859412786274209,-0.08150226837530647,-0.015657428702411637,0.25194094475317025,-0.018362687948835704,0.25986861206479284
8475107,2024-12-10 04:20:18+00:00,1,"['ENG-loan_to_value', 'fltgrossmonthly__income_sum', 'balmag01__tu', 'inquirybanking12month__ln', 'fi36s__tu']","['linkt003__tu', 'ENG-wtd_avg', 'au20s__tu', 'rtl_trd__tu', 'g232s__tu']",,,35000.0,55625.0,,0,1,0.0,10000.0,0.6292134831460674,76075.0,0.1788179546039243,0.19939686644815996,0.07876210301664373,A,429.0,0,9.0,0.0,0.0,0.0,184.0,13.0,0.0,2.0,435.0,2.0,0.0,1.0,0.0,0.0,1.0,1.0,2.0,1.0,9.0,0.0,1.0,0.0,1.0,97.0,99999.0,38.0,3.0,0.0,47513.0,0.0,999.0,0.0,4.0,0.0,83.0,1.0,0.0,20.0,1.0,0.30369082926416546,-0.18827349289073714,-0.04132723560415334,-0.14209565667603957,1.888975756210269,0.09154098990252699,-0.07034504579162959,0.17363223309014522,-0.12919791320011853,0.16894243532599906,-0.2536446870910988,0.10777261724792812,-0.15001322365700048,0.013471361800327993,0.05777595718110798,0.05491722037638777,0.10874047098924666,0.03224864732983013,0.0628878217725071,-0.019784226182213507,-0.10968019034324779,-0.03087346191658939,-0.03021581483703515,-0.09030720766073672,-0.07330452249189978,0.025382347770824376,-0.09270778723875307,-0.02712013013461787,-0.019851908976871703,-0.04136613683987285,0.06506737371538793,0.041061794483372764,0.05009377283014747,-0.03943841709490631,-0.008677188536520008,0.015520686370377988,0.1773409988380098,-0.007887488201551105,0.0509809958782628,0.07859412786274209,-0.08150226837530647,-0.0016142148168469777,-0.10458946740048633,0.002489027625756258,-0.14194679566893836
8436851,2024-12-02 08:33:35+00:00,1,"['ENG-loan_to_value', 'miles_odometer__app', 'g232s__tu', 'ENG-wtd_avg', 'au20s__tu']","['rtl_trd__tu', 'g095s__tu', 'fltgrossmonthly__income_sum', 'trv01__tu', 'balmag01__tu']","[1, 1, 1, 1, 1, 1, 1, 1, 1, 1, 1, 1, 1, 1, 1, 1, 1, 1, 1, 1, 1, 1, 1, 1, 1, 1, 1, 1, 1, 1, 1, 1, 1, 1, 1, 1, 1, 1, 1, 1, 1, 1, 1, 1]",,19269.69,27282.0,,0,1,1.0,3500.0,0.7063151528480316,5.0,0.20666023064089126,0.19939686644815996,0.09102550362593187,A,100.0,0,93.0,0.0,0.0,0.0,301.0,4.0,0.0,0.0,0.0,1.0,0.0,0.0,50.0,6.0,0.0,1.0,1.0,1.0,28.0,0.0,1.0,0.0,1.0,536.0,0.0,1.0,1.0,0.0,291954.0,9.0,999.0,0.0,162.0,0.0,5.0,3.0,0.0,17.0,0.0,-0.09681697912336358,0.2177365717902033,0.34054786660712466,-0.14209565667603957,1.0206244866252332,0.09154098990252699,-0.07034504579162959,-0.06943203585757203,0.2051052489933988,0.16894243532599906,0.06891243213546375,-0.06930372276885687,0.21762167078723413,0.16826983464198522,0.05777595718110798,0.13159391579138138,-0.01837301611295693,-0.0396387847465165,0.0628878217725071,-0.019784226182213507,-0.10968019034324779,-0.0922532562049396,-0.03021581483703515,0.04990870277300484,-0.07330452249189978,0.025382347770824376,-0.09270778723875307,-0.02712013013461787,-0.019851908976871703,-0.04136613683987285,-0.050269119640593704,-0.056514357135833804,0.05009377283014747,-0.03943841709490631,-0.008677188536520008,-0.049256171180166765,0.1773409988380098,-0.007887488201551105,-0.09651061942270173,0.07859412786274209,-0.04071155733815719,-0.015657428702411637,-0.10458946740048633,0.002489027625756258,0.25986861206479284
8558559,2025-01-12 00:15:29+00:00,1,"['ENG-loan_to_value', 'cv15__tu', 'in21s__tu', 'inquirybanking12month__ln', 'miles_odometer__app']","['g002s__tu', 'balmag01__tu', 'ENG-wtd_avg', 'ENG-franchise', 'au20s__tu']",,,8150.0,13000.0,,0,0,0.0,2500.0,0.6269230769230769,32658.0,0.21059258027940794,0.19939686644815996,0.09275754517630264,A,65.0,0,1.0,0.0,33.0,0.0,600.0,7.0,0.0,0.0,0.0,1.0,0.0,0.0,100.0,6.0,0.0,1.0,3.0,1.0,46.0,0.0,1.0,0.0,2.0,536.0,99999.0,1.0,1.0,0.0,291954.0,1.0,0.0,0.0,2.0,0.0,1.0,1.0,0.0,17.0,0.0,-0.1091665809718578,-0.18827349289073714,0.13699271006921837,-0.14209565667603957,1.888975756210269,-0.1660761708115241,-0.07034504579162959,-0.11910610672405984,0.043484354902003225,0.16894243532599906,0.06891243213546375,-0.06930372276885687,-0.15001322365700048,0.16826983464198522,0.05777595718110798,0.13159391579138138,-0.15797629343215172,-0.0396387847465165,-0.11793592802472794,-0.019784226182213507,-0.10968019034324779,0.17204724541497285,-0.03021581483703515,0.10689258131274595,-0.07330452249189978,0.025382347770824376,-0.09270778723875307,-0.02712013013461787,-0.019851908976871703,-0.04136613683987285,0.06506737371538793,-0.056514357135833804,0.05009377283014747,-0.03943841709490631,-0.008677188536520008,-0.049256171180166765,-0.09643796186055453,-0.007887488201551105,0.1805634719208487,0.07859412786274209,0.0794212202023958,-0.0016142148168469777,-0.10458946740048633,0.002489027625756258,0.25986861206479284
8435593,2024-12-01 04:03:19+00:00,1,"['ENG-loan_to_value', 'au20s__tu', 'miles_odometer__app', 'trv01__tu', 'g095s__tu']","['cv15__tu', 'inquirybanking12month__ln', 'g232s__tu', 'in21s__tu', 'rev322__tu']","[1, 1, 1, 1, 1, 1, 1]",,33243.0,37539.0,,0,1,1.0,3789.0,0.8855590186206346,5.0,0.16652944595256047,0.27775640912627786,0.10217460743091518,A,406.0,0,152.0,2.0,0.0,0.0,156.0,19.0,1.0,0.0,53151.0,6.0,0.0,0.0,40.0,0.0,0.0,152.0,2.0,1.0,13.0,0.0,999.0,0.0,18.0,536.0,99999.0,1.0,1.0,0.0,0.0,4.0,999.0,0.0,11.0,0.0,2.0,4.0,4.0,0.0,1.0,-0.027970179858952268,0.5381266846763259,0.34054786660712466,0.10794025034518957,0.7217349611530631,0.09154098990252699,-0.07034504579162959,0.17363223309014522,-0.15507978464835534,-0.20255280703278697,0.06891243213546375,0.1885423072401762,0.21762167078723413,-0.3446164652968252,0.05777595718110798,0.13159391579138138,0.10001349160327515,0.03224864732983013,0.0628878217725071,-0.019784226182213507,0.5094610820757571,-0.03087346191658939,-0.03021581483703515,-0.09030720766073672,-0.07330452249189978,0.025382347770824376,0.33183641136280506,-0.02712013013461787,-0.019851908976871703,-0.04136613683987285,0.06506737371538793,-0.056514357135833804,0.05009377283014747,-0.03943841709490631,0.1480974085261193,-0.049256171180166765,0.1773409988380098,-0.007887488201551105,-0.09651061942270173,0.07859412786274209,0.0794212202023958,-0.015657428702411637,0.25194094475317025,-0.018362687948835704,-0.14194679566893836
8465464,2024-12-06 01:28:01+00:00,1,"['rtl_trd__tu', 'au20s__tu', 'trv01__tu', 'ENG-bk', 'g095s__tu']","['g232s__tu', 'balmag01__tu', 'g407s__tu', 'cv13__tu', 'rev322__tu']","[1, 1, 1, 1, 1, 1]","[1, 1, 0, 0, 0, 0, 0, 0, 0, 0, 0, 0, 0, 0, 0, 1, 1, 1, 1, 1, 1, 1, 1, 1, 1, 1, 1, 1, 1, 1, 1, 1, 1, 1, 1, 1, 1, 1, 0]",26786.0,24375.0,,1,1,0.8,5370.0,1.0989128205128205,77495.0,0.20684529913636476,0.2596410016840132,0.11863334692019531,A,347.0,0,148.0,7.0,0.0,0.0,600.0,22.0,0.0,0.0,0.0,1.0,1.0,7.0,83.0,0.0,0.0,91.0,4.0,1.0,42.0,0.0,999.0,0.0,18.0,536.0,48.0,1.0,7.0,0.0,291954.0,1.0,21.0,4.0,4.0,0.0,4.0,28.0,4.0,0.0,1.0,0.13197734800913727,0.5381266846763259,-0.04132723560415334,0.4863873741462653,0.12681166561429538,0.09154098990252699,-0.07034504579162959,-0.11910610672405984,-0.1780787762041326,0.16894243532599906,0.06891243213546375,-0.06930372276885687,0.14032874394710926,0.16826983464198522,0.05777595718110798,-0.1698800097696574,-0.15797629343215172,0.03224864732983013,0.0628878217725071,-0.019784226182213507,0.28386568390968,0.2460720631549191,-0.03021581483703515,0.10689258131274595,0.3644461705690194,0.025382347770824376,0.33183641136280506,-0.02712013013461787,-0.019851908976871703,-0.04136613683987285,-0.050269119640593704,-0.056514357135833804,0.029134920956684608,-0.03943841709490631,-0.008677188536520008,-0.049256171180166765,0.10596202742217121,0.12919669236557793,0.0509809958782628,0.07859412786274209,-0.025593941117068985,-0.015657428702411637,0.25194094475317025,-0.018362687948835704,-0.14194679566893836
8512028,2024-12-21 01:33:10+00:00,0,"['ENG-loan_to_value', 'g232s__tu', 'au20s__tu', 'g095s__tu', 'in21s__tu']","['linkt003__tu', 'balmag01__tu', 'trv01__tu', 'rev322__tu', 'ENG-bk']","[1, 1, 1, 1, 1, 1, 1, 1, 1, 1, 1, 1, 1, 1, 1, 1, 1, 1, 1, 1, 1, 1, 1, 1, 1, 1, 1, 1, 1, 1, 1, 1, 1, 1, 1]",,20146.0,20250.0,,0,1,1.0,5000.0,0.9948641975308642,47209.0,0.20633464095134232,0.27775640912627786,0.12659719617759338,A,316.0,0,123.0,2.0,0.0,0.0,373.0,1.0,0.0,1.0,0.0,1.0,1.0,0.0,50.0,6.0,2.0,87.0,8.0,1.0,55.0,0.0,1.0,0.0,1.0,100.0,997.0,88.0,11.0,0.0,291954.0,0.0,71.0,0.0,4.0,0.0,3.0,3.0,60.0,6.0,0.0,0.05862755356495931,0.4102418344400132,0.037311957071715245,0.10794025034518957,0.29484426505884404,0.09154098990252699,-0.07034504579162959,-0.11910610672405984,0.3569695839089846,0.16894243532599906,-0.1824628326067655,-0.06930372276885687,0.21762167078723413,0.16826983464198522,0.05777595718110798,0.13159391579138138,-0.01837301611295693,-0.0396387847465165,0.0628878217725071,-0.0025250221890105603,0.28386568390968,0.29414262121614615,-0.03021581483703515,0.15342943182276647,-0.07330452249189978,0.025382347770824376,-0.09270778723875307,-0.02712013013461787,-0.019851908976871703,-0.04136613683987285,-0.050269119640593704,0.1373276043208283,0.0033944331617501993,-0.03943841709490631,-0.008677188536520008,0.015520686370377988,0.1773409988380098,-0.007887488201551105,0.0509809958782628,0.07859412786274209,0.07637038800224982,-0.015657428702411637,0.25194094475317025,-0.018362687948835704,0.25986861206479284
8480618,2024-12-12 05:51:55+00:00,1,"['ENG-loan_to_value', 'miles_odometer__app', 'balmag01__tu', 'rtl_trd__tu', 'cv15__tu']","['g232s__tu', 'inquirybanking12month__ln', 'ENG-wtd_avg', 'au20s__tu', 'g407s__tu']",,,16284.0,20414.0,,0,1,0.0,6350.0,0.7976878612716763,10.0,0.2902563655258014,0.19939686644815996,0.12784623229483053,A,435.0,0,1.0,4.0,0.0,0.0,144.0,21.0,1.0,0.0,3611.0,1.0,0.0,7.0,15.0,0.0,1.0,1.0,4.0,1.0,5.0,0.0,1.0,0.0,3.0,79.0,99999.0,20.0,9.0,0.0,1750.0,0.0,52.0,0.0,5.0,0.0,1.0,2.0,0.0,18.0,1.0,0.13197734800913727,-0.18827349289073714,0.34054786660712466,0.2004005232174445,0.7217349611530631,0.09154098990252699,-0.07034504579162959,0.17363223309014522,-0.1780787762041326,-0.20255280703278697,0.06891243213546375,0.15358010403820122,-0.15001322365700048,0.16826983464198522,0.05777595718110798,-0.1698800097696574,0.10874047098924666,0.03224864732983013,0.0628878217725071,-0.019784226182213507,-0.10968019034324779,0.2460720631549191,-0.03021581483703515,-0.09030720766073672,-0.07330452249189978,0.025382347770824376,-0.09270778723875307,-0.02712013013461787,-0.019851908976871703,0.16574715799894735,0.06506737371538793,-0.056514357135833804,0.0033944331617501993,-0.03943841709490631,-0.008677188536520008,0.015520686370377988,0.10596202742217121,-0.007887488201551105,-0.017088484297844653,0.07859412786274209,0.0794212202023958,-0.015657428702411637,-0.10458946740048633,0.002489027625756258,-0.14194679566893836
8528784,2024-12-29 05:11:57+00:00,0,"['balmag01__tu', 'ENG-loan_to_value', 'fltgrossmonthly__income_sum', 'miles_odometer__app', 'g251c__tu']","['cv15__tu', 'au20s__tu', 'rtl_trd__tu', 'in21s__tu', 'g095s__tu']","[1, 1, 1, 1, 1, 1, 1, 1, 1, 1, 1, 1, 1, 1, 1, 1, 1, 1, 1, 1, 1, 1, 1, 1, 1, 1, 1, 1, 1, 1]","[1, 1, 1, 1, 1, 1, 1, 1, 1, 1, 1, 1, 1]",29540.0,29644.0,625.0,0,1,1.0,7670.0,0.9964917015247605,5.0,0.20906605861656993,0.27775640912627786,0.12827306512724448,A,286.0,0,31.0,0.0,0.0,0.0,88.0,8.0,0.0,0.0,4000.0,4.0,3.0,1.0,0.0,6.0,1.0,13.0,2.0,1.0,1.0,0.0,1.0,0.0,2.0,96.0,1027.0,1.0,9.0,1.0,21326.0,0.0,999.0,0.0,3.0,0.0,4.0,0.0,0.0,53.0,0.0,0.30369082926416546,-0.18827349289073714,0.34054786660712466,-0.14209565667603957,0.29484426505884404,0.09154098990252699,-0.07034504579162959,0.4398748289474107,0.043484354902003225,0.16894243532599906,0.06891243213546375,0.15358010403820122,0.21762167078723413,-0.20621158598810324,0.05777595718110798,0.05491722037638777,0.10874047098924666,-0.0396387847465165,0.0628878217725071,-0.019784226182213507,-0.10968019034324779,-0.03087346191658939,-0.03021581483703515,-0.09030720766073672,-0.07330452249189978,0.025382347770824376,-0.09270778723875307,-0.02712013013461787,-0.019851908976871703,-0.04136613683987285,-0.050269119640593704,-0.056514357135833804,0.0033944331617501993,0.1897445569872553,-0.008677188536520008,0.015520686370377988,0.1773409988380098,-0.007887488201551105,0.08445375502265723,0.07859412786274209,-0.025593941117068985,0.08850290045664871,-0.10458946740048633,0.12016521996775872,0.25986861206479284
8475559,2024-12-10 05:59:52+00:00,1,"['ENG-loan_to_value', 'miles_odometer__app', 'fltgrossmonthly__income_sum', 'g407s__tu', 'inquiryshortterm12month__ln']","['linkt003__tu', 'inquirybanking12month__ln', 'g232s__tu', 'g002s__tu', 'ENG-wtd_avg']","[1, 1, 0, 0, 0]",,41265.0,64889.0,,0,1,0.2,6600.0,0.6359321302532016,69.0,0.29390579057783345,0.19939686644815996,0.12945365696611888,A,9.0,0,7.0,0.0,1.0,0.0,291.0,20.0,1.0,2.0,0.0,3.0,0.0,0.0,50.0,0.0,0.0,7.0,3.0,1.0,7.0,0.0,1.0,0.0,18.0,536.0,99999.0,1.0,1.0,0.0,20379.0,0.0,2.0,0.0,5.0,0.0,4.0,1.0,0.0,0.0,1.0,0.13197734800913727,-0.18827349289073714,0.34054786660712466,-0.14209565667603957,1.888975756210269,-0.1660761708115241,-0.07034504579162959,-0.06943203585757203,-0.15507978464835534,-0.20255280703278697,-0.2536446870910988,-0.06930372276885687,-0.15001322365700048,-0.12259399033321434,0.05777595718110798,0.13159391579138138,-0.01837301611295693,0.03224864732983013,0.0628878217725071,-0.019784226182213507,-0.10968019034324779,0.17204724541497285,-0.03021581483703515,-0.09030720766073672,-0.07330452249189978,0.025382347770824376,-0.09270778723875307,-0.02712013013461787,-0.019851908976871703,-0.04136613683987285,0.06506737371538793,-0.056514357135833804,0.05009377283014747,-0.03943841709490631,-0.008677188536520008,0.015520686370377988,-0.0684240555566314,-0.007887488201551105,-0.017088484297844653,0.07859412786274209,-0.025593941117068985,-0.0016142148168469777,-0.10458946740048633,-0.018362687948835704,-0.14194679566893836
8531226,2024-12-31 02:29:27+00:00,1,"['ENG-loan_to_value', 'miles_odometer__app', 'inquirybanking12month__ln', 'inquirynonshortterm12month__ln', 'g407s__tu']","['inquiryshortterm12month__ln', 'g002s__tu', 'ENG-wtd_avg', 'ENG-franchise', 'au20s__tu']",,,15503.15,24498.0,,0,0,0.0,4120.0,0.6328332925136746,15.0,0.2955602958770222,0.19939686644815996,0.13018239987733787,A,270.0,0,1.0,0.0,1.0,0.0,272.0,13.0,0.0,0.0,0.0,3.0,3.0,0.0,57.0,0.0,0.0,1.0,1.0,1.0,0.0,0.0,1.0,0.0,2.0,536.0,199.0,1.0,1.0,0.0,291954.0,0.0,0.0,0.0,13.0,1.0,3.0,3.0,0.0,20.0,0.0,0.040308154710334734,-0.18827349289073714,0.34054786660712466,-0.14209565667603957,1.888975756210269,-0.1660761708115241,-0.07034504579162959,-0.06943203585757203,-0.12919791320011853,0.16894243532599906,0.06891243213546375,-0.06930372276885687,-0.15001322365700048,-0.12259399033321434,0.05777595718110798,0.13159391579138138,-0.01837301611295693,0.03224864732983013,-0.11793592802472794,-0.019784226182213507,-0.10968019034324779,-0.0922532562049396,-0.03021581483703515,-0.09030720766073672,-0.07330452249189978,0.025382347770824376,-0.09270778723875307,-0.02712013013461787,-0.019851908976871703,-0.04136613683987285,-0.050269119640593704,-0.056514357135833804,0.05009377283014747,-0.03943841709490631,-0.008677188536520008,0.015520686370377988,-0.09643796186055453,-0.007887488201551105,-0.09651061942270173,-0.28347325196329687,0.07637038800224982,-0.015657428702411637,-0.10458946740048633,0.002489027625756258,0.25986861206479284
8560663,2025-01-12 07:27:09+00:00,1,"['balmag01__tu', 'rtl_trd__tu', 'fltgrossmonthly__income_sum', 'rev322__tu', 'au20s__tu']","['g002s__tu', 'miles_odometer__app', 'g095s__tu', 'trv01__tu', 'ENG-loan_to_value']","[1, 1, 1, 1, 1, 1, 1, 1, 1, 1, 1, 1, 1, 1, 1, 1, 1, 1, 1, 1, 1, 1, 1, 1, 1, 1, 1, 1]","[1, 1, 1, 1, 1, 1, 1, 1, 1, 1, 1, 1, 1, 1, 1, 1, 1, 1, 1, 1, 1, 1, 1, 1, 1, 1, 1, 1, 1, 1, 1, 1, 1, 1, 1, 1, 1, 1, 1, 1, 1, 1, 1, 1, 1, 1, 1, 1, 1, 1, 1, 1, 1, 1, 1]",14278.8,9128.0,593.0,0,1,1.0,11742.160000000047,1.5642857142857143,112135.0,0.15372951877276728,0.3904153872148606,0.13257817770725133,B,426.0,0,125.0,8.0,2.0,1875.0,66.0,7.0,0.0,0.0,0.0,2.0,0.0,1.0,26.0,0.0,8.0,125.0,9.0,1.0,45.0,0.0,1.0,592.0,3.0,41.0,99999.0,1.0,4.0,0.0,291954.0,0.0,21.0,2.0,3.0,0.0,6.0,9.0,0.0,18.0,0.0,0.30369082926416546,0.4102418344400132,-0.1275519600589978,0.4863873741462653,-0.060300927094883106,-0.1660761708115241,0.3264994580051225,0.4398748289474107,0.043484354902003225,0.16894243532599906,0.06891243213546375,-0.06930372276885687,0.21762167078723413,0.013471361800327993,0.05777595718110798,0.05491722037638777,0.10874047098924666,0.03224864732983013,0.0628878217725071,0.07473342567718344,0.38284509462663713,0.29414262121614615,-0.03021581483703515,0.10689258131274595,-0.07330452249189978,0.025382347770824376,-0.09270778723875307,0.09990807864792559,-0.019851908976871703,0.2987949245456811,0.06506737371538793,-0.056514357135833804,0.05009377283014747,-0.03943841709490631,-0.008677188536520008,0.015520686370377988,0.10596202742217121,-0.007887488201551105,0.08445375502265723,0.07859412786274209,-0.04071155733815719,-0.015657428702411637,-0.10458946740048633,0.002489027625756258,0.25986861206479284
8472852,2024-12-08 07:22:49+00:00,1,"['balmag01__tu', 'trv01__tu', 'rev322__tu', 'g251c__tu', 'g232s__tu']","['ENG-franchise', 'au20s__tu', 'miles_odometer__app', 'g095s__tu', 'linka006__tu']",,"[1, 1, 1, 1, 1, 1, 1, 1, 1, 1, 1, 1, 1, 1, 1, 1, 1, 1, 1, 1, 1, 1, 1, 1, 1, 1, 1, 1, 1, 1, 1]",8574.0,6867.0,731.0,0,0,1.0,6080.0,1.2485801660113587,79278.0,0.17974895006055108,0.3501845945669622,0.13904367904801979,B,58.0,0,34.0,1.0,0.0,5364.0,30.0,4.0,0.0,0.0,4005.0,1.0,0.0,1.0,0.0,0.0,3.0,34.0,6.0,1.0,34.0,0.0,999.0,5465.0,18.0,59.0,0.0,1.0,1.0,1.0,28561.0,9.0,999.0,0.0,162.0,0.0,4.0,0.0,0.0,0.0,0.0,0.13197734800913727,-0.18827349289073714,-0.1275519600589978,-0.007719313883108272,-0.002109078899541321,0.09154098990252699,0.3264994580051225,0.4398748289474107,0.2051052489933988,0.16894243532599906,0.06891243213546375,0.15358010403820122,0.21762167078723413,0.16826983464198522,0.05777595718110798,0.05491722037638777,0.10874047098924666,0.03224864732983013,-0.11793592802472794,0.007908588638918862,-0.10968019034324779,0.29414262121614615,-0.03021581483703515,0.04990870277300484,-0.07330452249189978,0.025382347770824376,0.33183641136280506,0.09990807864792559,-0.019851908976871703,0.16574715799894735,-0.050269119640593704,-0.056514357135833804,0.05009377283014747,0.1897445569872553,-0.008677188536520008,-0.049256171180166765,0.1773409988380098,-0.007887488201551105,-0.09651061942270173,0.07859412786274209,-0.025593941117068985,0.08850290045664871,-0.10458946740048633,-0.018362687948835704,0.25986861206479284
8513346,2024-12-21 06:18:51+00:00,1,"['balmag01__tu', 'miles_odometer__app', 'rev322__tu', 'ENG-wtd_avg', 'rtl_trd__tu']","['g095s__tu', 'cv15__tu', 'linka006__tu', 'inquirynonshortterm12month__ln', 'ENG-bk']","[1, 1, 1, 1, 1, 1, 1, 1, 0, 1, 1, 1, 1, 1, 1, 0]","[1, 1, 1, 1, 1, 1, 1, 1, 1, 0, 0, 0, 1, 1, 1, 1, 1, 1, 1, 1, 1, 1, 1, 1, 1, 1, 1, 1, 1, 1, 1]",46904.0,40785.0,797.0,0,1,0.9334677419354839,6250.0,1.1500306485227412,28.0,0.21280050702828268,0.3501845945669622,0.16461050476527994,B,172.0,0,75.0,4.0,0.0,489.0,40.0,8.0,0.0,0.0,0.0,3.0,0.0,0.0,56.0,0.0,3.0,75.0,3.0,1.0,32.0,0.0,5.0,826.0,5.0,85.0,415.0,1.0,1.0,1.0,29612.0,0.0,21.0,0.0,7.0,0.0,4.0,3.0,0.0,12.0,1.0,0.13197734800913727,0.020443712167482336,0.34054786660712466,0.2004005232174445,-0.002109078899541321,0.09154098990252699,0.3264994580051225,0.4398748289474107,0.043484354902003225,0.16894243532599906,0.06891243213546375,-0.06930372276885687,0.21762167078723413,-0.12259399033321434,0.05777595718110798,0.13159391579138138,-0.01837301611295693,0.03224864732983013,0.0628878217725071,0.007908588638918862,0.16725028297757608,0.17204724541497285,-0.03021581483703515,0.04990870277300484,-0.07330452249189978,0.025382347770824376,0.10723235366853863,0.09990807864792559,-0.019851908976871703,-0.04136613683987285,-0.050269119640593704,-0.056514357135833804,0.05009377283014747,0.1897445569872553,-0.008677188536520008,0.015520686370377988,0.10596202742217121,-0.007887488201551105,-0.09651061942270173,0.07859412786274209,-0.025593941117068985,-0.015657428702411637,-0.10458946740048633,-0.018362687948835704,-0.14194679566893836
8512659,2024-12-21 03:44:54+00:00,1,"['rtl_trd__tu', 'rev322__tu', 'ENG-bk', 'au20s__tu', 'g095s__tu']","['inquirybanking12month__ln', 'ENG-wtd_avg', 'miles_odometer__app', 'trv01__tu', 'inquirynonshortterm12month__ln']","[1, 1, 1, 1, 0, 1, 1, 1, 1, 1, 1, 0, 0, 0, 0, 0, 0, 0, 0, 0, 0, 0, 0, 0, 0, 0, 0, 0, 0, 0, 0, 0, 0, 0, 0, 0, 0, 0, 0, 0, 0, 0, 0]",,17674.0,14975.0,,1,1,0.06448202959830866,3800.0,1.1802337228714523,115508.0,0.2627490939449133,0.2899966430839025,0.1683147008209435,B,474.0,0,124.0,11.0,0.0,1711.0,211.0,9.0,1.0,0.0,0.0,2.0,1.0,0.0,70.0,0.0,3.0,1.0,8.0,2.0,28.0,0.0,1.0,0.0,18.0,536.0,99999.0,94.0,9.0,0.0,291954.0,0.0,36.0,0.0,4.0,0.0,2.0,20.0,18.0,0.0,1.0,-0.027970179858952268,0.4102418344400132,-0.1275519600589978,0.4863873741462653,-0.002109078899541321,0.09154098990252699,0.3264994580051225,0.04221351096772582,0.043484354902003225,-0.20255280703278697,0.06891243213546375,-0.06930372276885687,-0.15001322365700048,0.013471361800327993,0.05777595718110798,0.13159391579138138,-0.04608437682097869,0.03224864732983013,0.0628878217725071,0.007908588638918862,-0.10968019034324779,0.29414262121614615,0.12508668317741883,0.04990870277300484,0.3644461705690194,0.025382347770824376,-0.09270778723875307,-0.02712013013461787,-0.019851908976871703,-0.04136613683987285,0.06506737371538793,0.1373276043208283,0.0033944331617501993,-0.03943841709490631,-0.008677188536520008,0.015520686370377988,0.10596202742217121,-0.007887488201551105,0.0509809958782628,0.07859412786274209,0.0794212202023958,-0.015657428702411637,0.25194094475317025,-0.018362687948835704,-0.14194679566893836
8513199,2024-12-21 05:40:39+00:00,1,"['rtl_trd__tu', 'au20s__tu', 'in34s__tu', 'balmag01__tu', 'rev322__tu']","['in21s__tu', 'g095s__tu', 'trv01__tu', 'ENG-bk', 'fi36s__tu']","[1, 1, 1, 1, 1, 1, 1, 1, 1, 1, 1, 1, 1, 1, 1, 1, 1, 1]","[1, 1, 1, 1, 1, 1, 1, 1, 1, 1, 1, 1, 1, 1, 1, 1, 1, 1, 1, 1, 1, 1, 1, 1, 1, 1, 1, 1, 0, 1, 1, 1, 1, 1, 1, 1, 1, 1, 1, 1, 0, 1, 0, 1, 1, 1, 1, 0, 1, 0, 1, 1, 1, 1, 1, 0, 1, 1, 1, 0]",22641.0,19775.0,787.0,0,1,0.8213114754098361,4683.47,1.1449304677623262,65231.0,0.2263590072090117,0.3501845945669622,0.17509859800235722,B,265.0,0,121.0,9.0,0.0,44.0,146.0,8.0,0.0,0.0,129.0,1.0,3.0,1.0,47.0,0.0,6.0,1.0,1.0,1.0,11.0,0.0,1.0,0.0,14.0,42.0,99999.0,47.0,2.0,0.0,19961.0,1.0,1.0,4.0,6.0,0.0,6.0,19.0,0.0,4.0,0.0,0.05862755356495931,0.4102418344400132,-0.04132723560415334,0.4863873741462653,-0.002109078899541321,0.09154098990252699,0.17776804417874942,0.17363223309014522,0.043484354902003225,0.16894243532599906,0.06891243213546375,0.10777261724792812,0.14032874394710926,0.16826983464198522,0.05777595718110798,0.05491722037638777,0.10001349160327515,0.03224864732983013,0.0628878217725071,0.07473342567718344,-0.10968019034324779,-0.0922532562049396,-0.03021581483703515,-0.09030720766073672,-0.07330452249189978,0.025382347770824376,-0.09270778723875307,-0.02712013013461787,-0.019851908976871703,0.2987949245456811,0.06506737371538793,0.041061794483372764,0.05009377283014747,-0.03943841709490631,-0.008677188536520008,-0.049256171180166765,-0.0684240555566314,0.12919669236557793,-0.017088484297844653,0.07859412786274209,-0.04071155733815719,-0.015657428702411637,-0.10458946740048633,-0.018362687948835704,0.25986861206479284
8572080,2025-01-17 04:07:32+00:00,1,"['in21s__tu', 'g232s__tu', 'g095s__tu', 'addrprevioustimenewest__ln', 'g251c__tu']","['balmag01__tu', 'rtl_trd__tu', 'miles_odometer__app', 'trv01__tu', 'rev322__tu']",,"[1, 1, 1, 1, 1, 1, 1, 1, 1, 1, 1, 1, 1, 1, 1, 0, 0, 0, 0, 0, 0, 0, 0, 0, 0, 0, 0, 0, 0, 0, 1, 1, 0, 1, 1, 1]",18598.0,17025.0,,0,1,0.43243243243243246,4800.0,1.0923935389133628,95522.0,0.2371566361164893,0.3372811670434425,0.17669132406755952,B,307.0,0,73.0,0.0,0.0,0.0,438.0,3.0,0.0,0.0,0.0,1.0,3.0,1.0,33.0,0.0,1.0,73.0,1.0,1.0,72.0,0.0,1.0,0.0,18.0,109.0,99999.0,209.0,3.0,0.0,291954.0,1.0,37.0,0.0,1.0,0.0,3.0,0.0,59.0,0.0,0.0,0.05862755356495931,0.020443712167482336,-0.1275519600589978,-0.14209565667603957,0.12681166561429538,0.09154098990252699,-0.07034504579162959,-0.11910610672405984,0.29009271071754617,0.16894243532599906,0.06891243213546375,-0.06930372276885687,-0.06524181341490069,0.16826983464198522,0.05777595718110798,0.05491722037638777,0.10001349160327515,0.03224864732983013,0.0628878217725071,-0.019784226182213507,0.16725028297757608,-0.0922532562049396,-0.03021581483703515,0.2697498374100057,-0.07330452249189978,0.025382347770824376,-0.09270778723875307,-0.02712013013461787,-0.019851908976871703,-0.04136613683987285,0.06506737371538793,0.3914185213487937,0.05009377283014747,-0.03943841709490631,-0.008677188536520008,-0.049256171180166765,0.10596202742217121,-0.007887488201551105,0.22656232222654338,0.07859412786274209,0.07637038800224982,0.08850290045664871,0.25194094475317025,-0.018362687948835704,0.25986861206479284
8476859,2024-12-12 01:10:20+00:00,1,"['ENG-loan_to_value', 'trv01__tu', 'ENG-bk', 'g095s__tu', 'g002s__tu']","['inquirybanking12month__ln', 'ENG-wtd_avg', 'au20s__tu', 'cv15__tu', 'fltgrossmonthly__income_sum']",,,18853.0,20950.0,,1,1,0.0,3500.0,0.8999045346062052,75102.0,0.3961744291506063,0.1617987878136479,0.1819865679150956,B,80.0,1,1.0,1.0,0.0,0.0,300.0,8.0,1.0,0.0,0.0,3.0,1.0,1.0,57.0,6.0,1.0,1.0,1.0,1.0,31.0,0.0,999.0,0.0,18.0,536.0,848.0,44.0,2.0,0.0,291954.0,0.0,26.0,0.0,11.0,0.0,3.0,4.0,1.0,0.0,1.0,-0.09681697912336358,-0.18827349289073714,-0.04132723560415334,-0.007719313883108272,0.29484426505884404,0.09154098990252699,-0.07034504579162959,-0.06943203585757203,0.043484354902003225,-0.20255280703278697,0.06891243213546375,-0.06930372276885687,-0.15001322365700048,-0.12259399033321434,0.05777595718110798,0.05491722037638777,-0.01837301611295693,-0.0396387847465165,0.0628878217725071,-0.019784226182213507,-0.10968019034324779,-0.0922532562049396,-0.03021581483703515,0.04990870277300484,0.3644461705690194,0.025382347770824376,0.33183641136280506,-0.02712013013461787,-0.019851908976871703,-0.04136613683987285,-0.050269119640593704,0.041061794483372764,0.05009377283014747,-0.03943841709490631,-0.008677188536520008,0.015520686370377988,0.10596202742217121,-0.007887488201551105,-0.09651061942270173,0.07859412786274209,0.07637038800224982,-0.015657428702411637,0.25194094475317025,-0.018362687948835704,-0.14194679566893836
8438788,2024-12-03 05:09:22+00:00,1,"['rtl_trd__tu', 'rev322__tu', 'au20s__tu', 'addrprevioustimenewest__ln', 'balmag01__tu']","['g002s__tu', 'in21s__tu', 'g095s__tu', 'g407s__tu', 'trv01__tu']","[1, 1, 1, 1, 1, 1, 1, 1, 1, 1, 1, 1, 1, 1, 1, 1, 1, 1, 1, 1, 1, 1, 1, 1, 1, 1, 1, 1, 1, 1, 1, 1, 1, 1, 1, 1, 1, 1, 1, 1, 1, 1, 1, 1, 1, 1, 1, 1, 1, 1, 1, 1, 1, 1, 1, 1, 1, 1, 1, 1, 1, 1, 1, 1, 1, 1, 1, 1, 1, 1, 1, 1, 1]","[1, 1, 1, 1, 1, 1, 1, 1, 1, 1, 1, 1, 1, 1, 1, 1, 1, 1, 1, 1, 1, 1, 1, 1, 1, 1, 1, 1, 1, 1, 1, 1, 1, 1, 1, 1, 1, 1, 1, 1, 1, 1, 1, 1, 1, 1, 1, 1, 1, 1, 1, 1, 1, 1, 1, 0, 1, 0, 1, 0, 0]",19439.0,14650.0,388.0,0,1,0.8757271285034374,4000.0,1.3268941979522184,59167.0,0.21654332182243743,0.39004257415648635,0.18657122383939767,B,585.0,0,109.0,14.0,1.0,3020.0,192.0,9.0,0.0,0.0,0.0,1.0,0.0,3.0,34.0,0.0,6.0,236.0,8.0,2.0,5.0,0.0,1.0,1331.0,18.0,72.0,564.0,346.0,2.0,0.0,33283.0,0.0,1.0,0.0,2.0,0.0,2.0,4.0,0.0,0.0,0.0,-0.027970179858952268,0.3655886981676968,-0.023523712854035837,0.4863873741462653,-0.060300927094883106,-0.1660761708115241,0.3264994580051225,0.17363223309014522,0.043484354902003225,0.16894243532599906,0.06891243213546375,-0.06930372276885687,0.14032874394710926,0.16826983464198522,0.05777595718110798,-0.12496553540883204,0.10001349160327515,0.03224864732983013,0.0628878217725071,0.07473342567718344,0.5094610820757571,0.29414262121614615,0.12508668317741883,-0.09030720766073672,-0.07330452249189978,0.025382347770824376,-0.09270778723875307,0.09990807864792559,-0.019851908976871703,0.16574715799894735,-0.050269119640593704,0.3914185213487937,0.05009377283014747,-0.03943841709490631,-0.008677188536520008,0.015520686370377988,-0.0684240555566314,-0.007887488201551105,0.1805634719208487,0.07859412786274209,0.0794212202023958,-0.015657428702411637,-0.10458946740048633,-0.018362687948835704,0.25986861206479284
8529589,2024-12-30 02:42:04+00:00,0,"['rtl_trd__tu', 'fltgrossmonthly__income_sum', 'miles_odometer__app', 'trv01__tu', 'au20s__tu']","['cv15__tu', 'g232s__tu', 'inquirybanking12month__ln', 'g407s__tu', 'in21s__tu']","[1, 1, 1]","[1, 1, 1, 1, 1, 1, 1, 1, 1, 1, 1]",39352.0,33058.0,560.0,0,1,1.0,8501.19,1.1903926432331053,21994.0,0.2438147620193705,0.3501845945669622,0.18860138824716724,B,401.0,0,128.0,5.0,0.0,99.0,252.0,28.0,1.0,0.0,5752.0,6.0,1.0,7.0,33.0,0.0,9.0,128.0,1.0,1.0,5.0,0.0,999.0,118.0,18.0,82.0,415.0,1.0,7.0,2.0,88352.0,0.0,15.0,0.0,24.0,0.0,83.0,14.0,19.0,0.0,1.0,0.30369082926416546,0.4102418344400132,0.34054786660712466,0.4863873741462653,-0.002109078899541321,0.09154098990252699,0.17776804417874942,-0.0195542954136434,-0.255209877581241,-0.20255280703278697,0.06891243213546375,0.15358010403820122,0.21762167078723413,-0.3446164652968252,0.05777595718110798,-0.1698800097696574,0.10001349160327515,0.03224864732983013,0.0628878217725071,0.07473342567718344,0.38284509462663713,-0.0922532562049396,-0.03021581483703515,-0.09030720766073672,-0.07330452249189978,0.025382347770824376,0.33183641136280506,0.09990807864792559,-0.019851908976871703,-0.04136613683987285,-0.050269119640593704,-0.056514357135833804,0.029134920956684608,0.1897445569872553,-0.008677188536520008,0.015520686370377988,0.10596202742217121,-0.007887488201551105,-0.09651061942270173,0.07859412786274209,-0.08150226837530647,-0.015657428702411637,0.25194094475317025,-0.018362687948835704,-0.14194679566893836
8433952,2024-11-30 22:57:14+00:00,1,"['ENG-loan_to_value', 'g232s__tu', 'cv15__tu', 'fltgrossmonthly__income_sum', 'inquirybanking12month__ln']","['rp01s__tu', 'linkt003__tu', 'balmag01__tu', 'miles_odometer__app', 'in21s__tu']","[1, 1, 1, 0, 1, 1, 1, 1, 1, 1, 0, 0, 0, 0, 0]",,26689.0,31850.0,,0,1,0.425,5500.0,0.8379591836734694,84868.0,0.32361242316726463,0.27775640912627786,0.19855330754118844,B,134.0,0,70.0,2.0,0.0,0.0,392.0,4.0,0.0,1.0,38436.0,1.0,3.0,1.0,17.0,0.0,0.0,75.0,1.0,2.0,1.0,1.0,1.0,0.0,1.0,100.0,99999.0,1.0,6.0,0.0,1699.0,1.0,15.0,0.0,2.0,0.0,0.0,4.0,0.0,8.0,1.0,0.13197734800913727,0.020443712167482336,-0.1275519600589978,0.10794025034518957,0.7217349611530631,0.09154098990252699,-0.07034504579162959,-0.11910610672405984,0.2051052489933988,0.16894243532599906,-0.1824628326067655,0.1885423072401762,-0.06524181341490069,0.16826983464198522,0.05777595718110798,0.05491722037638777,0.10874047098924666,0.03224864732983013,0.0628878217725071,-0.019784226182213507,0.16725028297757608,-0.0922532562049396,0.12508668317741883,-0.09030720766073672,-0.07330452249189978,-0.1622949085028706,-0.09270778723875307,-0.02712013013461787,-0.019851908976871703,-0.04136613683987285,0.06506737371538793,-0.056514357135833804,0.05009377283014747,-0.03943841709490631,-0.008677188536520008,-0.049256171180166765,0.10596202742217121,-0.007887488201551105,0.1805634719208487,0.07859412786274209,0.0794212202023958,-0.015657428702411637,-0.10458946740048633,-0.018362687948835704,-0.14194679566893836
8517165,2024-12-23 23:22:23+00:00,1,"['au20s__tu', 'rev322__tu', 'ENG-bk', 'ENG-wtd_avg', 'rtl_trd__tu']","['inquirybanking12month__ln', 'balmag01__tu', 'ENG-franchise', 'in21s__tu', 'g095s__tu']","[1, 1, 1, 1, 1, 1, 1, 1, 1, 1, 1, 1, 1, 1, 1, 1, 1, 1, 1, 1, 1, 1, 1, 1, 1, 1, 1, 1, 1, 1, 1]","[1, 1, 1, 1, 1, 1, 1, 1, 1, 1, 1, 1, 1]",30658.39,25825.0,591.0,1,0,1.0,5676.0,1.1871593417231365,64810.0,0.3170079908876337,0.2899966430839025,0.20307246104257562,B,296.0,0,134.0,3.0,0.0,3353.0,374.0,7.0,1.0,0.0,32348.0,1.0,3.0,1.0,16.0,0.0,10.0,1.0,1.0,1.0,14.0,0.0,1.0,704.0,18.0,112.0,7.0,2.0,12.0,0.0,291954.0,1.0,73.0,0.0,9.0,0.0,83.0,1.0,0.0,0.0,1.0,0.13197734800913727,0.5381266846763259,-0.04132723560415334,0.2004005232174445,-0.002109078899541321,0.09154098990252699,0.3264994580051225,-0.11910610672405984,0.043484354902003225,-0.20255280703278697,0.06891243213546375,0.1885423072401762,0.21762167078723413,0.16826983464198522,0.05777595718110798,0.05491722037638777,0.10874047098924666,0.03224864732983013,-0.11793592802472794,0.07473342567718344,-0.10968019034324779,-0.0922532562049396,-0.03021581483703515,-0.09030720766073672,0.3644461705690194,0.025382347770824376,-0.09270778723875307,0.09990807864792559,-0.019851908976871703,-0.04136613683987285,-0.050269119640593704,-0.056514357135833804,0.0033944331617501993,-0.03943841709490631,-0.008677188536520008,-0.049256171180166765,0.1773409988380098,-0.007887488201551105,-0.09651061942270173,0.07859412786274209,-0.08150226837530647,-0.0016142148168469777,-0.10458946740048633,-0.018362687948835704,-0.14194679566893836
8556022,2025-01-11 02:05:35+00:00,1,"['trv01__tu', 'ENG-bk', 'g095s__tu', 'au20s__tu', 'g232s__tu']","['ENG-franchise', 'ENG-loan_to_value', 'balmag01__tu', 'rev322__tu', 'inquirynonshortterm12month__ln']","[1, 1, 1, 1, 1, 1, 1, 1, 1, 1, 1, 1, 1, 0, 1, 1, 1, 1, 1, 1, 1, 1, 0, 0, 0, 0, 0]",,22624.94,14288.0,,1,0,0.6322751322751323,4160.0,1.5834924412094065,27176.0,0.2275706860980158,0.4162304395202057,0.20923677047868272,B,179.0,0,105.0,3.0,0.0,0.0,298.0,4.0,0.0,0.0,84.0,2.0,1.0,1.0,38.0,0.0,1.0,105.0,1.0,1.0,28.0,0.0,999.0,0.0,18.0,72.0,0.0,91.0,4.0,0.0,291954.0,0.0,1.0,0.0,6.0,0.0,1.0,6.0,2.0,0.0,1.0,0.040308154710334734,0.3655886981676968,0.13699271006921837,0.2004005232174445,-0.060300927094883106,0.09154098990252699,-0.07034504579162959,-0.06943203585757203,0.2051052489933988,0.16894243532599906,0.06891243213546375,0.10777261724792812,0.010623758166246828,0.013471361800327993,0.05777595718110798,0.05491722037638777,0.10001349160327515,0.03224864732983013,-0.11793592802472794,-0.019784226182213507,0.38284509462663713,-0.0922532562049396,-0.03021581483703515,0.04990870277300484,0.3644461705690194,0.025382347770824376,0.33183641136280506,-0.02712013013461787,-0.019851908976871703,0.16574715799894735,-0.050269119640593704,0.1373276043208283,0.05009377283014747,-0.03943841709490631,-0.008677188536520008,0.015520686370377988,-0.0684240555566314,-0.007887488201551105,-0.017088484297844653,0.07859412786274209,0.0794212202023958,-0.015657428702411637,0.25194094475317025,-0.018362687948835704,-0.14194679566893836
8465352,2024-12-06 01:03:04+00:00,1,"['rtl_trd__tu', 'miles_odometer__app', 'rev322__tu', 'g095s__tu', 'ENG-wtd_avg']","['linkt003__tu', 'inquirybanking12month__ln', 'g232s__tu', 'g407s__tu', 'in21s__tu']","[1, 1, 1, 1, 1, 1]","[1, 1, 1, 1, 1, 1, 1, 1, 1, 1, 1, 1, 1, 1, 1, 1, 1, 1, 1, 1, 1, 1, 1, 1, 1, 1, 1, 1]",82053.0,67779.0,767.0,0,1,1.0,5800.0,1.210596202363564,352.0,0.2719673334047545,0.3501845945669622,0.2103786342270028,B,226.0,0,99.0,13.0,0.0,12556.0,256.0,19.0,1.0,1.0,0.0,2.0,1.0,4.0,13.0,0.0,21.0,88.0,2.0,1.0,9.0,0.0,16.0,8502.0,18.0,61.0,1091.0,1.0,6.0,0.0,3135.0,0.0,43.0,0.0,9.0,0.0,6.0,1.0,45.0,0.0,1.0,0.13197734800913727,0.2177365717902033,0.34054786660712466,0.4863873741462653,-0.002109078899541321,0.09154098990252699,0.3264994580051225,-0.0195542954136434,-0.15507978464835534,-0.20255280703278697,-0.1824628326067655,-0.06930372276885687,0.21762167078723413,0.013471361800327993,0.05777595718110798,-0.1698800097696574,0.10874047098924666,0.03224864732983013,0.0628878217725071,0.07473342567718344,0.28386568390968,-0.03087346191658939,-0.03021581483703515,-0.09030720766073672,-0.07330452249189978,0.025382347770824376,0.10723235366853863,0.09990807864792559,-0.019851908976871703,0.16574715799894735,-0.050269119640593704,-0.056514357135833804,0.05009377283014747,-0.03943841709490631,-0.008677188536520008,0.015520686370377988,0.10596202742217121,-0.007887488201551105,-0.09651061942270173,0.07859412786274209,-0.04071155733815719,-0.0016142148168469777,0.25194094475317025,-0.018362687948835704,-0.14194679566893836
8560239,2025-01-12 05:22:22+00:00,0,"['rtl_trd__tu', 'g232s__tu', 'in34s__tu', 's209a__tu', 'ENG-wtd_avg']","['g002s__tu', 'ENG-franchise', 'g095s__tu', 'trv01__tu', 'balmag01__tu']","[1, 1, 1, 1, 1, 1, 1, 1, 1, 1, 1, 1, 1, 1, 1, 1, 1, 1, 1, 1, 1, 1, 1, 1, 0, 0, 0, 1, 1, 1, 1, 1, 1, 1, 1, 1, 1, 1, 1, 1, 1, 1, 1, 1, 1, 1, 1, 1, 1, 1, 1, 1, 1, 1, 1, 1, 1, 1, 1, 1, 1, 1, 1, 1, 1, 0, 1, 1, 1, 1, 1, 1, 1, 1, 1, 1, 1]",,17261.0,16590.0,,0,0,0.952047952047952,5282.0,1.0404460518384568,47520.0,0.2226204527262994,0.3372811670434425,0.21317426970205983,B,128.0,1,90.0,6.0,8.0,0.0,282.0,1.0,0.0,0.0,0.0,0.0,3.0,0.0,46.0,0.0,2.0,102.0,1.0,1.0,33.0,0.0,1.0,0.0,1.0,36.0,99999.0,5.0,5.0,0.0,291954.0,0.0,0.0,0.0,2.0,0.0,5.0,4.0,0.0,68.0,0.0,0.13197734800913727,0.2177365717902033,0.037311957071715245,0.4863873741462653,0.12681166561429538,-0.1660761708115241,-0.07034504579162959,-0.06943203585757203,0.3569695839089846,0.16894243532599906,0.06891243213546375,-0.06930372276885687,0.21762167078723413,0.16826983464198522,0.05777595718110798,0.13159391579138138,0.10001349160327515,0.03224864732983013,-0.11793592802472794,-0.0025250221890105603,0.38284509462663713,-0.0922532562049396,-0.03021581483703515,0.04990870277300484,-0.07330452249189978,0.025382347770824376,-0.09270778723875307,-0.02712013013461787,-0.019851908976871703,0.2987949245456811,0.06506737371538793,-0.056514357135833804,0.05009377283014747,-0.03943841709490631,-0.008677188536520008,0.015520686370377988,-0.09643796186055453,-0.007887488201551105,0.1805634719208487,0.07859412786274209,-0.04071155733815719,-0.015657428702411637,-0.10458946740048633,0.12016521996775872,0.25986861206479284
8428157,2024-11-27 22:08:56+00:00,1,"['miles_odometer__app', 'trv01__tu', 'rev322__tu', 'g251c__tu', 'ENG-loan_to_value']","['linkt003__tu', 'ENG-wtd_avg', 'au20s__tu', 'rtl_trd__tu', 'in21s__tu']",,,25633.0,23261.0,,0,1,0.0,6500.0,1.1019732599630283,11.0,0.297043747780318,0.3372811670434425,0.2213096540782202,B,139.0,0,1.0,0.0,0.0,300.0,289.0,6.0,0.0,1.0,2619.0,1.0,0.0,0.0,0.0,0.0,1.0,1.0,1.0,2.0,0.0,0.0,999.0,300.0,18.0,536.0,99999.0,16.0,4.0,0.0,291954.0,0.0,0.0,0.0,4.0,0.0,83.0,0.0,0.0,0.0,1.0,0.13197734800913727,-0.18827349289073714,0.34054786660712466,-0.14209565667603957,0.12681166561429538,0.09154098990252699,0.3264994580051225,-0.06943203585757203,0.1363642225800611,0.16894243532599906,-0.1824628326067655,0.15358010403820122,-0.15001322365700048,0.16826983464198522,0.05777595718110798,0.13159391579138138,0.10874047098924666,0.03224864732983013,0.0628878217725071,-0.019784226182213507,-0.10968019034324779,-0.0922532562049396,0.12508668317741883,-0.09030720766073672,-0.07330452249189978,0.025382347770824376,0.33183641136280506,0.09990807864792559,-0.019851908976871703,-0.04136613683987285,0.06506737371538793,-0.056514357135833804,0.05009377283014747,-0.03943841709490631,-0.008677188536520008,0.015520686370377988,-0.09643796186055453,-0.007887488201551105,0.0509809958782628,0.07859412786274209,-0.08150226837530647,0.08850290045664871,-0.10458946740048633,-0.018362687948835704,-0.14194679566893836
8529084,2024-12-29 06:16:06+00:00,1,"['rtl_trd__tu', 'au20s__tu', 'fltgrossmonthly__income_sum', 'rev322__tu', 'addrprevioustimenewest__ln']","['g232s__tu', 'linkt003__tu', 'g002s__tu', 'balmag01__tu', 'g407s__tu']","[1, 1, 1, 1, 1, 1, 1]",[1],17787.0,14150.0,954.0,0,1,1.0,7130.0,1.2570318021201414,74652.0,0.26965815193416565,0.39004257415648635,0.23233434770101755,B,471.0,0,149.0,16.0,2.0,1694.0,376.0,29.0,0.0,1.0,10581.0,3.0,1.0,4.0,12.0,0.0,19.0,148.0,1.0,3.0,2.0,0.0,3.0,1570.0,1.0,101.0,99999.0,255.0,1.0,1.0,46452.0,0.0,999.0,0.0,16.0,0.0,4.0,2.0,0.0,36.0,1.0,0.30369082926416546,0.5381266846763259,-0.04132723560415334,0.4863873741462653,-0.060300927094883106,-0.1660761708115241,0.3264994580051225,-0.11910610672405984,-0.255209877581241,0.16894243532599906,-0.1824628326067655,0.1885423072401762,0.21762167078723413,-0.12259399033321434,0.05777595718110798,-0.1698800097696574,0.10874047098924666,0.03224864732983013,0.0628878217725071,0.07473342567718344,0.5094610820757571,-0.0922532562049396,0.12508668317741883,-0.09030720766073672,-0.07330452249189978,0.025382347770824376,-0.09270778723875307,0.09990807864792559,-0.019851908976871703,-0.04136613683987285,0.06506737371538793,0.3914185213487937,0.05009377283014747,0.1897445569872553,-0.008677188536520008,0.015520686370377988,0.1773409988380098,-0.007887488201551105,-0.09651061942270173,0.07859412786274209,-0.025593941117068985,-0.015657428702411637,-0.10458946740048633,0.12016521996775872,-0.14194679566893836
8469861,2024-12-07 07:37:36+00:00,1,"['balmag01__tu', 'fltgrossmonthly__income_sum', 'g251c__tu', 'ENG-wtd_avg', 's068b__tu']","['ENG-franchise', 'rtl_trd__tu', 'miles_odometer__app', 'in21s__tu', 'g095s__tu']",,"[1, 1, 1, 1, 1, 1, 1, 1, 1, 1, 1, 1, 1, 1, 1, 1, 1, 1, 1]",24931.0,19083.0,541.0,0,0,1.0,7800.0,1.3064507676989991,86883.0,0.277145295826003,0.39004257415648635,0.23878518436134735,B,82.0,0,51.0,0.0,0.0,0.0,68.0,7.0,0.0,0.0,4991.0,2.0,0.0,1.0,25.0,0.0,2.0,21.0,1.0,1.0,21.0,0.0,1.0,0.0,0.0,52.0,101.0,64.0,1.0,2.0,20927.0,0.0,999.0,0.0,3.0,0.0,11.0,0.0,0.0,0.0,0.0,0.30369082926416546,-0.14686547993800883,-0.1275519600589978,-0.14209565667603957,-0.060300927094883106,0.09154098990252699,-0.07034504579162959,0.4398748289474107,0.043484354902003225,0.16894243532599906,0.06891243213546375,0.15358010403820122,0.21762167078723413,0.013471361800327993,0.05777595718110798,0.05491722037638777,0.10874047098924666,0.03224864732983013,-0.11793592802472794,-0.0025250221890105603,-0.10968019034324779,-0.0922532562049396,-0.03021581483703515,-0.08639642557536051,-0.07330452249189978,0.025382347770824376,-0.09270778723875307,-0.02712013013461787,0.1248545407672109,0.16574715799894735,-0.050269119640593704,0.1373276043208283,0.05009377283014747,0.1897445569872553,-0.008677188536520008,0.015520686370377988,0.1773409988380098,-0.007887488201551105,0.08445375502265723,0.07859412786274209,-0.04071155733815719,0.08850290045664871,-0.10458946740048633,-0.018362687948835704,0.25986861206479284
8560416,2025-01-12 06:03:23+00:00,1,"['rtl_trd__tu', 'trv01__tu', 's209a__tu', 'ENG-wtd_avg', 'rev322__tu']","['inquirybanking12month__ln', 'ENG-franchise', 'in21s__tu', 'g095s__tu', 'g407s__tu']","[1, 1, 1, 1, 1, 1, 1, 1, 1, 1, 1, 1, 1, 1, 1, 1, 1, 1, 1, 1, 1, 1, 1, 1, 1, 1, 1, 1, 1, 0, 0, 0, 0, 0, 0, 0, 0, 0, 0, 0, 0, 0, 0, 0, 0, 0, 0, 0, 0, 0, 0, 0, 0, 0, 0, 0, 0, 0, 0, 0, 0, 0, 0, 0, 0, 0, 0, 0, 0, 0, 0, 0, 0, 0, 0, 0, 0, 0, 0]","[1, 1, 1, 1]",35270.0,30633.0,914.0,0,0,1.0,4800.0,1.1513727026409428,48005.0,0.31495043398798656,0.3501845945669622,0.24362794355520967,B,188.0,0,81.0,5.0,0.0,100.0,232.0,7.0,1.0,0.0,0.0,2.0,0.0,2.0,67.0,0.0,4.0,1.0,2.0,1.0,6.0,0.0,999.0,0.0,3.0,74.0,99999.0,68.0,2.0,1.0,42056.0,1.0,1.0,0.0,5.0,0.0,83.0,4.0,0.0,35.0,1.0,0.05862755356495931,0.020443712167482336,0.037311957071715245,0.4863873741462653,-0.002109078899541321,0.09154098990252699,0.17776804417874942,0.04221351096772582,0.043484354902003225,-0.20255280703278697,0.06891243213546375,-0.06930372276885687,0.21762167078723413,0.013471361800327993,0.05777595718110798,-0.0962114720772341,-0.04608437682097869,0.03224864732983013,-0.11793592802472794,0.07473342567718344,-0.10968019034324779,-0.03087346191658939,-0.03021581483703515,-0.09030720766073672,-0.07330452249189978,0.025382347770824376,0.33183641136280506,-0.02712013013461787,-0.019851908976871703,0.16574715799894735,0.06506737371538793,0.1373276043208283,0.05009377283014747,0.1897445569872553,-0.008677188536520008,-0.049256171180166765,-0.0684240555566314,-0.007887488201551105,-0.017088484297844653,0.07859412786274209,-0.08150226837530647,-0.015657428702411637,-0.10458946740048633,0.12016521996775872,-0.14194679566893836
8533826,2025-01-01 01:01:55+00:00,1,"['in21s__tu', 'trv01__tu', 'addrprevioustimenewest__ln', 'ENG-loan_to_value', 'cv15__tu']","['balmag01__tu', 'ENG-wtd_avg', 'au20s__tu', 'rtl_trd__tu', 'fltgrossmonthly__income_sum']",,,25915.0,23075.0,,0,1,0.0,2795.0,1.123076923076923,32819.0,0.3329589769155636,0.3372811670434425,0.2480679581847908,B,191.0,0,1.0,0.0,0.0,0.0,459.0,7.0,0.0,0.0,0.0,1.0,0.0,1.0,33.0,6.0,2.0,1.0,8.0,1.0,192.0,0.0,23.0,0.0,1.0,81.0,99999.0,168.0,1.0,0.0,291954.0,0.0,0.0,0.0,4.0,0.0,2.0,2.0,0.0,3.0,0.0,-0.1091665809718578,-0.18827349289073714,0.13699271006921837,-0.14209565667603957,0.12681166561429538,0.09154098990252699,-0.07034504579162959,-0.11910610672405984,0.043484354902003225,0.16894243532599906,0.06891243213546375,-0.06930372276885687,-0.15001322365700048,0.16826983464198522,0.05777595718110798,0.05491722037638777,0.10001349160327515,-0.0396387847465165,0.0628878217725071,-0.0025250221890105603,-0.10968019034324779,0.29414262121614615,-0.03021581483703515,0.2697498374100057,-0.07330452249189978,0.025382347770824376,0.33183641136280506,-0.02712013013461787,-0.019851908976871703,-0.04136613683987285,0.06506737371538793,0.3914185213487937,0.05009377283014747,-0.03943841709490631,-0.008677188536520008,0.015520686370377988,-0.09643796186055453,-0.007887488201551105,0.0509809958782628,0.07859412786274209,0.0794212202023958,-0.015657428702411637,-0.10458946740048633,-0.018362687948835704,0.25986861206479284
8526648,2024-12-28 22:27:25+00:00,1,"['miles_odometer__app', 'ENG-bk', 'g095s__tu', 'ENG-wtd_avg', 'ENG-loan_to_value']","['inquiryshortterm12month__ln', 'linkt003__tu', 'inquirybanking12month__ln', 'rtl_trd__tu', 'g232s__tu']","[1, 1, 1, 1, 1, 1, 1, 1, 1, 1, 1, 0, 0, 0]","[1, 1, 1, 1, 1, 1, 1, 1, 1, 1]",25873.0,25000.0,,1,1,1.0,5280.0,1.03492,12.0,0.47148392025803176,0.2596410016840132,0.2704132784878517,C,133.0,0,75.0,0.0,0.0,0.0,261.0,13.0,1.0,2.0,1680.0,2.0,1.0,4.0,44.0,6.0,0.0,37.0,3.0,1.0,11.0,0.0,1.0,0.0,18.0,536.0,1088.0,2.0,6.0,0.0,291954.0,0.0,0.0,0.0,8.0,1.0,1.0,7.0,3.0,0.0,1.0,0.13197734800913727,0.020443712167482336,0.34054786660712466,-0.14209565667603957,0.12681166561429538,0.09154098990252699,-0.07034504579162959,-0.0195542954136434,-0.12919791320011853,-0.20255280703278697,-0.2536446870910988,0.15358010403820122,0.21762167078723413,0.013471361800327993,0.05777595718110798,-0.1698800097696574,0.10001349160327515,-0.0396387847465165,0.0628878217725071,-0.019784226182213507,-0.10968019034324779,0.17204724541497285,-0.03021581483703515,-0.09030720766073672,0.3644461705690194,0.025382347770824376,-0.09270778723875307,-0.02712013013461787,-0.019851908976871703,-0.04136613683987285,-0.050269119640593704,-0.056514357135833804,0.05009377283014747,-0.03943841709490631,-0.008677188536520008,0.015520686370377988,-0.09643796186055453,-0.007887488201551105,-0.09651061942270173,-0.28347325196329687,0.0794212202023958,-0.015657428702411637,0.25194094475317025,-0.018362687948835704,-0.14194679566893836
8514388,2024-12-22 00:00:55+00:00,1,"['ENG-loan_to_value', 'fltgrossmonthly__income_sum', 'cv15__tu', 'in21s__tu', 'linkf098__tu']","['inquiryshortterm12month__ln', 'inquirybanking12month__ln', 'balmag01__tu', 'ENG-wtd_avg', 'au20s__tu']",,,15777.0,15800.0,,0,1,0.0,10000.0,0.9985443037974684,61839.0,0.45367594217796214,0.27775640912627786,0.2783541434833623,C,161.0,0,1.0,0.0,0.0,0.0,381.0,8.0,1.0,0.0,909.0,1.0,0.0,1.0,40.0,4.0,2.0,1.0,1.0,1.0,46.0,0.0,3.0,351.0,18.0,536.0,99999.0,1.0,1.0,0.0,291954.0,0.0,36.0,3.0,12.0,1.0,6.0,1.0,0.0,0.0,1.0,0.30369082926416546,-0.18827349289073714,-0.04132723560415334,-0.14209565667603957,0.29484426505884404,0.09154098990252699,-0.07034504579162959,-0.11910610672405984,0.043484354902003225,-0.20255280703278697,0.06891243213546375,0.10777261724792812,-0.15001322365700048,0.16826983464198522,0.05777595718110798,0.05491722037638777,0.10001349160327515,-0.0396387847465165,0.0628878217725071,-0.0025250221890105603,-0.10968019034324779,-0.0922532562049396,-0.03021581483703515,0.10689258131274595,-0.07330452249189978,0.025382347770824376,-0.09270778723875307,0.09990807864792559,-0.019851908976871703,-0.04136613683987285,0.06506737371538793,-0.056514357135833804,0.05009377283014747,-0.03943841709490631,-0.008677188536520008,0.015520686370377988,0.10596202742217121,0.12919669236557793,-0.09651061942270173,-0.28347325196329687,-0.04071155733815719,-0.0016142148168469777,-0.10458946740048633,-0.018362687948835704,-0.14194679566893836
8426569,2024-11-27 02:30:37+00:00,1,"['ENG-loan_to_value', 'rev322__tu', 'g232s__tu', 'balmag01__tu', 'fi101s__tu']","['derogseverityindex__ln', 'inquiryshortterm12month__ln', 'linkt003__tu', 'g002s__tu', 'miles_odometer__app']","[1, 1, 1, 1, 1, 1, 1, 1, 1, 1, 1, 1, 1, 0, 0, 0, 0, 0, 0, 0, 0, 0, 0]",,16587.0,18189.0,,0,1,0.32971014492753625,5500.0,0.9119247897080653,89989.0,0.4587430583849186,0.27775640912627786,0.28146308680741616,C,73.0,0,72.0,1.0,4.0,2206.0,206.0,3.0,0.0,1.0,0.0,1.0,4.0,1.0,50.0,0.0,4.0,1.0,2.0,1.0,24.0,0.0,1.0,2979.0,2.0,99.0,907.0,1.0,2.0,0.0,0.0,0.0,10.0,0.0,9.0,1.0,83.0,8.0,0.0,9.0,0.0,0.13197734800913727,0.020443712167482336,-0.1275519600589978,-0.007719313883108272,0.29484426505884404,-0.1660761708115241,0.3264994580051225,0.17363223309014522,0.29009271071754617,0.16894243532599906,-0.1824628326067655,-0.06930372276885687,-0.06524181341490069,0.16826983464198522,-0.49163307727602673,0.05491722037638777,-0.01837301611295693,0.03224864732983013,0.0628878217725071,0.07473342567718344,-0.10968019034324779,-0.03087346191658939,-0.03021581483703515,-0.08639642557536051,-0.07330452249189978,0.025382347770824376,-0.09270778723875307,0.09990807864792559,-0.019851908976871703,-0.04136613683987285,-0.050269119640593704,-0.056514357135833804,0.05009377283014747,-0.03943841709490631,0.1480974085261193,0.015520686370377988,0.10596202742217121,-0.007887488201551105,-0.09651061942270173,-0.28347325196329687,-0.08150226837530647,-0.015657428702411637,-0.10458946740048633,-0.018362687948835704,0.25986861206479284
8480423,2024-12-12 05:07:14+00:00,1,"['balmag01__tu', 'miles_odometer__app', 'au20s__tu', 's209a__tu', 'ENG-wtd_avg']","['g232s__tu', 'ENG-franchise', 'in21s__tu', 'g095s__tu', 'cv15__tu']","[1, 1, 1, 1, 1, 1, 1, 1, 1, 1, 1, 1, 1, 1, 1, 1, 1, 1, 1, 1, 1, 1, 1, 1, 1, 1, 0]","[1, 1, 1, 1, 1, 1, 1, 1, 1, 1, 1, 1, 1, 1, 1, 1, 1, 1, 1]",23148.0,18675.0,747.0,0,0,1.0,6194.0,1.2395180722891566,23117.0,0.3713112902827261,0.3501845945669622,0.2872255323638088,C,289.0,0,105.0,1.0,0.0,0.0,136.0,20.0,0.0,0.0,0.0,3.0,0.0,2.0,56.0,0.0,2.0,21.0,2.0,1.0,21.0,0.0,1.0,0.0,1.0,91.0,99999.0,1.0,3.0,0.0,28015.0,2.0,2.0,0.0,9.0,0.0,4.0,2.0,0.0,64.0,1.0,0.13197734800913727,0.3655886981676968,0.34054786660712466,-0.007719313883108272,-0.002109078899541321,0.09154098990252699,-0.07034504579162959,0.4398748289474107,-0.15507978464835534,0.16894243532599906,0.06891243213546375,-0.06930372276885687,0.21762167078723413,-0.12259399033321434,0.05777595718110798,-0.0962114720772341,-0.01837301611295693,0.03224864732983013,-0.11793592802472794,-0.0025250221890105603,-0.10968019034324779,-0.03087346191658939,-0.03021581483703515,-0.08639642557536051,-0.07330452249189978,0.025382347770824376,-0.09270778723875307,-0.02712013013461787,-0.019851908976871703,-0.04136613683987285,0.06506737371538793,-0.056514357135833804,0.05009377283014747,-0.03943841709490631,-0.008677188536520008,-0.049256171180166765,-0.0684240555566314,-0.007887488201551105,-0.09651061942270173,0.07859412786274209,-0.025593941117068985,-0.015657428702411637,-0.10458946740048633,0.12016521996775872,-0.14194679566893836
8554569,2025-01-10 05:16:58+00:00,1,"['g095s__tu', 'au20s__tu', 'ENG-wtd_avg', 'ENG-loan_to_value', 'rtl_trd__tu']","['inquiryshortterm12month__ln', 'g002s__tu', 'miles_odometer__app', 'in21s__tu', 'trv01__tu']","[1, 1, 1, 1, 1, 1, 0, 0, 0, 0]","[1, 1, 1, 1, 1, 1, 1, 1]",14924.0,13450.0,379.0,0,1,1.0,4313.0,1.1095910780669145,114587.0,0.38591889392115863,0.3372811670434425,0.28752524688418984,C,253.0,0,107.0,3.0,3.0,0.0,226.0,12.0,0.0,0.0,0.0,1.0,1.0,0.0,32.0,6.0,5.0,1.0,3.0,1.0,2.0,0.0,1.0,0.0,4.0,114.0,244.0,1.0,10.0,0.0,13084.0,0.0,46.0,0.0,4.0,1.0,83.0,10.0,77.0,4.0,1.0,0.040308154710334734,0.3655886981676968,-0.1275519600589978,0.2004005232174445,0.12681166561429538,-0.1660761708115241,-0.07034504579162959,0.04221351096772582,-0.05599586626278019,0.16894243532599906,0.06891243213546375,-0.06930372276885687,0.21762167078723413,0.16826983464198522,0.05777595718110798,0.13159391579138138,0.10874047098924666,-0.0396387847465165,0.0628878217725071,0.07473342567718344,-0.10968019034324779,0.17204724541497285,-0.03021581483703515,-0.09030720766073672,-0.07330452249189978,0.025382347770824376,-0.09270778723875307,-0.02712013013461787,-0.019851908976871703,-0.04136613683987285,-0.050269119640593704,-0.056514357135833804,0.0033944331617501993,-0.03943841709490631,-0.008677188536520008,0.015520686370377988,0.10596202742217121,-0.007887488201551105,0.0509809958782628,-0.28347325196329687,-0.08150226837530647,-0.015657428702411637,0.25194094475317025,-0.018362687948835704,-0.14194679566893836
8572435,2025-01-17 05:12:27+00:00,1,"['ENG-loan_to_value', 'miles_odometer__app', 'au20s__tu', 'in34s__tu', 'rtl_trd__tu']","['g232s__tu', 'cv15__tu', 'inquirybanking12month__ln', 'g002s__tu', 'in21s__tu']","[0, 0, 0, 0, 0, 0, 0, 0, 0, 0, 0, 0, 0, 0, 0, 0, 0, 0, 0, 0, 0, 0, 0, 0, 0, 0, 0, 0, 0, 0, 0, 0, 0, 0, 0, 0, 0, 0, 0, 0, 0, 0, 0, 0, 0, 0, 0, 0, 0, 0, 0, 0, 0, 0, 0, 0, 0, 0, 0, 0, 0, 0, 0, 0, 0, 0, 0, 0, 0, 0, 0, 0, 0, 0, 0]","[1, 1, 1, 1, 1, 1, 0, 0, 1, 0, 0, 0, 1, 1, 1, 1]",23740.0,24100.0,307.0,0,1,0.6470588235294118,4250.0,0.9850622406639005,23.0,0.4697429478446884,0.27775640912627786,0.28821209975768813,C,345.0,0,102.0,2.0,3.0,4.0,228.0,63.0,1.0,0.0,0.0,5.0,0.0,1.0,43.0,6.0,6.0,17.0,2.0,2.0,17.0,0.0,1.0,0.0,1.0,75.0,761.0,23.0,9.0,1.0,17929.0,0.0,2.0,0.0,21.0,0.0,83.0,5.0,0.0,6.0,1.0,0.040308154710334734,0.2177365717902033,0.34054786660712466,0.10794025034518957,0.29484426505884404,-0.1660761708115241,-0.07034504579162959,0.04221351096772582,-0.38056948270557656,-0.20255280703278697,0.06891243213546375,-0.06930372276885687,0.010623758166246828,-0.20621158598810324,0.05777595718110798,0.05491722037638777,0.10001349160327515,-0.0396387847465165,0.0628878217725071,0.07473342567718344,-0.10968019034324779,-0.03087346191658939,0.12508668317741883,-0.08639642557536051,-0.07330452249189978,0.025382347770824376,-0.09270778723875307,-0.02712013013461787,-0.019851908976871703,0.16574715799894735,-0.050269119640593704,-0.056514357135833804,0.0033944331617501993,0.1897445569872553,-0.008677188536520008,0.015520686370377988,-0.0684240555566314,-0.007887488201551105,-0.09651061942270173,0.07859412786274209,-0.08150226837530647,-0.015657428702411637,-0.10458946740048633,-0.018362687948835704,-0.14194679566893836
8484794,2024-12-14 00:36:04+00:00,1,"['ENG-loan_to_value', 'inquirybanking12month__ln', 'inquiryshortterm12month__ln', 'linkt003__tu', 'derogseverityindex__ln']","['g232s__tu', 'g002s__tu', 'balmag01__tu', 'ENG-franchise', 'in21s__tu']","[1, 1, 1, 1, 1, 1, 1, 1, 1, 1, 1, 1, 1, 1, 1, 0, 0, 1, 0, 0, 0, 0, 0, 0, 0]",,12228.0,15000.0,,0,0,0.4246153846153846,3800.0,0.8152,64143.0,0.5141657042766195,0.19939686644815996,0.2910710847729021,C,187.0,1,82.0,1.0,7.0,0.0,394.0,16.0,0.0,0.0,0.0,2.0,0.0,2.0,73.0,0.0,1.0,1.0,1.0,1.0,20.0,0.0,1.0,0.0,3.0,536.0,99999.0,1.0,1.0,0.0,23719.0,0.0,1.0,0.0,8.0,0.0,2.0,9.0,0.0,6.0,1.0,-0.027970179858952268,0.020443712167482336,-0.04132723560415334,-0.007719313883108272,0.7217349611530631,-0.1660761708115241,-0.07034504579162959,-0.11910610672405984,-0.15507978464835534,0.16894243532599906,0.06891243213546375,-0.06930372276885687,-0.06524181341490069,0.013471361800327993,0.05777595718110798,-0.0962114720772341,-0.04608437682097869,0.03224864732983013,-0.11793592802472794,-0.019784226182213507,-0.10968019034324779,-0.0922532562049396,-0.03021581483703515,-0.08639642557536051,-0.07330452249189978,0.025382347770824376,-0.09270778723875307,-0.02712013013461787,-0.019851908976871703,-0.04136613683987285,0.06506737371538793,-0.056514357135833804,0.05009377283014747,-0.03943841709490631,-0.008677188536520008,0.015520686370377988,-0.0684240555566314,-0.007887488201551105,-0.09651061942270173,0.07859412786274209,0.0794212202023958,-0.015657428702411637,-0.10458946740048633,-0.018362687948835704,-0.14194679566893836
8561058,2025-01-13 05:00:47+00:00,1,"['ENG-loan_to_value', 'g232s__tu', 'cv15__tu', 'inquirybanking12month__ln', 'inquirynonshortterm12month__ln']","['balmag01__tu', 'ENG-wtd_avg', 'ENG-franchise', 'au20s__tu', 'rtl_trd__tu']",,,19769.0,19750.0,,0,0,0.0,4207.67,1.0009620253164557,62495.0,0.4806625787520436,0.27775640912627786,0.2949118698486025,C,384.0,0,1.0,0.0,0.0,0.0,321.0,4.0,0.0,0.0,0.0,1.0,2.0,0.0,0.0,0.0,1.0,1.0,2.0,1.0,0.0,0.0,1.0,0.0,1.0,536.0,940.0,1.0,4.0,0.0,291954.0,0.0,0.0,0.0,12.0,0.0,2.0,1.0,0.0,7.0,0.0,0.040308154710334734,-0.18827349289073714,-0.04132723560415334,-0.14209565667603957,0.29484426505884404,0.09154098990252699,-0.07034504579162959,-0.11910610672405984,0.2051052489933988,0.16894243532599906,0.06891243213546375,-0.06930372276885687,-0.15001322365700048,0.16826983464198522,0.05777595718110798,0.13159391579138138,0.10874047098924666,0.03224864732983013,-0.11793592802472794,-0.019784226182213507,-0.10968019034324779,-0.03087346191658939,-0.03021581483703515,-0.09030720766073672,-0.07330452249189978,0.025382347770824376,-0.09270778723875307,-0.02712013013461787,-0.019851908976871703,-0.04136613683987285,-0.050269119640593704,-0.056514357135833804,0.05009377283014747,-0.03943841709490631,-0.008677188536520008,0.015520686370377988,-0.09643796186055453,-0.007887488201551105,-0.09651061942270173,0.07859412786274209,0.0794212202023958,-0.0016142148168469777,-0.10458946740048633,-0.018362687948835704,0.25986861206479284
8482512,2024-12-13 02:45:03+00:00,1,"['ENG-loan_to_value', 'miles_odometer__app', 'au20s__tu', 'addrprevioustimenewest__ln', 'jt20s__tu']","['inquirybanking12month__ln', 'g002s__tu', 'balmag01__tu', 'rtl_trd__tu', 'in21s__tu']","[1, 1, 1, 1, 1, 1, 1, 1, 1, 1, 1, 1, 1, 1, 1, 1, 1, 1, 1, 1, 0, 1, 1, 0, 0, 1, 0, 0, 0, 0, 0, 0, 0, 0, 0, 0]",,24992.0,25000.0,,0,1,0.4219219219219219,4503.0,0.99968,12.0,0.375048196989924,0.27775640912627786,0.2957527565871759,C,390.0,1,103.0,0.0,3.0,0.0,395.0,5.0,1.0,0.0,0.0,1.0,0.0,1.0,71.0,6.0,12.0,103.0,2.0,1.0,21.0,0.0,1.0,0.0,8.0,536.0,99999.0,177.0,5.0,0.0,55203.0,1.0,0.0,7.0,21.0,0.0,5.0,11.0,0.0,12.0,1.0,0.05862755356495931,0.3655886981676968,0.34054786660712466,-0.14209565667603957,0.29484426505884404,-0.1660761708115241,-0.07034504579162959,-0.11910610672405984,0.14733527822414866,-0.20255280703278697,0.06891243213546375,-0.06930372276885687,-0.06524181341490069,0.16826983464198522,0.05777595718110798,0.05491722037638777,-0.04608437682097869,-0.0396387847465165,0.0628878217725071,0.07473342567718344,0.38284509462663713,-0.03087346191658939,-0.03021581483703515,-0.08639642557536051,-0.07330452249189978,0.025382347770824376,-0.09270778723875307,-0.02712013013461787,-0.019851908976871703,-0.04136613683987285,0.06506737371538793,0.3914185213487937,0.05009377283014747,-0.03943841709490631,-0.008677188536520008,-0.049256171180166765,-0.09643796186055453,0.12919669236557793,-0.09651061942270173,0.07859412786274209,-0.04071155733815719,-0.015657428702411637,-0.10458946740048633,-0.018362687948835704,-0.14194679566893836
8477431,2024-12-11 03:22:52+00:00,0,"['ENG-loan_to_value', 'g232s__tu', 'linka006__tu', 'cv15__tu', 'inquirybanking12month__ln']","['rp01s__tu', 'linkt003__tu', 'g002s__tu', 'balmag01__tu', 'ENG-wtd_avg']",,,15154.0,17450.0,,0,1,0.0,2000.0,0.8684240687679083,25363.0,0.48395086771314394,0.27775640912627786,0.29692940873968576,C,7.0,0,1.0,0.0,33.0,0.0,600.0,4.0,0.0,1.0,0.0,1.0,0.0,0.0,100.0,6.0,0.0,1.0,2.0,1.0,0.0,4.0,1.0,0.0,18.0,536.0,175.0,1.0,1.0,0.0,291954.0,0.0,0.0,0.0,1.0,0.0,5.0,51.0,0.0,0.0,0.0,-0.1091665809718578,-0.18827349289073714,0.13699271006921837,-0.14209565667603957,0.7217349611530631,-0.1660761708115241,-0.07034504579162959,-0.11910610672405984,0.2051052489933988,0.16894243532599906,-0.1824628326067655,-0.06930372276885687,-0.15001322365700048,0.16826983464198522,0.05777595718110798,0.13159391579138138,-0.15797629343215172,-0.0396387847465165,0.0628878217725071,-0.019784226182213507,-0.10968019034324779,-0.03087346191658939,-0.03021581483703515,-0.09030720766073672,-0.07330452249189978,-0.1622949085028706,-0.09270778723875307,-0.02712013013461787,-0.019851908976871703,-0.04136613683987285,-0.050269119640593704,-0.056514357135833804,0.05009377283014747,-0.03943841709490631,-0.008677188536520008,0.015520686370377988,-0.09643796186055453,-0.007887488201551105,0.22656232222654338,0.07859412786274209,-0.04071155733815719,-0.015657428702411637,-0.10458946740048633,-0.018362687948835704,0.25986861206479284
8473847,2024-12-10 01:58:00+00:00,1,"['ENG-loan_to_value', 'fltgrossmonthly__income_sum', 'inquirybanking12month__ln', 'inquirynonshortterm12month__ln', 'addrprevioustimenewest__ln']","['g002s__tu', 'ENG-wtd_avg', 'ENG-franchise', 'au20s__tu', 'rtl_trd__tu']",,"[1, 1, 1, 1, 1, 1, 1, 1, 1, 0, 0, 0, 1, 0, 0, 0, 0, 0, 0, 0, 0, 0, 0, 0, 1, 1, 1, 0, 0, 0, 0, 0, 0, 0, 0]",29997.0,30000.0,584.0,0,0,0.21587301587301588,6026.86,0.9999,49180.0,0.4885641413866778,0.27775640912627786,0.29975989570773215,C,462.0,0,37.0,0.0,8.0,0.0,214.0,7.0,0.0,0.0,0.0,2.0,0.0,1.0,80.0,0.0,0.0,1.0,2.0,1.0,35.0,0.0,1.0,0.0,2.0,98.0,99999.0,64.0,3.0,0.0,21779.0,2.0,2.0,0.0,18.0,0.0,5.0,5.0,0.0,20.0,0.0,0.13197734800913727,-0.18827349289073714,0.037311957071715245,-0.14209565667603957,0.29484426505884404,-0.1660761708115241,-0.07034504579162959,0.04221351096772582,0.043484354902003225,0.16894243532599906,0.06891243213546375,-0.06930372276885687,-0.15001322365700048,0.013471361800327993,0.05777595718110798,0.05491722037638777,-0.15797629343215172,0.03224864732983013,-0.11793592802472794,-0.019784226182213507,-0.10968019034324779,-0.03087346191658939,-0.03021581483703515,0.04990870277300484,-0.07330452249189978,0.025382347770824376,-0.09270778723875307,-0.02712013013461787,-0.019851908976871703,-0.04136613683987285,0.06506737371538793,0.1373276043208283,0.05009377283014747,-0.03943841709490631,-0.008677188536520008,-0.049256171180166765,-0.0684240555566314,-0.007887488201551105,-0.09651061942270173,0.07859412786274209,-0.04071155733815719,-0.015657428702411637,-0.10458946740048633,0.002489027625756258,0.25986861206479284
8524326,2024-12-28 01:08:55+00:00,0,"['balmag01__tu', 'miles_odometer__app', 'rev322__tu', 'g251c__tu', 'ENG-loan_to_value']","['g232s__tu', 'inquirybanking12month__ln', 'ENG-wtd_avg', 'au20s__tu', 'fltgrossmonthly__income_sum']",,,25185.0,23425.0,,0,1,0.0,658.97,1.0751334044823906,21132.0,0.40953661644900197,0.3372811670434425,0.3051214092064414,C,31.0,0,1.0,1.0,0.0,5637.0,122.0,36.0,1.0,0.0,1312.0,3.0,0.0,1.0,0.0,6.0,4.0,1.0,1.0,2.0,15.0,0.0,1.0,0.0,18.0,102.0,428.0,9.0,1.0,0.0,291954.0,0.0,0.0,0.0,9.0,0.0,2.0,0.0,0.0,0.0,1.0,-0.1091665809718578,-0.18827349289073714,0.34054786660712466,-0.007719313883108272,0.12681166561429538,0.09154098990252699,0.3264994580051225,0.4398748289474107,-0.38056948270557656,-0.20255280703278697,0.06891243213546375,0.15358010403820122,-0.15001322365700048,-0.12259399033321434,0.05777595718110798,0.05491722037638777,0.10874047098924666,-0.0396387847465165,0.0628878217725071,0.07473342567718344,-0.10968019034324779,-0.0922532562049396,0.12508668317741883,-0.09030720766073672,-0.07330452249189978,0.025382347770824376,-0.09270778723875307,-0.02712013013461787,-0.019851908976871703,-0.04136613683987285,-0.050269119640593704,-0.056514357135833804,0.05009377283014747,-0.03943841709490631,-0.008677188536520008,0.015520686370377988,-0.09643796186055453,-0.007887488201551105,-0.09651061942270173,0.07859412786274209,0.0794212202023958,0.08850290045664871,-0.10458946740048633,-0.018362687948835704,-0.14194679566893836
8478579,2024-12-11 09:19:08+00:00,1,"['rtl_trd__tu', 'fltgrossmonthly__income_sum', 'au20s__tu', 'g095s__tu', 'ENG-wtd_avg']","['linkt003__tu', 'inquirybanking12month__ln', 'g232s__tu', 'g407s__tu', 'in21s__tu']","[1, 1, 1, 1, 1, 1]","[1, 1, 1, 1, 1]",31687.0,24842.0,696.0,0,1,1.0,7600.0,1.2755414217856855,46712.0,0.366244809054952,0.39004257415648635,0.3155522953796709,C,159.0,0,122.0,5.0,0.0,0.0,258.0,16.0,1.0,1.0,9884.0,3.0,1.0,5.0,19.0,6.0,2.0,124.0,1.0,1.0,6.0,0.0,5.0,4603.0,18.0,96.0,99999.0,16.0,10.0,0.0,33830.0,1.0,2.0,0.0,9.0,0.0,83.0,6.0,6.0,0.0,1.0,0.30369082926416546,0.4102418344400132,0.037311957071715245,0.4863873741462653,-0.060300927094883106,0.09154098990252699,-0.07034504579162959,-0.0195542954136434,-0.15507978464835534,-0.20255280703278697,-0.1824628326067655,0.1885423072401762,0.21762167078723413,-0.12259399033321434,0.05777595718110798,-0.1698800097696574,0.10874047098924666,-0.0396387847465165,0.0628878217725071,-0.0025250221890105603,0.38284509462663713,-0.0922532562049396,-0.03021581483703515,-0.09030720766073672,-0.07330452249189978,0.025382347770824376,0.10723235366853863,0.09990807864792559,-0.019851908976871703,-0.04136613683987285,0.06506737371538793,-0.056514357135833804,0.0033944331617501993,-0.03943841709490631,-0.008677188536520008,-0.049256171180166765,-0.0684240555566314,-0.007887488201551105,-0.09651061942270173,0.07859412786274209,-0.08150226837530647,-0.015657428702411637,0.25194094475317025,-0.018362687948835704,-0.14194679566893836
8477230,2024-12-11 02:33:32+00:00,1,"['ENG-loan_to_value', 'g251c__tu', 'fi101s__tu', 'inquirybanking12month__ln', 'in34s__tu']","['linkt003__tu', 'ENG-wtd_avg', 'au20s__tu', 'rtl_trd__tu', 'miles_odometer__app']",,,14333.0,15500.0,,0,1,0.0,3500.0,0.9247096774193548,90079.0,0.5164778413503949,0.27775640912627786,0.3168864244091464,C,4.0,0,1.0,0.0,0.0,0.0,277.0,9.0,0.0,2.0,0.0,2.0,0.0,0.0,100.0,0.0,0.0,1.0,1.0,1.0,4.0,0.0,1.0,0.0,18.0,62.0,99999.0,1.0,0.0,0.0,62.0,0.0,2.0,0.0,3.0,0.0,83.0,0.0,0.0,0.0,1.0,-0.09681697912336358,-0.18827349289073714,-0.1275519600589978,-0.14209565667603957,0.29484426505884404,0.09154098990252699,-0.07034504579162959,-0.06943203585757203,0.043484354902003225,0.16894243532599906,-0.2536446870910988,-0.06930372276885687,-0.15001322365700048,0.013471361800327993,0.05777595718110798,0.13159391579138138,-0.15797629343215172,0.03224864732983013,0.0628878217725071,-0.019784226182213507,-0.10968019034324779,-0.0922532562049396,-0.03021581483703515,-0.09030720766073672,-0.07330452249189978,0.025382347770824376,-0.09270778723875307,-0.02712013013461787,-0.019851908976871703,0.16574715799894735,0.06506737371538793,-0.056514357135833804,0.05009377283014747,-0.03943841709490631,0.1480974085261193,0.015520686370377988,-0.0684240555566314,-0.007887488201551105,0.08445375502265723,0.07859412786274209,-0.08150226837530647,0.08850290045664871,-0.10458946740048633,-0.018362687948835704,-0.14194679566893836
8557240,2025-01-11 04:44:13+00:00,1,"['ENG-loan_to_value', 'in21s__tu', 'inquirybanking12month__ln', 'at24s__tu', 'g002s__tu']","['balmag01__tu', 'ENG-wtd_avg', 'ENG-franchise', 'rtl_trd__tu', 'miles_odometer__app']","[1, 1, 1, 0, 0, 0, 0, 0, 0, 0, 0, 0, 0, 0, 0, 0, 0, 0, 0, 0, 0, 0, 0, 0, 0, 0, 0, 0, 0, 0, 0, 0, 0, 0, 0, 0, 0, 0, 0, 0, 0, 0, 0, 0, 0, 0, 0, 0, 0, 0, 0]",,16122.0,19275.0,,0,0,0.004524886877828055,4250.0,0.8364202334630351,91724.0,0.40307533543395907,0.27775640912627786,0.3178541918709629,C,126.0,1,60.0,0.0,0.0,0.0,398.0,8.0,0.0,0.0,0.0,2.0,0.0,2.0,45.0,0.0,4.0,1.0,1.0,2.0,44.0,0.0,1.0,0.0,2.0,103.0,599.0,2.0,3.0,0.0,9234.0,0.0,8.0,0.0,6.0,0.0,83.0,5.0,0.0,3.0,1.0,0.040308154710334734,0.020443712167482336,-0.1275519600589978,-0.14209565667603957,0.7217349611530631,0.09154098990252699,-0.07034504579162959,-0.11910610672405984,0.043484354902003225,0.16894243532599906,0.06891243213546375,-0.06930372276885687,-0.15001322365700048,0.013471361800327993,0.05777595718110798,-0.0962114720772341,0.10001349160327515,0.03224864732983013,-0.11793592802472794,0.07473342567718344,-0.10968019034324779,-0.0922532562049396,0.12508668317741883,0.10689258131274595,-0.07330452249189978,0.025382347770824376,-0.09270778723875307,-0.02712013013461787,-0.019851908976871703,-0.04136613683987285,-0.050269119640593704,-0.056514357135833804,0.05009377283014747,-0.03943841709490631,-0.008677188536520008,0.015520686370377988,0.10596202742217121,-0.007887488201551105,-0.017088484297844653,0.07859412786274209,-0.08150226837530647,-0.015657428702411637,-0.10458946740048633,-0.018362687948835704,-0.14194679566893836
8510697,2024-12-20 06:32:01+00:00,1,"['au20s__tu', 'fltgrossmonthly__income_sum', 'miles_odometer__app', 'jt20s__tu', 'ENG-loan_to_value']","['rp01s__tu', 'linkt003__tu', 'inquirybanking12month__ln', 'g002s__tu', 'ENG-wtd_avg']","[1, 1, 0, 1, 0, 0, 0, 0, 0, 0, 0, 0, 1, 1, 1, 0, 0, 0, 1, 0, 0, 1, 1, 1, 0, 0, 0, 1, 0, 0, 0, 0, 0, 0, 0, 0, 0, 0, 0, 0, 0]",,37883.0,33751.0,,0,1,0.1916376306620209,7083.0,1.1224260021925276,16.0,0.42682396490155866,0.3372811670434425,0.3180011857866723,C,387.0,0,176.0,3.0,3.0,0.0,266.0,6.0,1.0,1.0,0.0,1.0,3.0,2.0,50.0,0.0,1.0,176.0,1.0,1.0,44.0,1.0,1.0,0.0,7.0,117.0,281.0,1.0,10.0,0.0,34815.0,4.0,1.0,0.0,12.0,0.0,3.0,10.0,0.0,3.0,1.0,0.30369082926416546,0.5381266846763259,0.34054786660712466,0.2004005232174445,0.12681166561429538,-0.1660761708115241,-0.07034504579162959,-0.0195542954136434,0.1363642225800611,-0.20255280703278697,-0.1824628326067655,-0.06930372276885687,-0.15001322365700048,0.16826983464198522,0.05777595718110798,-0.0962114720772341,-0.01837301611295693,0.03224864732983013,0.0628878217725071,-0.019784226182213507,0.5094610820757571,-0.0922532562049396,-0.03021581483703515,0.10689258131274595,-0.07330452249189978,-0.1622949085028706,-0.09270778723875307,-0.02712013013461787,-0.019851908976871703,-0.04136613683987285,-0.050269119640593704,-0.056514357135833804,0.0033944331617501993,-0.03943841709490631,-0.008677188536520008,-0.049256171180166765,-0.0684240555566314,-0.007887488201551105,-0.09651061942270173,0.07859412786274209,0.07637038800224982,-0.015657428702411637,-0.10458946740048633,-0.018362687948835704,-0.14194679566893836
8557131,2025-01-11 04:19:17+00:00,1,"['rtl_trd__tu', 'miles_odometer__app', 'ENG-wtd_avg', 'rev322__tu', 'fi101s__tu']","['cv15__tu', 'inquirybanking12month__ln', 'g232s__tu', 'ENG-franchise', 'in21s__tu']","[1, 1, 1, 1]",,23303.0,18950.0,,0,0,1.0,3650.0,1.2297097625329816,16293.0,0.4172835983570188,0.3501845945669622,0.32278712450009306,D,186.0,0,72.0,5.0,0.0,150.0,288.0,19.0,1.0,0.0,54356.0,4.0,0.0,1.0,58.0,0.0,0.0,72.0,3.0,1.0,17.0,0.0,1.0,0.0,1.0,536.0,484.0,1.0,2.0,0.0,0.0,4.0,999.0,0.0,28.0,0.0,2.0,6.0,0.0,10.0,1.0,-0.09681697912336358,0.020443712167482336,0.34054786660712466,0.4863873741462653,-0.002109078899541321,0.09154098990252699,0.17776804417874942,-0.06943203585757203,-0.15507978464835534,-0.20255280703278697,0.06891243213546375,0.1885423072401762,0.21762167078723413,-0.20621158598810324,0.05777595718110798,0.05491722037638777,-0.01837301611295693,0.03224864732983013,-0.11793592802472794,-0.019784226182213507,0.16725028297757608,0.17204724541497285,-0.03021581483703515,-0.08639642557536051,-0.07330452249189978,0.025382347770824376,-0.09270778723875307,-0.02712013013461787,-0.019851908976871703,-0.04136613683987285,-0.050269119640593704,-0.056514357135833804,0.05009377283014747,-0.03943841709490631,0.1480974085261193,-0.049256171180166765,0.1773409988380098,-0.007887488201551105,-0.09651061942270173,0.07859412786274209,0.0794212202023958,-0.015657428702411637,-0.10458946740048633,-0.018362687948835704,-0.14194679566893836
8504317,2024-12-18 02:06:27+00:00,1,"['ENG-loan_to_value', 'g232s__tu', 'linka006__tu', 'cv15__tu', 'inquirybanking12month__ln']","['rp01s__tu', 'linkt003__tu', 'g002s__tu', 'balmag01__tu', 'ENG-wtd_avg']",,,20455.0,21775.0,,0,1,0.0,5000.0,0.9393800229621125,28476.0,0.5330334160563776,0.27775640912627786,0.3270441435842816,D,5.0,0,1.0,0.0,33.0,0.0,600.0,4.0,0.0,1.0,0.0,1.0,0.0,0.0,100.0,0.0,0.0,1.0,1.0,1.0,0.0,4.0,1.0,0.0,18.0,536.0,99999.0,1.0,0.0,0.0,291954.0,0.0,0.0,0.0,1.0,0.0,83.0,51.0,0.0,0.0,0.0,0.05862755356495931,-0.18827349289073714,0.13699271006921837,-0.14209565667603957,0.29484426505884404,-0.1660761708115241,-0.07034504579162959,-0.11910610672405984,0.2051052489933988,0.16894243532599906,-0.1824628326067655,-0.06930372276885687,-0.15001322365700048,0.16826983464198522,0.05777595718110798,0.13159391579138138,-0.15797629343215172,0.03224864732983013,0.0628878217725071,-0.019784226182213507,-0.10968019034324779,-0.0922532562049396,-0.03021581483703515,-0.09030720766073672,-0.07330452249189978,-0.1622949085028706,-0.09270778723875307,-0.02712013013461787,-0.019851908976871703,-0.04136613683987285,0.06506737371538793,-0.056514357135833804,0.05009377283014747,-0.03943841709490631,-0.008677188536520008,0.015520686370377988,-0.09643796186055453,-0.007887488201551105,0.22656232222654338,0.07859412786274209,-0.08150226837530647,-0.015657428702411637,-0.10458946740048633,-0.018362687948835704,0.25986861206479284
8489852,2024-12-15 07:06:35+00:00,0,"['miles_odometer__app', 'in34s__tu', 'ENG-loan_to_value', 'rtl_trd__tu', 'fltgrossmonthly__income_sum']","['g232s__tu', 'cv15__tu', 'inquirybanking12month__ln', 'g002s__tu', 'g095s__tu']",,"[1, 1, 1, 1, 0, 0, 0, 0, 0, 0, 1, 1, 1, 1, 1, 1, 1, 1, 1, 1, 1, 1, 0, 1, 1, 1, 1, 1, 1, 1, 0, 0, 0, 0, 0, 0, 0, 0, 0, 0, 0, 0, 0, 0, 1, 0, 0, 0, 1, 0, 0, 0, 0, 0, 0, 0, 0, 0, 1, 0, 0, 0, 1, 0, 0, 0, 0, 1, 0, 0, 1, 1, 1, 1, 1, 1, 1, 0, 0, 0]",26162.0,23225.0,448.0,0,1,0.37006172839506174,5683.87,1.126458557588805,15147.0,0.4450453982618738,0.3372811670434425,0.3315768935533378,D,103.0,0,82.0,3.0,1.0,0.0,223.0,25.0,1.0,0.0,0.0,5.0,0.0,0.0,30.0,0.0,4.0,66.0,1.0,2.0,33.0,0.0,2.0,25.0,18.0,23.0,435.0,11.0,7.0,0.0,2672.0,0.0,1.0,0.0,7.0,0.0,83.0,3.0,0.0,0.0,1.0,0.13197734800913727,0.020443712167482336,0.34054786660712466,0.2004005232174445,0.12681166561429538,-0.1660761708115241,-0.07034504579162959,0.04221351096772582,-0.255209877581241,-0.20255280703278697,0.06891243213546375,-0.06930372276885687,-0.06524181341490069,-0.20621158598810324,0.05777595718110798,0.13159391579138138,0.10874047098924666,0.03224864732983013,0.0628878217725071,0.07473342567718344,-0.0019601420341259297,-0.0922532562049396,0.12508668317741883,0.04990870277300484,-0.07330452249189978,0.025382347770824376,-0.09270778723875307,-0.0014416545835477044,-0.019851908976871703,0.2987949245456811,-0.050269119640593704,-0.056514357135833804,0.029134920956684608,-0.03943841709490631,-0.008677188536520008,0.015520686370377988,-0.0684240555566314,-0.007887488201551105,-0.09651061942270173,0.07859412786274209,-0.08150226837530647,-0.015657428702411637,-0.10458946740048633,-0.018362687948835704,-0.14194679566893836
8439464,2024-12-03 07:38:18+00:00,0,"['balmag01__tu', 'inquirybanking12month__ln', 'ENG-wtd_avg', 'all235__tu', 'g407s__tu']","['ENG-franchise', 'au20s__tu', 'rtl_trd__tu', 'g095s__tu', 'trv01__tu']",,"[1, 1, 1, 1, 1, 1, 1, 1, 1, 1, 1, 1, 1, 1, 1, 1, 1, 1, 0, 1, 1, 1, 0, 0, 1, 1, 1]",26822.0,21475.0,549.0,0,0,0.8253968253968254,3800.0,1.2489871944121071,49036.0,0.4288554104547036,0.3501845945669622,0.33173842756346267,D,81.0,0,29.0,0.0,0.0,0.0,204.0,7.0,0.0,0.0,3842.0,2.0,0.0,0.0,4.0,0.0,13.0,29.0,7.0,1.0,29.0,0.0,1.0,0.0,2.0,88.0,875.0,1.0,2.0,1.0,18504.0,0.0,6.0,0.0,10.0,0.0,3.0,1.0,0.0,12.0,1.0,-0.027970179858952268,-0.18827349289073714,0.037311957071715245,-0.14209565667603957,-0.002109078899541321,0.09154098990252699,-0.07034504579162959,0.17363223309014522,0.043484354902003225,0.16894243532599906,0.06891243213546375,0.15358010403820122,0.14032874394710926,0.013471361800327993,0.05777595718110798,0.13159391579138138,0.10874047098924666,0.03224864732983013,-0.11793592802472794,0.07473342567718344,-0.10968019034324779,0.29414262121614615,-0.03021581483703515,0.04990870277300484,-0.07330452249189978,0.025382347770824376,-0.09270778723875307,-0.02712013013461787,-0.019851908976871703,-0.04136613683987285,-0.050269119640593704,-0.056514357135833804,0.05009377283014747,0.1897445569872553,-0.008677188536520008,0.015520686370377988,-0.0684240555566314,-0.007887488201551105,-0.09651061942270173,0.07859412786274209,0.07637038800224982,-0.0016142148168469777,-0.10458946740048633,-0.018362687948835704,-0.14194679566893836
8467949,2024-12-07 00:49:49+00:00,1,"['g232s__tu', 'au20s__tu', 'balmag01__tu', 'ENG-wtd_avg', 'jt20s__tu']","['inquiryshortterm12month__ln', 'g002s__tu', 'ENG-franchise', 'rtl_trd__tu', 'miles_odometer__app']","[1, 1, 1, 1, 1, 1, 1, 1, 1, 1, 0, 1, 1, 1, 1, 1, 1, 1, 1, 1, 1, 1, 1, 1, 1, 1, 1, 1, 0, 1, 1, 0, 0, 0, 0]","[1, 1, 1, 1, 1, 1, 1, 1, 1, 1, 1, 1, 1, 1, 1, 1, 1, 1, 1, 1, 1, 1, 1, 1, 1, 1]",25424.0,20300.0,400.0,0,0,1.0,4750.0,1.2524137931034482,82276.0,0.39376910139948346,0.39004257415648635,0.3392669076097512,D,249.0,0,106.0,0.0,1.0,0.0,170.0,2.0,0.0,0.0,0.0,1.0,0.0,1.0,42.0,4.0,3.0,106.0,2.0,1.0,4.0,0.0,4.0,0.0,2.0,89.0,149.0,89.0,5.0,0.0,225.0,0.0,25.0,0.0,5.0,1.0,4.0,3.0,0.0,7.0,0.0,0.05862755356495931,0.3655886981676968,-0.1275519600589978,-0.14209565667603957,-0.060300927094883106,-0.1660761708115241,-0.07034504579162959,0.17363223309014522,0.3569695839089846,0.16894243532599906,0.06891243213546375,-0.06930372276885687,0.21762167078723413,0.16826983464198522,0.05777595718110798,0.05491722037638777,0.10001349160327515,-0.0396387847465165,-0.11793592802472794,0.007908588638918862,0.38284509462663713,-0.03087346191658939,-0.03021581483703515,-0.09030720766073672,-0.07330452249189978,0.025382347770824376,0.10723235366853863,-0.02712013013461787,-0.019851908976871703,-0.04136613683987285,-0.050269119640593704,0.1373276043208283,0.05009377283014747,-0.03943841709490631,-0.008677188536520008,0.015520686370377988,0.10596202742217121,-0.007887488201551105,-0.017088484297844653,-0.28347325196329687,-0.025593941117068985,-0.015657428702411637,-0.10458946740048633,-0.018362687948835704,0.25986861206479284
8556651,2025-01-11 02:37:50+00:00,1,"['ENG-loan_to_value', 'linka006__tu', 'cv15__tu', 'inquirybanking12month__ln', 'g232s__tu']","['rp01s__tu', 'g002s__tu', 'balmag01__tu', 'ENG-wtd_avg', 'ENG-franchise']",,,14960.0,14975.0,,0,0,0.0,3639.0,0.9989983305509182,49332.0,0.5580613413130752,0.27775640912627786,0.342400097141239,D,255.0,0,1.0,0.0,33.0,0.0,600.0,6.0,0.0,0.0,0.0,1.0,0.0,0.0,100.0,6.0,0.0,1.0,2.0,1.0,0.0,4.0,1.0,0.0,18.0,536.0,99999.0,95.0,5.0,0.0,291954.0,1.0,0.0,0.0,1.0,0.0,83.0,51.0,0.0,0.0,0.0,-0.09681697912336358,-0.18827349289073714,0.037311957071715245,-0.14209565667603957,0.29484426505884404,-0.1660761708115241,-0.07034504579162959,-0.11910610672405984,0.1363642225800611,0.16894243532599906,0.06891243213546375,-0.06930372276885687,-0.15001322365700048,0.16826983464198522,0.05777595718110798,0.13159391579138138,-0.15797629343215172,-0.0396387847465165,-0.11793592802472794,-0.019784226182213507,-0.10968019034324779,-0.03087346191658939,-0.03021581483703515,-0.09030720766073672,-0.07330452249189978,-0.1622949085028706,-0.09270778723875307,-0.02712013013461787,-0.019851908976871703,-0.04136613683987285,0.06506737371538793,0.1373276043208283,0.05009377283014747,-0.03943841709490631,-0.008677188536520008,-0.049256171180166765,-0.09643796186055453,-0.007887488201551105,0.22656232222654338,0.07859412786274209,-0.08150226837530647,-0.015657428702411637,-0.10458946740048633,-0.018362687948835704,0.25986861206479284
8516529,2024-12-23 00:07:39+00:00,1,"['in21s__tu', 'g232s__tu', 'cv15__tu', 'inquirybanking12month__ln', 'inquirynonshortterm12month__ln']","['balmag01__tu', 'ENG-wtd_avg', 'au20s__tu', 'rtl_trd__tu', 'g095s__tu']",,,18398.0,15275.0,,0,1,0.0,4770.0,1.2044517184942718,56675.0,0.4441470897548626,0.3501845945669622,0.343567210696829,D,234.0,0,1.0,0.0,0.0,0.0,319.0,4.0,0.0,0.0,0.0,1.0,0.0,1.0,0.0,0.0,8.0,1.0,2.0,1.0,71.0,0.0,1.0,0.0,1.0,114.0,0.0,1.0,12.0,0.0,291954.0,9.0,0.0,0.0,162.0,0.0,2.0,1.0,0.0,12.0,0.0,0.05862755356495931,-0.18827349289073714,-0.023523712854035837,-0.14209565667603957,-0.002109078899541321,0.09154098990252699,-0.07034504579162959,-0.11910610672405984,0.2051052489933988,0.16894243532599906,0.06891243213546375,-0.06930372276885687,-0.15001322365700048,0.16826983464198522,0.05777595718110798,0.05491722037638777,0.10874047098924666,0.03224864732983013,0.0628878217725071,0.07473342567718344,-0.10968019034324779,-0.03087346191658939,-0.03021581483703515,0.2697498374100057,-0.07330452249189978,0.025382347770824376,-0.09270778723875307,-0.02712013013461787,-0.019851908976871703,-0.04136613683987285,-0.050269119640593704,-0.056514357135833804,0.0033944331617501993,-0.03943841709490631,-0.008677188536520008,-0.049256171180166765,-0.09643796186055453,-0.007887488201551105,-0.09651061942270173,0.07859412786274209,0.0794212202023958,-0.0016142148168469777,-0.10458946740048633,-0.018362687948835704,0.25986861206479284
8573462,2025-01-17 22:19:04+00:00,1,"['rtl_trd__tu', 'ENG-loan_to_value', 'fltgrossmonthly__income_sum', 'au20s__tu', 'g095s__tu']","['g232s__tu', 'cv15__tu', 'inquiryshortterm12month__ln', 'inquirybanking12month__ln', 'g002s__tu']","[0, 0, 0, 0, 0, 0, 0, 0, 0, 0, 0, 0, 1, 1, 1, 1, 1, 1, 1, 1, 1, 1, 0, 1, 1, 1, 1, 1, 1, 1, 1, 0, 0, 0, 0, 0, 1, 1, 1, 1, 1, 1, 0, 1, 1, 1, 1, 1, 0, 0, 0, 0, 1, 1, 1, 0, 0]","[1, 0, 1, 0, 0, 0, 1, 0, 0, 0, 1, 0]",22834.0,24275.0,1333.0,0,0,0.28205128205128205,10000.0,0.9406385169927909,37881.0,0.5744898647591201,0.27775640912627786,0.35247986366041306,Decline,311.0,0,127.0,5.0,13.0,0.0,379.0,39.0,1.0,0.0,0.0,8.0,3.0,8.0,74.0,6.0,3.0,1.0,1.0,1.0,14.0,0.0,1.0,15296.0,2.0,103.0,1081.0,1.0,13.0,0.0,58502.0,2.0,1.0,0.0,36.0,1.0,1.0,10.0,112.0,3.0,1.0,0.30369082926416546,0.4102418344400132,0.037311957071715245,0.4863873741462653,0.29484426505884404,-0.1660761708115241,-0.07034504579162959,-0.11910610672405984,-0.38056948270557656,-0.20255280703278697,0.06891243213546375,-0.06930372276885687,-0.15001322365700048,-0.3446164652968252,0.05777595718110798,-0.1698800097696574,-0.04608437682097869,-0.0396387847465165,-0.11793592802472794,0.007908588638918862,-0.10968019034324779,-0.0922532562049396,-0.03021581483703515,-0.09030720766073672,-0.07330452249189978,0.025382347770824376,-0.09270778723875307,0.09990807864792559,-0.019851908976871703,-0.04136613683987285,-0.050269119640593704,-0.056514357135833804,0.0033944331617501993,-0.03943841709490631,-0.008677188536520008,-0.049256171180166765,-0.0684240555566314,-0.007887488201551105,-0.09651061942270173,-0.28347325196329687,0.0794212202023958,-0.015657428702411637,0.25194094475317025,-0.018362687948835704,-0.14194679566893836
8464573,2024-12-05 09:22:46+00:00,1,"['g251c__tu', 'linka006__tu', 'cv15__tu', 'fltgrossmonthly__income_sum', 'inquirybanking12month__ln']","['balmag01__tu', 'ENG-wtd_avg', 'au20s__tu', 'rtl_trd__tu', 'miles_odometer__app']",,,23725.0,19279.0,,0,1,0.0,5500.0,1.2306136210384355,104282.0,0.45693363517351093,0.3501845945669622,0.35345816314314127,Decline,178.0,0,1.0,0.0,0.0,0.0,337.0,6.0,0.0,0.0,245.0,1.0,0.0,0.0,50.0,6.0,1.0,1.0,3.0,1.0,0.0,0.0,2.0,0.0,18.0,536.0,476.0,1.0,2.0,0.0,291954.0,0.0,0.0,0.0,1.0,0.0,83.0,0.0,0.0,0.0,0.0,0.13197734800913727,-0.18827349289073714,-0.1275519600589978,-0.14209565667603957,-0.002109078899541321,0.09154098990252699,-0.07034504579162959,-0.11910610672405984,0.1363642225800611,0.16894243532599906,0.06891243213546375,0.10777261724792812,-0.15001322365700048,0.16826983464198522,0.05777595718110798,0.13159391579138138,-0.01837301611295693,-0.0396387847465165,0.0628878217725071,-0.019784226182213507,-0.10968019034324779,0.17204724541497285,-0.03021581483703515,-0.09030720766073672,-0.07330452249189978,0.025382347770824376,-0.09270778723875307,-0.02712013013461787,-0.019851908976871703,-0.04136613683987285,-0.050269119640593704,-0.056514357135833804,0.05009377283014747,-0.03943841709490631,-0.008677188536520008,0.015520686370377988,-0.09643796186055453,-0.007887488201551105,0.22656232222654338,0.07859412786274209,-0.08150226837530647,0.08850290045664871,-0.10458946740048633,-0.018362687948835704,0.25986861206479284
8531235,2025-01-08 01:15:20+00:00,1,"['rtl_trd__tu', 'ENG-bk', 'g095s__tu', 'ENG-wtd_avg', 'fltgrossmonthly__income_sum']","['inquirybanking12month__ln', 'addronfilecount__ln', 'in21s__tu', 'au20s__tu', 'trv01__tu']","[1, 1, 1, 1, 1, 1, 1, 1]",,32359.78,22832.0,,1,1,1.0,6697.95,1.4172994043447793,25030.0,0.37904813436361706,0.33346304982454933,0.3588555865759984,Decline,338.0,1,40.0,12.0,0.0,0.0,274.0,6.0,1.0,0.0,0.0,2.0,3.0,2.0,17.0,0.0,1.0,1.0,2.0,1.0,2.0,0.0,1.0,0.0,18.0,92.0,99999.0,17.0,16.0,0.0,291954.0,0.0,26.0,0.0,10.0,0.0,7.0,3.0,5.0,0.0,1.0,0.13197734800913727,-0.15927927253764146,0.13699271006921837,0.4863873741462653,-0.060300927094883106,0.09154098990252699,-0.07034504579162959,-0.06943203585757203,0.1363642225800611,-0.20255280703278697,0.06891243213546375,-0.06930372276885687,0.21762167078723413,0.013471361800327993,0.05777595718110798,-0.0962114720772341,0.10874047098924666,0.03224864732983013,0.0628878217725071,-0.019784226182213507,-0.10968019034324779,-0.03087346191658939,-0.03021581483703515,-0.09030720766073672,0.3644461705690194,0.025382347770824376,-0.09270778723875307,-0.02712013013461787,-0.019851908976871703,-0.04136613683987285,0.06506737371538793,-0.056514357135833804,-0.14971612629601055,-0.03943841709490631,-0.008677188536520008,0.015520686370377988,0.10596202742217121,-0.007887488201551105,-0.09651061942270173,0.07859412786274209,-0.04071155733815719,-0.015657428702411637,0.25194094475317025,-0.018362687948835704,-0.14194679566893836
8488108,2024-12-15 01:00:50+00:00,1,"['rev322__tu', 'g232s__tu', 'au20s__tu', 'jt20s__tu', 'cv15__tu']","['g002s__tu', 'balmag01__tu', 'ENG-wtd_avg', 'fltgrossmonthly__income_sum', 'in21s__tu']",[],,22893.0,18838.0,,0,1,0.0,2691.0,1.2152563966450791,52576.0,0.36252843474328417,0.3501845945669622,0.36042652342528114,Decline,280.0,1,106.0,1.0,2.0,1638.0,405.0,3.0,0.0,0.0,0.0,1.0,0.0,0.0,30.0,0.0,6.0,106.0,2.0,1.0,6.0,0.0,6.0,1638.0,18.0,103.0,725.0,4.0,5.0,0.0,291954.0,0.0,0.0,0.0,8.0,0.0,2.0,2.0,0.0,0.0,0.0,-0.1091665809718578,0.3655886981676968,-0.023523712854035837,-0.007719313883108272,-0.002109078899541321,-0.1660761708115241,0.3264994580051225,-0.11910610672405984,0.29009271071754617,0.16894243532599906,0.06891243213546375,-0.06930372276885687,-0.15001322365700048,0.16826983464198522,0.05777595718110798,0.13159391579138138,0.10874047098924666,0.03224864732983013,0.0628878217725071,0.07473342567718344,0.38284509462663713,-0.03087346191658939,-0.03021581483703515,-0.09030720766073672,-0.07330452249189978,0.025382347770824376,0.10723235366853863,0.09990807864792559,-0.019851908976871703,-0.04136613683987285,-0.050269119640593704,-0.056514357135833804,0.05009377283014747,-0.03943841709490631,-0.008677188536520008,0.015520686370377988,-0.09643796186055453,-0.007887488201551105,-0.09651061942270173,0.07859412786274209,0.0794212202023958,-0.015657428702411637,-0.10458946740048633,-0.018362687948835704,0.25986861206479284
8480343,2024-12-12 06:03:00+00:00,1,"['rev322__tu', 'au20s__tu', 'ENG-wtd_avg', 'ENG-loan_to_value', 's068b__tu']","['inquiryshortterm12month__ln', 'g232s__tu', 'inquirybanking12month__ln', 'g002s__tu', 'ENG-franchise']","[1, 1, 1, 0, 0, 0, 1, 1, 1, 1, 1, 1, 0, 0, 0, 0, 1, 1, 1, 1, 1, 1, 1, 1, 1, 1, 1, 1]","[1, 1, 1, 1, 1, 1, 1, 1, 1, 1, 1, 1, 1, 1, 1, 1, 1, 1, 1]",14330.0,13596.0,891.0,0,0,1.0,5650.0,1.0539864666078258,62339.0,0.4863414634570021,0.3372811670434425,0.362344139022798,Decline,276.0,0,130.0,0.0,1.0,1516.0,300.0,23.0,1.0,0.0,39342.0,3.0,3.0,3.0,10.0,0.0,29.0,1.0,1.0,1.0,3.0,0.0,1.0,1541.0,0.0,105.0,99999.0,1.0,11.0,2.0,51043.0,0.0,34.0,0.0,6.0,1.0,83.0,1.0,0.0,0.0,1.0,0.13197734800913727,0.4102418344400132,-0.04132723560415334,-0.14209565667603957,0.12681166561429538,-0.1660761708115241,0.3264994580051225,-0.06943203585757203,-0.1780787762041326,-0.20255280703278697,0.06891243213546375,0.1885423072401762,0.21762167078723413,-0.12259399033321434,0.05777595718110798,-0.12496553540883204,0.10874047098924666,0.03224864732983013,-0.11793592802472794,0.07473342567718344,-0.10968019034324779,-0.0922532562049396,-0.03021581483703515,-0.09030720766073672,-0.07330452249189978,0.025382347770824376,-0.09270778723875307,0.09990807864792559,0.1248545407672109,-0.04136613683987285,0.06506737371538793,-0.056514357135833804,0.0033944331617501993,0.1897445569872553,-0.008677188536520008,0.015520686370377988,0.10596202742217121,-0.007887488201551105,-0.017088484297844653,-0.28347325196329687,-0.08150226837530647,-0.0016142148168469777,-0.10458946740048633,-0.018362687948835704,-0.14194679566893836
8434972,2024-12-01 02:06:44+00:00,0,"['fltgrossmonthly__income_sum', 'miles_odometer__app', 'g251c__tu', 'cv15__tu', 'inquirybanking12month__ln']","['linkt003__tu', 'ENG-wtd_avg', 'ENG-franchise', 'au20s__tu', 'rtl_trd__tu']",,,20802.0,16625.0,,0,0,0.0,7800.0,1.251248120300752,23495.0,0.4243795421935929,0.39004257415648635,0.3656405096823351,Decline,194.0,0,1.0,0.0,0.0,0.0,267.0,9.0,0.0,1.0,0.0,1.0,0.0,1.0,0.0,0.0,1.0,1.0,1.0,1.0,0.0,0.0,1.0,0.0,18.0,536.0,99999.0,68.0,2.0,0.0,291954.0,0.0,0.0,0.0,2.0,0.0,1.0,0.0,0.0,0.0,0.0,0.30369082926416546,-0.18827349289073714,0.34054786660712466,-0.14209565667603957,-0.060300927094883106,0.09154098990252699,-0.07034504579162959,-0.0195542954136434,0.043484354902003225,0.16894243532599906,-0.1824628326067655,-0.06930372276885687,-0.15001322365700048,0.16826983464198522,0.05777595718110798,0.05491722037638777,0.10874047098924666,0.03224864732983013,-0.11793592802472794,-0.019784226182213507,-0.10968019034324779,-0.0922532562049396,-0.03021581483703515,-0.09030720766073672,-0.07330452249189978,0.025382347770824376,-0.09270778723875307,-0.02712013013461787,-0.019851908976871703,-0.04136613683987285,0.06506737371538793,0.1373276043208283,0.05009377283014747,-0.03943841709490631,-0.008677188536520008,0.015520686370377988,-0.09643796186055453,-0.007887488201551105,0.1805634719208487,0.07859412786274209,0.0794212202023958,0.08850290045664871,-0.10458946740048633,-0.018362687948835704,0.25986861206479284
8550386,2025-01-09 00:32:58+00:00,1,"['balmag01__tu', 'ENG-wtd_avg', 'rev322__tu', 'cv15__tu', 'fltgrossmonthly__income_sum']","['inquirybanking12month__ln', 'g002s__tu', 'rtl_trd__tu', 'g232s__tu', 'g407s__tu']","[1, 1, 1]",,19384.5,15550.0,,0,1,1.0,5879.75,1.2465916398713826,44327.0,0.47354368617187964,0.3501845945669622,0.36630676447967436,Decline,496.0,0,67.0,0.0,4.0,58.0,170.0,14.0,1.0,0.0,0.0,1.0,0.0,4.0,19.0,6.0,3.0,1.0,4.0,1.0,4.0,0.0,1.0,58.0,1.0,78.0,168.0,18.0,7.0,1.0,13769.0,2.0,2.0,0.0,7.0,0.0,5.0,4.0,0.0,8.0,1.0,0.13197734800913727,0.020443712167482336,0.037311957071715245,-0.14209565667603957,-0.002109078899541321,-0.1660761708115241,0.17776804417874942,0.17363223309014522,-0.12919791320011853,-0.20255280703278697,0.06891243213546375,-0.06930372276885687,0.21762167078723413,0.16826983464198522,0.05777595718110798,-0.1698800097696574,0.10874047098924666,-0.0396387847465165,0.0628878217725071,0.007908588638918862,-0.10968019034324779,0.2460720631549191,-0.03021581483703515,-0.09030720766073672,-0.07330452249189978,0.025382347770824376,-0.09270778723875307,-0.0014416545835477044,-0.019851908976871703,0.16574715799894735,-0.050269119640593704,-0.056514357135833804,0.029134920956684608,0.1897445569872553,-0.008677188536520008,-0.049256171180166765,-0.0684240555566314,-0.007887488201551105,-0.09651061942270173,0.07859412786274209,-0.04071155733815719,-0.015657428702411637,-0.10458946740048633,-0.018362687948835704,-0.14194679566893836
8415715,2024-11-27 04:48:08+00:00,1,"['au20s__tu', 'rev322__tu', 'jt20s__tu', 'ENG-wtd_avg', 'in21s__tu']","['ENG-franchise', 'g095s__tu', 'g407s__tu', 'trv01__tu', 'ENG-loan_to_value']","[1, 1, 1, 1, 1, 1, 1, 1, 1, 1, 1, 1, 1, 1, 1, 1, 1, 1, 1, 1, 1, 1, 1, 1, 1, 1, 1, 1, 1, 1, 1, 1, 1, 1, 1, 1, 1, 1, 1, 1, 1, 1, 1]",,19197.02,13325.0,,0,0,1.0,4075.25,1.4406769230769232,72776.0,0.33087964485718846,0.39004257415648635,0.3664035689251295,Decline,368.0,1,179.0,2.0,0.0,294.0,216.0,8.0,0.0,0.0,0.0,2.0,3.0,3.0,29.0,0.0,2.0,179.0,1.0,1.0,47.0,0.0,1.0,0.0,3.0,536.0,99999.0,1.0,5.0,0.0,2595.0,4.0,2.0,0.0,14.0,0.0,2.0,3.0,0.0,20.0,0.0,-0.027970179858952268,0.5381266846763259,-0.04132723560415334,0.10794025034518957,-0.060300927094883106,0.09154098990252699,0.3264994580051225,0.04221351096772582,0.043484354902003225,0.16894243532599906,0.06891243213546375,-0.06930372276885687,0.21762167078723413,0.013471361800327993,0.05777595718110798,-0.12496553540883204,0.10874047098924666,0.03224864732983013,-0.11793592802472794,-0.0025250221890105603,0.5094610820757571,-0.0922532562049396,-0.03021581483703515,0.10689258131274595,-0.07330452249189978,0.025382347770824376,-0.09270778723875307,-0.02712013013461787,-0.019851908976871703,-0.04136613683987285,0.06506737371538793,-0.056514357135833804,0.05009377283014747,-0.03943841709490631,-0.008677188536520008,-0.049256171180166765,-0.0684240555566314,-0.007887488201551105,-0.09651061942270173,0.07859412786274209,0.0794212202023958,-0.015657428702411637,-0.10458946740048633,0.002489027625756258,0.25986861206479284
8474317,2024-12-10 01:27:57+00:00,0,"['balmag01__tu', 'trv01__tu', 'addrprevioustimenewest__ln', 'ENG-wtd_avg', 'fltgrossmonthly__income_sum']","['g232s__tu', 'linkt003__tu', 'cv15__tu', 'ENG-franchise', 'rtl_trd__tu']",[],"[1, 1, 1, 1, 1, 1, 1, 1, 1, 1, 1, 1, 1, 1, 1, 1, 1]",12724.0,10875.0,629.0,0,0,1.0,5400.0,1.1700229885057472,48265.0,0.3719381609902506,0.3501845945669622,0.3697816928204194,Decline,210.0,1,70.0,0.0,0.0,0.0,104.0,42.0,0.0,1.0,19511.0,5.0,0.0,5.0,37.0,0.0,7.0,70.0,2.0,1.0,19.0,0.0,999.0,0.0,1.0,100.0,1034.0,180.0,2.0,1.0,16068.0,7.0,17.0,1.0,37.0,0.0,4.0,3.0,0.0,21.0,0.0,0.13197734800913727,0.020443712167482336,0.037311957071715245,-0.14209565667603957,-0.002109078899541321,0.09154098990252699,-0.07034504579162959,0.4398748289474107,-0.38056948270557656,0.16894243532599906,-0.1824628326067655,0.1885423072401762,0.21762167078723413,-0.20621158598810324,0.05777595718110798,-0.1698800097696574,0.10001349160327515,0.03224864732983013,-0.11793592802472794,0.07473342567718344,0.16725028297757608,-0.03087346191658939,-0.03021581483703515,-0.08639642557536051,-0.07330452249189978,0.025382347770824376,0.33183641136280506,-0.02712013013461787,-0.019851908976871703,-0.04136613683987285,-0.050269119640593704,0.3914185213487937,0.05009377283014747,0.1897445569872553,-0.008677188536520008,-0.049256171180166765,0.10596202742217121,-0.007887488201551105,-0.09651061942270173,0.07859412786274209,-0.025593941117068985,-0.015657428702411637,-0.10458946740048633,0.002489027625756258,0.25986861206479284
8516056,2024-12-22 05:31:45+00:00,1,"['fltgrossmonthly__income_sum', 'g232s__tu', 'linka006__tu', 'inquirybanking12month__ln', 'inquirynonshortterm12month__ln']","['ENG-wtd_avg', 'au20s__tu', 'rtl_trd__tu', 'cv13__tu', 'in21s__tu']",,,21414.0,17659.0,,0,1,0.0,9000.0,1.212639447307322,56826.0,0.4849355898470995,0.3501845945669622,0.3751189005051123,Decline,59.0,0,1.0,0.0,0.0,0.0,300.0,3.0,0.0,0.0,0.0,2.0,0.0,0.0,100.0,6.0,0.0,1.0,1.0,1.0,0.0,0.0,1.0,0.0,1.0,536.0,57.0,1.0,2.0,0.0,291954.0,0.0,0.0,0.0,1.0,0.0,83.0,2.0,0.0,5.0,0.0,0.30369082926416546,-0.18827349289073714,-0.023523712854035837,-0.14209565667603957,-0.002109078899541321,0.09154098990252699,-0.07034504579162959,-0.06943203585757203,0.29009271071754617,0.16894243532599906,0.06891243213546375,-0.06930372276885687,-0.15001322365700048,0.013471361800327993,0.05777595718110798,0.13159391579138138,-0.15797629343215172,-0.0396387847465165,0.0628878217725071,-0.019784226182213507,-0.10968019034324779,-0.0922532562049396,-0.03021581483703515,-0.09030720766073672,-0.07330452249189978,0.025382347770824376,-0.09270778723875307,-0.02712013013461787,-0.019851908976871703,-0.04136613683987285,-0.050269119640593704,-0.056514357135833804,0.05009377283014747,-0.03943841709490631,-0.008677188536520008,0.015520686370377988,-0.09643796186055453,-0.007887488201551105,0.22656232222654338,0.07859412786274209,-0.08150226837530647,-0.015657428702411637,-0.10458946740048633,-0.018362687948835704,0.25986861206479284
8476497,2024-12-12 02:44:08+00:00,1,"['miles_odometer__app', 'ENG-loan_to_value', 'inquirybanking12month__ln', 'g232s__tu', 'linka006__tu']","['inquiryshortterm12month__ln', 'g002s__tu', 'balmag01__tu', 'ENG-wtd_avg', 'au20s__tu']",,,22402.0,19948.0,,0,1,0.0,4376.67,1.123019851614197,17512.0,0.509382150118258,0.3372811670434425,0.3795103861928894,Decline,75.0,0,1.0,0.0,3.0,0.0,374.0,6.0,0.0,0.0,0.0,2.0,0.0,0.0,17.0,0.0,14.0,1.0,3.0,1.0,2.0,0.0,1.0,0.0,3.0,103.0,99999.0,1.0,1.0,0.0,291954.0,0.0,0.0,0.0,2.0,1.0,2.0,6.0,0.0,7.0,1.0,0.05862755356495931,-0.18827349289073714,0.34054786660712466,-0.14209565667603957,0.12681166561429538,-0.1660761708115241,-0.07034504579162959,-0.11910610672405984,0.1363642225800611,0.16894243532599906,0.06891243213546375,-0.06930372276885687,-0.15001322365700048,0.013471361800327993,0.05777595718110798,0.13159391579138138,0.10874047098924666,0.03224864732983013,0.0628878217725071,0.07473342567718344,-0.10968019034324779,0.17204724541497285,-0.03021581483703515,-0.09030720766073672,-0.07330452249189978,0.025382347770824376,-0.09270778723875307,-0.02712013013461787,-0.019851908976871703,-0.04136613683987285,0.06506737371538793,-0.056514357135833804,0.05009377283014747,-0.03943841709490631,-0.008677188536520008,0.015520686370377988,-0.09643796186055453,-0.007887488201551105,0.1805634719208487,-0.28347325196329687,0.0794212202023958,-0.015657428702411637,-0.10458946740048633,-0.018362687948835704,-0.14194679566893836
8472099,2024-12-08 04:04:32+00:00,1,"['fltgrossmonthly__income_sum', 'addrprevioustimenewest__ln', 'ENG-wtd_avg', 'rev322__tu', 'fi25s__tu']","['cv15__tu', 'inquirybanking12month__ln', 'g002s__tu', 'ENG-franchise', 'in21s__tu']","[1, 1, 1, 1, 1]","[1, 1, 1, 1, 1, 1, 1, 1, 1, 1, 1, 1, 1, 1, 1]",39666.0,33672.0,963.0,0,0,1.0,11742.160000000047,1.1780114041339986,44265.0,0.4990834517387818,0.3501845945669622,0.38606289081726775,Decline,460.0,0,45.0,1.0,3.0,129.0,268.0,12.0,1.0,0.0,0.0,4.0,1.0,2.0,21.0,0.0,17.0,45.0,1.0,1.0,8.0,0.0,2.0,1460.0,18.0,97.0,891.0,183.0,5.0,2.0,101200.0,0.0,2.0,0.0,21.0,0.0,4.0,3.0,0.0,0.0,1.0,0.30369082926416546,-0.15927927253764146,0.037311957071715245,-0.007719313883108272,-0.002109078899541321,-0.1660761708115241,0.17776804417874942,-0.0195542954136434,-0.05599586626278019,-0.20255280703278697,0.06891243213546375,-0.06930372276885687,0.21762167078723413,-0.20621158598810324,0.05777595718110798,-0.0962114720772341,0.10874047098924666,0.03224864732983013,-0.11793592802472794,0.07473342567718344,-0.0019601420341259297,-0.0922532562049396,-0.03021581483703515,-0.09030720766073672,-0.07330452249189978,0.025382347770824376,-0.09270778723875307,0.09990807864792559,-0.019851908976871703,-0.04136613683987285,-0.050269119640593704,0.3914185213487937,0.05009377283014747,0.1897445569872553,-0.008677188536520008,0.015520686370377988,-0.0684240555566314,-0.007887488201551105,-0.09651061942270173,0.07859412786274209,-0.025593941117068985,-0.015657428702411637,-0.10458946740048633,-0.018362687948835704,-0.14194679566893836
8535920,2025-01-02 10:04:37+00:00,1,"['ENG-loan_to_value', 'g095s__tu', 'fltgrossmonthly__income_sum', 'in34s__tu', 'rtl_trd__tu']","['rp01s__tu', 'inquirybanking12month__ln', 'g002s__tu', 'balmag01__tu', 'ENG-wtd_avg']","[0, 1, 0, 0, 0, 0, 0, 0, 0, 0, 0, 0, 0, 0, 0, 0, 0, 0, 0, 0, 0, 0, 0, 0, 0, 0, 0, 0, 0, 0, 0, 0, 0, 0, 0, 0, 0, 0, 0, 0, 0, 0, 0, 0, 0, 0, 0, 0, 0, 0, 0, 0, 0, 0, 0, 0, 0, 0, 0, 0, 0, 0, 0, 0, 0, 0, 0]",,18615.0,18725.0,,0,0,0.000877963125548727,5530.0,0.9941255006675568,56855.0,0.5017795539047957,0.27775640912627786,0.3956896405781514,Decline,269.0,1,70.0,2.0,2.0,0.0,364.0,7.0,1.0,0.0,0.0,2.0,3.0,3.0,45.0,0.0,4.0,1.0,1.0,1.0,10.0,1.0,1.0,0.0,1.0,47.0,99999.0,36.0,3.0,1.0,17531.0,3.0,2.0,0.0,11.0,0.0,2.0,5.0,89.0,6.0,1.0,0.13197734800913727,0.020443712167482336,-0.023523712854035837,0.10794025034518957,0.29484426505884404,-0.1660761708115241,-0.07034504579162959,-0.11910610672405984,0.043484354902003225,-0.20255280703278697,0.06891243213546375,-0.06930372276885687,-0.15001322365700048,0.013471361800327993,0.05777595718110798,-0.12496553540883204,0.10001349160327515,0.03224864732983013,-0.11793592802472794,0.07473342567718344,-0.10968019034324779,-0.0922532562049396,-0.03021581483703515,-0.09030720766073672,-0.07330452249189978,-0.1622949085028706,-0.09270778723875307,-0.02712013013461787,-0.019851908976871703,0.16574715799894735,0.06506737371538793,0.041061794483372764,0.05009377283014747,0.1897445569872553,-0.008677188536520008,-0.049256171180166765,-0.0684240555566314,-0.007887488201551105,-0.09651061942270173,0.07859412786274209,0.0794212202023958,-0.015657428702411637,0.25194094475317025,-0.018362687948835704,-0.14194679566893836
8510763,2024-12-20 06:52:52+00:00,1,"['addrprevioustimenewest__ln', 'ENG-loan_to_value', 'linka006__tu', 'cv15__tu', 'inquirybanking12month__ln']","['inquiryshortterm12month__ln', 'g002s__tu', 'balmag01__tu', 'ENG-wtd_avg', 'au20s__tu']",,,24770.0,22075.0,,0,1,0.0,4500.0,1.122083805209513,86241.0,0.5331876064337007,0.3372811670434425,0.3972464178101617,Decline,180.0,0,1.0,2.0,3.0,0.0,422.0,6.0,0.0,0.0,0.0,1.0,0.0,1.0,75.0,0.0,0.0,1.0,1.0,3.0,0.0,0.0,1.0,0.0,4.0,536.0,521.0,146.0,3.0,0.0,291954.0,0.0,0.0,0.0,1.0,1.0,6.0,6.0,0.0,6.0,1.0,0.05862755356495931,-0.18827349289073714,-0.1275519600589978,0.10794025034518957,0.12681166561429538,-0.1660761708115241,-0.07034504579162959,-0.11910610672405984,0.1363642225800611,0.16894243532599906,0.06891243213546375,-0.06930372276885687,-0.15001322365700048,0.16826983464198522,0.05777595718110798,0.05491722037638777,-0.04608437682097869,0.03224864732983013,0.0628878217725071,-0.019784226182213507,-0.10968019034324779,-0.0922532562049396,0.12508668317741883,-0.09030720766073672,-0.07330452249189978,0.025382347770824376,-0.09270778723875307,-0.02712013013461787,-0.019851908976871703,-0.04136613683987285,-0.050269119640593704,0.3914185213487937,0.05009377283014747,-0.03943841709490631,-0.008677188536520008,0.015520686370377988,-0.09643796186055453,-0.007887488201551105,0.22656232222654338,-0.28347325196329687,-0.04071155733815719,-0.015657428702411637,-0.10458946740048633,-0.018362687948835704,-0.14194679566893836
8524615,2025-01-11 03:54:11+00:00,1,"['in21s__tu', 'rev322__tu', 'inquirybanking12month__ln', 'linka006__tu', 'inquirynonshortterm12month__ln']","['g002s__tu', 'balmag01__tu', 'ENG-wtd_avg', 'au20s__tu', 'rtl_trd__tu']",,,17883.0,13975.0,,0,1,0.0,0.0,1.2796422182468694,88945.0,0.47863090134517233,0.39004257415648635,0.41238285383165296,Decline,195.0,0,1.0,0.0,1.0,500.0,398.0,7.0,0.0,0.0,0.0,2.0,0.0,0.0,33.0,0.0,3.0,1.0,2.0,1.0,168.0,0.0,1.0,500.0,3.0,120.0,158.0,5.0,2.0,0.0,291954.0,0.0,0.0,0.0,2.0,0.0,3.0,5.0,0.0,4.0,0.0,-0.1091665809718578,-0.18827349289073714,-0.1275519600589978,-0.14209565667603957,-0.060300927094883106,-0.1660761708115241,0.3264994580051225,-0.11910610672405984,0.043484354902003225,0.16894243532599906,0.06891243213546375,-0.06930372276885687,-0.15001322365700048,0.013471361800327993,0.05777595718110798,0.13159391579138138,0.10001349160327515,0.03224864732983013,0.0628878217725071,0.007908588638918862,-0.10968019034324779,-0.03087346191658939,-0.03021581483703515,0.2697498374100057,-0.07330452249189978,0.025382347770824376,-0.09270778723875307,0.09990807864792559,-0.019851908976871703,-0.04136613683987285,-0.050269119640593704,-0.056514357135833804,0.05009377283014747,-0.03943841709490631,-0.008677188536520008,0.015520686370377988,-0.09643796186055453,-0.007887488201551105,0.1805634719208487,0.07859412786274209,0.07637038800224982,-0.015657428702411637,-0.10458946740048633,-0.018362687948835704,0.25986861206479284
8514289,2024-12-21 23:41:56+00:00,1,"['miles_odometer__app', 'trv01__tu', 'g251c__tu', 'ENG-loan_to_value', 'rev322__tu']","['derogseverityindex__ln', 'addronfilecount__ln', 'inquiryshortterm12month__ln', 'linkt003__tu', 'inquirybanking12month__ln']",,,27350.0,26453.0,,0,1,0.0,4880.0,1.0339091974445243,14.0,0.5586472431829653,0.3372811670434425,0.41621488102152654,Decline,2.0,0,1.0,0.0,0.0,27.0,276.0,6.0,1.0,1.0,84.0,1.0,5.0,1.0,0.0,6.0,0.0,1.0,1.0,0.0,0.0,0.0,999.0,151.0,18.0,536.0,99999.0,1.0,40.0,0.0,291954.0,0.0,0.0,0.0,1.0,1.0,83.0,0.0,0.0,0.0,1.0,0.05862755356495931,-0.18827349289073714,0.34054786660712466,-0.14209565667603957,0.12681166561429538,0.09154098990252699,0.17776804417874942,-0.06943203585757203,0.1363642225800611,-0.20255280703278697,-0.1824628326067655,0.10777261724792812,-0.15001322365700048,0.16826983464198522,-0.49163307727602673,0.05491722037638777,0.10874047098924666,-0.0396387847465165,0.0628878217725071,-0.019784226182213507,-0.10968019034324779,-0.0922532562049396,-0.03021581483703515,-0.09030720766073672,-0.07330452249189978,0.025382347770824376,0.33183641136280506,0.09990807864792559,-0.019851908976871703,-0.04136613683987285,0.06506737371538793,-0.056514357135833804,-0.34830650638427946,-0.03943841709490631,-0.008677188536520008,0.015520686370377988,-0.09643796186055453,-0.007887488201551105,0.22656232222654338,-0.28347325196329687,-0.08150226837530647,0.08850290045664871,-0.10458946740048633,-0.018362687948835704,-0.14194679566893836
8515067,2024-12-22 02:13:01+00:00,1,"['in21s__tu', 'g232s__tu', 's209a__tu', 'balmag01__tu', 'cv15__tu']","['linkt003__tu', 'ENG-wtd_avg', 'ENG-franchise', 'au20s__tu', 'rtl_trd__tu']",,,20130.0,17600.0,,0,0,0.0,3695.0,1.14375,53956.0,0.42165523629109525,0.3501845945669622,0.41921051243354984,Decline,218.0,1,1.0,0.0,0.0,0.0,152.0,1.0,0.0,2.0,0.0,0.0,0.0,0.0,89.0,6.0,5.0,1.0,2.0,1.0,77.0,0.0,1.0,0.0,1.0,536.0,970.0,36.0,3.0,0.0,291954.0,3.0,70.0,0.0,4.0,0.0,2.0,2.0,0.0,38.0,1.0,-0.027970179858952268,-0.18827349289073714,-0.023523712854035837,-0.14209565667603957,-0.002109078899541321,0.09154098990252699,-0.07034504579162959,0.17363223309014522,0.3569695839089846,0.16894243532599906,-0.2536446870910988,-0.06930372276885687,-0.15001322365700048,0.16826983464198522,0.05777595718110798,0.13159391579138138,-0.15797629343215172,-0.0396387847465165,-0.11793592802472794,0.07473342567718344,-0.10968019034324779,-0.03087346191658939,-0.03021581483703515,0.2697498374100057,-0.07330452249189978,0.025382347770824376,-0.09270778723875307,-0.02712013013461787,-0.019851908976871703,-0.04136613683987285,-0.050269119640593704,0.041061794483372764,0.05009377283014747,-0.03943841709490631,-0.008677188536520008,-0.049256171180166765,0.1773409988380098,-0.007887488201551105,0.0509809958782628,0.07859412786274209,0.0794212202023958,-0.015657428702411637,-0.10458946740048633,0.12016521996775872,-0.14194679566893836
8433378,2024-11-30 06:57:40+00:00,1,"['miles_odometer__app', 'balmag01__tu', 'ENG-wtd_avg', 'in34s__tu', 'trv01__tu']","['inquiryshortterm12month__ln', 'g232s__tu', 'inquirybanking12month__ln', 'g002s__tu', 'au20s__tu']",,"[1, 1, 1, 1, 1, 1, 1, 1, 1, 1, 1, 1, 1, 1, 1, 0, 1, 1]",26266.0,21858.0,252.0,0,1,0.9064327485380117,3500.0,1.2016652941714705,10.0,0.5431569821901933,0.3501845945669622,0.4201556953679192,Decline,281.0,0,20.0,0.0,1.0,0.0,151.0,26.0,1.0,0.0,2016.0,2.0,0.0,1.0,25.0,0.0,1.0,1.0,1.0,1.0,7.0,0.0,5.0,0.0,1.0,79.0,437.0,70.0,4.0,1.0,5841.0,5.0,4.0,0.0,19.0,1.0,83.0,2.0,0.0,9.0,1.0,-0.09681697912336358,-0.18827349289073714,0.34054786660712466,-0.14209565667603957,-0.002109078899541321,-0.1660761708115241,-0.07034504579162959,0.17363223309014522,-0.255209877581241,-0.20255280703278697,0.06891243213546375,0.15358010403820122,0.14032874394710926,0.013471361800327993,0.05777595718110798,0.05491722037638777,0.10874047098924666,0.03224864732983013,0.0628878217725071,-0.019784226182213507,-0.10968019034324779,-0.0922532562049396,-0.03021581483703515,-0.09030720766073672,-0.07330452249189978,0.025382347770824376,0.10723235366853863,-0.02712013013461787,-0.019851908976871703,0.16574715799894735,-0.050269119640593704,0.1373276043208283,0.05009377283014747,0.1897445569872553,-0.008677188536520008,-0.049256171180166765,-0.0684240555566314,-0.007887488201551105,-0.09651061942270173,-0.28347325196329687,-0.08150226837530647,-0.015657428702411637,-0.10458946740048633,-0.018362687948835704,-0.14194679566893836
8481974,2024-12-13 00:52:47+00:00,1,"['in21s__tu', 'fltgrossmonthly__income_sum', 'g095s__tu', 'fi36s__tu', 'g002s__tu']","['g232s__tu', 'cv15__tu', 'inquirybanking12month__ln', 'ENG-wtd_avg', 'au20s__tu']",,,21080.0,18525.0,,0,1,0.0,7000.0,1.1379217273954116,62615.0,0.5714437021786829,0.3372811670434425,0.4257487625959767,Decline,458.0,0,1.0,0.0,0.0,0.0,300.0,34.0,1.0,0.0,0.0,5.0,1.0,6.0,87.0,6.0,1.0,1.0,1.0,2.0,81.0,0.0,1.0,0.0,1.0,536.0,724.0,1.0,1.0,0.0,291954.0,4.0,999.0,0.0,23.0,0.0,6.0,3.0,58.0,8.0,1.0,0.30369082926416546,-0.18827349289073714,-0.04132723560415334,-0.14209565667603957,-0.002109078899541321,0.09154098990252699,-0.07034504579162959,-0.06943203585757203,-0.38056948270557656,-0.20255280703278697,0.06891243213546375,-0.06930372276885687,-0.15001322365700048,-0.20621158598810324,0.05777595718110798,-0.1698800097696574,-0.15797629343215172,-0.0396387847465165,0.0628878217725071,-0.019784226182213507,-0.10968019034324779,-0.0922532562049396,0.12508668317741883,0.2697498374100057,-0.07330452249189978,0.025382347770824376,-0.09270778723875307,-0.02712013013461787,-0.019851908976871703,-0.04136613683987285,-0.050269119640593704,-0.056514357135833804,0.05009377283014747,-0.03943841709490631,-0.008677188536520008,-0.049256171180166765,0.1773409988380098,-0.007887488201551105,-0.09651061942270173,0.07859412786274209,-0.04071155733815719,-0.015657428702411637,0.25194094475317025,-0.018362687948835704,-0.14194679566893836
8480611,2024-12-12 05:50:13+00:00,1,"['au20s__tu', 'jt20s__tu', 'inquirybanking12month__ln', 'ENG-wtd_avg', 'all235__tu']","['linkt003__tu', 'g232s__tu', 'g002s__tu', 'balmag01__tu', 'miles_odometer__app']","[1, 1, 1, 1, 1, 1, 1, 1, 1, 1, 1, 1, 1, 1, 0]",,25027.0,21625.0,,0,1,0.875,3746.0,1.1573179190751446,92969.0,0.5505815703026544,0.3501845945669622,0.42589893918784155,Decline,460.0,0,141.0,1.0,2.0,0.0,362.0,15.0,0.0,2.0,2523.0,2.0,0.0,1.0,50.0,0.0,0.0,141.0,2.0,1.0,7.0,0.0,1.0,0.0,3.0,114.0,86.0,17.0,6.0,0.0,17026.0,1.0,1.0,0.0,6.0,0.0,83.0,4.0,0.0,9.0,1.0,-0.027970179858952268,0.5381266846763259,-0.1275519600589978,-0.007719313883108272,-0.002109078899541321,-0.1660761708115241,-0.07034504579162959,-0.11910610672405984,-0.15507978464835534,0.16894243532599906,-0.2536446870910988,0.15358010403820122,0.14032874394710926,0.013471361800327993,0.05777595718110798,0.05491722037638777,-0.01837301611295693,0.03224864732983013,0.0628878217725071,-0.019784226182213507,0.5094610820757571,-0.03087346191658939,-0.03021581483703515,-0.09030720766073672,-0.07330452249189978,0.025382347770824376,-0.09270778723875307,-0.02712013013461787,-0.019851908976871703,-0.04136613683987285,-0.050269119640593704,-0.056514357135833804,0.05009377283014747,-0.03943841709490631,-0.008677188536520008,-0.049256171180166765,-0.0684240555566314,-0.007887488201551105,-0.017088484297844653,0.07859412786274209,-0.08150226837530647,-0.015657428702411637,-0.10458946740048633,-0.018362687948835704,-0.14194679566893836
8553706,2025-01-10 01:59:13+00:00,1,"['ENG-loan_to_value', 'fltgrossmonthly__income_sum', 'rev322__tu', 'g095s__tu', 'rtl_trd__tu']","['g232s__tu', 'addronfilecount__ln', 'cv15__tu', 'rp01s__tu', 'inquirybanking12month__ln']","[1, 1, 0, 0, 0, 0, 1, 1, 1, 1, 0, 0, 0, 0, 0, 0, 1, 1, 1, 1, 1, 0, 0, 0, 0, 0, 0, 0, 0]",,31384.0,34200.0,,0,1,0.30344827586206896,7317.0,0.9176608187134503,50300.0,0.5447919103965735,0.27775640912627786,0.42960800920877146,Decline,387.0,1,81.0,2.0,3.0,6001.0,228.0,83.0,1.0,0.0,0.0,12.0,1.0,11.0,26.0,0.0,29.0,81.0,1.0,2.0,15.0,3.0,1.0,7469.0,4.0,107.0,995.0,5.0,23.0,0.0,25476.0,1.0,1.0,0.0,41.0,0.0,2.0,7.0,46.0,5.0,1.0,0.30369082926416546,0.020443712167482336,-0.023523712854035837,0.10794025034518957,0.29484426505884404,-0.1660761708115241,0.3264994580051225,0.04221351096772582,-0.38056948270557656,-0.20255280703278697,0.06891243213546375,-0.06930372276885687,-0.15001322365700048,-0.3446164652968252,0.05777595718110798,-0.1698800097696574,0.10874047098924666,0.03224864732983013,0.0628878217725071,0.07473342567718344,0.16725028297757608,-0.0922532562049396,0.12508668317741883,-0.09030720766073672,-0.07330452249189978,-0.1622949085028706,-0.09270778723875307,0.09990807864792559,-0.019851908976871703,-0.04136613683987285,-0.050269119640593704,-0.056514357135833804,-0.34830650638427946,-0.03943841709490631,-0.008677188536520008,-0.049256171180166765,-0.0684240555566314,-0.007887488201551105,-0.09651061942270173,0.07859412786274209,0.0794212202023958,-0.015657428702411637,0.25194094475317025,-0.018362687948835704,-0.14194679566893836
8484395,2024-12-13 23:11:31+00:00,0,"['addrprevioustimenewest__ln', 'ENG-loan_to_value', 'cv15__tu', 'inquirybanking12month__ln', 'linka006__tu']","['rp01s__tu', 'g002s__tu', 'balmag01__tu', 'ENG-wtd_avg', 'au20s__tu']",,,15855.0,14200.0,,0,1,0.0,1718.0,1.116549295774648,57905.0,0.5788541583425054,0.3372811670434425,0.4312698533525823,Decline,455.0,0,1.0,0.0,33.0,0.0,600.0,12.0,0.0,0.0,0.0,1.0,0.0,0.0,100.0,0.0,0.0,1.0,1.0,1.0,0.0,4.0,1.0,0.0,18.0,536.0,99999.0,216.0,2.0,0.0,291954.0,2.0,0.0,0.0,2.0,0.0,6.0,51.0,0.0,0.0,0.0,-0.1091665809718578,-0.18827349289073714,-0.023523712854035837,-0.14209565667603957,0.12681166561429538,-0.1660761708115241,-0.07034504579162959,-0.11910610672405984,-0.05599586626278019,0.16894243532599906,0.06891243213546375,-0.06930372276885687,-0.15001322365700048,0.16826983464198522,0.05777595718110798,0.13159391579138138,-0.15797629343215172,0.03224864732983013,0.0628878217725071,-0.019784226182213507,-0.10968019034324779,-0.0922532562049396,-0.03021581483703515,-0.09030720766073672,-0.07330452249189978,-0.1622949085028706,-0.09270778723875307,-0.02712013013461787,-0.019851908976871703,-0.04136613683987285,0.06506737371538793,0.3914185213487937,0.05009377283014747,-0.03943841709490631,-0.008677188536520008,-0.049256171180166765,-0.09643796186055453,-0.007887488201551105,0.1805634719208487,0.07859412786274209,-0.04071155733815719,-0.015657428702411637,-0.10458946740048633,-0.018362687948835704,0.25986861206479284
8553209,2025-01-10 00:11:25+00:00,0,"['addrprevioustimenewest__ln', 'ENG-loan_to_value', 'cv15__tu', 'miles_odometer__app', 'g407s__tu']","['inquiryshortterm12month__ln', 'inquirybanking12month__ln', 'balmag01__tu', 'ENG-wtd_avg', 'au20s__tu']",,,16437.0,14775.0,,0,1,0.0,2500.0,1.1124873096446701,34796.0,0.5888162395716957,0.3372811670434425,0.4386920083960937,Decline,198.0,0,1.0,1.0,0.0,0.0,321.0,11.0,1.0,0.0,0.0,1.0,0.0,0.0,50.0,0.0,0.0,1.0,4.0,1.0,0.0,0.0,1.0,0.0,1.0,536.0,100.0,191.0,2.0,0.0,291954.0,0.0,0.0,0.0,19.0,1.0,5.0,2.0,0.0,15.0,1.0,-0.1091665809718578,-0.18827349289073714,0.13699271006921837,-0.007719313883108272,0.12681166561429538,0.09154098990252699,-0.07034504579162959,-0.11910610672405984,-0.05599586626278019,-0.20255280703278697,0.06891243213546375,-0.06930372276885687,-0.15001322365700048,0.16826983464198522,0.05777595718110798,0.13159391579138138,-0.01837301611295693,0.03224864732983013,0.0628878217725071,-0.019784226182213507,-0.10968019034324779,0.2460720631549191,-0.03021581483703515,-0.09030720766073672,-0.07330452249189978,0.025382347770824376,-0.09270778723875307,-0.02712013013461787,-0.019851908976871703,-0.04136613683987285,-0.050269119640593704,0.3914185213487937,0.05009377283014747,-0.03943841709490631,-0.008677188536520008,0.015520686370377988,-0.09643796186055453,-0.007887488201551105,-0.09651061942270173,-0.28347325196329687,-0.04071155733815719,-0.015657428702411637,-0.10458946740048633,-0.018362687948835704,-0.14194679566893836
8531273,2024-12-31 02:36:49+00:00,0,"['rtl_trd__tu', 'ENG-loan_to_value', 'balmag01__tu', 'fi101s__tu', 'inquirybanking12month__ln']","['g232s__tu', 'cv15__tu', 'rp01s__tu', 'linkt003__tu', 'miles_odometer__app']","[1, 1, 1, 1, 1, 1, 1, 1, 1, 1, 1, 1, 1, 1, 1, 1, 1, 1, 1, 1, 0, 0, 0]",,25889.0,25950.0,,0,1,0.7608695652173914,3250.0,0.9976493256262042,90450.0,0.5640341383046157,0.27775640912627786,0.4447819041704236,Decline,221.0,1,38.0,5.0,0.0,0.0,192.0,41.0,0.0,1.0,0.0,7.0,0.0,7.0,64.0,0.0,2.0,1.0,2.0,1.0,14.0,1.0,1.0,0.0,3.0,536.0,752.0,21.0,6.0,0.0,0.0,7.0,10.0,0.0,28.0,0.0,3.0,5.0,0.0,2.0,1.0,-0.1091665809718578,-0.15927927253764146,-0.1275519600589978,0.4863873741462653,0.29484426505884404,0.09154098990252699,-0.07034504579162959,0.17363223309014522,-0.38056948270557656,0.16894243532599906,-0.1824628326067655,-0.06930372276885687,0.14032874394710926,-0.3446164652968252,0.05777595718110798,-0.1698800097696574,-0.04608437682097869,0.03224864732983013,0.0628878217725071,-0.0025250221890105603,-0.10968019034324779,-0.03087346191658939,-0.03021581483703515,-0.09030720766073672,-0.07330452249189978,-0.1622949085028706,-0.09270778723875307,-0.02712013013461787,-0.019851908976871703,-0.04136613683987285,-0.050269119640593704,-0.056514357135833804,0.05009377283014747,-0.03943841709490631,0.1480974085261193,-0.049256171180166765,0.10596202742217121,-0.007887488201551105,-0.09651061942270173,0.07859412786274209,0.07637038800224982,-0.015657428702411637,-0.10458946740048633,-0.018362687948835704,-0.14194679566893836
8572415,2025-01-17 05:09:31+00:00,1,"['rev322__tu', 'balmag01__tu', 'ENG-wtd_avg', 'rtl_trd__tu', 'fltgrossmonthly__income_sum']","['linkt003__tu', 'g232s__tu', 'g002s__tu', 'au20s__tu', 'in21s__tu']",,"[1, 1, 1, 1, 1, 1, 1, 1, 1, 1, 1, 1]",,,750.0,0,1,1.0,6205.0,1.2734844012832087,60518.520779948754,0.4096090998424755,0.39004257415648635,0.4535855812806798,Decline,59.0,1,13.0,3.0,2.0,4250.0,202.0,23.0,0.0,1.0,15942.0,2.0,0.0,3.0,13.0,0.0,9.0,1.0,1.0,1.0,3.0,0.0,1.0,2225.0,18.0,79.0,554.0,1.0,1.0,2.0,41643.0,6.0,999.0,0.0,18.0,0.0,4.0,2.0,0.0,0.0,1.0,0.13197734800913727,-0.18827349289073714,-0.04132723560415334,0.2004005232174445,-0.060300927094883106,-0.1660761708115241,0.3264994580051225,0.17363223309014522,-0.1780787762041326,0.16894243532599906,-0.1824628326067655,0.1885423072401762,0.21762167078723413,0.013471361800327993,0.05777595718110798,-0.12496553540883204,0.10874047098924666,0.03224864732983013,0.0628878217725071,0.07473342567718344,-0.10968019034324779,-0.0922532562049396,-0.03021581483703515,-0.09030720766073672,-0.07330452249189978,0.025382347770824376,-0.09270778723875307,0.09990807864792559,-0.019851908976871703,0.16574715799894735,-0.050269119640593704,-0.056514357135833804,0.05009377283014747,0.1897445569872553,-0.008677188536520008,-0.049256171180166765,0.1773409988380098,-0.007887488201551105,-0.09651061942270173,0.07859412786274209,-0.025593941117068985,-0.015657428702411637,-0.10458946740048633,-0.018362687948835704,-0.14194679566893836
8578609,2025-01-19 03:56:23+00:00,1,"['balmag01__tu', 'ENG-wtd_avg', 'inquirybanking12month__ln', 'g002s__tu', 'inquiryshortterm12month__ln']","['g232s__tu', 'ENG-franchise', 'rtl_trd__tu', 'in21s__tu', 'au20s__tu']","[1, 1, 1, 1, 1, 0, 0, 0, 1, 1, 1, 0, 0, 0, 0, 0, 0, 0, 0, 0, 0, 0, 0, 0, 0, 0, 0, 0, 0, 0, 0, 0, 0, 0, 0, 0, 0, 0, 0, 0, 0, 0, 0]","[1, 1, 1, 1, 1, 1, 1]",,,584.0,0,0,1.0,4400.0,1.2734844012832087,60518.520779948754,0.5484450459360964,0.39004257415648635,0.47253391408143497,Decline,390.0,0,45.0,0.0,0.0,0.0,128.0,20.0,0.0,0.0,0.0,3.0,0.0,2.0,67.0,6.0,1.0,1.0,2.0,2.0,8.0,0.0,1.0,0.0,2.0,90.0,99999.0,1.0,10.0,0.0,6648.0,1.0,1.0,0.0,9.0,0.0,83.0,2.0,0.0,6.0,1.0,0.05862755356495931,-0.15927927253764146,-0.04132723560415334,-0.14209565667603957,-0.060300927094883106,0.09154098990252699,-0.07034504579162959,0.4398748289474107,-0.15507978464835534,0.16894243532599906,0.06891243213546375,-0.06930372276885687,0.21762167078723413,-0.12259399033321434,0.05777595718110798,-0.0962114720772341,-0.04608437682097869,-0.0396387847465165,-0.11793592802472794,-0.019784226182213507,-0.10968019034324779,-0.03087346191658939,0.12508668317741883,-0.09030720766073672,-0.07330452249189978,0.025382347770824376,-0.09270778723875307,-0.02712013013461787,-0.019851908976871703,-0.04136613683987285,0.06506737371538793,-0.056514357135833804,0.0033944331617501993,-0.03943841709490631,-0.008677188536520008,-0.049256171180166765,-0.0684240555566314,-0.007887488201551105,-0.09651061942270173,0.07859412786274209,-0.08150226837530647,-0.015657428702411637,-0.10458946740048633,-0.018362687948835704,-0.14194679566893836
8488241,2024-12-15 01:24:03+00:00,0,"['g251c__tu', 'ENG-wtd_avg', 'fi36s__tu', 'fi25s__tu', 'at24s__tu']","['cv15__tu', 'g232s__tu', 'inquirybanking12month__ln', 'ENG-franchise', 'au20s__tu']",,"[1, 1, 1, 1, 1, 1, 1, 1, 1, 1, 1, 1]",21000.0,16293.0,688.0,0,0,1.0,4666.0,1.2888970723623643,59516.0,0.5574929886384237,0.39004257415648635,0.4803295169612418,Decline,182.0,0,15.0,0.0,0.0,0.0,283.0,24.0,1.0,0.0,0.0,5.0,0.0,1.0,43.0,0.0,4.0,1.0,3.0,1.0,15.0,0.0,1.0,0.0,18.0,94.0,99999.0,1.0,4.0,1.0,26371.0,0.0,999.0,0.0,18.0,0.0,4.0,0.0,0.0,0.0,1.0,0.05862755356495931,-0.18827349289073714,-0.023523712854035837,-0.14209565667603957,-0.060300927094883106,0.09154098990252699,-0.07034504579162959,-0.06943203585757203,-0.1780787762041326,-0.20255280703278697,0.06891243213546375,-0.06930372276885687,0.21762167078723413,-0.20621158598810324,0.05777595718110798,0.05491722037638777,0.10001349160327515,0.03224864732983013,-0.11793592802472794,0.07473342567718344,-0.10968019034324779,0.17204724541497285,-0.03021581483703515,-0.09030720766073672,-0.07330452249189978,0.025382347770824376,-0.09270778723875307,-0.02712013013461787,-0.019851908976871703,-0.04136613683987285,0.06506737371538793,-0.056514357135833804,0.05009377283014747,0.1897445569872553,-0.008677188536520008,0.015520686370377988,0.1773409988380098,-0.007887488201551105,-0.09651061942270173,0.07859412786274209,-0.025593941117068985,0.08850290045664871,-0.10458946740048633,-0.018362687948835704,-0.14194679566893836
8513288,2024-12-21 06:05:37+00:00,1,"['au20s__tu', 'g095s__tu', 'jt20s__tu', 'rtl_trd__tu', 'ENG-wtd_avg']","['g232s__tu', 'cv15__tu', 'inquirybanking12month__ln', 'g002s__tu', 'balmag01__tu']","[1, 1, 1, 1, 1, 1, 1, 1, 1, 1, 1, 1, 1, 1, 1, 1, 1, 1, 1, 1, 1, 1, 1, 1, 1, 1, 1, 1, 1, 1, 1, 1, 1, 0, 1, 0, 0, 0]",,33881.0,27900.0,,0,1,0.8043184885290149,4499.0,1.2143727598566307,59456.0,0.4883238790038696,0.3501845945669622,0.4854926156055759,Decline,261.0,1,146.0,4.0,1.0,0.0,332.0,43.0,1.0,0.0,3784.0,5.0,1.0,3.0,32.0,0.0,14.0,176.0,1.0,1.0,1.0,0.0,1.0,0.0,18.0,95.0,556.0,9.0,9.0,0.0,911.0,0.0,28.0,0.0,58.0,0.0,83.0,12.0,18.0,0.0,1.0,0.05862755356495931,0.5381266846763259,-0.023523712854035837,0.2004005232174445,-0.002109078899541321,-0.1660761708115241,-0.07034504579162959,-0.11910610672405984,-0.38056948270557656,-0.20255280703278697,0.06891243213546375,0.15358010403820122,0.14032874394710926,-0.20621158598810324,0.05777595718110798,-0.12496553540883204,0.10874047098924666,0.03224864732983013,0.0628878217725071,0.07473342567718344,0.5094610820757571,-0.0922532562049396,-0.03021581483703515,-0.09030720766073672,-0.07330452249189978,0.025382347770824376,-0.09270778723875307,-0.02712013013461787,-0.019851908976871703,-0.04136613683987285,-0.050269119640593704,-0.056514357135833804,0.0033944331617501993,-0.03943841709490631,-0.008677188536520008,0.015520686370377988,0.10596202742217121,-0.007887488201551105,-0.09651061942270173,0.07859412786274209,-0.08150226837530647,-0.015657428702411637,0.25194094475317025,-0.018362687948835704,-0.14194679566893836
8487256,2024-12-14 22:20:02+00:00,1,"['rev322__tu', 'fi36s__tu', 'linka006__tu', 'rtl_trd__tu', 'g002s__tu']","['linkt003__tu', 'inquirybanking12month__ln', 'balmag01__tu', 'ENG-wtd_avg', 'au20s__tu']",,,,12650.0,,0,1,0.0,4800.0,1.2734844012832087,59116.0,0.566474911113315,0.39004257415648635,0.48806823757597956,Decline,314.0,0,1.0,2.0,0.0,300.0,304.0,13.0,1.0,1.0,0.0,2.0,0.0,3.0,43.0,0.0,1.0,1.0,2.0,1.0,2.0,0.0,1.0,0.0,2.0,90.0,99999.0,1.0,5.0,0.0,1354.0,0.0,999.0,0.0,2.0,0.0,2.0,5.0,0.0,5.0,1.0,0.05862755356495931,-0.18827349289073714,-0.023523712854035837,0.10794025034518957,-0.060300927094883106,0.09154098990252699,0.3264994580051225,-0.11910610672405984,-0.12919791320011853,-0.20255280703278697,-0.1824628326067655,-0.06930372276885687,-0.15001322365700048,0.013471361800327993,0.05777595718110798,-0.12496553540883204,0.10001349160327515,0.03224864732983013,0.0628878217725071,-0.019784226182213507,-0.10968019034324779,-0.03087346191658939,-0.03021581483703515,-0.09030720766073672,-0.07330452249189978,0.025382347770824376,-0.09270778723875307,-0.02712013013461787,-0.019851908976871703,-0.04136613683987285,0.06506737371538793,-0.056514357135833804,0.05009377283014747,-0.03943841709490631,-0.008677188536520008,0.015520686370377988,0.1773409988380098,-0.007887488201551105,0.1805634719208487,0.07859412786274209,0.0794212202023958,-0.015657428702411637,-0.10458946740048633,-0.018362687948835704,-0.14194679566893836
8459920,2024-12-03 23:04:51+00:00,1,"['g251c__tu', 'linka006__tu', 'inquirybanking12month__ln', 'cv13__tu', 'g002s__tu']","['balmag01__tu', 'ENG-wtd_avg', 'au20s__tu', 'rtl_trd__tu', 'g095s__tu']",,,33352.0,28775.0,,0,1,0.0,3655.0,1.1590616854908775,40167.0,0.4993390645907859,0.3501845945669622,0.49644393601382997,Decline,60.0,1,1.0,0.0,0.0,0.0,373.0,10.0,0.0,0.0,0.0,2.0,0.0,3.0,0.0,0.0,3.0,1.0,1.0,2.0,27.0,0.0,1.0,0.0,18.0,106.0,99999.0,16.0,1.0,0.0,291954.0,0.0,0.0,0.0,1.0,0.0,3.0,0.0,0.0,0.0,1.0,-0.09681697912336358,-0.18827349289073714,0.037311957071715245,-0.14209565667603957,-0.002109078899541321,0.09154098990252699,-0.07034504579162959,-0.11910610672405984,0.043484354902003225,0.16894243532599906,0.06891243213546375,-0.06930372276885687,-0.15001322365700048,0.013471361800327993,0.05777595718110798,-0.12496553540883204,0.10874047098924666,0.03224864732983013,0.0628878217725071,0.007908588638918862,-0.10968019034324779,-0.0922532562049396,0.12508668317741883,0.04990870277300484,-0.07330452249189978,0.025382347770824376,-0.09270778723875307,-0.02712013013461787,-0.019851908976871703,-0.04136613683987285,0.06506737371538793,-0.056514357135833804,0.05009377283014747,-0.03943841709490631,-0.008677188536520008,0.015520686370377988,-0.09643796186055453,-0.007887488201551105,0.22656232222654338,0.07859412786274209,0.07637038800224982,0.08850290045664871,-0.10458946740048633,-0.018362687948835704,-0.14194679566893836
8577353,2025-01-19 00:38:18+00:00,1,"['rtl_trd__tu', 'au20s__tu', 'ENG-wtd_avg', 'rev322__tu', 'fltgrossmonthly__income_sum']","['g232s__tu', 'cv15__tu', 'balmag01__tu', 'g407s__tu', 'in21s__tu']","[1, 1, 1, 1, 1, 1]","[1, 1]",35962.0,26157.0,757.0,0,1,1.0,6317.0,1.3748518560997056,62921.0,0.45590234227310306,0.39004257415648635,0.5048489621121577,Decline,199.0,1,118.0,7.0,0.0,128.0,531.0,31.0,0.0,0.0,0.0,5.0,0.0,4.0,20.0,6.0,3.0,1.0,1.0,1.0,3.0,0.0,1.0,2458.0,6.0,108.0,872.0,6.0,0.0,0.0,44626.0,1.0,1.0,0.0,27.0,0.0,2.0,10.0,0.0,5.0,1.0,0.13197734800913727,0.3655886981676968,-0.04132723560415334,0.4863873741462653,-0.060300927094883106,0.09154098990252699,0.17776804417874942,-0.11910610672405984,-0.255209877581241,0.16894243532599906,0.06891243213546375,-0.06930372276885687,0.21762167078723413,-0.20621158598810324,0.05777595718110798,-0.1698800097696574,0.10874047098924666,-0.0396387847465165,0.0628878217725071,0.007908588638918862,-0.10968019034324779,-0.0922532562049396,-0.03021581483703515,-0.09030720766073672,-0.07330452249189978,0.025382347770824376,-0.09270778723875307,0.09990807864792559,-0.019851908976871703,-0.04136613683987285,-0.050269119640593704,-0.056514357135833804,0.05009377283014747,-0.03943841709490631,-0.008677188536520008,-0.049256171180166765,-0.0684240555566314,-0.007887488201551105,-0.09651061942270173,0.07859412786274209,0.0794212202023958,-0.015657428702411637,-0.10458946740048633,-0.018362687948835704,-0.14194679566893836
8524045,2024-12-28 00:17:33+00:00,1,"['miles_odometer__app', 'rev322__tu', 'ENG-loan_to_value', 'au20s__tu', 'fltgrossmonthly__income_sum']","['derogseverityindex__ln', 'rp01s__tu', 'balmag01__tu', 'ENG-wtd_avg', 'cv13__tu']","[1, 1, 1, 1, 1, 1, 1, 1, 1, 1, 1, 1, 1, 1, 1, 1, 1, 1, 1, 1, 1, 0]","[0, 1, 0, 0]",25452.36,23350.0,,0,1,0.2,6000.0,1.0900368308351178,15.0,0.5279253412065947,0.3372811670434425,0.5055245270176902,Decline,175.0,1,98.0,1.0,0.0,2280.0,324.0,12.0,0.0,0.0,0.0,3.0,4.0,1.0,80.0,6.0,0.0,1.0,1.0,1.0,47.0,1.0,1.0,0.0,2.0,536.0,329.0,5.0,6.0,0.0,291954.0,6.0,17.0,0.0,14.0,0.0,0.0,4.0,0.0,4.0,1.0,0.13197734800913727,0.2177365717902033,0.34054786660712466,-0.007719313883108272,0.12681166561429538,0.09154098990252699,0.3264994580051225,-0.11910610672405984,-0.05599586626278019,0.16894243532599906,0.06891243213546375,-0.06930372276885687,-0.15001322365700048,-0.12259399033321434,-0.49163307727602673,0.05491722037638777,-0.15797629343215172,-0.0396387847465165,0.0628878217725071,-0.019784226182213507,-0.10968019034324779,-0.0922532562049396,-0.03021581483703515,0.10689258131274595,-0.07330452249189978,-0.1622949085028706,-0.09270778723875307,-0.02712013013461787,-0.019851908976871703,-0.04136613683987285,-0.050269119640593704,-0.056514357135833804,0.05009377283014747,-0.03943841709490631,-0.008677188536520008,-0.049256171180166765,0.10596202742217121,-0.007887488201551105,-0.09651061942270173,0.07859412786274209,0.0794212202023958,-0.015657428702411637,-0.10458946740048633,-0.018362687948835704,-0.14194679566893836
8431870,2024-11-30 02:22:05+00:00,1,"['miles_odometer__app', 'inquirybanking12month__ln', 'ENG-wtd_avg', 'all235__tu', 'inquirynonshortterm12month__ln']","['linkt003__tu', 'cv15__tu', 'g232s__tu', 'au20s__tu', 'rtl_trd__tu']",[1],"[0, 0, 0, 1, 0, 0, 1, 1, 1, 1, 1, 1, 1, 1, 1]",33931.0,27308.0,699.0,0,1,0.8583333333333333,4400.0,1.2425296616376154,33.0,0.5094867036533874,0.3501845945669622,0.5065327398642038,Decline,362.0,1,18.0,0.0,0.0,0.0,247.0,18.0,0.0,1.0,30872.0,5.0,0.0,3.0,50.0,0.0,2.0,18.0,5.0,1.0,6.0,0.0,1.0,0.0,1.0,91.0,99999.0,1.0,8.0,1.0,28648.0,2.0,1.0,0.0,13.0,0.0,1.0,1.0,0.0,11.0,0.0,0.05862755356495931,-0.18827349289073714,0.34054786660712466,-0.14209565667603957,-0.002109078899541321,0.09154098990252699,-0.07034504579162959,-0.0195542954136434,-0.15507978464835534,0.16894243532599906,-0.1824628326067655,0.1885423072401762,0.14032874394710926,-0.20621158598810324,0.05777595718110798,-0.12496553540883204,-0.01837301611295693,0.03224864732983013,0.0628878217725071,-0.0025250221890105603,-0.10968019034324779,0.29414262121614615,-0.03021581483703515,-0.09030720766073672,-0.07330452249189978,0.025382347770824376,-0.09270778723875307,-0.02712013013461787,-0.019851908976871703,-0.04136613683987285,0.06506737371538793,-0.056514357135833804,0.029134920956684608,0.1897445569872553,-0.008677188536520008,-0.049256171180166765,-0.0684240555566314,-0.007887488201551105,-0.09651061942270173,0.07859412786274209,0.0794212202023958,-0.0016142148168469777,-0.10458946740048633,-0.018362687948835704,0.25986861206479284
8573378,2025-01-17 21:37:14+00:00,1,"['g232s__tu', 'cv15__tu', 'in21s__tu', 'inquirybanking12month__ln', 'inquirynonshortterm12month__ln']","['linkt003__tu', 'balmag01__tu', 'ENG-wtd_avg', 'ENG-franchise', 'au20s__tu']",,,17049.0,14825.0,,0,0,0.0,3849.0,1.150016863406408,42241.0,0.5141648808890641,0.3501845945669622,0.5111837933966424,Decline,62.0,1,1.0,0.0,0.0,0.0,388.0,3.0,0.0,2.0,0.0,1.0,0.0,0.0,33.0,6.0,1.0,1.0,1.0,2.0,46.0,0.0,1.0,0.0,18.0,536.0,931.0,1.0,3.0,0.0,291954.0,0.0,0.0,0.0,3.0,0.0,1.0,1.0,0.0,0.0,0.0,-0.027970179858952268,-0.18827349289073714,0.037311957071715245,-0.14209565667603957,-0.002109078899541321,0.09154098990252699,-0.07034504579162959,-0.11910610672405984,0.29009271071754617,0.16894243532599906,-0.2536446870910988,-0.06930372276885687,-0.15001322365700048,0.16826983464198522,0.05777595718110798,0.13159391579138138,0.10001349160327515,-0.0396387847465165,-0.11793592802472794,-0.019784226182213507,-0.10968019034324779,-0.0922532562049396,0.12508668317741883,0.10689258131274595,-0.07330452249189978,0.025382347770824376,-0.09270778723875307,-0.02712013013461787,-0.019851908976871703,-0.04136613683987285,-0.050269119640593704,-0.056514357135833804,0.05009377283014747,-0.03943841709490631,-0.008677188536520008,0.015520686370377988,-0.09643796186055453,-0.007887488201551105,0.08445375502265723,0.07859412786274209,0.0794212202023958,-0.0016142148168469777,-0.10458946740048633,-0.018362687948835704,0.25986861206479284
8570864,2025-01-17 00:04:12+00:00,1,"['ENG-loan_to_value', 'inquirybanking12month__ln', 'miles_odometer__app', 'inquirynonshortterm12month__ln', 'subjectabilityindex__ln']","['linkt003__tu', 'g002s__tu', 'balmag01__tu', 'ENG-wtd_avg', 'au20s__tu']",,"[1, 1, 1, 0, 0, 0, 0, 0, 0, 0, 0, 0, 0, 1, 1, 0, 0, 0]",25880.0,23100.0,380.0,0,1,0.2046783625730994,4862.0,1.1203463203463204,31089.0,0.563073845962331,0.3372811670434425,0.5391816180022074,Decline,103.0,1,32.0,0.0,2.0,0.0,306.0,10.0,0.0,2.0,0.0,2.0,0.0,1.0,16.0,6.0,5.0,44.0,6.0,1.0,18.0,0.0,1.0,0.0,18.0,101.0,1018.0,26.0,4.0,0.0,291954.0,0.0,0.0,1.0,19.0,0.0,83.0,4.0,0.0,0.0,0.0,0.05862755356495931,-0.18827349289073714,0.13699271006921837,-0.14209565667603957,0.12681166561429538,-0.1660761708115241,-0.07034504579162959,-0.11910610672405984,0.043484354902003225,0.16894243532599906,-0.2536446870910988,-0.06930372276885687,-0.15001322365700048,0.013471361800327993,0.05777595718110798,0.05491722037638777,0.10874047098924666,-0.0396387847465165,0.0628878217725071,0.07473342567718344,-0.0019601420341259297,0.29414262121614615,-0.03021581483703515,-0.08639642557536051,-0.07330452249189978,0.025382347770824376,-0.09270778723875307,-0.02712013013461787,-0.019851908976871703,-0.04136613683987285,-0.050269119640593704,-0.056514357135833804,0.05009377283014747,-0.03943841709490631,-0.008677188536520008,0.015520686370377988,-0.09643796186055453,-0.007887488201551105,-0.09651061942270173,0.07859412786274209,-0.08150226837530647,-0.015657428702411637,-0.10458946740048633,-0.018362687948835704,0.25986861206479284
8520235,2024-12-25 04:54:47+00:00,1,"['miles_odometer__app', 'ENG-loan_to_value', 'rtl_trd__tu', 'at24s__tu', 'inquiryshortterm12month__ln']","['cv15__tu', 'g232s__tu', 'inquirybanking12month__ln', 'g002s__tu', 'balmag01__tu']","[1, 1, 1, 1, 1, 1, 0, 0, 1, 0, 0, 1, 1, 1, 1, 1, 1, 1, 1, 1, 1, 1, 1, 1, 1, 1, 1, 1, 1, 1, 1, 1, 0, 0, 0]","[1, 1, 1, 1, 1, 0]",38653.0,35005.0,470.0,0,1,0.7142857142857143,4208.0,1.104213683759463,5.0,0.5938585152755503,0.3372811670434425,0.5686600388682956,Decline,222.0,1,69.0,2.0,4.0,0.0,400.0,24.0,1.0,0.0,0.0,7.0,0.0,3.0,67.0,0.0,5.0,1.0,4.0,3.0,10.0,0.0,1.0,0.0,12.0,126.0,1012.0,12.0,10.0,0.0,32696.0,11.0,1.0,0.0,26.0,0.0,83.0,19.0,0.0,4.0,1.0,0.040308154710334734,0.020443712167482336,0.34054786660712466,0.10794025034518957,0.12681166561429538,-0.1660761708115241,-0.07034504579162959,-0.11910610672405984,-0.1780787762041326,-0.20255280703278697,0.06891243213546375,-0.06930372276885687,0.010623758166246828,-0.3446164652968252,0.05777595718110798,-0.12496553540883204,-0.04608437682097869,0.03224864732983013,0.0628878217725071,0.07473342567718344,-0.10968019034324779,0.2460720631549191,0.12508668317741883,-0.09030720766073672,-0.07330452249189978,0.025382347770824376,-0.09270778723875307,-0.02712013013461787,-0.019851908976871703,-0.04136613683987285,-0.050269119640593704,-0.056514357135833804,0.0033944331617501993,-0.03943841709490631,-0.008677188536520008,-0.049256171180166765,-0.0684240555566314,-0.007887488201551105,-0.09651061942270173,0.07859412786274209,-0.08150226837530647,-0.015657428702411637,-0.10458946740048633,-0.018362687948835704,-0.14194679566893836
8577270,2025-01-19 00:27:40+00:00,0,"['fi25s__tu', 'at24s__tu', 'cv13__tu', 'inquiryshortterm12month__ln', 'linkt003__tu']","['inquirybanking12month__ln', 'g002s__tu', 'ENG-franchise', 'au20s__tu', 'g095s__tu']",,"[1, 1, 1, 1, 1, 1, 1, 1, 1, 1, 1, 1, 0, 0, 0, 0, 0, 0, 0, 0, 1, 1, 0, 0, 1, 0]",22942.75,18725.0,713.0,0,0,0.41595441595441596,3813.0,1.2252469959946595,62410.0,0.574260064441817,0.3501845945669622,0.5709305498072419,Decline,202.0,1,46.0,1.0,2.0,0.0,220.0,7.0,1.0,0.0,0.0,2.0,0.0,3.0,36.0,0.0,7.0,46.0,2.0,1.0,27.0,0.0,1.0,0.0,1.0,87.0,99999.0,1.0,1.0,1.0,39353.0,1.0,1.0,0.0,4.0,0.0,4.0,4.0,0.0,17.0,1.0,-0.027970179858952268,-0.15927927253764146,-0.04132723560415334,-0.007719313883108272,-0.002109078899541321,-0.1660761708115241,-0.07034504579162959,0.04221351096772582,0.043484354902003225,-0.20255280703278697,0.06891243213546375,-0.06930372276885687,-0.06524181341490069,0.013471361800327993,0.05777595718110798,-0.12496553540883204,0.10001349160327515,0.03224864732983013,-0.11793592802472794,0.07473342567718344,-0.0019601420341259297,-0.03087346191658939,-0.03021581483703515,0.04990870277300484,-0.07330452249189978,0.025382347770824376,-0.09270778723875307,-0.02712013013461787,-0.019851908976871703,-0.04136613683987285,0.06506737371538793,-0.056514357135833804,0.05009377283014747,0.1897445569872553,-0.008677188536520008,-0.049256171180166765,-0.0684240555566314,-0.007887488201551105,0.0509809958782628,0.07859412786274209,-0.025593941117068985,-0.015657428702411637,-0.10458946740048633,0.002489027625756258,-0.14194679566893836
8574546,2025-01-18 02:13:09+00:00,1,"['in21s__tu', 'ENG-loan_to_value', 'fi36s__tu', 'subjectabilityindex__ln', 'addrprevioustimenewest__ln']","['cv15__tu', 'g232s__tu', 'inquirybanking12month__ln', 'ENG-wtd_avg', 'ENG-franchise']",,,17261.0,16590.0,,0,0,0.0,4852.0,1.0404460518384568,47520.0,0.5973563204173298,0.3372811670434425,0.5720094258968795,Decline,286.0,1,1.0,0.0,0.0,0.0,290.0,27.0,1.0,0.0,0.0,6.0,3.0,2.0,50.0,0.0,1.0,1.0,5.0,1.0,83.0,0.0,1.0,0.0,2.0,536.0,373.0,70.0,7.0,0.0,291954.0,1.0,77.0,0.0,18.0,0.0,2.0,2.0,0.0,18.0,1.0,0.05862755356495931,-0.18827349289073714,0.037311957071715245,-0.14209565667603957,0.12681166561429538,0.09154098990252699,-0.07034504579162959,-0.06943203585757203,-0.255209877581241,-0.20255280703278697,0.06891243213546375,-0.06930372276885687,-0.15001322365700048,-0.3446164652968252,0.05777595718110798,-0.0962114720772341,-0.01837301611295693,0.03224864732983013,-0.11793592802472794,-0.019784226182213507,-0.10968019034324779,0.29414262121614615,-0.03021581483703515,0.2697498374100057,-0.07330452249189978,0.025382347770824376,-0.09270778723875307,-0.02712013013461787,-0.019851908976871703,-0.04136613683987285,-0.050269119640593704,0.1373276043208283,0.029134920956684608,-0.03943841709490631,-0.008677188536520008,-0.049256171180166765,0.1773409988380098,-0.007887488201551105,-0.09651061942270173,0.07859412786274209,0.0794212202023958,-0.015657428702411637,-0.10458946740048633,0.002489027625756258,-0.14194679566893836
8507539,2024-12-19 04:33:47+00:00,1,"['rtl_trd__tu', 'rev322__tu', 'in34s__tu', 'fi25s__tu', 'at24s__tu']","['derogseverityindex__ln', 'g232s__tu', 'cv15__tu', 'inquirybanking12month__ln', 'addronfilecount__ln']","[0, 0, 1, 1, 1, 1, 1, 1, 1, 0, 0, 1, 1, 1, 1, 1, 1, 1, 1, 1, 0, 0, 0, 1, 1, 1]",,22156.0,18625.0,,0,1,0.7435897435897436,5000.0,1.1895838926174496,61227.0,0.5883592248588317,0.3501845945669622,0.5849479644023713,Decline,440.0,1,66.0,6.0,0.0,3338.0,258.0,44.0,1.0,0.0,0.0,4.0,4.0,6.0,29.0,0.0,16.0,1.0,4.0,1.0,11.0,0.0,1.0,2390.0,4.0,59.0,468.0,4.0,17.0,1.0,3415.0,3.0,1.0,0.0,23.0,0.0,1.0,10.0,0.0,3.0,1.0,0.05862755356495931,0.020443712167482336,-0.04132723560415334,0.4863873741462653,-0.002109078899541321,0.09154098990252699,0.3264994580051225,-0.0195542954136434,-0.38056948270557656,-0.20255280703278697,0.06891243213546375,-0.06930372276885687,0.010623758166246828,-0.20621158598810324,-0.49163307727602673,-0.1698800097696574,0.10874047098924666,0.03224864732983013,0.0628878217725071,0.07473342567718344,-0.10968019034324779,0.2460720631549191,-0.03021581483703515,-0.09030720766073672,-0.07330452249189978,0.025382347770824376,-0.09270778723875307,0.09990807864792559,-0.019851908976871703,0.16574715799894735,-0.050269119640593704,-0.056514357135833804,-0.14971612629601055,0.1897445569872553,-0.008677188536520008,-0.049256171180166765,-0.0684240555566314,-0.007887488201551105,-0.09651061942270173,0.07859412786274209,0.0794212202023958,-0.015657428702411637,-0.10458946740048633,-0.018362687948835704,-0.14194679566893836
8578566,2025-01-19 03:49:10+00:00,1,"['rev322__tu', 'au20s__tu', 'in34s__tu', 'ENG-wtd_avg', 'jt20s__tu']","['inquiryshortterm12month__ln', 'linkt003__tu', 'inquirybanking12month__ln', 'g232s__tu', 'g002s__tu']","[1, 1, 1]",,13389.0,11200.0,,0,0,1.0,4100.0,1.1954464285714286,101554.0,0.5921821887984654,0.3501845945669622,0.5887487630981153,Decline,161.0,1,121.0,0.0,1.0,865.0,387.0,16.0,1.0,1.0,4.0,1.0,0.0,4.0,17.0,4.0,2.0,121.0,2.0,1.0,4.0,0.0,1.0,0.0,5.0,15.0,847.0,1.0,10.0,0.0,153.0,2.0,8.0,0.0,15.0,1.0,83.0,5.0,0.0,7.0,1.0,0.040308154710334734,0.4102418344400132,-0.1275519600589978,-0.14209565667603957,-0.002109078899541321,-0.1660761708115241,0.3264994580051225,-0.11910610672405984,-0.15507978464835534,-0.20255280703278697,-0.1824628326067655,-0.06930372276885687,0.21762167078723413,0.16826983464198522,0.05777595718110798,-0.1698800097696574,0.10874047098924666,-0.0396387847465165,-0.11793592802472794,-0.0025250221890105603,0.38284509462663713,-0.03087346191658939,-0.03021581483703515,-0.09030720766073672,-0.07330452249189978,0.025382347770824376,-0.09270778723875307,-0.02712013013461787,-0.019851908976871703,0.2987949245456811,-0.050269119640593704,-0.056514357135833804,0.0033944331617501993,-0.03943841709490631,-0.008677188536520008,-0.049256171180166765,0.10596202742217121,-0.007887488201551105,-0.09651061942270173,-0.28347325196329687,-0.08150226837530647,-0.015657428702411637,-0.10458946740048633,-0.018362687948835704,-0.14194679566893836
8429748,2024-11-28 04:56:34+00:00,1,"['cv15__tu', 'linka006__tu', 'trv01__tu', 'g002s__tu', 'inquiryshortterm12month__ln']","['linkt003__tu', 'inquirybanking12month__ln', 'ENG-franchise', 'rtl_trd__tu', 'miles_odometer__app']","[1, 1, 1, 1, 1, 1, 1, 1, 1, 1, 0, 1, 1, 1, 1, 1, 1, 1, 0, 1, 0, 1, 1, 1, 1, 1, 1, 1, 1, 1, 1, 1, 1, 1, 1, 1, 1, 1, 1, 1, 1, 1, 0, 1, 1, 1, 0, 1, 0, 0, 0, 0, 0, 0, 0]",,17446.0,14500.0,,0,0,0.672077922077922,3000.0,1.2031724137931035,88521.0,0.5934468700530002,0.3501845945669622,0.5900061118303214,Decline,65.0,1,64.0,0.0,0.0,0.0,283.0,9.0,1.0,1.0,0.0,1.0,0.0,1.0,75.0,0.0,0.0,1.0,1.0,1.0,34.0,0.0,20.0,0.0,18.0,536.0,99999.0,1.0,1.0,0.0,620.0,2.0,1.0,0.0,2.0,0.0,4.0,3.0,0.0,0.0,1.0,-0.1091665809718578,0.020443712167482336,-0.1275519600589978,-0.14209565667603957,-0.002109078899541321,0.09154098990252699,-0.07034504579162959,-0.06943203585757203,0.043484354902003225,-0.20255280703278697,-0.1824628326067655,-0.06930372276885687,0.010623758166246828,0.16826983464198522,0.05777595718110798,0.05491722037638777,-0.04608437682097869,0.03224864732983013,-0.11793592802472794,-0.019784226182213507,-0.10968019034324779,-0.0922532562049396,-0.03021581483703515,0.04990870277300484,-0.07330452249189978,0.025382347770824376,0.10723235366853863,-0.02712013013461787,-0.019851908976871703,-0.04136613683987285,0.06506737371538793,-0.056514357135833804,0.05009377283014747,-0.03943841709490631,-0.008677188536520008,-0.049256171180166765,-0.0684240555566314,-0.007887488201551105,0.1805634719208487,0.07859412786274209,-0.025593941117068985,-0.015657428702411637,-0.10458946740048633,-0.018362687948835704,-0.14194679566893836
8553103,2025-01-09 23:46:06+00:00,1,"['rev322__tu', 'rtl_trd__tu', 'au20s__tu', 'jt20s__tu', 'g407s__tu']","['inquirybanking12month__ln', 'g002s__tu', 'ENG-franchise', 'miles_odometer__app', 'g232s__tu']","[1, 1, 1, 1, 1, 1, 1, 1, 1, 1, 1, 1, 1, 1, 1, 1, 1, 1, 1, 1, 0]","[1, 1, 1, 1, 1, 0, 1, 0]",17469.0,13975.0,537.0,0,0,0.6111111111111112,3810.0,1.2500178890876565,88029.0,0.5409527323593655,0.39004257415648635,0.5990305382545378,Decline,170.0,1,94.0,3.0,3.0,1000.0,254.0,13.0,1.0,0.0,0.0,2.0,3.0,0.0,58.0,6.0,2.0,94.0,6.0,1.0,10.0,0.0,1.0,1000.0,3.0,104.0,1000.0,1.0,1.0,0.0,31941.0,1.0,2.0,0.0,23.0,0.0,6.0,6.0,0.0,6.0,1.0,-0.027970179858952268,0.2177365717902033,-0.1275519600589978,0.2004005232174445,-0.060300927094883106,-0.1660761708115241,0.3264994580051225,-0.0195542954136434,-0.12919791320011853,-0.20255280703278697,0.06891243213546375,-0.06930372276885687,0.010623758166246828,0.013471361800327993,0.05777595718110798,0.13159391579138138,-0.01837301611295693,-0.0396387847465165,-0.11793592802472794,-0.0025250221890105603,0.28386568390968,0.29414262121614615,-0.03021581483703515,-0.09030720766073672,-0.07330452249189978,0.025382347770824376,-0.09270778723875307,0.09990807864792559,-0.019851908976871703,-0.04136613683987285,-0.050269119640593704,-0.056514357135833804,0.05009377283014747,-0.03943841709490631,-0.008677188536520008,-0.049256171180166765,-0.0684240555566314,-0.007887488201551105,-0.09651061942270173,0.07859412786274209,-0.04071155733815719,-0.015657428702411637,-0.10458946740048633,-0.018362687948835704,-0.14194679566893836
8541665,2025-01-04 21:11:05+00:00,1,"['g095s__tu', 'in21s__tu', 'all235__tu', 'addrprevioustimenewest__ln', 'g002s__tu']","['linkt003__tu', 'inquirybanking12month__ln', 'balmag01__tu', 'ENG-wtd_avg', 'ENG-franchise']",,,,,,0,0,0.0,5000.0,1.2734844012832087,60518.520779948754,0.5688697309291045,0.39004257415648635,0.6299447636190054,Decline,67.0,1,1.0,0.0,0.0,1.0,357.0,8.0,1.0,1.0,1777.0,2.0,1.0,1.0,75.0,6.0,2.0,42.0,1.0,1.0,42.0,0.0,1.0,77.0,18.0,536.0,452.0,94.0,2.0,0.0,291954.0,0.0,36.0,0.0,7.0,0.0,3.0,5.0,15.0,0.0,1.0,0.05862755356495931,-0.18827349289073714,-0.04132723560415334,-0.14209565667603957,-0.060300927094883106,0.09154098990252699,-0.07034504579162959,-0.11910610672405984,0.043484354902003225,-0.20255280703278697,-0.1824628326067655,0.15358010403820122,-0.15001322365700048,0.013471361800327993,0.05777595718110798,0.05491722037638777,-0.04608437682097869,-0.0396387847465165,-0.11793592802472794,-0.0025250221890105603,-0.0019601420341259297,-0.0922532562049396,-0.03021581483703515,0.10689258131274595,-0.07330452249189978,0.025382347770824376,-0.09270778723875307,-0.0014416545835477044,-0.019851908976871703,-0.04136613683987285,-0.050269119640593704,0.1373276043208283,0.05009377283014747,-0.03943841709490631,-0.008677188536520008,0.015520686370377988,0.10596202742217121,-0.007887488201551105,-0.09651061942270173,0.07859412786274209,0.07637038800224982,-0.015657428702411637,0.25194094475317025,-0.018362687948835704,-0.14194679566893836
