accountid,request_datetime,bitdebtor,best_features,worst_features,list_pmt_hx_closed__tu_pmthx,list_pmt_hx_open__tu_pmthx,amtfinanced__app,bookvalue__app,flt_payment_open__tu_pmthx,ENG-bk,ENG-franchise,ENG-wtd_avg,fltgrossmonthly__income_sum,ENG-loan_to_value,miles_odometer__app,PD,LGD,ECNL,Tier,g106s__tu,has_inst_tag,au20s__tu,rtl_trd__tu,g002s__tu,rev322__tu,balmag01__tu,g232s__tu,inquirybanking12month__ln,linkt003__tu,all235__tu,cv15__tu,derogseverityindex__ln,g407s__tu,cv13__tu,phoneinputproblems__ln,at24s__tu,jt20s__tu,subjectabilityindex__ln,sourcenonderogcount12month__ln,in21s__tu,rp01s__tu,trv01__tu,bc97a__tu,s068b__tu,in34s__tu,linka053__tu,addrprevioustimenewest__ln,addronfilecount__ln,fi25s__tu,fi101s__tu,linka025__tu,fi36s__tu,linkf098__tu,linka006__tu,inquiryshortterm12month__ln,addrinputsubjectcount__ln,g251c__tu,g095s__tu,s209a__tu,inquirynonshortterm12month__ln,fltgrossmonthly__income_sum_binned,au20s__tu_binned,miles_odometer__app_binned,rtl_trd__tu_binned,ENG-loan_to_value_binned,g002s__tu_binned,rev322__tu_binned,balmag01__tu_binned,g232s__tu_binned,inquirybanking12month__ln_binned,linkt003__tu_binned,all235__tu_binned,ENG-wtd_avg_binned,cv15__tu_binned,derogseverityindex__ln_binned,g407s__tu_binned,cv13__tu_binned,phoneinputproblems__ln_binned,ENG-franchise_binned,at24s__tu_binned,jt20s__tu_binned,subjectabilityindex__ln_binned,sourcenonderogcount12month__ln_binned,in21s__tu_binned,ENG-bk_binned,rp01s__tu_binned,trv01__tu_binned,bc97a__tu_binned,s068b__tu_binned,in34s__tu_binned,linka053__tu_binned,addrprevioustimenewest__ln_binned,addronfilecount__ln_binned,fi25s__tu_binned,fi101s__tu_binned,linka025__tu_binned,fi36s__tu_binned,linkf098__tu_binned,linka006__tu_binned,inquiryshortterm12month__ln_binned,addrinputsubjectcount__ln_binned,g251c__tu_binned,g095s__tu_binned,s209a__tu_binned,inquirynonshortterm12month__ln_binned
8469495,2024-12-07 06:00:55+00:00,1,"['ENG-loan_to_value', 'rtl_trd__tu', 'g095s__tu', 's209a__tu', 'ENG-wtd_avg']","['cv15__tu', 'g232s__tu', 'ENG-franchise', 'g407s__tu', 'in21s__tu']","[1, 1, 1, 1, 1, 1, 1, 1, 1, 1, 1, 1, 1, 1, 1, 1, 1, 1, 1, 1, 1, 1, 1, 1, 1, 1, 1, 1, 1, 1, 1, 1, 1, 1, 1, 1, 1, 1, 1, 1, 1, 1]",,6421.0,17500.0,,0,0,1.0,4500.0,0.3669142857142857,40600.0,0.16562330290003544,0.01,0.004702178067974326,A1,336.0,1,82.0,9.0,0.0,0.0,280.0,32.0,0.0,0.0,337.0,7.0,1.0,6.0,58.0,0.0,1.0,1.0,3.0,1.0,12.0,0.0,1.0,0.0,1.0,536.0,22.0,1.0,6.0,0.0,291954.0,1.0,5.0,0.0,32.0,0.0,6.0,15.0,5.0,34.0,1.0,0.05862755356495931,0.020443712167482336,0.037311957071715245,0.4863873741462653,1.888975756210269,0.09154098990252699,-0.07034504579162959,-0.06943203585757203,-0.255209877581241,0.16894243532599906,0.06891243213546375,0.10777261724792812,0.21762167078723413,-0.3446164652968252,0.05777595718110798,-0.1698800097696574,-0.01837301611295693,0.03224864732983013,-0.11793592802472794,-0.019784226182213507,-0.10968019034324779,0.17204724541497285,-0.03021581483703515,-0.09030720766073672,-0.07330452249189978,0.025382347770824376,-0.09270778723875307,-0.02712013013461787,-0.019851908976871703,-0.04136613683987285,-0.050269119640593704,-0.056514357135833804,0.05009377283014747,-0.03943841709490631,-0.008677188536520008,-0.049256171180166765,-0.0684240555566314,-0.007887488201551105,-0.09651061942270173,0.07859412786274209,-0.04071155733815719,-0.015657428702411637,0.25194094475317025,0.12016521996775872,-0.14194679566893836
8524695,2024-12-28 02:21:07+00:00,1,"['ENG-loan_to_value', 'g251c__tu', 's068b__tu', 'inquirybanking12month__ln', 'cv13__tu']","['ENG-wtd_avg', 'ENG-franchise', 'au20s__tu', 'rtl_trd__tu', 'in21s__tu']",,,6574.0,17500.0,,0,0,0.0,4500.0,0.37565714285714286,40600.0,0.21982002456798214,0.01,0.004855736414696899,A1,64.0,0,1.0,0.0,0.0,0.0,300.0,10.0,0.0,0.0,0.0,3.0,0.0,1.0,0.0,0.0,1.0,1.0,1.0,1.0,0.0,0.0,1.0,0.0,0.0,536.0,1007.0,1.0,1.0,0.0,291954.0,2.0,0.0,0.0,6.0,0.0,83.0,0.0,0.0,0.0,1.0,0.05862755356495931,-0.18827349289073714,0.037311957071715245,-0.14209565667603957,1.888975756210269,0.09154098990252699,-0.07034504579162959,-0.06943203585757203,0.043484354902003225,0.16894243532599906,0.06891243213546375,-0.06930372276885687,-0.15001322365700048,-0.12259399033321434,0.05777595718110798,0.05491722037638777,0.10874047098924666,0.03224864732983013,-0.11793592802472794,-0.019784226182213507,-0.10968019034324779,-0.0922532562049396,-0.03021581483703515,-0.09030720766073672,-0.07330452249189978,0.025382347770824376,-0.09270778723875307,-0.02712013013461787,0.1248545407672109,-0.04136613683987285,-0.050269119640593704,-0.056514357135833804,0.05009377283014747,-0.03943841709490631,-0.008677188536520008,-0.049256171180166765,-0.09643796186055453,-0.007887488201551105,-0.017088484297844653,0.07859412786274209,-0.08150226837530647,0.08850290045664871,-0.10458946740048633,-0.018362687948835704,-0.14194679566893836
8533260,2024-12-31 22:50:42+00:00,0,"['ENG-loan_to_value', 'balmag01__tu', 'miles_odometer__app', 'g251c__tu', 'ENG-wtd_avg']","['au20s__tu', 'fltgrossmonthly__income_sum', 'in21s__tu', 'g095s__tu', 'trv01__tu']",,"[1, 1, 1, 1, 1, 1, 1, 1, 1, 1, 1, 1, 1, 1, 1, 1, 1, 1, 1, 1, 1, 1, 1, 1, 1, 1]",23213.66,27216.0,443.0,0,1,1.0,0.0,0.8529416519694297,7.0,0.1402349528403147,0.27775640912627786,0.08604154762295808,A,80.0,0,28.0,2.0,0.0,0.0,40.0,6.0,0.0,0.0,1262.0,1.0,0.0,0.0,0.0,6.0,2.0,39.0,1.0,1.0,17.0,0.0,1.0,0.0,0.0,80.0,99999.0,56.0,2.0,0.0,291954.0,0.0,0.0,0.0,4.0,0.0,5.0,0.0,0.0,0.0,0.0,-0.1091665809718578,-0.18827349289073714,0.34054786660712466,0.10794025034518957,0.7217349611530631,0.09154098990252699,-0.07034504579162959,0.4398748289474107,0.1363642225800611,0.16894243532599906,0.06891243213546375,0.15358010403820122,0.21762167078723413,0.16826983464198522,0.05777595718110798,0.13159391579138138,0.10874047098924666,-0.0396387847465165,0.0628878217725071,-0.0025250221890105603,-0.0019601420341259297,-0.0922532562049396,-0.03021581483703515,-0.08639642557536051,-0.07330452249189978,0.025382347770824376,-0.09270778723875307,-0.02712013013461787,0.1248545407672109,0.16574715799894735,0.06506737371538793,0.1373276043208283,0.05009377283014747,-0.03943841709490631,-0.008677188536520008,0.015520686370377988,-0.09643796186055453,-0.007887488201551105,0.0509809958782628,0.07859412786274209,-0.04071155733815719,0.08850290045664871,-0.10458946740048633,-0.018362687948835704,0.25986861206479284
8519989,2024-12-25 02:24:02+00:00,1,"['ENG-loan_to_value', 'fltgrossmonthly__income_sum', 'miles_odometer__app', 'rev322__tu', 'balmag01__tu']","['rp01s__tu', 'inquirybanking12month__ln', 'g002s__tu', 'g232s__tu', 'in21s__tu']","[1, 1, 1, 1, 1, 1, 1, 1, 1, 1, 1, 1, 1, 1, 1, 1, 1, 1, 1, 1, 1, 1, 1, 1, 1, 1, 1, 0, 0, 0, 1, 0, 1, 1, 1, 1, 1, 1, 1, 1, 1, 1, 1, 1, 1, 1]","[1, 1, 1, 1, 1, 1, 1, 1, 1, 1, 0, 0, 0, 0, 1, 1, 0, 0, 0, 1, 0, 1]",35000.0,47546.0,654.0,0,1,0.5059288537549407,11000.0,0.736129222226896,150.0,0.21035137603420326,0.19939686644815996,0.09265130442631228,A,209.0,0,71.0,4.0,1.0,284.0,198.0,14.0,1.0,0.0,0.0,2.0,0.0,0.0,57.0,6.0,5.0,16.0,6.0,2.0,24.0,1.0,3.0,661.0,1.0,74.0,99999.0,1.0,1.0,0.0,291954.0,0.0,0.0,0.0,8.0,0.0,4.0,1.0,0.0,26.0,1.0,0.30369082926416546,0.020443712167482336,0.34054786660712466,0.2004005232174445,1.0206244866252332,-0.1660761708115241,0.3264994580051225,0.17363223309014522,-0.12919791320011853,-0.20255280703278697,0.06891243213546375,-0.06930372276885687,-0.06524181341490069,0.013471361800327993,0.05777595718110798,0.13159391579138138,-0.01837301611295693,-0.0396387847465165,0.0628878217725071,0.07473342567718344,-0.10968019034324779,0.29414262121614615,0.12508668317741883,-0.08639642557536051,-0.07330452249189978,-0.1622949085028706,-0.09270778723875307,0.09990807864792559,-0.019851908976871703,0.16574715799894735,0.06506737371538793,-0.056514357135833804,0.05009377283014747,-0.03943841709490631,-0.008677188536520008,0.015520686370377988,-0.09643796186055453,-0.007887488201551105,-0.09651061942270173,0.07859412786274209,-0.025593941117068985,-0.0016142148168469777,-0.10458946740048633,0.037739856890154314,-0.14194679566893836
8486727,2024-12-14 06:49:37+00:00,1,"['balmag01__tu', 'rtl_trd__tu', 'fltgrossmonthly__income_sum', 'rev322__tu', 'addrprevioustimenewest__ln']","['linkt003__tu', 'miles_odometer__app', 'in21s__tu', 'g095s__tu', 'trv01__tu']","[1, 1, 1, 1, 1, 1, 1, 1, 1, 1, 1, 1, 1, 1, 1, 1, 1, 1, 1, 1, 1, 1, 1, 1, 1, 1, 1, 1, 1, 1, 1, 1, 1, 1, 1, 1, 1, 1, 1, 1, 1, 1, 1, 1, 1, 1, 1, 1, 1, 1, 1, 1, 1, 1, 1, 1, 1, 1, 1, 1, 1, 1, 1]","[1, 1, 1, 1, 1, 1, 1, 1, 1, 1, 1, 1, 1, 1, 1, 1, 1, 1, 1, 1, 1, 1, 1, 1, 1, 1, 1, 1, 1, 1, 1, 1, 1, 1, 1, 1, 1, 1, 1, 1, 1, 1, 1, 1, 1, 1, 1, 1, 1, 1, 1, 1, 1, 1, 1, 1]",40000.0,37150.0,674.0,0,1,1.0,7800.0,1.0767160161507403,92972.0,0.14086624295995662,0.3372811670434425,0.10495107112580056,A,442.0,0,74.0,13.0,0.0,2049.0,128.0,10.0,0.0,1.0,16853.0,1.0,0.0,1.0,29.0,0.0,10.0,1.0,6.0,1.0,12.0,0.0,1.0,546.0,3.0,50.0,11.0,227.0,4.0,1.0,17616.0,0.0,999.0,0.0,2.0,0.0,2.0,5.0,0.0,20.0,0.0,0.30369082926416546,0.020443712167482336,-0.1275519600589978,0.4863873741462653,0.12681166561429538,0.09154098990252699,0.3264994580051225,0.4398748289474107,0.043484354902003225,0.16894243532599906,-0.1824628326067655,0.1885423072401762,0.21762167078723413,0.16826983464198522,0.05777595718110798,0.05491722037638777,0.10874047098924666,0.03224864732983013,0.0628878217725071,0.07473342567718344,-0.10968019034324779,0.29414262121614615,-0.03021581483703515,-0.09030720766073672,-0.07330452249189978,0.025382347770824376,-0.09270778723875307,0.09990807864792559,-0.019851908976871703,0.16574715799894735,-0.050269119640593704,0.3914185213487937,0.05009377283014747,0.1897445569872553,-0.008677188536520008,0.015520686370377988,0.1773409988380098,-0.007887488201551105,0.1805634719208487,0.07859412786274209,0.0794212202023958,-0.015657428702411637,-0.10458946740048633,0.002489027625756258,0.25986861206479284
8469944,2024-12-07 08:13:27+00:00,1,"['balmag01__tu', 'rtl_trd__tu', 'miles_odometer__app', 'rev322__tu', 'g251c__tu']","['inquirybanking12month__ln', 'fltgrossmonthly__income_sum', 'in21s__tu', 'g095s__tu', 'trv01__tu']","[1, 1, 1, 1, 1, 1, 1, 1, 1, 1, 1, 1, 1, 1, 1, 1, 1, 1, 1, 1, 1, 1, 1, 1, 1, 1, 1, 1, 1, 1, 1, 1, 1, 1, 1, 1, 1, 1, 1, 1]","[1, 1, 1, 1, 1, 1, 1, 1, 1, 1, 1, 1, 1, 1, 1, 1, 1]",38243.0,37585.0,532.0,0,1,1.0,1188.0,1.0175069841692164,30.0,0.17862388378486785,0.27775640912627786,0.10959518359716051,A,446.0,0,87.0,9.0,0.0,3227.0,120.0,11.0,1.0,0.0,29720.0,2.0,3.0,2.0,4.0,0.0,15.0,348.0,1.0,1.0,19.0,0.0,2.0,2096.0,18.0,97.0,954.0,1.0,2.0,1.0,23388.0,0.0,999.0,0.0,2.0,0.0,4.0,0.0,0.0,0.0,1.0,-0.1091665809718578,0.2177365717902033,0.34054786660712466,0.4863873741462653,0.12681166561429538,0.09154098990252699,0.3264994580051225,0.4398748289474107,-0.05599586626278019,-0.20255280703278697,0.06891243213546375,0.1885423072401762,0.21762167078723413,0.013471361800327993,0.05777595718110798,-0.0962114720772341,0.10874047098924666,0.03224864732983013,0.0628878217725071,0.07473342567718344,0.5094610820757571,-0.0922532562049396,-0.03021581483703515,-0.08639642557536051,-0.07330452249189978,0.025382347770824376,-0.09270778723875307,0.09990807864792559,-0.019851908976871703,-0.04136613683987285,-0.050269119640593704,-0.056514357135833804,0.05009377283014747,0.1897445569872553,-0.008677188536520008,0.015520686370377988,0.1773409988380098,-0.007887488201551105,0.1805634719208487,0.07859412786274209,-0.025593941117068985,0.08850290045664871,-0.10458946740048633,-0.018362687948835704,-0.14194679566893836
8486367,2024-12-16 22:29:07+00:00,1,"['balmag01__tu', 'trv01__tu', 'ENG-bk', 'g095s__tu', 'g232s__tu']","['in21s__tu', 'ENG-loan_to_value', 'g407s__tu', 'rev322__tu', 'fi36s__tu']","[1, 1, 1, 1, 1]","[1, 1, 1, 1, 1, 1, 1, 1, 1, 1, 1, 1, 1, 1, 1, 1, 1, 1, 1, 1, 1, 1, 1, 1, 1, 1, 1, 1, 1, 1, 1, 1]",,18251.0,433.0,1,1,1.0,3709.2,1.2734844012832087,62564.0,0.1912412649667641,0.31672530923551634,0.1337988030285326,B,477.0,0,75.0,2.0,0.0,0.0,24.0,4.0,0.0,0.0,0.0,1.0,3.0,2.0,43.0,0.0,1.0,75.0,1.0,1.0,20.0,0.0,999.0,0.0,18.0,54.0,585.0,93.0,8.0,1.0,10516.0,0.0,1.0,0.0,4.0,0.0,3.0,6.0,1.0,0.0,0.0,-0.027970179858952268,0.020443712167482336,-0.04132723560415334,0.10794025034518957,-0.060300927094883106,0.09154098990252699,-0.07034504579162959,0.4398748289474107,0.2051052489933988,0.16894243532599906,0.06891243213546375,-0.06930372276885687,0.21762167078723413,0.16826983464198522,0.05777595718110798,-0.0962114720772341,0.10001349160327515,0.03224864732983013,0.0628878217725071,-0.019784226182213507,0.16725028297757608,-0.0922532562049396,-0.03021581483703515,-0.08639642557536051,0.3644461705690194,0.025382347770824376,0.33183641136280506,-0.02712013013461787,-0.019851908976871703,0.16574715799894735,-0.050269119640593704,0.1373276043208283,0.029134920956684608,0.1897445569872553,-0.008677188536520008,0.015520686370377988,-0.0684240555566314,-0.007887488201551105,0.0509809958782628,0.07859412786274209,0.07637038800224982,-0.015657428702411637,0.25194094475317025,-0.018362687948835704,0.25986861206479284
8526152,2024-12-28 07:05:46+00:00,1,"['ENG-loan_to_value', 'miles_odometer__app', 'inquirybanking12month__ln', 'fi36s__tu', 'inquirynonshortterm12month__ln']","['g002s__tu', 'ENG-wtd_avg', 'au20s__tu', 'rtl_trd__tu', 'in21s__tu']",,,20030.0,25225.0,,0,1,0.0,3850.0,0.7940535183349852,10100.0,0.31895817762741124,0.19939686644815996,0.14048822390310348,B,181.0,0,1.0,0.0,33.0,0.0,254.0,7.0,0.0,0.0,4491.0,2.0,0.0,1.0,0.0,0.0,0.0,1.0,4.0,2.0,22.0,0.0,1.0,0.0,1.0,536.0,99999.0,10.0,2.0,0.0,291954.0,3.0,999.0,0.0,5.0,0.0,4.0,1.0,0.0,5.0,0.0,-0.027970179858952268,-0.18827349289073714,0.34054786660712466,-0.14209565667603957,0.7217349611530631,-0.1660761708115241,-0.07034504579162959,-0.0195542954136434,0.043484354902003225,0.16894243532599906,0.06891243213546375,0.15358010403820122,-0.15001322365700048,0.013471361800327993,0.05777595718110798,0.05491722037638777,0.10874047098924666,0.03224864732983013,0.0628878217725071,-0.019784226182213507,-0.10968019034324779,0.2460720631549191,0.12508668317741883,-0.08639642557536051,-0.07330452249189978,0.025382347770824376,-0.09270778723875307,-0.02712013013461787,-0.019851908976871703,-0.04136613683987285,0.06506737371538793,-0.056514357135833804,0.05009377283014747,-0.03943841709490631,-0.008677188536520008,-0.049256171180166765,0.1773409988380098,-0.007887488201551105,-0.017088484297844653,0.07859412786274209,-0.025593941117068985,-0.0016142148168469777,-0.10458946740048633,-0.018362687948835704,0.25986861206479284
8515856,2024-12-22 04:42:58+00:00,1,"['g232s__tu', 'trv01__tu', 'au20s__tu', 'in21s__tu', 'ENG-loan_to_value']","['cv13__tu', 'g095s__tu', 'linka006__tu', 'ENG-bk', 'g251c__tu']","[1, 1, 1, 1, 1, 1, 1, 1, 1, 1, 1, 1, 1, 1, 1, 1, 1, 1, 1, 1, 1, 1, 1, 1, 1, 1, 1, 0, 0, 0, 1, 0, 0, 0, 0, 1, 1, 0, 0, 1, 0, 1, 1, 1, 1, 1, 0, 1, 1, 1, 1, 1]",,24863.33,22000.0,,0,1,0.7198838896952104,3839.0,1.1301513636363638,39697.0,0.18981720602263685,0.3372811670434425,0.14142152634712846,B,362.0,0,122.0,2.0,0.0,179.0,210.0,1.0,0.0,0.0,2058.0,1.0,0.0,0.0,100.0,0.0,1.0,122.0,5.0,2.0,54.0,0.0,999.0,237.0,6.0,536.0,0.0,17.0,8.0,0.0,291954.0,9.0,17.0,0.0,162.0,0.0,1.0,6.0,0.0,8.0,0.0,-0.027970179858952268,0.4102418344400132,0.037311957071715245,0.10794025034518957,0.12681166561429538,0.09154098990252699,0.17776804417874942,0.04221351096772582,0.3569695839089846,0.16894243532599906,0.06891243213546375,0.15358010403820122,0.010623758166246828,0.16826983464198522,0.05777595718110798,0.13159391579138138,-0.15797629343215172,0.03224864732983013,0.0628878217725071,-0.019784226182213507,0.38284509462663713,0.29414262121614615,0.12508668317741883,0.15342943182276647,-0.07330452249189978,0.025382347770824376,0.33183641136280506,0.09990807864792559,-0.019851908976871703,-0.04136613683987285,-0.050269119640593704,-0.056514357135833804,0.029134920956684608,-0.03943841709490631,-0.008677188536520008,-0.049256171180166765,0.10596202742217121,-0.007887488201551105,-0.09651061942270173,0.07859412786274209,0.0794212202023958,-0.015657428702411637,-0.10458946740048633,-0.018362687948835704,0.25986861206479284
8477087,2024-12-11 02:01:02+00:00,1,"['ENG-loan_to_value', 'g232s__tu', 'trv01__tu', 'g251c__tu', 'rev322__tu']","['linkt003__tu', 'balmag01__tu', 'ENG-wtd_avg', 'ENG-franchise', 'au20s__tu']",,,19898.45,24572.0,,0,0,0.0,4500.0,0.8098018069347225,54372.0,0.3213572311072459,0.19939686644815996,0.14154491028417582,B,7.0,0,1.0,0.0,0.0,24.0,324.0,2.0,0.0,2.0,0.0,1.0,0.0,1.0,0.0,0.0,0.0,1.0,1.0,1.0,0.0,0.0,999.0,24.0,18.0,536.0,0.0,1.0,0.0,0.0,291954.0,9.0,0.0,0.0,162.0,0.0,83.0,0.0,0.0,0.0,0.0,0.05862755356495931,-0.18827349289073714,-0.023523712854035837,-0.14209565667603957,0.7217349611530631,0.09154098990252699,0.17776804417874942,-0.11910610672405984,0.3569695839089846,0.16894243532599906,-0.2536446870910988,-0.06930372276885687,-0.15001322365700048,0.16826983464198522,0.05777595718110798,0.05491722037638777,0.10874047098924666,0.03224864732983013,-0.11793592802472794,-0.019784226182213507,-0.10968019034324779,-0.0922532562049396,-0.03021581483703515,-0.09030720766073672,-0.07330452249189978,0.025382347770824376,0.33183641136280506,-0.0014416545835477044,-0.019851908976871703,-0.04136613683987285,-0.050269119640593704,-0.056514357135833804,0.05009377283014747,-0.03943841709490631,-0.008677188536520008,-0.049256171180166765,-0.09643796186055453,-0.007887488201551105,-0.09651061942270173,0.07859412786274209,-0.08150226837530647,0.08850290045664871,-0.10458946740048633,-0.018362687948835704,0.25986861206479284
8433291,2024-11-30 06:36:08+00:00,1,"['au20s__tu', 'fltgrossmonthly__income_sum', 'rev322__tu', 'g251c__tu', 's209a__tu']","['inquirybanking12month__ln', 'ENG-franchise', 'g095s__tu', 'inquirynonshortterm12month__ln', 'ENG-bk']","[1, 1, 1, 1, 1, 1, 1, 1, 1, 1, 1, 1, 1, 1, 1, 1, 1, 1, 1, 1, 1, 1, 1, 1, 1, 1, 1, 1, 1, 1, 1, 1, 1, 1, 1, 1, 1]","[1, 1, 1, 1, 1, 1, 1, 1, 1, 1, 1, 1, 1, 1, 1, 1, 1, 1, 1, 1, 1, 1, 1, 1, 1, 1, 1, 1, 1, 1, 1, 1, 1, 1, 1, 1]",33872.0,28789.0,445.0,0,0,1.0,8334.0,1.1765604918545278,48876.0,0.18511029906911583,0.3501845945669622,0.14319091712957838,B,377.0,0,146.0,4.0,0.0,1218.0,236.0,6.0,1.0,0.0,0.0,1.0,0.0,0.0,17.0,0.0,8.0,1.0,9.0,1.0,26.0,0.0,7.0,256.0,1.0,98.0,731.0,16.0,4.0,1.0,12581.0,1.0,999.0,0.0,4.0,0.0,1.0,0.0,0.0,58.0,1.0,0.30369082926416546,0.5381266846763259,0.037311957071715245,0.2004005232174445,-0.002109078899541321,0.09154098990252699,0.3264994580051225,-0.0195542954136434,0.1363642225800611,-0.20255280703278697,0.06891243213546375,-0.06930372276885687,0.21762167078723413,0.16826983464198522,0.05777595718110798,0.13159391579138138,0.10874047098924666,0.03224864732983013,-0.11793592802472794,0.07473342567718344,-0.10968019034324779,0.29414262121614615,-0.03021581483703515,0.04990870277300484,-0.07330452249189978,0.025382347770824376,0.10723235366853863,0.09990807864792559,-0.019851908976871703,-0.04136613683987285,-0.050269119640593704,-0.056514357135833804,0.05009377283014747,0.1897445569872553,-0.008677188536520008,-0.049256171180166765,0.1773409988380098,-0.007887488201551105,0.0509809958782628,0.07859412786274209,0.0794212202023958,0.08850290045664871,-0.10458946740048633,0.12016521996775872,-0.14194679566893836
8431848,2024-11-30 02:18:26+00:00,1,"['ENG-loan_to_value', 'miles_odometer__app', 'rev322__tu', 'in34s__tu', 'ENG-wtd_avg']","['derogseverityindex__ln', 'inquiryshortterm12month__ln', 'g002s__tu', 'g232s__tu', 'g407s__tu']","[1, 1, 1, 1, 1, 1, 1, 1, 1, 1, 1, 1, 1, 1, 1, 1, 1, 1, 1, 1, 1, 1, 1, 1, 1, 1, 1]","[1, 1, 1, 1, 1, 1, 1, 1, 1, 1, 1, 1, 1, 1, 1, 1, 1, 1, 1, 1, 1, 1, 1, 1, 1, 1, 1, 1, 1, 1, 1, 1, 1, 1, 1, 1, 1, 1, 1, 1, 1, 1, 1, 1, 1, 1, 1, 1, 1, 1, 1, 1, 1, 1, 1, 1, 1, 1, 1, 1, 1]",18240.36,25000.0,395.0,0,1,1.0,4156.0,0.7296144,12.0,0.268089209394182,0.19939686644815996,0.15176628146379195,B,258.0,1,75.0,3.0,4.0,3719.0,242.0,13.0,0.0,0.0,0.0,1.0,5.0,5.0,60.0,6.0,3.0,75.0,2.0,1.0,6.0,0.0,1.0,1645.0,2.0,38.0,99999.0,82.0,3.0,1.0,8511.0,0.0,1.0,0.0,28.0,1.0,83.0,13.0,0.0,4.0,0.0,0.040308154710334734,0.020443712167482336,0.34054786660712466,0.2004005232174445,1.0206244866252332,-0.1660761708115241,0.3264994580051225,-0.0195542954136434,-0.12919791320011853,0.16894243532599906,0.06891243213546375,-0.06930372276885687,0.21762167078723413,0.16826983464198522,-0.49163307727602673,-0.1698800097696574,-0.04608437682097869,-0.0396387847465165,0.0628878217725071,0.007908588638918862,0.16725028297757608,-0.03087346191658939,-0.03021581483703515,-0.09030720766073672,-0.07330452249189978,0.025382347770824376,-0.09270778723875307,0.09990807864792559,-0.019851908976871703,0.2987949245456811,0.06506737371538793,0.1373276043208283,0.05009377283014747,0.1897445569872553,-0.008677188536520008,0.015520686370377988,-0.0684240555566314,-0.007887488201551105,-0.09651061942270173,-0.28347325196329687,-0.08150226837530647,-0.015657428702411637,-0.10458946740048633,-0.018362687948835704,0.25986861206479284
8472236,2024-12-08 04:29:25+00:00,0,"['ENG-loan_to_value', 'miles_odometer__app', 'in21s__tu', 'inquirybanking12month__ln', 'g232s__tu']","['rp01s__tu', 'g002s__tu', 'balmag01__tu', 'fltgrossmonthly__income_sum', 'g095s__tu']","[1, 1, 1, 1, 1, 1, 1, 1, 1, 1, 1, 1, 0, 0, 1, 1, 1, 1, 0, 0, 1, 0, 0, 0, 0, 0, 0, 0, 0, 0, 0, 0, 0, 0, 0, 1, 1]",,32408.44,43167.0,,0,1,0.3385490753911807,3000.0,0.7507688743716264,14.0,0.273768744611008,0.19939686644815996,0.1549814871121213,B,338.0,1,79.0,1.0,2.0,0.0,430.0,6.0,0.0,0.0,0.0,2.0,0.0,0.0,50.0,6.0,3.0,79.0,3.0,1.0,60.0,1.0,1.0,0.0,1.0,184.0,914.0,1.0,5.0,0.0,16632.0,0.0,2.0,0.0,2.0,0.0,2.0,5.0,0.0,6.0,0.0,-0.1091665809718578,0.020443712167482336,0.34054786660712466,-0.007719313883108272,1.0206244866252332,-0.1660761708115241,-0.07034504579162959,-0.11910610672405984,0.1363642225800611,0.16894243532599906,0.06891243213546375,-0.06930372276885687,-0.06524181341490069,0.013471361800327993,0.05777595718110798,0.13159391579138138,-0.01837301611295693,-0.0396387847465165,0.0628878217725071,0.007908588638918862,0.16725028297757608,0.17204724541497285,-0.03021581483703515,0.15342943182276647,-0.07330452249189978,-0.1622949085028706,-0.09270778723875307,-0.02712013013461787,-0.019851908976871703,-0.04136613683987285,-0.050269119640593704,-0.056514357135833804,0.05009377283014747,-0.03943841709490631,-0.008677188536520008,0.015520686370377988,-0.0684240555566314,-0.007887488201551105,0.1805634719208487,0.07859412786274209,0.0794212202023958,-0.015657428702411637,-0.10458946740048633,-0.018362687948835704,0.25986861206479284
8488748,2025-01-14 01:42:20+00:00,0,"['ENG-loan_to_value', 'g232s__tu', 'ENG-bk', 'linka006__tu', 'cv15__tu']","['rp01s__tu', 'g002s__tu', 'balmag01__tu', 'ENG-wtd_avg', 'au20s__tu']",,,21407.0,23650.0,,1,1,0.0,1222.5,0.9051585623678647,34603.0,0.43787995012455316,0.1617987878136479,0.15650138137215422,B,63.0,0,1.0,0.0,33.0,0.0,600.0,2.0,0.0,0.0,0.0,1.0,0.0,0.0,100.0,6.0,0.0,1.0,2.0,2.0,0.0,4.0,1.0,0.0,1.0,536.0,99999.0,8.0,2.0,0.0,291954.0,0.0,0.0,0.0,0.0,0.0,5.0,1.0,0.0,13.0,0.0,-0.1091665809718578,-0.18827349289073714,0.13699271006921837,-0.14209565667603957,0.29484426505884404,-0.1660761708115241,-0.07034504579162959,-0.11910610672405984,0.3569695839089846,0.16894243532599906,0.06891243213546375,-0.06930372276885687,-0.15001322365700048,0.16826983464198522,0.05777595718110798,0.13159391579138138,-0.15797629343215172,-0.0396387847465165,0.0628878217725071,-0.019784226182213507,-0.10968019034324779,-0.03087346191658939,0.12508668317741883,-0.09030720766073672,0.3644461705690194,-0.1622949085028706,-0.09270778723875307,-0.02712013013461787,-0.019851908976871703,-0.04136613683987285,0.06506737371538793,-0.056514357135833804,0.05009377283014747,-0.03943841709490631,-0.008677188536520008,0.015520686370377988,-0.09643796186055453,-0.007887488201551105,0.22656232222654338,0.07859412786274209,-0.04071155733815719,-0.0016142148168469777,-0.10458946740048633,-0.018362687948835704,0.25986861206479284
8426605,2024-11-28 05:54:53+00:00,1,"['rtl_trd__tu', 'trv01__tu', 'ENG-bk', 'g232s__tu', 'g095s__tu']","['ENG-franchise', 'ENG-loan_to_value', 'balmag01__tu', 'rev322__tu', 'linka006__tu']","[1, 0, 1, 1, 0, 1, 1, 1, 0, 1, 1, 1, 1, 1, 1, 1, 1, 1, 1, 1, 1, 0, 0, 1, 1, 1, 1, 1, 1, 1, 1, 0, 1, 1, 1, 1, 1, 1, 1, 1, 1, 1, 0, 0, 0, 0, 0, 0, 0, 0, 0, 0, 0, 0, 0, 0, 0, 0, 0, 0, 0, 0, 0, 0, 0, 0, 0, 0, 0, 0, 0, 0, 0, 0, 0, 0, 0, 0, 0, 0, 0, 0]","[1, 1, 1, 1, 1, 1, 1, 1, 1, 1, 1, 1, 1, 1, 1, 1, 1, 1, 1, 1, 1, 1, 1, 1, 1, 1, 1, 1, 1, 1, 1, 1, 1, 1, 1, 1, 1, 1, 1, 1, 1, 1, 1, 1, 1, 1, 1, 1, 1, 1, 1, 1, 1, 1, 1, 1, 1, 1, 1, 1, 1]",,,,1,0,1.0,5303.68,1.2734844012832087,60518.520779948754,0.23197889555893828,0.31672530923551634,0.1623002156938311,B,374.0,0,97.0,5.0,0.0,0.0,297.0,3.0,0.0,0.0,0.0,1.0,1.0,1.0,60.0,6.0,1.0,63.0,2.0,1.0,26.0,0.0,999.0,0.0,18.0,536.0,559.0,1.0,2.0,0.0,291954.0,0.0,1.0,0.0,11.0,0.0,2.0,6.0,22.0,0.0,0.0,0.13197734800913727,0.2177365717902033,-0.04132723560415334,0.4863873741462653,-0.060300927094883106,0.09154098990252699,-0.07034504579162959,-0.06943203585757203,0.29009271071754617,0.16894243532599906,0.06891243213546375,-0.06930372276885687,0.21762167078723413,0.16826983464198522,0.05777595718110798,0.05491722037638777,-0.04608437682097869,-0.0396387847465165,-0.11793592802472794,-0.019784226182213507,-0.0019601420341259297,-0.03087346191658939,-0.03021581483703515,0.04990870277300484,0.3644461705690194,0.025382347770824376,0.33183641136280506,-0.02712013013461787,-0.019851908976871703,-0.04136613683987285,-0.050269119640593704,-0.056514357135833804,0.05009377283014747,-0.03943841709490631,-0.008677188536520008,0.015520686370377988,-0.0684240555566314,-0.007887488201551105,-0.09651061942270173,0.07859412786274209,0.0794212202023958,-0.015657428702411637,0.25194094475317025,-0.018362687948835704,0.25986861206479284
8468257,2024-12-07 05:50:53+00:00,1,"['balmag01__tu', 'au20s__tu', 'g232s__tu', 'in34s__tu', 'ENG-loan_to_value']","['g095s__tu', 'trv01__tu', 'rev322__tu', 'ENG-bk', 'ENG-wtd_avg']","[1, 1, 1, 1, 1, 1, 1, 1, 0, 0, 1, 1, 1, 1, 0, 0, 0, 0, 0, 0, 0, 0, 1, 1, 1, 0, 0, 0]","[1, 1, 1, 1, 1, 1, 1, 1, 1, 1, 1, 1, 0, 1, 1, 1, 1, 0, 0, 0, 0, 1, 1, 0, 0, 0, 0, 1, 0, 0, 0, 0, 1, 0, 1, 1, 0, 1, 0]",29993.0,27650.0,517.0,0,1,0.4551282051282051,5000.0,1.084737793851718,69364.0,0.21863457835518887,0.3372811670434425,0.16289163891477942,B,262.0,0,131.0,2.0,0.0,0.0,44.0,3.0,0.0,0.0,0.0,1.0,0.0,1.0,63.0,0.0,2.0,44.0,9.0,1.0,27.0,0.0,1.0,0.0,6.0,38.0,99999.0,62.0,6.0,0.0,1081.0,2.0,2.0,0.0,2.0,0.0,5.0,13.0,0.0,5.0,0.0,0.05862755356495931,0.4102418344400132,-0.04132723560415334,0.10794025034518957,0.12681166561429538,0.09154098990252699,-0.07034504579162959,0.4398748289474107,0.29009271071754617,0.16894243532599906,0.06891243213546375,-0.06930372276885687,-0.06524181341490069,0.16826983464198522,0.05777595718110798,0.05491722037638777,-0.04608437682097869,0.03224864732983013,0.0628878217725071,-0.0025250221890105603,-0.0019601420341259297,0.29414262121614615,-0.03021581483703515,0.04990870277300484,-0.07330452249189978,0.025382347770824376,-0.09270778723875307,-0.02712013013461787,-0.019851908976871703,0.2987949245456811,0.06506737371538793,0.1373276043208283,0.05009377283014747,-0.03943841709490631,-0.008677188536520008,-0.049256171180166765,-0.0684240555566314,-0.007887488201551105,0.1805634719208487,0.07859412786274209,-0.04071155733815719,-0.015657428702411637,-0.10458946740048633,-0.018362687948835704,0.25986861206479284
8536897,2025-01-03 01:43:35+00:00,1,"['balmag01__tu', 'au20s__tu', 'fltgrossmonthly__income_sum', 'rev322__tu', 'g095s__tu']","['inquirybanking12month__ln', 'g232s__tu', 'miles_odometer__app', 'in21s__tu', 'trv01__tu']","[1, 1, 1, 1, 1, 1, 1, 1, 1, 1, 1, 1, 1, 1, 1, 1, 1, 1, 1, 1, 1, 1, 1, 1, 1]","[1, 1, 1, 1, 1]",24565.0,17175.0,444.0,0,1,1.0,7500.0,1.4302765647743814,131711.0,0.18946331718621,0.39004257415648635,0.16323940476487375,B,162.0,0,140.0,2.0,0.0,500.0,39.0,16.0,1.0,0.0,11263.0,2.0,1.0,1.0,0.0,6.0,3.0,136.0,3.0,1.0,7.0,0.0,1.0,0.0,18.0,83.0,1008.0,1.0,4.0,0.0,0.0,1.0,999.0,0.0,4.0,0.0,3.0,0.0,80.0,0.0,1.0,0.30369082926416546,0.5381266846763259,-0.1275519600589978,0.10794025034518957,-0.060300927094883106,0.09154098990252699,0.3264994580051225,0.4398748289474107,-0.15507978464835534,-0.20255280703278697,0.06891243213546375,0.1885423072401762,0.21762167078723413,0.013471361800327993,0.05777595718110798,0.05491722037638777,0.10874047098924666,-0.0396387847465165,0.0628878217725071,0.007908588638918862,0.5094610820757571,0.17204724541497285,-0.03021581483703515,-0.09030720766073672,-0.07330452249189978,0.025382347770824376,-0.09270778723875307,-0.02712013013461787,-0.019851908976871703,-0.04136613683987285,-0.050269119640593704,-0.056514357135833804,0.05009377283014747,-0.03943841709490631,0.1480974085261193,-0.049256171180166765,0.1773409988380098,-0.007887488201551105,0.0509809958782628,0.07859412786274209,0.07637038800224982,0.08850290045664871,0.25194094475317025,-0.018362687948835704,-0.14194679566893836
8561671,2025-01-13 23:39:21+00:00,1,"['ENG-loan_to_value', 'in21s__tu', 'inquirybanking12month__ln', 'miles_odometer__app', 'inquirynonshortterm12month__ln']","['linkt003__tu', 'balmag01__tu', 'ENG-wtd_avg', 'ENG-franchise', 'au20s__tu']",,,29249.0,41550.0,,0,0,0.0,2500.0,0.7039470517448857,25294.0,0.3818314169992613,0.19939686644815996,0.168181352187477,B,136.0,0,1.0,1.0,0.0,0.0,414.0,10.0,0.0,1.0,0.0,2.0,0.0,4.0,50.0,6.0,1.0,1.0,2.0,2.0,40.0,0.0,1.0,0.0,1.0,106.0,99999.0,1.0,3.0,0.0,252.0,0.0,1.0,0.0,4.0,0.0,83.0,2.0,0.0,13.0,0.0,-0.1091665809718578,-0.18827349289073714,0.13699271006921837,-0.007719313883108272,1.0206244866252332,0.09154098990252699,-0.07034504579162959,-0.11910610672405984,0.043484354902003225,0.16894243532599906,-0.1824628326067655,-0.06930372276885687,-0.15001322365700048,0.013471361800327993,0.05777595718110798,-0.1698800097696574,-0.01837301611295693,-0.0396387847465165,-0.11793592802472794,-0.019784226182213507,-0.10968019034324779,-0.03087346191658939,0.12508668317741883,0.10689258131274595,-0.07330452249189978,0.025382347770824376,-0.09270778723875307,-0.02712013013461787,-0.019851908976871703,-0.04136613683987285,0.06506737371538793,-0.056514357135833804,0.05009377283014747,-0.03943841709490631,-0.008677188536520008,0.015520686370377988,-0.0684240555566314,-0.007887488201551105,0.0509809958782628,0.07859412786274209,-0.08150226837530647,-0.015657428702411637,-0.10458946740048633,-0.018362687948835704,0.25986861206479284
8465684,2024-12-06 02:22:13+00:00,1,"['ENG-loan_to_value', 'fltgrossmonthly__income_sum', 'trv01__tu', 'rev322__tu', 'g251c__tu']","['au20s__tu', 'miles_odometer__app', 'in21s__tu', 'g095s__tu', 'linka006__tu']",,"[1, 1, 1, 1, 1]",33054.0,34700.0,615.0,0,1,1.0,8000.0,0.952564841498559,89700.0,0.21717333339400577,0.27775640912627786,0.17125695450344636,B,242.0,1,7.0,2.0,0.0,6530.0,171.0,12.0,0.0,0.0,0.0,1.0,3.0,0.0,0.0,0.0,2.0,1.0,2.0,2.0,7.0,0.0,999.0,6530.0,18.0,91.0,1004.0,1.0,10.0,0.0,291954.0,3.0,999.0,0.0,15.0,0.0,4.0,0.0,0.0,0.0,1.0,0.30369082926416546,-0.18827349289073714,-0.1275519600589978,0.10794025034518957,0.29484426505884404,0.09154098990252699,0.3264994580051225,0.17363223309014522,-0.05599586626278019,0.16894243532599906,0.06891243213546375,-0.06930372276885687,0.21762167078723413,0.16826983464198522,0.05777595718110798,0.13159391579138138,0.10874047098924666,0.03224864732983013,0.0628878217725071,-0.0025250221890105603,-0.10968019034324779,-0.03087346191658939,0.12508668317741883,-0.09030720766073672,-0.07330452249189978,0.025382347770824376,0.33183641136280506,0.09990807864792559,-0.019851908976871703,-0.04136613683987285,-0.050269119640593704,-0.056514357135833804,0.0033944331617501993,-0.03943841709490631,-0.008677188536520008,-0.049256171180166765,0.1773409988380098,-0.007887488201551105,-0.09651061942270173,0.07859412786274209,-0.025593941117068985,0.08850290045664871,-0.10458946740048633,-0.018362687948835704,-0.14194679566893836
8479386,2024-12-12 01:10:04+00:00,1,"['rtl_trd__tu', 'trv01__tu', 'ENG-bk', 'au20s__tu', 'g095s__tu']","['linkt003__tu', 'inquirybanking12month__ln', 'ENG-franchise', 'in21s__tu', 'fltgrossmonthly__income_sum']","[1, 1, 1, 1, 1, 1, 1, 1, 1, 1, 1, 1, 1, 1, 1, 1, 1, 1, 1, 1, 1, 1, 1, 1, 1, 1, 1, 1, 1, 1, 1, 1, 0, 0, 0, 0, 0, 0, 0, 0, 0, 0, 0, 0]",,20626.0,16850.0,,1,0,0.5333333333333333,3637.23,1.2240949554896143,54586.0,0.2683370635380854,0.2938038635922092,0.17415101788292256,B,368.0,0,131.0,7.0,0.0,0.0,155.0,5.0,1.0,1.0,0.0,1.0,3.0,2.0,31.0,0.0,1.0,122.0,1.0,1.0,12.0,0.0,999.0,0.0,18.0,27.0,453.0,1.0,6.0,1.0,457.0,0.0,1.0,4.0,22.0,0.0,2.0,10.0,1.0,0.0,1.0,-0.09681697912336358,0.4102418344400132,-0.023523712854035837,0.4863873741462653,-0.002109078899541321,0.09154098990252699,-0.07034504579162959,0.17363223309014522,0.14733527822414866,-0.20255280703278697,-0.1824628326067655,-0.06930372276885687,-0.06524181341490069,0.16826983464198522,0.05777595718110798,-0.0962114720772341,0.10874047098924666,0.03224864732983013,-0.11793592802472794,-0.019784226182213507,0.38284509462663713,-0.0922532562049396,-0.03021581483703515,-0.09030720766073672,0.3644461705690194,0.025382347770824376,0.33183641136280506,-0.02712013013461787,-0.019851908976871703,0.2987949245456811,-0.050269119640593704,-0.056514357135833804,0.05009377283014747,0.1897445569872553,-0.008677188536520008,0.015520686370377988,-0.0684240555566314,0.12919669236557793,-0.09651061942270173,0.07859412786274209,0.0794212202023958,-0.015657428702411637,0.25194094475317025,-0.018362687948835704,-0.14194679566893836
8429774,2024-11-28 05:03:44+00:00,1,"['ENG-loan_to_value', 'miles_odometer__app', 'balmag01__tu', 'ENG-wtd_avg', 'cv15__tu']","['linkt003__tu', 'rp01s__tu', 'g232s__tu', 'g002s__tu', 'rtl_trd__tu']","[1, 1, 1, 1, 1, 1, 1, 1, 1, 1, 1, 1, 1, 1, 1, 1, 0, 0, 0, 0, 0, 0, 0, 0, 0, 0, 0, 0, 0, 0, 0, 0, 0, 0, 0, 0, 0, 0, 0, 0, 0, 0, 0, 0, 0, 0, 0, 0, 0, 0, 0, 0, 0, 0, 0, 0, 0, 0, 0, 0, 0, 0, 0, 0, 0, 0, 0, 0, 0, 0, 0, 0]","[1, 1, 1, 1, 1, 1, 1]",20408.0,25510.0,521.0,0,1,1.0,4500.0,0.8,8.0,0.39729787654768867,0.19939686644815996,0.1749937043528633,B,190.0,0,74.0,0.0,1.0,0.0,143.0,15.0,0.0,2.0,0.0,1.0,0.0,4.0,63.0,0.0,2.0,1.0,2.0,1.0,8.0,1.0,1.0,0.0,4.0,79.0,817.0,80.0,4.0,0.0,953.0,7.0,1.0,0.0,12.0,0.0,0.0,4.0,0.0,14.0,1.0,0.05862755356495931,0.020443712167482336,0.34054786660712466,-0.14209565667603957,0.7217349611530631,-0.1660761708115241,-0.07034504579162959,0.17363223309014522,-0.15507978464835534,0.16894243532599906,-0.2536446870910988,-0.06930372276885687,0.21762167078723413,0.16826983464198522,0.05777595718110798,-0.1698800097696574,-0.04608437682097869,0.03224864732983013,0.0628878217725071,-0.0025250221890105603,-0.10968019034324779,-0.03087346191658939,-0.03021581483703515,-0.09030720766073672,-0.07330452249189978,-0.1622949085028706,-0.09270778723875307,-0.02712013013461787,-0.019851908976871703,0.16574715799894735,-0.050269119640593704,0.1373276043208283,0.05009377283014747,-0.03943841709490631,-0.008677188536520008,-0.049256171180166765,-0.0684240555566314,-0.007887488201551105,-0.09651061942270173,0.07859412786274209,0.0794212202023958,-0.015657428702411637,-0.10458946740048633,-0.018362687948835704,-0.14194679566893836
8537253,2025-01-03 03:10:36+00:00,1,"['rtl_trd__tu', 'au20s__tu', 'fltgrossmonthly__income_sum', 'trv01__tu', 'rev322__tu']","['derogseverityindex__ln', 'linkt003__tu', 'inquirybanking12month__ln', 'g232s__tu', 'cv13__tu']","[1, 1, 1, 1, 1, 1, 1, 1, 1, 1, 1, 1, 1, 1, 1, 1, 1, 1, 1, 1, 1, 1, 1, 1, 1, 1, 1, 1, 1, 1, 1, 1, 1, 1, 1, 1, 1, 1, 1, 1, 1, 1, 1, 1, 1, 1, 1, 1, 1, 1, 0, 0, 1, 1, 1, 1, 1, 1, 1, 1, 1, 1, 1, 1, 1, 1]",,36848.0,27976.0,,1,1,0.9534147444595206,6833.33,1.3171289676865885,45028.0,0.20311151672323088,0.3232454576829602,0.18639944303705283,B,192.0,1,153.0,5.0,0.0,1500.0,248.0,13.0,1.0,1.0,2078.0,2.0,4.0,0.0,82.0,0.0,8.0,153.0,4.0,1.0,54.0,0.0,999.0,0.0,18.0,536.0,199.0,114.0,3.0,0.0,291954.0,0.0,50.0,0.0,6.0,0.0,2.0,4.0,1.0,0.0,1.0,0.30369082926416546,0.5381266846763259,0.037311957071715245,0.4863873741462653,-0.060300927094883106,0.09154098990252699,0.3264994580051225,-0.0195542954136434,-0.12919791320011853,-0.20255280703278697,-0.1824628326067655,0.15358010403820122,0.21762167078723413,0.013471361800327993,-0.49163307727602673,0.13159391579138138,-0.15797629343215172,0.03224864732983013,0.0628878217725071,0.07473342567718344,0.5094610820757571,0.2460720631549191,-0.03021581483703515,0.15342943182276647,0.3644461705690194,0.025382347770824376,0.33183641136280506,-0.02712013013461787,-0.019851908976871703,-0.04136613683987285,-0.050269119640593704,0.3914185213487937,0.05009377283014747,-0.03943841709490631,-0.008677188536520008,0.015520686370377988,0.10596202742217121,-0.007887488201551105,-0.017088484297844653,0.07859412786274209,0.0794212202023958,-0.015657428702411637,0.25194094475317025,-0.018362687948835704,-0.14194679566893836
8516683,2024-12-23 04:51:48+00:00,1,"['rtl_trd__tu', 'rev322__tu', 'g232s__tu', 'au20s__tu', 'ENG-wtd_avg']","['g002s__tu', 'g095s__tu', 'trv01__tu', 'balmag01__tu', 'fi36s__tu']","[1, 1, 1, 1, 1, 1, 1, 1, 1, 1, 1, 1, 1, 1, 1, 1, 1, 1, 1, 1, 1, 1, 1]",,19888.0,18036.0,,0,1,1.0,4500.0,1.1026835218451985,57933.0,0.2591719620102498,0.3372811670434425,0.19309363582929606,B,233.0,0,114.0,8.0,1.0,2796.0,294.0,3.0,0.0,0.0,0.0,2.0,0.0,2.0,31.0,0.0,5.0,1.0,2.0,1.0,40.0,0.0,1.0,500.0,18.0,536.0,99999.0,1.0,4.0,0.0,291954.0,0.0,0.0,0.0,1.0,0.0,3.0,4.0,0.0,0.0,1.0,0.05862755356495931,0.3655886981676968,-0.023523712854035837,0.4863873741462653,0.12681166561429538,-0.1660761708115241,0.3264994580051225,-0.06943203585757203,0.29009271071754617,0.16894243532599906,0.06891243213546375,-0.06930372276885687,0.21762167078723413,0.013471361800327993,0.05777595718110798,-0.0962114720772341,0.10874047098924666,0.03224864732983013,0.0628878217725071,0.07473342567718344,-0.10968019034324779,-0.03087346191658939,-0.03021581483703515,0.10689258131274595,-0.07330452249189978,0.025382347770824376,-0.09270778723875307,0.09990807864792559,-0.019851908976871703,-0.04136613683987285,0.06506737371538793,-0.056514357135833804,0.05009377283014747,-0.03943841709490631,-0.008677188536520008,0.015520686370377988,-0.09643796186055453,-0.007887488201551105,0.22656232222654338,0.07859412786274209,0.07637038800224982,-0.015657428702411637,-0.10458946740048633,-0.018362687948835704,-0.14194679566893836
8578926,2025-01-19 04:56:10+00:00,0,"['balmag01__tu', 'miles_odometer__app', 'ENG-wtd_avg', 'rtl_trd__tu', 'rev322__tu']","['fltgrossmonthly__income_sum', 'in21s__tu', 'g095s__tu', 'g407s__tu', 'trv01__tu']","[1, 1, 1, 1, 1, 1, 1, 1, 1, 1, 1, 1, 1, 1, 1, 1, 1, 1, 1, 1, 1, 1, 1, 1, 1, 1, 1, 1, 1, 1, 1, 1, 1, 1, 1, 1, 1, 1, 1, 1, 1, 1, 1, 1]","[1, 1, 1, 1, 1, 1, 1, 1, 1, 1, 1, 1, 1, 1, 1, 1, 1, 1, 1, 1, 1, 1, 1, 1]",23421.0,20325.0,426.0,0,1,1.0,3187.0,1.1523247232472325,20438.0,0.25391889930096795,0.3501845945669622,0.1964173806118865,B,311.0,0,70.0,3.0,0.0,204.0,118.0,9.0,0.0,0.0,0.0,2.0,0.0,3.0,33.0,6.0,3.0,42.0,6.0,1.0,12.0,0.0,1.0,969.0,2.0,66.0,99999.0,1.0,1.0,1.0,16320.0,0.0,19.0,0.0,3.0,0.0,2.0,7.0,0.0,14.0,1.0,-0.1091665809718578,0.020443712167482336,0.34054786660712466,0.2004005232174445,-0.002109078899541321,0.09154098990252699,0.17776804417874942,0.4398748289474107,0.043484354902003225,0.16894243532599906,0.06891243213546375,-0.06930372276885687,0.21762167078723413,0.013471361800327993,0.05777595718110798,-0.12496553540883204,0.10001349160327515,-0.0396387847465165,0.0628878217725071,0.007908588638918862,-0.0019601420341259297,0.29414262121614615,-0.03021581483703515,-0.09030720766073672,-0.07330452249189978,0.025382347770824376,-0.09270778723875307,0.09990807864792559,-0.019851908976871703,0.16574715799894735,0.06506737371538793,-0.056514357135833804,0.05009377283014747,0.1897445569872553,-0.008677188536520008,0.015520686370377988,0.10596202742217121,-0.007887488201551105,0.08445375502265723,0.07859412786274209,0.0794212202023958,-0.015657428702411637,-0.10458946740048633,-0.018362687948835704,-0.14194679566893836
8533445,2024-12-31 23:39:47+00:00,1,"['ENG-loan_to_value', 'rev322__tu', 'addrprevioustimenewest__ln', 'g232s__tu', 'g002s__tu']","['inquirybanking12month__ln', 'balmag01__tu', 'ENG-wtd_avg', 'ENG-franchise', 'au20s__tu']",,,16114.629999999996,21900.0,,0,0,0.0,3652.79,0.7358278538812784,64293.0,0.3485564917541944,0.19939686644815996,0.19731910416364168,B,185.0,1,1.0,0.0,0.0,980.0,359.0,6.0,1.0,0.0,0.0,2.0,0.0,1.0,50.0,0.0,1.0,1.0,2.0,1.0,35.0,0.0,1.0,0.0,18.0,536.0,500.0,158.0,1.0,0.0,291954.0,0.0,0.0,0.0,3.0,0.0,3.0,1.0,0.0,0.0,1.0,-0.09681697912336358,-0.18827349289073714,-0.04132723560415334,-0.14209565667603957,1.0206244866252332,0.09154098990252699,0.3264994580051225,-0.11910610672405984,0.1363642225800611,-0.20255280703278697,0.06891243213546375,-0.06930372276885687,-0.15001322365700048,0.013471361800327993,0.05777595718110798,0.05491722037638777,-0.01837301611295693,0.03224864732983013,-0.11793592802472794,-0.019784226182213507,-0.10968019034324779,-0.03087346191658939,-0.03021581483703515,0.04990870277300484,-0.07330452249189978,0.025382347770824376,-0.09270778723875307,-0.02712013013461787,-0.019851908976871703,-0.04136613683987285,-0.050269119640593704,0.3914185213487937,0.05009377283014747,-0.03943841709490631,-0.008677188536520008,0.015520686370377988,-0.09643796186055453,-0.007887488201551105,0.08445375502265723,0.07859412786274209,0.07637038800224982,-0.0016142148168469777,-0.10458946740048633,-0.018362687948835704,-0.14194679566893836
8568031,2025-01-16 00:28:01+00:00,1,"['balmag01__tu', 'au20s__tu', 'addrprevioustimenewest__ln', 'ENG-wtd_avg', 'cv15__tu']","['inquiryshortterm12month__ln', 'inquirybanking12month__ln', 'g095s__tu', 'trv01__tu', 'rev322__tu']","[1, 1, 1, 1, 1, 1, 1, 1, 1, 1, 1, 1, 1, 1, 1, 1, 1, 1, 1, 1, 1, 1, 1, 1]","[1, 1, 1, 1, 1, 1, 1, 1, 1, 1, 1, 1, 1, 1, 1, 1, 1, 1, 1, 1, 1, 1, 1, 1, 1, 1, 1, 1]",22092.0,19525.0,567.0,0,1,1.0,4350.0,1.131472471190781,25766.0,0.27599085990607003,0.3372811670434425,0.2056243977225027,B,503.0,0,141.0,1.0,0.0,0.0,48.0,10.0,1.0,0.0,0.0,1.0,0.0,1.0,30.0,0.0,2.0,1.0,2.0,2.0,30.0,0.0,1.0,0.0,2.0,60.0,99999.0,107.0,4.0,1.0,12045.0,2.0,73.0,0.0,13.0,1.0,3.0,3.0,0.0,4.0,1.0,0.05862755356495931,0.5381266846763259,0.13699271006921837,-0.007719313883108272,-0.002109078899541321,0.09154098990252699,-0.07034504579162959,0.4398748289474107,0.043484354902003225,-0.20255280703278697,0.06891243213546375,-0.06930372276885687,0.21762167078723413,0.16826983464198522,0.05777595718110798,0.05491722037638777,0.10874047098924666,0.03224864732983013,0.0628878217725071,-0.0025250221890105603,-0.10968019034324779,-0.03087346191658939,0.12508668317741883,0.04990870277300484,-0.07330452249189978,0.025382347770824376,-0.09270778723875307,-0.02712013013461787,-0.019851908976871703,0.16574715799894735,0.06506737371538793,0.3914185213487937,0.05009377283014747,0.1897445569872553,-0.008677188536520008,-0.049256171180166765,0.1773409988380098,-0.007887488201551105,-0.09651061942270173,-0.28347325196329687,0.07637038800224982,-0.015657428702411637,-0.10458946740048633,-0.018362687948835704,-0.14194679566893836
8510297,2024-12-20 04:54:08+00:00,1,"['balmag01__tu', 'in21s__tu', 'g232s__tu', 'in34s__tu', 's209a__tu']","['ENG-wtd_avg', 'rtl_trd__tu', 'g095s__tu', 'trv01__tu', 'ENG-loan_to_value']","[1, 1, 1]","[0, 1, 1, 1, 1, 1, 0, 0, 0, 0, 0, 0, 0, 0, 0, 0, 0, 0, 0, 0, 0, 0, 0, 0, 0, 0, 0, 0, 0, 0, 0, 0, 0, 0, 0, 0, 0, 0, 0, 0, 0, 0, 0, 0, 0, 0, 0, 0, 0, 0, 0, 0, 0, 0, 0, 0, 0, 0, 0, 0, 0, 0, 0]",15962.249999999998,12275.0,,0,1,0.00992063492063492,4879.32,1.300386965376782,74225.0,0.2466428108787847,0.39004257415648635,0.21250459579897282,B,329.0,0,97.0,0.0,0.0,0.0,52.0,1.0,0.0,0.0,0.0,1.0,0.0,0.0,75.0,0.0,0.0,1.0,2.0,1.0,65.0,0.0,1.0,0.0,2.0,36.0,99999.0,1.0,1.0,0.0,5846.0,0.0,1.0,0.0,0.0,0.0,83.0,3.0,0.0,36.0,0.0,0.05862755356495931,0.2177365717902033,-0.04132723560415334,-0.14209565667603957,-0.060300927094883106,0.09154098990252699,-0.07034504579162959,0.4398748289474107,0.3569695839089846,0.16894243532599906,0.06891243213546375,-0.06930372276885687,-0.15001322365700048,0.16826983464198522,0.05777595718110798,0.13159391579138138,-0.04608437682097869,0.03224864732983013,0.0628878217725071,-0.019784226182213507,-0.10968019034324779,-0.03087346191658939,-0.03021581483703515,0.2697498374100057,-0.07330452249189978,0.025382347770824376,-0.09270778723875307,-0.02712013013461787,-0.019851908976871703,0.2987949245456811,0.06506737371538793,-0.056514357135833804,0.05009377283014747,-0.03943841709490631,-0.008677188536520008,0.015520686370377988,-0.0684240555566314,-0.007887488201551105,0.22656232222654338,0.07859412786274209,-0.08150226837530647,-0.015657428702411637,-0.10458946740048633,0.12016521996775872,0.25986861206479284
8519954,2024-12-28 07:12:58+00:00,1,"['rtl_trd__tu', 'g095s__tu', 'au20s__tu', 'addrprevioustimenewest__ln', 'g251c__tu']","['inquirybanking12month__ln', 'g232s__tu', 'ENG-franchise', 'miles_odometer__app', 'g407s__tu']","[1, 1, 1, 1, 1, 1, 1, 1, 1, 1, 1, 1, 1, 1, 1, 1, 1, 1, 1, 1, 1, 1, 1, 1, 1, 1, 1, 1, 1, 1, 1, 1, 1, 1, 1, 1, 1, 1, 1, 1, 1, 1, 1, 1, 1, 1, 1, 1, 1, 1, 1, 1, 1, 1, 1, 1, 1, 1, 1, 1, 1, 1, 1, 1, 1, 1, 1, 1, 1, 1]","[1, 1, 1, 1, 1, 1, 1, 1, 1, 1, 1, 1, 1]",24763.85,18175.0,639.0,0,0,1.0,1178.67,1.362522696011004,96073.0,0.24717933080534385,0.39004257415648635,0.21296685516799851,B,300.0,0,104.0,5.0,0.0,37.0,206.0,15.0,1.0,0.0,51361.0,2.0,1.0,5.0,20.0,6.0,5.0,91.0,3.0,2.0,7.0,0.0,1.0,0.0,18.0,58.0,99999.0,115.0,3.0,0.0,9466.0,1.0,999.0,0.0,3.0,0.0,2.0,0.0,109.0,0.0,1.0,-0.1091665809718578,0.3655886981676968,-0.1275519600589978,0.4863873741462653,-0.060300927094883106,0.09154098990252699,0.17776804417874942,0.17363223309014522,-0.15507978464835534,-0.20255280703278697,0.06891243213546375,0.1885423072401762,0.21762167078723413,0.013471361800327993,0.05777595718110798,-0.1698800097696574,0.10874047098924666,-0.0396387847465165,-0.11793592802472794,0.07473342567718344,0.28386568390968,0.17204724541497285,0.12508668317741883,-0.09030720766073672,-0.07330452249189978,0.025382347770824376,-0.09270778723875307,-0.02712013013461787,-0.019851908976871703,0.16574715799894735,0.06506737371538793,0.3914185213487937,0.05009377283014747,-0.03943841709490631,-0.008677188536520008,-0.049256171180166765,0.1773409988380098,-0.007887488201551105,0.08445375502265723,0.07859412786274209,0.0794212202023958,0.08850290045664871,0.25194094475317025,-0.018362687948835704,-0.14194679566893836
8483540,2024-12-14 02:24:09+00:00,1,"['ENG-loan_to_value', 'ENG-wtd_avg', 'rtl_trd__tu', 'cv15__tu', 'fltgrossmonthly__income_sum']","['g232s__tu', 'balmag01__tu', 'in21s__tu', 'au20s__tu', 'g095s__tu']","[1, 1, 1, 1, 1, 1]",,28021.0,28350.0,,0,1,1.0,5296.6,0.9883950617283951,66611.0,0.35162877968738154,0.27775640912627786,0.2157428214599639,B,374.0,0,47.0,4.0,0.0,0.0,332.0,17.0,0.0,0.0,13246.0,1.0,3.0,1.0,22.0,6.0,3.0,47.0,5.0,1.0,4.0,0.0,1.0,0.0,18.0,103.0,847.0,41.0,8.0,0.0,10203.0,0.0,999.0,0.0,6.0,0.0,2.0,1.0,0.0,0.0,1.0,0.13197734800913727,-0.15927927253764146,-0.04132723560415334,0.2004005232174445,0.29484426505884404,0.09154098990252699,-0.07034504579162959,-0.11910610672405984,-0.15507978464835534,0.16894243532599906,0.06891243213546375,0.1885423072401762,0.21762167078723413,0.16826983464198522,0.05777595718110798,0.05491722037638777,0.10874047098924666,-0.0396387847465165,0.0628878217725071,0.007908588638918862,-0.0019601420341259297,0.29414262121614615,-0.03021581483703515,-0.09030720766073672,-0.07330452249189978,0.025382347770824376,-0.09270778723875307,-0.02712013013461787,-0.019851908976871703,-0.04136613683987285,-0.050269119640593704,0.041061794483372764,0.029134920956684608,-0.03943841709490631,-0.008677188536520008,0.015520686370377988,0.1773409988380098,-0.007887488201551105,-0.017088484297844653,0.07859412786274209,0.0794212202023958,-0.0016142148168469777,-0.10458946740048633,-0.018362687948835704,-0.14194679566893836
8511838,2024-12-21 00:48:35+00:00,1,"['ENG-loan_to_value', 'miles_odometer__app', 'ENG-wtd_avg', 'inquirybanking12month__ln', 'fi36s__tu']","['cv15__tu', 'g232s__tu', 'g002s__tu', 'au20s__tu', 'in21s__tu']",,"[1, 1, 1, 1, 1, 1, 1, 1]",20409.0,24787.0,536.0,0,1,1.0,3700.0,0.8233751563319482,4.0,0.3741377016556263,0.27775640912627786,0.22955323350237034,B,62.0,0,9.0,1.0,2.0,0.0,255.0,22.0,0.0,0.0,1161.0,4.0,0.0,1.0,40.0,6.0,1.0,9.0,1.0,1.0,3.0,0.0,1.0,0.0,18.0,97.0,99999.0,1.0,1.0,0.0,23586.0,0.0,999.0,0.0,8.0,0.0,83.0,2.0,0.0,0.0,1.0,-0.027970179858952268,-0.18827349289073714,0.34054786660712466,-0.007719313883108272,0.7217349611530631,-0.1660761708115241,-0.07034504579162959,-0.0195542954136434,-0.1780787762041326,0.16894243532599906,0.06891243213546375,0.15358010403820122,0.21762167078723413,-0.20621158598810324,0.05777595718110798,0.05491722037638777,0.10001349160327515,-0.0396387847465165,0.0628878217725071,-0.019784226182213507,-0.10968019034324779,-0.0922532562049396,-0.03021581483703515,-0.09030720766073672,-0.07330452249189978,0.025382347770824376,-0.09270778723875307,-0.02712013013461787,-0.019851908976871703,-0.04136613683987285,0.06506737371538793,-0.056514357135833804,0.05009377283014747,-0.03943841709490631,-0.008677188536520008,0.015520686370377988,0.1773409988380098,-0.007887488201551105,-0.09651061942270173,0.07859412786274209,-0.08150226837530647,-0.015657428702411637,-0.10458946740048633,-0.018362687948835704,-0.14194679566893836
8482498,2024-12-13 02:42:49+00:00,1,"['ENG-loan_to_value', 'rtl_trd__tu', 'in21s__tu', 'rev322__tu', 's209a__tu']","['cv15__tu', 'inquirybanking12month__ln', 'g232s__tu', 'g002s__tu', 'balmag01__tu']","[0, 0, 0, 0, 0, 0, 0, 0, 0, 0, 0, 0, 0, 0, 0, 0, 0, 0, 0, 1, 1, 1, 0, 0, 0, 0]",,12228.0,15000.0,,0,0,0.1794871794871795,4000.0,0.8152,64143.0,0.4086020932743435,0.19939686644815996,0.23131113868663736,B,406.0,1,81.0,5.0,1.0,695.0,335.0,20.0,1.0,0.0,0.0,4.0,0.0,2.0,86.0,0.0,0.0,1.0,2.0,1.0,72.0,0.0,1.0,0.0,2.0,536.0,961.0,1.0,7.0,0.0,3372.0,5.0,5.0,0.0,9.0,0.0,1.0,2.0,0.0,37.0,1.0,-0.027970179858952268,0.020443712167482336,-0.04132723560415334,0.4863873741462653,0.7217349611530631,-0.1660761708115241,0.3264994580051225,-0.11910610672405984,-0.15507978464835534,-0.20255280703278697,0.06891243213546375,-0.06930372276885687,-0.15001322365700048,-0.20621158598810324,0.05777595718110798,-0.0962114720772341,-0.15797629343215172,0.03224864732983013,-0.11793592802472794,-0.019784226182213507,-0.10968019034324779,-0.03087346191658939,-0.03021581483703515,0.2697498374100057,-0.07330452249189978,0.025382347770824376,-0.09270778723875307,-0.02712013013461787,-0.019851908976871703,-0.04136613683987285,-0.050269119640593704,-0.056514357135833804,0.029134920956684608,-0.03943841709490631,-0.008677188536520008,-0.049256171180166765,-0.0684240555566314,-0.007887488201551105,-0.09651061942270173,0.07859412786274209,0.0794212202023958,-0.015657428702411637,-0.10458946740048633,0.12016521996775872,-0.14194679566893836
8486189,2024-12-14 04:54:49+00:00,0,"['ENG-wtd_avg', 'ENG-loan_to_value', 'cv15__tu', 'g232s__tu', 'inquirybanking12month__ln']","['balmag01__tu', 'fltgrossmonthly__income_sum', 'g095s__tu', 'au20s__tu', 'trv01__tu']","[1, 1, 1, 1, 1, 1, 1, 1, 1, 1, 1, 1]",,35000.0,33750.0,,0,1,1.0,0.0,1.037037037037037,32615.0,0.32018223163266185,0.3372811670434425,0.23854876412689832,B,87.0,0,49.0,2.0,0.0,14.0,378.0,5.0,0.0,0.0,3401.0,1.0,0.0,0.0,27.0,0.0,9.0,28.0,9.0,2.0,28.0,0.0,1.0,36.0,3.0,105.0,0.0,1.0,4.0,0.0,291954.0,9.0,999.0,0.0,162.0,0.0,4.0,3.0,0.0,10.0,0.0,-0.1091665809718578,-0.14686547993800883,0.13699271006921837,0.10794025034518957,0.12681166561429538,0.09154098990252699,-0.07034504579162959,-0.11910610672405984,0.14733527822414866,0.16894243532599906,0.06891243213546375,0.15358010403820122,0.21762167078723413,0.16826983464198522,0.05777595718110798,0.13159391579138138,0.10874047098924666,0.03224864732983013,0.0628878217725071,0.07473342567718344,-0.10968019034324779,0.29414262121614615,0.12508668317741883,0.04990870277300484,-0.07330452249189978,0.025382347770824376,-0.09270778723875307,-0.0014416545835477044,-0.019851908976871703,-0.04136613683987285,-0.050269119640593704,-0.056514357135833804,0.05009377283014747,-0.03943841709490631,-0.008677188536520008,-0.049256171180166765,0.1773409988380098,-0.007887488201551105,-0.09651061942270173,0.07859412786274209,-0.025593941117068985,-0.015657428702411637,-0.10458946740048633,-0.018362687948835704,0.25986861206479284
8476049,2024-12-10 08:48:38+00:00,1,"['balmag01__tu', 'fltgrossmonthly__income_sum', 'rev322__tu', 'au20s__tu', 'g251c__tu']","['linkt003__tu', 'inquirybanking12month__ln', 'in21s__tu', 'g095s__tu', 'trv01__tu']","[1, 1, 1, 1, 1, 1, 1, 1, 1, 1, 1, 1, 1, 1, 1, 1, 1, 1, 1, 1, 1, 1, 1]","[1, 1, 1, 1, 1, 1, 1, 1, 1, 1, 1]",36471.0,25850.0,681.0,0,1,1.0,7083.33,1.4108704061895552,28401.0,0.2176378161551551,0.39004257415648635,0.24100386292042283,B,167.0,1,118.0,1.0,0.0,7456.0,94.0,4.0,1.0,3.0,2415.0,2.0,0.0,1.0,18.0,6.0,11.0,12.0,3.0,1.0,12.0,0.0,1.0,266.0,18.0,73.0,65.0,47.0,7.0,3.0,56245.0,1.0,999.0,0.0,5.0,0.0,2.0,0.0,0.0,0.0,1.0,0.30369082926416546,0.3655886981676968,0.13699271006921837,-0.007719313883108272,-0.060300927094883106,0.09154098990252699,0.3264994580051225,0.4398748289474107,0.2051052489933988,-0.20255280703278697,-0.2536446870910988,0.15358010403820122,0.21762167078723413,0.013471361800327993,0.05777595718110798,0.05491722037638777,0.10874047098924666,-0.0396387847465165,0.0628878217725071,0.07473342567718344,-0.10968019034324779,0.17204724541497285,-0.03021581483703515,-0.09030720766073672,-0.07330452249189978,0.025382347770824376,-0.09270778723875307,0.09990807864792559,-0.019851908976871703,0.16574715799894735,-0.050269119640593704,0.041061794483372764,0.029134920956684608,0.1897445569872553,-0.008677188536520008,-0.049256171180166765,0.1773409988380098,-0.007887488201551105,-0.017088484297844653,0.07859412786274209,0.0794212202023958,0.08850290045664871,-0.10458946740048633,-0.018362687948835704,-0.14194679566893836
8540271,2025-01-04 03:25:05+00:00,1,"['ENG-loan_to_value', 'g232s__tu', 'rev322__tu', 'linka006__tu', 'cv15__tu']","['inquirybanking12month__ln', 'g002s__tu', 'balmag01__tu', 'ENG-wtd_avg', 'au20s__tu']",,,14496.0,15325.0,,0,1,0.0,3956.0,0.945905383360522,80559.0,0.39341394438114835,0.27775640912627786,0.24138022615197244,B,158.0,0,1.0,1.0,2.0,500.0,454.0,2.0,1.0,0.0,0.0,1.0,0.0,1.0,100.0,6.0,2.0,84.0,6.0,4.0,40.0,0.0,1.0,0.0,2.0,536.0,99999.0,81.0,3.0,0.0,561.0,0.0,1.0,2.0,1.0,0.0,0.0,5.0,0.0,8.0,1.0,-0.027970179858952268,-0.18827349289073714,-0.1275519600589978,-0.007719313883108272,0.29484426505884404,-0.1660761708115241,0.3264994580051225,-0.11910610672405984,0.3569695839089846,-0.20255280703278697,0.06891243213546375,-0.06930372276885687,-0.15001322365700048,0.16826983464198522,0.05777595718110798,0.05491722037638777,-0.15797629343215172,-0.0396387847465165,0.0628878217725071,-0.0025250221890105603,0.16725028297757608,0.29414262121614615,0.12508668317741883,0.10689258131274595,-0.07330452249189978,0.025382347770824376,-0.09270778723875307,-0.02712013013461787,-0.019851908976871703,-0.04136613683987285,0.06506737371538793,0.1373276043208283,0.05009377283014747,-0.03943841709490631,-0.008677188536520008,0.015520686370377988,-0.0684240555566314,-0.007887488201551105,0.22656232222654338,0.07859412786274209,0.0794212202023958,-0.015657428702411637,-0.10458946740048633,-0.018362687948835704,-0.14194679566893836
8560273,2025-01-12 05:29:25+00:00,1,"['miles_odometer__app', 'trv01__tu', 'g251c__tu', 'rev322__tu', 'linka006__tu']","['inquirybanking12month__ln', 'balmag01__tu', 'ENG-wtd_avg', 'au20s__tu', 'rtl_trd__tu']",,,32378.0,27336.0,,0,1,0.0,4900.0,1.1844454199590284,10.0,0.31424899066603584,0.3501845945669622,0.24308534644910787,B,14.0,0,1.0,0.0,0.0,123.0,407.0,6.0,1.0,0.0,306.0,1.0,0.0,0.0,0.0,0.0,2.0,1.0,1.0,1.0,3.0,0.0,999.0,123.0,18.0,80.0,99999.0,1.0,0.0,0.0,4618.0,1.0,999.0,0.0,1.0,0.0,8.0,0.0,0.0,0.0,1.0,0.05862755356495931,-0.18827349289073714,0.34054786660712466,-0.14209565667603957,-0.002109078899541321,0.09154098990252699,0.17776804417874942,-0.11910610672405984,0.1363642225800611,-0.20255280703278697,0.06891243213546375,0.10777261724792812,-0.15001322365700048,0.16826983464198522,0.05777595718110798,0.13159391579138138,0.10874047098924666,0.03224864732983013,0.0628878217725071,-0.0025250221890105603,-0.10968019034324779,-0.0922532562049396,-0.03021581483703515,-0.09030720766073672,-0.07330452249189978,0.025382347770824376,0.33183641136280506,0.09990807864792559,-0.019851908976871703,0.16574715799894735,0.06506737371538793,-0.056514357135833804,0.05009377283014747,-0.03943841709490631,-0.008677188536520008,-0.049256171180166765,0.1773409988380098,-0.007887488201551105,0.22656232222654338,0.07859412786274209,-0.04071155733815719,0.08850290045664871,-0.10458946740048633,-0.018362687948835704,-0.14194679566893836
8549694,2025-01-08 07:02:36+00:00,1,"['ENG-loan_to_value', 'g251c__tu', 'g232s__tu', 'inquirybanking12month__ln', 'cv13__tu']","['ENG-wtd_avg', 'ENG-franchise', 'au20s__tu', 'rtl_trd__tu', 'miles_odometer__app']",,,19290.0,23500.0,,0,0,0.0,4320.0,0.8208510638297872,121728.0,0.4141960310568275,0.27775640912627786,0.2541311335697974,B,214.0,0,1.0,0.0,0.0,0.0,295.0,5.0,0.0,0.0,0.0,2.0,0.0,1.0,0.0,0.0,1.0,1.0,1.0,1.0,0.0,0.0,1.0,0.0,18.0,536.0,99999.0,1.0,3.0,0.0,291954.0,1.0,0.0,0.0,4.0,0.0,83.0,0.0,0.0,0.0,1.0,0.040308154710334734,-0.18827349289073714,-0.1275519600589978,-0.14209565667603957,0.7217349611530631,0.09154098990252699,-0.07034504579162959,-0.06943203585757203,0.14733527822414866,0.16894243532599906,0.06891243213546375,-0.06930372276885687,-0.15001322365700048,0.013471361800327993,0.05777595718110798,0.05491722037638777,0.10874047098924666,0.03224864732983013,-0.11793592802472794,-0.019784226182213507,-0.10968019034324779,-0.0922532562049396,-0.03021581483703515,-0.09030720766073672,-0.07330452249189978,0.025382347770824376,-0.09270778723875307,-0.02712013013461787,-0.019851908976871703,-0.04136613683987285,0.06506737371538793,-0.056514357135833804,0.05009377283014747,-0.03943841709490631,-0.008677188536520008,-0.049256171180166765,-0.09643796186055453,-0.007887488201551105,0.0509809958782628,0.07859412786274209,-0.08150226837530647,0.08850290045664871,-0.10458946740048633,-0.018362687948835704,-0.14194679566893836
8489452,2024-12-15 05:02:53+00:00,0,"['rtl_trd__tu', 'au20s__tu', 'fltgrossmonthly__income_sum', 'miles_odometer__app', 'rev322__tu']","['g232s__tu', 'cv15__tu', 'inquirybanking12month__ln', 'g407s__tu', 'in21s__tu']","[1, 1, 1, 1, 1, 1, 0]","[1, 1, 1, 1, 1, 1, 1, 1, 0, 1, 1, 1, 1, 1, 0, 1]",66075.0,51050.0,758.0,0,1,0.8235294117647058,7286.5,1.2943192948090108,21149.0,0.2950170701964886,0.39004257415648635,0.25418329864361183,B,329.0,0,148.0,6.0,0.0,699.0,260.0,46.0,1.0,0.0,84810.0,4.0,0.0,5.0,30.0,0.0,20.0,148.0,3.0,1.0,6.0,0.0,1.0,225.0,18.0,97.0,773.0,4.0,12.0,1.0,64932.0,1.0,64.0,0.0,12.0,0.0,4.0,1.0,0.0,0.0,1.0,0.30369082926416546,0.5381266846763259,0.34054786660712466,0.4863873741462653,-0.060300927094883106,0.09154098990252699,0.3264994580051225,-0.0195542954136434,-0.38056948270557656,-0.20255280703278697,0.06891243213546375,0.1885423072401762,0.14032874394710926,-0.20621158598810324,0.05777595718110798,-0.1698800097696574,0.10874047098924666,0.03224864732983013,0.0628878217725071,0.07473342567718344,0.5094610820757571,0.17204724541497285,-0.03021581483703515,-0.09030720766073672,-0.07330452249189978,0.025382347770824376,-0.09270778723875307,0.09990807864792559,-0.019851908976871703,-0.04136613683987285,-0.050269119640593704,-0.056514357135833804,0.0033944331617501993,0.1897445569872553,-0.008677188536520008,-0.049256171180166765,0.1773409988380098,-0.007887488201551105,-0.09651061942270173,0.07859412786274209,-0.025593941117068985,-0.0016142148168469777,-0.10458946740048633,-0.018362687948835704,-0.14194679566893836
8580485,2025-01-21 03:43:58+00:00,0,"['rtl_trd__tu', 'ENG-loan_to_value', 'ENG-bk', 'au20s__tu', 'ENG-wtd_avg']","['inquiryshortterm12month__ln', 'g232s__tu', 'linkt003__tu', 'inquirybanking12month__ln', 'g002s__tu']","[1, 1, 1, 1, 1, 1, 1, 1, 1, 0, 1, 1, 1, 0, 0]","[1, 1, 1, 1, 1, 1, 1, 1, 1, 1, 1, 1, 1, 1, 1, 1, 1, 1, 1, 1, 1, 1, 1, 1, 1, 1, 1]",13953.0,14000.0,654.0,1,1,1.0,3400.0,0.9966428571428572,55058.0,0.5203372165988598,0.17289834384226316,0.25541908988244744,B,436.0,1,115.0,5.0,6.0,37.0,392.0,25.0,1.0,1.0,0.0,3.0,3.0,9.0,52.0,0.0,4.0,7.0,1.0,1.0,6.0,0.0,1.0,0.0,1.0,89.0,843.0,1.0,6.0,1.0,26240.0,1.0,1.0,2.0,30.0,1.0,83.0,9.0,0.0,6.0,1.0,-0.1091665809718578,0.3655886981676968,-0.023523712854035837,0.4863873741462653,0.29484426505884404,-0.1660761708115241,0.17776804417874942,-0.11910610672405984,-0.255209877581241,-0.20255280703278697,-0.1824628326067655,-0.06930372276885687,0.21762167078723413,-0.12259399033321434,0.05777595718110798,-0.1698800097696574,-0.01837301611295693,0.03224864732983013,0.0628878217725071,0.07473342567718344,-0.10968019034324779,-0.0922532562049396,-0.03021581483703515,-0.09030720766073672,0.3644461705690194,0.025382347770824376,-0.09270778723875307,-0.02712013013461787,-0.019851908976871703,-0.04136613683987285,-0.050269119640593704,-0.056514357135833804,0.05009377283014747,0.1897445569872553,-0.008677188536520008,-0.049256171180166765,-0.0684240555566314,-0.007887488201551105,-0.09651061942270173,-0.28347325196329687,-0.08150226837530647,-0.015657428702411637,-0.10458946740048633,-0.018362687948835704,-0.14194679566893836
8553909,2025-01-10 02:44:11+00:00,1,"['g232s__tu', 'addrprevioustimenewest__ln', 's209a__tu', 'linka006__tu', 'cv15__tu']","['rp01s__tu', 'ENG-wtd_avg', 'rtl_trd__tu', 'cv13__tu', 'g095s__tu']","[1, 1, 1, 1, 1, 0, 0, 0, 0, 0, 0, 0, 0, 0, 0, 0, 0, 0, 0, 0, 0, 0, 0, 0, 0, 0, 0, 0, 0, 0, 0, 0, 0, 0, 0, 0, 0, 0, 0, 0, 0, 0]",,19049.0,15425.0,,0,1,0.016611295681063124,4000.0,1.2349432739059967,54815.0,0.34237762959121165,0.3501845945669622,0.2648440796236397,B,290.0,0,82.0,0.0,0.0,0.0,300.0,2.0,0.0,0.0,0.0,1.0,0.0,0.0,100.0,0.0,0.0,82.0,5.0,1.0,44.0,1.0,1.0,0.0,1.0,536.0,99999.0,163.0,6.0,0.0,291954.0,1.0,59.0,0.0,1.0,0.0,1.0,1.0,0.0,34.0,0.0,-0.027970179858952268,0.020443712167482336,-0.023523712854035837,-0.14209565667603957,-0.002109078899541321,0.09154098990252699,-0.07034504579162959,-0.06943203585757203,0.3569695839089846,0.16894243532599906,0.06891243213546375,-0.06930372276885687,-0.15001322365700048,0.16826983464198522,0.05777595718110798,0.13159391579138138,-0.15797629343215172,0.03224864732983013,0.0628878217725071,-0.019784226182213507,0.16725028297757608,0.29414262121614615,-0.03021581483703515,0.10689258131274595,-0.07330452249189978,-0.1622949085028706,-0.09270778723875307,-0.02712013013461787,-0.019851908976871703,-0.04136613683987285,0.06506737371538793,0.3914185213487937,0.05009377283014747,-0.03943841709490631,-0.008677188536520008,-0.049256171180166765,0.1773409988380098,-0.007887488201551105,0.22656232222654338,0.07859412786274209,0.0794212202023958,-0.0016142148168469777,-0.10458946740048633,0.12016521996775872,0.25986861206479284
8558428,2025-01-11 23:45:27+00:00,1,"['ENG-loan_to_value', 'in21s__tu', 'ENG-wtd_avg', 'rtl_trd__tu', 'rev322__tu']","['inquirybanking12month__ln', 'ENG-franchise', 'miles_odometer__app', 'g095s__tu', 'trv01__tu']","[0, 1, 1, 1, 1, 1, 1, 1, 1, 1, 1, 1, 1, 1, 0, 1, 1, 1, 1, 1, 1, 1, 1, 1, 1, 1, 1, 1, 1, 1, 1, 1]",,12638.0,12825.0,,0,0,0.9696969696969697,5000.0,0.9854191033138402,103629.0,0.33971965003497184,0.27775640912627786,0.2678936301282177,C,170.0,1,72.0,3.0,0.0,99.0,210.0,7.0,1.0,0.0,0.0,1.0,0.0,2.0,57.0,6.0,4.0,1.0,2.0,3.0,72.0,0.0,1.0,163.0,1.0,111.0,548.0,11.0,6.0,0.0,291954.0,3.0,39.0,0.0,6.0,0.0,83.0,7.0,0.0,12.0,1.0,0.05862755356495931,0.020443712167482336,-0.1275519600589978,0.2004005232174445,0.29484426505884404,0.09154098990252699,0.17776804417874942,0.04221351096772582,0.043484354902003225,-0.20255280703278697,0.06891243213546375,-0.06930372276885687,0.21762167078723413,0.16826983464198522,0.05777595718110798,-0.0962114720772341,-0.01837301611295693,-0.0396387847465165,-0.11793592802472794,0.07473342567718344,-0.10968019034324779,-0.03087346191658939,0.12508668317741883,0.2697498374100057,-0.07330452249189978,0.025382347770824376,-0.09270778723875307,0.09990807864792559,-0.019851908976871703,-0.04136613683987285,-0.050269119640593704,-0.056514357135833804,0.05009377283014747,-0.03943841709490631,-0.008677188536520008,-0.049256171180166765,0.10596202742217121,-0.007887488201551105,-0.017088484297844653,0.07859412786274209,-0.08150226837530647,-0.015657428702411637,-0.10458946740048633,-0.018362687948835704,-0.14194679566893836
8500755,2024-12-16 22:49:33+00:00,1,"['rtl_trd__tu', 'ENG-loan_to_value', 'in21s__tu', 'miles_odometer__app', 'rev322__tu']","['inquiryshortterm12month__ln', 'g232s__tu', 'linkt003__tu', 'cv15__tu', 'inquirybanking12month__ln']",,,26870.0,27043.0,,0,1,0.0,5652.0,0.9936027807565728,2.0,0.45403383755882987,0.27775640912627786,0.2785737311955073,C,162.0,0,1.0,5.0,0.0,250.0,506.0,25.0,1.0,1.0,0.0,4.0,3.0,3.0,46.0,6.0,2.0,1.0,4.0,2.0,120.0,0.0,1.0,0.0,18.0,536.0,99999.0,1.0,5.0,0.0,291954.0,0.0,0.0,0.0,9.0,1.0,83.0,4.0,0.0,0.0,1.0,0.13197734800913727,-0.18827349289073714,0.34054786660712466,0.4863873741462653,0.29484426505884404,0.09154098990252699,0.3264994580051225,-0.11910610672405984,-0.255209877581241,-0.20255280703278697,-0.1824628326067655,-0.06930372276885687,-0.15001322365700048,-0.20621158598810324,0.05777595718110798,-0.12496553540883204,0.10001349160327515,-0.0396387847465165,0.0628878217725071,-0.0025250221890105603,-0.10968019034324779,0.2460720631549191,0.12508668317741883,0.2697498374100057,-0.07330452249189978,0.025382347770824376,-0.09270778723875307,-0.02712013013461787,-0.019851908976871703,-0.04136613683987285,0.06506737371538793,-0.056514357135833804,0.05009377283014747,-0.03943841709490631,-0.008677188536520008,0.015520686370377988,-0.09643796186055453,-0.007887488201551105,-0.09651061942270173,-0.28347325196329687,-0.08150226837530647,-0.015657428702411637,-0.10458946740048633,-0.018362687948835704,-0.14194679566893836
8439637,2024-12-03 09:34:32+00:00,0,"['ENG-loan_to_value', 'g251c__tu', 'ENG-wtd_avg', 'fi36s__tu', 'linka006__tu']","['inquirybanking12month__ln', 'ENG-franchise', 'au20s__tu', 'g407s__tu', 'in21s__tu']",,"[1, 1, 1]",17825.0,18436.0,854.0,0,0,1.0,3526.5,0.9668583206769364,66240.0,0.45800278370063,0.27775640912627786,0.28100888920394984,C,131.0,0,5.0,1.0,0.0,7.0,302.0,12.0,1.0,0.0,6158.0,2.0,0.0,4.0,0.0,0.0,5.0,1.0,1.0,1.0,5.0,0.0,1.0,0.0,18.0,100.0,99999.0,16.0,0.0,0.0,29541.0,0.0,999.0,0.0,2.0,0.0,4.0,0.0,0.0,0.0,1.0,-0.09681697912336358,-0.18827349289073714,-0.04132723560415334,-0.007719313883108272,0.29484426505884404,0.09154098990252699,-0.07034504579162959,-0.06943203585757203,-0.05599586626278019,-0.20255280703278697,0.06891243213546375,0.15358010403820122,0.21762167078723413,0.013471361800327993,0.05777595718110798,-0.1698800097696574,0.10874047098924666,0.03224864732983013,-0.11793592802472794,0.07473342567718344,-0.10968019034324779,-0.0922532562049396,-0.03021581483703515,-0.09030720766073672,-0.07330452249189978,0.025382347770824376,-0.09270778723875307,-0.02712013013461787,-0.019851908976871703,-0.04136613683987285,0.06506737371538793,-0.056514357135833804,0.05009377283014747,-0.03943841709490631,-0.008677188536520008,0.015520686370377988,0.1773409988380098,-0.007887488201551105,0.1805634719208487,0.07859412786274209,-0.025593941117068985,0.08850290045664871,-0.10458946740048633,-0.018362687948835704,-0.14194679566893836
8532440,2024-12-31 06:17:10+00:00,1,"['rtl_trd__tu', 'rev322__tu', 'au20s__tu', 'ENG-loan_to_value', 'linkf098__tu']","['inquiryshortterm12month__ln', 'g232s__tu', 'inquirybanking12month__ln', 'g002s__tu', 'g407s__tu']","[1, 1, 1, 1, 1, 1, 1, 1, 1, 1, 0, 0, 0, 0, 0, 0, 0]",,17781.0,16325.0,,0,1,0.35947712418300654,4300.0,1.089188361408882,44033.0,0.395966657358474,0.3372811670434425,0.2950112386520307,C,622.0,0,109.0,13.0,2.0,724.0,214.0,22.0,1.0,0.0,8250.0,2.0,0.0,6.0,37.0,0.0,12.0,1.0,8.0,2.0,15.0,0.0,1.0,307.0,4.0,82.0,99999.0,22.0,4.0,1.0,7122.0,2.0,1.0,6.0,7.0,1.0,6.0,8.0,0.0,1.0,1.0,0.040308154710334734,0.3655886981676968,0.037311957071715245,0.4863873741462653,0.12681166561429538,-0.1660761708115241,0.3264994580051225,0.04221351096772582,-0.1780787762041326,-0.20255280703278697,0.06891243213546375,0.1885423072401762,-0.06524181341490069,0.013471361800327993,0.05777595718110798,-0.1698800097696574,0.10001349160327515,0.03224864732983013,0.0628878217725071,0.07473342567718344,-0.10968019034324779,0.29414262121614615,0.12508668317741883,-0.09030720766073672,-0.07330452249189978,0.025382347770824376,-0.09270778723875307,0.09990807864792559,-0.019851908976871703,-0.04136613683987285,0.06506737371538793,-0.056514357135833804,0.05009377283014747,0.1897445569872553,-0.008677188536520008,-0.049256171180166765,-0.0684240555566314,0.12919669236557793,-0.09651061942270173,-0.28347325196329687,-0.04071155733815719,-0.015657428702411637,-0.10458946740048633,-0.018362687948835704,-0.14194679566893836
8432638,2024-11-30 04:30:27+00:00,0,"['in21s__tu', 'au20s__tu', 'g232s__tu', 'ENG-loan_to_value', 'jt20s__tu']","['rp01s__tu', 'inquirybanking12month__ln', 'ENG-wtd_avg', 'rtl_trd__tu', 'cv13__tu']","[1, 1, 1, 1, 1, 1, 1, 1, 1, 1, 1, 1, 1, 1, 1, 1, 1, 1, 1, 1, 1, 1, 1, 1, 1, 1, 1, 1, 1, 1, 1, 1, 1, 1, 0, 0, 0, 0, 0, 0, 0, 0, 0, 0, 0, 0, 0, 0, 0, 0, 0, 0, 0, 0, 0, 0, 0, 0, 0, 0, 0, 0, 0, 0, 0, 0]",,26674.0,24327.0,,0,1,0.26910900045228403,5800.0,1.096477165289596,48722.0,0.4005246276468837,0.3372811670434425,0.2984071116012664,C,335.0,0,122.0,0.0,0.0,0.0,300.0,4.0,1.0,0.0,0.0,1.0,3.0,1.0,100.0,0.0,0.0,122.0,2.0,1.0,111.0,2.0,1.0,0.0,18.0,536.0,99999.0,70.0,4.0,0.0,1836.0,0.0,1.0,0.0,3.0,0.0,2.0,1.0,0.0,0.0,1.0,0.13197734800913727,0.4102418344400132,0.037311957071715245,-0.14209565667603957,0.12681166561429538,0.09154098990252699,-0.07034504579162959,-0.06943203585757203,0.2051052489933988,-0.20255280703278697,0.06891243213546375,-0.06930372276885687,-0.15001322365700048,0.16826983464198522,0.05777595718110798,0.05491722037638777,-0.15797629343215172,0.03224864732983013,0.0628878217725071,-0.019784226182213507,0.38284509462663713,-0.03087346191658939,-0.03021581483703515,0.2697498374100057,-0.07330452249189978,-0.1622949085028706,-0.09270778723875307,-0.02712013013461787,-0.019851908976871703,-0.04136613683987285,0.06506737371538793,0.1373276043208283,0.05009377283014747,-0.03943841709490631,-0.008677188536520008,0.015520686370377988,-0.0684240555566314,-0.007887488201551105,0.08445375502265723,0.07859412786274209,0.0794212202023958,-0.0016142148168469777,-0.10458946740048633,-0.018362687948835704,-0.14194679566893836
8473847,2024-12-10 01:58:00+00:00,1,"['ENG-loan_to_value', 'fltgrossmonthly__income_sum', 'inquirybanking12month__ln', 'inquirynonshortterm12month__ln', 'addrprevioustimenewest__ln']","['g002s__tu', 'ENG-wtd_avg', 'ENG-franchise', 'au20s__tu', 'rtl_trd__tu']",,"[1, 1, 1, 1, 1, 1, 1, 1, 1, 0, 0, 0, 1, 0, 0, 0, 0, 0, 0, 0, 0, 0, 0, 0, 1, 1, 1, 0, 0, 0, 0, 0, 0, 0, 0]",29997.0,30000.0,584.0,0,0,0.21587301587301588,6026.86,0.9999,49180.0,0.4885641413866778,0.27775640912627786,0.29975989570773215,C,462.0,0,37.0,0.0,8.0,0.0,214.0,7.0,0.0,0.0,0.0,2.0,0.0,1.0,80.0,0.0,0.0,1.0,2.0,1.0,35.0,0.0,1.0,0.0,2.0,98.0,99999.0,64.0,3.0,0.0,21779.0,2.0,2.0,0.0,18.0,0.0,5.0,5.0,0.0,20.0,0.0,0.13197734800913727,-0.18827349289073714,0.037311957071715245,-0.14209565667603957,0.29484426505884404,-0.1660761708115241,-0.07034504579162959,0.04221351096772582,0.043484354902003225,0.16894243532599906,0.06891243213546375,-0.06930372276885687,-0.15001322365700048,0.013471361800327993,0.05777595718110798,0.05491722037638777,-0.15797629343215172,0.03224864732983013,-0.11793592802472794,-0.019784226182213507,-0.10968019034324779,-0.03087346191658939,-0.03021581483703515,0.04990870277300484,-0.07330452249189978,0.025382347770824376,-0.09270778723875307,-0.02712013013461787,-0.019851908976871703,-0.04136613683987285,0.06506737371538793,0.1373276043208283,0.05009377283014747,-0.03943841709490631,-0.008677188536520008,-0.049256171180166765,-0.0684240555566314,-0.007887488201551105,-0.09651061942270173,0.07859412786274209,-0.04071155733815719,-0.015657428702411637,-0.10458946740048633,0.002489027625756258,0.25986861206479284
8475453,2024-12-10 05:34:31+00:00,0,"['ENG-loan_to_value', 'miles_odometer__app', 'ENG-wtd_avg', 'ENG-franchise', 'linkt003__tu']","['cv15__tu', 'inquiryshortterm12month__ln', 'inquirybanking12month__ln', 'g232s__tu', 'g002s__tu']","[1, 1, 1, 1, 1, 1, 1, 0, 0, 0, 0, 0, 0, 0, 0, 0, 0, 0, 0, 0, 0, 0, 0, 0, 0, 0, 0, 0, 0, 0, 0, 0, 0, 0, 0, 0, 0, 0, 0, 0, 0, 0, 0, 0]","[1, 1, 1, 1, 1, 0, 1, 1, 1]",16210.0,23575.0,193.0,0,1,0.8666666666666667,3500.0,0.687592788971368,6726.0,0.5333135834538725,0.19939686644815996,0.30191076917204873,C,90.0,1,80.0,0.0,2.0,0.0,322.0,20.0,1.0,0.0,0.0,6.0,0.0,4.0,73.0,0.0,2.0,1.0,1.0,1.0,4.0,0.0,2.0,0.0,4.0,106.0,223.0,1.0,5.0,0.0,15718.0,0.0,2.0,0.0,9.0,1.0,83.0,8.0,0.0,4.0,1.0,-0.09681697912336358,0.020443712167482336,0.34054786660712466,-0.14209565667603957,1.0206244866252332,-0.1660761708115241,-0.07034504579162959,-0.11910610672405984,-0.15507978464835534,-0.20255280703278697,0.06891243213546375,-0.06930372276885687,0.14032874394710926,-0.3446164652968252,0.05777595718110798,-0.1698800097696574,-0.04608437682097869,0.03224864732983013,0.0628878217725071,-0.0025250221890105603,-0.10968019034324779,-0.0922532562049396,-0.03021581483703515,-0.09030720766073672,-0.07330452249189978,0.025382347770824376,-0.09270778723875307,-0.02712013013461787,-0.019851908976871703,-0.04136613683987285,-0.050269119640593704,-0.056514357135833804,0.05009377283014747,-0.03943841709490631,-0.008677188536520008,0.015520686370377988,-0.0684240555566314,-0.007887488201551105,-0.09651061942270173,-0.28347325196329687,-0.08150226837530647,-0.015657428702411637,-0.10458946740048633,-0.018362687948835704,-0.14194679566893836
8532418,2024-12-31 06:15:02+00:00,1,"['ENG-loan_to_value', 'au20s__tu', 'miles_odometer__app', 'balmag01__tu', 'jt20s__tu']","['cv15__tu', 'g232s__tu', 'rp01s__tu', 'inquirybanking12month__ln', 'g002s__tu']","[1, 1, 1, 1, 0, 1, 0, 0, 1, 1, 1, 1, 1, 1, 1, 1, 1, 1, 0, 1, 0, 0, 0, 0, 0, 1, 1, 1, 0, 1, 1, 1, 1, 0, 0, 0, 0, 0, 0, 0, 1, 1, 1, 1, 0, 0, 0, 0, 0, 0, 0, 1, 1, 1, 1, 1, 0]","[1, 1, 1, 1, 0, 0, 0, 0, 0, 1]",35000.0,35112.0,666.0,0,1,0.36363636363636365,3300.0,0.9968102073365231,6.0,0.49505709808674697,0.27775640912627786,0.30374366745512915,C,201.0,0,145.0,1.0,3.0,0.0,194.0,30.0,1.0,0.0,1925.0,7.0,0.0,2.0,35.0,6.0,7.0,145.0,5.0,1.0,3.0,1.0,1.0,0.0,3.0,111.0,830.0,1.0,7.0,0.0,31179.0,8.0,1.0,0.0,21.0,0.0,4.0,6.0,0.0,12.0,1.0,-0.1091665809718578,0.5381266846763259,0.34054786660712466,-0.007719313883108272,0.29484426505884404,-0.1660761708115241,-0.07034504579162959,0.17363223309014522,-0.255209877581241,-0.20255280703278697,0.06891243213546375,0.15358010403820122,-0.06524181341490069,-0.3446164652968252,0.05777595718110798,-0.0962114720772341,0.10001349160327515,-0.0396387847465165,0.0628878217725071,0.07473342567718344,0.5094610820757571,0.29414262121614615,-0.03021581483703515,-0.09030720766073672,-0.07330452249189978,-0.1622949085028706,-0.09270778723875307,-0.02712013013461787,-0.019851908976871703,-0.04136613683987285,-0.050269119640593704,-0.056514357135833804,0.029134920956684608,-0.03943841709490631,-0.008677188536520008,-0.049256171180166765,-0.0684240555566314,-0.007887488201551105,-0.09651061942270173,0.07859412786274209,-0.025593941117068985,-0.015657428702411637,-0.10458946740048633,-0.018362687948835704,-0.14194679566893836
8538013,2025-01-03 05:29:51+00:00,1,"['in21s__tu', 'ENG-wtd_avg', 'fi101s__tu', 'cv15__tu', 'inquirybanking12month__ln']","['inquiryshortterm12month__ln', 'linkt003__tu', 'rtl_trd__tu', 'miles_odometer__app', 'g095s__tu']","[1, 1, 1, 1, 1, 1, 1, 0, 0, 1, 1, 1, 1, 1, 1, 1, 1, 1, 1, 1, 1, 1, 1, 1, 1, 1, 1, 1, 1, 1, 1, 1, 1, 1, 1, 1, 1, 1, 1]",,23054.0,20375.0,,0,1,0.9782051282051282,3800.0,1.131484662576687,94528.0,0.4150687925680404,0.3372811670434425,0.30924310505883024,C,290.0,0,51.0,0.0,0.0,0.0,255.0,6.0,0.0,2.0,301.0,1.0,3.0,0.0,33.0,6.0,1.0,1.0,1.0,1.0,51.0,0.0,1.0,0.0,2.0,65.0,99999.0,1.0,0.0,0.0,0.0,1.0,41.0,2.0,2.0,1.0,3.0,1.0,0.0,21.0,0.0,-0.027970179858952268,-0.14686547993800883,-0.1275519600589978,-0.14209565667603957,-0.002109078899541321,0.09154098990252699,-0.07034504579162959,-0.0195542954136434,0.1363642225800611,0.16894243532599906,-0.2536446870910988,0.10777261724792812,0.21762167078723413,0.16826983464198522,0.05777595718110798,0.13159391579138138,0.10001349160327515,-0.0396387847465165,0.0628878217725071,-0.019784226182213507,-0.10968019034324779,-0.0922532562049396,-0.03021581483703515,0.15342943182276647,-0.07330452249189978,0.025382347770824376,-0.09270778723875307,-0.02712013013461787,-0.019851908976871703,0.16574715799894735,0.06506737371538793,-0.056514357135833804,0.05009377283014747,-0.03943841709490631,0.1480974085261193,-0.049256171180166765,0.10596202742217121,-0.007887488201551105,0.1805634719208487,-0.28347325196329687,0.07637038800224982,-0.0016142148168469777,-0.10458946740048633,0.002489027625756258,0.25986861206479284
8569579,2025-01-16 05:42:11+00:00,1,"['au20s__tu', 'balmag01__tu', 'g232s__tu', 'ENG-wtd_avg', 'cv15__tu']","['inquiryshortterm12month__ln', 'g002s__tu', 'ENG-franchise', 'miles_odometer__app', 'in21s__tu']","[1, 1, 1, 1, 1, 1, 1, 1, 1, 1, 1, 1, 1, 1, 1, 1, 1, 1, 1, 1, 1, 1, 1, 1, 1, 1, 1, 1, 1, 1, 1, 1, 1, 1, 1, 1, 1, 1, 1, 1, 1, 1, 1, 1, 1, 1, 1, 1, 1, 1, 1, 1, 1, 1, 1, 1, 1, 1]","[1, 1, 1, 1, 1, 1, 1, 1, 1, 1, 1, 1, 1, 1, 1, 1, 1, 1, 1, 1, 1, 1, 1, 1, 1, 1, 1, 1]",21037.0,17375.0,,0,0,1.0,5300.0,1.2107625899280576,89159.0,0.40489261058392284,0.3501845945669622,0.31320215320301503,C,411.0,0,123.0,2.0,3.0,0.0,198.0,4.0,0.0,0.0,0.0,1.0,0.0,0.0,24.0,0.0,8.0,1.0,2.0,1.0,2.0,0.0,1.0,55.0,4.0,167.0,0.0,1.0,11.0,0.0,3092.0,9.0,999.0,0.0,162.0,1.0,0.0,8.0,0.0,13.0,0.0,0.13197734800913727,0.4102418344400132,-0.1275519600589978,0.10794025034518957,-0.002109078899541321,-0.1660761708115241,-0.07034504579162959,0.17363223309014522,0.2051052489933988,0.16894243532599906,0.06891243213546375,-0.06930372276885687,0.21762167078723413,0.16826983464198522,0.05777595718110798,0.13159391579138138,0.10874047098924666,0.03224864732983013,-0.11793592802472794,0.07473342567718344,-0.10968019034324779,-0.03087346191658939,-0.03021581483703515,-0.09030720766073672,-0.07330452249189978,0.025382347770824376,-0.09270778723875307,-0.0014416545835477044,-0.019851908976871703,-0.04136613683987285,-0.050269119640593704,-0.056514357135833804,0.0033944331617501993,-0.03943841709490631,-0.008677188536520008,-0.049256171180166765,0.1773409988380098,-0.007887488201551105,-0.09651061942270173,-0.28347325196329687,0.0794212202023958,-0.015657428702411637,-0.10458946740048633,-0.018362687948835704,0.25986861206479284
8467077,2024-12-06 08:27:21+00:00,1,"['ENG-loan_to_value', 'in34s__tu', 'inquirybanking12month__ln', 'cv13__tu', 'inquiryshortterm12month__ln']","['cv15__tu', 'g002s__tu', 'balmag01__tu', 'rtl_trd__tu', 'miles_odometer__app']",,"[1, 1, 1, 1, 1, 1, 1, 1, 1, 1, 1, 1, 1, 1, 1, 1, 1, 1, 1, 1, 1, 1, 1, 1, 1, 1, 1, 1, 1, 1, 1, 1, 0, 0, 1, 0, 1, 1, 1, 0, 1, 0, 0, 1, 0, 0, 1, 0, 0, 1, 0, 0, 0, 1, 0, 0, 1, 0, 0, 1, 0, 0, 0, 1, 1, 0, 1, 1, 0, 0, 0]",15770.0,16200.0,261.0,0,1,0.5062597809076682,4800.0,0.9734567901234568,91770.0,0.5105622307033925,0.27775640912627786,0.31325688494773607,C,74.0,0,73.0,0.0,1.0,0.0,349.0,10.0,0.0,0.0,0.0,4.0,0.0,1.0,25.0,6.0,0.0,73.0,2.0,1.0,16.0,0.0,1.0,0.0,3.0,34.0,99999.0,1.0,2.0,0.0,6481.0,1.0,1.0,0.0,9.0,0.0,83.0,3.0,0.0,20.0,1.0,0.05862755356495931,0.020443712167482336,-0.1275519600589978,-0.14209565667603957,0.29484426505884404,-0.1660761708115241,-0.07034504579162959,-0.11910610672405984,0.043484354902003225,0.16894243532599906,0.06891243213546375,-0.06930372276885687,-0.06524181341490069,-0.20621158598810324,0.05777595718110798,0.05491722037638777,0.10874047098924666,-0.0396387847465165,0.0628878217725071,-0.019784226182213507,0.16725028297757608,-0.03087346191658939,-0.03021581483703515,-0.09030720766073672,-0.07330452249189978,0.025382347770824376,-0.09270778723875307,-0.02712013013461787,-0.019851908976871703,0.2987949245456811,0.06506737371538793,-0.056514357135833804,0.05009377283014747,-0.03943841709490631,-0.008677188536520008,-0.049256171180166765,-0.0684240555566314,-0.007887488201551105,-0.09651061942270173,0.07859412786274209,-0.08150226837530647,-0.015657428702411637,-0.10458946740048633,0.002489027625756258,-0.14194679566893836
8572373,2025-01-17 05:00:07+00:00,1,"['ENG-loan_to_value', 'addrprevioustimenewest__ln', 'g232s__tu', 'inquirybanking12month__ln', 'linka006__tu']","['rp01s__tu', 'g002s__tu', 'balmag01__tu', 'ENG-wtd_avg', 'au20s__tu']",,,30645.0,30675.0,,0,1,0.0,4300.0,0.9990220048899755,56124.0,0.5165952617611511,0.27775640912627786,0.31695846803064986,C,409.0,0,1.0,0.0,33.0,0.0,600.0,4.0,0.0,0.0,0.0,2.0,0.0,1.0,100.0,0.0,0.0,1.0,8.0,1.0,0.0,4.0,1.0,0.0,18.0,536.0,99999.0,196.0,2.0,0.0,291954.0,0.0,0.0,0.0,2.0,0.0,3.0,51.0,0.0,0.0,1.0,0.040308154710334734,-0.18827349289073714,-0.023523712854035837,-0.14209565667603957,0.29484426505884404,-0.1660761708115241,-0.07034504579162959,-0.11910610672405984,0.2051052489933988,0.16894243532599906,0.06891243213546375,-0.06930372276885687,-0.15001322365700048,0.013471361800327993,0.05777595718110798,0.05491722037638777,-0.15797629343215172,0.03224864732983013,0.0628878217725071,-0.019784226182213507,-0.10968019034324779,0.29414262121614615,-0.03021581483703515,-0.09030720766073672,-0.07330452249189978,-0.1622949085028706,-0.09270778723875307,-0.02712013013461787,-0.019851908976871703,-0.04136613683987285,0.06506737371538793,0.3914185213487937,0.05009377283014747,-0.03943841709490631,-0.008677188536520008,0.015520686370377988,-0.09643796186055453,-0.007887488201551105,0.1805634719208487,0.07859412786274209,0.07637038800224982,-0.015657428702411637,-0.10458946740048633,-0.018362687948835704,-0.14194679566893836
8542888,2025-01-05 02:05:26+00:00,1,"['ENG-loan_to_value', 'inquirybanking12month__ln', 'miles_odometer__app', 'inquirynonshortterm12month__ln', 'all235__tu']","['inquiryshortterm12month__ln', 'rp01s__tu', 'cv15__tu', 'g232s__tu', 'balmag01__tu']","[1, 1, 1, 1, 1, 1, 1, 1, 1, 1, 1, 1, 1, 1, 1, 1, 1, 1, 1, 1, 1, 1, 1, 1, 1, 0, 0, 0, 0, 0]",,17185.94,19225.0,,0,1,0.6989247311827957,4000.0,0.8939370611183355,34589.0,0.5215123081358372,0.27775640912627786,0.31997533558929336,C,310.0,0,51.0,0.0,0.0,0.0,416.0,16.0,0.0,0.0,5959.0,4.0,0.0,2.0,100.0,0.0,4.0,51.0,2.0,1.0,4.0,1.0,1.0,0.0,3.0,170.0,99999.0,1.0,10.0,0.0,2328.0,2.0,2.0,0.0,13.0,1.0,0.0,4.0,0.0,5.0,0.0,-0.027970179858952268,-0.14686547993800883,0.13699271006921837,-0.14209565667603957,0.7217349611530631,0.09154098990252699,-0.07034504579162959,-0.11910610672405984,-0.15507978464835534,0.16894243532599906,0.06891243213546375,0.15358010403820122,0.010623758166246828,-0.20621158598810324,0.05777595718110798,-0.0962114720772341,-0.15797629343215172,0.03224864732983013,0.0628878217725071,0.07473342567718344,-0.0019601420341259297,-0.03087346191658939,-0.03021581483703515,-0.09030720766073672,-0.07330452249189978,-0.1622949085028706,-0.09270778723875307,-0.02712013013461787,-0.019851908976871703,-0.04136613683987285,0.06506737371538793,-0.056514357135833804,0.0033944331617501993,-0.03943841709490631,-0.008677188536520008,-0.049256171180166765,-0.0684240555566314,-0.007887488201551105,-0.09651061942270173,-0.28347325196329687,0.0794212202023958,-0.015657428702411637,-0.10458946740048633,-0.018362687948835704,0.25986861206479284
8480507,2025-01-08 01:33:45+00:00,1,"['balmag01__tu', 'g232s__tu', 'ENG-wtd_avg', 'cv15__tu', 'fltgrossmonthly__income_sum']","['rp01s__tu', 'linkt003__tu', 'rtl_trd__tu', 'cv13__tu', 'in21s__tu']","[1, 1, 1, 1, 0, 0, 0, 0, 1, 1, 0, 0, 0, 0]","[1, 1, 1, 1, 1, 1, 1, 1, 1, 1, 1, 1]",22915.59,17111.0,261.0,0,1,1.0,6374.33,1.3392314885161591,75795.0,0.37266246005713727,0.39004257415648635,0.3210816693246852,C,307.0,0,52.0,0.0,0.0,0.0,86.0,3.0,0.0,1.0,4924.0,1.0,0.0,0.0,80.0,6.0,3.0,52.0,2.0,1.0,13.0,1.0,11.0,0.0,7.0,90.0,99999.0,23.0,5.0,1.0,7328.0,0.0,19.0,0.0,8.0,0.0,83.0,11.0,0.0,12.0,0.0,0.13197734800913727,-0.14686547993800883,-0.04132723560415334,-0.14209565667603957,-0.060300927094883106,0.09154098990252699,-0.07034504579162959,0.4398748289474107,0.29009271071754617,0.16894243532599906,-0.1824628326067655,0.15358010403820122,0.21762167078723413,0.16826983464198522,0.05777595718110798,0.13159391579138138,-0.15797629343215172,-0.0396387847465165,0.0628878217725071,0.007908588638918862,-0.0019601420341259297,-0.03087346191658939,-0.03021581483703515,-0.09030720766073672,-0.07330452249189978,-0.1622949085028706,0.10723235366853863,-0.02712013013461787,-0.019851908976871703,-0.04136613683987285,0.06506737371538793,-0.056514357135833804,0.05009377283014747,0.1897445569872553,-0.008677188536520008,0.015520686370377988,0.10596202742217121,-0.007887488201551105,-0.09651061942270173,0.07859412786274209,-0.08150226837530647,-0.015657428702411637,-0.10458946740048633,-0.018362687948835704,0.25986861206479284
8559829,2025-01-12 03:57:57+00:00,1,"['in34s__tu', 'ENG-wtd_avg', 'ENG-loan_to_value', 'linka006__tu', 'inquirybanking12month__ln']","['g002s__tu', 'ENG-franchise', 'rtl_trd__tu', 'in21s__tu', 'g095s__tu']","[1, 1, 1, 1, 1, 1, 1, 1, 1, 1, 1, 1, 1, 1, 1, 1, 1, 1, 1, 1, 1, 1, 1, 1, 1, 1, 1, 1, 1, 1, 1, 1]","[1, 1, 1, 1, 1, 1, 1, 1, 1, 1, 1, 1, 1, 1, 1, 1, 1, 1, 1, 1, 1]",23212.0,21375.0,240.0,0,0,1.0,4152.58,1.0859415204678362,53305.0,0.46679367274645617,0.3372811670434425,0.34778024117114625,D,115.0,0,55.0,0.0,1.0,0.0,247.0,8.0,0.0,0.0,0.0,2.0,0.0,1.0,50.0,0.0,1.0,1.0,1.0,1.0,22.0,0.0,1.0,0.0,18.0,22.0,99999.0,1.0,0.0,0.0,291954.0,0.0,999.0,0.0,1.0,0.0,2.0,2.0,0.0,0.0,1.0,0.040308154710334734,-0.14686547993800883,-0.023523712854035837,-0.14209565667603957,0.12681166561429538,-0.1660761708115241,-0.07034504579162959,-0.0195542954136434,0.043484354902003225,0.16894243532599906,0.06891243213546375,-0.06930372276885687,0.21762167078723413,0.013471361800327993,0.05777595718110798,0.05491722037638777,-0.01837301611295693,0.03224864732983013,-0.11793592802472794,-0.019784226182213507,-0.10968019034324779,-0.0922532562049396,-0.03021581483703515,-0.08639642557536051,-0.07330452249189978,0.025382347770824376,-0.09270778723875307,-0.02712013013461787,-0.019851908976871703,0.2987949245456811,0.06506737371538793,-0.056514357135833804,0.05009377283014747,-0.03943841709490631,-0.008677188536520008,0.015520686370377988,0.1773409988380098,-0.007887488201551105,0.22656232222654338,0.07859412786274209,0.0794212202023958,-0.015657428702411637,-0.10458946740048633,-0.018362687948835704,-0.14194679566893836
8434870,2024-12-01 22:44:55+00:00,1,"['trv01__tu', 'g095s__tu', 'in21s__tu', 'g232s__tu', 'ENG-wtd_avg']","['balmag01__tu', 'ENG-franchise', 'g407s__tu', 'ENG-loan_to_value', 'rev322__tu']","[1, 1, 1, 1, 1, 1, 1, 1, 1, 1, 1, 1, 1, 1, 1, 1, 1, 1, 1, 1, 1, 1, 1, 1, 1, 1, 1, 1, 1, 1, 1, 1, 1, 1, 1, 1, 1, 1, 1, 1, 1, 1, 1, 1, 1, 1, 1, 1, 1, 1, 1, 1, 1]",,,16700.0,,0,0,1.0,4100.0,1.2734844012832087,51013.0,0.31600393234252017,0.39004257415648635,0.34993076910079707,D,473.0,1,100.0,2.0,0.0,0.0,321.0,4.0,0.0,0.0,0.0,2.0,1.0,3.0,26.0,0.0,20.0,1.0,2.0,1.0,51.0,0.0,999.0,0.0,18.0,120.0,1092.0,1.0,8.0,0.0,291954.0,0.0,48.0,6.0,8.0,0.0,1.0,4.0,8.0,0.0,1.0,0.040308154710334734,0.2177365717902033,-0.023523712854035837,0.10794025034518957,-0.060300927094883106,0.09154098990252699,-0.07034504579162959,-0.11910610672405984,0.2051052489933988,0.16894243532599906,0.06891243213546375,-0.06930372276885687,0.21762167078723413,0.013471361800327993,0.05777595718110798,-0.12496553540883204,0.10874047098924666,0.03224864732983013,-0.11793592802472794,0.07473342567718344,-0.10968019034324779,-0.03087346191658939,-0.03021581483703515,0.15342943182276647,-0.07330452249189978,0.025382347770824376,0.33183641136280506,-0.02712013013461787,-0.019851908976871703,-0.04136613683987285,-0.050269119640593704,-0.056514357135833804,0.029134920956684608,-0.03943841709490631,-0.008677188536520008,0.015520686370377988,0.10596202742217121,0.12919669236557793,-0.09651061942270173,0.07859412786274209,0.0794212202023958,-0.015657428702411637,0.25194094475317025,-0.018362687948835704,-0.14194679566893836
8511228,2024-12-20 21:56:03+00:00,1,"['au20s__tu', 'fltgrossmonthly__income_sum', 'inquirybanking12month__ln', 'inquirynonshortterm12month__ln', 'g407s__tu']","['rp01s__tu', 'rtl_trd__tu', 'g095s__tu', 'trv01__tu', 'fi36s__tu']","[1, 1, 1, 1, 1, 1, 1, 1, 0, 0, 0, 0, 0, 0, 0, 0, 0, 0, 0, 0, 0, 0, 0, 0, 0, 0, 0, 0, 0, 0, 0, 0, 0, 0, 0, 0, 0, 0, 0, 0, 0, 0, 0, 0, 0, 0, 0]","[1, 1, 1, 1, 1, 1, 1, 0, 1, 1, 1, 1, 1, 1, 1, 1, 0, 0, 0, 1, 1, 1, 1, 1, 1, 0, 0]",12955.0,11325.0,500.0,0,1,0.6957671957671958,6250.0,1.1439293598233995,70288.0,0.45375333050956485,0.3501845945669622,0.3509980583090397,Decline,275.0,0,92.0,0.0,0.0,0.0,216.0,8.0,0.0,0.0,0.0,2.0,3.0,0.0,50.0,0.0,1.0,48.0,2.0,1.0,30.0,2.0,1.0,0.0,1.0,96.0,99999.0,4.0,4.0,0.0,21865.0,0.0,0.0,0.0,6.0,0.0,83.0,2.0,0.0,27.0,0.0,0.13197734800913727,0.2177365717902033,-0.04132723560415334,-0.14209565667603957,-0.002109078899541321,0.09154098990252699,-0.07034504579162959,0.04221351096772582,0.043484354902003225,0.16894243532599906,0.06891243213546375,-0.06930372276885687,0.010623758166246828,0.013471361800327993,0.05777595718110798,0.13159391579138138,-0.01837301611295693,0.03224864732983013,0.0628878217725071,-0.019784226182213507,-0.0019601420341259297,-0.03087346191658939,-0.03021581483703515,0.04990870277300484,-0.07330452249189978,-0.1622949085028706,-0.09270778723875307,-0.02712013013461787,-0.019851908976871703,-0.04136613683987285,0.06506737371538793,-0.056514357135833804,0.05009377283014747,-0.03943841709490631,-0.008677188536520008,0.015520686370377988,-0.09643796186055453,-0.007887488201551105,-0.017088484297844653,0.07859412786274209,-0.08150226837530647,-0.015657428702411637,-0.10458946740048633,0.037739856890154314,0.25986861206479284
8556879,2025-01-11 03:29:05+00:00,1,"['trv01__tu', 'ENG-bk', 'g095s__tu', 'ENG-wtd_avg', 'ENG-loan_to_value']","['g232s__tu', 'cv15__tu', 'inquirybanking12month__ln', 'ENG-franchise', 'g407s__tu']","[1, 0, 0, 0]","[1, 1, 1]",28429.0,27200.0,593.0,1,0,1.0,3700.0,1.0451838235294117,59571.0,0.47732573646741655,0.2596410016840132,0.3518566451967663,Decline,367.0,1,70.0,1.0,0.0,0.0,281.0,33.0,1.0,0.0,10693.0,8.0,1.0,4.0,13.0,0.0,1.0,70.0,4.0,1.0,4.0,0.0,24.0,0.0,18.0,100.0,312.0,5.0,14.0,0.0,2928.0,0.0,2.0,0.0,14.0,0.0,5.0,9.0,1.0,0.0,1.0,-0.027970179858952268,0.020443712167482336,-0.023523712854035837,-0.007719313883108272,0.12681166561429538,0.09154098990252699,-0.07034504579162959,-0.06943203585757203,-0.38056948270557656,-0.20255280703278697,0.06891243213546375,0.1885423072401762,0.21762167078723413,-0.3446164652968252,0.05777595718110798,-0.1698800097696574,0.10874047098924666,0.03224864732983013,-0.11793592802472794,-0.019784226182213507,0.16725028297757608,0.2460720631549191,-0.03021581483703515,-0.09030720766073672,0.3644461705690194,0.025382347770824376,0.33183641136280506,-0.02712013013461787,-0.019851908976871703,-0.04136613683987285,-0.050269119640593704,-0.056514357135833804,0.0033944331617501993,-0.03943841709490631,-0.008677188536520008,0.015520686370377988,-0.0684240555566314,-0.007887488201551105,-0.09651061942270173,0.07859412786274209,-0.04071155733815719,-0.015657428702411637,0.25194094475317025,-0.018362687948835704,-0.14194679566893836
8550279,2025-01-08 22:53:15+00:00,1,"['ENG-loan_to_value', 'au20s__tu', 'in34s__tu', 'jt20s__tu', 'fi25s__tu']","['inquiryshortterm12month__ln', 'rp01s__tu', 'inquirybanking12month__ln', 'g002s__tu', 'ENG-wtd_avg']","[1, 1, 1, 0, 0, 0, 0, 1, 0, 0, 1, 0, 0, 0, 1, 1, 1, 0, 0, 0, 1, 0, 0, 0, 0, 0, 0, 0, 0, 0, 0, 0, 0]",,27866.0,28100.0,,0,1,0.16755793226381463,5000.0,0.9916725978647687,79530.0,0.5839114126659276,0.27775640912627786,0.3582604807354488,Decline,305.0,0,143.0,0.0,2.0,0.0,233.0,11.0,1.0,0.0,0.0,3.0,0.0,2.0,55.0,0.0,1.0,143.0,2.0,1.0,6.0,1.0,1.0,0.0,3.0,9.0,202.0,5.0,4.0,1.0,42302.0,3.0,1.0,0.0,32.0,1.0,2.0,8.0,0.0,2.0,1.0,0.05862755356495931,0.5381266846763259,-0.1275519600589978,-0.14209565667603957,0.29484426505884404,-0.1660761708115241,-0.07034504579162959,-0.0195542954136434,-0.05599586626278019,-0.20255280703278697,0.06891243213546375,-0.06930372276885687,-0.15001322365700048,-0.12259399033321434,0.05777595718110798,-0.0962114720772341,-0.01837301611295693,0.03224864732983013,0.0628878217725071,-0.019784226182213507,0.5094610820757571,-0.03087346191658939,-0.03021581483703515,-0.09030720766073672,-0.07330452249189978,-0.1622949085028706,-0.09270778723875307,-0.02712013013461787,-0.019851908976871703,0.2987949245456811,-0.050269119640593704,-0.056514357135833804,0.05009377283014747,0.1897445569872553,-0.008677188536520008,-0.049256171180166765,-0.0684240555566314,-0.007887488201551105,-0.09651061942270173,-0.28347325196329687,0.0794212202023958,-0.015657428702411637,-0.10458946740048633,-0.018362687948835704,-0.14194679566893836
8565692,2025-01-15 02:21:27+00:00,0,"['balmag01__tu', 'in21s__tu', 'fi101s__tu', 'cv15__tu', 'inquirybanking12month__ln']","['g002s__tu', 'ENG-wtd_avg', 'ENG-franchise', 'rtl_trd__tu', 'fltgrossmonthly__income_sum']",,,,,,0,0,0.0,2500.0,1.2734844012832087,60518.520779948754,0.41621184628825075,0.39004257415648635,0.3586033172712143,Decline,272.0,0,66.0,0.0,1.0,0.0,113.0,7.0,0.0,0.0,0.0,1.0,0.0,1.0,100.0,0.0,0.0,66.0,2.0,1.0,66.0,0.0,1.0,0.0,2.0,536.0,237.0,93.0,2.0,0.0,0.0,0.0,4.0,0.0,2.0,0.0,2.0,3.0,0.0,3.0,0.0,-0.1091665809718578,0.020443712167482336,-0.04132723560415334,-0.14209565667603957,-0.060300927094883106,-0.1660761708115241,-0.07034504579162959,0.4398748289474107,0.043484354902003225,0.16894243532599906,0.06891243213546375,-0.06930372276885687,-0.15001322365700048,0.16826983464198522,0.05777595718110798,0.05491722037638777,-0.15797629343215172,0.03224864732983013,-0.11793592802472794,-0.019784226182213507,-0.0019601420341259297,-0.03087346191658939,-0.03021581483703515,0.2697498374100057,-0.07330452249189978,0.025382347770824376,-0.09270778723875307,-0.02712013013461787,-0.019851908976871703,-0.04136613683987285,-0.050269119640593704,0.1373276043208283,0.05009377283014747,-0.03943841709490631,0.1480974085261193,0.015520686370377988,-0.0684240555566314,-0.007887488201551105,0.1805634719208487,0.07859412786274209,0.0794212202023958,-0.015657428702411637,-0.10458946740048633,-0.018362687948835704,0.25986861206479284
8460660,2024-12-04 02:10:41+00:00,0,"['au20s__tu', 'g232s__tu', 'ENG-bk', 'g095s__tu', 'addrprevioustimenewest__ln']","['ENG-loan_to_value', 'inquiryshortterm12month__ln', 'balmag01__tu', 'ENG-wtd_avg', 'ENG-franchise']","[1, 1, 1, 1, 0, 0, 0, 0, 0, 0, 0, 0, 0, 0, 0, 0, 0, 0, 0, 0, 0, 0, 0, 0, 0, 0, 0, 0, 0]",,33075.0,18496.0,,1,0,0.022988505747126436,5000.0,1.788224480968858,58049.0,0.39063232056040814,0.4162304395202057,0.35916157129064424,Decline,285.0,0,133.0,0.0,0.0,0.0,327.0,2.0,0.0,0.0,125.0,0.0,3.0,0.0,83.0,6.0,0.0,133.0,5.0,1.0,4.0,0.0,5.0,0.0,18.0,100.0,99999.0,180.0,3.0,0.0,291954.0,0.0,2.0,0.0,6.0,1.0,2.0,17.0,5.0,0.0,0.0,0.05862755356495931,0.5381266846763259,-0.023523712854035837,-0.14209565667603957,-0.5365074731069304,0.09154098990252699,-0.07034504579162959,-0.11910610672405984,0.3569695839089846,0.16894243532599906,0.06891243213546375,0.10777261724792812,-0.15001322365700048,0.16826983464198522,0.05777595718110798,0.13159391579138138,-0.15797629343215172,-0.0396387847465165,-0.11793592802472794,-0.019784226182213507,0.5094610820757571,0.29414262121614615,-0.03021581483703515,-0.09030720766073672,0.3644461705690194,0.025382347770824376,0.10723235366853863,-0.02712013013461787,-0.019851908976871703,-0.04136613683987285,0.06506737371538793,0.3914185213487937,0.05009377283014747,-0.03943841709490631,-0.008677188536520008,0.015520686370377988,-0.0684240555566314,-0.007887488201551105,-0.017088484297844653,-0.28347325196329687,0.0794212202023958,-0.015657428702411637,0.25194094475317025,-0.018362687948835704,0.25986861206479284
8508721,2024-12-19 22:46:23+00:00,1,"['g095s__tu', 'ENG-loan_to_value', 'rtl_trd__tu', 'rev322__tu', 'fi36s__tu']","['cv15__tu', 'inquirybanking12month__ln', 'g002s__tu', 'balmag01__tu', 'ENG-wtd_avg']","[1, 1, 1, 1, 1, 1, 1, 1, 1, 1, 1, 0, 0, 0, 0, 0, 0, 0, 0, 0]",,24204.0,21460.0,,0,1,0.3142857142857143,4500.0,1.1278657968313142,64526.0,0.482540199373303,0.3372811670434425,0.3595120429234532,Decline,355.0,0,33.0,3.0,4.0,28.0,472.0,11.0,1.0,0.0,0.0,4.0,1.0,0.0,60.0,0.0,3.0,81.0,1.0,1.0,21.0,0.0,1.0,0.0,18.0,536.0,845.0,1.0,8.0,0.0,291954.0,0.0,61.0,9.0,4.0,0.0,4.0,1.0,49.0,0.0,1.0,0.05862755356495931,-0.18827349289073714,-0.04132723560415334,0.2004005232174445,0.12681166561429538,-0.1660761708115241,0.17776804417874942,-0.11910610672405984,-0.05599586626278019,-0.20255280703278697,0.06891243213546375,-0.06930372276885687,-0.15001322365700048,-0.20621158598810324,0.05777595718110798,0.13159391579138138,-0.04608437682097869,0.03224864732983013,0.0628878217725071,0.007908588638918862,0.16725028297757608,-0.0922532562049396,-0.03021581483703515,-0.08639642557536051,-0.07330452249189978,0.025382347770824376,-0.09270778723875307,-0.02712013013461787,-0.019851908976871703,-0.04136613683987285,-0.050269119640593704,-0.056514357135833804,0.029134920956684608,-0.03943841709490631,-0.008677188536520008,0.015520686370377988,0.1773409988380098,0.12919669236557793,0.0509809958782628,0.07859412786274209,-0.025593941117068985,-0.0016142148168469777,0.25194094475317025,-0.018362687948835704,-0.14194679566893836
8487389,2024-12-14 22:51:15+00:00,1,"['rtl_trd__tu', 'trv01__tu', 'ENG-bk', 'g095s__tu', 'rev322__tu']","['derogseverityindex__ln', 'addronfilecount__ln', 'inquiryshortterm12month__ln', 'inquirybanking12month__ln', 'balmag01__tu']",,,,,,1,1,0.0,4640.0,1.2734844012832087,60518.520779948754,0.5189626158745149,0.31672530923551634,0.363083651599113,Decline,277.0,0,1.0,6.0,0.0,200.0,370.0,10.0,1.0,0.0,267.0,1.0,5.0,1.0,62.0,6.0,3.0,1.0,1.0,0.0,4.0,0.0,999.0,781.0,18.0,83.0,656.0,1.0,40.0,0.0,981.0,0.0,999.0,0.0,7.0,1.0,83.0,18.0,16.0,0.0,1.0,0.05862755356495931,-0.18827349289073714,-0.04132723560415334,0.4863873741462653,-0.060300927094883106,0.09154098990252699,0.17776804417874942,-0.11910610672405984,0.043484354902003225,-0.20255280703278697,0.06891243213546375,0.10777261724792812,-0.15001322365700048,0.16826983464198522,-0.49163307727602673,0.05491722037638777,-0.04608437682097869,-0.0396387847465165,0.0628878217725071,0.007908588638918862,-0.10968019034324779,-0.0922532562049396,-0.03021581483703515,-0.09030720766073672,0.3644461705690194,0.025382347770824376,0.33183641136280506,0.09990807864792559,-0.019851908976871703,-0.04136613683987285,-0.050269119640593704,-0.056514357135833804,-0.34830650638427946,-0.03943841709490631,-0.008677188536520008,0.015520686370377988,0.1773409988380098,-0.007887488201551105,-0.09651061942270173,-0.28347325196329687,-0.08150226837530647,-0.015657428702411637,0.25194094475317025,-0.018362687948835704,-0.14194679566893836
8461971,2024-12-04 08:04:22+00:00,1,"['au20s__tu', 'ENG-loan_to_value', 'jt20s__tu', 'inquirybanking12month__ln', 'fi36s__tu']","['inquiryshortterm12month__ln', 'cv15__tu', 'g232s__tu', 'g002s__tu', 'rtl_trd__tu']","[1, 1, 1, 1, 1]","[0, 1, 1, 1, 1, 0, 0, 0, 1, 0, 0]",45211.0,40775.0,587.0,0,1,0.3484848484848485,0.0,1.1087921520539545,41034.0,0.4883496156678026,0.3372811670434425,0.3638402939643837,Decline,241.0,0,108.0,0.0,7.0,0.0,280.0,17.0,0.0,0.0,10930.0,4.0,0.0,4.0,38.0,6.0,1.0,108.0,5.0,2.0,1.0,0.0,4.0,99.0,18.0,73.0,118.0,11.0,11.0,0.0,291954.0,0.0,999.0,0.0,14.0,1.0,4.0,5.0,0.0,0.0,0.0,-0.1091665809718578,0.3655886981676968,0.037311957071715245,-0.14209565667603957,0.12681166561429538,-0.1660761708115241,-0.07034504579162959,-0.06943203585757203,-0.15507978464835534,0.16894243532599906,0.06891243213546375,0.1885423072401762,-0.06524181341490069,-0.20621158598810324,0.05777595718110798,-0.1698800097696574,0.10001349160327515,-0.0396387847465165,0.0628878217725071,-0.019784226182213507,0.38284509462663713,0.29414262121614615,0.12508668317741883,-0.09030720766073672,-0.07330452249189978,0.025382347770824376,0.10723235366853863,0.09990807864792559,-0.019851908976871703,0.16574715799894735,-0.050269119640593704,-0.056514357135833804,0.0033944331617501993,-0.03943841709490631,-0.008677188536520008,0.015520686370377988,0.1773409988380098,-0.007887488201551105,-0.09651061942270173,-0.28347325196329687,-0.025593941117068985,-0.015657428702411637,-0.10458946740048633,-0.018362687948835704,0.25986861206479284
8576527,2025-01-18 22:01:21+00:00,1,"['g232s__tu', 'g251c__tu', 'cv15__tu', 'inquirybanking12month__ln', 'linka006__tu']","['balmag01__tu', 'ENG-wtd_avg', 'au20s__tu', 'rtl_trd__tu', 'in21s__tu']",,,,,,0,1,0.0,3900.0,1.2734844012832087,60518.520779948754,0.42688788564774954,0.39004257415648635,0.3678016694175463,Decline,60.0,0,1.0,0.0,0.0,0.0,356.0,3.0,0.0,0.0,428.0,1.0,0.0,0.0,0.0,0.0,1.0,1.0,6.0,1.0,0.0,0.0,3.0,386.0,18.0,536.0,446.0,20.0,2.0,0.0,291954.0,1.0,0.0,0.0,2.0,0.0,2.0,0.0,0.0,0.0,0.0,-0.027970179858952268,-0.18827349289073714,-0.04132723560415334,-0.14209565667603957,-0.060300927094883106,0.09154098990252699,-0.07034504579162959,-0.11910610672405984,0.29009271071754617,0.16894243532599906,0.06891243213546375,0.10777261724792812,-0.15001322365700048,0.16826983464198522,0.05777595718110798,0.13159391579138138,0.10874047098924666,0.03224864732983013,0.0628878217725071,-0.019784226182213507,-0.10968019034324779,0.29414262121614615,-0.03021581483703515,-0.09030720766073672,-0.07330452249189978,0.025382347770824376,-0.09270778723875307,0.09990807864792559,-0.019851908976871703,-0.04136613683987285,-0.050269119640593704,-0.056514357135833804,0.05009377283014747,-0.03943841709490631,-0.008677188536520008,-0.049256171180166765,-0.09643796186055453,-0.007887488201551105,0.1805634719208487,0.07859412786274209,0.0794212202023958,0.08850290045664871,-0.10458946740048633,-0.018362687948835704,0.25986861206479284
8580339,2025-01-20 23:01:05+00:00,1,"['rtl_trd__tu', 'ENG-loan_to_value', 'miles_odometer__app', 'ENG-wtd_avg', 'fltgrossmonthly__income_sum']","['inquiryshortterm12month__ln', 'linkt003__tu', 'g232s__tu', 'inquirybanking12month__ln', 'g002s__tu']","[1, 1, 1, 1, 1, 1, 1, 1, 1, 1, 1, 1, 1, 1, 1]","[1, 1, 1, 1, 1, 1, 1, 1, 1, 1, 1, 1, 1, 1, 1, 1, 1, 1, 1, 1, 1]",28876.0,31203.0,602.0,0,1,1.0,6039.59,0.9254238374515271,5.0,0.46939607080387324,0.27775640912627786,0.3701529109741712,Decline,395.0,1,83.0,6.0,5.0,0.0,236.0,24.0,1.0,1.0,8678.0,2.0,0.0,6.0,32.0,0.0,1.0,1.0,4.0,1.0,7.0,0.0,1.0,0.0,18.0,81.0,1033.0,1.0,9.0,1.0,27518.0,1.0,1.0,2.0,17.0,1.0,1.0,5.0,0.0,0.0,1.0,0.13197734800913727,0.020443712167482336,0.34054786660712466,0.4863873741462653,0.29484426505884404,-0.1660761708115241,-0.07034504579162959,-0.0195542954136434,-0.1780787762041326,-0.20255280703278697,-0.1824628326067655,0.1885423072401762,0.21762167078723413,0.013471361800327993,0.05777595718110798,-0.1698800097696574,0.10874047098924666,0.03224864732983013,0.0628878217725071,-0.019784226182213507,-0.10968019034324779,0.2460720631549191,-0.03021581483703515,-0.09030720766073672,-0.07330452249189978,0.025382347770824376,-0.09270778723875307,-0.02712013013461787,-0.019851908976871703,-0.04136613683987285,-0.050269119640593704,-0.056514357135833804,0.0033944331617501993,0.1897445569872553,-0.008677188536520008,-0.049256171180166765,-0.0684240555566314,-0.007887488201551105,-0.09651061942270173,-0.28347325196329687,0.0794212202023958,-0.015657428702411637,-0.10458946740048633,-0.018362687948835704,-0.14194679566893836
8439157,2024-12-03 06:22:25+00:00,1,"['ENG-loan_to_value', 'fltgrossmonthly__income_sum', 'miles_odometer__app', 'g232s__tu', 'inquirybanking12month__ln']","['inquiryshortterm12month__ln', 'linkt003__tu', 'g002s__tu', 'balmag01__tu', 'ENG-wtd_avg']",,,23492.0,25000.0,,0,1,0.0,7500.0,0.93968,12.0,0.4758482598785556,0.27775640912627786,0.375240930914473,Decline,110.0,1,1.0,0.0,3.0,16.0,495.0,5.0,0.0,1.0,0.0,2.0,0.0,1.0,67.0,6.0,3.0,1.0,3.0,2.0,7.0,0.0,1.0,444.0,1.0,536.0,99999.0,44.0,6.0,0.0,867.0,0.0,2.0,0.0,6.0,1.0,83.0,5.0,0.0,5.0,0.0,0.30369082926416546,-0.18827349289073714,0.34054786660712466,-0.14209565667603957,0.29484426505884404,-0.1660761708115241,-0.07034504579162959,-0.11910610672405984,0.14733527822414866,0.16894243532599906,-0.1824628326067655,-0.06930372276885687,-0.15001322365700048,0.013471361800327993,0.05777595718110798,0.05491722037638777,-0.04608437682097869,-0.0396387847465165,0.0628878217725071,0.007908588638918862,-0.10968019034324779,0.17204724541497285,0.12508668317741883,-0.09030720766073672,-0.07330452249189978,0.025382347770824376,-0.09270778723875307,0.09990807864792559,-0.019851908976871703,-0.04136613683987285,0.06506737371538793,0.041061794483372764,0.05009377283014747,-0.03943841709490631,-0.008677188536520008,0.015520686370377988,-0.0684240555566314,-0.007887488201551105,-0.017088484297844653,-0.28347325196329687,-0.08150226837530647,-0.015657428702411637,-0.10458946740048633,-0.018362687948835704,0.25986861206479284
8476497,2024-12-12 02:44:08+00:00,1,"['miles_odometer__app', 'ENG-loan_to_value', 'inquirybanking12month__ln', 'g232s__tu', 'linka006__tu']","['inquiryshortterm12month__ln', 'g002s__tu', 'balmag01__tu', 'ENG-wtd_avg', 'au20s__tu']",,,22402.0,19948.0,,0,1,0.0,4376.67,1.123019851614197,17512.0,0.509382150118258,0.3372811670434425,0.3795103861928894,Decline,75.0,0,1.0,0.0,3.0,0.0,374.0,6.0,0.0,0.0,0.0,2.0,0.0,0.0,17.0,0.0,14.0,1.0,3.0,1.0,2.0,0.0,1.0,0.0,3.0,103.0,99999.0,1.0,1.0,0.0,291954.0,0.0,0.0,0.0,2.0,1.0,2.0,6.0,0.0,7.0,1.0,0.05862755356495931,-0.18827349289073714,0.34054786660712466,-0.14209565667603957,0.12681166561429538,-0.1660761708115241,-0.07034504579162959,-0.11910610672405984,0.1363642225800611,0.16894243532599906,0.06891243213546375,-0.06930372276885687,-0.15001322365700048,0.013471361800327993,0.05777595718110798,0.13159391579138138,0.10874047098924666,0.03224864732983013,0.0628878217725071,0.07473342567718344,-0.10968019034324779,0.17204724541497285,-0.03021581483703515,-0.09030720766073672,-0.07330452249189978,0.025382347770824376,-0.09270778723875307,-0.02712013013461787,-0.019851908976871703,-0.04136613683987285,0.06506737371538793,-0.056514357135833804,0.05009377283014747,-0.03943841709490631,-0.008677188536520008,0.015520686370377988,-0.09643796186055453,-0.007887488201551105,0.1805634719208487,-0.28347325196329687,0.0794212202023958,-0.015657428702411637,-0.10458946740048633,-0.018362687948835704,-0.14194679566893836
8530741,2024-12-31 00:51:21+00:00,1,"['g232s__tu', 'g251c__tu', 'ENG-loan_to_value', 's068b__tu', 'cv15__tu']","['rp01s__tu', 'g002s__tu', 'balmag01__tu', 'ENG-wtd_avg', 'ENG-franchise']",,,23517.0,21575.0,,0,0,0.0,4070.0,1.0900115874855156,64949.0,0.5111132829855034,0.3372811670434425,0.3808001504746707,Decline,197.0,0,1.0,0.0,33.0,0.0,600.0,2.0,0.0,0.0,0.0,1.0,0.0,0.0,100.0,0.0,0.0,1.0,2.0,1.0,0.0,4.0,1.0,0.0,0.0,536.0,99999.0,1.0,2.0,0.0,291954.0,2.0,0.0,0.0,2.0,0.0,1.0,0.0,0.0,0.0,0.0,-0.027970179858952268,-0.18827349289073714,-0.04132723560415334,-0.14209565667603957,0.12681166561429538,-0.1660761708115241,-0.07034504579162959,-0.11910610672405984,0.3569695839089846,0.16894243532599906,0.06891243213546375,-0.06930372276885687,-0.15001322365700048,0.16826983464198522,0.05777595718110798,0.13159391579138138,-0.15797629343215172,0.03224864732983013,-0.11793592802472794,-0.019784226182213507,-0.10968019034324779,-0.03087346191658939,-0.03021581483703515,-0.09030720766073672,-0.07330452249189978,-0.1622949085028706,-0.09270778723875307,-0.02712013013461787,0.1248545407672109,-0.04136613683987285,0.06506737371538793,-0.056514357135833804,0.05009377283014747,-0.03943841709490631,-0.008677188536520008,-0.049256171180166765,-0.09643796186055453,-0.007887488201551105,0.1805634719208487,0.07859412786274209,0.0794212202023958,0.08850290045664871,-0.10458946740048633,-0.018362687948835704,0.25986861206479284
8508671,2024-12-19 22:27:18+00:00,1,"['ENG-loan_to_value', 'miles_odometer__app', 'rev322__tu', 'ENG-wtd_avg', 'au20s__tu']","['derogseverityindex__ln', 'addronfilecount__ln', 'inquiryshortterm12month__ln', 'rp01s__tu', 'inquirybanking12month__ln']","[1, 1, 1, 1, 1, 1, 1, 1, 0, 1, 1, 1, 1, 1, 1, 1, 1, 1, 1, 1, 1, 1, 0, 1, 1, 1, 1]",,15705.0,19149.0,,0,1,0.9153439153439153,5500.0,0.8201472661757794,22.0,0.49610297477082255,0.27775640912627786,0.39121324543658814,Decline,326.0,1,97.0,2.0,3.0,27199.0,336.0,16.0,1.0,0.0,0.0,1.0,5.0,3.0,45.0,6.0,4.0,1.0,1.0,0.0,38.0,1.0,1.0,26274.0,6.0,113.0,99999.0,1.0,40.0,0.0,19776.0,1.0,1.0,1.0,12.0,1.0,83.0,14.0,0.0,6.0,1.0,0.13197734800913727,0.2177365717902033,0.34054786660712466,0.10794025034518957,0.7217349611530631,-0.1660761708115241,0.3264994580051225,-0.11910610672405984,-0.15507978464835534,-0.20255280703278697,0.06891243213546375,-0.06930372276885687,0.21762167078723413,0.16826983464198522,-0.49163307727602673,-0.12496553540883204,0.10001349160327515,-0.0396387847465165,0.0628878217725071,0.07473342567718344,-0.10968019034324779,-0.0922532562049396,-0.03021581483703515,0.04990870277300484,-0.07330452249189978,-0.1622949085028706,-0.09270778723875307,0.09990807864792559,-0.019851908976871703,-0.04136613683987285,0.06506737371538793,-0.056514357135833804,-0.34830650638427946,-0.03943841709490631,-0.008677188536520008,-0.049256171180166765,-0.0684240555566314,-0.007887488201551105,-0.09651061942270173,-0.28347325196329687,-0.08150226837530647,-0.015657428702411637,-0.10458946740048633,-0.018362687948835704,-0.14194679566893836
8534031,2025-01-03 04:22:24+00:00,0,"['rtl_trd__tu', 'g232s__tu', 'balmag01__tu', 'rev322__tu', 'in21s__tu']","['cv15__tu', 'linkt003__tu', 'g002s__tu', 'ENG-wtd_avg', 'ENG-franchise']",,"[1, 1, 1, 1, 1, 1, 0, 0, 1, 1, 1, 1, 1, 1, 1, 1, 1, 0, 0, 0, 0, 0, 0, 0, 0, 1, 0, 0, 0, 0, 0, 0, 0, 1, 0, 0, 0, 0, 0]",20282.0,13975.0,784.0,0,0,0.25384615384615383,4529.95,1.4513059033989266,73351.0,0.4574434307213768,0.39004257415648635,0.39412797397170424,Decline,460.0,0,44.0,12.0,4.0,24.0,200.0,0.0,0.0,1.0,0.0,35.0,3.0,24.0,33.0,0.0,22.0,44.0,6.0,1.0,44.0,0.0,1.0,36.0,9.0,132.0,99999.0,6.0,7.0,0.0,29566.0,1.0,1.0,0.0,10.0,0.0,83.0,19.0,0.0,4.0,0.0,0.05862755356495931,-0.15927927253764146,-0.04132723560415334,0.4863873741462653,-0.060300927094883106,-0.1660761708115241,0.17776804417874942,0.17363223309014522,0.3569695839089846,0.16894243532599906,-0.1824628326067655,-0.06930372276885687,-0.15001322365700048,-0.3446164652968252,0.05777595718110798,-0.1698800097696574,0.10001349160327515,0.03224864732983013,-0.11793592802472794,0.07473342567718344,-0.0019601420341259297,0.29414262121614615,-0.03021581483703515,0.10689258131274595,-0.07330452249189978,0.025382347770824376,-0.09270778723875307,-0.0014416545835477044,-0.019851908976871703,-0.04136613683987285,0.06506737371538793,-0.056514357135833804,0.029134920956684608,-0.03943841709490631,-0.008677188536520008,-0.049256171180166765,-0.0684240555566314,-0.007887488201551105,-0.09651061942270173,0.07859412786274209,-0.08150226837530647,-0.015657428702411637,-0.10458946740048633,-0.018362687948835704,0.25986861206479284
8555849,2025-01-11 00:03:21+00:00,1,"['s209a__tu', 'inquirybanking12month__ln', 'ENG-wtd_avg', 'inquirynonshortterm12month__ln', 'rtl_trd__tu']","['inquiryshortterm12month__ln', 'cv15__tu', 'balmag01__tu', 'au20s__tu', 'miles_odometer__app']",,"[1, 1, 1, 1, 1, 1, 1, 1, 1, 1, 1, 0, 1, 1, 1, 1, 1, 0, 1, 1]",28007.0,24325.0,405.0,0,1,0.8571428571428571,5000.0,1.1513669064748202,100508.0,0.5098559163215743,0.3501845945669622,0.3943958635968105,Decline,412.0,0,23.0,2.0,0.0,0.0,387.0,14.0,0.0,0.0,345.0,4.0,0.0,1.0,44.0,0.0,4.0,1.0,7.0,1.0,23.0,0.0,2.0,0.0,2.0,89.0,898.0,5.0,9.0,1.0,13666.0,0.0,5.0,1.0,13.0,1.0,3.0,1.0,0.0,38.0,0.0,0.05862755356495931,-0.18827349289073714,-0.1275519600589978,0.10794025034518957,-0.002109078899541321,0.09154098990252699,-0.07034504579162959,-0.11910610672405984,-0.12919791320011853,0.16894243532599906,0.06891243213546375,0.10777261724792812,0.14032874394710926,-0.20621158598810324,0.05777595718110798,0.05491722037638777,0.10001349160327515,0.03224864732983013,0.0628878217725071,0.07473342567718344,-0.10968019034324779,0.29414262121614615,-0.03021581483703515,-0.08639642557536051,-0.07330452249189978,0.025382347770824376,-0.09270778723875307,-0.02712013013461787,-0.019851908976871703,-0.04136613683987285,-0.050269119640593704,-0.056514357135833804,0.0033944331617501993,0.1897445569872553,-0.008677188536520008,0.015520686370377988,-0.0684240555566314,-0.007887488201551105,-0.09651061942270173,-0.28347325196329687,0.07637038800224982,-0.0016142148168469777,-0.10458946740048633,0.12016521996775872,0.25986861206479284
8502538,2024-12-17 05:29:10+00:00,1,"['s209a__tu', 'rev322__tu', 'cv15__tu', 'fi36s__tu', 'ENG-wtd_avg']","['rp01s__tu', 'linkt003__tu', 'inquirybanking12month__ln', 'ENG-franchise', 'miles_odometer__app']","[1, 1, 1, 1, 1, 1, 1, 1]","[1, 1, 1, 0, 0, 0, 0, 0, 0, 0, 0, 0, 0, 0, 1, 1, 1, 1, 1, 1, 1, 1, 1, 1, 1, 1, 1, 1, 1, 1, 1, 1, 1]",21329.4,15157.0,418.0,0,0,0.8235294117647058,4333.33,1.407230982384377,87574.0,0.4579903150615759,0.39004257415648635,0.39459916319975724,Decline,402.0,0,71.0,1.0,0.0,97.0,288.0,9.0,1.0,1.0,617.0,1.0,0.0,2.0,20.0,0.0,7.0,1.0,2.0,1.0,34.0,1.0,1.0,31.0,1.0,73.0,99999.0,36.0,3.0,1.0,14147.0,0.0,60.0,0.0,8.0,0.0,3.0,1.0,0.0,59.0,1.0,0.040308154710334734,0.020443712167482336,-0.1275519600589978,-0.007719313883108272,-0.060300927094883106,0.09154098990252699,0.17776804417874942,-0.06943203585757203,0.043484354902003225,-0.20255280703278697,-0.1824628326067655,0.10777261724792812,0.14032874394710926,0.16826983464198522,0.05777595718110798,-0.0962114720772341,0.10874047098924666,0.03224864732983013,-0.11793592802472794,0.07473342567718344,-0.10968019034324779,-0.03087346191658939,-0.03021581483703515,0.04990870277300484,-0.07330452249189978,-0.1622949085028706,-0.09270778723875307,-0.0014416545835477044,-0.019851908976871703,0.16574715799894735,0.06506737371538793,0.041061794483372764,0.05009377283014747,0.1897445569872553,-0.008677188536520008,0.015520686370377988,0.1773409988380098,-0.007887488201551105,-0.09651061942270173,0.07859412786274209,0.07637038800224982,-0.0016142148168469777,-0.10458946740048633,0.12016521996775872,-0.14194679566893836
8543422,2025-01-05 03:39:33+00:00,0,"['g251c__tu', 'ENG-wtd_avg', 'trv01__tu', 'cv13__tu', 'g002s__tu']","['inquirybanking12month__ln', 'ENG-franchise', 'rtl_trd__tu', 'miles_odometer__app', 'fltgrossmonthly__income_sum']","[1, 1, 1, 1, 1, 1, 1, 1, 1, 1, 1, 1, 0, 0, 0, 1, 1, 0, 0, 0, 0]","[1, 1, 1, 1]",29900.0,26300.0,547.0,0,0,1.0,0.0,1.1368821292775666,78997.0,0.5322690781559064,0.3372811670434425,0.39656207694475476,Decline,123.0,0,78.0,0.0,0.0,0.0,269.0,11.0,1.0,0.0,117.0,3.0,3.0,1.0,25.0,6.0,0.0,78.0,1.0,1.0,5.0,0.0,5.0,0.0,18.0,96.0,0.0,1.0,3.0,0.0,17609.0,9.0,57.0,0.0,162.0,0.0,3.0,0.0,0.0,0.0,1.0,-0.1091665809718578,0.020443712167482336,-0.1275519600589978,-0.14209565667603957,-0.002109078899541321,0.09154098990252699,-0.07034504579162959,-0.0195542954136434,-0.05599586626278019,-0.20255280703278697,0.06891243213546375,0.10777261724792812,0.21762167078723413,-0.12259399033321434,0.05777595718110798,0.05491722037638777,0.10874047098924666,-0.0396387847465165,-0.11793592802472794,-0.019784226182213507,0.16725028297757608,-0.0922532562049396,-0.03021581483703515,-0.09030720766073672,-0.07330452249189978,0.025382347770824376,0.10723235366853863,-0.02712013013461787,-0.019851908976871703,-0.04136613683987285,-0.050269119640593704,-0.056514357135833804,0.05009377283014747,-0.03943841709490631,-0.008677188536520008,-0.049256171180166765,0.10596202742217121,-0.007887488201551105,-0.09651061942270173,0.07859412786274209,0.07637038800224982,0.08850290045664871,-0.10458946740048633,-0.018362687948835704,-0.14194679566893836
8439565,2024-12-03 08:33:53+00:00,1,"['fltgrossmonthly__income_sum', 'miles_odometer__app', 'trv01__tu', 'g251c__tu', 'ENG-wtd_avg']","['derogseverityindex__ln', 'addronfilecount__ln', 'inquiryshortterm12month__ln', 'linkt003__tu', 'inquirybanking12month__ln']",,[1],32157.0,29133.0,177.0,0,1,1.0,6922.0,1.1037998146431882,15450.0,0.5347463877646041,0.3372811670434425,0.39840777319873216,Decline,5.0,0,3.0,0.0,0.0,190.0,275.0,13.0,1.0,1.0,177.0,2.0,5.0,1.0,0.0,6.0,0.0,1.0,1.0,0.0,3.0,0.0,999.0,190.0,18.0,96.0,99999.0,1.0,40.0,0.0,291954.0,0.0,0.0,0.0,2.0,1.0,83.0,0.0,0.0,0.0,1.0,0.30369082926416546,-0.18827349289073714,0.34054786660712466,-0.14209565667603957,0.12681166561429538,0.09154098990252699,0.17776804417874942,-0.06943203585757203,-0.12919791320011853,-0.20255280703278697,-0.1824628326067655,0.10777261724792812,0.21762167078723413,0.013471361800327993,-0.49163307727602673,0.05491722037638777,0.10874047098924666,-0.0396387847465165,0.0628878217725071,-0.019784226182213507,-0.10968019034324779,-0.0922532562049396,-0.03021581483703515,-0.09030720766073672,-0.07330452249189978,0.025382347770824376,0.33183641136280506,0.09990807864792559,-0.019851908976871703,-0.04136613683987285,0.06506737371538793,-0.056514357135833804,-0.34830650638427946,-0.03943841709490631,-0.008677188536520008,0.015520686370377988,-0.09643796186055453,-0.007887488201551105,0.1805634719208487,-0.28347325196329687,-0.08150226837530647,0.08850290045664871,-0.10458946740048633,-0.018362687948835704,-0.14194679566893836
8516338,2025-01-04 03:06:20+00:00,1,"['trv01__tu', 'rev322__tu', 'g251c__tu', 'g232s__tu', 'cv15__tu']","['ENG-wtd_avg', 'ENG-franchise', 'au20s__tu', 'rtl_trd__tu', 'in21s__tu']",,,17832.97,14861.0,,0,0,0.0,3900.0,1.199984523248772,74002.0,0.4112981156987739,0.3501845945669622,0.4089134416108703,Decline,12.0,1,1.0,0.0,0.0,223.0,277.0,4.0,0.0,0.0,252.0,1.0,0.0,2.0,0.0,6.0,0.0,1.0,1.0,1.0,0.0,0.0,999.0,500.0,18.0,536.0,0.0,1.0,0.0,0.0,291954.0,9.0,0.0,0.0,162.0,0.0,5.0,0.0,0.0,0.0,0.0,-0.027970179858952268,-0.18827349289073714,-0.04132723560415334,-0.14209565667603957,-0.002109078899541321,0.09154098990252699,0.3264994580051225,-0.06943203585757203,0.2051052489933988,0.16894243532599906,0.06891243213546375,0.10777261724792812,-0.15001322365700048,0.16826983464198522,0.05777595718110798,-0.0962114720772341,0.10874047098924666,-0.0396387847465165,-0.11793592802472794,-0.019784226182213507,-0.10968019034324779,-0.0922532562049396,-0.03021581483703515,-0.09030720766073672,-0.07330452249189978,0.025382347770824376,0.33183641136280506,0.09990807864792559,-0.019851908976871703,-0.04136613683987285,-0.050269119640593704,-0.056514357135833804,0.05009377283014747,-0.03943841709490631,-0.008677188536520008,-0.049256171180166765,-0.09643796186055453,-0.007887488201551105,-0.09651061942270173,0.07859412786274209,-0.04071155733815719,0.08850290045664871,-0.10458946740048633,-0.018362687948835704,0.25986861206479284
8579406,2025-01-19 06:53:27+00:00,1,"['ENG-loan_to_value', 'cv15__tu', 'in21s__tu', 'linkf098__tu', 'at24s__tu']","['rp01s__tu', 'inquirybanking12month__ln', 'g002s__tu', 'ENG-franchise', 'rtl_trd__tu']","[1, 1, 1, 1, 1, 1, 1, 1, 1, 1, 1, 1, 1, 1, 1, 1, 1, 1, 1, 1, 1, 1, 1, 1, 1, 1, 0, 1, 0, 1, 0, 1, 1, 0, 1, 1, 0, 0, 0]",,7633.0,9200.0,,0,0,0.6987179487179487,3910.0,0.8296739130434783,91135.0,0.5193129425954915,0.27775640912627786,0.40951599164237756,Decline,272.0,1,72.0,0.0,1.0,0.0,282.0,14.0,1.0,0.0,0.0,1.0,3.0,6.0,38.0,4.0,4.0,15.0,2.0,1.0,40.0,1.0,1.0,0.0,4.0,145.0,234.0,1.0,5.0,0.0,26032.0,1.0,1.0,3.0,25.0,0.0,2.0,2.0,0.0,13.0,1.0,-0.027970179858952268,0.020443712167482336,-0.1275519600589978,-0.14209565667603957,0.7217349611530631,-0.1660761708115241,-0.07034504579162959,-0.06943203585757203,-0.12919791320011853,-0.20255280703278697,0.06891243213546375,-0.06930372276885687,0.010623758166246828,0.16826983464198522,0.05777595718110798,-0.1698800097696574,0.10001349160327515,-0.0396387847465165,-0.11793592802472794,0.07473342567718344,-0.10968019034324779,-0.03087346191658939,-0.03021581483703515,0.10689258131274595,-0.07330452249189978,-0.1622949085028706,-0.09270778723875307,-0.02712013013461787,-0.019851908976871703,-0.04136613683987285,-0.050269119640593704,-0.056514357135833804,0.05009377283014747,-0.03943841709490631,-0.008677188536520008,-0.049256171180166765,-0.0684240555566314,0.12919669236557793,-0.09651061942270173,0.07859412786274209,0.0794212202023958,-0.015657428702411637,-0.10458946740048633,-0.018362687948835704,-0.14194679566893836
8544557,2025-01-06 01:26:43+00:00,1,"['g251c__tu', 's209a__tu', 'ENG-loan_to_value', 'inquirybanking12month__ln', 'miles_odometer__app']","['g232s__tu', 'balmag01__tu', 'ENG-wtd_avg', 'ENG-franchise', 'au20s__tu']",,,28709.0,26175.0,,0,0,0.0,4430.0,1.0968099331423113,25837.0,0.5511306805642653,0.3372811670434425,0.4106147366473988,Decline,191.0,0,1.0,0.0,0.0,0.0,316.0,20.0,0.0,0.0,676.0,3.0,0.0,6.0,100.0,0.0,1.0,1.0,6.0,1.0,0.0,0.0,1.0,0.0,1.0,536.0,99999.0,1.0,2.0,0.0,291954.0,0.0,0.0,0.0,16.0,0.0,83.0,0.0,0.0,46.0,1.0,0.05862755356495931,-0.18827349289073714,0.13699271006921837,-0.14209565667603957,0.12681166561429538,0.09154098990252699,-0.07034504579162959,-0.11910610672405984,-0.15507978464835534,0.16894243532599906,0.06891243213546375,0.10777261724792812,-0.15001322365700048,-0.12259399033321434,0.05777595718110798,-0.1698800097696574,-0.15797629343215172,0.03224864732983013,-0.11793592802472794,-0.019784226182213507,-0.10968019034324779,0.29414262121614615,-0.03021581483703515,-0.09030720766073672,-0.07330452249189978,0.025382347770824376,-0.09270778723875307,-0.02712013013461787,-0.019851908976871703,-0.04136613683987285,0.06506737371538793,-0.056514357135833804,0.05009377283014747,-0.03943841709490631,-0.008677188536520008,0.015520686370377988,-0.09643796186055453,-0.007887488201551105,-0.09651061942270173,0.07859412786274209,-0.08150226837530647,0.08850290045664871,-0.10458946740048633,0.12016521996775872,-0.14194679566893836
8483053,2024-12-17 04:26:42+00:00,1,"['au20s__tu', 'fltgrossmonthly__income_sum', 'addrprevioustimenewest__ln', 'inquirybanking12month__ln', 'inquirynonshortterm12month__ln']","['cv15__tu', 'inquiryshortterm12month__ln', 'rp01s__tu', 'g232s__tu', 'balmag01__tu']","[1, 1, 1, 1, 1, 0, 1, 0, 1, 1, 0, 0, 0, 0, 0, 0, 0, 0, 0, 0, 0, 0, 0, 0, 0]",,28488.37,23128.0,,0,1,0.12615384615384614,7712.02,1.2317697163611208,48766.0,0.5319825401093177,0.3501845945669622,0.411511775402264,Decline,304.0,0,135.0,0.0,0.0,0.0,308.0,17.0,0.0,0.0,0.0,9.0,0.0,1.0,42.0,6.0,0.0,1.0,2.0,1.0,27.0,3.0,1.0,0.0,4.0,536.0,99999.0,147.0,3.0,0.0,25745.0,2.0,1.0,0.0,20.0,1.0,83.0,7.0,0.0,19.0,0.0,0.30369082926416546,0.5381266846763259,0.037311957071715245,-0.14209565667603957,-0.002109078899541321,0.09154098990252699,-0.07034504579162959,-0.11910610672405984,-0.15507978464835534,0.16894243532599906,0.06891243213546375,-0.06930372276885687,-0.15001322365700048,-0.3446164652968252,0.05777595718110798,0.05491722037638777,0.10001349160327515,-0.0396387847465165,0.0628878217725071,-0.019784226182213507,-0.10968019034324779,-0.03087346191658939,-0.03021581483703515,0.04990870277300484,-0.07330452249189978,-0.1622949085028706,-0.09270778723875307,-0.02712013013461787,-0.019851908976871703,-0.04136613683987285,0.06506737371538793,0.3914185213487937,0.05009377283014747,-0.03943841709490631,-0.008677188536520008,-0.049256171180166765,-0.0684240555566314,-0.007887488201551105,-0.09651061942270173,-0.28347325196329687,-0.08150226837530647,-0.015657428702411637,-0.10458946740048633,0.002489027625756258,0.25986861206479284
8437003,2024-12-02 21:44:33+00:00,1,"['g095s__tu', 'balmag01__tu', 'au20s__tu', 'g232s__tu', 'in34s__tu']","['inquiryshortterm12month__ln', 'inquirybanking12month__ln', 'ENG-franchise', 'rtl_trd__tu', 'miles_odometer__app']","[1, 1, 1, 1, 1, 1, 1, 1, 1, 1, 1, 1, 1, 1, 1, 1, 1, 1, 1, 1, 1, 1, 1, 1, 1, 1, 1, 1, 1, 0, 0, 0, 0, 0, 0, 0, 0, 0]",,20070.0,16725.0,,0,0,0.5870445344129555,3941.0,1.2,94237.0,0.5347626438088283,0.3501845945669622,0.41366230727677433,Decline,251.0,0,90.0,0.0,0.0,0.0,201.0,6.0,1.0,0.0,0.0,2.0,1.0,0.0,50.0,6.0,0.0,1.0,1.0,1.0,7.0,0.0,1.0,0.0,1.0,65.0,99999.0,9.0,6.0,0.0,2223.0,6.0,2.0,0.0,20.0,1.0,0.0,2.0,63.0,9.0,1.0,-0.027970179858952268,0.2177365717902033,-0.1275519600589978,-0.14209565667603957,-0.002109078899541321,0.09154098990252699,-0.07034504579162959,0.17363223309014522,0.1363642225800611,-0.20255280703278697,0.06891243213546375,-0.06930372276885687,0.010623758166246828,0.013471361800327993,0.05777595718110798,0.13159391579138138,-0.01837301611295693,-0.0396387847465165,-0.11793592802472794,-0.019784226182213507,-0.10968019034324779,-0.0922532562049396,-0.03021581483703515,-0.09030720766073672,-0.07330452249189978,0.025382347770824376,-0.09270778723875307,-0.02712013013461787,-0.019851908976871703,0.16574715799894735,0.06506737371538793,-0.056514357135833804,0.05009377283014747,-0.03943841709490631,-0.008677188536520008,-0.049256171180166765,-0.0684240555566314,-0.007887488201551105,-0.09651061942270173,-0.28347325196329687,0.0794212202023958,-0.015657428702411637,0.25194094475317025,-0.018362687948835704,-0.14194679566893836
8553063,2025-01-09 23:38:37+00:00,1,"['au20s__tu', 'trv01__tu', 'rev322__tu', 'g095s__tu', 'rtl_trd__tu']","['g232s__tu', 'cv15__tu', 'inquirybanking12month__ln', 'g002s__tu', 'g407s__tu']","[1, 1, 0, 1, 0, 1, 0, 0, 0, 0]","[1, 1, 1, 1, 1, 1, 1, 1, 0, 0, 0, 1, 1, 0, 0]",28321.0,23675.0,,0,1,0.5083333333333333,5350.0,1.1962407602956706,30784.0,0.4177568811638132,0.3501845945669622,0.41533475966232697,Decline,275.0,1,147.0,3.0,4.0,938.0,242.0,37.0,1.0,0.0,0.0,4.0,1.0,10.0,55.0,0.0,2.0,96.0,2.0,2.0,16.0,0.0,999.0,0.0,5.0,536.0,1029.0,10.0,8.0,0.0,24792.0,1.0,1.0,1.0,61.0,0.0,4.0,15.0,32.0,3.0,1.0,0.13197734800913727,0.5381266846763259,0.13699271006921837,0.2004005232174445,-0.002109078899541321,-0.1660761708115241,0.3264994580051225,-0.0195542954136434,-0.38056948270557656,-0.20255280703278697,0.06891243213546375,-0.06930372276885687,-0.06524181341490069,-0.20621158598810324,0.05777595718110798,-0.1698800097696574,-0.01837301611295693,0.03224864732983013,0.0628878217725071,-0.0025250221890105603,0.28386568390968,-0.03087346191658939,0.12508668317741883,-0.09030720766073672,-0.07330452249189978,0.025382347770824376,0.33183641136280506,-0.02712013013461787,-0.019851908976871703,-0.04136613683987285,-0.050269119640593704,-0.056514357135833804,0.029134920956684608,-0.03943841709490631,-0.008677188536520008,-0.049256171180166765,-0.0684240555566314,-0.007887488201551105,-0.09651061942270173,0.07859412786274209,-0.025593941117068985,-0.015657428702411637,0.25194094475317025,-0.018362687948835704,-0.14194679566893836
8476989,2024-12-11 01:38:14+00:00,0,"['miles_odometer__app', 'rev322__tu', 'ENG-wtd_avg', 'au20s__tu', 's068b__tu']","['inquirybanking12month__ln', 'fltgrossmonthly__income_sum', 'in21s__tu', 'g095s__tu', 'cv15__tu']","[1, 1, 1, 1, 1, 1, 1, 1, 1, 1, 1, 1, 1, 0, 0, 0]","[1, 1, 1]",19960.0,15263.0,353.0,0,1,1.0,3100.0,1.30773766625172,22134.0,0.38135077728898525,0.39004257415648635,0.42229338668253463,Decline,151.0,1,88.0,1.0,0.0,732.0,210.0,9.0,1.0,0.0,0.0,3.0,0.0,2.0,50.0,0.0,4.0,4.0,1.0,1.0,4.0,0.0,1.0,0.0,0.0,80.0,413.0,47.0,3.0,1.0,20067.0,0.0,18.0,0.0,6.0,0.0,83.0,3.0,0.0,0.0,1.0,-0.1091665809718578,0.2177365717902033,0.34054786660712466,-0.007719313883108272,-0.060300927094883106,0.09154098990252699,0.3264994580051225,0.04221351096772582,0.043484354902003225,-0.20255280703278697,0.06891243213546375,-0.06930372276885687,0.21762167078723413,-0.12259399033321434,0.05777595718110798,-0.0962114720772341,-0.01837301611295693,0.03224864732983013,0.0628878217725071,0.07473342567718344,-0.10968019034324779,-0.0922532562049396,-0.03021581483703515,-0.09030720766073672,-0.07330452249189978,0.025382347770824376,-0.09270778723875307,-0.02712013013461787,0.1248545407672109,0.16574715799894735,-0.050269119640593704,0.041061794483372764,0.05009377283014747,0.1897445569872553,-0.008677188536520008,0.015520686370377988,0.10596202742217121,-0.007887488201551105,-0.017088484297844653,0.07859412786274209,-0.08150226837530647,-0.015657428702411637,-0.10458946740048633,-0.018362687948835704,-0.14194679566893836
8566716,2025-01-15 05:44:40+00:00,0,"['au20s__tu', 'in21s__tu', 'jt20s__tu', 'cv15__tu', 'g232s__tu']","['derogseverityindex__ln', 'balmag01__tu', 'ENG-wtd_avg', 'fltgrossmonthly__income_sum', 'g095s__tu']","[1, 1, 1, 1, 0, 0, 0, 0, 0, 0, 0, 0, 0, 0, 0, 0, 0, 0, 0, 0, 0, 0, 0, 0, 0, 0, 0, 0, 0, 0, 0, 0, 0, 0, 0, 0, 0, 0, 0, 0, 0, 0, 0, 0, 0, 0, 0, 0, 0, 0, 0, 0, 0, 0, 0, 0, 0, 0, 0, 0, 0, 0, 0, 0, 0, 0, 0, 0, 0, 0, 0, 0, 0, 0, 0, 0, 0, 0, 0, 0, 0, 0]",,23741.12,19280.0,,0,1,0.0029385836027034967,3293.33,1.2313858921161824,58272.0,0.4299748316285959,0.3501845945669622,0.42748187141239496,Decline,225.0,1,145.0,2.0,0.0,0.0,314.0,5.0,0.0,0.0,0.0,1.0,5.0,0.0,64.0,0.0,0.0,140.0,7.0,2.0,94.0,0.0,1.0,0.0,4.0,536.0,0.0,21.0,2.0,0.0,291954.0,9.0,0.0,0.0,162.0,0.0,3.0,7.0,0.0,13.0,0.0,-0.1091665809718578,0.5381266846763259,-0.023523712854035837,0.10794025034518957,-0.002109078899541321,0.09154098990252699,-0.07034504579162959,-0.11910610672405984,0.14733527822414866,0.16894243532599906,0.06891243213546375,-0.06930372276885687,-0.15001322365700048,0.16826983464198522,-0.49163307727602673,0.13159391579138138,-0.04608437682097869,0.03224864732983013,0.0628878217725071,-0.019784226182213507,0.5094610820757571,0.29414262121614615,0.12508668317741883,0.2697498374100057,-0.07330452249189978,0.025382347770824376,-0.09270778723875307,-0.02712013013461787,-0.019851908976871703,-0.04136613683987285,-0.050269119640593704,-0.056514357135833804,0.05009377283014747,-0.03943841709490631,-0.008677188536520008,-0.049256171180166765,-0.09643796186055453,-0.007887488201551105,-0.09651061942270173,0.07859412786274209,0.07637038800224982,-0.015657428702411637,-0.10458946740048633,-0.018362687948835704,0.25986861206479284
8429190,2024-11-28 02:33:12+00:00,1,"['balmag01__tu', 'ENG-wtd_avg', 'inquirybanking12month__ln', 'miles_odometer__app', 'inquirynonshortterm12month__ln']","['ENG-franchise', 'au20s__tu', 'rtl_trd__tu', 'g232s__tu', 'in21s__tu']",,"[1, 1, 1, 1, 1, 0, 1, 1, 1, 1, 1, 1, 1, 1, 1, 1, 1, 1, 1]",21734.0,18578.0,451.0,0,0,0.968421052631579,3800.0,1.1698783507374313,27856.0,0.4327349949036239,0.3501845945669622,0.43022603147809835,Decline,110.0,1,20.0,0.0,0.0,0.0,204.0,14.0,0.0,0.0,1659.0,3.0,0.0,0.0,17.0,0.0,6.0,20.0,3.0,1.0,20.0,0.0,1.0,0.0,5.0,97.0,99999.0,1.0,4.0,1.0,15227.0,0.0,15.0,0.0,11.0,0.0,4.0,3.0,0.0,3.0,0.0,-0.027970179858952268,-0.18827349289073714,0.13699271006921837,-0.14209565667603957,-0.002109078899541321,0.09154098990252699,-0.07034504579162959,0.17363223309014522,-0.12919791320011853,0.16894243532599906,0.06891243213546375,0.15358010403820122,0.21762167078723413,-0.12259399033321434,0.05777595718110798,0.13159391579138138,0.10874047098924666,0.03224864732983013,-0.11793592802472794,0.07473342567718344,-0.10968019034324779,0.17204724541497285,-0.03021581483703515,-0.08639642557536051,-0.07330452249189978,0.025382347770824376,-0.09270778723875307,-0.02712013013461787,-0.019851908976871703,-0.04136613683987285,0.06506737371538793,-0.056514357135833804,0.05009377283014747,0.1897445569872553,-0.008677188536520008,0.015520686370377988,0.10596202742217121,-0.007887488201551105,-0.09651061942270173,0.07859412786274209,-0.025593941117068985,-0.015657428702411637,-0.10458946740048633,-0.018362687948835704,0.25986861206479284
8537230,2025-01-03 02:58:45+00:00,1,"['balmag01__tu', 'au20s__tu', 's068b__tu', 'fltgrossmonthly__income_sum', 'inquirybanking12month__ln']","['rp01s__tu', 'g232s__tu', 'g002s__tu', 'ENG-franchise', 'rtl_trd__tu']","[1, 1, 1, 1, 1, 1, 1, 1, 1, 1, 0, 0, 0, 0, 0]","[1, 1, 1, 1, 1, 1, 1, 1, 1, 1, 1, 1, 1, 1, 0, 1, 1, 1, 0, 0, 0, 1, 1, 1, 1, 1]",26580.0,22150.0,865.0,0,0,0.7863247863247863,6500.0,1.2,37340.0,0.5665236119563101,0.3501845945669622,0.4382308060628044,Decline,95.0,0,95.0,0.0,2.0,0.0,202.0,15.0,0.0,0.0,0.0,3.0,3.0,4.0,67.0,6.0,1.0,95.0,1.0,1.0,14.0,1.0,1.0,0.0,0.0,91.0,292.0,9.0,4.0,1.0,50501.0,11.0,1.0,0.0,23.0,0.0,4.0,4.0,0.0,0.0,1.0,0.13197734800913727,0.2177365717902033,0.037311957071715245,-0.14209565667603957,-0.002109078899541321,-0.1660761708115241,-0.07034504579162959,0.17363223309014522,-0.15507978464835534,0.16894243532599906,0.06891243213546375,-0.06930372276885687,0.14032874394710926,-0.12259399033321434,0.05777595718110798,-0.1698800097696574,-0.04608437682097869,-0.0396387847465165,-0.11793592802472794,-0.019784226182213507,0.28386568390968,-0.0922532562049396,-0.03021581483703515,-0.09030720766073672,-0.07330452249189978,-0.1622949085028706,-0.09270778723875307,-0.02712013013461787,0.1248545407672109,-0.04136613683987285,-0.050269119640593704,-0.056514357135833804,0.05009377283014747,0.1897445569872553,-0.008677188536520008,-0.049256171180166765,-0.0684240555566314,-0.007887488201551105,-0.09651061942270173,0.07859412786274209,-0.025593941117068985,-0.015657428702411637,-0.10458946740048633,-0.018362687948835704,-0.14194679566893836
8556372,2025-01-11 01:45:10+00:00,1,"['ENG-loan_to_value', 'miles_odometer__app', 'balmag01__tu', 'ENG-wtd_avg', 'g002s__tu']","['derogseverityindex__ln', 'rp01s__tu', 'cv15__tu', 'inquirybanking12month__ln', 'ENG-franchise']","[1, 1, 1, 1, 1, 1, 1, 1, 1, 1, 1, 1, 1, 1, 1]",,19141.0,22075.0,,0,0,1.0,3500.0,0.8670894677236693,18319.0,0.562077435507815,0.27775640912627786,0.44323890182933734,Decline,155.0,1,68.0,0.0,0.0,0.0,169.0,14.0,1.0,0.0,0.0,4.0,4.0,5.0,33.0,0.0,1.0,1.0,1.0,1.0,20.0,1.0,1.0,0.0,4.0,536.0,398.0,18.0,6.0,0.0,5687.0,3.0,1.0,0.0,5.0,0.0,2.0,5.0,0.0,6.0,1.0,-0.09681697912336358,0.020443712167482336,0.34054786660712466,-0.14209565667603957,0.7217349611530631,0.09154098990252699,-0.07034504579162959,0.17363223309014522,-0.12919791320011853,-0.20255280703278697,0.06891243213546375,-0.06930372276885687,0.21762167078723413,-0.20621158598810324,-0.49163307727602673,-0.1698800097696574,0.10001349160327515,0.03224864732983013,-0.11793592802472794,-0.019784226182213507,-0.10968019034324779,-0.0922532562049396,-0.03021581483703515,-0.08639642557536051,-0.07330452249189978,-0.1622949085028706,-0.09270778723875307,-0.02712013013461787,-0.019851908976871703,-0.04136613683987285,-0.050269119640593704,-0.056514357135833804,0.05009377283014747,-0.03943841709490631,-0.008677188536520008,-0.049256171180166765,-0.0684240555566314,-0.007887488201551105,-0.017088484297844653,0.07859412786274209,0.0794212202023958,-0.015657428702411637,-0.10458946740048633,-0.018362687948835704,-0.14194679566893836
8521276,2024-12-27 00:57:49+00:00,1,"['rtl_trd__tu', 'rev322__tu', 'g095s__tu', 'addrprevioustimenewest__ln', 'at24s__tu']","['inquiryshortterm12month__ln', 'inquirybanking12month__ln', 'g232s__tu', 'balmag01__tu', 'ENG-wtd_avg']",,,24045.0,20125.0,,0,1,0.0,3688.0,1.1947826086956521,56254.0,0.4627099398990245,0.3501845945669622,0.46002718410273785,Decline,357.0,1,1.0,16.0,0.0,329.0,533.0,17.0,1.0,0.0,435.0,2.0,1.0,2.0,42.0,6.0,7.0,1.0,1.0,2.0,19.0,0.0,1.0,0.0,18.0,165.0,99999.0,272.0,5.0,0.0,291954.0,2.0,6.0,0.0,12.0,1.0,3.0,7.0,11.0,0.0,1.0,-0.027970179858952268,-0.18827349289073714,-0.023523712854035837,0.4863873741462653,-0.002109078899541321,0.09154098990252699,0.3264994580051225,-0.11910610672405984,-0.15507978464835534,-0.20255280703278697,0.06891243213546375,0.10777261724792812,-0.15001322365700048,0.013471361800327993,0.05777595718110798,-0.0962114720772341,0.10001349160327515,-0.0396387847465165,0.0628878217725071,0.07473342567718344,-0.10968019034324779,-0.0922532562049396,0.12508668317741883,-0.08639642557536051,-0.07330452249189978,0.025382347770824376,-0.09270778723875307,-0.02712013013461787,-0.019851908976871703,-0.04136613683987285,0.06506737371538793,0.3914185213487937,0.05009377283014747,-0.03943841709490631,-0.008677188536520008,-0.049256171180166765,-0.0684240555566314,-0.007887488201551105,-0.09651061942270173,-0.28347325196329687,0.07637038800224982,-0.015657428702411637,0.25194094475317025,-0.018362687948835704,-0.14194679566893836
8506439,2024-12-19 00:35:25+00:00,1,"['ENG-loan_to_value', 'cv15__tu', 'g232s__tu', 'inquirybanking12month__ln', 'g407s__tu']","['inquiryshortterm12month__ln', 'balmag01__tu', 'ENG-wtd_avg', 'ENG-franchise', 'au20s__tu']",,,20248.0,21245.0,,0,0,0.0,5182.12,0.9530713108966816,129252.0,0.5841058103753604,0.27775640912627786,0.46060987612677473,Decline,73.0,1,1.0,0.0,0.0,0.0,472.0,5.0,0.0,0.0,0.0,1.0,3.0,0.0,83.0,0.0,1.0,1.0,1.0,1.0,34.0,0.0,1.0,0.0,4.0,536.0,1094.0,1.0,2.0,0.0,291954.0,1.0,0.0,0.0,15.0,1.0,4.0,8.0,0.0,6.0,1.0,0.05862755356495931,-0.18827349289073714,-0.1275519600589978,-0.14209565667603957,0.29484426505884404,0.09154098990252699,-0.07034504579162959,-0.11910610672405984,0.14733527822414866,0.16894243532599906,0.06891243213546375,-0.06930372276885687,-0.15001322365700048,0.16826983464198522,0.05777595718110798,0.13159391579138138,-0.15797629343215172,0.03224864732983013,-0.11793592802472794,-0.019784226182213507,-0.10968019034324779,-0.0922532562049396,-0.03021581483703515,0.04990870277300484,-0.07330452249189978,0.025382347770824376,-0.09270778723875307,-0.02712013013461787,-0.019851908976871703,-0.04136613683987285,-0.050269119640593704,-0.056514357135833804,0.05009377283014747,-0.03943841709490631,-0.008677188536520008,-0.049256171180166765,-0.09643796186055453,-0.007887488201551105,-0.09651061942270173,-0.28347325196329687,-0.025593941117068985,-0.015657428702411637,-0.10458946740048633,-0.018362687948835704,-0.14194679566893836
8536668,2025-01-03 00:57:39+00:00,1,"['in21s__tu', 'trv01__tu', 'rev322__tu', 's209a__tu', 'cv15__tu']","['inquiryshortterm12month__ln', 'inquirybanking12month__ln', 'g002s__tu', 'ENG-wtd_avg', 'au20s__tu']",,,11739.0,7375.0,,0,1,0.0,3600.0,1.591728813559322,94760.0,0.500290294730257,0.41688126579694246,0.46070434532870924,Decline,320.0,0,1.0,0.0,1.0,1000.0,300.0,5.0,1.0,0.0,0.0,1.0,0.0,1.0,67.0,6.0,0.0,1.0,2.0,1.0,80.0,0.0,999.0,0.0,1.0,536.0,276.0,26.0,5.0,0.0,291954.0,0.0,0.0,0.0,2.0,1.0,6.0,1.0,0.0,59.0,1.0,-0.09681697912336358,-0.18827349289073714,-0.1275519600589978,-0.14209565667603957,-0.060300927094883106,-0.1660761708115241,0.3264994580051225,-0.06943203585757203,0.14733527822414866,-0.20255280703278697,0.06891243213546375,-0.06930372276885687,-0.15001322365700048,0.16826983464198522,0.05777595718110798,0.05491722037638777,-0.04608437682097869,-0.0396387847465165,0.0628878217725071,-0.019784226182213507,-0.10968019034324779,-0.03087346191658939,-0.03021581483703515,0.2697498374100057,-0.07330452249189978,0.025382347770824376,0.33183641136280506,-0.02712013013461787,-0.019851908976871703,-0.04136613683987285,-0.050269119640593704,-0.056514357135833804,0.05009377283014747,-0.03943841709490631,-0.008677188536520008,0.015520686370377988,-0.09643796186055453,-0.007887488201551105,0.1805634719208487,-0.28347325196329687,-0.04071155733815719,-0.0016142148168469777,-0.10458946740048633,0.12016521996775872,-0.14194679566893836
8525444,2024-12-28 04:39:18+00:00,1,"['balmag01__tu', 'fltgrossmonthly__income_sum', 'inquirybanking12month__ln', 'inquirynonshortterm12month__ln', 'g407s__tu']","['linkt003__tu', 'g002s__tu', 'ENG-wtd_avg', 'au20s__tu', 'rtl_trd__tu']",,,37253.0,29050.0,,0,1,0.0,6666.67,1.2823752151462995,37556.0,0.5448851652004763,0.39004257415648635,0.4694667619754394,Decline,102.0,0,24.0,0.0,7.0,0.0,77.0,7.0,0.0,1.0,0.0,3.0,0.0,0.0,100.0,0.0,1.0,1.0,1.0,1.0,24.0,0.0,1.0,0.0,2.0,94.0,0.0,1.0,1.0,1.0,26684.0,9.0,4.0,0.0,162.0,0.0,1.0,3.0,0.0,2.0,0.0,0.13197734800913727,-0.18827349289073714,0.037311957071715245,-0.14209565667603957,-0.060300927094883106,-0.1660761708115241,-0.07034504579162959,0.4398748289474107,0.043484354902003225,0.16894243532599906,-0.1824628326067655,-0.06930372276885687,-0.15001322365700048,-0.12259399033321434,0.05777595718110798,0.13159391579138138,-0.15797629343215172,0.03224864732983013,0.0628878217725071,-0.019784226182213507,-0.10968019034324779,-0.0922532562049396,-0.03021581483703515,-0.08639642557536051,-0.07330452249189978,0.025382347770824376,-0.09270778723875307,-0.02712013013461787,-0.019851908976871703,-0.04136613683987285,-0.050269119640593704,-0.056514357135833804,0.05009377283014747,0.1897445569872553,-0.008677188536520008,-0.049256171180166765,-0.0684240555566314,-0.007887488201551105,-0.09651061942270173,0.07859412786274209,0.0794212202023958,-0.015657428702411637,-0.10458946740048633,-0.018362687948835704,0.25986861206479284
8512198,2024-12-21 02:07:32+00:00,1,"['ENG-wtd_avg', 'fi36s__tu', 'g407s__tu', 'fi25s__tu', 'cv13__tu']","['inquirybanking12month__ln', 'g002s__tu', 'in21s__tu', 'g095s__tu', 'fltgrossmonthly__income_sum']","[1, 1, 1, 1, 1, 1, 1, 1, 1, 1, 1, 1, 1, 1, 1, 1, 1, 1, 1, 1, 1, 1, 1, 1, 1, 1, 1, 1, 1, 1, 1, 1, 1, 1, 1, 1, 1, 1]","[1, 1, 1, 1, 1, 1, 1, 1, 1, 1]",22362.0,17790.0,596.0,0,1,1.0,3680.0,1.2569983136593592,50409.0,0.5457783088138103,0.39004257415648635,0.4702362841920642,Decline,65.0,0,62.0,1.0,1.0,0.0,289.0,10.0,1.0,0.0,0.0,2.0,3.0,0.0,33.0,0.0,1.0,62.0,1.0,1.0,13.0,0.0,1.0,0.0,3.0,95.0,99999.0,1.0,3.0,1.0,25968.0,2.0,999.0,0.0,8.0,0.0,5.0,2.0,0.0,10.0,1.0,-0.09681697912336358,0.020443712167482336,-0.023523712854035837,-0.007719313883108272,-0.060300927094883106,-0.1660761708115241,-0.07034504579162959,-0.06943203585757203,0.043484354902003225,-0.20255280703278697,0.06891243213546375,-0.06930372276885687,0.21762167078723413,0.013471361800327993,0.05777595718110798,0.13159391579138138,0.10001349160327515,0.03224864732983013,0.0628878217725071,-0.019784226182213507,-0.0019601420341259297,-0.0922532562049396,-0.03021581483703515,-0.09030720766073672,-0.07330452249189978,0.025382347770824376,-0.09270778723875307,-0.02712013013461787,-0.019851908976871703,-0.04136613683987285,0.06506737371538793,-0.056514357135833804,0.05009377283014747,0.1897445569872553,-0.008677188536520008,-0.049256171180166765,0.1773409988380098,-0.007887488201551105,-0.09651061942270173,0.07859412786274209,-0.04071155733815719,-0.015657428702411637,-0.10458946740048633,-0.018362687948835704,-0.14194679566893836
8577963,2025-01-19 02:13:12+00:00,1,"['linka006__tu', 'inquirybanking12month__ln', 'fi36s__tu', 'all235__tu', 'inquirynonshortterm12month__ln']","['g002s__tu', 'ENG-franchise', 'miles_odometer__app', 'g232s__tu', 'in21s__tu']","[1, 1, 1, 1, 1, 1, 1, 1, 1, 1, 1]","[1, 1, 1, 1, 1, 1, 1, 1, 1, 1, 1, 1, 1, 1, 1, 0, 0, 1, 0]",15656.0,12050.0,455.0,0,0,0.7263157894736842,3746.0,1.299253112033195,86692.0,0.5485448727642602,0.39004257415648635,0.4726199237230429,Decline,81.0,0,42.0,1.0,2.0,0.0,242.0,13.0,0.0,0.0,37602.0,3.0,0.0,0.0,57.0,6.0,1.0,1.0,1.0,2.0,1.0,0.0,3.0,300.0,1.0,84.0,625.0,17.0,3.0,0.0,291954.0,0.0,999.0,0.0,1.0,0.0,5.0,2.0,0.0,21.0,0.0,-0.027970179858952268,-0.15927927253764146,-0.1275519600589978,-0.007719313883108272,-0.060300927094883106,-0.1660761708115241,-0.07034504579162959,-0.0195542954136434,-0.12919791320011853,0.16894243532599906,0.06891243213546375,0.1885423072401762,0.010623758166246828,-0.12259399033321434,0.05777595718110798,0.13159391579138138,-0.01837301611295693,-0.0396387847465165,-0.11793592802472794,-0.019784226182213507,-0.10968019034324779,-0.0922532562049396,0.12508668317741883,-0.09030720766073672,-0.07330452249189978,0.025382347770824376,-0.09270778723875307,0.09990807864792559,-0.019851908976871703,-0.04136613683987285,-0.050269119640593704,-0.056514357135833804,0.05009377283014747,-0.03943841709490631,-0.008677188536520008,0.015520686370377988,0.1773409988380098,-0.007887488201551105,0.22656232222654338,0.07859412786274209,-0.04071155733815719,-0.015657428702411637,-0.10458946740048633,0.002489027625756258,0.25986861206479284
8526212,2024-12-28 07:24:46+00:00,1,"['g251c__tu', 'g232s__tu', 'cv15__tu', 'fltgrossmonthly__income_sum', 'linka006__tu']","['inquirybanking12month__ln', 'balmag01__tu', 'ENG-wtd_avg', 'ENG-franchise', 'au20s__tu']",,,22514.0,16378.0,,0,0,0.0,5407.0,1.3746489192819635,38000.0,0.5666941769273408,0.39004257415648635,0.48825715446764184,Decline,14.0,0,1.0,0.0,0.0,0.0,395.0,4.0,1.0,0.0,0.0,1.0,0.0,2.0,0.0,0.0,1.0,1.0,1.0,1.0,0.0,0.0,1.0,0.0,18.0,536.0,102.0,1.0,1.0,0.0,291954.0,1.0,0.0,0.0,2.0,0.0,83.0,0.0,0.0,0.0,1.0,0.13197734800913727,-0.18827349289073714,0.037311957071715245,-0.14209565667603957,-0.060300927094883106,0.09154098990252699,-0.07034504579162959,-0.11910610672405984,0.2051052489933988,-0.20255280703278697,0.06891243213546375,-0.06930372276885687,-0.15001322365700048,0.16826983464198522,0.05777595718110798,-0.0962114720772341,0.10874047098924666,0.03224864732983013,-0.11793592802472794,-0.019784226182213507,-0.10968019034324779,-0.0922532562049396,-0.03021581483703515,-0.09030720766073672,-0.07330452249189978,0.025382347770824376,-0.09270778723875307,-0.02712013013461787,-0.019851908976871703,-0.04136613683987285,-0.050269119640593704,-0.056514357135833804,0.05009377283014747,-0.03943841709490631,-0.008677188536520008,-0.049256171180166765,-0.09643796186055453,-0.007887488201551105,0.1805634719208487,0.07859412786274209,-0.08150226837530647,0.08850290045664871,-0.10458946740048633,-0.018362687948835704,-0.14194679566893836
8464561,2024-12-05 09:09:48+00:00,1,"['in34s__tu', 'balmag01__tu', 'ENG-wtd_avg', 'rtl_trd__tu', 'fi25s__tu']","['inquiryshortterm12month__ln', 'rp01s__tu', 'cv15__tu', 'inquirybanking12month__ln', 'g232s__tu']","[1, 1, 1, 1, 1, 1, 1, 1, 1, 1, 1, 1, 1, 1, 1, 1, 1, 1, 1, 1, 1, 1, 1, 1, 1]","[1, 1, 1, 1]",22143.0,17542.0,478.0,0,1,1.0,4400.0,1.262284802189032,46118.0,0.5850209606110234,0.39004257415648635,0.5040472995163462,Decline,165.0,0,48.0,2.0,0.0,0.0,197.0,19.0,1.0,0.0,0.0,4.0,0.0,2.0,71.0,6.0,1.0,48.0,1.0,1.0,33.0,1.0,1.0,0.0,18.0,19.0,99999.0,1.0,7.0,1.0,18030.0,1.0,2.0,0.0,13.0,1.0,83.0,1.0,0.0,0.0,1.0,0.05862755356495931,-0.14686547993800883,0.037311957071715245,0.10794025034518957,-0.060300927094883106,0.09154098990252699,-0.07034504579162959,0.17363223309014522,-0.15507978464835534,-0.20255280703278697,0.06891243213546375,-0.06930372276885687,0.21762167078723413,-0.20621158598810324,0.05777595718110798,-0.0962114720772341,-0.04608437682097869,-0.0396387847465165,0.0628878217725071,-0.019784226182213507,-0.0019601420341259297,-0.0922532562049396,-0.03021581483703515,0.04990870277300484,-0.07330452249189978,-0.1622949085028706,-0.09270778723875307,-0.02712013013461787,-0.019851908976871703,0.2987949245456811,0.06506737371538793,-0.056514357135833804,0.029134920956684608,0.1897445569872553,-0.008677188536520008,-0.049256171180166765,-0.0684240555566314,-0.007887488201551105,-0.09651061942270173,-0.28347325196329687,-0.08150226837530647,-0.0016142148168469777,-0.10458946740048633,-0.018362687948835704,-0.14194679566893836
8555113,2025-01-10 07:50:34+00:00,1,"['au20s__tu', 'g095s__tu', 'ENG-loan_to_value', 'jt20s__tu', 'ENG-wtd_avg']","['inquirybanking12month__ln', 'g232s__tu', 'g002s__tu', 'rtl_trd__tu', 'g407s__tu']","[1, 1, 1, 1, 1, 1, 0, 0, 1, 1, 0, 1, 1, 1, 0, 1, 1, 1, 1, 1, 1, 1, 1, 1, 1, 1, 1, 1, 1, 1, 1, 1, 1, 1, 1, 1, 1, 1, 1, 1, 0, 0, 0]",,16388.0,15600.0,,0,1,0.8234672304439746,3999.67,1.0505128205128205,35992.0,0.5311617710458898,0.3372811670434425,0.5086236293642384,Decline,273.0,1,123.0,0.0,2.0,5.0,244.0,20.0,1.0,0.0,0.0,3.0,3.0,4.0,50.0,0.0,2.0,108.0,1.0,1.0,13.0,0.0,1.0,0.0,18.0,536.0,700.0,9.0,4.0,0.0,1563.0,0.0,2.0,1.0,35.0,0.0,83.0,4.0,17.0,0.0,1.0,-0.027970179858952268,0.4102418344400132,0.037311957071715245,-0.14209565667603957,0.12681166561429538,-0.1660761708115241,-0.07034504579162959,-0.0195542954136434,-0.15507978464835534,-0.20255280703278697,0.06891243213546375,-0.06930372276885687,0.14032874394710926,-0.12259399033321434,0.05777595718110798,-0.1698800097696574,-0.01837301611295693,0.03224864732983013,0.0628878217725071,-0.0025250221890105603,0.38284509462663713,-0.0922532562049396,-0.03021581483703515,-0.09030720766073672,-0.07330452249189978,0.025382347770824376,-0.09270778723875307,-0.02712013013461787,-0.019851908976871703,-0.04136613683987285,-0.050269119640593704,-0.056514357135833804,0.05009377283014747,-0.03943841709490631,-0.008677188536520008,0.015520686370377988,-0.0684240555566314,-0.007887488201551105,-0.09651061942270173,0.07859412786274209,-0.08150226837530647,-0.015657428702411637,0.25194094475317025,-0.018362687948835704,-0.14194679566893836
8526977,2024-12-28 23:43:59+00:00,1,"['inquirybanking12month__ln', 'g232s__tu', 'inquirynonshortterm12month__ln', 'trv01__tu', 'g407s__tu']","['rp01s__tu', 'g002s__tu', 'ENG-wtd_avg', 'rtl_trd__tu', 'au20s__tu']","[1, 1, 1, 1, 1, 1, 1, 1, 1, 1, 1, 1, 0, 0, 0, 0, 0, 0, 0, 0, 0, 0, 0, 0, 0, 0, 0, 0, 0, 0, 0, 0, 0, 0, 0, 0, 0]",,26744.0,23525.0,,0,1,0.11095305832147938,3783.0,1.1368331562167906,48268.0,0.5349869097225328,0.3372811670434425,0.5122864605817501,Decline,233.0,1,38.0,0.0,1.0,0.0,284.0,6.0,0.0,0.0,0.0,2.0,0.0,0.0,57.0,0.0,2.0,1.0,2.0,1.0,28.0,1.0,12.0,0.0,1.0,108.0,78.0,63.0,3.0,0.0,6812.0,0.0,1.0,0.0,5.0,0.0,0.0,5.0,0.0,8.0,0.0,-0.027970179858952268,-0.15927927253764146,0.037311957071715245,-0.14209565667603957,-0.002109078899541321,-0.1660761708115241,-0.07034504579162959,-0.06943203585757203,0.1363642225800611,0.16894243532599906,0.06891243213546375,-0.06930372276885687,-0.15001322365700048,0.013471361800327993,0.05777595718110798,0.13159391579138138,-0.01837301611295693,0.03224864732983013,0.0628878217725071,-0.0025250221890105603,-0.10968019034324779,-0.03087346191658939,-0.03021581483703515,0.04990870277300484,-0.07330452249189978,-0.1622949085028706,0.10723235366853863,-0.02712013013461787,-0.019851908976871703,-0.04136613683987285,-0.050269119640593704,0.1373276043208283,0.05009377283014747,-0.03943841709490631,-0.008677188536520008,0.015520686370377988,-0.0684240555566314,-0.007887488201551105,-0.017088484297844653,0.07859412786274209,0.0794212202023958,-0.015657428702411637,-0.10458946740048633,-0.018362687948835704,0.25986861206479284
8533900,2025-01-01 01:17:45+00:00,1,"['balmag01__tu', 'ENG-wtd_avg', 'fltgrossmonthly__income_sum', 'fi36s__tu', 'in34s__tu']","['g232s__tu', 'cv15__tu', 'inquirybanking12month__ln', 'au20s__tu', 'g407s__tu']","[1, 1, 1, 1, 1, 1, 1, 1]","[1, 1, 1, 1, 1, 1, 1, 1, 1, 1, 1, 1, 1, 1, 1, 1, 1, 1, 1, 1, 1, 1, 1, 1, 1, 1, 1]",34576.0,29850.0,585.0,0,1,1.0,5375.0,1.1583249581239532,70808.0,0.5285857212950562,0.3501845945669622,0.5255210229055034,Decline,214.0,1,37.0,2.0,0.0,8.0,166.0,33.0,1.0,0.0,951.0,5.0,0.0,4.0,22.0,6.0,1.0,37.0,2.0,1.0,2.0,0.0,1.0,0.0,4.0,73.0,980.0,12.0,6.0,1.0,21886.0,9.0,999.0,0.0,23.0,0.0,83.0,5.0,0.0,13.0,1.0,0.13197734800913727,-0.18827349289073714,-0.04132723560415334,0.10794025034518957,-0.002109078899541321,0.09154098990252699,-0.07034504579162959,0.17363223309014522,-0.38056948270557656,-0.20255280703278697,0.06891243213546375,0.10777261724792812,0.21762167078723413,-0.20621158598810324,0.05777595718110798,-0.1698800097696574,0.10874047098924666,-0.0396387847465165,0.0628878217725071,-0.019784226182213507,-0.10968019034324779,-0.03087346191658939,-0.03021581483703515,-0.09030720766073672,-0.07330452249189978,0.025382347770824376,-0.09270778723875307,-0.02712013013461787,-0.019851908976871703,0.16574715799894735,-0.050269119640593704,-0.056514357135833804,0.05009377283014747,0.1897445569872553,-0.008677188536520008,-0.049256171180166765,0.1773409988380098,-0.007887488201551105,-0.09651061942270173,0.07859412786274209,-0.08150226837530647,-0.015657428702411637,-0.10458946740048633,-0.018362687948835704,-0.14194679566893836
8524307,2024-12-28 01:05:31+00:00,1,"['rev322__tu', 'inquirybanking12month__ln', 'fi36s__tu', 'inquirynonshortterm12month__ln', 'g407s__tu']","['inquiryshortterm12month__ln', 'balmag01__tu', 'ENG-wtd_avg', 'ENG-franchise', 'au20s__tu']",,,20426.0,17075.0,,0,0,0.0,4000.0,1.196251830161054,84170.0,0.552430283021313,0.3501845945669622,0.5492273357404678,Decline,36.0,1,1.0,0.0,0.0,1000.0,365.0,12.0,0.0,0.0,0.0,2.0,0.0,0.0,0.0,6.0,2.0,1.0,6.0,2.0,1.0,0.0,1.0,0.0,1.0,99.0,99999.0,1.0,1.0,0.0,965.0,0.0,999.0,0.0,11.0,1.0,4.0,1.0,0.0,7.0,0.0,-0.027970179858952268,-0.18827349289073714,-0.1275519600589978,-0.14209565667603957,-0.002109078899541321,0.09154098990252699,0.3264994580051225,-0.11910610672405984,-0.05599586626278019,0.16894243532599906,0.06891243213546375,-0.06930372276885687,-0.15001322365700048,0.013471361800327993,0.05777595718110798,0.13159391579138138,0.10874047098924666,-0.0396387847465165,-0.11793592802472794,-0.0025250221890105603,-0.10968019034324779,0.29414262121614615,0.12508668317741883,-0.09030720766073672,-0.07330452249189978,0.025382347770824376,-0.09270778723875307,-0.02712013013461787,-0.019851908976871703,-0.04136613683987285,0.06506737371538793,-0.056514357135833804,0.05009377283014747,-0.03943841709490631,-0.008677188536520008,0.015520686370377988,0.1773409988380098,-0.007887488201551105,-0.09651061942270173,-0.28347325196329687,-0.025593941117068985,-0.0016142148168469777,-0.10458946740048633,-0.018362687948835704,0.25986861206479284
8580432,2025-01-20 23:29:46+00:00,1,"['in21s__tu', 'miles_odometer__app', 'ENG-loan_to_value', 'g002s__tu', 'inquiryshortterm12month__ln']","['rp01s__tu', 'inquirybanking12month__ln', 'g232s__tu', 'balmag01__tu', 'ENG-wtd_avg']","[1, 0, 0, 0, 0, 0, 0, 0, 0, 0, 1, 0, 0, 0, 0, 0, 0, 0, 0, 0, 0, 0, 0, 0, 0, 0, 0, 0, 0, 0, 0, 0, 0, 0, 0, 0, 0, 0, 0, 0, 0, 0, 0, 0, 0, 0, 0, 0, 0, 0, 0, 0, 0, 0, 0, 0, 0, 0, 0, 0, 0, 0, 0, 0, 0, 0, 0, 0]",,25253.0,23087.0,,0,1,0.005115089514066497,5100.0,1.0938190323558712,8.0,0.5829422631979605,0.3372811670434425,0.5582069828439024,Decline,135.0,1,80.0,0.0,0.0,0.0,310.0,17.0,1.0,0.0,0.0,3.0,1.0,3.0,67.0,6.0,1.0,1.0,1.0,1.0,70.0,2.0,1.0,0.0,18.0,536.0,229.0,1.0,1.0,0.0,20669.0,0.0,0.0,0.0,5.0,0.0,6.0,2.0,0.0,0.0,1.0,0.05862755356495931,0.020443712167482336,0.34054786660712466,-0.14209565667603957,0.12681166561429538,0.09154098990252699,-0.07034504579162959,-0.11910610672405984,-0.15507978464835534,-0.20255280703278697,0.06891243213546375,-0.06930372276885687,-0.15001322365700048,-0.12259399033321434,0.05777595718110798,-0.12496553540883204,-0.04608437682097869,-0.0396387847465165,0.0628878217725071,-0.019784226182213507,-0.10968019034324779,-0.0922532562049396,-0.03021581483703515,0.2697498374100057,-0.07330452249189978,-0.1622949085028706,-0.09270778723875307,-0.02712013013461787,-0.019851908976871703,-0.04136613683987285,-0.050269119640593704,-0.056514357135833804,0.05009377283014747,-0.03943841709490631,-0.008677188536520008,0.015520686370377988,-0.09643796186055453,-0.007887488201551105,-0.017088484297844653,0.07859412786274209,-0.04071155733815719,-0.015657428702411637,-0.10458946740048633,-0.018362687948835704,-0.14194679566893836
8487197,2024-12-14 21:44:09+00:00,1,"['fltgrossmonthly__income_sum', 'au20s__tu', 'ENG-wtd_avg', 'inquirybanking12month__ln', 'at24s__tu']","['cv15__tu', 'g232s__tu', 'g002s__tu', 'balmag01__tu', 'ENG-franchise']","[1, 1, 1, 1, 1, 1, 1, 1, 0, 0, 0]","[1, 1, 1]",,,582.0,0,0,1.0,11600.0,1.2734844012832087,60518.520779948754,0.5588016334904046,0.39004257415648635,0.6187957343838651,Decline,246.0,1,104.0,1.0,6.0,0.0,346.0,30.0,0.0,0.0,0.0,6.0,3.0,1.0,48.0,0.0,4.0,63.0,1.0,1.0,5.0,0.0,1.0,0.0,1.0,103.0,99999.0,12.0,3.0,0.0,35370.0,1.0,1.0,0.0,13.0,0.0,3.0,7.0,0.0,10.0,1.0,0.30369082926416546,0.3655886981676968,-0.04132723560415334,-0.007719313883108272,-0.060300927094883106,-0.1660761708115241,-0.07034504579162959,-0.11910610672405984,-0.255209877581241,0.16894243532599906,0.06891243213546375,-0.06930372276885687,0.21762167078723413,-0.3446164652968252,0.05777595718110798,0.05491722037638777,0.10001349160327515,0.03224864732983013,-0.11793592802472794,0.07473342567718344,-0.0019601420341259297,-0.0922532562049396,-0.03021581483703515,-0.09030720766073672,-0.07330452249189978,0.025382347770824376,-0.09270778723875307,-0.02712013013461787,-0.019851908976871703,-0.04136613683987285,0.06506737371538793,-0.056514357135833804,0.05009377283014747,-0.03943841709490631,-0.008677188536520008,-0.049256171180166765,-0.0684240555566314,-0.007887488201551105,-0.09651061942270173,0.07859412786274209,0.07637038800224982,-0.015657428702411637,-0.10458946740048633,-0.018362687948835704,-0.14194679566893836
8576040,2025-01-18 07:10:33+00:00,1,"['trv01__tu', 'rev322__tu', 'g095s__tu', 'cv13__tu', 'g002s__tu']","['g232s__tu', 'cv15__tu', 'inquirybanking12month__ln', 'balmag01__tu', 'ENG-wtd_avg']","[1, 1, 1, 1, 1, 0, 0, 0, 0, 0, 0, 0, 0, 0, 0, 0, 0, 0, 0, 0, 0, 0, 0, 0, 0, 0, 0, 0, 0, 0]",,,,,0,0,0.03225806451612903,3894.0,1.2734844012832087,60518.520779948754,0.5786272944227026,0.39004257415648635,0.6407499193414463,Decline,97.0,1,36.0,1.0,0.0,357.0,335.0,45.0,1.0,0.0,305.0,8.0,1.0,6.0,25.0,6.0,3.0,1.0,1.0,2.0,28.0,0.0,999.0,27.0,18.0,101.0,996.0,1.0,2.0,0.0,291954.0,3.0,0.0,0.0,27.0,0.0,4.0,3.0,6.0,0.0,1.0,-0.027970179858952268,-0.18827349289073714,-0.04132723560415334,-0.007719313883108272,-0.060300927094883106,0.09154098990252699,0.3264994580051225,-0.11910610672405984,-0.38056948270557656,-0.20255280703278697,0.06891243213546375,0.10777261724792812,-0.15001322365700048,-0.3446164652968252,0.05777595718110798,-0.1698800097696574,0.10874047098924666,-0.0396387847465165,-0.11793592802472794,0.007908588638918862,-0.10968019034324779,-0.0922532562049396,0.12508668317741883,0.04990870277300484,-0.07330452249189978,0.025382347770824376,0.33183641136280506,-0.0014416545835477044,-0.019851908976871703,-0.04136613683987285,-0.050269119640593704,-0.056514357135833804,0.05009377283014747,-0.03943841709490631,-0.008677188536520008,-0.049256171180166765,-0.09643796186055453,-0.007887488201551105,-0.09651061942270173,0.07859412786274209,-0.025593941117068985,-0.015657428702411637,0.25194094475317025,-0.018362687948835704,-0.14194679566893836
