accountid,request_datetime,bitdebtor,best_features,worst_features,list_pmt_hx_closed__tu_pmthx,list_pmt_hx_open__tu_pmthx,amtfinanced__app,bookvalue__app,flt_payment_open__tu_pmthx,ENG-bk,ENG-franchise,ENG-wtd_avg,fltgrossmonthly__income_sum,ENG-loan_to_value,miles_odometer__app,PD,LGD,ECNL,Tier,g106s__tu,has_inst_tag,au20s__tu,rtl_trd__tu,g002s__tu,rev322__tu,balmag01__tu,g232s__tu,inquirybanking12month__ln,linkt003__tu,all235__tu,cv15__tu,derogseverityindex__ln,g407s__tu,cv13__tu,phoneinputproblems__ln,at24s__tu,jt20s__tu,subjectabilityindex__ln,sourcenonderogcount12month__ln,in21s__tu,rp01s__tu,trv01__tu,bc97a__tu,s068b__tu,in34s__tu,linka053__tu,addrprevioustimenewest__ln,addronfilecount__ln,fi25s__tu,fi101s__tu,linka025__tu,fi36s__tu,linkf098__tu,linka006__tu,inquiryshortterm12month__ln,addrinputsubjectcount__ln,g251c__tu,g095s__tu,s209a__tu,inquirynonshortterm12month__ln,fltgrossmonthly__income_sum_binned,au20s__tu_binned,miles_odometer__app_binned,rtl_trd__tu_binned,ENG-loan_to_value_binned,g002s__tu_binned,rev322__tu_binned,balmag01__tu_binned,g232s__tu_binned,inquirybanking12month__ln_binned,linkt003__tu_binned,all235__tu_binned,ENG-wtd_avg_binned,cv15__tu_binned,derogseverityindex__ln_binned,g407s__tu_binned,cv13__tu_binned,phoneinputproblems__ln_binned,ENG-franchise_binned,at24s__tu_binned,jt20s__tu_binned,subjectabilityindex__ln_binned,sourcenonderogcount12month__ln_binned,in21s__tu_binned,ENG-bk_binned,rp01s__tu_binned,trv01__tu_binned,bc97a__tu_binned,s068b__tu_binned,in34s__tu_binned,linka053__tu_binned,addrprevioustimenewest__ln_binned,addronfilecount__ln_binned,fi25s__tu_binned,fi101s__tu_binned,linka025__tu_binned,fi36s__tu_binned,linkf098__tu_binned,linka006__tu_binned,inquiryshortterm12month__ln_binned,addrinputsubjectcount__ln_binned,g251c__tu_binned,g095s__tu_binned,s209a__tu_binned,inquirynonshortterm12month__ln_binned
8541677,2025-01-04 21:20:41+00:00,1,"['rtl_trd__tu', 'au20s__tu', 'miles_odometer__app', 'trv01__tu', 'rev322__tu']","['ENG-bk', 's209a__tu', 'linka053__tu', 's068b__tu', 'sourcenonderogcount12month__ln']","[1, 1, 1, 1, 1, 1, 1, 1, 1, 1, 1, 1, 1, 1, 1, 1, 1, 1, 1, 1, 1, 1, 1, 1, 1, 1, 1]","[1, 1, 0, 1, 1, 1, 1, 1, 1, 1, 1, 1, 1, 1, 1, 1, 1, 1, 1, 1, 0, 1, 1, 1, 0, 0, 1, 0, 0, 1, 1, 1, 1, 1, 1, 1, 1, 1, 1, 1, 1, 1, 1, 1, 1, 1, 1, 1]",31091.0,29933.0,284.0,0,1,0.8877551020408163,5000.0,1.038686399625831,9.0,0.055517635713506854,0.3372811670434425,0.04136289299744335,A1,502.0,0,142.0,9.0,0.0,3972.0,198.0,3.0,0.0,0.0,7746.0,2.0,1.0,0.0,47.0,6.0,3.0,141.0,3.0,1.0,49.0,0.0,999.0,3960.0,18.0,37.0,866.0,269.0,1.0,1.0,6430.0,0.0,21.0,0.0,3.0,0.0,4.0,0.0,29.0,0.0,0.0,0.05862755356495931,0.5381266846763259,0.34054786660712466,0.4863873741462653,0.12681166561429538,0.09154098990252699,0.3264994580051225,0.17363223309014522,0.29009271071754617,0.16894243532599906,0.06891243213546375,0.1885423072401762,0.14032874394710926,0.013471361800327993,0.05777595718110798,0.13159391579138138,0.10001349160327515,-0.0396387847465165,0.0628878217725071,0.007908588638918862,0.5094610820757571,0.17204724541497285,-0.03021581483703515,0.10689258131274595,-0.07330452249189978,0.025382347770824376,0.33183641136280506,0.09990807864792559,-0.019851908976871703,0.2987949245456811,-0.050269119640593704,0.3914185213487937,0.05009377283014747,0.1897445569872553,-0.008677188536520008,0.015520686370377988,0.10596202742217121,-0.007887488201551105,0.08445375502265723,0.07859412786274209,-0.025593941117068985,0.08850290045664871,0.25194094475317025,-0.018362687948835704,0.25986861206479284
8470987,2024-12-08 00:47:41+00:00,1,"['ENG-loan_to_value', 'miles_odometer__app', 'trv01__tu', 'addrprevioustimenewest__ln', 'g251c__tu']","['inquiryshortterm12month__ln', 'ENG-wtd_avg', 'au20s__tu', 'rtl_trd__tu', 'cv13__tu']",,,58345.0,99095.0,,0,1,0.0,5500.0,0.5887784449265856,19.0,0.12212719378014968,0.19939686644815996,0.053792107391852834,A1,464.0,0,1.0,0.0,0.0,1.0,211.0,9.0,0.0,0.0,0.0,1.0,0.0,0.0,100.0,0.0,1.0,1.0,6.0,1.0,0.0,0.0,999.0,32.0,18.0,536.0,409.0,224.0,1.0,0.0,291954.0,1.0,0.0,1.0,15.0,1.0,3.0,0.0,0.0,0.0,0.0,0.13197734800913727,-0.18827349289073714,0.34054786660712466,-0.14209565667603957,1.888975756210269,0.09154098990252699,-0.07034504579162959,0.04221351096772582,0.043484354902003225,0.16894243532599906,0.06891243213546375,-0.06930372276885687,-0.15001322365700048,0.16826983464198522,0.05777595718110798,0.13159391579138138,-0.15797629343215172,0.03224864732983013,0.0628878217725071,-0.019784226182213507,-0.10968019034324779,0.29414262121614615,-0.03021581483703515,-0.09030720766073672,-0.07330452249189978,0.025382347770824376,0.33183641136280506,-0.0014416545835477044,-0.019851908976871703,-0.04136613683987285,-0.050269119640593704,0.3914185213487937,0.05009377283014747,-0.03943841709490631,-0.008677188536520008,-0.049256171180166765,-0.09643796186055453,-0.007887488201551105,-0.09651061942270173,-0.28347325196329687,0.07637038800224982,0.08850290045664871,-0.10458946740048633,-0.018362687948835704,0.25986861206479284
8574483,2025-01-18 02:03:31+00:00,1,"['ENG-loan_to_value', 'miles_odometer__app', 'au20s__tu', 'balmag01__tu', 'ENG-wtd_avg']","['linkt003__tu', 'g232s__tu', 'g002s__tu', 'g407s__tu', 'in21s__tu']","[1, 1]","[1, 1, 1]",13075.73,24099.0,607.0,0,1,1.0,4443.0,0.542583924644176,32.0,0.1012522604862497,0.19939686644815996,0.05731927479858812,A1,339.0,1,111.0,3.0,4.0,95.0,190.0,18.0,0.0,1.0,70566.0,3.0,0.0,7.0,25.0,0.0,4.0,111.0,6.0,3.0,4.0,0.0,1.0,392.0,1.0,95.0,993.0,1.0,12.0,1.0,9848.0,3.0,1.0,26.0,34.0,0.0,83.0,6.0,0.0,10.0,1.0,0.05862755356495931,0.3655886981676968,0.34054786660712466,0.2004005232174445,1.888975756210269,-0.1660761708115241,0.17776804417874942,0.17363223309014522,-0.15507978464835534,0.16894243532599906,-0.1824628326067655,0.1885423072401762,0.21762167078723413,-0.12259399033321434,0.05777595718110798,-0.1698800097696574,0.10874047098924666,0.03224864732983013,0.0628878217725071,0.07473342567718344,0.38284509462663713,0.29414262121614615,0.12508668317741883,-0.09030720766073672,-0.07330452249189978,0.025382347770824376,-0.09270778723875307,0.09990807864792559,-0.019851908976871703,-0.04136613683987285,-0.050269119640593704,-0.056514357135833804,0.0033944331617501993,0.1897445569872553,-0.008677188536520008,-0.049256171180166765,-0.0684240555566314,0.12919669236557793,-0.09651061942270173,0.07859412786274209,-0.08150226837530647,-0.015657428702411637,-0.10458946740048633,-0.018362687948835704,-0.14194679566893836
8464253,2024-12-05 06:51:53+00:00,1,"['ENG-loan_to_value', 'trv01__tu', 'rev322__tu', 'g251c__tu', 'cv15__tu']","['linkt003__tu', 'ENG-wtd_avg', 'ENG-franchise', 'au20s__tu', 'rtl_trd__tu']",,,17178.09,30475.0,,0,0,0.0,4000.0,0.5636780968006563,35006.0,0.13208452850247812,0.19939686644815996,0.05817791207745248,A1,11.0,0,1.0,0.0,0.0,399.0,231.0,9.0,0.0,1.0,17.0,1.0,0.0,1.0,0.0,0.0,1.0,1.0,1.0,1.0,0.0,0.0,999.0,472.0,18.0,536.0,99.0,1.0,1.0,0.0,291954.0,1.0,0.0,0.0,3.0,0.0,3.0,0.0,0.0,0.0,0.0,-0.027970179858952268,-0.18827349289073714,0.13699271006921837,-0.14209565667603957,1.888975756210269,0.09154098990252699,0.3264994580051225,0.04221351096772582,0.043484354902003225,0.16894243532599906,-0.1824628326067655,-0.06930372276885687,-0.15001322365700048,0.16826983464198522,0.05777595718110798,0.05491722037638777,0.10874047098924666,0.03224864732983013,-0.11793592802472794,-0.019784226182213507,-0.10968019034324779,-0.0922532562049396,-0.03021581483703515,-0.09030720766073672,-0.07330452249189978,0.025382347770824376,0.33183641136280506,0.09990807864792559,-0.019851908976871703,-0.04136613683987285,-0.050269119640593704,-0.056514357135833804,0.05009377283014747,-0.03943841709490631,-0.008677188536520008,-0.049256171180166765,-0.09643796186055453,-0.007887488201551105,0.08445375502265723,0.07859412786274209,0.07637038800224982,0.08850290045664871,-0.10458946740048633,-0.018362687948835704,0.25986861206479284
8482217,2024-12-13 01:40:58+00:00,1,"['balmag01__tu', 'rtl_trd__tu', 'ENG-loan_to_value', 'trv01__tu', 'rev322__tu']","['g002s__tu', 'in21s__tu', 'g095s__tu', 'ENG-bk', 'addrprevioustimenewest__ln']","[1, 1, 1, 1, 1, 1, 1, 1, 1, 1, 1, 1, 1, 1, 1, 1, 1, 1]","[1, 1, 1, 1, 1, 1, 1, 1, 1, 1, 1, 1, 1, 1]",24151.0,26990.0,468.0,0,1,1.0,4416.67,0.8948128936643202,28101.0,0.10875301915658822,0.27775640912627786,0.06672571914048542,A1,132.0,0,132.0,9.0,1.0,5086.0,116.0,5.0,0.0,0.0,3890.0,2.0,0.0,1.0,22.0,6.0,7.0,132.0,2.0,1.0,2.0,0.0,999.0,2900.0,18.0,54.0,302.0,4.0,3.0,1.0,1711.0,0.0,999.0,0.0,4.0,0.0,6.0,1.0,0.0,0.0,0.0,0.05862755356495931,0.4102418344400132,0.13699271006921837,0.4863873741462653,0.29484426505884404,-0.1660761708115241,0.3264994580051225,0.4398748289474107,0.14733527822414866,0.16894243532599906,0.06891243213546375,0.15358010403820122,0.21762167078723413,0.013471361800327993,0.05777595718110798,0.05491722037638777,0.10874047098924666,-0.0396387847465165,0.0628878217725071,0.07473342567718344,0.38284509462663713,-0.03087346191658939,-0.03021581483703515,-0.09030720766073672,-0.07330452249189978,0.025382347770824376,0.33183641136280506,0.09990807864792559,-0.019851908976871703,0.16574715799894735,-0.050269119640593704,-0.056514357135833804,0.05009377283014747,0.1897445569872553,-0.008677188536520008,0.015520686370377988,0.1773409988380098,-0.007887488201551105,0.0509809958782628,0.07859412786274209,-0.04071155733815719,-0.0016142148168469777,-0.10458946740048633,-0.018362687948835704,0.25986861206479284
8501991,2024-12-17 03:24:12+00:00,0,"['ENG-loan_to_value', 'cv15__tu', 'in21s__tu', 'inquirybanking12month__ln', 'ENG-wtd_avg']","['balmag01__tu', 'rtl_trd__tu', 'au20s__tu', 'g095s__tu', 'fi36s__tu']","[1, 1, 1, 1, 1, 1, 1, 1, 1, 1, 1, 1, 1, 1, 1, 1, 1, 1, 1, 1, 1, 1, 1, 1, 0, 0, 1, 1, 0, 0]",,35000.0,54541.0,,0,1,0.7634408602150538,4765.82,0.6417190737243541,47608.0,0.12776495484530034,0.19939686644815996,0.07232820799493667,A1,80.0,1,43.0,0.0,0.0,0.0,446.0,10.0,0.0,0.0,0.0,1.0,0.0,0.0,25.0,6.0,1.0,1.0,6.0,1.0,43.0,0.0,17.0,0.0,18.0,107.0,447.0,29.0,2.0,0.0,291954.0,0.0,0.0,0.0,2.0,0.0,83.0,2.0,0.0,0.0,0.0,0.05862755356495931,-0.15927927253764146,0.037311957071715245,-0.14209565667603957,1.888975756210269,0.09154098990252699,-0.07034504579162959,-0.11910610672405984,0.043484354902003225,0.16894243532599906,0.06891243213546375,-0.06930372276885687,0.14032874394710926,0.16826983464198522,0.05777595718110798,0.13159391579138138,0.10874047098924666,-0.0396387847465165,0.0628878217725071,-0.019784226182213507,-0.10968019034324779,0.29414262121614615,-0.03021581483703515,0.10689258131274595,-0.07330452249189978,0.025382347770824376,0.10723235366853863,-0.02712013013461787,-0.019851908976871703,-0.04136613683987285,-0.050269119640593704,0.041061794483372764,0.05009377283014747,-0.03943841709490631,-0.008677188536520008,0.015520686370377988,-0.09643796186055453,-0.007887488201551105,0.1805634719208487,0.07859412786274209,-0.08150226837530647,-0.015657428702411637,-0.10458946740048633,-0.018362687948835704,0.25986861206479284
8437875,2024-12-03 02:05:59+00:00,1,"['rtl_trd__tu', 'au20s__tu', 'fltgrossmonthly__income_sum', 'miles_odometer__app', 'rev322__tu']","['inquirybanking12month__ln', 'g002s__tu', 'g095s__tu', 'trv01__tu', 'inquirynonshortterm12month__ln']","[1, 1, 1, 1, 1, 1, 1, 1, 1, 1, 1, 1, 1, 1, 1, 1, 1, 1, 1, 1, 1, 1, 1, 1, 1, 1, 1, 1, 1, 1, 1, 1, 1, 1, 1, 1, 1, 1, 1, 1, 1, 1, 1, 1, 1, 1, 1, 1, 1, 1, 1, 1, 1, 1, 1, 1, 1, 1, 1, 1]","[1, 1, 1, 1, 1, 1, 1, 1, 1, 1, 1, 1, 1, 1, 1, 1, 1, 1, 1, 1, 1, 1, 1, 1, 1, 1, 1, 1, 1, 1]",40000.0,38850.0,380.0,0,1,1.0,8333.33,1.0296010296010296,20563.0,0.13881129877324985,0.27775640912627786,0.0851680606874331,A,227.0,0,154.0,12.0,1.0,5613.0,210.0,3.0,1.0,0.0,4992.0,1.0,3.0,1.0,35.0,6.0,10.0,68.0,3.0,1.0,32.0,0.0,1.0,0.0,18.0,51.0,99999.0,1.0,7.0,1.0,1370.0,0.0,999.0,0.0,1.0,0.0,2.0,1.0,0.0,0.0,1.0,0.30369082926416546,0.5381266846763259,0.34054786660712466,0.4863873741462653,0.12681166561429538,-0.1660761708115241,0.3264994580051225,0.04221351096772582,0.29009271071754617,-0.20255280703278697,0.06891243213546375,0.15358010403820122,0.21762167078723413,0.16826983464198522,0.05777595718110798,0.05491722037638777,0.10001349160327515,-0.0396387847465165,0.0628878217725071,0.07473342567718344,0.16725028297757608,0.17204724541497285,-0.03021581483703515,0.04990870277300484,-0.07330452249189978,0.025382347770824376,-0.09270778723875307,-0.02712013013461787,-0.019851908976871703,0.16574715799894735,0.06506737371538793,-0.056514357135833804,0.029134920956684608,0.1897445569872553,-0.008677188536520008,0.015520686370377988,0.1773409988380098,-0.007887488201551105,0.22656232222654338,0.07859412786274209,0.0794212202023958,-0.0016142148168469777,-0.10458946740048633,-0.018362687948835704,-0.14194679566893836
8523960,2024-12-28 00:01:34+00:00,1,"['rtl_trd__tu', 'au20s__tu', 'fltgrossmonthly__income_sum', 'miles_odometer__app', 'rev322__tu']","['inquirybanking12month__ln', 'in21s__tu', 'g095s__tu', 'trv01__tu', 'inquirynonshortterm12month__ln']","[1, 1, 1, 1, 1, 1, 1, 1, 1, 1, 1, 1, 1, 1, 1, 1, 1, 1, 1, 1, 1, 1, 1, 1, 1, 1, 1, 1, 1, 1, 1, 1, 1, 1, 1, 1, 1, 1, 1]","[1, 1, 1, 1, 1, 1, 1, 1, 1, 1, 1, 1, 1, 1, 1, 1, 1, 1, 1, 1, 1, 1, 1]",62913.0,57050.0,1108.0,0,1,1.0,11742.160000000047,1.102769500438212,3050.0,0.13205185663537822,0.3372811670434425,0.09838399539038764,A,436.0,0,133.0,10.0,0.0,777.0,226.0,4.0,1.0,0.0,37553.0,0.0,0.0,0.0,2.0,6.0,19.0,1.0,2.0,1.0,1.0,0.0,1.0,970.0,18.0,68.0,920.0,32.0,8.0,2.0,74444.0,0.0,999.0,0.0,2.0,0.0,83.0,0.0,0.0,0.0,1.0,0.30369082926416546,0.5381266846763259,0.34054786660712466,0.4863873741462653,0.12681166561429538,0.09154098990252699,0.3264994580051225,0.04221351096772582,0.2051052489933988,-0.20255280703278697,0.06891243213546375,0.1885423072401762,0.21762167078723413,0.16826983464198522,0.05777595718110798,0.13159391579138138,0.10874047098924666,-0.0396387847465165,0.0628878217725071,0.07473342567718344,-0.10968019034324779,-0.03087346191658939,-0.03021581483703515,-0.09030720766073672,-0.07330452249189978,0.025382347770824376,-0.09270778723875307,0.09990807864792559,-0.019851908976871703,0.16574715799894735,-0.050269119640593704,0.041061794483372764,0.029134920956684608,0.1897445569872553,-0.008677188536520008,0.015520686370377988,0.1773409988380098,-0.007887488201551105,0.1805634719208487,0.07859412786274209,-0.08150226837530647,0.08850290045664871,-0.10458946740048633,-0.018362687948835704,-0.14194679566893836
8467143,2024-12-06 09:23:32+00:00,0,"['balmag01__tu', 'ENG-loan_to_value', 'rev322__tu', 'g232s__tu', 'g251c__tu']","['inquirybanking12month__ln', 'ENG-franchise', 'fltgrossmonthly__income_sum', 'in21s__tu', 'g095s__tu']","[1, 1, 1, 1, 1, 1, 1, 1, 1, 1, 1, 1, 1, 1, 1, 1, 1, 1, 1, 1, 1, 1, 1, 1, 1, 1, 1, 1, 1, 1, 1, 1, 1, 1, 1, 1, 1, 1, 1, 1, 1, 1, 1, 1, 1]",,38552.0,38069.0,,0,0,1.0,2500.0,1.0126874885077097,35092.0,0.19296897938196148,0.27775640912627786,0.11839665713121364,A,218.0,0,93.0,3.0,0.0,5155.0,132.0,3.0,1.0,0.0,5571.0,1.0,0.0,1.0,9.0,0.0,4.0,93.0,2.0,1.0,10.0,0.0,1.0,0.0,18.0,80.0,0.0,1.0,2.0,0.0,8695.0,9.0,999.0,0.0,162.0,0.0,4.0,0.0,0.0,0.0,1.0,-0.1091665809718578,0.2177365717902033,0.13699271006921837,0.2004005232174445,0.29484426505884404,0.09154098990252699,0.3264994580051225,0.4398748289474107,0.29009271071754617,-0.20255280703278697,0.06891243213546375,0.15358010403820122,0.21762167078723413,0.16826983464198522,0.05777595718110798,0.05491722037638777,0.10874047098924666,0.03224864732983013,-0.11793592802472794,0.07473342567718344,0.28386568390968,-0.03087346191658939,-0.03021581483703515,-0.09030720766073672,-0.07330452249189978,0.025382347770824376,-0.09270778723875307,-0.02712013013461787,-0.019851908976871703,0.16574715799894735,-0.050269119640593704,-0.056514357135833804,0.05009377283014747,-0.03943841709490631,-0.008677188536520008,-0.049256171180166765,0.1773409988380098,-0.007887488201551105,-0.09651061942270173,0.07859412786274209,-0.025593941117068985,0.08850290045664871,-0.10458946740048633,-0.018362687948835704,-0.14194679566893836
8517379,2024-12-24 00:19:47+00:00,1,"['ENG-loan_to_value', 'miles_odometer__app', 'g095s__tu', 'rev322__tu', 'trv01__tu']","['derogseverityindex__ln', 'inquirybanking12month__ln', 'ENG-wtd_avg', 'au20s__tu', 'rtl_trd__tu']",,,18528.9,24786.0,,0,1,0.0,4200.0,0.7475550714112806,5.0,0.2733624692299609,0.19939686644815996,0.12040515176489876,A,325.0,0,1.0,0.0,0.0,154.0,228.0,13.0,1.0,0.0,703.0,2.0,4.0,0.0,71.0,6.0,5.0,1.0,1.0,1.0,25.0,0.0,11.0,392.0,2.0,536.0,99999.0,25.0,6.0,0.0,291954.0,0.0,26.0,0.0,3.0,0.0,1.0,2.0,74.0,4.0,1.0,0.040308154710334734,-0.18827349289073714,0.34054786660712466,-0.14209565667603957,1.0206244866252332,0.09154098990252699,0.17776804417874942,0.04221351096772582,-0.12919791320011853,-0.20255280703278697,0.06891243213546375,0.10777261724792812,-0.15001322365700048,0.013471361800327993,-0.49163307727602673,0.13159391579138138,-0.04608437682097869,-0.0396387847465165,0.0628878217725071,0.07473342567718344,-0.10968019034324779,-0.0922532562049396,-0.03021581483703515,0.04990870277300484,-0.07330452249189978,0.025382347770824376,0.10723235366853863,0.09990807864792559,-0.019851908976871703,-0.04136613683987285,0.06506737371538793,-0.056514357135833804,0.05009377283014747,-0.03943841709490631,-0.008677188536520008,0.015520686370377988,0.10596202742217121,-0.007887488201551105,0.08445375502265723,0.07859412786274209,0.0794212202023958,-0.015657428702411637,0.25194094475317025,-0.018362687948835704,-0.14194679566893836
8572527,2025-01-17 05:30:55+00:00,1,"['in21s__tu', 'fltgrossmonthly__income_sum', 'rev322__tu', 'g095s__tu', 'g251c__tu']","['ENG-franchise', 'g407s__tu', 'ENG-bk', 'g232s__tu', 'jt20s__tu']","[1, 1, 1, 1, 1, 1, 0, 0, 0, 0, 1, 0, 0, 0, 1, 1, 1, 1, 0, 0, 0, 0, 1, 1, 1, 1, 1, 1, 1, 1, 1, 1, 1, 1, 1, 1, 1, 1, 1, 1, 1, 1, 1, 1, 1, 1, 1, 1, 1, 1, 1, 1, 1, 1, 1, 1, 1, 1, 1, 1, 1, 1, 1, 1, 1, 1, 1, 1, 1, 1, 1, 1, 1, 1, 1]",,20065.25,17275.0,,0,0,0.9456140350877194,7820.0,1.161519536903039,67992.0,0.16372349514179296,0.3501845945669622,0.12664728836216765,A,343.0,0,84.0,1.0,0.0,2599.0,266.0,12.0,0.0,0.0,219782.0,2.0,1.0,2.0,22.0,6.0,5.0,1.0,1.0,2.0,84.0,0.0,6.0,2173.0,1.0,536.0,99999.0,1.0,6.0,0.0,0.0,0.0,63.0,0.0,3.0,0.0,4.0,0.0,93.0,47.0,0.0,0.30369082926416546,0.020443712167482336,-0.04132723560415334,-0.007719313883108272,-0.002109078899541321,0.09154098990252699,0.3264994580051225,-0.0195542954136434,-0.05599586626278019,0.16894243532599906,0.06891243213546375,0.1885423072401762,0.21762167078723413,0.013471361800327993,0.05777595718110798,-0.0962114720772341,0.10874047098924666,-0.0396387847465165,-0.11793592802472794,0.07473342567718344,-0.10968019034324779,-0.0922532562049396,0.12508668317741883,0.2697498374100057,-0.07330452249189978,0.025382347770824376,0.10723235366853863,0.09990807864792559,-0.019851908976871703,-0.04136613683987285,0.06506737371538793,-0.056514357135833804,0.05009377283014747,-0.03943841709490631,0.1480974085261193,0.015520686370377988,0.1773409988380098,-0.007887488201551105,0.08445375502265723,0.07859412786274209,-0.025593941117068985,0.08850290045664871,0.25194094475317025,0.12016521996775872,0.25986861206479284
8393041,2025-01-17 04:43:41+00:00,1,"['ENG-bk', 'g095s__tu', 'au20s__tu', 'addrprevioustimenewest__ln', 'jt20s__tu']","['rtl_trd__tu', 'fltgrossmonthly__income_sum', 'trv01__tu', 'rev322__tu', 'inquirynonshortterm12month__ln']","[1, 1, 1, 1, 1, 1, 1, 1, 1, 1, 1, 1, 1, 1, 1, 1, 1, 1, 1, 1, 1, 1, 1, 1, 1, 1, 1, 1, 1, 1, 1, 1, 1, 1, 1, 1, 1, 1, 1, 1, 1, 1, 1, 1, 1, 1, 1, 1, 1, 1, 1, 1, 1, 1, 1, 1, 1]",,26160.4,24900.0,,1,1,1.0,3263.5,1.0506184738955824,28170.0,0.22309530565289964,0.2596410016840132,0.12795332019771516,A,666.0,0,113.0,0.0,0.0,0.0,235.0,6.0,0.0,0.0,0.0,2.0,3.0,1.0,31.0,0.0,0.0,226.0,8.0,1.0,26.0,0.0,1.0,0.0,18.0,536.0,99999.0,214.0,4.0,0.0,291954.0,0.0,72.0,0.0,6.0,0.0,5.0,6.0,5.0,0.0,1.0,-0.1091665809718578,0.3655886981676968,0.13699271006921837,-0.14209565667603957,0.12681166561429538,0.09154098990252699,-0.07034504579162959,-0.0195542954136434,0.1363642225800611,0.16894243532599906,0.06891243213546375,-0.06930372276885687,0.21762167078723413,0.013471361800327993,0.05777595718110798,0.05491722037638777,0.10874047098924666,0.03224864732983013,0.0628878217725071,-0.019784226182213507,0.5094610820757571,0.29414262121614615,-0.03021581483703515,0.04990870277300484,0.3644461705690194,0.025382347770824376,-0.09270778723875307,-0.02712013013461787,-0.019851908976871703,-0.04136613683987285,0.06506737371538793,0.3914185213487937,0.05009377283014747,-0.03943841709490631,-0.008677188536520008,0.015520686370377988,0.1773409988380098,-0.007887488201551105,-0.017088484297844653,0.07859412786274209,-0.04071155733815719,-0.015657428702411637,0.25194094475317025,-0.018362687948835704,-0.14194679566893836
8471308,2024-12-08 01:39:02+00:00,1,"['balmag01__tu', 'rtl_trd__tu', 'au20s__tu', 'trv01__tu', 'rev322__tu']","['inquiryshortterm12month__ln', 'inquirybanking12month__ln', 'ENG-franchise', 'miles_odometer__app', 'in21s__tu']","[1, 1, 1, 1, 1, 1, 1, 1, 1, 1, 1, 1, 1, 1, 1, 1, 1, 1, 1, 1, 1, 1, 1, 1, 1, 1, 1, 1, 1, 1, 1, 1, 1, 1, 1, 1, 1, 1, 1, 1, 1, 1, 1, 1, 1, 1, 1, 1, 1]",,15527.0,14300.0,,0,0,1.0,4000.0,1.0858041958041957,83079.0,0.18470560964372162,0.3372811670434425,0.13761317947950866,B,481.0,0,143.0,10.0,0.0,300.0,114.0,6.0,1.0,0.0,0.0,1.0,0.0,0.0,42.0,0.0,3.0,1.0,5.0,1.0,11.0,0.0,999.0,300.0,2.0,33.0,157.0,59.0,8.0,1.0,9570.0,1.0,2.0,0.0,3.0,1.0,0.0,3.0,0.0,45.0,1.0,-0.027970179858952268,0.5381266846763259,-0.1275519600589978,0.4863873741462653,0.12681166561429538,0.09154098990252699,0.3264994580051225,0.4398748289474107,0.1363642225800611,-0.20255280703278697,0.06891243213546375,-0.06930372276885687,0.21762167078723413,0.16826983464198522,0.05777595718110798,0.13159391579138138,0.10001349160327515,0.03224864732983013,-0.11793592802472794,0.007908588638918862,-0.10968019034324779,0.29414262121614615,-0.03021581483703515,-0.09030720766073672,-0.07330452249189978,0.025382347770824376,0.33183641136280506,0.09990807864792559,-0.019851908976871703,0.2987949245456811,-0.050269119640593704,0.1373276043208283,0.029134920956684608,0.1897445569872553,-0.008677188536520008,-0.049256171180166765,-0.0684240555566314,-0.007887488201551105,0.08445375502265723,-0.28347325196329687,0.0794212202023958,-0.015657428702411637,-0.10458946740048633,0.12016521996775872,-0.14194679566893836
8554439,2025-01-10 23:13:20+00:00,1,"['rtl_trd__tu', 'fltgrossmonthly__income_sum', 'trv01__tu', 'rev322__tu', 'ENG-bk']","['inquirybanking12month__ln', 'balmag01__tu', 'ENG-franchise', 'fi36s__tu', 'linka006__tu']","[1, 1, 1, 1, 1, 1, 1, 1, 1, 1, 1, 1, 1, 1, 0, 0, 0, 0]",,29021.0,24175.0,,1,0,0.6140350877192983,7209.07,1.2004550155118925,26867.0,0.21220795967863468,0.2938038635922092,0.13772317433013562,B,395.0,0,78.0,6.0,0.0,363.0,349.0,4.0,1.0,0.0,399.0,1.0,1.0,1.0,35.0,6.0,2.0,1.0,2.0,0.0,27.0,0.0,999.0,1762.0,18.0,536.0,1062.0,92.0,4.0,0.0,291954.0,7.0,0.0,0.0,13.0,0.0,4.0,4.0,36.0,0.0,1.0,0.30369082926416546,0.020443712167482336,0.13699271006921837,0.4863873741462653,-0.002109078899541321,0.09154098990252699,0.3264994580051225,-0.11910610672405984,0.2051052489933988,-0.20255280703278697,0.06891243213546375,0.10777261724792812,0.010623758166246828,0.16826983464198522,0.05777595718110798,0.05491722037638777,0.10001349160327515,-0.0396387847465165,-0.11793592802472794,-0.0025250221890105603,-0.10968019034324779,-0.03087346191658939,-0.03021581483703515,0.04990870277300484,0.3644461705690194,0.025382347770824376,0.33183641136280506,0.09990807864792559,-0.019851908976871703,-0.04136613683987285,-0.050269119640593704,0.1373276043208283,0.05009377283014747,-0.03943841709490631,-0.008677188536520008,-0.049256171180166765,-0.09643796186055453,-0.007887488201551105,-0.09651061942270173,0.07859412786274209,-0.025593941117068985,-0.015657428702411637,0.25194094475317025,-0.018362687948835704,-0.14194679566893836
8505302,2024-12-31 03:52:23+00:00,0,"['rtl_trd__tu', 'au20s__tu', 'fltgrossmonthly__income_sum', 'rev322__tu', 's209a__tu']","['g002s__tu', 'ENG-franchise', 'g095s__tu', 'trv01__tu', 'ENG-bk']","[1, 1, 1, 1, 1, 1, 1, 1, 1, 1, 1, 1, 1, 1, 1, 1, 1, 1, 1, 1, 1, 1, 1, 1, 1, 1, 1, 1, 1, 1, 1, 1, 1, 1, 1, 1, 1, 1, 1]","[1, 1, 1, 1, 1, 1, 1, 1, 1, 1, 1, 1, 1, 1, 1, 1, 1, 1, 1, 0, 1, 1, 1, 1, 1, 1, 0, 1, 0, 0, 0, 1, 1, 1, 1, 1, 0, 0, 0, 1, 1, 1, 0]",37461.07,31819.0,994.0,0,0,0.6892177589852009,11340.15,1.1773176404035324,56516.0,0.18167811259635264,0.3501845945669622,0.14053597069350138,B,238.0,0,146.0,6.0,5.0,6182.0,190.0,6.0,0.0,0.0,0.0,2.0,0.0,1.0,50.0,6.0,8.0,146.0,9.0,1.0,45.0,0.0,1.0,5854.0,7.0,57.0,99999.0,1.0,4.0,0.0,31652.0,0.0,2.0,0.0,2.0,0.0,5.0,4.0,0.0,40.0,0.0,0.30369082926416546,0.5381266846763259,-0.023523712854035837,0.4863873741462653,-0.002109078899541321,-0.1660761708115241,0.3264994580051225,0.17363223309014522,0.1363642225800611,0.16894243532599906,0.06891243213546375,-0.06930372276885687,0.010623758166246828,0.013471361800327993,0.05777595718110798,0.05491722037638777,-0.01837301611295693,-0.0396387847465165,-0.11793592802472794,0.07473342567718344,0.5094610820757571,0.29414262121614615,-0.03021581483703515,0.10689258131274595,-0.07330452249189978,0.025382347770824376,-0.09270778723875307,0.09990807864792559,-0.019851908976871703,0.16574715799894735,0.06506737371538793,-0.056514357135833804,0.05009377283014747,-0.03943841709490631,-0.008677188536520008,0.015520686370377988,-0.0684240555566314,-0.007887488201551105,0.1805634719208487,0.07859412786274209,-0.04071155733815719,-0.015657428702411637,-0.10458946740048633,0.12016521996775872,0.25986861206479284
8459807,2024-12-03 22:07:46+00:00,1,"['balmag01__tu', 'rtl_trd__tu', 'rev322__tu', 'g095s__tu', 'ENG-wtd_avg']","['inquirybanking12month__ln', 'ENG-franchise', 'au20s__tu', 'trv01__tu', 'inquirynonshortterm12month__ln']",,"[1, 1, 1, 1, 1, 1, 1, 1, 1, 1, 1, 1, 1, 1, 1, 0, 0, 1, 1, 1, 1, 1, 1, 1, 1, 1, 1, 1, 1, 1, 1, 1, 1, 1, 1, 1, 1, 1, 1]",24015.07,19600.0,416.0,0,0,0.9576923076923077,3865.0,1.2252586734693878,57957.0,0.19720045230916838,0.3501845945669622,0.15254317975022208,B,515.0,0,41.0,8.0,0.0,1000.0,82.0,5.0,1.0,0.0,182.0,1.0,1.0,1.0,63.0,6.0,3.0,123.0,3.0,2.0,41.0,0.0,1.0,1065.0,4.0,54.0,886.0,1.0,6.0,1.0,14399.0,0.0,25.0,0.0,4.0,0.0,2.0,9.0,70.0,7.0,1.0,-0.027970179858952268,-0.15927927253764146,-0.023523712854035837,0.4863873741462653,-0.002109078899541321,0.09154098990252699,0.3264994580051225,0.4398748289474107,0.14733527822414866,-0.20255280703278697,0.06891243213546375,0.10777261724792812,0.21762167078723413,0.16826983464198522,0.05777595718110798,0.05491722037638777,-0.04608437682097869,-0.0396387847465165,-0.11793592802472794,0.007908588638918862,0.38284509462663713,0.17204724541497285,0.12508668317741883,0.10689258131274595,-0.07330452249189978,0.025382347770824376,-0.09270778723875307,0.09990807864792559,-0.019851908976871703,0.16574715799894735,-0.050269119640593704,-0.056514357135833804,0.05009377283014747,0.1897445569872553,-0.008677188536520008,0.015520686370377988,0.10596202742217121,-0.007887488201551105,0.0509809958782628,0.07859412786274209,0.0794212202023958,-0.015657428702411637,0.25194094475317025,-0.018362687948835704,-0.14194679566893836
8568463,2025-01-16 01:57:32+00:00,1,"['ENG-loan_to_value', 'balmag01__tu', 'inquirybanking12month__ln', 'inquirynonshortterm12month__ln', 'fi25s__tu']","['linkt003__tu', 'g002s__tu', 'au20s__tu', 'rtl_trd__tu', 'in21s__tu']",,"[1, 1, 1, 1, 1, 0, 0, 0, 1, 1, 0, 1, 1, 1, 1]",13929.0,19855.0,615.0,0,1,0.7333333333333333,4160.0,0.7015361369932007,69968.0,0.34926459076191846,0.19939686644815996,0.15383697760433077,B,52.0,0,25.0,0.0,6.0,0.0,170.0,9.0,0.0,1.0,0.0,2.0,0.0,1.0,50.0,0.0,6.0,25.0,1.0,1.0,16.0,0.0,1.0,0.0,18.0,91.0,667.0,1.0,1.0,1.0,53420.0,0.0,2.0,0.0,6.0,0.0,83.0,5.0,0.0,0.0,0.0,0.040308154710334734,-0.18827349289073714,-0.04132723560415334,-0.14209565667603957,1.0206244866252332,-0.1660761708115241,-0.07034504579162959,0.17363223309014522,0.043484354902003225,0.16894243532599906,-0.1824628326067655,-0.06930372276885687,0.010623758166246828,0.013471361800327993,0.05777595718110798,0.05491722037638777,-0.01837301611295693,0.03224864732983013,0.0628878217725071,0.07473342567718344,-0.10968019034324779,-0.0922532562049396,-0.03021581483703515,-0.09030720766073672,-0.07330452249189978,0.025382347770824376,-0.09270778723875307,-0.02712013013461787,-0.019851908976871703,-0.04136613683987285,-0.050269119640593704,-0.056514357135833804,0.05009377283014747,0.1897445569872553,-0.008677188536520008,0.015520686370377988,-0.0684240555566314,-0.007887488201551105,-0.017088484297844653,0.07859412786274209,-0.08150226837530647,-0.015657428702411637,-0.10458946740048633,-0.018362687948835704,0.25986861206479284
8556195,2025-01-11 03:07:42+00:00,1,"['ENG-loan_to_value', 'inquirybanking12month__ln', 'g002s__tu', 'fi36s__tu', 'inquiryshortterm12month__ln']","['linkt003__tu', 'balmag01__tu', 'ENG-wtd_avg', 'au20s__tu', 'miles_odometer__app']",,,10850.0,19150.0,,0,1,0.0,3800.0,0.566579634464752,108005.0,0.2784616022362887,0.19939686644815996,0.1576381309689826,B,197.0,1,1.0,1.0,0.0,0.0,323.0,13.0,0.0,1.0,0.0,2.0,0.0,1.0,86.0,0.0,0.0,1.0,2.0,1.0,33.0,0.0,1.0,0.0,18.0,536.0,136.0,37.0,2.0,0.0,291954.0,0.0,22.0,0.0,7.0,0.0,83.0,2.0,0.0,0.0,1.0,-0.027970179858952268,-0.18827349289073714,-0.1275519600589978,-0.007719313883108272,1.888975756210269,0.09154098990252699,-0.07034504579162959,-0.11910610672405984,-0.12919791320011853,0.16894243532599906,-0.1824628326067655,-0.06930372276885687,-0.15001322365700048,0.013471361800327993,0.05777595718110798,0.05491722037638777,-0.15797629343215172,0.03224864732983013,0.0628878217725071,-0.019784226182213507,-0.10968019034324779,-0.03087346191658939,-0.03021581483703515,0.04990870277300484,-0.07330452249189978,0.025382347770824376,-0.09270778723875307,-0.02712013013461787,-0.019851908976871703,-0.04136613683987285,-0.050269119640593704,0.041061794483372764,0.05009377283014747,-0.03943841709490631,-0.008677188536520008,0.015520686370377988,0.10596202742217121,-0.007887488201551105,-0.09651061942270173,0.07859412786274209,-0.08150226837530647,-0.015657428702411637,-0.10458946740048633,-0.018362687948835704,-0.14194679566893836
8542423,2025-01-05 00:41:37+00:00,1,"['fltgrossmonthly__income_sum', 'rev322__tu', 'au20s__tu', 'g251c__tu', 'ENG-wtd_avg']","['balmag01__tu', 'miles_odometer__app', 'in21s__tu', 'g095s__tu', 'g407s__tu']","[1, 1, 1, 1, 1, 1, 1, 1, 1, 1, 1, 1, 1, 1, 1, 1, 1, 1, 1, 1, 1, 1, 1, 1, 1, 1, 1, 1, 1, 1, 1, 1, 1, 1, 1, 1, 1, 1, 1, 1, 1]","[1, 1, 1, 1, 1, 1, 1, 1]",33588.0,29475.0,648.0,0,1,1.0,9500.0,1.1395419847328245,83291.0,0.21639210198183711,0.3372811670434425,0.1612209029569498,B,507.0,0,129.0,3.0,0.0,9728.0,462.0,9.0,0.0,0.0,34155.0,2.0,0.0,3.0,0.0,6.0,10.0,81.0,6.0,2.0,9.0,0.0,4.0,7578.0,18.0,93.0,99999.0,48.0,6.0,0.0,38757.0,0.0,999.0,0.0,5.0,0.0,4.0,0.0,0.0,0.0,1.0,0.30369082926416546,0.4102418344400132,-0.1275519600589978,0.2004005232174445,-0.002109078899541321,0.09154098990252699,0.3264994580051225,-0.11910610672405984,0.043484354902003225,0.16894243532599906,0.06891243213546375,0.1885423072401762,0.21762167078723413,0.013471361800327993,0.05777595718110798,-0.12496553540883204,0.10874047098924666,-0.0396387847465165,0.0628878217725071,0.07473342567718344,0.16725028297757608,0.29414262121614615,0.12508668317741883,-0.09030720766073672,-0.07330452249189978,0.025382347770824376,0.10723235366853863,0.09990807864792559,-0.019851908976871703,-0.04136613683987285,0.06506737371538793,0.1373276043208283,0.05009377283014747,-0.03943841709490631,-0.008677188536520008,0.015520686370377988,0.1773409988380098,-0.007887488201551105,-0.017088484297844653,0.07859412786274209,-0.025593941117068985,0.08850290045664871,-0.10458946740048633,-0.018362687948835704,-0.14194679566893836
8577202,2025-01-19 00:17:23+00:00,1,"['rtl_trd__tu', 'au20s__tu', 'fltgrossmonthly__income_sum', 'balmag01__tu', 'ENG-wtd_avg']","['g232s__tu', 'in21s__tu', 'g095s__tu', 'trv01__tu', 'rev322__tu']","[1, 1, 1, 1, 1, 1, 1, 1, 1, 1, 1, 1, 1, 1, 1, 1, 1, 1, 1, 1, 1, 1, 1, 1, 1, 1, 1, 1, 1, 1, 1, 1, 1, 1, 1, 1, 1, 1, 1, 1, 1, 1, 1, 1, 1, 1, 1, 1, 1, 1, 1, 1, 1, 1]","[1, 1, 1, 1, 1, 1, 1]",35000.0,33975.0,549.0,0,1,1.0,7666.67,1.030169242089772,51435.0,0.22711007424130467,0.3372811670434425,0.16920622751229764,B,257.0,0,146.0,6.0,0.0,0.0,186.0,14.0,0.0,0.0,0.0,2.0,0.0,0.0,27.0,0.0,3.0,100.0,8.0,1.0,8.0,0.0,1.0,0.0,3.0,64.0,729.0,48.0,9.0,1.0,42322.0,1.0,13.0,2.0,10.0,0.0,2.0,12.0,0.0,9.0,1.0,0.30369082926416546,0.5381266846763259,-0.023523712854035837,0.4863873741462653,0.12681166561429538,0.09154098990252699,-0.07034504579162959,0.17363223309014522,-0.12919791320011853,0.16894243532599906,0.06891243213546375,-0.06930372276885687,0.21762167078723413,0.013471361800327993,0.05777595718110798,0.13159391579138138,0.10874047098924666,0.03224864732983013,0.0628878217725071,0.007908588638918862,0.28386568390968,0.29414262121614615,-0.03021581483703515,-0.09030720766073672,-0.07330452249189978,0.025382347770824376,-0.09270778723875307,-0.02712013013461787,-0.019851908976871703,0.16574715799894735,-0.050269119640593704,0.1373276043208283,0.0033944331617501993,0.1897445569872553,-0.008677188536520008,-0.049256171180166765,0.10596202742217121,-0.007887488201551105,-0.09651061942270173,0.07859412786274209,0.0794212202023958,-0.015657428702411637,-0.10458946740048633,-0.018362687948835704,-0.14194679566893836
8517364,2024-12-24 00:15:46+00:00,1,"['rtl_trd__tu', 'au20s__tu', 'fltgrossmonthly__income_sum', 'miles_odometer__app', 'rev322__tu']","['inquiryshortterm12month__ln', 'g232s__tu', 'cv15__tu', 'inquirybanking12month__ln', 'in21s__tu']","[1, 1, 1, 1, 1, 1, 1, 1, 1, 1, 1, 1, 1, 1, 1, 1, 1, 1]","[1, 1, 1, 1, 1, 1]",95416.0,87136.0,826.0,0,1,1.0,11581.0,1.0950238707308115,10.0,0.24080443445828154,0.3372811670434425,0.17940908195743838,B,167.0,0,151.0,7.0,0.0,3625.0,240.0,31.0,1.0,0.0,37382.0,4.0,1.0,2.0,28.0,0.0,11.0,81.0,1.0,1.0,7.0,0.0,2.0,1756.0,18.0,96.0,99999.0,23.0,11.0,0.0,55622.0,1.0,27.0,0.0,14.0,1.0,3.0,0.0,31.0,0.0,1.0,0.30369082926416546,0.5381266846763259,0.34054786660712466,0.4863873741462653,0.12681166561429538,0.09154098990252699,0.3264994580051225,-0.0195542954136434,-0.255209877581241,-0.20255280703278697,0.06891243213546375,0.1885423072401762,0.21762167078723413,-0.20621158598810324,0.05777595718110798,-0.0962114720772341,0.10874047098924666,0.03224864732983013,0.0628878217725071,0.07473342567718344,0.16725028297757608,-0.0922532562049396,-0.03021581483703515,-0.09030720766073672,-0.07330452249189978,0.025382347770824376,-0.09270778723875307,0.09990807864792559,-0.019851908976871703,-0.04136613683987285,0.06506737371538793,-0.056514357135833804,0.0033944331617501993,-0.03943841709490631,-0.008677188536520008,-0.049256171180166765,0.10596202742217121,-0.007887488201551105,-0.09651061942270173,-0.28347325196329687,0.07637038800224982,0.08850290045664871,0.25194094475317025,-0.018362687948835704,-0.14194679566893836
8516193,2024-12-22 06:06:15+00:00,1,"['rtl_trd__tu', 'fltgrossmonthly__income_sum', 'miles_odometer__app', 'au20s__tu', 'g095s__tu']","['linkt003__tu', 'inquirybanking12month__ln', 'ENG-wtd_avg', 'in21s__tu', 'g407s__tu']","[1, 1, 1, 1, 1, 1, 1, 1, 1, 1, 1, 1, 1, 1, 1, 1, 0, 1, 1, 1, 1, 1, 0, 0, 0, 0, 0, 0, 0, 0, 0, 0, 0, 0, 0, 0, 0, 0, 0, 0, 0, 0, 0, 1, 1, 1, 1, 1, 1, 1, 1, 1, 1]","[1, 1, 1, 1, 0, 1, 1, 1, 1, 0, 1, 0, 0, 1, 1, 1, 1, 1, 1, 0, 0, 0, 0, 0, 0, 0, 0, 0, 0, 0, 0, 0, 0, 0, 0, 0, 0, 0, 0, 0, 0, 0]",31452.0,26455.0,,0,1,0.16611295681063123,11742.160000000047,1.188886788886789,4288.0,0.24364201150254597,0.3501845945669622,0.18846775816249284,B,407.0,0,129.0,7.0,0.0,36.0,172.0,11.0,1.0,1.0,9595.0,1.0,1.0,3.0,30.0,0.0,4.0,109.0,1.0,1.0,18.0,0.0,1.0,189.0,18.0,67.0,99999.0,1.0,13.0,1.0,10766.0,2.0,0.0,0.0,7.0,0.0,83.0,8.0,31.0,0.0,1.0,0.30369082926416546,0.4102418344400132,0.34054786660712466,0.4863873741462653,-0.002109078899541321,0.09154098990252699,0.17776804417874942,0.17363223309014522,-0.05599586626278019,-0.20255280703278697,-0.1824628326067655,0.1885423072401762,-0.15001322365700048,0.16826983464198522,0.05777595718110798,-0.12496553540883204,0.10874047098924666,0.03224864732983013,0.0628878217725071,0.07473342567718344,0.38284509462663713,-0.0922532562049396,-0.03021581483703515,-0.08639642557536051,-0.07330452249189978,0.025382347770824376,-0.09270778723875307,0.09990807864792559,-0.019851908976871703,0.16574715799894735,0.06506737371538793,-0.056514357135833804,0.0033944331617501993,0.1897445569872553,-0.008677188536520008,-0.049256171180166765,-0.09643796186055453,-0.007887488201551105,-0.09651061942270173,0.07859412786274209,-0.08150226837530647,-0.015657428702411637,0.25194094475317025,-0.018362687948835704,-0.14194679566893836
8472697,2024-12-08 06:22:17+00:00,0,"['rtl_trd__tu', 'fltgrossmonthly__income_sum', 'miles_odometer__app', 'au20s__tu', 's209a__tu']","['g002s__tu', 'balmag01__tu', 'in21s__tu', 'g095s__tu', 'cv15__tu']","[1, 1, 1, 1, 1, 1, 0, 1, 1, 1, 1, 1, 1]","[1, 1, 1, 1, 1, 1, 1, 1, 1, 1, 1, 1, 1, 1, 1, 1, 1, 1, 1, 1]",57872.0,43847.0,1340.0,0,1,1.0,11699.0,1.3198622482724018,25.0,0.21956997890019528,0.39004257415648635,0.189178956603387,B,289.0,0,120.0,6.0,1.0,106.0,308.0,7.0,0.0,0.0,33097.0,3.0,0.0,0.0,50.0,0.0,9.0,115.0,2.0,2.0,20.0,0.0,1.0,0.0,1.0,67.0,99999.0,92.0,14.0,2.0,98176.0,0.0,1.0,0.0,9.0,0.0,2.0,2.0,0.0,61.0,1.0,0.30369082926416546,0.4102418344400132,0.34054786660712466,0.4863873741462653,-0.060300927094883106,-0.1660761708115241,0.17776804417874942,-0.11910610672405984,0.043484354902003225,0.16894243532599906,0.06891243213546375,0.1885423072401762,0.21762167078723413,-0.12259399033321434,0.05777595718110798,0.13159391579138138,-0.01837301611295693,0.03224864732983013,0.0628878217725071,0.07473342567718344,0.38284509462663713,-0.03087346191658939,0.12508668317741883,-0.08639642557536051,-0.07330452249189978,0.025382347770824376,-0.09270778723875307,-0.02712013013461787,-0.019851908976871703,0.16574715799894735,0.06506737371538793,0.1373276043208283,0.0033944331617501993,0.1897445569872553,-0.008677188536520008,0.015520686370377988,-0.0684240555566314,-0.007887488201551105,-0.09651061942270173,0.07859412786274209,0.0794212202023958,-0.015657428702411637,-0.10458946740048633,0.12016521996775872,-0.14194679566893836
8485509,2024-12-14 02:41:04+00:00,1,"['ENG-loan_to_value', 'rtl_trd__tu', 'cv15__tu', 'g232s__tu', 'miles_odometer__app']","['derogseverityindex__ln', 'addronfilecount__ln', 'inquiryshortterm12month__ln', 'inquirybanking12month__ln', 'ENG-wtd_avg']","[1, 1, 1, 1, 1, 1, 1, 1, 1, 0, 0, 0, 1, 1, 1, 0, 0, 0, 0, 0, 0, 0, 0, 0, 0, 0, 0, 0, 0, 0, 0, 0, 0, 0, 0, 0]",,19417.42,30775.0,,0,1,0.13063063063063063,4199.83,0.6309478472786352,31024.0,0.33560909079803414,0.19939686644815996,0.18998953315189684,B,292.0,1,39.0,4.0,0.0,4.0,254.0,5.0,1.0,0.0,0.0,1.0,5.0,1.0,28.0,6.0,4.0,1.0,1.0,0.0,9.0,0.0,3.0,22.0,5.0,117.0,417.0,1.0,40.0,0.0,663.0,2.0,2.0,1.0,7.0,1.0,83.0,6.0,0.0,6.0,1.0,0.040308154710334734,-0.15927927253764146,0.13699271006921837,0.2004005232174445,1.888975756210269,0.09154098990252699,-0.07034504579162959,-0.0195542954136434,0.14733527822414866,-0.20255280703278697,0.06891243213546375,-0.06930372276885687,-0.15001322365700048,0.16826983464198522,-0.49163307727602673,0.05491722037638777,0.10874047098924666,-0.0396387847465165,0.0628878217725071,0.07473342567718344,-0.10968019034324779,-0.0922532562049396,-0.03021581483703515,-0.09030720766073672,-0.07330452249189978,0.025382347770824376,-0.09270778723875307,-0.0014416545835477044,-0.019851908976871703,-0.04136613683987285,-0.050269119640593704,-0.056514357135833804,-0.34830650638427946,-0.03943841709490631,-0.008677188536520008,-0.049256171180166765,-0.0684240555566314,-0.007887488201551105,-0.09651061942270173,-0.28347325196329687,-0.08150226837530647,-0.015657428702411637,-0.10458946740048633,-0.018362687948835704,-0.14194679566893836
8543444,2025-01-05 03:43:10+00:00,1,"['ENG-loan_to_value', 'miles_odometer__app', 'rev322__tu', 'inquirybanking12month__ln', 'fi36s__tu']","['ENG-franchise', 'au20s__tu', 'g095s__tu', 'trv01__tu', 'linka006__tu']","[1, 1, 1, 1, 1, 1, 1, 1, 1, 1, 1, 1, 1, 1, 1, 1, 1, 1, 1, 1, 0, 0, 0, 0, 0, 0, 0, 0, 0, 0, 0, 0]",,24168.0,26075.0,,0,0,0.3977272727272727,4350.0,0.9268648130393097,13683.0,0.3191101463427395,0.27775640912627786,0.1957909230003655,B,136.0,0,39.0,1.0,0.0,2100.0,244.0,11.0,0.0,0.0,0.0,2.0,0.0,1.0,22.0,0.0,4.0,100.0,4.0,1.0,34.0,0.0,2.0,599.0,18.0,536.0,0.0,1.0,5.0,0.0,291954.0,9.0,999.0,0.0,162.0,0.0,5.0,1.0,0.0,0.0,1.0,0.05862755356495931,-0.15927927253764146,0.34054786660712466,-0.007719313883108272,0.29484426505884404,0.09154098990252699,0.3264994580051225,-0.0195542954136434,-0.05599586626278019,0.16894243532599906,0.06891243213546375,-0.06930372276885687,-0.06524181341490069,0.013471361800327993,0.05777595718110798,0.05491722037638777,0.10874047098924666,0.03224864732983013,-0.11793592802472794,0.07473342567718344,0.28386568390968,0.2460720631549191,-0.03021581483703515,0.04990870277300484,-0.07330452249189978,0.025382347770824376,-0.09270778723875307,0.09990807864792559,-0.019851908976871703,-0.04136613683987285,-0.050269119640593704,-0.056514357135833804,0.05009377283014747,-0.03943841709490631,-0.008677188536520008,-0.049256171180166765,0.1773409988380098,-0.007887488201551105,-0.09651061942270173,0.07859412786274209,-0.04071155733815719,-0.0016142148168469777,-0.10458946740048633,-0.018362687948835704,-0.14194679566893836
8554511,2025-01-10 05:02:07+00:00,1,"['trv01__tu', 'au20s__tu', 'balmag01__tu', 'ENG-wtd_avg', 'ENG-loan_to_value']","['g232s__tu', 'ENG-franchise', 'rtl_trd__tu', 'in21s__tu', 'g095s__tu']","[1, 1, 1, 1, 1, 1, 1, 1, 1, 1, 1, 1, 1, 1, 1, 1, 1, 1, 1, 1, 1, 1, 1, 1, 1, 1, 1, 1, 1, 1, 1, 1, 1, 1, 1, 1, 1, 1, 1, 1, 1, 1, 1, 1, 1]","[1, 1, 1, 1, 1, 1, 1, 1, 1, 1, 1, 1, 1, 1, 1, 1, 1]",30285.0,28200.0,477.0,0,0,1.0,5000.0,1.0739361702127659,41255.0,0.27667459021112717,0.3372811670434425,0.2061338045638374,B,183.0,0,117.0,0.0,0.0,27.0,178.0,17.0,0.0,0.0,0.0,2.0,0.0,1.0,0.0,0.0,1.0,117.0,4.0,1.0,19.0,0.0,999.0,27.0,1.0,87.0,999.0,2.0,3.0,1.0,16782.0,1.0,999.0,0.0,9.0,0.0,3.0,1.0,0.0,13.0,0.0,0.05862755356495931,0.3655886981676968,0.037311957071715245,-0.14209565667603957,0.12681166561429538,0.09154098990252699,0.17776804417874942,0.17363223309014522,-0.15507978464835534,0.16894243532599906,0.06891243213546375,-0.06930372276885687,0.21762167078723413,0.013471361800327993,0.05777595718110798,0.05491722037638777,0.10874047098924666,0.03224864732983013,-0.11793592802472794,-0.019784226182213507,0.38284509462663713,0.2460720631549191,-0.03021581483703515,-0.08639642557536051,-0.07330452249189978,0.025382347770824376,0.33183641136280506,-0.0014416545835477044,-0.019851908976871703,-0.04136613683987285,-0.050269119640593704,-0.056514357135833804,0.05009377283014747,0.1897445569872553,-0.008677188536520008,-0.049256171180166765,0.1773409988380098,-0.007887488201551105,-0.09651061942270173,0.07859412786274209,0.07637038800224982,-0.0016142148168469777,-0.10458946740048633,-0.018362687948835704,0.25986861206479284
8577049,2025-01-18 23:51:40+00:00,1,"['ENG-bk', 'au20s__tu', 'g095s__tu', 'jt20s__tu', 'ENG-wtd_avg']","['inquiryshortterm12month__ln', 'inquirybanking12month__ln', 'balmag01__tu', 'in21s__tu', 'g407s__tu']","[1, 1, 1, 1, 1, 1, 1, 1, 1, 1, 1, 1, 1, 1, 1, 1, 1, 1, 1, 1, 1, 1, 1, 1, 1, 1, 1, 1, 1, 1, 1, 1, 1, 1, 1, 1, 1, 1, 1, 1, 1, 1, 1, 1, 1, 1, 1, 1, 1, 1, 1, 1, 1, 1, 1, 1, 1, 1, 1, 1, 1, 1, 1]",,30389.0,26002.0,,1,1,1.0,5906.67,1.1687177909391586,28665.0,0.33039517423257797,0.2899966430839025,0.2116481700039615,B,464.0,0,130.0,4.0,0.0,0.0,352.0,7.0,1.0,0.0,1366.0,1.0,3.0,3.0,42.0,6.0,1.0,213.0,3.0,1.0,2.0,0.0,2.0,20.0,18.0,99.0,1085.0,44.0,2.0,0.0,6332.0,0.0,1.0,0.0,5.0,1.0,4.0,8.0,26.0,0.0,1.0,0.13197734800913727,0.4102418344400132,0.13699271006921837,0.2004005232174445,-0.002109078899541321,0.09154098990252699,-0.07034504579162959,-0.11910610672405984,0.043484354902003225,-0.20255280703278697,0.06891243213546375,0.15358010403820122,0.21762167078723413,0.16826983464198522,0.05777595718110798,-0.12496553540883204,0.10001349160327515,-0.0396387847465165,0.0628878217725071,-0.019784226182213507,0.5094610820757571,0.17204724541497285,-0.03021581483703515,-0.09030720766073672,0.3644461705690194,0.025382347770824376,-0.09270778723875307,-0.0014416545835477044,-0.019851908976871703,-0.04136613683987285,-0.050269119640593704,0.041061794483372764,0.05009377283014747,-0.03943841709490631,-0.008677188536520008,0.015520686370377988,-0.0684240555566314,-0.007887488201551105,-0.017088484297844653,-0.28347325196329687,-0.025593941117068985,-0.015657428702411637,0.25194094475317025,-0.018362687948835704,-0.14194679566893836
8431694,2024-11-30 01:55:34+00:00,1,"['ENG-loan_to_value', 'au20s__tu', 'balmag01__tu', 'linka006__tu', 'cv15__tu']","['inquirybanking12month__ln', 'g002s__tu', 'rtl_trd__tu', 'g095s__tu', 'trv01__tu']","[1, 1, 1, 0, 0, 1, 1, 1, 0, 0, 1, 0, 0, 1, 1, 0, 1, 0, 0, 0, 0, 0, 0, 1, 0, 0, 0, 0, 0, 0, 0, 1, 0, 0, 0, 0, 0, 1, 1, 1, 0, 0, 0, 0, 0, 0, 0, 0, 0, 0, 0, 0]","[1, 1, 1, 1, 1, 1, 1, 0, 1, 1, 0, 0, 0, 0, 0, 0, 1, 1, 0, 1, 1, 1, 1, 0, 0, 1, 1, 1, 0, 0, 0, 0, 0, 0, 0, 1, 1, 1, 0, 0, 1, 1, 0, 1, 0, 0, 0, 1, 1, 0, 0]",25140.0,25050.0,471.0,0,1,0.44042232277526394,4000.0,1.0035928143712576,52655.0,0.3580357930377079,0.27775640912627786,0.21967386242469947,B,452.0,0,112.0,0.0,1.0,13.0,192.0,6.0,1.0,0.0,0.0,1.0,0.0,1.0,33.0,0.0,3.0,53.0,2.0,2.0,31.0,0.0,1.0,0.0,18.0,59.0,266.0,22.0,5.0,2.0,15286.0,0.0,6.0,0.0,1.0,0.0,3.0,2.0,0.0,0.0,1.0,-0.027970179858952268,0.3655886981676968,-0.023523712854035837,-0.14209565667603957,0.29484426505884404,-0.1660761708115241,-0.07034504579162959,0.17363223309014522,0.1363642225800611,-0.20255280703278697,0.06891243213546375,-0.06930372276885687,-0.06524181341490069,0.16826983464198522,0.05777595718110798,0.05491722037638777,0.10001349160327515,0.03224864732983013,0.0628878217725071,0.007908588638918862,-0.0019601420341259297,-0.03087346191658939,0.12508668317741883,0.04990870277300484,-0.07330452249189978,0.025382347770824376,-0.09270778723875307,-0.02712013013461787,-0.019851908976871703,0.16574715799894735,-0.050269119640593704,-0.056514357135833804,0.05009377283014747,0.1897445569872553,-0.008677188536520008,0.015520686370377988,-0.0684240555566314,-0.007887488201551105,0.22656232222654338,0.07859412786274209,0.07637038800224982,-0.015657428702411637,-0.10458946740048633,-0.018362687948835704,-0.14194679566893836
8535691,2025-01-03 01:41:47+00:00,1,"['fltgrossmonthly__income_sum', 'ENG-bk', 'g095s__tu', 'jt20s__tu', 'ENG-loan_to_value']","['inquirybanking12month__ln', 'balmag01__tu', 'ENG-franchise', 'trv01__tu', 'rev322__tu']","[1, 1, 1, 1, 1, 1, 0, 0, 0, 1, 1, 1, 1, 1, 1, 1, 1, 1, 1, 1, 1, 1, 1, 1, 1, 1, 1, 1, 1, 1, 1, 1, 1, 1, 0, 1, 1, 1, 1, 1, 1, 1, 0, 0, 0, 0, 0, 0, 0, 0, 0, 0, 0, 0, 0, 0, 0, 0, 0, 0, 0, 0, 0]",,32335.0,29000.0,,1,0,0.41865079365079366,6992.07,1.115,32521.0,0.3076072707535139,0.2596410016840132,0.2267501080634756,B,294.0,1,65.0,4.0,0.0,0.0,600.0,9.0,1.0,0.0,0.0,2.0,1.0,1.0,33.0,0.0,0.0,261.0,7.0,1.0,27.0,0.0,1.0,0.0,18.0,536.0,99999.0,78.0,3.0,0.0,291954.0,0.0,2.0,0.0,9.0,0.0,3.0,4.0,4.0,0.0,1.0,0.30369082926416546,0.020443712167482336,0.13699271006921837,0.2004005232174445,0.12681166561429538,0.09154098990252699,-0.07034504579162959,-0.11910610672405984,0.043484354902003225,-0.20255280703278697,0.06891243213546375,-0.06930372276885687,-0.06524181341490069,0.013471361800327993,0.05777595718110798,0.05491722037638777,0.10001349160327515,0.03224864732983013,-0.11793592802472794,-0.019784226182213507,0.5094610820757571,0.29414262121614615,-0.03021581483703515,0.04990870277300484,0.3644461705690194,0.025382347770824376,-0.09270778723875307,-0.02712013013461787,-0.019851908976871703,-0.04136613683987285,0.06506737371538793,0.1373276043208283,0.05009377283014747,-0.03943841709490631,-0.008677188536520008,0.015520686370377988,-0.0684240555566314,-0.007887488201551105,-0.09651061942270173,0.07859412786274209,0.07637038800224982,-0.015657428702411637,0.25194094475317025,-0.018362687948835704,-0.14194679566893836
8470947,2024-12-08 00:41:00+00:00,1,"['balmag01__tu', 'fltgrossmonthly__income_sum', 'miles_odometer__app', 'trv01__tu', 'au20s__tu']","['rp01s__tu', 'cv15__tu', 'g002s__tu', 'rtl_trd__tu', 'g232s__tu']","[1, 1, 1, 1, 1, 1, 1, 1, 1, 1, 1, 1, 1, 1, 1, 1, 1, 0, 0, 0, 0, 0, 0, 0, 0, 0, 0, 0, 0, 0, 0, 0, 0, 0, 0, 0]","[1, 1, 1, 1, 1, 1, 1, 1, 1, 1, 1, 1, 1, 1, 1, 1, 1, 1, 1, 1]",38465.0,28975.0,520.0,0,1,1.0,7235.0,1.3275237273511649,15514.0,0.26595273434917216,0.39004257415648635,0.22914180272733725,B,424.0,0,123.0,0.0,2.0,0.0,104.0,14.0,0.0,0.0,0.0,5.0,0.0,5.0,43.0,0.0,2.0,94.0,4.0,2.0,21.0,1.0,999.0,0.0,1.0,27.0,99999.0,1.0,8.0,2.0,16176.0,0.0,29.0,0.0,8.0,0.0,83.0,2.0,0.0,48.0,1.0,0.30369082926416546,0.4102418344400132,0.34054786660712466,-0.14209565667603957,-0.060300927094883106,-0.1660761708115241,-0.07034504579162959,0.4398748289474107,-0.12919791320011853,0.16894243532599906,0.06891243213546375,-0.06930372276885687,0.21762167078723413,-0.20621158598810324,0.05777595718110798,-0.1698800097696574,0.10001349160327515,0.03224864732983013,0.0628878217725071,-0.0025250221890105603,0.28386568390968,0.2460720631549191,0.12508668317741883,-0.08639642557536051,-0.07330452249189978,-0.1622949085028706,0.33183641136280506,-0.02712013013461787,-0.019851908976871703,0.2987949245456811,0.06506737371538793,-0.056514357135833804,0.029134920956684608,0.1897445569872553,-0.008677188536520008,0.015520686370377988,0.10596202742217121,-0.007887488201551105,-0.09651061942270173,0.07859412786274209,-0.08150226837530647,-0.015657428702411637,-0.10458946740048633,0.12016521996775872,-0.14194679566893836
8547862,2025-01-07 23:28:03+00:00,1,"['miles_odometer__app', 'g251c__tu', 'balmag01__tu', 'ENG-wtd_avg', 'au20s__tu']","['linkt003__tu', 'rtl_trd__tu', 'g232s__tu', 'in21s__tu', 'g095s__tu']","[0, 0, 0, 0, 0, 0, 0, 0, 0, 0, 0, 0]","[1, 1, 1, 1, 1, 1, 1, 1, 1, 1, 1, 1, 1, 1, 1]",33492.0,26977.0,286.0,0,1,1.0,5757.0,1.2415020202394633,25.0,0.30671004151358355,0.3501845945669622,0.23725363936008287,B,95.0,0,88.0,0.0,0.0,0.0,153.0,13.0,0.0,1.0,1189.0,2.0,0.0,0.0,50.0,0.0,1.0,1.0,2.0,2.0,17.0,0.0,1.0,0.0,18.0,86.0,99999.0,1.0,2.0,1.0,8972.0,0.0,69.0,0.0,3.0,0.0,4.0,0.0,0.0,0.0,0.0,0.13197734800913727,0.2177365717902033,0.34054786660712466,-0.14209565667603957,-0.002109078899541321,0.09154098990252699,-0.07034504579162959,0.17363223309014522,-0.12919791320011853,0.16894243532599906,-0.1824628326067655,0.15358010403820122,0.21762167078723413,0.013471361800327993,0.05777595718110798,0.13159391579138138,-0.01837301611295693,0.03224864732983013,0.0628878217725071,-0.019784226182213507,-0.10968019034324779,-0.03087346191658939,0.12508668317741883,-0.08639642557536051,-0.07330452249189978,0.025382347770824376,-0.09270778723875307,-0.02712013013461787,-0.019851908976871703,-0.04136613683987285,0.06506737371538793,-0.056514357135833804,0.05009377283014747,0.1897445569872553,-0.008677188536520008,0.015520686370377988,0.1773409988380098,-0.007887488201551105,0.08445375502265723,0.07859412786274209,-0.025593941117068985,0.08850290045664871,-0.10458946740048633,-0.018362687948835704,0.25986861206479284
8461843,2024-12-04 07:14:38+00:00,0,"['g095s__tu', 'g251c__tu', 'ENG-loan_to_value', 'rtl_trd__tu', 'inquirybanking12month__ln']","['g232s__tu', 'balmag01__tu', 'ENG-wtd_avg', 'au20s__tu', 'fltgrossmonthly__income_sum']",,,18308.29,17875.0,,0,1,0.0,2513.33,1.02424,50352.0,0.3880101833422574,0.27775640912627786,0.2380647334495201,B,425.0,0,1.0,3.0,0.0,0.0,413.0,18.0,0.0,0.0,0.0,2.0,3.0,0.0,27.0,0.0,6.0,1.0,1.0,2.0,27.0,0.0,1.0,0.0,5.0,104.0,1054.0,7.0,2.0,0.0,291954.0,0.0,999.0,0.0,8.0,0.0,5.0,0.0,108.0,25.0,1.0,-0.1091665809718578,-0.18827349289073714,-0.023523712854035837,0.2004005232174445,0.12681166561429538,0.09154098990252699,-0.07034504579162959,-0.11910610672405984,-0.15507978464835534,0.16894243532599906,0.06891243213546375,-0.06930372276885687,-0.15001322365700048,0.013471361800327993,0.05777595718110798,0.13159391579138138,0.10874047098924666,0.03224864732983013,0.0628878217725071,0.07473342567718344,-0.10968019034324779,-0.0922532562049396,0.12508668317741883,0.04990870277300484,-0.07330452249189978,0.025382347770824376,-0.09270778723875307,-0.02712013013461787,-0.019851908976871703,-0.04136613683987285,-0.050269119640593704,-0.056514357135833804,0.05009377283014747,-0.03943841709490631,-0.008677188536520008,0.015520686370377988,0.1773409988380098,-0.007887488201551105,-0.09651061942270173,0.07859412786274209,-0.04071155733815719,0.08850290045664871,0.25194094475317025,0.037739856890154314,-0.14194679566893836
8534824,2025-01-01 04:56:27+00:00,1,"['trv01__tu', 'au20s__tu', 'ENG-wtd_avg', 'ENG-loan_to_value', 'inquirybanking12month__ln']","['miles_odometer__app', 'in21s__tu', 'g095s__tu', 'g407s__tu', 'rev322__tu']","[1, 1, 1, 1, 1, 0, 0, 1, 1, 1, 1, 1, 1, 1, 1, 1, 1, 1, 1, 1, 1, 1, 1, 1, 1, 1, 1, 1, 1, 1, 1]","[1, 1]",21633.0,20200.0,728.0,0,1,1.0,5000.0,1.070940594059406,87734.0,0.3322093600302665,0.3372811670434425,0.24750946316573735,B,168.0,0,122.0,1.0,0.0,0.0,239.0,8.0,0.0,0.0,8692.0,2.0,3.0,2.0,20.0,6.0,1.0,17.0,1.0,1.0,3.0,0.0,999.0,0.0,1.0,98.0,228.0,40.0,5.0,0.0,291954.0,0.0,42.0,0.0,5.0,0.0,3.0,1.0,0.0,28.0,1.0,0.05862755356495931,0.4102418344400132,-0.1275519600589978,-0.007719313883108272,0.12681166561429538,0.09154098990252699,-0.07034504579162959,-0.0195542954136434,0.043484354902003225,0.16894243532599906,0.06891243213546375,0.1885423072401762,0.21762167078723413,0.013471361800327993,0.05777595718110798,-0.0962114720772341,0.10874047098924666,-0.0396387847465165,0.0628878217725071,-0.019784226182213507,-0.10968019034324779,-0.0922532562049396,-0.03021581483703515,-0.09030720766073672,-0.07330452249189978,0.025382347770824376,0.33183641136280506,-0.02712013013461787,-0.019851908976871703,-0.04136613683987285,-0.050269119640593704,0.041061794483372764,0.05009377283014747,-0.03943841709490631,-0.008677188536520008,0.015520686370377988,0.10596202742217121,-0.007887488201551105,-0.017088484297844653,0.07859412786274209,0.07637038800224982,-0.0016142148168469777,-0.10458946740048633,0.037739856890154314,-0.14194679566893836
8568016,2025-01-16 00:24:33+00:00,1,"['ENG-bk', 'g095s__tu', 'ENG-wtd_avg', 'rtl_trd__tu', 'au20s__tu']","['g002s__tu', 'ENG-franchise', 'in21s__tu', 'g407s__tu', 'trv01__tu']","[1, 1, 1, 1, 1, 1, 1, 1, 1, 1, 1, 1, 1, 1, 1, 1, 1, 1, 1, 1, 1, 1, 1, 1]",,,,,1,0,1.0,5704.0,1.2734844012832087,60518.520779948754,0.35473411216042205,0.31672530923551634,0.24818388232634994,B,217.0,0,95.0,3.0,1.0,0.0,293.0,7.0,0.0,0.0,7301.0,1.0,1.0,3.0,38.0,6.0,0.0,66.0,9.0,1.0,14.0,0.0,1.0,0.0,18.0,536.0,442.0,1.0,4.0,0.0,291954.0,0.0,1.0,0.0,11.0,0.0,3.0,9.0,13.0,0.0,0.0,0.13197734800913727,0.2177365717902033,-0.04132723560415334,0.2004005232174445,-0.060300927094883106,-0.1660761708115241,-0.07034504579162959,-0.06943203585757203,0.043484354902003225,0.16894243532599906,0.06891243213546375,0.15358010403820122,0.21762167078723413,0.16826983464198522,0.05777595718110798,-0.12496553540883204,0.10001349160327515,-0.0396387847465165,-0.11793592802472794,-0.019784226182213507,-0.0019601420341259297,0.29414262121614615,-0.03021581483703515,-0.09030720766073672,0.3644461705690194,0.025382347770824376,-0.09270778723875307,-0.02712013013461787,-0.019851908976871703,-0.04136613683987285,-0.050269119640593704,-0.056514357135833804,0.05009377283014747,-0.03943841709490631,-0.008677188536520008,0.015520686370377988,-0.0684240555566314,-0.007887488201551105,-0.09651061942270173,0.07859412786274209,0.07637038800224982,-0.015657428702411637,0.25194094475317025,-0.018362687948835704,0.25986861206479284
8438428,2024-12-03 03:58:27+00:00,1,"['balmag01__tu', 'trv01__tu', 'rev322__tu', 'jt20s__tu', 'ENG-wtd_avg']","['rp01s__tu', 'inquirybanking12month__ln', 'g232s__tu', 'miles_odometer__app', 'in21s__tu']","[1, 1, 1, 1, 1, 1, 1, 1, 1, 1, 1, 1, 1, 1, 1, 1, 1, 1, 1]","[1, 1, 1, 1, 1, 1, 1, 1, 1, 1, 1, 1]",26126.0,20175.0,573.0,0,1,1.0,6640.0,1.2949690210656752,87075.0,0.2916634675510595,0.39004257415648635,0.2512938733565009,B,478.0,0,83.0,1.0,0.0,1298.0,128.0,16.0,1.0,0.0,0.0,2.0,0.0,1.0,33.0,0.0,4.0,312.0,8.0,2.0,15.0,1.0,999.0,1682.0,18.0,72.0,99999.0,1.0,12.0,1.0,30009.0,1.0,2.0,0.0,4.0,0.0,2.0,1.0,0.0,0.0,1.0,0.13197734800913727,0.020443712167482336,-0.1275519600589978,-0.007719313883108272,-0.060300927094883106,0.09154098990252699,0.3264994580051225,0.4398748289474107,-0.15507978464835534,-0.20255280703278697,0.06891243213546375,-0.06930372276885687,0.21762167078723413,0.013471361800327993,0.05777595718110798,0.05491722037638777,0.10001349160327515,0.03224864732983013,0.0628878217725071,0.07473342567718344,0.5094610820757571,0.29414262121614615,0.12508668317741883,-0.09030720766073672,-0.07330452249189978,-0.1622949085028706,0.33183641136280506,0.09990807864792559,-0.019851908976871703,0.16574715799894735,0.06506737371538793,-0.056514357135833804,0.0033944331617501993,0.1897445569872553,-0.008677188536520008,-0.049256171180166765,-0.0684240555566314,-0.007887488201551105,0.0509809958782628,0.07859412786274209,0.0794212202023958,-0.0016142148168469777,-0.10458946740048633,-0.018362687948835704,-0.14194679566893836
8427599,2024-11-27 06:30:06+00:00,1,"['rtl_trd__tu', 'trv01__tu', 'g095s__tu', 'rev322__tu', 'au20s__tu']","['g232s__tu', 'balmag01__tu', 'g407s__tu', 'in21s__tu', 'cv15__tu']","[1, 1, 1, 1, 1, 1, 1, 1, 1, 1, 1, 1, 1, 1, 1, 1, 1, 1, 1, 1]","[1, 1, 1, 1, 1, 1, 0]",,,,0,1,0.75,5135.0,1.2734844012832087,60518.520779948754,0.29539182807771186,0.39004257415648635,0.25450618570359984,B,313.0,0,98.0,5.0,0.0,18.0,326.0,16.0,0.0,0.0,45695.0,3.0,0.0,4.0,39.0,0.0,1.0,98.0,6.0,1.0,16.0,0.0,999.0,147.0,18.0,536.0,806.0,1.0,1.0,0.0,291954.0,0.0,43.0,0.0,11.0,0.0,5.0,7.0,12.0,0.0,0.0,0.05862755356495931,0.2177365717902033,-0.04132723560415334,0.4863873741462653,-0.060300927094883106,0.09154098990252699,0.17776804417874942,-0.11910610672405984,-0.15507978464835534,0.16894243532599906,0.06891243213546375,0.1885423072401762,0.010623758166246828,-0.12259399033321434,0.05777595718110798,-0.1698800097696574,0.10001349160327515,0.03224864732983013,0.0628878217725071,-0.019784226182213507,0.28386568390968,0.29414262121614615,-0.03021581483703515,-0.09030720766073672,-0.07330452249189978,0.025382347770824376,0.33183641136280506,0.09990807864792559,-0.019851908976871703,-0.04136613683987285,-0.050269119640593704,-0.056514357135833804,0.05009377283014747,-0.03943841709490631,-0.008677188536520008,0.015520686370377988,0.10596202742217121,-0.007887488201551105,-0.09651061942270173,0.07859412786274209,-0.04071155733815719,-0.015657428702411637,0.25194094475317025,-0.018362687948835704,0.25986861206479284
8559660,2025-01-12 03:30:19+00:00,1,"['ENG-loan_to_value', 'fltgrossmonthly__income_sum', 'g232s__tu', 'g095s__tu', 's209a__tu']","['rp01s__tu', 'linkt003__tu', 'ENG-wtd_avg', 'ENG-franchise', 'au20s__tu']","[1, 1, 1, 1, 0, 0, 0, 0, 0, 0, 0, 0, 0, 0, 0, 0, 0, 0, 0, 0, 0]",,12052.0,12225.0,,0,0,0.04329004329004329,7600.0,0.9858486707566462,93801.0,0.4183352371111909,0.27775640912627786,0.2566707550238958,B,364.0,0,30.0,1.0,0.0,0.0,254.0,3.0,0.0,1.0,0.0,1.0,1.0,0.0,60.0,0.0,2.0,1.0,1.0,1.0,23.0,3.0,1.0,0.0,2.0,140.0,0.0,1.0,7.0,0.0,18101.0,9.0,1.0,0.0,162.0,0.0,3.0,6.0,58.0,35.0,0.0,0.30369082926416546,-0.18827349289073714,-0.1275519600589978,-0.007719313883108272,0.29484426505884404,0.09154098990252699,-0.07034504579162959,-0.0195542954136434,0.29009271071754617,0.16894243532599906,-0.1824628326067655,-0.06930372276885687,-0.15001322365700048,0.16826983464198522,0.05777595718110798,0.13159391579138138,-0.04608437682097869,0.03224864732983013,-0.11793592802472794,-0.0025250221890105603,-0.10968019034324779,-0.0922532562049396,-0.03021581483703515,-0.08639642557536051,-0.07330452249189978,-0.1622949085028706,-0.09270778723875307,-0.02712013013461787,-0.019851908976871703,-0.04136613683987285,-0.050269119640593704,-0.056514357135833804,0.029134920956684608,-0.03943841709490631,-0.008677188536520008,-0.049256171180166765,-0.0684240555566314,-0.007887488201551105,-0.09651061942270173,0.07859412786274209,0.07637038800224982,-0.015657428702411637,0.25194094475317025,0.12016521996775872,0.25986861206479284
8519740,2024-12-25 00:35:00+00:00,1,"['ENG-loan_to_value', 'trv01__tu', 'in34s__tu', 'balmag01__tu', 'ENG-wtd_avg']","['g232s__tu', 'cv15__tu', 'inquirybanking12month__ln', 'ENG-franchise', 'miles_odometer__app']","[1, 1, 1, 1, 1, 1, 1, 1, 1, 1, 1, 1, 1, 1, 1, 1, 1, 1, 1, 1, 1, 1, 1, 1, 1, 1, 1, 1, 1, 1, 1]",,14413.0,16425.0,,0,0,1.0,4500.0,0.877503805175038,86931.0,0.3274447147052935,0.27775640912627786,0.2582139516500428,B,63.0,1,42.0,2.0,0.0,180.0,151.0,57.0,1.0,0.0,15760.0,14.0,0.0,14.0,30.0,0.0,3.0,35.0,2.0,1.0,15.0,0.0,999.0,1074.0,1.0,41.0,952.0,1.0,1.0,0.0,0.0,0.0,29.0,0.0,30.0,0.0,5.0,3.0,0.0,7.0,1.0,0.05862755356495931,-0.15927927253764146,-0.1275519600589978,0.10794025034518957,0.7217349611530631,0.09154098990252699,0.17776804417874942,0.17363223309014522,-0.38056948270557656,-0.20255280703278697,0.06891243213546375,0.1885423072401762,0.21762167078723413,-0.3446164652968252,0.05777595718110798,-0.1698800097696574,0.10874047098924666,0.03224864732983013,-0.11793592802472794,0.007908588638918862,-0.10968019034324779,-0.03087346191658939,-0.03021581483703515,-0.09030720766073672,-0.07330452249189978,0.025382347770824376,0.33183641136280506,0.09990807864792559,-0.019851908976871703,0.2987949245456811,-0.050269119640593704,-0.056514357135833804,0.05009377283014747,-0.03943841709490631,0.1480974085261193,0.015520686370377988,0.10596202742217121,-0.007887488201551105,-0.09651061942270173,0.07859412786274209,-0.04071155733815719,-0.015657428702411637,-0.10458946740048633,-0.018362687948835704,-0.14194679566893836
8533840,2025-01-01 01:05:48+00:00,1,"['balmag01__tu', 'au20s__tu', 'g095s__tu', 'ENG-loan_to_value', 'miles_odometer__app']","['inquirybanking12month__ln', 'g002s__tu', 'in21s__tu', 'cv15__tu', 'g407s__tu']","[1, 1, 0, 0, 0, 0, 0, 0, 0, 0, 0, 0, 0, 0, 0, 0, 0, 0, 0, 0, 0, 0, 0, 0, 0, 0]","[1, 1, 1, 1, 1, 1, 1, 1, 1, 1, 1, 1, 1, 1, 1, 1, 1, 0, 1, 1, 1, 1, 1, 0, 1, 1, 1, 1, 1, 1, 1, 1, 1, 0, 1, 1, 1, 1, 1, 1, 1, 1, 1, 1, 1, 1, 1, 1, 0, 0, 1, 1, 0, 0, 0, 1, 0, 0, 0, 0, 0, 1, 1, 1]",28602.0,26400.0,315.0,0,1,0.6961538461538461,4791.67,1.083409090909091,26054.0,0.3538014126604588,0.3372811670434425,0.263596419158363,B,237.0,0,128.0,1.0,2.0,0.0,121.0,10.0,1.0,0.0,0.0,3.0,1.0,3.0,67.0,0.0,1.0,96.0,4.0,1.0,9.0,0.0,1.0,0.0,8.0,53.0,99999.0,1.0,5.0,1.0,6584.0,6.0,1.0,1.0,15.0,0.0,83.0,7.0,69.0,3.0,1.0,0.05862755356495931,0.4102418344400132,0.13699271006921837,-0.007719313883108272,0.12681166561429538,-0.1660761708115241,-0.07034504579162959,0.4398748289474107,0.043484354902003225,-0.20255280703278697,0.06891243213546375,-0.06930372276885687,0.010623758166246828,-0.12259399033321434,0.05777595718110798,-0.12496553540883204,-0.04608437682097869,0.03224864732983013,0.0628878217725071,-0.019784226182213507,0.28386568390968,0.2460720631549191,-0.03021581483703515,-0.09030720766073672,-0.07330452249189978,0.025382347770824376,-0.09270778723875307,-0.02712013013461787,-0.019851908976871703,0.16574715799894735,0.06506737371538793,-0.056514357135833804,0.05009377283014747,0.1897445569872553,-0.008677188536520008,-0.049256171180166765,-0.0684240555566314,-0.007887488201551105,-0.09651061942270173,0.07859412786274209,-0.08150226837530647,-0.015657428702411637,0.25194094475317025,-0.018362687948835704,-0.14194679566893836
8559765,2025-01-12 03:45:47+00:00,1,"['ENG-loan_to_value', 'rev322__tu', 'balmag01__tu', 'ENG-wtd_avg', 'fi36s__tu']","['inquirybanking12month__ln', 'g232s__tu', 'g002s__tu', 'ENG-franchise', 'au20s__tu']",,"[1, 1, 1, 1, 1, 1, 1, 1, 1, 1, 1, 1, 1, 1, 1, 1]",16436.0,16900.0,593.0,0,0,1.0,1930.68,0.9725443786982249,62899.0,0.43307209423169774,0.27775640912627786,0.2657125949365933,C,21.0,0,19.0,1.0,1.0,300.0,182.0,16.0,1.0,0.0,706.0,2.0,0.0,3.0,33.0,0.0,1.0,19.0,1.0,1.0,19.0,0.0,4.0,0.0,18.0,89.0,773.0,1.0,1.0,1.0,23232.0,0.0,999.0,0.0,3.0,0.0,2.0,1.0,0.0,0.0,1.0,-0.1091665809718578,-0.18827349289073714,-0.04132723560415334,-0.007719313883108272,0.29484426505884404,-0.1660761708115241,0.3264994580051225,0.17363223309014522,-0.15507978464835534,-0.20255280703278697,0.06891243213546375,0.10777261724792812,0.21762167078723413,0.013471361800327993,0.05777595718110798,-0.12496553540883204,0.10001349160327515,0.03224864732983013,-0.11793592802472794,-0.019784226182213507,-0.10968019034324779,-0.0922532562049396,-0.03021581483703515,-0.08639642557536051,-0.07330452249189978,0.025382347770824376,0.10723235366853863,-0.02712013013461787,-0.019851908976871703,-0.04136613683987285,-0.050269119640593704,-0.056514357135833804,0.05009377283014747,0.1897445569872553,-0.008677188536520008,0.015520686370377988,0.1773409988380098,-0.007887488201551105,0.08445375502265723,0.07859412786274209,0.0794212202023958,-0.0016142148168469777,-0.10458946740048633,-0.018362687948835704,-0.14194679566893836
8436117,2024-12-01 05:53:05+00:00,1,"['trv01__tu', 'rev322__tu', 'g251c__tu', 'ENG-loan_to_value', 'linka006__tu']","['linkt003__tu', 'inquirybanking12month__ln', 'ENG-wtd_avg', 'au20s__tu', 'rtl_trd__tu']",,,19619.0,19200.0,,0,1,0.0,3723.0,1.0218229166666666,34935.0,0.46841003575161616,0.27775640912627786,0.28739428781415727,C,11.0,0,1.0,0.0,0.0,1300.0,300.0,13.0,1.0,3.0,0.0,2.0,0.0,1.0,0.0,6.0,0.0,1.0,1.0,1.0,0.0,0.0,999.0,1300.0,18.0,536.0,99999.0,4.0,0.0,0.0,291954.0,1.0,0.0,0.0,1.0,0.0,83.0,0.0,0.0,0.0,1.0,-0.027970179858952268,-0.18827349289073714,0.13699271006921837,-0.14209565667603957,0.12681166561429538,0.09154098990252699,0.3264994580051225,-0.06943203585757203,-0.12919791320011853,-0.20255280703278697,-0.2536446870910988,-0.06930372276885687,-0.15001322365700048,0.013471361800327993,0.05777595718110798,0.05491722037638777,0.10874047098924666,-0.0396387847465165,0.0628878217725071,-0.019784226182213507,-0.10968019034324779,-0.0922532562049396,-0.03021581483703515,-0.09030720766073672,-0.07330452249189978,0.025382347770824376,0.33183641136280506,0.09990807864792559,-0.019851908976871703,-0.04136613683987285,0.06506737371538793,-0.056514357135833804,0.05009377283014747,-0.03943841709490631,-0.008677188536520008,-0.049256171180166765,-0.09643796186055453,-0.007887488201551105,0.22656232222654338,0.07859412786274209,-0.08150226837530647,0.08850290045664871,-0.10458946740048633,-0.018362687948835704,-0.14194679566893836
8575367,2025-01-18 04:43:11+00:00,1,"['in21s__tu', 'fltgrossmonthly__income_sum', 'au20s__tu', 'addrprevioustimenewest__ln', 'g232s__tu']","['g002s__tu', 'balmag01__tu', 'ENG-wtd_avg', 'ENG-franchise', 'miles_odometer__app']",[],,14310.0,11457.0,,0,0,0.0,7500.0,1.249018067556952,95959.0,0.37287396088627733,0.3501845945669622,0.28843432646126954,C,170.0,0,129.0,2.0,2.0,0.0,436.0,4.0,0.0,0.0,0.0,2.0,0.0,0.0,63.0,0.0,0.0,1.0,5.0,2.0,129.0,0.0,1.0,0.0,2.0,536.0,0.0,127.0,1.0,0.0,291954.0,9.0,0.0,0.0,162.0,0.0,2.0,6.0,0.0,8.0,0.0,0.30369082926416546,0.4102418344400132,-0.1275519600589978,0.10794025034518957,-0.002109078899541321,-0.1660761708115241,-0.07034504579162959,-0.11910610672405984,0.2051052489933988,0.16894243532599906,0.06891243213546375,-0.06930372276885687,-0.15001322365700048,0.013471361800327993,0.05777595718110798,0.13159391579138138,-0.04608437682097869,0.03224864732983013,-0.11793592802472794,-0.019784226182213507,-0.10968019034324779,0.29414262121614615,0.12508668317741883,0.2697498374100057,-0.07330452249189978,0.025382347770824376,-0.09270778723875307,-0.02712013013461787,-0.019851908976871703,-0.04136613683987285,-0.050269119640593704,0.3914185213487937,0.05009377283014747,-0.03943841709490631,-0.008677188536520008,-0.049256171180166765,-0.09643796186055453,-0.007887488201551105,-0.09651061942270173,0.07859412786274209,0.0794212202023958,-0.015657428702411637,-0.10458946740048633,-0.018362687948835704,0.25986861206479284
8516889,2024-12-23 20:29:27+00:00,1,"['miles_odometer__app', 'g251c__tu', 'ENG-wtd_avg', 'ENG-loan_to_value', 'rev322__tu']","['g232s__tu', 'linkt003__tu', 'inquirybanking12month__ln', 'au20s__tu', 'rtl_trd__tu']",,"[1, 1, 1, 1, 1, 1, 1, 1, 1, 1]",33750.0,33035.0,262.0,0,1,1.0,3480.0,1.0216437112153776,10.0,0.471116854243255,0.27775640912627786,0.28905506387203667,C,47.0,0,10.0,0.0,0.0,26.0,212.0,37.0,1.0,1.0,1205.0,3.0,0.0,0.0,0.0,0.0,3.0,1.0,1.0,1.0,10.0,0.0,3.0,555.0,18.0,93.0,588.0,1.0,1.0,0.0,10000.0,0.0,999.0,0.0,15.0,0.0,2.0,0.0,0.0,0.0,1.0,-0.09681697912336358,-0.18827349289073714,0.34054786660712466,-0.14209565667603957,0.12681166561429538,0.09154098990252699,0.17776804417874942,0.04221351096772582,-0.38056948270557656,-0.20255280703278697,-0.1824628326067655,0.15358010403820122,0.21762167078723413,-0.12259399033321434,0.05777595718110798,0.13159391579138138,0.10874047098924666,0.03224864732983013,0.0628878217725071,0.007908588638918862,-0.10968019034324779,-0.0922532562049396,-0.03021581483703515,-0.09030720766073672,-0.07330452249189978,0.025382347770824376,-0.09270778723875307,0.09990807864792559,-0.019851908976871703,-0.04136613683987285,-0.050269119640593704,-0.056514357135833804,0.05009377283014747,-0.03943841709490631,-0.008677188536520008,0.015520686370377988,0.1773409988380098,-0.007887488201551105,-0.09651061942270173,0.07859412786274209,0.0794212202023958,0.08850290045664871,-0.10458946740048633,-0.018362687948835704,-0.14194679566893836
8524261,2024-12-28 00:55:34+00:00,0,"['ENG-loan_to_value', 'g095s__tu', 'balmag01__tu', 'fi101s__tu', 'ENG-wtd_avg']","['g232s__tu', 'cv15__tu', 'inquirybanking12month__ln', 'au20s__tu', 'rtl_trd__tu']","[1, 1, 1, 1, 1, 1, 1, 1, 1, 1, 0, 0, 0, 0, 0, 0, 0, 0, 0, 0, 0, 0]","[1, 1, 1, 1, 1, 1, 1, 1, 1, 1, 1, 1, 1, 1, 1, 1, 1, 1, 1, 1, 1, 1, 1, 0, 0, 1]",20928.0,21600.0,557.0,0,1,0.8603988603988604,4300.0,0.9688888888888889,67417.0,0.4752304060789941,0.27775640912627786,0.29157894510853044,C,31.0,0,30.0,0.0,0.0,0.0,141.0,43.0,1.0,0.0,7762.0,6.0,1.0,1.0,33.0,0.0,1.0,30.0,1.0,1.0,9.0,0.0,1.0,0.0,18.0,79.0,937.0,1.0,1.0,0.0,0.0,0.0,3.0,0.0,26.0,0.0,5.0,4.0,4.0,0.0,1.0,0.040308154710334734,-0.18827349289073714,-0.04132723560415334,-0.14209565667603957,0.29484426505884404,0.09154098990252699,-0.07034504579162959,0.17363223309014522,-0.38056948270557656,-0.20255280703278697,0.06891243213546375,0.1885423072401762,0.14032874394710926,-0.3446164652968252,0.05777595718110798,0.05491722037638777,0.10001349160327515,0.03224864732983013,0.0628878217725071,-0.019784226182213507,-0.10968019034324779,-0.0922532562049396,-0.03021581483703515,-0.09030720766073672,-0.07330452249189978,0.025382347770824376,-0.09270778723875307,-0.02712013013461787,-0.019851908976871703,0.16574715799894735,-0.050269119640593704,-0.056514357135833804,0.05009377283014747,-0.03943841709490631,0.1480974085261193,0.015520686370377988,-0.0684240555566314,-0.007887488201551105,-0.09651061942270173,0.07859412786274209,-0.04071155733815719,-0.015657428702411637,0.25194094475317025,-0.018362687948835704,-0.14194679566893836
8537264,2025-01-03 03:06:27+00:00,1,"['in21s__tu', 'g232s__tu', 's209a__tu', 'ENG-loan_to_value', 'linka006__tu']","['rp01s__tu', 'ENG-franchise', 'rtl_trd__tu', 'cv13__tu', 'g095s__tu']","[1, 1, 1, 0, 1, 1, 1, 1, 0, 1, 1, 1, 1, 0, 0, 0, 0, 0, 0, 1, 0, 1, 0, 0, 0, 0, 1, 1, 1, 1, 1, 0, 0, 1, 1, 1, 1, 1, 1, 0, 1, 1, 1, 1, 1, 1, 1, 1, 1, 1, 1, 0, 0, 0, 0, 0, 0, 0, 0, 0, 0, 0, 0, 0, 0, 0, 0, 0, 0, 0, 0]",,18590.0,16975.0,,0,0,0.3873239436619718,4850.0,1.095139911634757,64895.0,0.3991308908323072,0.3372811670434425,0.2973687210792813,C,271.0,0,73.0,0.0,0.0,0.0,274.0,3.0,0.0,0.0,0.0,1.0,0.0,1.0,100.0,0.0,0.0,1.0,2.0,1.0,73.0,1.0,1.0,0.0,1.0,536.0,566.0,67.0,2.0,0.0,13351.0,0.0,2.0,0.0,1.0,0.0,5.0,2.0,0.0,44.0,0.0,0.05862755356495931,0.020443712167482336,-0.04132723560415334,-0.14209565667603957,0.12681166561429538,0.09154098990252699,-0.07034504579162959,-0.06943203585757203,0.29009271071754617,0.16894243532599906,0.06891243213546375,-0.06930372276885687,-0.06524181341490069,0.16826983464198522,0.05777595718110798,0.05491722037638777,-0.15797629343215172,0.03224864732983013,-0.11793592802472794,-0.019784226182213507,-0.10968019034324779,-0.03087346191658939,-0.03021581483703515,0.2697498374100057,-0.07330452249189978,-0.1622949085028706,-0.09270778723875307,-0.02712013013461787,-0.019851908976871703,-0.04136613683987285,-0.050269119640593704,0.1373276043208283,0.05009377283014747,-0.03943841709490631,-0.008677188536520008,0.015520686370377988,-0.0684240555566314,-0.007887488201551105,0.22656232222654338,0.07859412786274209,-0.04071155733815719,-0.015657428702411637,-0.10458946740048633,0.12016521996775872,0.25986861206479284
8548456,2025-01-08 02:00:47+00:00,1,"['in21s__tu', 'g251c__tu', 'linka006__tu', 'cv15__tu', 'inquirybanking12month__ln']","['g002s__tu', 'balmag01__tu', 'ENG-wtd_avg', 'rtl_trd__tu', 'miles_odometer__app']",,,14992.0,13150.0,,0,1,0.0,4916.0,1.1400760456273764,90095.0,0.39216129951165796,0.3501845945669622,0.30335392694079666,C,373.0,0,71.0,0.0,33.0,0.0,600.0,6.0,0.0,0.0,0.0,1.0,0.0,0.0,100.0,0.0,0.0,1.0,2.0,1.0,71.0,0.0,1.0,0.0,2.0,536.0,99999.0,45.0,4.0,0.0,291954.0,0.0,31.0,0.0,0.0,0.0,1.0,0.0,0.0,25.0,0.0,0.05862755356495931,0.020443712167482336,-0.1275519600589978,-0.14209565667603957,-0.002109078899541321,-0.1660761708115241,-0.07034504579162959,-0.11910610672405984,0.1363642225800611,0.16894243532599906,0.06891243213546375,-0.06930372276885687,-0.15001322365700048,0.16826983464198522,0.05777595718110798,0.13159391579138138,-0.15797629343215172,0.03224864732983013,0.0628878217725071,-0.019784226182213507,-0.10968019034324779,-0.03087346191658939,-0.03021581483703515,0.2697498374100057,-0.07330452249189978,0.025382347770824376,-0.09270778723875307,-0.02712013013461787,-0.019851908976871703,-0.04136613683987285,0.06506737371538793,0.041061794483372764,0.05009377283014747,-0.03943841709490631,-0.008677188536520008,0.015520686370377988,0.10596202742217121,-0.007887488201551105,0.22656232222654338,0.07859412786274209,0.0794212202023958,0.08850290045664871,-0.10458946740048633,0.037739856890154314,0.25986861206479284
8562414,2025-01-14 02:04:04+00:00,1,"['rtl_trd__tu', 'trv01__tu', 'rev322__tu', 'ENG-wtd_avg', 'ENG-loan_to_value']","['cv15__tu', 'g232s__tu', 'inquirybanking12month__ln', 'ENG-franchise', 'miles_odometer__app']","[1, 1, 1, 1, 1, 1, 1, 1, 1, 1, 0, 0, 1, 1, 1, 1, 1, 1, 1, 1, 1, 1, 1, 1, 1, 1, 1, 1, 1, 1, 1, 1, 1, 1, 1, 1, 1, 1, 1, 1, 0, 1, 0, 1, 0, 0, 1]","[1, 1]",33935.0,33150.0,513.0,0,0,1.0,6066.0,1.0236802413273,91410.0,0.38662380709149846,0.27775640912627786,0.3048809663058084,C,135.0,1,58.0,6.0,0.0,2311.0,222.0,30.0,1.0,0.0,0.0,6.0,0.0,7.0,7.0,0.0,10.0,1.0,3.0,2.0,4.0,0.0,999.0,163.0,18.0,103.0,99999.0,1.0,8.0,0.0,20227.0,0.0,17.0,0.0,18.0,0.0,6.0,1.0,0.0,0.0,1.0,0.13197734800913727,0.020443712167482336,-0.1275519600589978,0.4863873741462653,0.12681166561429538,0.09154098990252699,0.3264994580051225,0.04221351096772582,-0.255209877581241,-0.20255280703278697,0.06891243213546375,-0.06930372276885687,0.21762167078723413,-0.3446164652968252,0.05777595718110798,-0.1698800097696574,0.10874047098924666,0.03224864732983013,-0.11793592802472794,0.07473342567718344,-0.10968019034324779,0.17204724541497285,0.12508668317741883,-0.09030720766073672,-0.07330452249189978,0.025382347770824376,0.33183641136280506,0.09990807864792559,-0.019851908976871703,-0.04136613683987285,0.06506737371538793,-0.056514357135833804,0.029134920956684608,-0.03943841709490631,-0.008677188536520008,0.015520686370377988,0.10596202742217121,-0.007887488201551105,-0.09651061942270173,0.07859412786274209,-0.04071155733815719,-0.0016142148168469777,-0.10458946740048633,-0.018362687948835704,-0.14194679566893836
8558027,2025-01-11 21:27:39+00:00,1,"['ENG-loan_to_value', 'fltgrossmonthly__income_sum', 'rev322__tu', 'g095s__tu', 'ENG-wtd_avg']","['g232s__tu', 'cv15__tu', 'inquiryshortterm12month__ln', 'rp01s__tu', 'linkt003__tu']","[1, 1, 1, 1, 1, 1, 1, 1, 0, 0]","[1, 1, 1, 1, 1, 1, 1]",12082.0,12650.0,664.0,0,1,1.0,8083.33,0.955098814229249,146527.0,0.5027500503788241,0.27775640912627786,0.30846369985499467,C,297.0,0,92.0,4.0,0.0,571.0,279.0,69.0,1.0,1.0,1522.0,8.0,3.0,14.0,48.0,0.0,3.0,81.0,1.0,2.0,8.0,2.0,1.0,1194.0,18.0,94.0,1046.0,13.0,11.0,0.0,28729.0,2.0,6.0,1.0,42.0,1.0,83.0,7.0,9.0,0.0,1.0,0.30369082926416546,0.2177365717902033,-0.1275519600589978,0.2004005232174445,0.29484426505884404,0.09154098990252699,0.3264994580051225,-0.06943203585757203,-0.38056948270557656,-0.20255280703278697,-0.1824628326067655,0.15358010403820122,0.21762167078723413,-0.3446164652968252,0.05777595718110798,-0.1698800097696574,0.10001349160327515,0.03224864732983013,0.0628878217725071,0.007908588638918862,0.16725028297757608,-0.0922532562049396,0.12508668317741883,-0.09030720766073672,-0.07330452249189978,-0.1622949085028706,-0.09270778723875307,0.09990807864792559,-0.019851908976871703,-0.04136613683987285,-0.050269119640593704,-0.056514357135833804,0.0033944331617501993,-0.03943841709490631,-0.008677188536520008,-0.049256171180166765,-0.0684240555566314,-0.007887488201551105,-0.09651061942270173,-0.28347325196329687,-0.08150226837530647,-0.015657428702411637,0.25194094475317025,-0.018362687948835704,-0.14194679566893836
8502355,2024-12-17 04:39:15+00:00,1,"['in21s__tu', 'g232s__tu', 'ENG-loan_to_value', 'linka006__tu', 'cv15__tu']","['g002s__tu', 'balmag01__tu', 'ENG-wtd_avg', 'ENG-franchise', 'au20s__tu']",,,19221.0,18600.0,,0,0,0.0,4590.0,1.0333870967741936,38200.0,0.4145786435588672,0.3372811670434425,0.30887792414363685,C,308.0,0,1.0,0.0,1.0,0.0,432.0,3.0,0.0,0.0,6068.0,0.0,0.0,0.0,50.0,0.0,0.0,1.0,2.0,1.0,90.0,0.0,1.0,0.0,2.0,536.0,99999.0,47.0,4.0,0.0,291954.0,0.0,0.0,0.0,1.0,0.0,5.0,4.0,0.0,4.0,0.0,0.05862755356495931,-0.18827349289073714,0.037311957071715245,-0.14209565667603957,0.12681166561429538,-0.1660761708115241,-0.07034504579162959,-0.11910610672405984,0.29009271071754617,0.16894243532599906,0.06891243213546375,0.15358010403820122,-0.15001322365700048,0.16826983464198522,0.05777595718110798,0.13159391579138138,-0.01837301611295693,0.03224864732983013,-0.11793592802472794,-0.019784226182213507,-0.10968019034324779,-0.03087346191658939,-0.03021581483703515,0.2697498374100057,-0.07330452249189978,0.025382347770824376,-0.09270778723875307,-0.02712013013461787,-0.019851908976871703,-0.04136613683987285,0.06506737371538793,0.041061794483372764,0.05009377283014747,-0.03943841709490631,-0.008677188536520008,0.015520686370377988,-0.09643796186055453,-0.007887488201551105,0.22656232222654338,0.07859412786274209,-0.04071155733815719,-0.015657428702411637,-0.10458946740048633,-0.018362687948835704,0.25986861206479284
8433068,2024-11-30 05:47:51+00:00,1,"['au20s__tu', 'jt20s__tu', 'ENG-wtd_avg', 'ENG-loan_to_value', 'fltgrossmonthly__income_sum']","['g232s__tu', 'cv15__tu', 'inquirybanking12month__ln', 'g002s__tu', 'rtl_trd__tu']","[1, 1, 1, 1, 1, 1, 1, 1, 1, 1, 1, 1, 1]","[1, 1]",38468.0,37800.0,608.0,0,1,1.0,5417.0,1.0176719576719577,78628.0,0.5046628247652879,0.27775640912627786,0.3096372879308027,C,369.0,0,134.0,0.0,1.0,0.0,244.0,98.0,1.0,0.0,0.0,20.0,0.0,13.0,19.0,0.0,5.0,134.0,7.0,2.0,1.0,0.0,1.0,0.0,1.0,78.0,99999.0,1.0,5.0,1.0,190316.0,0.0,0.0,0.0,75.0,0.0,3.0,3.0,0.0,4.0,1.0,0.13197734800913727,0.5381266846763259,-0.1275519600589978,-0.14209565667603957,0.12681166561429538,-0.1660761708115241,-0.07034504579162959,-0.0195542954136434,-0.38056948270557656,-0.20255280703278697,0.06891243213546375,-0.06930372276885687,0.21762167078723413,-0.3446164652968252,0.05777595718110798,-0.1698800097696574,0.10874047098924666,0.03224864732983013,0.0628878217725071,0.07473342567718344,0.5094610820757571,0.29414262121614615,0.12508668317741883,-0.09030720766073672,-0.07330452249189978,0.025382347770824376,-0.09270778723875307,-0.02712013013461787,-0.019851908976871703,0.16574715799894735,0.06506737371538793,-0.056514357135833804,0.05009377283014747,0.1897445569872553,-0.008677188536520008,0.015520686370377988,-0.09643796186055453,-0.007887488201551105,-0.09651061942270173,0.07859412786274209,0.07637038800224982,-0.015657428702411637,-0.10458946740048633,-0.018362687948835704,-0.14194679566893836
8542958,2025-01-05 02:18:47+00:00,1,"['fltgrossmonthly__income_sum', 'miles_odometer__app', 'ENG-wtd_avg', 'rev322__tu', 'fi36s__tu']","['g232s__tu', 'inquirybanking12month__ln', 'rtl_trd__tu', 'in21s__tu', 'g095s__tu']","[1, 1, 1, 1, 1, 1, 1]","[1, 1, 1, 1, 1, 1, 1, 1, 1, 1, 1, 1, 1]",82499.0,69484.0,666.0,0,1,1.0,8400.0,1.1873093086178113,10.0,0.40427680703342606,0.3501845945669622,0.3127258022079018,C,81.0,0,79.0,0.0,0.0,104.0,275.0,30.0,1.0,0.0,0.0,3.0,0.0,0.0,17.0,0.0,5.0,1.0,1.0,1.0,9.0,0.0,3.0,122.0,18.0,87.0,99999.0,15.0,3.0,1.0,25708.0,2.0,72.0,0.0,10.0,0.0,3.0,1.0,0.0,0.0,1.0,0.30369082926416546,0.020443712167482336,0.34054786660712466,-0.14209565667603957,-0.002109078899541321,0.09154098990252699,0.17776804417874942,-0.06943203585757203,-0.255209877581241,-0.20255280703278697,0.06891243213546375,-0.06930372276885687,0.21762167078723413,-0.12259399033321434,0.05777595718110798,0.13159391579138138,0.10874047098924666,0.03224864732983013,0.0628878217725071,0.07473342567718344,-0.10968019034324779,-0.0922532562049396,-0.03021581483703515,-0.09030720766073672,-0.07330452249189978,0.025382347770824376,-0.09270778723875307,0.09990807864792559,-0.019851908976871703,-0.04136613683987285,0.06506737371538793,-0.056514357135833804,0.05009377283014747,0.1897445569872553,-0.008677188536520008,-0.049256171180166765,0.1773409988380098,-0.007887488201551105,-0.09651061942270173,0.07859412786274209,0.07637038800224982,-0.0016142148168469777,-0.10458946740048633,-0.018362687948835704,-0.14194679566893836
8545017,2025-01-06 22:19:03+00:00,1,"['rtl_trd__tu', 'jt20s__tu', 'au20s__tu', 'cv15__tu', 'inquirybanking12month__ln']","['g002s__tu', 'balmag01__tu', 'miles_odometer__app', 'in21s__tu', 'g095s__tu']","[1, 1, 1, 1, 1, 1, 1, 1, 1, 1, 1, 1, 1, 1, 1, 1, 1, 1, 1, 1, 1, 1, 1, 1, 1, 1, 1, 0, 1, 1, 1, 1, 1, 1, 1, 1, 1, 1, 0, 1, 0, 0, 1, 1, 0, 1, 1, 1, 0, 0, 1, 1, 1, 1, 1, 1]","[1, 1, 1, 1, 1, 1, 1, 0, 0, 0, 0]",13141.0,11250.0,,0,1,0.42424242424242425,3600.0,1.168088888888889,80929.0,0.42740939381823134,0.3501845945669622,0.33061987041455015,D,147.0,0,102.0,3.0,2.0,0.0,437.0,9.0,0.0,0.0,0.0,1.0,0.0,0.0,32.0,0.0,14.0,102.0,9.0,2.0,18.0,0.0,1.0,0.0,3.0,113.0,850.0,1.0,7.0,0.0,291954.0,0.0,30.0,0.0,18.0,0.0,3.0,8.0,0.0,14.0,0.0,-0.09681697912336358,0.2177365717902033,-0.1275519600589978,0.2004005232174445,-0.002109078899541321,-0.1660761708115241,-0.07034504579162959,-0.11910610672405984,0.043484354902003225,0.16894243532599906,0.06891243213546375,-0.06930372276885687,-0.06524181341490069,0.16826983464198522,0.05777595718110798,0.13159391579138138,0.10874047098924666,0.03224864732983013,0.0628878217725071,0.07473342567718344,0.38284509462663713,0.29414262121614615,0.12508668317741883,-0.08639642557536051,-0.07330452249189978,0.025382347770824376,-0.09270778723875307,-0.02712013013461787,-0.019851908976871703,-0.04136613683987285,-0.050269119640593704,-0.056514357135833804,0.029134920956684608,-0.03943841709490631,-0.008677188536520008,0.015520686370377988,0.10596202742217121,-0.007887488201551105,-0.09651061942270173,0.07859412786274209,0.07637038800224982,-0.015657428702411637,-0.10458946740048633,-0.018362687948835704,0.25986861206479284
8580047,2025-01-21 05:29:11+00:00,1,"['balmag01__tu', 'fltgrossmonthly__income_sum', 'au20s__tu', 'in34s__tu', 'jt20s__tu']","['inquiryshortterm12month__ln', 'linkt003__tu', 'g232s__tu', 'miles_odometer__app', 'g407s__tu']","[1, 1, 1, 1, 1, 1, 1, 1, 1, 0, 1, 1, 0, 1, 1, 1, 1, 1, 1, 1, 1, 0, 1, 0, 1, 1, 1, 1, 1, 0, 1, 1, 1, 1, 1, 1, 0, 1, 0, 0, 1, 1, 0, 0, 0, 0, 1]","[1, 1, 1, 1, 1, 1, 1, 1, 1, 1, 1, 1, 1, 1, 1, 1, 1, 1, 1, 0, 0, 1, 1, 1, 1, 0, 1, 1, 1, 1, 0, 0, 1, 0, 0, 1, 0, 1, 1, 0, 0, 0]",30871.0,25800.0,721.0,0,1,0.602436323366556,11742.160000000047,1.1965503875968992,94254.0,0.4305117017672953,0.3501845945669622,0.33301964137639695,D,349.0,0,130.0,1.0,0.0,0.0,78.0,20.0,0.0,1.0,0.0,2.0,3.0,13.0,53.0,0.0,1.0,130.0,2.0,2.0,22.0,0.0,1.0,300.0,1.0,27.0,1060.0,1.0,7.0,0.0,11790.0,0.0,1.0,0.0,46.0,1.0,3.0,8.0,0.0,14.0,1.0,0.30369082926416546,0.4102418344400132,-0.1275519600589978,-0.007719313883108272,-0.002109078899541321,0.09154098990252699,-0.07034504579162959,0.4398748289474107,-0.15507978464835534,0.16894243532599906,-0.1824628326067655,-0.06930372276885687,0.010623758166246828,0.013471361800327993,0.05777595718110798,-0.1698800097696574,-0.01837301611295693,0.03224864732983013,0.0628878217725071,-0.019784226182213507,0.38284509462663713,-0.03087346191658939,0.12508668317741883,-0.08639642557536051,-0.07330452249189978,0.025382347770824376,-0.09270778723875307,0.09990807864792559,-0.019851908976871703,0.2987949245456811,-0.050269119640593704,-0.056514357135833804,0.029134920956684608,-0.03943841709490631,-0.008677188536520008,0.015520686370377988,-0.0684240555566314,-0.007887488201551105,-0.09651061942270173,-0.28347325196329687,0.07637038800224982,-0.015657428702411637,-0.10458946740048633,-0.018362687948835704,-0.14194679566893836
8426709,2024-11-27 23:42:47+00:00,1,"['fltgrossmonthly__income_sum', 'miles_odometer__app', 'trv01__tu', 'rev322__tu', 'g251c__tu']","['g232s__tu', 'inquirybanking12month__ln', 'ENG-wtd_avg', 'au20s__tu', 'rtl_trd__tu']",,,29483.91,21125.0,,0,1,0.0,8069.24,1.3956880473372781,14836.0,0.3891610727732127,0.39004257415648635,0.3352966833929302,D,130.0,0,1.0,0.0,0.0,441.0,287.0,24.0,1.0,0.0,0.0,1.0,0.0,0.0,0.0,6.0,1.0,1.0,1.0,1.0,0.0,0.0,999.0,856.0,18.0,536.0,0.0,71.0,2.0,0.0,291954.0,9.0,0.0,0.0,162.0,0.0,83.0,0.0,0.0,0.0,1.0,0.30369082926416546,-0.18827349289073714,0.34054786660712466,-0.14209565667603957,-0.060300927094883106,0.09154098990252699,0.3264994580051225,-0.06943203585757203,-0.1780787762041326,-0.20255280703278697,0.06891243213546375,-0.06930372276885687,-0.15001322365700048,0.16826983464198522,0.05777595718110798,0.13159391579138138,0.10874047098924666,-0.0396387847465165,0.0628878217725071,-0.019784226182213507,-0.10968019034324779,-0.0922532562049396,-0.03021581483703515,-0.09030720766073672,-0.07330452249189978,0.025382347770824376,0.33183641136280506,0.09990807864792559,-0.019851908976871703,-0.04136613683987285,-0.050269119640593704,0.1373276043208283,0.05009377283014747,-0.03943841709490631,-0.008677188536520008,-0.049256171180166765,-0.09643796186055453,-0.007887488201551105,-0.09651061942270173,0.07859412786274209,-0.08150226837530647,0.08850290045664871,-0.10458946740048633,-0.018362687948835704,-0.14194679566893836
8475140,2024-12-10 04:26:45+00:00,1,"['balmag01__tu', 'g251c__tu', 's209a__tu', 'ENG-wtd_avg', 'fi36s__tu']","['g232s__tu', 'inquirybanking12month__ln', 'ENG-franchise', 'au20s__tu', 'rtl_trd__tu']",,"[1, 1, 1, 1, 1, 1, 1, 1, 1, 1, 1, 1, 1, 1, 1, 1, 1]",17193.0,14950.0,476.0,0,0,1.0,4113.0,1.1500334448160534,58317.0,0.43409170369789646,0.3501845945669622,0.33578892953781386,D,352.0,0,19.0,0.0,0.0,0.0,89.0,30.0,1.0,0.0,0.0,2.0,0.0,1.0,50.0,6.0,1.0,1.0,3.0,1.0,19.0,0.0,1.0,0.0,1.0,83.0,99999.0,30.0,7.0,1.0,13500.0,1.0,999.0,0.0,13.0,0.0,2.0,0.0,0.0,34.0,1.0,0.040308154710334734,-0.18827349289073714,-0.023523712854035837,-0.14209565667603957,-0.002109078899541321,0.09154098990252699,-0.07034504579162959,0.4398748289474107,-0.255209877581241,-0.20255280703278697,0.06891243213546375,-0.06930372276885687,0.21762167078723413,0.013471361800327993,0.05777595718110798,0.05491722037638777,-0.01837301611295693,-0.0396387847465165,-0.11793592802472794,-0.019784226182213507,-0.10968019034324779,0.17204724541497285,-0.03021581483703515,-0.08639642557536051,-0.07330452249189978,0.025382347770824376,-0.09270778723875307,-0.02712013013461787,-0.019851908976871703,-0.04136613683987285,0.06506737371538793,0.041061794483372764,0.029134920956684608,0.1897445569872553,-0.008677188536520008,-0.049256171180166765,0.1773409988380098,-0.007887488201551105,-0.09651061942270173,0.07859412786274209,0.0794212202023958,0.08850290045664871,-0.10458946740048633,0.12016521996775872,-0.14194679566893836
8558899,2025-01-12 01:13:04+00:00,1,"['rtl_trd__tu', 'trv01__tu', 's209a__tu', 'balmag01__tu', 'ENG-wtd_avg']","['linkt003__tu', 'cv15__tu', 'inquirybanking12month__ln', 'g232s__tu', 'in21s__tu']",,"[1, 1, 1, 1, 1, 1, 1, 1, 1, 1, 1, 1, 1, 1, 1, 1, 1, 1, 1, 1, 1, 1, 1, 1, 1, 1, 1, 1, 1, 1, 0, 1, 1, 1, 1, 1, 1, 1, 1, 1, 1, 1, 1, 1, 1, 1, 1, 1, 1]",24240.0,21875.0,471.0,0,1,0.9746938775510204,5027.0,1.1081142857142856,36506.0,0.35143602288026826,0.3372811670434425,0.3365239653725994,D,415.0,1,51.0,5.0,0.0,21.0,158.0,19.0,1.0,1.0,0.0,4.0,0.0,1.0,74.0,6.0,19.0,1.0,2.0,1.0,2.0,0.0,999.0,33.0,1.0,132.0,99999.0,1.0,3.0,1.0,7249.0,2.0,14.0,1.0,8.0,0.0,83.0,9.0,0.0,34.0,1.0,0.05862755356495931,-0.14686547993800883,0.037311957071715245,0.4863873741462653,0.12681166561429538,0.09154098990252699,0.17776804417874942,0.17363223309014522,-0.15507978464835534,-0.20255280703278697,-0.1824628326067655,-0.06930372276885687,0.21762167078723413,-0.20621158598810324,0.05777595718110798,0.05491722037638777,-0.04608437682097869,-0.0396387847465165,0.0628878217725071,0.07473342567718344,-0.10968019034324779,-0.03087346191658939,-0.03021581483703515,-0.09030720766073672,-0.07330452249189978,0.025382347770824376,0.33183641136280506,-0.0014416545835477044,-0.019851908976871703,-0.04136613683987285,0.06506737371538793,-0.056514357135833804,0.05009377283014747,0.1897445569872553,-0.008677188536520008,-0.049256171180166765,0.10596202742217121,-0.007887488201551105,-0.09651061942270173,0.07859412786274209,-0.08150226837530647,-0.015657428702411637,-0.10458946740048633,0.12016521996775872,-0.14194679566893836
8533597,2025-01-01 00:09:01+00:00,1,"['ENG-loan_to_value', 'miles_odometer__app', 'trv01__tu', 'inquirybanking12month__ln', 'rtl_trd__tu']","['derogseverityindex__ln', 'linkt003__tu', 'cv15__tu', 'ENG-wtd_avg', 'au20s__tu']",,,17538.0,17675.0,,0,1,0.0,4942.0,0.9922489391796322,17420.0,0.5801975635046285,0.27775640912627786,0.35598183819302737,Decline,183.0,0,1.0,2.0,0.0,0.0,290.0,11.0,0.0,2.0,26.0,4.0,4.0,2.0,50.0,0.0,1.0,1.0,2.0,1.0,9.0,0.0,999.0,0.0,1.0,117.0,1057.0,1.0,5.0,0.0,291954.0,0.0,0.0,0.0,11.0,0.0,3.0,4.0,0.0,2.0,1.0,0.05862755356495931,-0.18827349289073714,0.34054786660712466,0.10794025034518957,0.29484426505884404,0.09154098990252699,-0.07034504579162959,-0.06943203585757203,-0.05599586626278019,0.16894243532599906,-0.2536446870910988,-0.06930372276885687,-0.15001322365700048,-0.20621158598810324,-0.49163307727602673,-0.0962114720772341,-0.01837301611295693,0.03224864732983013,0.0628878217725071,-0.019784226182213507,-0.10968019034324779,-0.03087346191658939,-0.03021581483703515,-0.09030720766073672,-0.07330452249189978,0.025382347770824376,0.33183641136280506,-0.02712013013461787,-0.019851908976871703,-0.04136613683987285,-0.050269119640593704,-0.056514357135833804,0.05009377283014747,-0.03943841709490631,-0.008677188536520008,0.015520686370377988,-0.09643796186055453,-0.007887488201551105,-0.09651061942270173,0.07859412786274209,0.07637038800224982,-0.015657428702411637,-0.10458946740048633,-0.018362687948835704,-0.14194679566893836
8514266,2024-12-21 23:38:18+00:00,1,"['ENG-loan_to_value', 'g095s__tu', 'fltgrossmonthly__income_sum', 'inquirybanking12month__ln', 'g407s__tu']","['rp01s__tu', 'cv15__tu', 'ENG-wtd_avg', 'ENG-franchise', 'au20s__tu']","[1, 1, 1, 0, 0, 0, 0, 0, 0, 0, 0, 0, 0, 0, 0, 0, 0, 0, 0, 0, 0, 0, 0, 0, 0, 0, 0, 0, 0, 0, 0, 0, 0, 0]",,14413.0,16500.0,,0,0,0.010084033613445379,6100.0,0.8735151515151515,75303.0,0.45281541619556265,0.27775640912627786,0.3570778599653019,Decline,197.0,1,35.0,0.0,0.0,0.0,289.0,12.0,0.0,0.0,0.0,4.0,2.0,0.0,33.0,0.0,2.0,1.0,1.0,1.0,35.0,1.0,1.0,0.0,1.0,536.0,884.0,1.0,3.0,0.0,13161.0,2.0,1.0,0.0,16.0,0.0,83.0,2.0,28.0,2.0,1.0,0.13197734800913727,-0.18827349289073714,-0.04132723560415334,-0.14209565667603957,0.7217349611530631,0.09154098990252699,-0.07034504579162959,-0.06943203585757203,-0.05599586626278019,0.16894243532599906,0.06891243213546375,-0.06930372276885687,-0.15001322365700048,-0.20621158598810324,0.05777595718110798,0.13159391579138138,0.10001349160327515,0.03224864732983013,-0.11793592802472794,-0.0025250221890105603,-0.10968019034324779,-0.0922532562049396,-0.03021581483703515,0.04990870277300484,-0.07330452249189978,-0.1622949085028706,-0.09270778723875307,-0.02712013013461787,-0.019851908976871703,-0.04136613683987285,-0.050269119640593704,-0.056514357135833804,0.05009377283014747,-0.03943841709490631,-0.008677188536520008,-0.049256171180166765,-0.0684240555566314,-0.007887488201551105,-0.09651061942270173,0.07859412786274209,-0.08150226837530647,-0.015657428702411637,0.25194094475317025,-0.018362687948835704,-0.14194679566893836
8528189,2024-12-29 03:13:33+00:00,0,"['g232s__tu', 'miles_odometer__app', 'g251c__tu', 'linka006__tu', 'inquirybanking12month__ln']","['cv15__tu', 'linkt003__tu', 'balmag01__tu', 'ENG-wtd_avg', 'au20s__tu']",,,37996.0,33001.0,,0,1,0.0,2598.0,1.151359049725766,5.0,0.47120150269008265,0.3501845945669622,0.36449498305783656,Decline,54.0,0,1.0,0.0,0.0,0.0,600.0,0.0,0.0,1.0,0.0,35.0,0.0,24.0,0.0,0.0,0.0,1.0,1.0,1.0,1.0,0.0,1.0,0.0,18.0,65.0,761.0,63.0,0.0,0.0,172.0,0.0,999.0,0.0,1.0,0.0,83.0,0.0,0.0,0.0,0.0,-0.1091665809718578,-0.18827349289073714,0.34054786660712466,-0.14209565667603957,-0.002109078899541321,0.09154098990252699,-0.07034504579162959,-0.11910610672405984,0.3569695839089846,0.16894243532599906,-0.1824628326067655,-0.06930372276885687,-0.15001322365700048,-0.3446164652968252,0.05777595718110798,-0.1698800097696574,0.10874047098924666,0.03224864732983013,0.0628878217725071,-0.019784226182213507,-0.10968019034324779,-0.0922532562049396,-0.03021581483703515,-0.09030720766073672,-0.07330452249189978,0.025382347770824376,-0.09270778723875307,-0.02712013013461787,-0.019851908976871703,0.16574715799894735,-0.050269119640593704,0.1373276043208283,0.05009377283014747,-0.03943841709490631,-0.008677188536520008,0.015520686370377988,0.1773409988380098,-0.007887488201551105,0.22656232222654338,0.07859412786274209,-0.08150226837530647,0.08850290045664871,-0.10458946740048633,-0.018362687948835704,0.25986861206479284
8552583,2025-01-09 09:54:29+00:00,1,"['g232s__tu', 'ENG-loan_to_value', 'cv15__tu', 'inquirybanking12month__ln', 'linka006__tu']","['rp01s__tu', 'balmag01__tu', 'ENG-wtd_avg', 'rtl_trd__tu', 'g095s__tu']","[1, 1, 1, 1, 1, 1, 1, 1, 1, 1, 1, 0, 0, 1, 0, 0, 1, 1, 1, 1, 1, 1, 1, 1, 0, 0, 1, 1, 0, 0, 0, 0, 0, 0, 0, 0, 0, 0, 0, 0, 0, 0, 0, 0, 0, 0, 0]",,17271.0,16500.0,,0,1,0.2650709219858156,3500.0,1.0467272727272727,58909.0,0.49580089723167725,0.3372811670434425,0.369391801301815,Decline,74.0,0,48.0,0.0,0.0,0.0,327.0,1.0,0.0,0.0,0.0,1.0,0.0,1.0,50.0,0.0,0.0,1.0,1.0,1.0,38.0,1.0,1.0,0.0,2.0,536.0,992.0,1.0,1.0,0.0,7316.0,0.0,1.0,0.0,2.0,0.0,83.0,3.0,0.0,17.0,0.0,-0.09681697912336358,-0.14686547993800883,-0.023523712854035837,-0.14209565667603957,0.12681166561429538,0.09154098990252699,-0.07034504579162959,-0.11910610672405984,0.3569695839089846,0.16894243532599906,0.06891243213546375,-0.06930372276885687,-0.15001322365700048,0.16826983464198522,0.05777595718110798,0.05491722037638777,-0.01837301611295693,0.03224864732983013,0.0628878217725071,-0.019784226182213507,-0.10968019034324779,-0.0922532562049396,-0.03021581483703515,0.04990870277300484,-0.07330452249189978,-0.1622949085028706,-0.09270778723875307,-0.02712013013461787,-0.019851908976871703,-0.04136613683987285,-0.050269119640593704,-0.056514357135833804,0.05009377283014747,-0.03943841709490631,-0.008677188536520008,0.015520686370377988,-0.0684240555566314,-0.007887488201551105,0.1805634719208487,0.07859412786274209,-0.08150226837530647,-0.015657428702411637,-0.10458946740048633,0.002489027625756258,0.25986861206479284
8472141,2024-12-08 04:11:17+00:00,1,"['au20s__tu', 'trv01__tu', 'g095s__tu', 'rev322__tu', 'cv15__tu']","['derogseverityindex__ln', 'linkt003__tu', 'balmag01__tu', 'ENG-franchise', 'ENG-bk']",[],"[1, 1, 1, 1, 1, 1, 1, 0, 1, 1, 1, 1, 1, 1, 1, 0, 1, 1, 1, 0, 1, 1, 1, 1, 1, 1, 1, 1]",25174.0,20450.0,481.0,0,0,0.8916256157635468,4300.0,1.231002444987775,64311.0,0.3770969039059795,0.3501845945669622,0.37491052575093864,Decline,314.0,1,159.0,1.0,0.0,41.0,313.0,10.0,0.0,2.0,0.0,1.0,4.0,1.0,21.0,0.0,21.0,1.0,1.0,1.0,29.0,0.0,999.0,41.0,2.0,125.0,370.0,1.0,8.0,1.0,17435.0,0.0,10.0,0.0,6.0,0.0,8.0,2.0,63.0,4.0,0.0,0.040308154710334734,0.5381266846763259,-0.04132723560415334,-0.007719313883108272,-0.002109078899541321,0.09154098990252699,0.17776804417874942,-0.11910610672405984,0.043484354902003225,0.16894243532599906,-0.2536446870910988,-0.06930372276885687,0.14032874394710926,0.16826983464198522,-0.49163307727602673,0.05491722037638777,0.10874047098924666,0.03224864732983013,-0.11793592802472794,0.07473342567718344,-0.10968019034324779,-0.0922532562049396,-0.03021581483703515,0.04990870277300484,-0.07330452249189978,0.025382347770824376,0.33183641136280506,-0.0014416545835477044,-0.019851908976871703,-0.04136613683987285,-0.050269119640593704,-0.056514357135833804,0.029134920956684608,0.1897445569872553,-0.008677188536520008,0.015520686370377988,0.10596202742217121,-0.007887488201551105,-0.017088484297844653,0.07859412786274209,-0.04071155733815719,-0.015657428702411637,0.25194094475317025,-0.018362687948835704,0.25986861206479284
8426234,2024-11-27 01:13:02+00:00,1,"['balmag01__tu', 'addrprevioustimenewest__ln', 'g002s__tu', 'fi36s__tu', 'cv13__tu']","['inquirybanking12month__ln', 'ENG-wtd_avg', 'au20s__tu', 'rtl_trd__tu', 'in21s__tu']",,,24952.0,20850.0,,0,1,0.0,4800.0,1.19673860911271,60127.0,0.48616132080762486,0.3501845945669622,0.37606705704353494,Decline,108.0,0,1.0,0.0,0.0,0.0,138.0,10.0,1.0,0.0,0.0,2.0,0.0,1.0,38.0,0.0,2.0,1.0,1.0,1.0,9.0,0.0,1.0,0.0,18.0,85.0,99999.0,63.0,2.0,0.0,3207.0,1.0,46.0,0.0,14.0,0.0,6.0,1.0,0.0,0.0,1.0,0.05862755356495931,-0.18827349289073714,-0.023523712854035837,-0.14209565667603957,-0.002109078899541321,0.09154098990252699,-0.07034504579162959,0.4398748289474107,0.043484354902003225,-0.20255280703278697,0.06891243213546375,-0.06930372276885687,-0.15001322365700048,0.013471361800327993,0.05777595718110798,0.05491722037638777,0.10001349160327515,0.03224864732983013,0.0628878217725071,-0.0025250221890105603,-0.10968019034324779,-0.0922532562049396,-0.03021581483703515,-0.09030720766073672,-0.07330452249189978,0.025382347770824376,-0.09270778723875307,-0.02712013013461787,-0.019851908976871703,-0.04136613683987285,0.06506737371538793,0.1373276043208283,0.05009377283014747,-0.03943841709490631,-0.008677188536520008,-0.049256171180166765,0.10596202742217121,-0.007887488201551105,-0.09651061942270173,0.07859412786274209,-0.04071155733815719,-0.0016142148168469777,-0.10458946740048633,-0.018362687948835704,-0.14194679566893836
8569881,2025-01-16 06:59:01+00:00,1,"['ENG-loan_to_value', 'trv01__tu', 'g095s__tu', 'ENG-wtd_avg', 'addrprevioustimenewest__ln']","['cv15__tu', 'g232s__tu', 'inquirybanking12month__ln', 'ENG-franchise', 'rtl_trd__tu']","[1, 1, 1, 1, 1, 1, 1, 1, 1, 0, 1, 1, 1, 1, 1, 1, 1, 1, 1, 1, 1, 1, 1, 1, 1, 1, 1, 1, 1, 1, 1, 1, 1, 1, 1, 1, 1, 1, 1, 1, 1, 1, 1, 1, 1, 1, 1, 1, 1, 1, 0, 0, 0, 0]",,13613.0,13950.0,,0,0,0.8518518518518519,4120.0,0.97584229390681,57239.0,0.47785567289906783,0.27775640912627786,0.37682392195186604,Decline,367.0,1,58.0,0.0,0.0,0.0,255.0,27.0,1.0,0.0,242.0,6.0,1.0,7.0,71.0,0.0,1.0,1.0,3.0,1.0,34.0,0.0,999.0,0.0,18.0,536.0,0.0,85.0,6.0,0.0,291954.0,9.0,3.0,0.0,162.0,0.0,4.0,5.0,7.0,0.0,1.0,0.040308154710334734,0.020443712167482336,-0.023523712854035837,-0.14209565667603957,0.29484426505884404,0.09154098990252699,-0.07034504579162959,-0.0195542954136434,-0.255209877581241,-0.20255280703278697,0.06891243213546375,0.10777261724792812,0.14032874394710926,-0.3446164652968252,0.05777595718110798,-0.1698800097696574,-0.04608437682097869,0.03224864732983013,-0.11793592802472794,-0.019784226182213507,-0.10968019034324779,0.17204724541497285,-0.03021581483703515,0.04990870277300484,-0.07330452249189978,0.025382347770824376,0.33183641136280506,-0.02712013013461787,-0.019851908976871703,-0.04136613683987285,-0.050269119640593704,0.1373276043208283,0.05009377283014747,-0.03943841709490631,-0.008677188536520008,-0.049256171180166765,-0.0684240555566314,-0.007887488201551105,-0.09651061942270173,0.07859412786274209,-0.025593941117068985,-0.015657428702411637,0.25194094475317025,-0.018362687948835704,-0.14194679566893836
8506251,2024-12-18 23:47:36+00:00,1,"['ENG-loan_to_value', 'cv15__tu', 'fltgrossmonthly__income_sum', 'fi36s__tu', 'trv01__tu']","['inquirybanking12month__ln', 'g002s__tu', 'balmag01__tu', 'ENG-wtd_avg', 'au20s__tu']",,,28037.0,24825.0,,0,1,0.0,6066.0,1.129385699899295,50884.0,0.5096057895065124,0.3372811670434425,0.3796770066184081,Decline,136.0,0,1.0,1.0,1.0,0.0,385.0,7.0,1.0,0.0,0.0,1.0,0.0,0.0,57.0,6.0,0.0,1.0,1.0,2.0,32.0,0.0,16.0,0.0,1.0,536.0,413.0,1.0,1.0,0.0,291954.0,0.0,999.0,0.0,7.0,0.0,4.0,5.0,0.0,8.0,1.0,0.13197734800913727,-0.18827349289073714,-0.023523712854035837,-0.007719313883108272,0.12681166561429538,-0.1660761708115241,-0.07034504579162959,-0.11910610672405984,0.043484354902003225,-0.20255280703278697,0.06891243213546375,-0.06930372276885687,-0.15001322365700048,0.16826983464198522,0.05777595718110798,0.13159391579138138,-0.01837301611295693,-0.0396387847465165,0.0628878217725071,-0.019784226182213507,-0.10968019034324779,-0.0922532562049396,0.12508668317741883,0.04990870277300484,-0.07330452249189978,0.025382347770824376,0.10723235366853863,-0.02712013013461787,-0.019851908976871703,-0.04136613683987285,-0.050269119640593704,-0.056514357135833804,0.05009377283014747,-0.03943841709490631,-0.008677188536520008,0.015520686370377988,0.1773409988380098,-0.007887488201551105,-0.09651061942270173,0.07859412786274209,-0.025593941117068985,-0.015657428702411637,-0.10458946740048633,-0.018362687948835704,-0.14194679566893836
8533159,2024-12-31 22:07:35+00:00,1,"['balmag01__tu', 'ENG-loan_to_value', 'inquirybanking12month__ln', 'g002s__tu', 'inquiryshortterm12month__ln']","['ENG-wtd_avg', 'ENG-franchise', 'au20s__tu', 'rtl_trd__tu', 'in21s__tu']",,"[1, 1, 1, 1, 0, 0, 0, 0, 0, 0, 0, 0, 0, 0, 0, 0, 0, 0, 0, 0, 0, 0, 0, 0, 0, 0, 0, 0, 0, 0, 0, 0, 0, 0, 0]",14960.0,14975.0,453.0,0,0,0.015873015873015872,3500.0,0.9989983305509182,49332.0,0.48522861518666566,0.27775640912627786,0.3826380227080251,Decline,61.0,1,37.0,0.0,0.0,0.0,80.0,7.0,0.0,0.0,0.0,2.0,0.0,1.0,55.0,6.0,2.0,37.0,1.0,1.0,12.0,0.0,1.0,0.0,6.0,92.0,816.0,47.0,2.0,0.0,14902.0,6.0,1.0,0.0,13.0,0.0,6.0,10.0,0.0,2.0,1.0,-0.09681697912336358,-0.18827349289073714,0.037311957071715245,-0.14209565667603957,0.29484426505884404,0.09154098990252699,-0.07034504579162959,0.4398748289474107,0.043484354902003225,0.16894243532599906,0.06891243213546375,-0.06930372276885687,-0.15001322365700048,0.013471361800327993,0.05777595718110798,0.05491722037638777,-0.01837301611295693,-0.0396387847465165,-0.11793592802472794,-0.0025250221890105603,-0.10968019034324779,-0.0922532562049396,-0.03021581483703515,-0.09030720766073672,-0.07330452249189978,0.025382347770824376,-0.09270778723875307,-0.02712013013461787,-0.019851908976871703,-0.04136613683987285,-0.050269119640593704,0.041061794483372764,0.05009377283014747,-0.03943841709490631,-0.008677188536520008,-0.049256171180166765,-0.0684240555566314,-0.007887488201551105,-0.09651061942270173,0.07859412786274209,-0.04071155733815719,-0.015657428702411637,-0.10458946740048633,-0.018362687948835704,-0.14194679566893836
8519835,2024-12-25 01:13:09+00:00,1,"['rev322__tu', 'ENG-loan_to_value', 'rtl_trd__tu', 'fi101s__tu', 'cv15__tu']","['inquirybanking12month__ln', 'balmag01__tu', 'ENG-wtd_avg', 'au20s__tu', 'miles_odometer__app']",,,20998.0,18775.0,,0,1,0.0,4583.33,1.1184021304926763,87200.0,0.40556245494653875,0.3372811670434425,0.3883537163501127,Decline,305.0,1,1.0,3.0,0.0,4231.0,420.0,13.0,1.0,0.0,21374.0,1.0,0.0,5.0,4.0,0.0,20.0,1.0,6.0,1.0,20.0,0.0,4.0,3256.0,4.0,152.0,781.0,38.0,5.0,0.0,0.0,1.0,999.0,0.0,14.0,0.0,83.0,1.0,0.0,12.0,1.0,0.05862755356495931,-0.18827349289073714,-0.1275519600589978,0.2004005232174445,0.12681166561429538,0.09154098990252699,0.3264994580051225,-0.11910610672405984,-0.12919791320011853,-0.20255280703278697,0.06891243213546375,0.1885423072401762,-0.15001322365700048,0.16826983464198522,0.05777595718110798,-0.1698800097696574,0.10874047098924666,0.03224864732983013,0.0628878217725071,0.07473342567718344,-0.10968019034324779,0.29414262121614615,-0.03021581483703515,-0.08639642557536051,-0.07330452249189978,0.025382347770824376,0.10723235366853863,0.09990807864792559,-0.019851908976871703,-0.04136613683987285,-0.050269119640593704,0.041061794483372764,0.05009377283014747,-0.03943841709490631,0.1480974085261193,-0.049256171180166765,0.1773409988380098,-0.007887488201551105,-0.09651061942270173,0.07859412786274209,-0.08150226837530647,-0.0016142148168469777,-0.10458946740048633,-0.018362687948835704,-0.14194679566893836
8512139,2025-01-01 05:08:19+00:00,1,"['ENG-wtd_avg', 'rev322__tu', 'fltgrossmonthly__income_sum', 'inquirybanking12month__ln', 'in34s__tu']","['linkt003__tu', 'g232s__tu', 'rtl_trd__tu', 'in21s__tu', 'g095s__tu']",,"[1, 1, 1, 1, 1, 1, 1, 1, 1, 1, 1, 1, 1, 1, 1, 1, 1, 1, 1, 1, 1, 1, 1, 1, 1, 1, 1, 1, 1, 0, 1, 0, 1, 1, 1, 1, 1, 1, 1, 1, 1, 1, 1, 1, 1, 1, 1, 0, 1]",24809.27,17148.0,350.0,0,1,0.9102040816326531,5460.0,1.4467733846512714,76938.0,0.45443996090226296,0.39004257415648635,0.3915402190818247,Decline,122.0,0,51.0,0.0,0.0,19.0,216.0,16.0,0.0,1.0,4963.0,3.0,0.0,2.0,29.0,0.0,2.0,24.0,1.0,1.0,17.0,0.0,7.0,6457.0,3.0,47.0,724.0,4.0,4.0,1.0,5738.0,0.0,3.0,0.0,15.0,0.0,5.0,4.0,0.0,6.0,0.0,0.13197734800913727,-0.14686547993800883,-0.04132723560415334,-0.14209565667603957,-0.060300927094883106,0.09154098990252699,0.17776804417874942,0.04221351096772582,-0.15507978464835534,0.16894243532599906,-0.1824628326067655,0.15358010403820122,0.21762167078723413,-0.12259399033321434,0.05777595718110798,-0.0962114720772341,0.10874047098924666,0.03224864732983013,0.0628878217725071,-0.0025250221890105603,-0.10968019034324779,-0.0922532562049396,-0.03021581483703515,-0.08639642557536051,-0.07330452249189978,0.025382347770824376,0.10723235366853863,0.09990807864792559,-0.019851908976871703,0.16574715799894735,-0.050269119640593704,-0.056514357135833804,0.05009377283014747,0.1897445569872553,-0.008677188536520008,0.015520686370377988,-0.0684240555566314,-0.007887488201551105,-0.09651061942270173,0.07859412786274209,-0.04071155733815719,-0.015657428702411637,-0.10458946740048633,-0.018362687948835704,0.25986861206479284
8506805,2024-12-19 01:58:09+00:00,1,"['ENG-loan_to_value', 'cv15__tu', 'g232s__tu', 'inquirybanking12month__ln', 'inquirynonshortterm12month__ln']","['linkt003__tu', 'g002s__tu', 'balmag01__tu', 'ENG-wtd_avg', 'au20s__tu']",,,14349.0,14350.0,,0,1,0.0,4160.0,0.9999303135888502,55229.0,0.5063266820018609,0.27775640912627786,0.3992753815043988,Decline,140.0,1,1.0,0.0,2.0,0.0,398.0,5.0,0.0,1.0,193.0,1.0,0.0,0.0,71.0,0.0,1.0,1.0,1.0,1.0,12.0,0.0,2.0,0.0,3.0,536.0,99999.0,25.0,3.0,0.0,291954.0,0.0,0.0,0.0,3.0,0.0,1.0,5.0,0.0,2.0,0.0,0.040308154710334734,-0.18827349289073714,-0.023523712854035837,-0.14209565667603957,0.29484426505884404,-0.1660761708115241,-0.07034504579162959,-0.11910610672405984,0.14733527822414866,0.16894243532599906,-0.1824628326067655,0.10777261724792812,-0.15001322365700048,0.16826983464198522,0.05777595718110798,0.13159391579138138,-0.04608437682097869,0.03224864732983013,0.0628878217725071,-0.019784226182213507,-0.10968019034324779,-0.0922532562049396,-0.03021581483703515,-0.09030720766073672,-0.07330452249189978,0.025382347770824376,-0.09270778723875307,-0.02712013013461787,-0.019851908976871703,-0.04136613683987285,0.06506737371538793,-0.056514357135833804,0.05009377283014747,-0.03943841709490631,-0.008677188536520008,0.015520686370377988,-0.09643796186055453,-0.007887488201551105,0.08445375502265723,0.07859412786274209,0.0794212202023958,-0.015657428702411637,-0.10458946740048633,-0.018362687948835704,0.25986861206479284
8518495,2024-12-24 04:44:53+00:00,0,"['s209a__tu', 'balmag01__tu', 'ENG-wtd_avg', 'ENG-loan_to_value', 'inquirybanking12month__ln']","['inquiryshortterm12month__ln', 'g232s__tu', 'cv15__tu', 'g002s__tu', 'au20s__tu']","[1, 1, 1, 1, 1, 1, 1, 1, 1, 1, 1, 1, 1, 1, 1, 1, 1, 1, 1, 1, 0, 0, 0]","[1, 1, 1, 1, 1, 1, 1, 1, 1, 1, 1]",9822.0,8875.0,598.0,0,1,1.0,3833.33,1.1067042253521127,88058.0,0.54017214391509,0.3372811670434425,0.4024501818531801,Decline,100.0,0,25.0,0.0,2.0,0.0,193.0,27.0,0.0,0.0,0.0,5.0,0.0,1.0,50.0,0.0,1.0,13.0,1.0,2.0,13.0,0.0,4.0,0.0,1.0,95.0,99999.0,81.0,2.0,1.0,46851.0,1.0,1.0,0.0,18.0,1.0,5.0,2.0,0.0,60.0,1.0,-0.027970179858952268,-0.18827349289073714,-0.1275519600589978,-0.14209565667603957,0.12681166561429538,-0.1660761708115241,-0.07034504579162959,0.17363223309014522,-0.255209877581241,0.16894243532599906,0.06891243213546375,-0.06930372276885687,0.21762167078723413,-0.20621158598810324,0.05777595718110798,0.05491722037638777,-0.01837301611295693,0.03224864732983013,0.0628878217725071,-0.019784226182213507,-0.10968019034324779,-0.0922532562049396,0.12508668317741883,-0.09030720766073672,-0.07330452249189978,0.025382347770824376,0.10723235366853863,-0.02712013013461787,-0.019851908976871703,-0.04136613683987285,0.06506737371538793,0.1373276043208283,0.05009377283014747,0.1897445569872553,-0.008677188536520008,-0.049256171180166765,-0.0684240555566314,-0.007887488201551105,-0.09651061942270173,-0.28347325196329687,-0.04071155733815719,-0.015657428702411637,-0.10458946740048633,0.12016521996775872,-0.14194679566893836
8433069,2024-11-30 05:47:56+00:00,1,"['miles_odometer__app', 'g232s__tu', 'ENG-loan_to_value', 'cv15__tu', 'inquirybanking12month__ln']","['g002s__tu', 'ENG-wtd_avg', 'ENG-franchise', 'au20s__tu', 'rtl_trd__tu']",,,14381.0,13725.0,,0,0,0.0,3750.0,1.0477959927140255,2350.0,0.42995357485763974,0.3372811670434425,0.4117098775230347,Decline,147.0,1,1.0,0.0,1.0,0.0,287.0,4.0,0.0,0.0,0.0,1.0,0.0,2.0,43.0,0.0,7.0,1.0,1.0,1.0,31.0,0.0,1.0,0.0,1.0,103.0,99999.0,46.0,5.0,0.0,291954.0,0.0,0.0,0.0,2.0,0.0,1.0,5.0,0.0,32.0,0.0,-0.027970179858952268,-0.18827349289073714,0.34054786660712466,-0.14209565667603957,0.12681166561429538,-0.1660761708115241,-0.07034504579162959,-0.06943203585757203,0.2051052489933988,0.16894243532599906,0.06891243213546375,-0.06930372276885687,-0.15001322365700048,0.16826983464198522,0.05777595718110798,-0.0962114720772341,0.10001349160327515,0.03224864732983013,-0.11793592802472794,0.07473342567718344,-0.10968019034324779,-0.0922532562049396,-0.03021581483703515,0.04990870277300484,-0.07330452249189978,0.025382347770824376,-0.09270778723875307,-0.02712013013461787,-0.019851908976871703,-0.04136613683987285,0.06506737371538793,0.041061794483372764,0.05009377283014747,-0.03943841709490631,-0.008677188536520008,0.015520686370377988,-0.09643796186055453,-0.007887488201551105,0.1805634719208487,0.07859412786274209,0.0794212202023958,-0.015657428702411637,-0.10458946740048633,0.037739856890154314,0.25986861206479284
8433002,2024-11-30 05:38:32+00:00,1,"['in21s__tu', 'trv01__tu', 'g232s__tu', 'au20s__tu', 'cv15__tu']","['derogseverityindex__ln', 'rp01s__tu', 'linkt003__tu', 'balmag01__tu', 'rtl_trd__tu']","[1, 1, 1, 1, 1, 1, 1, 1, 1, 1, 1, 1, 1, 0]",,19515.5,16450.0,,0,1,0.8666666666666667,5850.0,1.1863525835866262,77993.0,0.4142576787002011,0.3501845945669622,0.41185584529906055,Decline,177.0,1,87.0,0.0,0.0,0.0,310.0,3.0,0.0,1.0,17.0,1.0,4.0,0.0,60.0,6.0,2.0,87.0,4.0,1.0,87.0,1.0,999.0,0.0,18.0,536.0,282.0,51.0,3.0,0.0,291954.0,0.0,0.0,0.0,2.0,0.0,2.0,2.0,0.0,0.0,0.0,0.13197734800913727,0.2177365717902033,-0.1275519600589978,-0.14209565667603957,-0.002109078899541321,0.09154098990252699,-0.07034504579162959,-0.11910610672405984,0.29009271071754617,0.16894243532599906,-0.1824628326067655,-0.06930372276885687,0.14032874394710926,0.16826983464198522,-0.49163307727602673,0.13159391579138138,-0.04608437682097869,-0.0396387847465165,0.0628878217725071,-0.0025250221890105603,0.28386568390968,0.2460720631549191,-0.03021581483703515,0.2697498374100057,-0.07330452249189978,-0.1622949085028706,0.33183641136280506,-0.02712013013461787,-0.019851908976871703,-0.04136613683987285,-0.050269119640593704,0.1373276043208283,0.05009377283014747,-0.03943841709490631,-0.008677188536520008,0.015520686370377988,-0.09643796186055453,-0.007887488201551105,0.1805634719208487,0.07859412786274209,0.0794212202023958,-0.015657428702411637,-0.10458946740048633,-0.018362687948835704,0.25986861206479284
8464334,2024-12-05 07:12:55+00:00,1,"['g251c__tu', 'ENG-wtd_avg', 'cv15__tu', 'fi36s__tu', 'linka006__tu']","['inquirybanking12month__ln', 'ENG-franchise', 'au20s__tu', 'rtl_trd__tu', 'fltgrossmonthly__income_sum']",[1],[1],23514.0,16808.0,324.0,0,0,1.0,2800.0,1.3989766777724892,38000.0,0.4801077233750882,0.39004257415648635,0.4136552666273721,Decline,38.0,0,6.0,0.0,0.0,0.0,257.0,10.0,1.0,0.0,6045.0,1.0,0.0,0.0,0.0,0.0,0.0,1.0,1.0,1.0,4.0,0.0,1.0,0.0,18.0,98.0,99999.0,1.0,2.0,0.0,6374.0,0.0,999.0,0.0,2.0,0.0,4.0,0.0,0.0,0.0,1.0,-0.1091665809718578,-0.18827349289073714,0.037311957071715245,-0.14209565667603957,-0.060300927094883106,0.09154098990252699,-0.07034504579162959,-0.0195542954136434,0.043484354902003225,-0.20255280703278697,0.06891243213546375,0.15358010403820122,0.21762167078723413,0.16826983464198522,0.05777595718110798,0.13159391579138138,0.10874047098924666,0.03224864732983013,-0.11793592802472794,-0.019784226182213507,-0.10968019034324779,-0.0922532562049396,-0.03021581483703515,-0.09030720766073672,-0.07330452249189978,0.025382347770824376,-0.09270778723875307,-0.02712013013461787,-0.019851908976871703,-0.04136613683987285,0.06506737371538793,-0.056514357135833804,0.05009377283014747,-0.03943841709490631,-0.008677188536520008,0.015520686370377988,0.1773409988380098,-0.007887488201551105,0.1805634719208487,0.07859412786274209,-0.025593941117068985,0.08850290045664871,-0.10458946740048633,-0.018362687948835704,-0.14194679566893836
8566031,2025-01-15 03:33:03+00:00,1,"['ENG-loan_to_value', 'cv15__tu', 'inquirybanking12month__ln', 'linka006__tu', 'inquirynonshortterm12month__ln']","['linkt003__tu', 'g232s__tu', 'g002s__tu', 'ENG-wtd_avg', 'au20s__tu']",,,20609.0,19375.0,,0,1,0.0,4000.0,1.063690322580645,39189.0,0.5641543848357415,0.3372811670434425,0.42031792517998173,Decline,36.0,0,1.0,0.0,1.0,0.0,289.0,16.0,0.0,2.0,98.0,1.0,0.0,1.0,100.0,0.0,1.0,1.0,1.0,2.0,0.0,0.0,5.0,85.0,18.0,536.0,614.0,5.0,2.0,0.0,291954.0,0.0,0.0,0.0,2.0,0.0,83.0,1.0,0.0,0.0,0.0,-0.027970179858952268,-0.18827349289073714,0.037311957071715245,-0.14209565667603957,0.12681166561429538,-0.1660761708115241,-0.07034504579162959,-0.06943203585757203,-0.15507978464835534,0.16894243532599906,-0.2536446870910988,0.10777261724792812,-0.15001322365700048,0.16826983464198522,0.05777595718110798,0.05491722037638777,-0.15797629343215172,0.03224864732983013,0.0628878217725071,-0.019784226182213507,-0.10968019034324779,-0.0922532562049396,0.12508668317741883,-0.09030720766073672,-0.07330452249189978,0.025382347770824376,0.10723235366853863,-0.0014416545835477044,-0.019851908976871703,-0.04136613683987285,-0.050269119640593704,-0.056514357135833804,0.05009377283014747,-0.03943841709490631,-0.008677188536520008,0.015520686370377988,-0.09643796186055453,-0.007887488201551105,0.1805634719208487,0.07859412786274209,-0.08150226837530647,-0.0016142148168469777,-0.10458946740048633,-0.018362687948835704,0.25986861206479284
8528513,2024-12-29 04:14:24+00:00,1,"['trv01__tu', 'rev322__tu', 'g095s__tu', 'ENG-loan_to_value', 'fltgrossmonthly__income_sum']","['g232s__tu', 'linkt003__tu', 'cv15__tu', 'inquirybanking12month__ln', 'balmag01__tu']","[1, 1, 1, 1, 1, 1, 1, 1, 1, 1, 1, 1, 1, 1, 1, 1, 1, 1, 1, 1, 1, 1, 1, 1, 0, 0, 1, 1]",,23750.0,21850.0,,0,1,0.874384236453202,6339.0,1.0869565217391304,46161.0,0.4392326899354676,0.3372811670434425,0.42059526319166085,Decline,223.0,1,46.0,1.0,0.0,300.0,388.0,35.0,1.0,2.0,37.0,4.0,1.0,5.0,17.0,0.0,22.0,46.0,1.0,1.0,40.0,0.0,999.0,208.0,1.0,117.0,0.0,1.0,5.0,0.0,291954.0,9.0,21.0,0.0,162.0,0.0,6.0,7.0,15.0,2.0,1.0,0.13197734800913727,-0.15927927253764146,0.037311957071715245,-0.007719313883108272,0.12681166561429538,0.09154098990252699,0.3264994580051225,-0.11910610672405984,-0.38056948270557656,-0.20255280703278697,-0.2536446870910988,-0.06930372276885687,0.14032874394710926,-0.20621158598810324,0.05777595718110798,-0.1698800097696574,0.10874047098924666,0.03224864732983013,0.0628878217725071,0.07473342567718344,-0.0019601420341259297,-0.0922532562049396,-0.03021581483703515,0.10689258131274595,-0.07330452249189978,0.025382347770824376,0.33183641136280506,0.09990807864792559,-0.019851908976871703,-0.04136613683987285,-0.050269119640593704,-0.056514357135833804,0.05009377283014747,-0.03943841709490631,-0.008677188536520008,-0.049256171180166765,0.10596202742217121,-0.007887488201551105,-0.09651061942270173,0.07859412786274209,-0.04071155733815719,-0.015657428702411637,0.25194094475317025,-0.018362687948835704,-0.14194679566893836
8527720,2024-12-29 01:53:46+00:00,1,"['miles_odometer__app', 'au20s__tu', 'ENG-loan_to_value', 'cv15__tu', 'inquirybanking12month__ln']","['inquiryshortterm12month__ln', 'g232s__tu', 'g002s__tu', 'in21s__tu', 'g095s__tu']","[1, 0, 0, 0, 0, 1, 1, 1, 1, 0, 0, 1, 0, 0, 1, 0, 0, 0, 0, 0, 0, 0, 0, 0, 0, 0, 0, 0, 0, 0, 1, 1, 1, 1, 1, 1, 1, 1, 1, 1, 1, 1, 1, 1, 0, 0, 0, 0]",,23731.0,21700.0,,0,1,0.4957482993197279,4569.0,1.093594470046083,7676.0,0.43949419721432,0.3372811670434425,0.4208456742500719,Decline,372.0,1,103.0,2.0,3.0,0.0,290.0,18.0,0.0,0.0,0.0,1.0,0.0,2.0,36.0,6.0,6.0,1.0,2.0,1.0,3.0,0.0,1.0,0.0,2.0,110.0,99999.0,5.0,3.0,2.0,31247.0,0.0,1.0,1.0,21.0,1.0,83.0,3.0,0.0,26.0,0.0,0.05862755356495931,0.3655886981676968,0.34054786660712466,0.10794025034518957,0.12681166561429538,-0.1660761708115241,-0.07034504579162959,-0.06943203585757203,-0.15507978464835534,0.16894243532599906,0.06891243213546375,-0.06930372276885687,-0.06524181341490069,0.16826983464198522,0.05777595718110798,-0.0962114720772341,0.10001349160327515,-0.0396387847465165,0.0628878217725071,0.07473342567718344,-0.10968019034324779,-0.03087346191658939,-0.03021581483703515,-0.09030720766073672,-0.07330452249189978,0.025382347770824376,-0.09270778723875307,-0.02712013013461787,-0.019851908976871703,-0.04136613683987285,0.06506737371538793,-0.056514357135833804,0.05009377283014747,0.1897445569872553,-0.008677188536520008,0.015520686370377988,-0.0684240555566314,-0.007887488201551105,-0.09651061942270173,-0.28347325196329687,-0.08150226837530647,-0.015657428702411637,-0.10458946740048633,0.037739856890154314,0.25986861206479284
8530806,2024-12-31 01:04:32+00:00,1,"['trv01__tu', 'ENG-bk', 'g095s__tu', 'inquirybanking12month__ln', 'ENG-wtd_avg']","['ENG-franchise', 'rtl_trd__tu', 'g232s__tu', 'cv13__tu', 'in21s__tu']","[1, 1, 1, 1, 1, 1, 1, 1, 1, 1, 1, 1, 1, 1, 0, 0, 0, 0, 0, 0, 0, 0, 0, 0, 0, 0, 0, 0, 0, 0, 0, 0, 0, 0, 0, 0, 0, 0, 0, 0, 0, 0, 0, 0, 0, 0, 0, 0, 0, 0, 0, 0, 0, 0, 0, 0, 0, 0, 0, 0, 0, 0, 0, 0, 0, 0, 0, 0]","[1, 1, 1, 0, 1, 1, 1, 1, 1, 1, 1, 1, 1, 0, 1]",,,243.0,1,0,0.85,3503.0,1.2734844012832087,60518.520779948754,0.4681604427366907,0.31672530923551634,0.42097384523310766,Decline,334.0,1,76.0,0.0,0.0,0.0,278.0,14.0,0.0,0.0,0.0,3.0,3.0,3.0,92.0,0.0,2.0,1.0,2.0,2.0,17.0,0.0,999.0,0.0,3.0,101.0,1060.0,1.0,13.0,1.0,7198.0,2.0,0.0,0.0,10.0,0.0,2.0,13.0,39.0,5.0,0.0,-0.09681697912336358,0.020443712167482336,-0.04132723560415334,-0.14209565667603957,-0.060300927094883106,0.09154098990252699,-0.07034504579162959,-0.06943203585757203,-0.12919791320011853,0.16894243532599906,0.06891243213546375,-0.06930372276885687,0.14032874394710926,-0.12259399033321434,0.05777595718110798,-0.12496553540883204,-0.15797629343215172,0.03224864732983013,-0.11793592802472794,-0.0025250221890105603,-0.10968019034324779,-0.03087346191658939,0.12508668317741883,-0.08639642557536051,0.3644461705690194,0.025382347770824376,0.33183641136280506,-0.02712013013461787,-0.019851908976871703,-0.04136613683987285,-0.050269119640593704,-0.056514357135833804,0.0033944331617501993,0.1897445569872553,-0.008677188536520008,-0.049256171180166765,-0.09643796186055453,-0.007887488201551105,-0.09651061942270173,0.07859412786274209,0.0794212202023958,-0.015657428702411637,0.25194094475317025,-0.018362687948835704,0.25986861206479284
8482264,2024-12-13 01:54:34+00:00,1,"['rev322__tu', 'ENG-wtd_avg', 'ENG-loan_to_value', 'cv15__tu', 'fltgrossmonthly__income_sum']","['inquiryshortterm12month__ln', 'inquirybanking12month__ln', 'g002s__tu', 'ENG-franchise', 'au20s__tu']",,"[1, 1, 1, 1, 1, 1, 1, 1, 1, 1, 1, 1, 1, 1, 1, 1, 1, 1, 1]",21558.0,20475.0,560.0,0,0,1.0,5695.0,1.0528937728937728,37963.0,0.44280060283418204,0.3372811670434425,0.4240117831799618,Decline,45.0,1,21.0,0.0,2.0,1980.0,222.0,10.0,1.0,0.0,38970.0,1.0,0.0,0.0,13.0,0.0,5.0,14.0,8.0,1.0,21.0,0.0,5.0,2404.0,18.0,82.0,300.0,1.0,1.0,0.0,291954.0,0.0,0.0,0.0,4.0,1.0,83.0,2.0,0.0,0.0,1.0,0.13197734800913727,-0.18827349289073714,0.037311957071715245,-0.14209565667603957,0.12681166561429538,-0.1660761708115241,0.3264994580051225,0.04221351096772582,0.043484354902003225,-0.20255280703278697,0.06891243213546375,0.1885423072401762,0.21762167078723413,0.16826983464198522,0.05777595718110798,0.13159391579138138,0.10874047098924666,0.03224864732983013,-0.11793592802472794,0.07473342567718344,-0.10968019034324779,0.29414262121614615,-0.03021581483703515,-0.08639642557536051,-0.07330452249189978,0.025382347770824376,0.10723235366853863,0.09990807864792559,-0.019851908976871703,-0.04136613683987285,-0.050269119640593704,-0.056514357135833804,0.05009377283014747,-0.03943841709490631,-0.008677188536520008,0.015520686370377988,-0.09643796186055453,-0.007887488201551105,0.0509809958782628,-0.28347325196329687,-0.08150226837530647,-0.015657428702411637,-0.10458946740048633,-0.018362687948835704,-0.14194679566893836
8563780,2025-01-14 06:16:20+00:00,1,"['addrprevioustimenewest__ln', 'g232s__tu', 'linkf098__tu', 'g407s__tu', 'g002s__tu']","['inquirybanking12month__ln', 'ENG-wtd_avg', 'au20s__tu', 'rtl_trd__tu', 'cv13__tu']",,,16203.0,14200.0,,0,1,0.0,5000.0,1.141056338028169,73605.0,0.5593648253164624,0.3501845945669622,0.4326931713139565,Decline,364.0,0,1.0,0.0,0.0,0.0,300.0,5.0,1.0,0.0,0.0,2.0,0.0,0.0,100.0,6.0,0.0,1.0,2.0,1.0,0.0,0.0,1.0,0.0,18.0,536.0,390.0,139.0,3.0,0.0,291954.0,1.0,0.0,3.0,4.0,0.0,4.0,1.0,0.0,0.0,1.0,0.05862755356495931,-0.18827349289073714,-0.04132723560415334,-0.14209565667603957,-0.002109078899541321,0.09154098990252699,-0.07034504579162959,-0.06943203585757203,0.14733527822414866,-0.20255280703278697,0.06891243213546375,-0.06930372276885687,-0.15001322365700048,0.013471361800327993,0.05777595718110798,0.13159391579138138,-0.15797629343215172,-0.0396387847465165,0.0628878217725071,-0.019784226182213507,-0.10968019034324779,-0.03087346191658939,-0.03021581483703515,-0.09030720766073672,-0.07330452249189978,0.025382347770824376,-0.09270778723875307,-0.02712013013461787,-0.019851908976871703,-0.04136613683987285,-0.050269119640593704,0.3914185213487937,0.05009377283014747,-0.03943841709490631,-0.008677188536520008,-0.049256171180166765,-0.09643796186055453,0.12919669236557793,0.0509809958782628,0.07859412786274209,-0.025593941117068985,-0.0016142148168469777,-0.10458946740048633,-0.018362687948835704,-0.14194679566893836
8431051,2024-11-30 00:12:49+00:00,1,"['g232s__tu', 'in21s__tu', 'inquirybanking12month__ln', 'linka006__tu', 'inquirynonshortterm12month__ln']","['rp01s__tu', 'balmag01__tu', 'ENG-wtd_avg', 'rtl_trd__tu', 'cv13__tu']",,,18354.0,15625.0,,0,1,0.0,3599.0,1.174656,55416.0,0.5657124850423056,0.3501845945669622,0.4376033638982741,Decline,55.0,0,44.0,0.0,0.0,0.0,347.0,4.0,0.0,0.0,0.0,2.0,0.0,1.0,100.0,6.0,0.0,1.0,1.0,2.0,44.0,1.0,1.0,0.0,1.0,536.0,1085.0,1.0,1.0,0.0,4457.0,1.0,0.0,0.0,2.0,0.0,83.0,2.0,0.0,11.0,0.0,-0.09681697912336358,-0.15927927253764146,-0.023523712854035837,-0.14209565667603957,-0.002109078899541321,0.09154098990252699,-0.07034504579162959,-0.11910610672405984,0.2051052489933988,0.16894243532599906,0.06891243213546375,-0.06930372276885687,-0.15001322365700048,0.013471361800327993,0.05777595718110798,0.05491722037638777,-0.15797629343215172,-0.0396387847465165,0.0628878217725071,-0.019784226182213507,-0.10968019034324779,-0.0922532562049396,0.12508668317741883,0.10689258131274595,-0.07330452249189978,-0.1622949085028706,-0.09270778723875307,-0.02712013013461787,-0.019851908976871703,-0.04136613683987285,-0.050269119640593704,-0.056514357135833804,0.05009377283014747,-0.03943841709490631,-0.008677188536520008,-0.049256171180166765,-0.09643796186055453,-0.007887488201551105,0.1805634719208487,0.07859412786274209,-0.08150226837530647,-0.015657428702411637,-0.10458946740048633,-0.018362687948835704,0.25986861206479284
8578970,2025-01-19 05:04:52+00:00,1,"['au20s__tu', 'fltgrossmonthly__income_sum', 'ENG-wtd_avg', 'fi25s__tu', 'g002s__tu']","['inquiryshortterm12month__ln', 'rp01s__tu', 'inquirybanking12month__ln', 'in21s__tu', 'g095s__tu']","[1, 0, 0, 0, 0, 0, 1, 1, 1, 0, 0, 0, 0, 0, 0, 0, 0, 1, 1, 1, 1, 1, 1, 1, 0, 1, 0, 1, 1, 0, 1, 0, 0, 0, 1, 1, 1, 1, 1, 1, 1, 0, 0, 0, 0, 0, 0, 0, 0, 0, 0, 0, 0, 0, 0, 0, 0, 0, 0, 0, 0, 0, 0, 0, 0, 0, 0, 0, 0, 0, 0, 0, 0, 0, 0, 0, 0, 0, 0, 0]","[1, 1, 1]",,,240.0,0,1,1.0,8000.0,1.2734844012832087,60518.520779948754,0.5134402064077902,0.39004257415648635,0.4423741488384641,Decline,363.0,0,146.0,1.0,0.0,0.0,253.0,9.0,1.0,0.0,0.0,2.0,0.0,2.0,38.0,0.0,1.0,1.0,1.0,2.0,4.0,1.0,1.0,0.0,2.0,97.0,99999.0,1.0,6.0,1.0,9782.0,1.0,1.0,0.0,4.0,1.0,83.0,4.0,0.0,13.0,1.0,0.30369082926416546,0.5381266846763259,-0.04132723560415334,-0.007719313883108272,-0.060300927094883106,0.09154098990252699,-0.07034504579162959,-0.0195542954136434,0.043484354902003225,-0.20255280703278697,0.06891243213546375,-0.06930372276885687,0.21762167078723413,0.013471361800327993,0.05777595718110798,-0.0962114720772341,0.10001349160327515,0.03224864732983013,0.0628878217725071,-0.019784226182213507,-0.10968019034324779,-0.0922532562049396,0.12508668317741883,-0.09030720766073672,-0.07330452249189978,-0.1622949085028706,-0.09270778723875307,-0.02712013013461787,-0.019851908976871703,-0.04136613683987285,0.06506737371538793,-0.056514357135833804,0.05009377283014747,0.1897445569872553,-0.008677188536520008,-0.049256171180166765,-0.0684240555566314,-0.007887488201551105,0.0509809958782628,-0.28347325196329687,-0.08150226837530647,-0.015657428702411637,-0.10458946740048633,-0.018362687948835704,-0.14194679566893836
8502418,2024-12-17 04:52:08+00:00,1,"['au20s__tu', 'ENG-wtd_avg', 'cv15__tu', 'fltgrossmonthly__income_sum', 'inquirybanking12month__ln']","['rp01s__tu', 'linkt003__tu', 'balmag01__tu', 'rtl_trd__tu', 'miles_odometer__app']","[1, 1, 1, 1, 1, 1, 0, 0, 0, 0, 0, 0, 0, 0, 0, 0, 0, 0, 0, 0, 0, 0, 0, 0, 0, 0, 0, 0, 0, 0, 0, 0, 0, 0, 0, 0, 0, 0, 0, 0, 0, 0, 0, 0, 0, 0, 0, 0, 0, 0, 0, 0, 0, 0, 0, 0, 0, 0, 0, 0, 0, 0, 0, 0, 0, 0, 0, 0]","[1, 1, 1, 1]",15283.0,11823.0,723.0,0,1,1.0,5411.0,1.2926499196481434,121752.0,0.5135536010752428,0.39004257415648635,0.44247184837362147,Decline,178.0,0,105.0,0.0,0.0,0.0,310.0,7.0,0.0,1.0,0.0,1.0,3.0,1.0,33.0,6.0,5.0,1.0,1.0,1.0,9.0,1.0,1.0,0.0,3.0,106.0,1034.0,1.0,7.0,0.0,291954.0,1.0,32.0,0.0,7.0,0.0,83.0,4.0,0.0,6.0,0.0,0.13197734800913727,0.3655886981676968,-0.1275519600589978,-0.14209565667603957,-0.060300927094883106,0.09154098990252699,-0.07034504579162959,-0.11910610672405984,0.043484354902003225,0.16894243532599906,-0.1824628326067655,-0.06930372276885687,0.21762167078723413,0.16826983464198522,0.05777595718110798,0.05491722037638777,0.10001349160327515,-0.0396387847465165,0.0628878217725071,0.07473342567718344,-0.10968019034324779,-0.0922532562049396,-0.03021581483703515,-0.09030720766073672,-0.07330452249189978,-0.1622949085028706,-0.09270778723875307,-0.02712013013461787,-0.019851908976871703,-0.04136613683987285,-0.050269119640593704,-0.056514357135833804,0.029134920956684608,-0.03943841709490631,-0.008677188536520008,-0.049256171180166765,0.10596202742217121,-0.007887488201551105,-0.09651061942270173,0.07859412786274209,-0.08150226837530647,-0.015657428702411637,-0.10458946740048633,-0.018362687948835704,0.25986861206479284
8540579,2025-01-04 04:23:20+00:00,1,"['in34s__tu', 'balmag01__tu', 'ENG-wtd_avg', 'rev322__tu', 'au20s__tu']","['inquiryshortterm12month__ln', 'g002s__tu', 'ENG-franchise', 'miles_odometer__app', 'g232s__tu']","[1, 1, 1, 1, 1, 1, 1, 1, 1, 1, 1, 1, 1, 0, 0, 0, 0, 0, 0, 0, 0, 0, 0, 0, 0]","[1, 1, 1, 1, 1, 1, 1, 1, 1, 1, 1, 1, 1, 1, 1, 1, 1, 1, 1, 1, 1, 1, 1, 1, 1, 1, 1, 1, 1, 1, 1, 1, 1, 1, 1, 1]",30000.0,24725.0,379.0,0,0,1.0,3627.0,1.2133468149646107,101033.0,0.4511889924373507,0.3501845945669622,0.448573034187251,Decline,335.0,1,87.0,1.0,3.0,100.0,144.0,14.0,0.0,0.0,1061.0,1.0,3.0,3.0,76.0,0.0,2.0,1.0,4.0,3.0,17.0,0.0,1.0,0.0,4.0,11.0,164.0,1.0,7.0,1.0,1683.0,0.0,10.0,0.0,8.0,1.0,3.0,7.0,0.0,10.0,0.0,-0.09681697912336358,0.2177365717902033,-0.1275519600589978,-0.007719313883108272,-0.002109078899541321,-0.1660761708115241,0.17776804417874942,0.17363223309014522,-0.12919791320011853,0.16894243532599906,0.06891243213546375,0.10777261724792812,0.21762167078723413,0.16826983464198522,0.05777595718110798,-0.12496553540883204,-0.04608437682097869,0.03224864732983013,-0.11793592802472794,-0.0025250221890105603,-0.10968019034324779,0.2460720631549191,0.12508668317741883,-0.08639642557536051,-0.07330452249189978,0.025382347770824376,-0.09270778723875307,-0.02712013013461787,-0.019851908976871703,0.2987949245456811,-0.050269119640593704,-0.056514357135833804,0.029134920956684608,0.1897445569872553,-0.008677188536520008,0.015520686370377988,0.10596202742217121,-0.007887488201551105,-0.09651061942270173,-0.28347325196329687,0.07637038800224982,-0.015657428702411637,-0.10458946740048633,-0.018362687948835704,0.25986861206479284
8479709,2024-12-12 02:19:32+00:00,0,"['g232s__tu', 'ENG-wtd_avg', 'cv15__tu', 'fi36s__tu', 'g407s__tu']","['inquiryshortterm12month__ln', 'inquirybanking12month__ln', 'balmag01__tu', 'ENG-franchise', 'au20s__tu']","[1, 1]",,16448.0,13425.0,,0,0,1.0,3200.0,1.2251769087523277,80361.0,0.5814592912098394,0.3501845945669622,0.4497842075808234,Decline,224.0,0,37.0,0.0,0.0,0.0,600.0,3.0,1.0,0.0,0.0,1.0,0.0,0.0,13.0,0.0,6.0,1.0,2.0,1.0,2.0,0.0,1.0,0.0,1.0,103.0,99999.0,21.0,7.0,0.0,291954.0,1.0,999.0,2.0,6.0,1.0,83.0,1.0,0.0,4.0,1.0,-0.1091665809718578,-0.18827349289073714,-0.1275519600589978,-0.14209565667603957,-0.002109078899541321,0.09154098990252699,-0.07034504579162959,-0.11910610672405984,0.29009271071754617,-0.20255280703278697,0.06891243213546375,-0.06930372276885687,0.21762167078723413,0.16826983464198522,0.05777595718110798,0.13159391579138138,0.10874047098924666,0.03224864732983013,-0.11793592802472794,0.07473342567718344,-0.10968019034324779,-0.03087346191658939,-0.03021581483703515,-0.09030720766073672,-0.07330452249189978,0.025382347770824376,-0.09270778723875307,-0.02712013013461787,-0.019851908976871703,-0.04136613683987285,0.06506737371538793,-0.056514357135833804,0.029134920956684608,-0.03943841709490631,-0.008677188536520008,-0.049256171180166765,0.1773409988380098,-0.007887488201551105,-0.017088484297844653,-0.28347325196329687,-0.08150226837530647,-0.0016142148168469777,-0.10458946740048633,-0.018362687948835704,-0.14194679566893836
8425812,2024-11-26 23:26:37+00:00,0,"['g232s__tu', 'in21s__tu', 'ENG-wtd_avg', 'linka006__tu', 'cv15__tu']","['inquiryshortterm12month__ln', 'linkt003__tu', 'balmag01__tu', 'rtl_trd__tu', 'fltgrossmonthly__income_sum']","[1, 1]",,13092.0,11000.0,,0,1,1.0,3440.0,1.1901818181818182,70475.0,0.452659589959481,0.3501845945669622,0.4500351053007475,Decline,100.0,1,57.0,0.0,0.0,0.0,600.0,3.0,0.0,2.0,0.0,1.0,0.0,0.0,42.0,0.0,1.0,57.0,1.0,1.0,57.0,0.0,1.0,0.0,2.0,536.0,99999.0,1.0,3.0,0.0,1070.0,0.0,1.0,0.0,1.0,1.0,0.0,2.0,0.0,25.0,0.0,-0.1091665809718578,0.020443712167482336,-0.04132723560415334,-0.14209565667603957,-0.002109078899541321,0.09154098990252699,-0.07034504579162959,-0.11910610672405984,0.29009271071754617,0.16894243532599906,-0.2536446870910988,-0.06930372276885687,0.21762167078723413,0.16826983464198522,0.05777595718110798,0.13159391579138138,0.10001349160327515,0.03224864732983013,0.0628878217725071,-0.019784226182213507,-0.0019601420341259297,-0.0922532562049396,-0.03021581483703515,0.15342943182276647,-0.07330452249189978,0.025382347770824376,-0.09270778723875307,-0.02712013013461787,-0.019851908976871703,-0.04136613683987285,0.06506737371538793,-0.056514357135833804,0.05009377283014747,-0.03943841709490631,-0.008677188536520008,0.015520686370377988,-0.0684240555566314,-0.007887488201551105,0.22656232222654338,-0.28347325196329687,0.0794212202023958,-0.015657428702411637,-0.10458946740048633,0.037739856890154314,0.25986861206479284
8473560,2024-12-09 22:26:31+00:00,1,"['cv15__tu', 'inquirybanking12month__ln', 'inquirynonshortterm12month__ln', 'g407s__tu', 'inquiryshortterm12month__ln']","['g002s__tu', 'balmag01__tu', 'ENG-wtd_avg', 'ENG-franchise', 'au20s__tu']",,,10153.0,8500.0,,0,0,0.0,4312.0,1.1944705882352942,57078.0,0.5963271550312413,0.3501845945669622,0.461285150894352,Decline,161.0,0,1.0,1.0,1.0,0.0,600.0,8.0,0.0,0.0,0.0,1.0,0.0,0.0,100.0,6.0,0.0,1.0,1.0,1.0,0.0,0.0,1.0,0.0,18.0,536.0,99999.0,1.0,3.0,0.0,291954.0,1.0,0.0,0.0,6.0,0.0,83.0,1.0,0.0,0.0,0.0,0.040308154710334734,-0.18827349289073714,-0.023523712854035837,-0.007719313883108272,-0.002109078899541321,-0.1660761708115241,-0.07034504579162959,-0.11910610672405984,0.043484354902003225,0.16894243532599906,0.06891243213546375,-0.06930372276885687,-0.15001322365700048,0.16826983464198522,0.05777595718110798,0.13159391579138138,-0.15797629343215172,-0.0396387847465165,-0.11793592802472794,-0.019784226182213507,-0.10968019034324779,-0.0922532562049396,-0.03021581483703515,-0.09030720766073672,-0.07330452249189978,0.025382347770824376,-0.09270778723875307,-0.02712013013461787,-0.019851908976871703,-0.04136613683987285,0.06506737371538793,-0.056514357135833804,0.05009377283014747,-0.03943841709490631,-0.008677188536520008,-0.049256171180166765,-0.09643796186055453,-0.007887488201551105,-0.017088484297844653,0.07859412786274209,-0.08150226837530647,-0.0016142148168469777,-0.10458946740048633,-0.018362687948835704,0.25986861206479284
8565870,2025-01-15 23:46:32+00:00,0,"['linka006__tu', 'cv15__tu', 'inquirybanking12month__ln', 'fi36s__tu', 'in34s__tu']","['g002s__tu', 'ENG-wtd_avg', 'au20s__tu', 'fltgrossmonthly__income_sum', 'in21s__tu']",,,22407.9,19550.0,,0,1,0.0,2800.0,1.1461841432225064,64287.0,0.46463014110240775,0.3501845945669622,0.4619362521307467,Decline,314.0,1,1.0,1.0,2.0,0.0,254.0,8.0,0.0,0.0,1010.0,1.0,0.0,0.0,33.0,6.0,1.0,1.0,2.0,1.0,4.0,0.0,1.0,0.0,1.0,60.0,99999.0,1.0,5.0,0.0,143.0,0.0,999.0,0.0,1.0,0.0,4.0,2.0,0.0,4.0,0.0,-0.1091665809718578,-0.18827349289073714,-0.04132723560415334,-0.007719313883108272,-0.002109078899541321,-0.1660761708115241,-0.07034504579162959,-0.0195542954136434,0.043484354902003225,0.16894243532599906,0.06891243213546375,0.10777261724792812,-0.15001322365700048,0.16826983464198522,0.05777595718110798,0.13159391579138138,0.10001349160327515,-0.0396387847465165,0.0628878217725071,-0.019784226182213507,-0.10968019034324779,-0.03087346191658939,-0.03021581483703515,-0.09030720766073672,-0.07330452249189978,0.025382347770824376,-0.09270778723875307,-0.02712013013461787,-0.019851908976871703,0.16574715799894735,0.06506737371538793,-0.056514357135833804,0.05009377283014747,-0.03943841709490631,-0.008677188536520008,0.015520686370377988,0.1773409988380098,-0.007887488201551105,0.22656232222654338,0.07859412786274209,-0.025593941117068985,-0.015657428702411637,-0.10458946740048633,-0.018362687948835704,0.25986861206479284
8578353,2025-01-19 03:12:32+00:00,1,"['miles_odometer__app', 'g232s__tu', 'ENG-loan_to_value', 'cv15__tu', 'inquirybanking12month__ln']","['inquiryshortterm12month__ln', 'linkt003__tu', 'ENG-wtd_avg', 'au20s__tu', 'rtl_trd__tu']",,,26510.0,24682.0,,0,1,0.0,4688.0,1.0740620695243497,5.0,0.48394097758611004,0.3372811670434425,0.46340649842561665,Decline,57.0,1,1.0,0.0,0.0,0.0,283.0,4.0,0.0,1.0,0.0,1.0,0.0,0.0,9.0,0.0,7.0,1.0,1.0,2.0,22.0,0.0,1.0,0.0,1.0,101.0,241.0,36.0,6.0,0.0,1203.0,2.0,2.0,0.0,13.0,1.0,83.0,2.0,0.0,5.0,0.0,0.05862755356495931,-0.18827349289073714,0.34054786660712466,-0.14209565667603957,0.12681166561429538,0.09154098990252699,-0.07034504579162959,-0.06943203585757203,0.2051052489933988,0.16894243532599906,-0.1824628326067655,-0.06930372276885687,-0.15001322365700048,0.16826983464198522,0.05777595718110798,0.13159391579138138,0.10874047098924666,0.03224864732983013,0.0628878217725071,0.07473342567718344,-0.10968019034324779,-0.0922532562049396,0.12508668317741883,-0.08639642557536051,-0.07330452249189978,0.025382347770824376,-0.09270778723875307,-0.02712013013461787,-0.019851908976871703,-0.04136613683987285,-0.050269119640593704,0.041061794483372764,0.05009377283014747,-0.03943841709490631,-0.008677188536520008,-0.049256171180166765,-0.0684240555566314,-0.007887488201551105,-0.09651061942270173,-0.28347325196329687,-0.08150226837530647,-0.015657428702411637,-0.10458946740048633,-0.018362687948835704,0.25986861206479284
8582257,2025-01-21 05:40:37+00:00,0,"['ENG-bk', 'addrprevioustimenewest__ln', 'in21s__tu', 'in34s__tu', 'all235__tu']","['linkt003__tu', 'inquirybanking12month__ln', 'g232s__tu', 'balmag01__tu', 'rtl_trd__tu']",,"[1, 1, 1, 1, 1, 1, 1, 1, 1, 1, 1, 1, 1, 1, 1, 1, 1, 1, 1, 1, 1, 1, 1, 1, 1, 1, 1, 1, 1, 1, 0, 0, 0, 0, 0, 0, 0, 0, 0, 0, 0, 0, 0, 1, 1, 0, 1, 1, 1, 1]",,,309.0,1,1,0.5866666666666667,2208.0,1.2734844012832087,60518.520779948754,0.5394513330216889,0.31672530923551634,0.4850792191043616,Decline,245.0,1,52.0,0.0,0.0,0.0,335.0,19.0,1.0,1.0,1699.0,3.0,1.0,1.0,83.0,0.0,2.0,1.0,1.0,1.0,52.0,0.0,1.0,0.0,18.0,75.0,383.0,159.0,4.0,1.0,7639.0,0.0,13.0,0.0,6.0,0.0,83.0,4.0,0.0,0.0,1.0,-0.1091665809718578,-0.14686547993800883,-0.04132723560415334,-0.14209565667603957,-0.060300927094883106,0.09154098990252699,-0.07034504579162959,-0.11910610672405984,-0.15507978464835534,-0.20255280703278697,-0.1824628326067655,0.15358010403820122,0.010623758166246828,-0.12259399033321434,0.05777595718110798,0.05491722037638777,-0.15797629343215172,0.03224864732983013,0.0628878217725071,-0.0025250221890105603,-0.10968019034324779,-0.0922532562049396,-0.03021581483703515,0.15342943182276647,0.3644461705690194,0.025382347770824376,-0.09270778723875307,-0.02712013013461787,-0.019851908976871703,0.16574715799894735,-0.050269119640593704,0.3914185213487937,0.05009377283014747,0.1897445569872553,-0.008677188536520008,0.015520686370377988,0.10596202742217121,-0.007887488201551105,-0.017088484297844653,0.07859412786274209,-0.08150226837530647,-0.015657428702411637,-0.10458946740048633,-0.018362687948835704,-0.14194679566893836
8462176,2024-12-04 21:43:03+00:00,1,"['trv01__tu', 'g232s__tu', 'inquirybanking12month__ln', 'inquirynonshortterm12month__ln', 'all235__tu']","['g002s__tu', 'ENG-wtd_avg', 'ENG-franchise', 'au20s__tu', 'in21s__tu']","[1, 1, 1, 1, 1, 1, 1, 1, 1, 1, 1, 1, 1]","[1, 1, 1, 0, 0, 0]",27977.0,23050.0,644.0,0,0,0.2857142857142857,4113.0,1.2137527114967461,66336.0,0.49381272487412714,0.3501845945669622,0.49094963757968685,Decline,164.0,1,29.0,1.0,1.0,0.0,212.0,4.0,0.0,0.0,7409.0,2.0,0.0,2.0,78.0,0.0,1.0,29.0,3.0,2.0,8.0,0.0,22.0,0.0,4.0,96.0,890.0,13.0,8.0,0.0,35985.0,0.0,3.0,0.0,9.0,0.0,1.0,8.0,0.0,10.0,0.0,0.040308154710334734,-0.18827349289073714,-0.04132723560415334,-0.007719313883108272,-0.002109078899541321,-0.1660761708115241,-0.07034504579162959,0.04221351096772582,0.2051052489933988,0.16894243532599906,0.06891243213546375,0.15358010403820122,-0.15001322365700048,0.013471361800327993,0.05777595718110798,-0.0962114720772341,-0.04608437682097869,0.03224864732983013,-0.11793592802472794,-0.019784226182213507,-0.10968019034324779,0.17204724541497285,0.12508668317741883,-0.09030720766073672,-0.07330452249189978,0.025382347770824376,0.33183641136280506,-0.02712013013461787,-0.019851908976871703,-0.04136613683987285,-0.050269119640593704,-0.056514357135833804,0.029134920956684608,-0.03943841709490631,-0.008677188536520008,0.015520686370377988,-0.0684240555566314,-0.007887488201551105,-0.09651061942270173,0.07859412786274209,0.0794212202023958,-0.015657428702411637,-0.10458946740048633,-0.018362687948835704,0.25986861206479284
8436345,2024-12-01 07:13:46+00:00,1,"['ENG-wtd_avg', 'rev322__tu', 'inquirybanking12month__ln', 'all235__tu', 'at24s__tu']","['linkt003__tu', 'g232s__tu', 'au20s__tu', 'in21s__tu', 'g095s__tu']","[1, 1, 1]","[1, 1, 1, 1, 1, 1, 1]",17421.0,14100.0,219.0,0,1,1.0,4500.0,1.235531914893617,68697.0,0.4987171018537021,0.3501845945669622,0.4958255793677204,Decline,236.0,1,15.0,1.0,0.0,136.0,292.0,15.0,0.0,1.0,53356.0,3.0,0.0,1.0,24.0,6.0,9.0,1.0,1.0,1.0,7.0,0.0,2.0,68.0,3.0,100.0,99999.0,4.0,5.0,0.0,291954.0,6.0,23.0,0.0,9.0,0.0,1.0,2.0,0.0,3.0,1.0,0.05862755356495931,-0.18827349289073714,-0.04132723560415334,-0.007719313883108272,-0.002109078899541321,0.09154098990252699,0.17776804417874942,-0.06943203585757203,-0.15507978464835534,0.16894243532599906,-0.1824628326067655,0.1885423072401762,0.21762167078723413,-0.12259399033321434,0.05777595718110798,0.05491722037638777,0.10874047098924666,-0.0396387847465165,0.0628878217725071,0.07473342567718344,-0.10968019034324779,-0.0922532562049396,-0.03021581483703515,-0.09030720766073672,-0.07330452249189978,0.025382347770824376,-0.09270778723875307,-0.0014416545835477044,-0.019851908976871703,-0.04136613683987285,0.06506737371538793,-0.056514357135833804,0.05009377283014747,-0.03943841709490631,-0.008677188536520008,-0.049256171180166765,0.10596202742217121,-0.007887488201551105,-0.09651061942270173,0.07859412786274209,0.0794212202023958,-0.015657428702411637,-0.10458946740048633,-0.018362687948835704,-0.14194679566893836
8561163,2025-01-13 08:20:57+00:00,0,"['g232s__tu', 'in21s__tu', 'cv15__tu', 'linka006__tu', 'fi36s__tu']","['linkt003__tu', 'inquirybanking12month__ln', 'g002s__tu', 'balmag01__tu', 'ENG-wtd_avg']",,,21649.0,15031.0,,0,0,0.0,3500.0,1.4402900671944647,62711.0,0.5847040285075856,0.39004257415648635,0.5037742344782988,Decline,105.0,0,1.0,0.0,33.0,0.0,600.0,3.0,1.0,1.0,0.0,1.0,0.0,1.0,40.0,0.0,0.0,1.0,3.0,1.0,53.0,0.0,1.0,0.0,1.0,536.0,99999.0,40.0,2.0,0.0,291954.0,0.0,49.0,0.0,2.0,0.0,83.0,1.0,0.0,21.0,1.0,-0.09681697912336358,-0.18827349289073714,-0.04132723560415334,-0.14209565667603957,-0.060300927094883106,-0.1660761708115241,-0.07034504579162959,-0.11910610672405984,0.29009271071754617,-0.20255280703278697,-0.1824628326067655,-0.06930372276885687,-0.15001322365700048,0.16826983464198522,0.05777595718110798,0.05491722037638777,0.10001349160327515,0.03224864732983013,-0.11793592802472794,-0.019784226182213507,-0.10968019034324779,0.17204724541497285,-0.03021581483703515,0.15342943182276647,-0.07330452249189978,0.025382347770824376,-0.09270778723875307,-0.02712013013461787,-0.019851908976871703,-0.04136613683987285,0.06506737371538793,0.041061794483372764,0.05009377283014747,-0.03943841709490631,-0.008677188536520008,0.015520686370377988,0.10596202742217121,-0.007887488201551105,0.1805634719208487,0.07859412786274209,-0.08150226837530647,-0.0016142148168469777,-0.10458946740048633,0.002489027625756258,-0.14194679566893836
8573425,2025-01-17 22:02:50+00:00,1,"['rev322__tu', 'inquirybanking12month__ln', 'ENG-wtd_avg', 'trv01__tu', 'all235__tu']","['g002s__tu', 'ENG-franchise', 'au20s__tu', 'g232s__tu', 'in21s__tu']",,"[1, 1, 1, 1, 1, 1, 1, 1, 1, 1, 1, 1, 1, 1, 1, 1, 1, 0, 0, 1, 1, 1, 1, 1, 1, 1, 1, 1, 0, 1, 1, 0, 1, 1, 1]",24850.66,20700.0,579.0,0,0,0.8444444444444444,4300.0,1.2005149758454106,58182.0,0.5180903026119057,0.3501845945669622,0.5150864558334353,Decline,91.0,1,36.0,1.0,2.0,83.0,292.0,13.0,0.0,0.0,1162.0,3.0,0.0,1.0,23.0,0.0,8.0,1.0,3.0,1.0,5.0,0.0,4.0,86.0,18.0,101.0,5.0,1.0,2.0,0.0,21729.0,0.0,1.0,0.0,5.0,0.0,83.0,2.0,0.0,0.0,1.0,0.040308154710334734,-0.18827349289073714,-0.023523712854035837,-0.007719313883108272,-0.002109078899541321,-0.1660761708115241,0.17776804417874942,-0.06943203585757203,-0.12919791320011853,0.16894243532599906,0.06891243213546375,0.15358010403820122,0.14032874394710926,-0.12259399033321434,0.05777595718110798,0.05491722037638777,0.10874047098924666,0.03224864732983013,-0.11793592802472794,0.07473342567718344,-0.10968019034324779,0.17204724541497285,-0.03021581483703515,-0.09030720766073672,-0.07330452249189978,0.025382347770824376,0.10723235366853863,-0.0014416545835477044,-0.019851908976871703,-0.04136613683987285,-0.050269119640593704,-0.056514357135833804,0.05009377283014747,-0.03943841709490631,-0.008677188536520008,0.015520686370377988,-0.0684240555566314,-0.007887488201551105,-0.017088484297844653,0.07859412786274209,-0.08150226837530647,-0.015657428702411637,-0.10458946740048633,-0.018362687948835704,-0.14194679566893836
8463532,2024-12-05 03:48:53+00:00,1,"['au20s__tu', 'g095s__tu', 'ENG-loan_to_value', 'rtl_trd__tu', 'jt20s__tu']","['g232s__tu', 'rp01s__tu', 'cv15__tu', 'inquirybanking12month__ln', 'ENG-wtd_avg']","[0, 1, 1, 1, 1, 1, 1, 1, 1, 1, 1, 1, 0, 0, 0, 0, 0, 0, 0, 0, 0, 0, 0, 1, 1, 1, 1, 1, 1, 1, 1, 0, 0, 0, 0, 0, 0, 0, 0, 0, 0, 0, 0, 0, 0, 0, 0, 0, 0, 0, 0, 0, 0, 0, 0, 0, 0, 0, 0, 0, 0, 0, 0, 0, 0, 0, 0, 0, 0, 0, 0, 0, 0, 0, 0, 0, 0, 0]",,11070.0,10650.0,,0,1,0.09639727361246349,4000.0,1.0394366197183098,77681.0,0.554556534096809,0.3372811670434425,0.5310257108763261,Decline,171.0,1,121.0,3.0,0.0,0.0,287.0,37.0,1.0,0.0,0.0,4.0,1.0,3.0,50.0,0.0,1.0,121.0,1.0,1.0,32.0,1.0,1.0,0.0,2.0,536.0,99999.0,25.0,5.0,0.0,1659.0,3.0,2.0,0.0,25.0,0.0,83.0,3.0,87.0,8.0,1.0,-0.027970179858952268,0.4102418344400132,-0.04132723560415334,0.2004005232174445,0.12681166561429538,0.09154098990252699,-0.07034504579162959,-0.06943203585757203,-0.38056948270557656,-0.20255280703278697,0.06891243213546375,-0.06930372276885687,-0.15001322365700048,-0.20621158598810324,0.05777595718110798,-0.12496553540883204,-0.01837301611295693,0.03224864732983013,0.0628878217725071,-0.019784226182213507,0.38284509462663713,-0.0922532562049396,-0.03021581483703515,0.04990870277300484,-0.07330452249189978,-0.1622949085028706,-0.09270778723875307,-0.02712013013461787,-0.019851908976871703,-0.04136613683987285,0.06506737371538793,-0.056514357135833804,0.05009377283014747,-0.03943841709490631,-0.008677188536520008,-0.049256171180166765,-0.0684240555566314,-0.007887488201551105,-0.09651061942270173,0.07859412786274209,-0.08150226837530647,-0.015657428702411637,0.25194094475317025,-0.018362687948835704,-0.14194679566893836
8569970,2025-01-16 07:25:58+00:00,1,"['rtl_trd__tu', 'rev322__tu', 'inquirybanking12month__ln', 'fi36s__tu', 'inquirynonshortterm12month__ln']","['g232s__tu', 'g002s__tu', 'balmag01__tu', 'ENG-wtd_avg', 'ENG-franchise']",,,13000.0,10400.0,,0,0,0.0,4850.0,1.25,95016.0,0.5446967410622391,0.3501845945669622,0.5415386322487089,Decline,78.0,1,1.0,3.0,4.0,31.0,392.0,18.0,0.0,0.0,1806.0,3.0,0.0,0.0,25.0,6.0,17.0,1.0,1.0,1.0,1.0,0.0,1.0,300.0,2.0,102.0,0.0,1.0,5.0,0.0,291954.0,9.0,999.0,0.0,162.0,0.0,5.0,7.0,0.0,2.0,0.0,0.05862755356495931,-0.18827349289073714,-0.1275519600589978,0.2004005232174445,-0.060300927094883106,-0.1660761708115241,0.17776804417874942,-0.11910610672405984,-0.15507978464835534,0.16894243532599906,0.06891243213546375,0.15358010403820122,-0.15001322365700048,-0.12259399033321434,0.05777595718110798,0.13159391579138138,0.10874047098924666,-0.0396387847465165,-0.11793592802472794,0.07473342567718344,-0.10968019034324779,-0.0922532562049396,-0.03021581483703515,-0.09030720766073672,-0.07330452249189978,0.025382347770824376,-0.09270778723875307,0.09990807864792559,-0.019851908976871703,-0.04136613683987285,-0.050269119640593704,-0.056514357135833804,0.05009377283014747,-0.03943841709490631,-0.008677188536520008,-0.049256171180166765,0.1773409988380098,-0.007887488201551105,-0.09651061942270173,0.07859412786274209,-0.04071155733815719,-0.015657428702411637,-0.10458946740048633,-0.018362687948835704,0.25986861206479284
8473192,2024-12-09 04:16:23+00:00,0,"['g232s__tu', 'rev322__tu', 'cv15__tu', 'inquirybanking12month__ln', 'inquirynonshortterm12month__ln']","['ENG-wtd_avg', 'ENG-franchise', 'au20s__tu', 'rtl_trd__tu', 'miles_odometer__app']",,,20717.0,14525.0,,0,0,0.0,2331.0,1.4262994836488812,92675.0,0.498122702507169,0.39004257415648635,0.5516021876777353,Decline,147.0,1,1.0,0.0,0.0,35.0,296.0,3.0,0.0,0.0,0.0,1.0,0.0,2.0,72.0,0.0,5.0,1.0,1.0,1.0,18.0,0.0,11.0,0.0,3.0,536.0,99999.0,64.0,6.0,0.0,291954.0,0.0,23.0,0.0,11.0,0.0,83.0,3.0,0.0,12.0,0.0,-0.1091665809718578,-0.18827349289073714,-0.1275519600589978,-0.14209565667603957,-0.060300927094883106,0.09154098990252699,0.17776804417874942,-0.06943203585757203,0.29009271071754617,0.16894243532599906,0.06891243213546375,-0.06930372276885687,-0.15001322365700048,0.16826983464198522,0.05777595718110798,-0.0962114720772341,-0.04608437682097869,0.03224864732983013,-0.11793592802472794,0.07473342567718344,-0.10968019034324779,-0.0922532562049396,-0.03021581483703515,-0.08639642557536051,-0.07330452249189978,0.025382347770824376,0.10723235366853863,-0.02712013013461787,-0.019851908976871703,-0.04136613683987285,0.06506737371538793,0.1373276043208283,0.05009377283014747,-0.03943841709490631,-0.008677188536520008,0.015520686370377988,0.10596202742217121,-0.007887488201551105,-0.09651061942270173,0.07859412786274209,-0.08150226837530647,-0.015657428702411637,-0.10458946740048633,-0.018362687948835704,0.25986861206479284
8504906,2024-12-18 04:29:30+00:00,1,"['balmag01__tu', 'jt20s__tu', 'g232s__tu', 'inquiryshortterm12month__ln', 'linkt003__tu']","['inquirybanking12month__ln', 'g002s__tu', 'ENG-franchise', 'miles_odometer__app', 'g095s__tu']","[1, 1, 1, 1, 1, 1, 1, 1, 1, 1, 1, 1, 0, 1, 1, 0, 1, 1, 1, 0, 0, 1, 1, 1, 1, 0, 1, 1, 0, 0, 0, 1, 1, 0, 0, 0, 0, 0, 0, 0, 0, 0, 0, 0, 0, 0, 0, 0, 0, 1, 1, 1, 1, 1, 1, 1, 0, 0, 0, 1, 1, 1, 1, 1, 1, 0, 0, 0, 0, 0]",,12080.0,9300.0,,0,0,0.4511066398390342,3992.0,1.2989247311827956,99322.0,0.5281585502232146,0.39004257415648635,0.5848627462219178,Decline,255.0,1,71.0,1.0,1.0,0.0,121.0,5.0,1.0,0.0,0.0,2.0,0.0,1.0,70.0,6.0,0.0,109.0,2.0,1.0,28.0,0.0,1.0,0.0,2.0,536.0,658.0,40.0,7.0,0.0,3460.0,0.0,1.0,0.0,16.0,0.0,83.0,6.0,0.0,21.0,1.0,-0.027970179858952268,0.020443712167482336,-0.1275519600589978,-0.007719313883108272,-0.060300927094883106,-0.1660761708115241,-0.07034504579162959,0.4398748289474107,0.14733527822414866,-0.20255280703278697,0.06891243213546375,-0.06930372276885687,-0.06524181341490069,0.013471361800327993,0.05777595718110798,0.05491722037638777,-0.04608437682097869,-0.0396387847465165,-0.11793592802472794,-0.019784226182213507,0.38284509462663713,-0.03087346191658939,-0.03021581483703515,0.04990870277300484,-0.07330452249189978,0.025382347770824376,-0.09270778723875307,-0.02712013013461787,-0.019851908976871703,-0.04136613683987285,-0.050269119640593704,0.041061794483372764,0.029134920956684608,-0.03943841709490631,-0.008677188536520008,0.015520686370377988,-0.0684240555566314,-0.007887488201551105,-0.09651061942270173,0.07859412786274209,-0.08150226837530647,-0.015657428702411637,-0.10458946740048633,0.002489027625756258,-0.14194679566893836
8507539,2024-12-19 04:33:47+00:00,1,"['rtl_trd__tu', 'rev322__tu', 'in34s__tu', 'fi25s__tu', 'at24s__tu']","['derogseverityindex__ln', 'g232s__tu', 'cv15__tu', 'inquirybanking12month__ln', 'addronfilecount__ln']","[0, 0, 1, 1, 1, 1, 1, 1, 1, 0, 0, 1, 1, 1, 1, 1, 1, 1, 1, 1, 0, 0, 0, 1, 1, 1]",,22156.0,18625.0,,0,1,0.7435897435897436,5000.0,1.1895838926174496,61227.0,0.5883592248588317,0.3501845945669622,0.5849479644023713,Decline,440.0,1,66.0,6.0,0.0,3338.0,258.0,44.0,1.0,0.0,0.0,4.0,4.0,6.0,29.0,0.0,16.0,1.0,4.0,1.0,11.0,0.0,1.0,2390.0,4.0,59.0,468.0,4.0,17.0,1.0,3415.0,3.0,1.0,0.0,23.0,0.0,1.0,10.0,0.0,3.0,1.0,0.05862755356495931,0.020443712167482336,-0.04132723560415334,0.4863873741462653,-0.002109078899541321,0.09154098990252699,0.3264994580051225,-0.0195542954136434,-0.38056948270557656,-0.20255280703278697,0.06891243213546375,-0.06930372276885687,0.010623758166246828,-0.20621158598810324,-0.49163307727602673,-0.1698800097696574,0.10874047098924666,0.03224864732983013,0.0628878217725071,0.07473342567718344,-0.10968019034324779,0.2460720631549191,-0.03021581483703515,-0.09030720766073672,-0.07330452249189978,0.025382347770824376,-0.09270778723875307,0.09990807864792559,-0.019851908976871703,0.16574715799894735,-0.050269119640593704,-0.056514357135833804,-0.14971612629601055,0.1897445569872553,-0.008677188536520008,-0.049256171180166765,-0.0684240555566314,-0.007887488201551105,-0.09651061942270173,0.07859412786274209,0.0794212202023958,-0.015657428702411637,-0.10458946740048633,-0.018362687948835704,-0.14194679566893836
8485481,2024-12-14 02:36:58+00:00,1,"['trv01__tu', 'ENG-wtd_avg', 'rev322__tu', 'au20s__tu', 'jt20s__tu']","['cv15__tu', 'inquirybanking12month__ln', 'g232s__tu', 'g002s__tu', 'ENG-franchise']","[1, 1, 1, 1, 1, 1, 1, 1, 1, 1, 1, 1, 1, 1, 1, 1, 1, 1, 1, 1, 1, 1, 1, 1, 1, 1, 1]","[1, 1, 1, 1, 1, 1, 1, 1, 1, 1]",25196.0,20125.0,407.0,0,0,1.0,4618.0,1.251975155279503,89254.0,0.5304108597414635,0.39004257415648635,0.5873568683555613,Decline,261.0,1,98.0,1.0,2.0,30.0,212.0,20.0,1.0,0.0,0.0,4.0,0.0,4.0,35.0,0.0,5.0,98.0,2.0,1.0,1.0,0.0,999.0,30.0,4.0,101.0,336.0,18.0,3.0,0.0,2841.0,5.0,2.0,0.0,41.0,0.0,2.0,10.0,0.0,4.0,1.0,0.05862755356495931,0.2177365717902033,-0.1275519600589978,-0.007719313883108272,-0.060300927094883106,-0.1660761708115241,0.17776804417874942,0.04221351096772582,-0.15507978464835534,-0.20255280703278697,0.06891243213546375,-0.06930372276885687,0.21762167078723413,-0.20621158598810324,0.05777595718110798,-0.1698800097696574,0.10001349160327515,0.03224864732983013,-0.11793592802472794,0.07473342567718344,0.28386568390968,-0.03087346191658939,-0.03021581483703515,-0.09030720766073672,-0.07330452249189978,0.025382347770824376,0.33183641136280506,-0.0014416545835477044,-0.019851908976871703,-0.04136613683987285,-0.050269119640593704,-0.056514357135833804,0.05009377283014747,-0.03943841709490631,-0.008677188536520008,-0.049256171180166765,-0.0684240555566314,-0.007887488201551105,-0.09651061942270173,0.07859412786274209,0.0794212202023958,-0.015657428702411637,-0.10458946740048633,-0.018362687948835704,-0.14194679566893836
8559499,2025-01-12 02:57:53+00:00,1,"['rev322__tu', 'fltgrossmonthly__income_sum', 'inquirybanking12month__ln', 'addrprevioustimenewest__ln', 'at24s__tu']","['g232s__tu', 'cv15__tu', 'au20s__tu', 'miles_odometer__app', 'in21s__tu']",,"[1, 1, 1, 0]",13774.0,10800.0,599.0,0,1,0.6,5667.0,1.2753703703703703,96722.0,0.5518516728693968,0.39004257415648635,0.611099611594186,Decline,234.0,1,5.0,1.0,0.0,888.0,286.0,38.0,0.0,0.0,901.0,5.0,0.0,3.0,0.0,0.0,9.0,1.0,2.0,1.0,5.0,0.0,1.0,0.0,3.0,101.0,99999.0,85.0,5.0,0.0,291954.0,3.0,0.0,1.0,24.0,0.0,4.0,2.0,0.0,13.0,1.0,0.13197734800913727,-0.18827349289073714,-0.1275519600589978,-0.007719313883108272,-0.060300927094883106,0.09154098990252699,0.3264994580051225,-0.06943203585757203,-0.38056948270557656,0.16894243532599906,0.06891243213546375,0.10777261724792812,0.010623758166246828,-0.20621158598810324,0.05777595718110798,-0.12496553540883204,0.10874047098924666,0.03224864732983013,0.0628878217725071,0.07473342567718344,-0.10968019034324779,-0.03087346191658939,-0.03021581483703515,-0.09030720766073672,-0.07330452249189978,0.025382347770824376,-0.09270778723875307,-0.02712013013461787,-0.019851908976871703,-0.04136613683987285,0.06506737371538793,0.1373276043208283,0.05009377283014747,-0.03943841709490631,-0.008677188536520008,-0.049256171180166765,-0.09643796186055453,-0.007887488201551105,-0.09651061942270173,0.07859412786274209,-0.025593941117068985,-0.015657428702411637,-0.10458946740048633,-0.018362687948835704,-0.14194679566893836
8520072,2024-12-25 03:01:04+00:00,1,"['rev322__tu', 'in21s__tu', 'inquirybanking12month__ln', 'at24s__tu', 'cv13__tu']","['g232s__tu', 'ENG-wtd_avg', 'ENG-franchise', 'g095s__tu', 'cv15__tu']","[1, 1, 1, 1, 1, 1, 1, 1, 1, 1, 1, 1, 1, 1, 0, 0, 0, 0, 0, 0, 1, 1, 0, 0, 0, 0, 0, 0, 0, 0, 0, 0, 0, 0, 0, 0, 0, 0, 0, 0, 0, 0, 0, 0, 0, 0, 0, 0, 0, 0, 0, 0]",,15278.0,11100.0,,0,0,0.10740203193033382,3500.0,1.3763963963963963,72710.0,0.5717616183678371,0.39004257415648635,0.6331471300835206,Decline,86.0,1,67.0,1.0,0.0,100.0,297.0,20.0,0.0,0.0,0.0,3.0,0.0,3.0,13.0,0.0,4.0,1.0,1.0,1.0,45.0,0.0,1.0,0.0,18.0,105.0,99999.0,1.0,1.0,0.0,10515.0,1.0,1.0,0.0,13.0,0.0,4.0,1.0,0.0,0.0,1.0,-0.09681697912336358,0.020443712167482336,-0.04132723560415334,-0.007719313883108272,-0.060300927094883106,0.09154098990252699,0.17776804417874942,-0.06943203585757203,-0.15507978464835534,0.16894243532599906,0.06891243213546375,-0.06930372276885687,-0.15001322365700048,-0.12259399033321434,0.05777595718110798,-0.12496553540883204,0.10874047098924666,0.03224864732983013,-0.11793592802472794,0.07473342567718344,-0.10968019034324779,-0.0922532562049396,-0.03021581483703515,0.10689258131274595,-0.07330452249189978,0.025382347770824376,-0.09270778723875307,-0.02712013013461787,-0.019851908976871703,-0.04136613683987285,0.06506737371538793,-0.056514357135833804,0.05009377283014747,-0.03943841709490631,-0.008677188536520008,-0.049256171180166765,-0.0684240555566314,-0.007887488201551105,-0.09651061942270173,0.07859412786274209,-0.025593941117068985,-0.0016142148168469777,-0.10458946740048633,-0.018362687948835704,-0.14194679566893836
