feature,dtype,propna,min,max,range,std,mean,median,mode,n_unique,prop_unique,prop_negative,prop_min,prop_max,prop_zero
uniqueid__app,int64,0.0,577670472533441.0,727622190503211.0,149951717969770.0,38822167240279.61,644981491934439.9,638699279806951.0,577670472533441,45742,1.0,0.0,2.1861746316295747e-05,2.1861746316295747e-05,0.0
inst_trd__tu,float64,0.0,-6.0,150.0,156.0,9.380946257793736,8.043242534213633,5.0,1.0,104,0.0022736216168947575,0.005159372130645796,0.005159372130645796,2.1861746316295747e-05,0.0760570154343929
agg110__tu,float64,0.0,-6.0,904408.0,904414.0,31989.608605596928,16599.79342835906,4364.5,-2.0,21932,0.4794718202089983,0.23088190284639937,0.005159372130645796,2.1861746316295747e-05,0.038979493681955316
agg109__tu,float64,0.0,-6.0,904512.0,904518.0,32067.446286215545,16649.10891522015,4497.0,-2.0,21949,0.47984346989637533,0.22729657645052687,0.005159372130645796,2.1861746316295747e-05,0.0380394385903546
agg108__tu,float64,0.0,-6.0,876269.0,876275.0,32170.214084890587,16688.983603690263,4456.0,-2.0,22010,0.48117703642166937,0.2249573695946832,0.005159372130645796,2.1861746316295747e-05,0.03976651654934196
agg107__tu,float64,0.0,-6.0,876756.0,876762.0,31997.01435603658,16728.98795417778,4559.0,-2.0,22024,0.4814831008700975,0.22016964715141446,0.005159372130645796,2.1861746316295747e-05,0.039591622578811596
agg106__tu,float64,0.0,-6.0,905214.0,905220.0,32045.214883213142,16805.025228455248,4632.0,-2.0,22223,0.4858335883870404,0.21457304009444275,0.005159372130645796,2.1861746316295747e-05,0.0400725809977701
agg105__tu,float64,0.0,-6.0,877625.0,877631.0,32038.91118062715,16802.650605570372,4728.0,-2.0,22251,0.48644571728389663,0.21127191640068207,0.005159372130645796,2.1861746316295747e-05,0.040116304490402696
agg104__tu,float64,0.0,-6.0,878036.0,878042.0,32393.93664431366,16949.061212889686,4728.5,-2.0,22208,0.4855056621922959,0.20687770539110664,0.005159372130645796,2.1861746316295747e-05,0.040794018626207865
agg103__tu,float64,0.0,-6.0,879505.0,879511.0,32440.31760190916,16968.801342311224,4759.0,-2.0,22238,0.4861615145817848,0.20241790914258231,0.005159372130645796,2.1861746316295747e-05,0.04066284814831009
agg102__tu,float64,0.0,-6.0,907999.0,908005.0,32277.78246092682,16879.041996414675,4650.0,-2.0,22232,0.486030344103887,0.1979362511477417,0.005159372130645796,2.1861746316295747e-05,0.040247474968300466
agg101__tu,float64,0.0,-6.0,641971.0,641977.0,27971.888073284113,13143.2513444974,2214.0,-2.0,19630,0.4291460801888855,0.21772113156398934,0.005159372130645796,2.1861746316295747e-05,0.04768046871584102
rtl_trd__tu,float64,0.0,-6.0,188.0,194.0,2.953305743109033,1.710965851952254,1.0,0.0,40,0.0008744698526518298,0.005159372130645796,0.005159372130645796,2.1861746316295747e-05,0.43076384941629137
rev_trd__tu,float64,0.0,-6.0,232.0,238.0,5.19334603046449,4.294368414148922,3.0,0.0,62,0.0013554282716103363,0.005159372130645796,0.005159372130645796,2.1861746316295747e-05,0.18110270648419396
nomt_trd__tu,float64,0.0,-6.0,239.0,245.0,12.153427163690333,12.822548205150628,9.0,1.0,114,0.002492239080057715,0.005159372130645796,0.005159372130645796,2.1861746316295747e-05,0.0032136767084954745
bc_trd__tu,float64,0.0,-6.0,42.0,48.0,3.0922939455179286,2.605504787722443,2.0,0.0,35,0.0007651611210703511,0.005159372130645796,0.005159372130645796,2.1861746316295747e-05,0.2567443487385772
agg112__tu,float64,0.0,-6.0,698211.0,698217.0,31605.64302412189,16400.708888986053,4263.0,-2.0,21768,0.4758864938131258,0.239429845656071,0.005159372130645796,2.1861746316295747e-05,0.03707752175243759
trd__tu,float64,0.0,0.0,240.0,240.0,12.25061585366127,13.053517554982292,9.0,1.0,117,0.002557824319006602,0.0,0.0072799615233264834,2.1861746316295747e-05,0.0072799615233264834
aggs911__tu,float64,0.0,-9.0,841.0,850.0,48.79481768824076,28.480870971973243,-1.0,-2.0,277,0.006055703729613921,0.6646626732543396,0.015499978138253684,2.1861746316295747e-05,0.014516199554020375
aggs910__tu,float64,0.0,0.0,84945.0,84945.0,1729.2071668396873,593.1902119602767,0.0,0.0,6116,0.1337064404704648,0.0,0.5461938699663329,2.1861746316295747e-05,0.5461938699663329
aggs909__tu,float64,0.0,0.0,56313.0,56313.0,1342.112778883084,428.7601194845582,0.0,0.0,5323,0.11637007564164226,0.0,0.5945520528179791,2.1861746316295747e-05,0.5945520528179791
aggs908__tu,float64,0.0,-9.0,578.0,587.0,25.08569664022362,10.227843120108433,-1.0,-2.0,280,0.006121288968562809,0.5386515674872109,0.015499978138253684,2.1861746316295747e-05,0.0021205893926806874
aggs907__tu,float64,0.0,0.0,130437.0581983245,130437.0581983245,2068.8770317639533,683.805495287937,0.0,0.0,6992,0.15285733024353984,0.0,0.5407721568798916,2.1861746316295747e-05,0.5407721568798916
aggs906__tu,float64,0.0,0.0,54900.0,54900.0,1941.0321298126792,570.7925331101775,0.0,0.0,828,0.018101525949892876,0.0,0.5683835424773731,2.1861746316295747e-05,0.5683835424773731
ret162__tu,float64,0.0,-6.0,12.0,18.0,1.3725689691149752,-0.9555332079926544,-1.0,-1.0,16,0.00034978794106073195,0.7731843819684316,0.005159372130645796,0.00034978794106073195,0.1639630973722181
ret152__tu,float64,0.0,-6.0,12.0,18.0,2.2289875341949457,-0.6297931878798478,-1.0,-1.0,16,0.00034978794106073195,0.7731843819684316,0.005159372130645796,0.005028201652748022,0.1114949062131083
ret142__tu,float64,0.0,-6.0,12.0,18.0,2.719519485851937,-0.40116304490402693,-1.0,-1.0,16,0.00034978794106073195,0.7731843819684316,0.005159372130645796,0.011674172532901927,0.08639762144200079
ret132__tu,float64,0.0,-6.0,12.0,18.0,3.0902607601940875,-0.20265838835206157,-1.0,-1.0,16,0.00034978794106073195,0.7731843819684316,0.005159372130645796,0.018975995802544707,0.06748721087840497
ret122__tu,float64,0.0,-6.0,12.0,18.0,4.059880554498149,0.42381181408770935,-1.0,-1.0,16,0.00034978794106073195,0.7731843819684316,0.005159372130645796,0.055463250404442305,0.01305146255082856
ret112__tu,float64,0.0,-6.0,12.0,18.0,3.5745303485642914,0.09479253202745835,-1.0,-1.0,16,0.00034978794106073195,0.7731843819684316,0.005159372130645796,0.03500065585238949,0.03576581697345984
agg111__tu,float64,0.0,-6.0,904012.0,904018.0,31771.231945663858,16510.691771238686,4297.0,-2.0,21861,0.4779196362205413,0.23486074067596518,0.005159372130645796,2.1861746316295747e-05,0.037951991605089413
agg113__tu,float64,0.0,-6.0,698211.0,698217.0,31804.144470594885,16421.37484150234,4174.0,-2.0,21695,0.4742905863320362,0.24281841633509685,0.005159372130645796,2.1861746316295747e-05,0.036574701587162785
std224__tu,float64,0.0,-6.0,50.0,56.0,1.1666135726954547,-1.3461879672948291,-1.0,-1.0,241,0.005268680862227274,0.9848060863101744,0.005159372130645796,0.00026234095579554895,0.0022736216168947575
agg205__tu,float64,0.0,-6.0,698211.0,698217.0,27386.793090849776,14979.373398627082,2677.0,-2.0,18148,0.3967469721481352,0.34434436622797426,0.005159372130645796,2.1861746316295747e-05,0.0021205893926806874
agg218__tu,float64,0.0,-6.0,663493.0,663499.0,27167.108183983695,14515.760395260373,2000.0,-2.0,17803,0.3892046696690132,0.38369550959730664,0.005159372130645796,2.1861746316295747e-05,0.0021205893926806874
agg217__tu,float64,0.0,-6.0,666993.0,666999.0,27079.128687838667,14526.01204582222,2000.0,-2.0,17855,0.39034148047746053,0.3796510865287919,0.005159372130645796,2.1861746316295747e-05,0.0021205893926806874
agg216__tu,float64,0.0,-6.0,666993.0,666999.0,27092.193637756765,14585.619714922828,2100.0,-2.0,17814,0.3894451488784924,0.3754754929823794,0.005159372130645796,2.1861746316295747e-05,0.0021205893926806874
agg215__tu,float64,0.0,-6.0,698211.0,698217.0,27136.358561116325,14659.876787197762,2248.0,-2.0,17924,0.39184994097328496,0.3718027196012417,0.005159372130645796,2.1861746316295747e-05,0.0021205893926806874
agg214__tu,float64,0.0,-6.0,698211.0,698217.0,27306.948612495704,14694.732368501596,2223.0,-2.0,17930,0.3919811114511827,0.36922303353591884,0.005159372130645796,2.1861746316295747e-05,0.0021205893926806874
agg213__tu,float64,0.0,-6.0,698211.0,698217.0,27200.567588044574,14736.048729832539,2300.0,-2.0,17992,0.39333653972279303,0.36673079445586115,0.005159372130645796,2.1861746316295747e-05,0.0021205893926806874
agg212__tu,float64,0.0,-6.0,698211.0,698217.0,26974.10582094679,14724.505312404355,2425.5,-2.0,18095,0.3955882995933715,0.3634733942547331,0.005159372130645796,2.1861746316295747e-05,0.0021205893926806874
agg211__tu,float64,0.0,-6.0,698211.0,698217.0,27085.06833185191,14803.218923527611,2500.0,-2.0,18079,0.3952385116523108,0.3601066853220235,0.005159372130645796,2.1861746316295747e-05,0.0021205893926806874
agg210__tu,float64,0.0,-6.0,698211.0,698217.0,27380.813684030643,14879.812557387084,2500.0,-2.0,18113,0.39598181102706487,0.3566088059114162,0.005159372130645796,2.1861746316295747e-05,0.0021205893926806874
agg209__tu,float64,0.0,-6.0,698211.0,698217.0,27475.027910159828,14913.100476586069,2550.0,-2.0,18067,0.39497617069651525,0.35492545144506144,0.005159372130645796,2.1861746316295747e-05,0.0021205893926806874
agg208__tu,float64,0.0,-6.0,698211.0,698217.0,27544.60988906152,14934.692798740763,2528.5,-2.0,18071,0.39506361768178044,0.3538760876218792,0.005159372130645796,2.1861746316295747e-05,0.0021205893926806874
agg207__tu,float64,0.0,-6.0,698211.0,698217.0,27475.448951444447,14945.009160071706,2600.0,-2.0,18039,0.39436404179965895,0.35195225394604523,0.005159372130645796,2.1861746316295747e-05,0.0021205893926806874
agg206__tu,float64,0.0,-6.0,698211.0,698217.0,27486.99311759374,14996.961348432513,2620.5,-2.0,18126,0.3962660137291767,0.34801713960911196,0.005159372130645796,2.1861746316295747e-05,0.0021205893926806874
agg204__tu,float64,0.0,-6.0,698211.0,698217.0,27613.516009264335,15118.031437191203,2700.0,-2.0,18117,0.39606925801233,0.34047483712998994,0.005159372130645796,2.1861746316295747e-05,0.0021205893926806874
agg114__tu,float64,0.0,-6.0,698211.0,698217.0,31799.62870963224,16341.377596082375,4088.5,-2.0,21661,0.47354728695728215,0.24699400988150932,0.005159372130645796,2.1861746316295747e-05,0.035896987451357616
agg203__tu,float64,0.0,-6.0,698211.0,698217.0,27475.46586127442,15110.033841983297,2750.0,-2.0,18097,0.3956320230860041,0.3366271697783219,0.005159372130645796,2.1861746316295747e-05,0.0021205893926806874
agg202__tu,float64,0.0,-6.0,626806.0,626812.0,28054.649696539014,15783.701390407066,3550.0,-2.0,18737,0.4096235407284334,0.3165362249136461,0.005159372130645796,2.1861746316295747e-05,0.0021205893926806874
agg201__tu,float64,0.0,-6.0,643157.0,643163.0,26700.161416158226,14604.740938306151,2500.0,-2.0,17677,0.3864500896331599,0.31594595776310613,0.005159372130645796,2.1861746316295747e-05,0.0021205893926806874
agg124__tu,float64,0.0,-6.0,936785.0,936791.0,31342.61358490049,15276.074111320013,2939.5,-2.0,20743,0.4534782038389227,0.3005115648638013,0.005159372130645796,2.1861746316295747e-05,0.027939311792225963
agg123__tu,float64,0.0,-6.0,937656.0,937662.0,31789.262512343146,15552.247256350838,3115.5,-2.0,20954,0.45809103231166104,0.2933627738183726,0.005159372130645796,2.1861746316295747e-05,0.027502076865900046
agg122__tu,float64,0.0,-6.0,936401.0,936407.0,31820.53200865701,15706.546871584102,3289.0,-2.0,21034,0.4598399720169647,0.28715403786454463,0.005159372130645796,2.1861746316295747e-05,0.028398408464868175
agg121__tu,float64,0.0,-6.0,936582.0,936588.0,31733.681031752014,15797.485855450133,3482.5,-2.0,21115,0.46161077346858465,0.2821039744654803,0.005159372130645796,2.1861746316295747e-05,0.028638887674347427
agg120__tu,float64,0.0,-6.0,936717.0,936723.0,31880.79756644689,15891.77613571772,3531.0,-2.0,21193,0.46331598968125576,0.278234445367496,0.005159372130645796,2.1861746316295747e-05,0.029360325302785185
agg119__tu,float64,0.0,-6.0,938676.0,938682.0,31922.569067974226,16010.580363779458,3689.5,-2.0,21328,0.46626732543395566,0.2715447509947095,0.005159372130645796,2.1861746316295747e-05,0.030234795155437016
agg118__tu,float64,0.0,-6.0,939063.0,939069.0,31927.852464886473,16085.636548467492,3725.0,-2.0,21400,0.467841371168729,0.2675877749114599,0.005159372130645796,2.1861746316295747e-05,0.03143719120283328
agg117__tu,float64,0.0,-6.0,910067.0,910073.0,31935.950678122026,16125.656573827117,3819.0,-2.0,21387,0.4675571684666171,0.26247212627344674,0.005159372130645796,2.1861746316295747e-05,0.03211490533863845
agg116__tu,float64,0.0,-6.0,910431.0,910437.0,31884.794800607484,16185.93448034629,3896.5,-2.0,21545,0.47101132438459187,0.2566350400069958,0.005159372130645796,2.1861746316295747e-05,0.03427921822395173
agg115__tu,float64,0.0,-6.0,698211.0,698217.0,31735.659515794698,16295.167351668051,4074.0,-2.0,21573,0.4716234532814481,0.2506886450089633,0.005159372130645796,2.1861746316295747e-05,0.034760176642910236
ret102__tu,float64,0.0,-6.0,12.0,18.0,3.2153358989941934,-0.13814437497267282,-1.0,-1.0,16,0.00034978794106073195,0.7731843819684316,0.005159372130645796,0.025294040487954177,0.0575401163044904
ret92__tu,float64,0.0,-6.0,12.0,18.0,2.868262264201938,-0.3402343579205107,-1.0,-1.0,16,0.00034978794106073195,0.7731843819684316,0.005159372130645796,0.017598705784618075,0.0801888854881728
ret84__tu,float64,0.0,-6.0,999.0,1005.0,324.01471117828726,119.36305802107472,-1.0,-1.0,28,0.0006121288968562808,0.7183332604608456,0.005159372130645796,0.11945258187223995,0.05065366621485724
rev52__tu,float64,0.0,-6.0,28.0,34.0,2.771627121235987,0.5819159634471601,0.0,-2.0,32,0.0006995758821214639,0.45238511652310787,0.005159372130645796,2.1861746316295747e-05,0.06162826286563771
rev152__tu,float64,0.0,-6.0,12.0,18.0,4.022887339404369,1.4104980105810851,0.0,-2.0,16,0.00034978794106073195,0.45238511652310787,0.005159372130645796,0.026758777491145993,0.1571859560141664
rev142__tu,float64,0.0,-6.0,12.0,18.0,4.521191357322255,1.9604958244064536,0.0,-2.0,16,0.00034978794106073195,0.45238511652310787,0.005159372130645796,0.049298237943246906,0.11462113593633859
rev132__tu,float64,0.0,-6.0,12.0,18.0,4.869090462417157,2.3971404835818286,0.0,-2.0,16,0.00034978794106073195,0.45238511652310787,0.005159372130645796,0.07260285951641818,0.08556687508198155
rev122__tu,float64,0.0,-6.0,12.0,18.0,5.409719144082603,3.192886187748677,1.0,-2.0,16,0.00034978794106073195,0.45238511652310787,0.005159372130645796,0.14551178348126448,0.029272878317520002
rev112__tu,float64,0.0,-6.0,12.0,18.0,4.392311650876547,1.7773162520222114,0.0,-2.0,16,0.00034978794106073195,0.45238511652310787,0.005159372130645796,0.05966070569717109,0.10493638231821958
rev102__tu,float64,0.0,-6.0,12.0,18.0,3.9046764541032086,1.2003410432425343,0.0,-2.0,16,0.00034978794106073195,0.45238511652310787,0.005159372130645796,0.04005071925145381,0.16107734685846706
rev92__tu,float64,0.0,-6.0,12.0,18.0,3.475700944593505,0.7571815836649032,0.0,-2.0,16,0.00034978794106073195,0.45238511652310787,0.005159372130645796,0.028289099733286693,0.21610336233658345
rev84__tu,float64,0.0,-6.0,999.0,1005.0,307.7645723250599,107.31008700975033,0.0,0.0,28,0.0006121288968562808,0.39591622578811597,0.005159372130645796,0.10642298106772768,0.2817541865244196
rev83__tu,float64,0.0,-6.0,999.0,1005.0,272.9855910134825,82.30929998688295,0.0,0.0,28,0.0006121288968562808,0.39591622578811597,0.005159372130645796,0.08143500502820165,0.3220235232390363
rev82__tu,float64,0.0,-6.0,999.0,1005.0,236.6797259950653,60.64728258493288,0.0,0.0,28,0.0006121288968562808,0.39591622578811597,0.005159372130645796,0.05979187617506886,0.35520965414717326
rev81__tu,float64,0.0,-6.0,999.0,1005.0,204.81393514045646,44.89613484325128,0.0,0.0,28,0.0006121288968562808,0.39591622578811597,0.005159372130645796,0.04402955708101963,0.37626251584976605
rev54__tu,float64,0.0,-6.0,24.0,30.0,2.5273525545841053,0.38039438590354596,0.0,-2.0,28,0.0006121288968562808,0.45238511652310787,0.005159372130645796,6.558523894888724e-05,0.1088933584014691
rev53__tu,float64,0.0,-6.0,26.0,32.0,2.6617286610807813,0.48703598443443663,0.0,-2.0,30,0.0006558523894888724,0.45238511652310787,0.005159372130645796,2.1861746316295747e-05,0.08412399982510603
rev51__tu,float64,0.0,-6.0,28.0,34.0,2.860350565064441,0.6562459009225657,1.0,-2.0,32,0.0006995758821214639,0.45238511652310787,0.005159372130645796,2.1861746316295747e-05,0.04647807266844475
ret83__tu,float64,0.0,-6.0,999.0,1005.0,294.8875291583972,96.44051418827335,-1.0,-1.0,28,0.0006121288968562808,0.7183332604608456,0.005159372130645796,0.09643216300118053,0.0678369988194657
rev14__tu,float64,0.0,-6.0,196.0,202.0,12.281770285700714,5.094617638056928,0.0,-2.0,136,0.0029731974990162215,0.45238511652310787,0.005159372130645796,2.1861746316295747e-05,0.1088933584014691
rev13__tu,float64,0.0,-6.0,229.0,235.0,15.133782309927014,6.685956014166412,0.0,-2.0,158,0.003454155917974728,0.45238511652310787,0.005159372130645796,2.1861746316295747e-05,0.08412399982510603
rev12__tu,float64,0.0,-6.0,246.0,252.0,17.214513017289025,7.9813956538848325,0.0,-2.0,176,0.0038476673516680514,0.45238511652310787,0.005159372130645796,2.1861746316295747e-05,0.06162826286563771
rev11__tu,float64,0.0,-6.0,247.0,253.0,18.584083384625238,8.885641205019457,1.0,-2.0,184,0.004022561322198417,0.45238511652310787,0.005159372130645796,2.1861746316295747e-05,0.04647807266844475
per225__tu,float64,0.0,-6.0,50.0,56.0,2.046718094517581,-0.5520617812950922,-1.0,-1.0,923,0.020178391849940972,0.7586025971754624,0.005159372130645796,8.744698526518299e-05,0.0022736216168947575
per224__tu,float64,0.0,-6.0,50.0,56.0,2.0177036773626638,-0.725756416422545,-1.0,-1.0,869,0.018997857548861,0.8044685409470509,0.005159372130645796,0.0001530322242140702,0.0022517598705784616
per223__tu,float64,0.0,-6.0,50.0,56.0,1.8635480663428445,-0.8800347601766446,-1.0,-1.0,766,0.016746097678282543,0.8407809015784181,0.005159372130645796,0.0001530322242140702,0.0022736216168947575
per222__tu,float64,0.0,-6.0,50.0,56.0,1.6258207401160631,-0.9970263652660575,-1.0,-1.0,642,0.014035241135061868,0.8655721219010974,0.005159372130645796,8.744698526518299e-05,0.0022736216168947575
per205__tu,float64,0.0,-6.0,50.0,56.0,2.095829504754178,-0.5591049801058144,-1.0,-1.0,909,0.019872327401512832,0.7586025971754624,0.005159372130645796,0.0003279261947444362,0.0022736216168947575
per204__tu,float64,0.0,-6.0,50.0,56.0,2.051067302204771,-0.7330669843907133,-1.0,-1.0,845,0.018473175637269905,0.8044685409470509,0.005159372130645796,0.00034978794106073195,0.0022517598705784616
per203__tu,float64,0.0,-6.0,50.0,56.0,1.8894379205316059,-0.885646014603649,-1.0,-1.0,754,0.016483756722486993,0.8407809015784181,0.005159372130645796,0.0002842027021118447,0.0022736216168947575
per202__tu,float64,0.0,-6.0,50.0,56.0,1.6521443385057344,-0.9990689082243878,-1.0,-1.0,624,0.013641729701368545,0.8655721219010974,0.005159372130645796,0.0001530322242140702,0.0022736216168947575
per201__tu,float64,0.0,-6.0,50.0,56.0,1.2959248932082144,-1.200963884395088,-1.0,-1.0,418,0.009138209960211622,0.9164662673254339,0.005159372130645796,6.558523894888724e-05,0.0022954833632110533
rev162__tu,float64,0.0,-6.0,12.0,18.0,2.436972869572894,0.10821564426566394,0.0,0.0,16,0.00034978794106073195,0.45238511652310787,0.005159372130645796,0.001377290017926632,0.30492763761969305
bkc11__tu,float64,0.0,-6.0,220.0,226.0,15.647116218202168,7.0225394604521005,-1.0,-2.0,162,0.003541602903239911,0.521730575838398,0.005159372130645796,2.1861746316295747e-05,0.025009837785842332
bkc12__tu,float64,0.0,-6.0,218.0,224.0,14.832691725989852,6.449739845218836,-1.0,-2.0,156,0.003410432425342136,0.521730575838398,0.005159372130645796,2.1861746316295747e-05,0.03688076603559092
bkc13__tu,float64,0.0,-6.0,208.0,214.0,13.386063080830496,5.5411219448209525,-1.0,-2.0,143,0.0031262297232302915,0.521730575838398,0.005159372130645796,2.1861746316295747e-05,0.054282716103362334
ret82__tu,float64,0.0,-6.0,999.0,1005.0,258.0280213700379,71.97015871627826,-1.0,-1.0,28,0.0006121288968562808,0.7183332604608456,0.005159372130645796,0.07188142188798041,0.08788422019150889
ret81__tu,float64,0.0,-6.0,999.0,1005.0,228.82060073931694,55.690918630580214,-1.0,-1.0,28,0.0006121288968562808,0.7183332604608456,0.005159372130645796,0.05555069738970749,0.10202877005815225
ret54__tu,float64,0.0,-6.0,16.0,22.0,1.172867564730229,-0.966660836867649,-1.0,-1.0,15,0.0003279261947444362,0.7731843819684316,0.005159372130645796,2.1861746316295747e-05,0.10856543220672467
ret53__tu,float64,0.0,-6.0,18.0,24.0,1.2439611319961565,-0.9308731581478729,-1.0,-1.0,17,0.0003716496873770277,0.7731843819684316,0.005159372130645796,2.1861746316295747e-05,0.08864938131257925
ret52__tu,float64,0.0,-6.0,20.0,26.0,1.320688970233764,-0.8898823838048183,-1.0,-1.0,18,0.0003935114336933234,0.7731843819684316,0.005159372130645796,2.1861746316295747e-05,0.06689694372786498
ret51__tu,float64,0.0,-6.0,20.0,26.0,1.3879280578854598,-0.8564120501945696,-1.0,-1.0,18,0.0003935114336933234,0.7731843819684316,0.005159372130645796,2.1861746316295747e-05,0.05200909448646758
ret14__tu,float64,0.0,-6.0,71.0,77.0,2.9284897928478606,-0.5024922390800577,-1.0,-1.0,46,0.0010056403305496043,0.7731843819684316,0.005159372130645796,2.1861746316295747e-05,0.10856543220672467
ret13__tu,float64,0.0,-6.0,101.0,107.0,3.906976079372934,-0.1838572865200472,-1.0,-1.0,63,0.001377290017926632,0.7731843819684316,0.005159372130645796,2.1861746316295747e-05,0.08864938131257925
ret12__tu,float64,0.0,-6.0,140.0,146.0,4.935686876762346,0.2018276419920423,-1.0,-1.0,74,0.0016177692274058852,0.7731843819684316,0.005159372130645796,2.1861746316295747e-05,0.06689694372786498
ret11__tu,float64,0.0,-6.0,164.0,170.0,5.7717053509370695,0.5232171745879061,-1.0,-1.0,83,0.001814524944252547,0.7731843819684316,0.005159372130645796,2.1861746316295747e-05,0.05200909448646758
bkc162__tu,float64,0.0,-6.0,12.0,18.0,2.628726795131221,0.16420357658169735,-1.0,-2.0,16,0.00034978794106073195,0.521730575838398,0.005159372130645796,0.0016614927200384766,0.2173713436229286
bkc152__tu,float64,0.0,-6.0,12.0,18.0,4.3568640309627735,1.5980499322285864,-1.0,-2.0,16,0.00034978794106073195,0.521730575838398,0.005159372130645796,0.03729613921560054,0.08873682829784443
bkc142__tu,float64,0.0,-6.0,12.0,18.0,4.813115232024407,2.082112719164007,-1.0,-2.0,16,0.00034978794106073195,0.521730575838398,0.005159372130645796,0.06475449258886799,0.05990118490665034
bkc132__tu,float64,0.0,-6.0,12.0,18.0,5.104761161401488,2.420969787066591,-1.0,-2.0,16,0.00034978794106073195,0.521730575838398,0.005159372130645796,0.08972060688207774,0.04234620261466486
bkc122__tu,float64,0.0,-6.0,12.0,18.0,5.035749691889267,2.3410432425342136,-1.0,-2.0,16,0.00034978794106073195,0.521730575838398,0.005159372130645796,0.09993004241178785,0.03274889598181103
bkc112__tu,float64,0.0,-6.0,12.0,18.0,3.6485001707601423,0.8539853963534607,-1.0,-2.0,16,0.00034978794106073195,0.521730575838398,0.005159372130645796,0.03089064754492589,0.12572690306501683
bkc102__tu,float64,0.0,-6.0,12.0,18.0,3.107866043882968,0.37342048882864765,-1.0,-2.0,16,0.00034978794106073195,0.521730575838398,0.005159372130645796,0.020265838835206156,0.18525643828429014
bkc92__tu,float64,0.0,-6.0,12.0,18.0,2.6871698655319465,0.04276157579467448,-1.0,-2.0,16,0.00034978794106073195,0.521730575838398,0.005159372130645796,0.014669231778234445,0.2389707489834288
bkc84__tu,float64,0.0,-6.0,999.0,1005.0,259.92207324304707,73.77663853788641,0.0,0.0,28,0.0006121288968562808,0.47291329631410955,0.005159372130645796,0.07312754142800927,0.25934589655021645
bkc83__tu,float64,0.0,-6.0,999.0,1005.0,222.2391128855293,52.88708408027633,0.0,0.0,28,0.0006121288968562808,0.47291329631410955,0.005159372130645796,0.05227143544226313,0.2964015565563377
bkc82__tu,float64,0.0,-6.0,999.0,1005.0,184.79568407933763,36.09420226487692,0.0,0.0,28,0.0006121288968562808,0.47291329631410955,0.005159372130645796,0.03550347601766429,0.3253902321717459
bkc81__tu,float64,0.0,-6.0,999.0,1005.0,151.64886817637813,24.19942284989725,0.0,0.0,28,0.0006121288968562808,0.47291329631410955,0.005159372130645796,0.023610686021599405,0.34349175812163874
bkc54__tu,float64,0.0,-6.0,20.0,26.0,2.272966727692837,0.11991167854488216,-1.0,-2.0,24,0.0005246819115910979,0.521730575838398,0.005159372130645796,2.1861746316295747e-05,0.07594770670281142
bkc53__tu,float64,0.0,-6.0,21.0,27.0,2.3566184286706786,0.1907000131170478,-1.0,-2.0,25,0.0005465436579073936,0.521730575838398,0.005159372130645796,2.1861746316295747e-05,0.054282716103362334
bkc52__tu,float64,0.0,-6.0,23.0,29.0,2.4116092553419564,0.24397708888986053,-1.0,-2.0,25,0.0005465436579073936,0.521730575838398,0.005159372130645796,2.1861746316295747e-05,0.03688076603559092
bkc51__tu,float64,0.0,-6.0,24.0,30.0,2.45032347773456,0.2820602509728477,-1.0,-2.0,26,0.0005684054042236894,0.521730575838398,0.005159372130645796,2.1861746316295747e-05,0.025009837785842332
bkc14__tu,float64,0.0,-6.0,165.0,171.0,11.090058088486904,4.273730925626339,-1.0,-2.0,121,0.002645271304271785,0.521730575838398,0.005159372130645796,2.1861746316295747e-05,0.07594770670281142
agg219__tu,float64,0.0,-6.0,663493.0,663499.0,27197.323720946526,14473.766757028552,1886.0,-2.0,17771,0.3885050937868917,0.38675615408158803,0.005159372130645796,2.1861746316295747e-05,0.0021205893926806874
agg220__tu,float64,0.0,-6.0,663493.0,663499.0,27063.46030168,14377.74581347558,1800.0,-2.0,17713,0.38723711250054654,0.3905382361943072,0.005159372130645796,2.1861746316295747e-05,0.0021205893926806874
agg221__tu,float64,0.0,-6.0,663493.0,663499.0,26927.648630193296,14319.497704516636,1781.0,-2.0,17645,0.3857505137510384,0.39150015303222424,0.005159372130645796,2.1861746316295747e-05,0.0021205893926806874
agg604__tu,float64,0.0,0.0,102335.0,102335.0,2898.541368637906,834.9341059599328,0.0,0.0,1364,0.029819421975427397,0.0,0.6478509903371081,2.1861746316295747e-05,0.6478509903371081
agg617__tu,float64,0.0,0.0,136000.0,136000.0,2812.631406781794,695.4423630115257,0.0,0.0,1197,0.026168510340606008,0.0,0.7197542739714048,2.1861746316295747e-05,0.7197542739714048
agg616__tu,float64,0.0,0.0,136000.0,136000.0,2832.2580870469733,709.3285268799908,0.0,0.0,1213,0.02651829828166674,0.0,0.713851602466005,2.1861746316295747e-05,0.713851602466005
agg615__tu,float64,0.0,0.0,136000.0,136000.0,2857.7563997305497,723.6192636258359,0.0,0.0,1234,0.02697739495430895,0.0,0.708386165886931,2.1861746316295747e-05,0.708386165886931
agg614__tu,float64,0.0,0.0,97485.0,97485.0,2827.1257624829104,740.5387329025724,0.0,0.0,1263,0.027611385597481528,0.0,0.7017620567530934,2.1861746316295747e-05,0.7017620567530934
agg613__tu,float64,0.0,0.0,97485.0,97485.0,2833.8910687739194,753.0307892412632,0.0,0.0,1256,0.027458353373267456,0.0,0.6960124174719077,2.1861746316295747e-05,0.6960124174719077
agg612__tu,float64,0.0,0.0,97485.0,97485.0,2820.0945548652458,762.8534677948234,0.0,0.0,1284,0.028070482270123737,0.0,0.6902627781907219,2.1861746316295747e-05,0.6902627781907219
agg611__tu,float64,0.0,0.0,97485.0,97485.0,2824.124832261997,774.5272529422763,0.0,0.0,1284,0.028070482270123737,0.0,0.6849722355821783,2.1861746316295747e-05,0.6849722355821783
agg610__tu,float64,0.0,0.0,97485.0,97485.0,2828.688526329029,786.0489088191571,0.0,0.0,1303,0.028485855450133355,0.0,0.6792007345546762,2.1861746316295747e-05,0.6792007345546762
agg609__tu,float64,0.0,0.0,97485.0,97485.0,2806.9299561084376,787.6481210298255,0.0,0.0,1307,0.02857330243539854,0.0,0.6742818416335097,2.1861746316295747e-05,0.6742818416335097
agg608__tu,float64,0.0,0.0,100201.0,100201.0,2840.138209558392,795.5403979850901,0.0,0.0,1322,0.028901228630142977,0.0,0.6704341742818416,2.1861746316295747e-05,0.6704341742818416
agg607__tu,float64,0.0,0.0,102335.0,102335.0,2818.0038414840133,796.3418877724013,0.0,0.0,1339,0.029272878317520002,0.0,0.6666302304228062,2.1861746316295747e-05,0.6666302304228062
agg606__tu,float64,0.0,0.0,102335.0,102335.0,2830.998336452309,807.8053163978467,0.0,0.0,1339,0.029272878317520002,0.0,0.6605089414542433,2.1861746316295747e-05,0.6605089414542433
agg605__tu,float64,0.0,0.0,102335.0,102335.0,2863.5473665363547,822.5257830662493,0.0,0.0,1354,0.02960080451226444,0.0,0.6536006296182939,2.1861746316295747e-05,0.6536006296182939
agg603__tu,float64,0.0,0.0,102335.0,102335.0,2908.147918297076,844.972789086134,0.0,0.0,1365,0.029841283721743692,0.0,0.641117572471689,2.1861746316295747e-05,0.641117572471689
agg512__tu,float64,0.0,0.0,61047.0,61047.0,2408.5339662094398,814.4952079098939,0.0,0.0,7752,0.16947225744392463,0.0,0.6007170652791745,2.1861746316295747e-05,0.6007170652791745
agg602__tu,float64,0.0,0.0,102335.0,102335.0,2956.321710399362,857.6745935149887,0.0,0.0,1391,0.030409689125967383,0.0,0.6327226618862315,2.1861746316295747e-05,0.6327226618862315
agg601__tu,float64,0.0,0.0,102335.0,102335.0,2991.7488765039825,895.2238278550014,0.0,0.0,1426,0.031174850247037734,0.0,0.61414017751738,2.1861746316295747e-05,0.61414017751738
agg524__tu,float64,0.0,0.0,50343.0,50343.0,2166.0814147981414,607.6207598933679,0.0,0.0,6478,0.14162039263696385,0.0,0.6865900048095842,2.1861746316295747e-05,0.6865900048095842
agg523__tu,float64,0.0,0.0,51272.26,51272.26,2189.0593239172385,621.1632560828416,0.0,0.0,6550,0.14319443837173712,0.0,0.6788072231209828,2.1861746316295747e-05,0.6788072231209828
agg522__tu,float64,0.0,0.0,69282.0,69282.0,2226.247932703578,638.3270755690565,0.0,0.0,6716,0.14682348826024222,0.0,0.6720738052555638,2.1861746316295747e-05,0.6720738052555638
agg521__tu,float64,0.0,0.0,51430.369999999995,51430.369999999995,2237.036514009154,653.1052023764291,0.0,0.0,6725,0.14702024397708888,0.0,0.6651217699269818,2.1861746316295747e-05,0.6651217699269818
agg520__tu,float64,0.0,0.0,52403.28,52403.28,2258.5119921653236,668.3925270938527,0.0,0.0,6828,0.14927200384766734,0.0,0.657819946657339,2.1861746316295747e-05,0.657819946657339
agg519__tu,float64,0.0,0.0,53329.63,53329.63,2258.0773610324804,680.4415583096362,0.0,0.0,6980,0.15259498928774431,0.0,0.651611210703511,2.1861746316295747e-05,0.651611210703511
agg518__tu,float64,0.0,0.0,54253.07,54253.07,2294.7913191235584,696.4295118404125,0.0,0.0,7017,0.15340387390144725,0.0,0.6452931660181015,2.1861746316295747e-05,0.6452931660181015
agg517__tu,float64,0.0,0.0,59581.0,59581.0,2300.488739058158,709.2323035673144,0.0,0.0,7144,0.15618031568361682,0.0,0.6392811857811201,2.1861746316295747e-05,0.6392811857811201
agg516__tu,float64,0.0,0.0,56156.21,56156.21,2290.8985386210456,726.7226156539236,0.0,0.0,7253,0.15856324603209304,0.0,0.6310174456735604,2.1861746316295747e-05,0.6310174456735604
agg515__tu,float64,0.0,0.0,51590.42,51590.42,2302.93240777332,748.0886576124354,0.0,0.0,7399,0.16175506099427223,0.0,0.6237593458965502,2.1861746316295747e-05,0.6237593458965502
agg514__tu,float64,0.0,0.0,91473.0,91473.0,2367.3807777329102,770.2617768569972,0.0,0.0,7444,0.16273883957850552,0.0,0.6155830527742556,2.1861746316295747e-05,0.6155830527742556
agg618__tu,float64,0.0,0.0,84875.0,84875.0,2748.805259808685,683.0475648179379,0.0,0.0,1192,0.02605920160902453,0.0,0.7243452406978269,2.1861746316295747e-05,0.7243452406978269
agg619__tu,float64,0.0,0.0,89531.0,89531.0,2773.139208228124,674.5216499914243,0.0,0.0,1176,0.025709413667963796,0.0,0.728783175200035,2.1861746316295747e-05,0.728783175200035
agg620__tu,float64,0.0,0.0,79700.0,79700.0,2759.424901820165,665.6131984500893,0.0,0.0,1171,0.025600104936382317,0.0,0.7352979756022912,2.1861746316295747e-05,0.7352979756022912
agg621__tu,float64,0.0,0.0,79700.0,79700.0,2727.556893981597,650.6617589410107,0.0,0.0,1166,0.02549079620480084,0.0,0.7397796335971317,2.1861746316295747e-05,0.7397796335971317
agg724__tu,float64,0.0,0.0,45666.0,45666.0,1205.1171645897007,196.94194821675563,0.0,0.0,3316,0.0724935507848367,0.0,0.8769620917318875,2.1861746316295747e-05,0.8769620917318875
agg723__tu,float64,0.0,0.0,45666.0,45666.0,1209.121689173543,200.50589172869155,0.0,0.0,3344,0.07310567968169297,0.0,0.873967032486555,2.1861746316295747e-05,0.873967032486555
agg722__tu,float64,0.0,0.0,45666.0,45666.0,1222.848892013512,206.43260263743755,0.0,0.0,3429,0.07496392811857812,0.0,0.8700756416422544,2.1861746316295747e-05,0.8700756416422544
agg721__tu,float64,0.0,0.0,46891.0,46891.0,1242.8943406543156,211.22400009116294,0.0,0.0,3467,0.07579467447859735,0.0,0.8660312185737397,2.1861746316295747e-05,0.8660312185737397
agg720__tu,float64,0.0,0.0,45666.0,45666.0,1262.5444075153596,216.40135532463876,0.0,0.0,3528,0.07712824100389139,0.0,0.8619649337589087,2.1861746316295747e-05,0.8619649337589087
agg719__tu,float64,0.0,0.0,45666.0,45666.0,1268.080356535345,220.32549265056895,0.0,0.0,3571,0.07806829609549211,0.0,0.857483275764068,2.1861746316295747e-05,0.857483275764068
agg718__tu,float64,0.0,0.0,47193.0,47193.0,1282.7479169398512,225.1267697818472,0.0,0.0,3631,0.07938000087446985,0.0,0.8542695990555725,2.1861746316295747e-05,0.8542695990555725
agg717__tu,float64,0.0,0.0,47248.0,47248.0,1292.1378888838385,228.4897780919797,0.0,0.0,3673,0.08029819421975427,0.0,0.8493069826417734,2.1861746316295747e-05,0.8493069826417734
agg716__tu,float64,0.0,0.0,47304.0,47304.0,1287.983833334359,235.3184739672413,0.0,0.0,3758,0.0821564426566394,0.0,0.8434698963753224,2.1861746316295747e-05,0.8434698963753224
agg715__tu,float64,0.0,0.0,47344.0,47344.0,1296.4973977672257,241.71132490163538,0.0,0.0,3808,0.0832495299724542,0.0,0.8391849940973285,2.1861746316295747e-05,0.8391849940973285
agg714__tu,float64,0.0,0.0,47384.0,47384.0,1323.8533704246413,248.56426715740938,0.0,0.0,3904,0.08534825761881859,0.0,0.8330637051287657,2.1861746316295747e-05,0.8330637051287657
agg713__tu,float64,0.0,0.0,47424.0,47424.0,1320.4702831478335,255.52303015149903,0.0,0.0,3978,0.08696602684622448,0.0,0.8258930523370207,2.1861746316295747e-05,0.8258930523370207
agg712__tu,float64,0.0,0.0,47464.0,47464.0,1321.8072229708266,261.7791171152193,0.0,0.0,4070,0.08897730750732369,0.0,0.8210178829084868,2.1861746316295747e-05,0.8210178829084868
agg711__tu,float64,0.0,0.0,47504.0,47504.0,1376.8621417780582,275.05926874649856,0.0,0.0,4138,0.0904639062568318,0.0,0.8129727602640899,2.1861746316295747e-05,0.8129727602640899
agg710__tu,float64,0.0,0.0,55698.0,55698.0,1391.7125142940092,284.4764570681504,0.0,0.0,4260,0.09313103930741988,0.0,0.8038126885575619,2.1861746316295747e-05,0.8038126885575619
agg709__tu,float64,0.0,0.0,51755.0,51755.0,1427.4522885175134,295.4866637205894,0.0,0.0,4333,0.09472694678850947,0.0,0.7965545887805517,2.1861746316295747e-05,0.7965545887805517
agg708__tu,float64,0.0,0.0,47602.0,47602.0,1422.0528393943298,303.8406271324101,0.0,0.0,4448,0.09724104761488347,0.0,0.7872633465961261,2.1861746316295747e-05,0.7872633465961261
agg707__tu,float64,0.0,0.0,45666.0,45666.0,1441.05770924623,315.972433691537,0.0,0.0,4522,0.09885881684228937,0.0,0.7779502426653842,2.1861746316295747e-05,0.7779502426653842
agg706__tu,float64,0.0,0.0,45666.0,45666.0,1491.2608831354032,330.85820704789666,0.0,0.0,4644,0.10152594989287744,0.0,0.7704298019325784,2.1861746316295747e-05,0.7704298019325784
agg705__tu,float64,0.0,0.0,45666.0,45666.0,1516.518140107512,344.83409507274126,0.0,0.0,4726,0.1033186130908137,0.0,0.758209085741769,2.1861746316295747e-05,0.758209085741769
agg704__tu,float64,0.0,0.0,45666.0,45666.0,1547.373462017525,361.8795480949433,0.0,0.0,4872,0.10651042805299288,0.0,0.7467753924183463,2.1861746316295747e-05,0.7467753924183463
agg703__tu,float64,0.0,0.0,45666.0,45666.0,1575.6191614324196,377.78574990176327,0.0,0.0,5010,0.10952734904464169,0.0,0.7369594683223296,2.1861746316295747e-05,0.7369594683223296
agg702__tu,float64,0.0,0.0,45666.0,45666.0,1609.4461387886513,398.8709217881204,0.0,0.0,5228,0.11429320974159415,0.0,0.729154824887412,2.1861746316295747e-05,0.729154824887412
agg701__tu,float64,0.0,0.0,45666.0,45666.0,1626.8256689871469,410.81619770092254,0.0,0.0,5307,0.11602028770058152,0.0,0.7215250754230248,2.1861746316295747e-05,0.7215250754230248
agg624__tu,float64,0.0,0.0,79700.0,79700.0,2665.8456636621113,611.91235479661,0.0,0.0,1097,0.023982335708976434,0.0,0.755913602378558,2.1861746316295747e-05,0.755913602378558
agg623__tu,float64,0.0,0.0,79700.0,79700.0,2706.340381853092,629.2544890640881,0.0,0.0,1134,0.024791220322679376,0.0,0.7497923134099952,2.1861746316295747e-05,0.7497923134099952
agg622__tu,float64,0.0,0.0,98480.0,98480.0,2756.6843447864653,642.2730148248698,0.0,0.0,1152,0.0251847317563727,0.0,0.744676664771982,2.1861746316295747e-05,0.744676664771982
agg513__tu,float64,0.0,0.0,51960.96,51960.96,2400.2857348006064,795.5989667787328,0.0,0.0,7617,0.1665209216912247,0.0,0.6078221328319706,2.1861746316295747e-05,0.6078221328319706
agg511__tu,float64,0.0,0.0,107843.0,107843.0,2503.165350116617,842.4227056481595,0.0,0.0,7841,0.17141795286607495,0.0,0.592103537230554,2.1861746316295747e-05,0.592103537230554
agg222__tu,float64,0.0,-6.0,663493.0,663499.0,26979.191786657768,14211.51703030038,1650.0,-2.0,17513,0.3828647632372874,0.3960036727733811,0.005159372130645796,2.1861746316295747e-05,0.0021205893926806874
agg313__tu,float64,0.0,-6.0,552992.0,552998.0,9188.236474999472,2175.6310174456735,0.0,0.0,7839,0.17137422937344235,0.24887412006471077,0.005159372130645796,2.1861746316295747e-05,0.4038739014472476
agg402__tu,float64,0.0,-6.0,101530.0,101536.0,1743.5694686624747,432.0350006558524,50.0,-2.0,2983,0.0652135892615102,0.23569148703598444,0.005159372130645796,2.1861746316295747e-05,0.21662804424817456
agg401__tu,float64,0.0,-6.0,230323.0,230329.0,2015.3733347990437,411.4839753399502,16.0,-2.0,2940,0.0642735341699095,0.26240654103449784,0.005159372130645796,2.1861746316295747e-05,0.22587556293996763
agg324__tu,float64,0.0,-6.0,389976.0,389982.0,8456.543929105736,1819.1268855756198,0.0,0.0,6795,0.1485505662192296,0.30586769271129377,0.005159372130645796,2.1861746316295747e-05,0.4172751519391369
agg323__tu,float64,0.0,-6.0,389976.0,389982.0,8438.4332148139,1848.306742162564,0.0,0.0,6947,0.15187355165930655,0.2986095929342836,0.005159372130645796,2.1861746316295747e-05,0.4198766997507761
agg322__tu,float64,0.0,-6.0,389976.0,389982.0,8587.55742464252,1883.750491889292,0.0,0.0,7022,0.15351318263302874,0.2928818153994141,0.005159372130645796,2.1861746316295747e-05,0.41963622054129684
agg321__tu,float64,0.0,-6.0,389976.0,389982.0,8505.184961162659,1905.2184862926852,0.0,0.0,7120,0.1556556337720257,0.28787547549298237,0.005159372130645796,2.1861746316295747e-05,0.4186961654496961
agg320__tu,float64,0.0,-6.0,389976.0,389982.0,8645.653166114262,1950.1109920860479,0.0,0.0,7191,0.1572078177604827,0.28413711687289583,0.005159372130645796,2.1861746316295747e-05,0.4174719076559836
agg319__tu,float64,0.0,-6.0,389976.0,389982.0,8631.126643236526,1977.1687508198154,0.0,0.0,7262,0.1587600017489397,0.277425560753793,0.005159372130645796,2.1861746316295747e-05,0.41690350225175987
agg318__tu,float64,0.0,-6.0,389976.0,389982.0,8767.282751015358,2016.0551134624634,0.0,0.0,7363,0.16096803812688557,0.27359975514844126,0.005159372130645796,2.1861746316295747e-05,0.41655371431069915
agg317__tu,float64,0.0,-6.0,389976.0,389982.0,8712.09108368252,2033.8823182195795,0.0,0.0,7452,0.1629137335490359,0.26848410651042803,0.005159372130645796,2.1861746316295747e-05,0.4143019544401207
agg316__tu,float64,0.0,-6.0,389976.0,389982.0,8672.610540734006,2059.394998032443,0.0,0.0,7603,0.16621485724279655,0.26286563770714005,0.005159372130645796,2.1861746316295747e-05,0.41233439727165405
agg315__tu,float64,0.0,-6.0,389976.0,389982.0,8801.220914616457,2108.611844694154,0.0,0.0,7697,0.16826986139652836,0.2569629662017402,0.005159372130645796,2.1861746316295747e-05,0.4114817891653185
agg314__tu,float64,0.0,-6.0,389976.0,389982.0,8751.21675029817,2123.5320274583532,0.0,0.0,7764,0.16973459839972016,0.2532464693279699,0.005159372130645796,2.1861746316295747e-05,0.40868348563683266
agg312__tu,float64,0.0,-6.0,563302.0,563308.0,9231.29923924263,2203.8415897861923,0.0,0.0,7965,0.17412880940929562,0.24548554938568493,0.005159372130645796,2.1861746316295747e-05,0.4007913952166499
agg510__tu,float64,0.0,0.0,55756.0,55756.0,2485.0598895832472,866.216368310225,0.0,0.0,7990,0.174675353067203,0.0,0.5837086266450964,2.1861746316295747e-05,0.5837086266450964
agg311__tu,float64,0.0,-6.0,570992.0,570998.0,9233.211812881767,2219.6820208998297,0.0,0.0,8011,0.1751344497398452,0.24089458265926283,0.005159372130645796,2.1861746316295747e-05,0.39821170915132703
agg310__tu,float64,0.0,-6.0,389971.0,389977.0,8860.628532416962,2231.732149884133,0.0,0.0,8036,0.17568099339775262,0.23665340387390144,0.005159372130645796,2.1861746316295747e-05,0.3925713786017227
agg309__tu,float64,0.0,-6.0,389961.0,389967.0,8842.489020412948,2250.412093918062,0.0,0.0,8145,0.17806392374622884,0.23304621573171264,0.005159372130645796,2.1861746316295747e-05,0.3859691312142014
agg308__tu,float64,0.0,-6.0,389961.0,389967.0,8847.062779589669,2281.6903720869223,0.0,0.0,8266,0.18070919505050062,0.2302916356958594,0.005159372130645796,2.1861746316295747e-05,0.3808097590835556
agg307__tu,float64,0.0,-6.0,389961.0,389967.0,8754.396728683476,2296.8911940885837,0.0,0.0,8343,0.1823925495168554,0.22484806086310175,0.005159372130645796,2.1861746316295747e-05,0.3757159721918587
agg306__tu,float64,0.0,-6.0,389961.0,389967.0,8720.626225657536,2332.0420838616587,0.0,0.0,8472,0.18521271479165755,0.21920773031349744,0.005159372130645796,2.1861746316295747e-05,0.37331118009706615
agg305__tu,float64,0.0,-6.0,389961.0,389967.0,8678.40807599983,2356.721393904945,0.0,0.0,8581,0.1875956451401338,0.21549123343972718,0.005159372130645796,2.1861746316295747e-05,0.36616238905163745
agg304__tu,float64,0.0,-6.0,389961.0,389967.0,8679.998591865968,2380.3518866687073,0.0,0.0,8644,0.18897293515806043,0.21041930829434655,0.005159372130645796,2.1861746316295747e-05,0.35894801276725985
agg303__tu,float64,0.0,-6.0,389961.0,389967.0,8472.849366154114,2395.580538673429,0.0,0.0,8804,0.19247081456866774,0.20521621267106815,0.005159372130645796,2.1861746316295747e-05,0.35276113855974817
agg302__tu,float64,0.0,-6.0,386990.0,386996.0,8085.8803891272055,2380.9404486030344,0.0,0.0,8852,0.19352017839184993,0.19926981767303573,0.005159372130645796,2.1861746316295747e-05,0.3496786323291505
agg301__tu,float64,0.0,-6.0,375039.0,375045.0,7905.196022260679,2204.754273971405,0.0,0.0,8365,0.18287350793581392,0.21774299331030564,0.005159372130645796,2.1861746316295747e-05,0.33754536312360633
agg224__tu,float64,0.0,-6.0,663493.0,663499.0,26636.967910352425,13853.916072755892,1340.0,-2.0,17273,0.3776179441213764,0.4066503432294172,0.005159372130645796,2.1861746316295747e-05,0.0021205893926806874
agg223__tu,float64,0.0,-6.0,663493.0,663499.0,26982.702413887226,14085.79679506799,1500.0,-2.0,17393,0.38024135367933193,0.4006383629924358,0.005159372130645796,2.1861746316295747e-05,0.0021205893926806874
agg403__tu,float64,0.0,-6.0,80061.0,80067.0,1633.2319936973634,431.6982423155962,48.0,-2.0,3013,0.06586944165099907,0.24126623234663985,0.005159372130645796,2.1861746316295747e-05,0.21501027502076867
agg404__tu,float64,0.0,-6.0,87755.0,87761.0,1580.829778512013,413.0501945695422,45.0,-2.0,2938,0.0642298106772769,0.2461195400288575,0.005159372130645796,2.1861746316295747e-05,0.2138297407196887
agg405__tu,float64,0.0,-6.0,356471.0,356477.0,2382.8706649988826,424.42617288268985,40.0,-2.0,2911,0.06363954352673691,0.24996720738052555,0.005159372130645796,2.1861746316295747e-05,0.21345809103231167
agg406__tu,float64,0.0,-6.0,153355.0,153361.0,1915.0466424145914,422.70827685715534,37.0,-2.0,2922,0.06388002273621617,0.2537274277469284,0.005159372130645796,2.1861746316295747e-05,0.2137422937344235
agg509__tu,float64,0.0,0.0,59559.0,59559.0,2510.1819415734276,888.0306670072081,0.0,0.0,8131,0.17775785929780072,0.0,0.5754011630449041,2.1861746316295747e-05,0.5754011630449041
agg508__tu,float64,0.0,0.0,56527.0,56527.0,2521.0246256334704,909.1517894709838,0.0,0.0,8203,0.179331905032574,0.0,0.5681212015215775,2.1861746316295747e-05,0.5681212015215775
agg507__tu,float64,0.0,0.0,83034.0,83034.0,2569.7839768497174,931.1003936491876,0.0,0.0,8341,0.1823488260242228,0.0,0.5592453325171615,2.1861746316295747e-05,0.5592453325171615
agg506__tu,float64,0.0,0.0,102336.0,102336.0,2613.964265346797,957.870594927384,0.0,0.0,8466,0.18508154431375978,0.0,0.5496917493769402,2.1861746316295747e-05,0.5496917493769402
agg505__tu,float64,0.0,0.0,124674.0,124674.0,2658.4723008211467,990.6304464594176,0.0,0.0,8654,0.1891915526212234,0.0,0.5406409864019938,2.1861746316295747e-05,0.5406409864019938
agg504__tu,float64,0.0,0.0,98680.0,98680.0,2696.68358591267,1029.620119025958,0.0,0.0,8857,0.19362948712343142,0.0,0.5304315508722837,2.1861746316295747e-05,0.5304315508722837
agg503__tu,float64,0.0,0.0,110682.0,110682.0,2734.6124312394068,1060.5277155067795,0.0,0.0,8961,0.19590310874032618,0.0,0.5198286039088802,2.1861746316295747e-05,0.5198286039088802
agg502__tu,float64,0.0,0.0,79394.0,79394.0,2739.608659011082,1083.4042819450206,0.0,0.0,9110,0.19916050894145423,0.0,0.5089195924970487,2.1861746316295747e-05,0.5089195924970487
agg501__tu,float64,0.0,0.0,83596.0,83596.0,2740.9318251429195,1099.467234114028,3.88,0.0,9222,0.20160902452887935,0.0,0.4989287744305015,2.1861746316295747e-05,0.4989287744305015
agg424__tu,float64,0.0,-6.0,134858.0,134864.0,1804.3353719965457,334.28234445367497,0.0,-2.0,2514,0.0549604302391675,0.33719557518254556,0.005159372130645796,2.1861746316295747e-05,0.2250010930873158
agg423__tu,float64,0.0,-6.0,51372.0,51378.0,1559.7676474929224,340.8156836168073,0.0,-2.0,2586,0.0565344759739408,0.32954396397184205,0.005159372130645796,2.1861746316295747e-05,0.2266625858073543
agg422__tu,float64,0.0,-6.0,58846.0,58852.0,1655.7763730173401,349.37761794412137,0.0,-2.0,2560,0.05596607056971711,0.32355384548117705,0.005159372130645796,2.1861746316295747e-05,0.22423593196624547
agg421__tu,float64,0.0,-6.0,146204.0,146210.0,1766.8393150158608,354.1215513095186,0.0,-2.0,2584,0.05649075248130821,0.31878798478422454,0.005159372130645796,2.1861746316295747e-05,0.22010406191246557
agg420__tu,float64,0.0,-6.0,92582.0,92588.0,1831.0646452007495,372.00905076297494,0.0,-2.0,2621,0.05729963709501115,0.3144374972672817,0.005159372130645796,2.1861746316295747e-05,0.22399545275676622
agg419__tu,float64,0.0,-6.0,111758.0,111764.0,1801.5145329235888,376.32803550347603,0.0,-2.0,2718,0.05942022648769184,0.30809759083555593,0.005159372130645796,2.1861746316295747e-05,0.2229679506799003
agg418__tu,float64,0.0,-6.0,72027.0,72033.0,1840.8907001245823,389.6905032574002,0.0,-2.0,2711,0.05926719426347777,0.30501508460495824,0.005159372130645796,2.1861746316295747e-05,0.22001661492720037
agg417__tu,float64,0.0,-6.0,108847.0,108853.0,2016.3755638945888,406.4995409033274,0.0,-2.0,2740,0.05990118490665034,0.2991779983385073,0.005159372130645796,2.1861746316295747e-05,0.22113156398933148
agg416__tu,float64,0.0,-6.0,107925.0,107931.0,2024.8803949611265,413.00373835862007,0.0,-2.0,2790,0.06099427222246513,0.2940186262078615,0.005159372130645796,2.1861746316295747e-05,0.22283678020200254
agg415__tu,float64,0.0,-6.0,86268.0,86274.0,1891.524251060771,409.0264089895501,0.0,-2.0,2777,0.06071006952035329,0.28800664597088016,0.005159372130645796,2.1861746316295747e-05,0.22032267937562852
agg414__tu,float64,0.0,-6.0,103297.0,103303.0,2042.7946106878787,418.691661929955,0.0,-2.0,2818,0.06160640111932141,0.2851427572034454,0.005159372130645796,2.1861746316295747e-05,0.22113156398933148
agg413__tu,float64,0.0,-6.0,69456.0,69462.0,1869.423644058118,417.08631017445674,0.0,-2.0,2846,0.06221853001617769,0.281491845568624,0.005159372130645796,2.1861746316295747e-05,0.2199291679419352
agg412__tu,float64,0.0,-6.0,91169.0,91175.0,1854.0140144708334,417.64037427309694,10.0,-2.0,2860,0.06252459446460583,0.27827816886012857,0.005159372130645796,2.1861746316295747e-05,0.217327620130296
agg411__tu,float64,0.0,-6.0,91676.0,91682.0,1813.101647457835,409.53209304359234,19.5,-2.0,2796,0.0611254427003629,0.2739932665821346,0.005159372130645796,2.1861746316295747e-05,0.21726203489134713
agg410__tu,float64,0.0,-6.0,120414.0,120420.0,1965.2532177686026,422.6894757553233,21.0,-2.0,2820,0.061650124611954,0.26959905557255914,0.005159372130645796,2.1861746316295747e-05,0.21879235713348782
agg409__tu,float64,0.0,-6.0,70852.0,70858.0,1643.8036164928444,399.8212802238643,29.0,-2.0,2790,0.06099427222246513,0.26627607013248217,0.005159372130645796,2.1861746316295747e-05,0.21409208167548424
agg408__tu,float64,0.0,-6.0,74857.0,74863.0,1726.9263546586183,408.3918718027196,30.0,-2.0,2861,0.06254645621092213,0.2647894713829741,0.005159372130645796,2.1861746316295747e-05,0.21402649643653535
agg407__tu,float64,0.0,-6.0,79900.0,79906.0,1712.0065970920268,413.7780158279043,31.0,-2.0,2907,0.06355209654147173,0.25906169384810457,0.005159372130645796,2.1861746316295747e-05,0.21490096628918717
std225__tu,float64,0.0,-6.0,50.0,56.0,1.3589684203819312,-1.3113746666083699,-1.0,-1.0,306,0.006689694372786498,0.9772200603384198,0.005159372130645796,0.0003716496873770277,0.002688994796904377
std223__tu,float64,0.0,-6.0,50.0,56.0,1.0230208260370663,-1.3634108696602683,-1.0,-1.0,193,0.004219317039045079,0.9874513576144462,0.005159372130645796,0.0001967557168466617,0.0022080363779458704
rets902__tu,float64,0.0,0.0,37441.03,37441.03,563.5672872735491,92.87844590566428,0.0,0.0,2579,0.05638144374972673,0.0,0.8506405491670674,2.1861746316295747e-05,0.8506405491670674
aggs101__tu,float64,0.0,0.0,62235.49367088606,62235.49367088606,467.05290986946574,106.27180799301262,0.0,0.0,2711,0.05926719426347777,0.0,0.6783918499409732,2.1861746316295747e-05,0.6783918499409732
aggs114__tu,float64,0.0,0.0,22741.055024541456,22741.055024541456,390.92572597919934,81.15330596274201,0.0,0.0,2387,0.05218398845699795,0.0,0.7522626907437366,2.1861746316295747e-05,0.7522626907437366
aggs113__tu,float64,0.0,0.0,19844.0,19844.0,363.1618501352954,81.22312392190798,0.0,0.0,2406,0.05259936163700756,0.0,0.7478028944952123,2.1861746316295747e-05,0.7478028944952123
aggs112__tu,float64,0.0,0.0,20115.0,20115.0,344.56865279754265,80.16810681903873,0.0,0.0,2382,0.05207467972541647,0.0,0.7437366096803812,2.1861746316295747e-05,0.7437366096803812
aggs111__tu,float64,0.0,0.0,46758.0,46758.0,390.283218656363,81.09339403251701,0.0,0.0,2384,0.05211840321804906,0.0,0.7373967032486555,2.1861746316295747e-05,0.7373967032486555
aggs110__tu,float64,0.0,0.0,23045.26,23045.26,350.80110622870706,82.14525384258789,0.0,0.0,2394,0.052337020681212015,0.0,0.7343797822570067,2.1861746316295747e-05,0.7343797822570067
aggs109__tu,float64,0.0,0.0,13582.0,13582.0,326.52385666122916,83.3872231308335,0.0,0.0,2411,0.05270867036858904,0.0,0.7269686502557824,2.1861746316295747e-05,0.7269686502557824
aggs108__tu,float64,0.0,0.0,12079.41,12079.41,330.18964273302385,84.73805505065417,0.0,0.0,2475,0.05410782213283197,0.0,0.7203664028682611,2.1861746316295747e-05,0.7203664028682611
aggs107__tu,float64,0.0,0.0,33658.0,33658.0,366.2139389378059,87.31092738519413,0.0,0.0,2465,0.05388920466966901,0.0,0.7147916575576057,2.1861746316295747e-05,0.7147916575576057
aggs106__tu,float64,0.0,0.0,24158.0,24158.0,356.6491599006681,89.15014125400556,0.0,0.0,2492,0.054479471820209,0.0,0.7079926544532378,2.1861746316295747e-05,0.7079926544532378
aggs105__tu,float64,0.0,0.0,26788.997379783734,26788.997379783734,397.3847221184459,92.96738799027324,0.0,0.0,2537,0.055463250404442305,0.0,0.7007782781688602,2.1861746316295747e-05,0.7007782781688602
aggs104__tu,float64,0.0,0.0,14464.64,14464.64,350.8616297011066,95.05428926272708,0.0,0.0,2614,0.05714660487079708,0.0,0.6940667220497574,2.1861746316295747e-05,0.6940667220497574
aggs103__tu,float64,0.0,0.0,14595.0,14595.0,351.78067562921217,97.3115746987068,0.0,0.0,2620,0.057277775348694854,0.0,0.6894538935770189,2.1861746316295747e-05,0.6894538935770189
aggs102__tu,float64,0.0,0.0,14959.34,14959.34,360.2610313276194,101.80210435601558,0.0,0.0,2714,0.05933277950242665,0.0,0.6809278125136636,2.1861746316295747e-05,0.6809278125136636
cv30__tu,float64,0.0,-7.0,999.0,1006.0,214.22503079411095,950.9745747890341,999.0,999.0,34,0.0007432993747540554,0.03869529097984347,0.033535918849197675,0.9521446373136286,0.0030169209916488127
aggs116__tu,float64,0.0,0.0,21231.0,21231.0,331.76051066414004,72.79064182308153,0.0,0.0,2300,0.05028201652748022,0.0,0.7632372873945171,2.1861746316295747e-05,0.7632372873945171
cv29__tu,float64,0.0,-6.0,7.0,13.0,0.446696912909771,-0.023807441738446067,0.0,0.0,9,0.0001967557168466617,0.005159372130645796,0.005159372130645796,2.1861746316295747e-05,0.9895282235144943
cv28__tu,float64,0.0,-7.0,100.0,107.0,13.75918358418046,2.6051768615276987,0.0,0.0,52,0.0011368108084473787,0.3072012592365878,0.04774605395478991,0.011936513488697478,0.6091775611035809
cv27__tu,float64,0.0,-7.0,100.0,107.0,16.341607568703598,3.998360369026278,0.0,0.0,57,0.0012461195400288575,0.3072012592365878,0.04774605395478991,0.016724235931966244,0.5790520746797254
cv26__tu,float64,0.0,-7.0,100.0,107.0,13.51115508178861,6.263893139784006,0.0,0.0,72,0.0015740457347732937,0.05694984915395042,0.051790477023304624,0.007454855493856849,0.5397665165493419
cv25__tu,float64,0.0,-7.0,100.0,107.0,10.146469104090166,2.573236850159591,0.0,0.0,58,0.0012679812863451532,0.05694984915395042,0.051790477023304624,0.004547243233789515,0.7559791876175069
cv24__tu,float64,0.0,0.0,14016.0,14016.0,298.85493837760094,71.51623466345124,0.0,0.0,2220,0.04853307682217656,0.0,0.7704516636788946,2.1861746316295747e-05,0.7704516636788946
cv23__tu,float64,0.0,0.0,4211.0,4211.0,82.64347581016635,36.922164417737534,0.0,0.0,1168,0.025534519697433433,0.0,0.6137248043373704,2.1861746316295747e-05,0.6137248043373704
cv22__tu,float64,0.0,0.0,83596.0,83596.0,2820.5698286289908,1139.6782252126366,68.0,0.0,9370,0.20484456298369114,0.0,0.4892002973197499,2.1861746316295747e-05,0.4892002973197499
cv21__tu,float64,0.0,0.0,392310.68,392310.68,5617.51009525081,842.6673434201398,99.91,0.0,6277,0.1372261816273884,0.0,0.4126404617200822,2.1861746316295747e-05,0.4126404617200822
cv20__tu,float64,0.0,0.0,52165.63,52165.63,590.8080198246004,316.0441456431519,80.0,0.0,4216,0.09216912246950286,0.0,0.36312360631367235,2.1861746316295747e-05,0.36312360631367235
cv19__tu,float64,0.0,0.0,1004449.0,1004449.0,52136.90087326076,25515.016747292768,7288.5,0.0,28428,0.6214857242796554,0.0,0.19760832495299724,2.1861746316295747e-05,0.19760832495299724
cv18__tu,float64,0.0,-7.0,36.0,43.0,2.763059290813366,-0.1315421275851515,0.0,0.0,31,0.0006777141358051682,0.19045953390756853,0.07911765991867431,2.1861746316295747e-05,0.5855012898430326
cv17__tu,float64,0.0,-7.0,36.0,43.0,2.822495347173394,0.16158016702374187,0.0,0.0,32,0.0006995758821214639,0.16127410257531372,0.07059157885531896,2.1861746316295747e-05,0.5099908180665471
aggs115__tu,float64,0.0,0.0,13073.66,13073.66,353.10130566716094,78.87693898599566,0.0,0.0,2379,0.05200909448646758,0.0,0.7576406803375454,2.1861746316295747e-05,0.7576406803375454
aggs117__tu,float64,0.0,0.0,34794.0,34794.0,378.345701144748,71.34404391409308,0.0,0.0,2265,0.04951685540640986,0.0,0.7716321979799746,2.1861746316295747e-05,0.7716321979799746
std222__tu,float64,0.0,-6.0,50.0,56.0,0.9157190955797874,-1.3740356783699887,-1.0,-1.0,138,0.0030169209916488127,0.9894189147829129,0.005159372130645796,0.00013117047789777447,0.0022080363779458704
indexq2__tu,float64,0.0,-9.0,100.0,109.0,23.347307086356462,11.005990118490665,-1.0,-2.0,105,0.0022954833632110533,0.6430851296401556,0.007367408508591666,0.02035328582047134,0.015696733855100346
rev316__tu,float64,0.0,0.0,109691.48,109691.48,2479.2245420717145,547.8469804340891,0.0,0.0,5510,0.12045822220278955,0.0,0.5939399239211228,2.1861746316295747e-05,0.5939399239211228
rev315__tu,float64,0.0,-6.0,23.0,29.0,8.149967312350467,5.038214332560885,1.0,-2.0,28,0.0006121288968562808,0.4138209960211622,0.005159372130645796,0.03375453631236063,0.07564164225438327
rle907__tu,float64,0.0,-6.0,999.0,1005.0,255.92350231663556,69.8052118403218,-1.0,-1.0,27,0.0005902671505399851,0.8876743474268725,0.005159372130645796,0.07050413187005378,0.008088846137029426
rle906__tu,float64,0.0,0.0,787091.0,787091.0,20388.180578151023,1638.6572884790367,0.0,0.0,1166,0.02549079620480084,0.0,0.9731319137772725,2.1861746316295747e-05,0.9731319137772725
rle905__tu,float64,0.0,0.0,582452.02,582452.02,11481.262673835827,596.4607797902178,0.0,0.0,833,0.018210834681474355,0.0,0.9805430457784968,2.1861746316295747e-05,0.9805430457784968
rle904__tu,float64,0.0,0.0,410810.51999999996,410810.51999999996,6815.249557777879,227.1931059394458,0.0,0.0,613,0.013401250491889291,0.0,0.9846311923396441,2.1861746316295747e-05,0.9846311923396441
rle903__tu,float64,0.0,-6.0,36.0,42.0,1.4479943320619602,-0.8504219317039045,-1.0,-1.0,31,0.0006777141358051682,0.9446897818197718,0.005159372130645796,2.1861746316295747e-05,0.015609286869835162
rle902__tu,float64,0.0,-6.0,20.0,26.0,0.9333898945138894,-0.9542652267063093,-1.0,-1.0,19,0.00041537318000961916,0.9522320842988938,0.005159372130645796,2.1861746316295747e-05,0.01845131389095361
rle901__tu,float64,0.0,-6.0,8.0,14.0,0.679696480685471,-1.0069957588212146,-1.0,-1.0,12,0.00026234095579554895,0.9562983691137248,0.005159372130645796,6.558523894888724e-05,0.02245201346683573
walshrs2__tu,float64,0.0,-9.0,100.0,109.0,38.60996145891944,23.461260985527524,-1.0,-2.0,105,0.0022954833632110533,0.6271041930829435,0.0092475186917931,0.1469983822307726,0.0022298981242621662
walshrs1__tu,float64,0.0,-9.0,100.0,109.0,41.717919856055836,24.998098028070483,-1.0,-2.0,94,0.0020550041537318,0.6762712605482926,0.058414586157142234,0.17290455161558305,0.0021205893926806874
indexq4__tu,float64,0.0,-9.0,100.0,109.0,21.42060381531366,9.794652616851033,-1.0,-2.0,105,0.0022954833632110533,0.635499103668401,0.00894145424336496,0.015631148616151457,0.018014078964627693
indexq3__tu,float64,0.0,-9.0,100.0,109.0,22.222751582878708,10.377967732062437,-1.0,-2.0,105,0.0022954833632110533,0.6370950111494906,0.009597306632853832,0.015062743211927769,0.017992217218311398
indexq1__tu,float64,0.0,-9.0,100.0,109.0,21.063554595928874,9.08982991561366,-1.0,-2.0,105,0.0022954833632110533,0.6473700319181496,0.007389270254907962,0.017445673560404006,0.020528179791001706
aggs118__tu,float64,0.0,0.0,39786.0,39786.0,368.85883844534345,68.14734058660568,0.0,0.0,2203,0.048161427134799525,0.0,0.7769664640811508,2.1861746316295747e-05,0.7769664640811508
index02__tu,float64,0.0,-9.0,999.0,1008.0,161.02793096411548,46.156704997595206,-2.0,-2.0,845,0.018473175637269905,0.7556075379301299,0.1675484237680906,0.015937213064579597,0.01198023698133007
index01__tu,float64,0.0,-9.0,999.0,1008.0,176.40305102465072,62.634056228411524,-1.0,-2.0,895,0.019566262953084692,0.6823925495168554,0.15847579904682785,0.018167111188841765,0.007957675659131651
aggs905__tu,float64,0.0,-9.0,12.0,21.0,4.890625181752262,1.9641030125486423,-1.0,-2.0,17,0.0003716496873770277,0.5392418346377509,0.015325084167723317,0.0498447816011543,0.0021205893926806874
aggs904__tu,float64,0.0,0.0,62235.49367088606,62235.49367088606,874.0871069110972,340.7358305318988,0.0,0.0,4948,0.10817192077303135,0.0,0.5413624240304316,2.1861746316295747e-05,0.5413624240304316
aggs903__tu,float64,0.0,0.0,202448.0,202448.0,2972.4671967216054,1081.4002658155675,0.0,0.0,9219,0.2015434392899305,0.0,0.5413624240304316,2.1861746316295747e-05,0.5413624240304316
aggs902__tu,float64,0.0,0.0,106027.36098092038,106027.36098092038,1707.2812970926766,582.5573055547391,0.0,0.0,6757,0.14771981985921034,0.0,0.5828778802850771,2.1861746316295747e-05,0.5828778802850771
aggs901__tu,float64,0.0,0.0,62235.49367088606,62235.49367088606,953.9873575067771,305.3854870477338,0.0,0.0,4865,0.1063573958287788,0.0,0.6143150714879104,2.1861746316295747e-05,0.6143150714879104
aggs124__tu,float64,0.0,0.0,20436.0,20436.0,304.8198583867336,55.84907970591975,0.0,0.0,1992,0.04354859866206112,0.0,0.8100214245113899,2.1861746316295747e-05,0.8100214245113899
aggs123__tu,float64,0.0,0.0,17018.649999999998,17018.649999999998,292.7579488572063,56.880153941208725,0.0,0.0,2033,0.044444930261029254,0.0,0.8054523195312842,2.1861746316295747e-05,0.8054523195312842
aggs122__tu,float64,0.0,0.0,38854.0,38854.0,366.7619467518923,60.67162711587639,0.0,0.0,2056,0.044947750426304056,0.0,0.799746403742731,2.1861746316295747e-05,0.799746403742731
aggs121__tu,float64,0.0,0.0,10584.0,10584.0,288.3317871093434,62.052329672416995,0.0,0.0,2110,0.04612828472738403,0.0,0.7921603777709764,2.1861746316295747e-05,0.7921603777709764
aggs120__tu,float64,0.0,0.0,22031.0,22031.0,355.3722253612453,65.24688063176036,0.0,0.0,2153,0.04706833981898474,0.0,0.7880285077171965,2.1861746316295747e-05,0.7880285077171965
aggs119__tu,float64,0.0,0.0,28903.09,28903.09,328.41008744817543,64.74349913526098,0.0,0.0,2147,0.046937169341086965,0.0,0.7828472738402343,2.1861746316295747e-05,0.7828472738402343
cv16__tu,float64,0.0,-6.0,12.0,18.0,0.899538491116959,0.2606138778365616,0.0,0.0,14,0.0003060644484281404,0.005640330549604302,0.005640330549604302,4.3723492632591494e-05,0.8069607800271086
cv15__tu,float64,0.0,-6.0,33.0,39.0,1.9590529876593137,2.2830658913033974,2.0,1.0,26,0.0005684054042236894,0.005640330549604302,0.005640330549604302,2.1861746316295747e-05,0.02229898124262166
cv14__tu,float64,0.0,0.0,80.0,80.0,5.985271020531359,7.17598705784618,6.0,3.0,65,0.0014210135105592234,0.0,0.007760919942284989,2.1861746316295747e-05,0.007760919942284989
revs105__tu,float64,0.0,0.0,21517.0,21517.0,387.94228305989907,107.87459651433501,0.0,0.0,2760,0.060338419832976255,0.0,0.6614489965458441,2.1861746316295747e-05,0.6614489965458441
revs118__tu,float64,0.0,0.0,18142.88,18142.88,362.84237877752713,84.98933444428523,0.0,0.0,2445,0.0534519697433431,0.0,0.7322373311180097,2.1861746316295747e-05,0.7322373311180097
revs117__tu,float64,0.0,0.0,22183.899999999998,22183.899999999998,366.64951847499646,86.79895704435422,0.0,0.0,2509,0.054851121507586025,0.0,0.7276900878842202,2.1861746316295747e-05,0.7276900878842202
revs116__tu,float64,0.0,0.0,13800.19,13800.19,366.5177568839184,90.68043340854395,0.0,0.0,2568,0.05614096454024747,0.0,0.7202570941366796,2.1861746316295747e-05,0.7202570941366796
revs115__tu,float64,0.0,0.0,13251.17,13251.17,390.7341205832286,96.58526208483008,0.0,0.0,2640,0.05771501027502077,0.0,0.7155130951860434,2.1861746316295747e-05,0.7155130951860434
revs114__tu,float64,0.0,0.0,20912.23,20912.23,406.25374099384845,99.64359456828223,0.0,0.0,2682,0.05863320362030519,0.0,0.7085173363648288,2.1861746316295747e-05,0.7085173363648288
revs113__tu,float64,0.0,0.0,15644.0,15644.0,382.73109026629044,99.46248409419348,0.0,0.0,2697,0.058961129815049626,0.0,0.7043417428184163,2.1861746316295747e-05,0.7043417428184163
revs112__tu,float64,0.0,0.0,14791.529999999999,14791.529999999999,377.73593056886233,100.60577347372389,0.0,0.0,2687,0.05874251235188667,0.0,0.6983516243277513,2.1861746316295747e-05,0.6983516243277513
revs111__tu,float64,0.0,0.0,29685.0,29685.0,398.6173161507274,103.1912221368158,0.0,0.0,2740,0.05990118490665034,0.0,0.6920991648812908,2.1861746316295747e-05,0.6920991648812908
revs110__tu,float64,0.0,0.0,15996.0,15996.0,377.7036298232648,104.19878802082391,0.0,0.0,2712,0.05928905600979406,0.0,0.6867648987801146,2.1861746316295747e-05,0.6867648987801146
revs109__tu,float64,0.0,0.0,12641.0,12641.0,370.3337964937773,105.36290356396793,0.0,0.0,2766,0.06046959031087403,0.0,0.6816929736347339,2.1861746316295747e-05,0.6816929736347339
revs108__tu,float64,0.0,0.0,12310.27,12310.27,369.5836163774146,105.10342383226308,0.0,0.0,2740,0.05990118490665034,0.0,0.6767740807135674,2.1861746316295747e-05,0.6767740807135674
revs107__tu,float64,0.0,0.0,12030.91,12030.91,362.60143843713126,104.08354836300487,0.0,0.0,2734,0.05977001442875257,0.0,0.6730138603471645,2.1861746316295747e-05,0.6730138603471645
revs106__tu,float64,0.0,0.0,24300.0,24300.0,370.74718072483233,104.82974154095822,0.0,0.0,2743,0.05996677014559923,0.0,0.6683791701281099,2.1861746316295747e-05,0.6683791701281099
revs104__tu,float64,0.0,0.0,17273.76,17273.76,386.62544051444365,110.63328831123559,0.0,0.0,2801,0.06123475143194439,0.0,0.6547374404267413,2.1861746316295747e-05,0.6547374404267413
cv13__tu,float64,0.0,-6.0,100.0,106.0,28.596355484486725,49.33695509597307,50.0,100.0,100,0.0021861746316295745,0.005159372130645796,0.005159372130645796,0.09234401644003323,0.08764374098202965
revs103__tu,float64,0.0,0.0,15442.0,15442.0,377.12939051102245,113.17947877484575,0.0,0.0,2849,0.06228411525512658,0.0,0.6490752481308207,2.1861746316295747e-05,0.6490752481308207
revs102__tu,float64,0.0,0.0,14959.34,14959.34,383.0513869179819,116.05035261237299,0.0,0.0,2895,0.06328975558567618,0.0,0.6424292772506668,2.1861746316295747e-05,0.6424292772506668
revs101__tu,float64,0.0,0.0,11974.0,11974.0,377.51998244982445,116.62234005793698,0.0,0.0,2871,0.06276507367408508,0.0,0.6437847055222771,2.1861746316295747e-05,0.6437847055222771
walsrts2__tu,float64,0.0,-9.0,100.0,109.0,28.577561751120793,8.244108259367758,-1.0,-1.0,105,0.0022954833632110533,0.8770276769708364,0.014887849241397404,0.07083205806479821,0.0021424511389969833
walsrts1__tu,float64,0.0,-9.0,100.0,109.0,28.501545514091042,7.389095360937431,-1.0,-1.0,86,0.0018801101832014342,0.899916925363998,0.03777709763455905,0.07452669319225219,0.0021205893926806874
rtdexq4__tu,float64,0.0,-9.0,100.0,109.0,17.33965693140788,3.5193257837436054,-1.0,-1.0,105,0.0022954833632110533,0.8536574701587163,0.023107865856324603,0.011083905382361942,0.0174675353067203
rtdexq3__tu,float64,0.0,-9.0,100.0,109.0,15.563299728307669,2.581762931222946,-1.0,-1.0,105,0.0022954833632110533,0.8670805823969219,0.023479515543701632,0.008657251541253115,0.019872327401512832
rtdexq2__tu,float64,0.0,-9.0,100.0,109.0,16.85873543295451,3.193913689825543,-1.0,-1.0,105,0.0022954833632110533,0.8566962528966814,0.02640898955008526,0.01069039394866862,0.02096541471732762
rtdexq1__tu,float64,0.0,-9.0,100.0,109.0,16.501687185991848,3.0798828210397446,-1.0,-1.0,105,0.0022954833632110533,0.8532420969787067,0.02297669537842683,0.011324384591841196,0.018320143413055837
rtdex02__tu,float64,0.0,-9.0,999.0,1008.0,87.4171252917192,11.417253290192821,-1.0,-1.0,538,0.01176161951816711,0.9156792444580473,0.07745616719863582,0.004503519741156923,0.012002098727646364
rtdex01__tu,float64,0.0,-9.0,999.0,1008.0,95.73272248075803,16.816558086659963,-1.0,-1.0,614,0.013423112238205588,0.8605220585020331,0.08641948318831709,0.0050937868916969085,0.016483756722486993
rets905__tu,float64,0.0,-9.0,12.0,21.0,4.092223747567223,-0.2250010930873158,-1.0,-1.0,17,0.0003716496873770277,0.8153775523588824,0.04127497704516637,0.024747496830046786,0.0021205893926806874
rets904__tu,float64,0.0,0.0,47466.0,47466.0,640.3985507080354,99.3482164196931,0.0,0.0,2544,0.05561628262865638,0.0,0.8174981417515631,2.1861746316295747e-05,0.8174981417515631
revs119__tu,float64,0.0,0.0,28921.52,28921.52,362.75431012143804,81.91236076776416,0.0,0.0,2416,0.05281797910017052,0.0,0.7376371824581348,2.1861746316295747e-05,0.7376371824581348
revs120__tu,float64,0.0,0.0,21377.829999999998,21377.829999999998,374.68337397402155,82.88244951345672,0.0,0.0,2468,0.0539547899086179,0.0,0.7421188404529754,2.1861746316295747e-05,0.7421188404529754
revs121__tu,float64,0.0,0.0,10584.0,10584.0,330.67600117770513,79.53920750512016,0.0,0.0,2395,0.052358882427528314,0.0,0.7467535306720301,2.1861746316295747e-05,0.7467535306720301
revs122__tu,float64,0.0,0.0,39039.0,39039.0,393.4106127158147,77.53499272619497,0.0,0.0,2346,0.05128765685802982,0.0,0.7552140264964365,2.1861746316295747e-05,0.7552140264964365
cv12__tu,float64,0.0,-6.0,67.0,73.0,5.59492072820469,5.119496305364873,3.0,1.0,59,0.001289843032661449,0.005159372130645796,0.005159372130645796,2.1861746316295747e-05,0.12736653403873902
cv11__tu,float64,0.0,-6.0,67.0,73.0,5.720653728306402,5.4516199554020375,4.0,1.0,59,0.001289843032661449,0.005159372130645796,0.005159372130645796,2.1861746316295747e-05,0.10830309125092913
cv10__tu,float64,0.0,-6.0,69.0,75.0,5.949631955997403,5.971339250579336,4.0,1.0,59,0.001289843032661449,0.005159372130645796,0.005159372130645796,2.1861746316295747e-05,0.08764374098202965
cv09__tu,float64,0.0,-6.0,2.0,8.0,0.4073786061262869,-1.0045472432337894,-1.0,-1.0,5,0.00010930873158147872,0.986467579030213,0.005159372130645796,0.0001530322242140702,0.005968256744348739
cv08__tu,float64,0.0,-6.0,703340.0,703346.0,18429.952073375123,1646.0060557037295,-1.0,-1.0,460,0.010056403305496044,0.9874732193607625,0.005159372130645796,2.1861746316295747e-05,0.0021205893926806874
cv07__tu,float64,0.0,-6.0,635030.0,635036.0,11646.835074086157,680.1403742730969,-1.0,-1.0,229,0.005006339906431726,0.9905120020987277,0.005159372130645796,2.1861746316295747e-05,0.004569104980105811
cv06__tu,float64,0.0,-6.0,2.0,8.0,0.4430094962331249,-0.020375147566787634,0.0,0.0,4,8.744698526518299e-05,0.005159372130645796,0.005159372130645796,0.00017489397053036597,0.9844344366227974
cv05__tu,float64,0.0,-6.0,82.0,88.0,16.90515082869237,6.222049757334616,-1.0,-6.0,85,0.0018582484368851384,0.5226269074373661,0.4247955926719426,8.744698526518299e-05,0.0021424511389969833
cv04__tu,float64,0.0,-6.0,999.0,1005.0,73.46767342769554,12.341305583490009,4.0,-6.0,85,0.0018582484368851384,0.4247955926719426,0.4247955926719426,0.0052249573695946835,0.0021424511389969833
cv03__tu,float64,0.0,-6.0,82.0,88.0,14.627593745370477,3.4115473744042673,-1.0,-1.0,85,0.0018582484368851384,0.8933802632154256,0.005159372130645796,0.0003060644484281404,0.002317345109527349
cv02__tu,float64,0.0,-6.0,74.0,80.0,2.841050638870422,-0.857920510690394,-1.0,-1.0,69,0.0015084604958244064,0.9936163700756416,0.005159372130645796,2.1861746316295747e-05,0.0021205893926806874
cv01__tu,float64,0.0,-6.0,82.0,88.0,21.042775010019273,13.947662979318787,2.0,-1.0,85,0.0018582484368851384,0.45236325477679157,0.005159372130645796,0.0002404792094792532,0.012483057146604871
walsrvs2__tu,float64,0.0,-9.0,100.0,109.0,37.730277836994254,23.476476760963667,-1.0,-2.0,105,0.0022954833632110533,0.5917756110358096,0.012723536356084125,0.13326920554413887,0.002317345109527349
walsrvs1__tu,float64,0.0,-9.0,100.0,109.0,42.00865559974077,26.87659044204451,-1.0,-2.0,97,0.0021205893926806874,0.6416641161295964,0.06261204144987102,0.17305758383979714,0.0021205893926806874
rvdexq4__tu,float64,0.0,-9.0,100.0,109.0,22.334930343310713,11.08805911416204,-1.0,-2.0,105,0.0022954833632110533,0.5876656027283459,0.0164400332298544,0.017445673560404006,0.023479515543701632
rvdexq3__tu,float64,0.0,-9.0,100.0,109.0,22.415781151423406,11.151130252284553,-1.0,-2.0,105,0.0022954833632110533,0.5927812513663592,0.01685540640986402,0.015346945914039614,0.024069782694241617
rvdexq2__tu,float64,0.0,-9.0,100.0,109.0,24.179119121329208,12.43100432862577,-1.0,-2.0,105,0.0022954833632110533,0.5886931048052119,0.01838572865200472,0.021664990599449083,0.02302041887105942
rvdexq1__tu,float64,0.0,-9.0,100.0,109.0,22.19769825659646,10.586900441607275,-1.0,-2.0,105,0.0022954833632110533,0.5909448646757903,0.017708014516199553,0.019522539460452102,0.02656202177429933
rvdex02__tu,float64,0.0,-9.0,999.0,1008.0,171.81408490233972,53.191027939311795,-2.0,-2.0,871,0.019041581041493595,0.7177648550566219,0.178369988194657,0.018626207861483977,0.015390669406672206
rvdex01__tu,float64,0.0,-9.0,999.0,1008.0,191.45168660628312,73.68855756197804,-1.0,-2.0,912,0.01993791264046172,0.6301429758209086,0.171199335402912,0.022430151720519435,0.013969655896112982
revs905__tu,float64,0.0,-9.0,12.0,21.0,5.211068365194579,2.2445892177867166,1.0,-2.0,17,0.0003716496873770277,0.4892002973197499,0.03025665690175331,0.05697171090026671,0.0021205893926806874
revs904__tu,float64,0.0,0.0,29685.0,29685.0,888.4093817270976,401.0574237594216,19.0,0.0,5379,0.11759433343535482,0.0,0.49132088671243057,2.1861746316295747e-05,0.49132088671243057
revs903__tu,float64,0.0,0.0,92657.0,92657.0,3101.5119641085153,1291.735457202282,29.099999999999998,0.0,10141,0.22169996939355516,0.0,0.49132088671243057,2.1861746316295747e-05,0.49132088671243057
revs902__tu,float64,0.0,0.0,52404.25,52404.25,1715.0431828955739,669.1897978116828,0.0,0.0,7363,0.16096803812688557,0.0,0.5394167286082813,2.1861746316295747e-05,0.5394167286082813
revs901__tu,float64,0.0,0.0,35103.0,35103.0,953.1253478912439,345.8521714451524,0.0,0.0,5209,0.11387783656158454,0.0,0.5755541952691181,2.1861746316295747e-05,0.5755541952691181
revs124__tu,float64,0.0,0.0,20436.0,20436.0,331.7238487185701,71.92842720504065,0.0,0.0,2289,0.05004153731800096,0.0,0.7659044204451052,2.1861746316295747e-05,0.7659044204451052
revs123__tu,float64,0.0,0.0,17018.649999999998,17018.649999999998,339.09752585262845,73.37708127593444,0.0,0.0,2308,0.05045691049801058,0.0,0.759979887193389,2.1861746316295747e-05,0.759979887193389
rev317__tu,float64,0.0,0.0,120351.78,120351.78,2690.2628647812326,666.3872133612092,0.0,0.0,6186,0.13523676271260548,0.0,0.5462813169515981,2.1861746316295747e-05,0.5462813169515981
rev318__tu,float64,0.0,0.0,120351.78,120351.78,3023.163925077416,860.2515504146374,23.0,0.0,7141,0.15611473044466792,0.0,0.48436885138384855,2.1861746316295747e-05,0.48436885138384855
rev319__tu,float64,0.0,0.0,129586.0,129586.0,3588.736537756889,1138.150206497702,167.0,0.0,8280,0.18101525949892877,0.0,0.41594158541384285,2.1861746316295747e-05,0.41594158541384285
std252__tu,float64,0.0,-6.0,197148.0,197154.0,1851.4928185210917,37.90186262078615,-1.0,-1.0,186,0.004066284814831009,0.9601241747190765,0.005159372130645796,2.1861746316295747e-05,0.034235494731319135
rev201__tu,float64,0.0,-6.0,50.0,56.0,4.6033461215115725,-0.16116960342792155,-2.0,-2.0,1716,0.0375147566787635,0.7328057365222334,0.005159372130645796,0.0021643128853132787,0.0021205893926806874
per255__tu,float64,0.0,-6.0,18905.0,18911.0,270.68982608924216,31.70921691224695,-1.0,-1.0,1026,0.022430151720519435,0.7270560972410476,0.005159372130645796,2.1861746316295747e-05,0.15023392068558436
per254__tu,float64,0.0,-6.0,23618.0,23624.0,287.92131549353934,25.797429058633202,-1.0,-1.0,879,0.019216475012023962,0.7632154256482008,0.005159372130645796,2.1861746316295747e-05,0.14400332298544008
per253__tu,float64,0.0,-6.0,10467.0,10473.0,205.99619984454225,17.078986489440776,-1.0,-1.0,721,0.015762319094049234,0.7904988850509379,0.005159372130645796,2.1861746316295747e-05,0.14015565563377202
per252__tu,float64,0.0,-6.0,9818.0,9824.0,159.49783565182045,11.272047571159984,-1.0,-1.0,582,0.012723536356084125,0.8078352498797604,0.005159372130645796,2.1861746316295747e-05,0.1423855537580342
per235__tu,float64,0.0,0.0,116485.36,116485.36,2219.111275747383,274.19771512178227,0.0,0.0,3203,0.07002317345109528,0.0,0.8756066634602772,2.1861746316295747e-05,0.8756066634602772
per234__tu,float64,0.0,0.0,60290.35,60290.35,1262.5643760063676,136.71287950007283,0.0,0.0,2301,0.05030387827379651,0.0,0.9060600760788772,2.1861746316295747e-05,0.9060600760788772
per233__tu,float64,0.0,0.0,34805.54,34805.54,645.6795049938291,59.65234934184913,0.0,0.0,1571,0.034344803462900614,0.0,0.9295833151152114,2.1861746316295747e-05,0.9295833151152114
per232__tu,float64,0.0,0.0,14195.949999999999,14195.949999999999,309.79124867091105,25.114054871033947,0.0,0.0,1037,0.02267063092999869,0.0,0.9496742599798872,2.1861746316295747e-05,0.9496742599798872
per231__tu,float64,0.0,0.0,13503.0,13503.0,145.91280228937748,6.411371267279065,0.0,0.0,520,0.011368108084473787,0.0,0.9772856455773687,2.1861746316295747e-05,0.9772856455773687
std255__tu,float64,0.0,-6.0,321447.0,321453.0,4970.365934665064,273.7233614621136,-1.0,-1.0,738,0.01613396878142626,0.926894320318307,0.005159372130645796,2.1861746316295747e-05,0.043898386603121856
std254__tu,float64,0.0,-6.0,327417.0,327423.0,4246.8112593922515,177.78477110751606,-1.0,-1.0,478,0.010449914739189367,0.9460233483450659,0.005159372130645796,2.1861746316295747e-05,0.03810502382930348
std253__tu,float64,0.0,-6.0,197148.0,197154.0,2703.6585861431467,82.13132351012199,-1.0,-1.0,287,0.006274321192776879,0.9551834200515937,0.005159372130645796,2.1861746316295747e-05,0.035940710943990206
std235__tu,float64,0.0,0.0,366023.0,366023.0,6788.773835524759,386.1896181970777,0.0,0.0,1008,0.02203664028682611,0.0,0.9707489834287963,2.1861746316295747e-05,0.9707489834287963
ret254__tu,float64,0.0,-6.0,5250.0,5256.0,72.88909894801567,7.874863364085523,-1.0,-1.0,495,0.010821564426566394,0.8103712124524507,0.005159372130645796,2.1861746316295747e-05,0.09186305802107472
std234__tu,float64,0.0,0.0,328308.0,328308.0,5047.973851628581,222.78820489880246,0.0,0.0,624,0.013641729701368545,0.0,0.984106510428053,2.1861746316295747e-05,0.984106510428053
std233__tu,float64,0.0,0.0,327121.83,327121.83,3070.7428708104967,95.3252222837048,0.0,0.0,360,0.007870228673866468,0.0,0.991058545756635,2.1861746316295747e-05,0.991058545756635
std232__tu,float64,0.0,0.0,327121.83,327121.83,2275.982606710261,44.71351541239079,0.0,0.0,225,0.004918892921166543,0.0,0.9943159459577631,2.1861746316295747e-05,0.9943159459577631
std231__tu,float64,0.0,0.0,107398.0,107398.0,617.9057364445522,7.694952778627954,0.0,0.0,101,0.0022080363779458704,0.0,0.9974203139346771,2.1861746316295747e-05,0.9974203139346771
aut255__tu,float64,0.0,-6.0,54965.0,54971.0,1635.0304879804414,316.9216693629487,-1.0,-2.0,3282,0.07175025141008264,0.5342792182239517,0.005159372130645796,2.1861746316295747e-05,0.237506011980237
aut254__tu,float64,0.0,-6.0,54965.0,54971.0,1726.8850833794966,263.6310830309125,-1.0,-2.0,2635,0.05760570154343929,0.5927593896200428,0.005159372130645796,2.1861746316295747e-05,0.23763718245813475
aut253__tu,float64,0.0,-6.0,150863.0,150869.0,1676.137506115952,187.28400594639498,-1.0,-2.0,1821,0.03981024004197455,0.6282628656377072,0.005159372130645796,2.1861746316295747e-05,0.2389488872371125
aut252__tu,float64,0.0,-6.0,78077.0,78083.0,1421.6200102671894,152.07048227012373,-1.0,-2.0,1369,0.029928730707008876,0.655524463294128,0.005159372130645796,2.1861746316295747e-05,0.24332123650037166
aut235__tu,float64,0.0,0.0,587201.14,587201.14,10394.143108585151,2486.224473264299,0.0,0.0,7946,0.173713436229286,0.0,0.7682873507935813,2.1861746316295747e-05,0.7682873507935813
aut234__tu,float64,0.0,0.0,253053.6,253053.6,5879.672435704582,1167.1800498222947,0.0,0.0,5064,0.11070788334572165,0.0,0.8261991167854488,2.1861746316295747e-05,0.8261991167854488
aut233__tu,float64,0.0,0.0,146337.11,146337.11,3607.94197274769,541.9535532183924,0.0,0.0,3198,0.06991386471951379,0.0,0.8636482882252634,2.1861746316295747e-05,0.8636482882252634
aut232__tu,float64,0.0,0.0,93283.93,93283.93,2418.3204286712144,281.66130981052066,0.0,0.0,2136,0.04669669013160771,0.0,0.8970311748502471,2.1861746316295747e-05,0.8970311748502471
aut231__tu,float64,0.0,0.0,67074.0,67074.0,1436.9170560694388,110.10634962866007,0.0,0.0,1122,0.024528879366883825,0.0,0.9451270167460977,2.1861746316295747e-05,0.9451270167460977
rev202__tu,float64,0.0,-6.0,50.0,56.0,4.961705330613916,0.40579533033098764,-1.0,-2.0,1952,0.042674128809409295,0.6439158760001749,0.005159372130645796,0.0022954833632110533,0.0021205893926806874
rev203__tu,float64,0.0,-6.0,50.0,56.0,4.957378282469696,0.6911894976170687,-1.0,-2.0,2012,0.04398583358838704,0.5943334353548162,0.005159372130645796,0.0020987276463643916,0.0021205893926806874
rev204__tu,float64,0.0,-6.0,50.0,56.0,5.078927231848485,1.0370407940186261,-1.0,-2.0,2092,0.0457347732936907,0.5431332254820515,0.005159372130645796,0.001989418914782913,0.0021205893926806874
rev205__tu,float64,0.0,-6.0,50.0,56.0,5.146403536902396,1.4699551834200446,0.95,-2.0,2164,0.047308819028464,0.4824668794543308,0.005159372130645796,0.0018582484368851384,0.0021205893926806874
std205__tu,float64,0.0,-6.0,50.0,56.0,1.9334210677280594,-1.2753884832320415,-1.0,-1.0,324,0.007083205806479822,0.9772200603384198,0.005159372130645796,0.0010493638231821958,0.0027108565432206726
std204__tu,float64,0.0,-6.0,50.0,56.0,1.4496526446341726,-1.3318584670543492,-1.0,-1.0,242,0.00529054260854357,0.9848060863101744,0.005159372130645796,0.0005246819115910979,0.0022736216168947575
std203__tu,float64,0.0,-6.0,50.0,56.0,1.1069405135532517,-1.3595334703336106,-1.0,-1.0,195,0.004263040531677671,0.9874513576144462,0.005159372130645796,0.0002404792094792532,0.0022080363779458704
std202__tu,float64,0.0,-6.0,50.0,56.0,0.980675168995232,-1.3717917887280842,-1.0,-1.0,148,0.0032355384548117703,0.9894189147829129,0.005159372130645796,0.0001530322242140702,0.0022080363779458704
std201__tu,float64,0.0,-6.0,50.0,56.0,0.7230241559387451,-1.3906978269424168,-1.0,-1.0,97,0.0021205893926806874,0.9924795592671942,0.005159372130645796,4.3723492632591494e-05,0.0021424511389969833
aut225__tu,float64,0.0,-6.0,50.0,56.0,3.5464757525451094,0.13226159765642134,-1.0,-2.0,1527,0.03338288662498361,0.5744173844606707,0.005159372130645796,0.0005684054042236894,0.0023829303484762363
aut224__tu,float64,0.0,-6.0,50.0,56.0,3.5743155704447633,-0.20763674522320316,-1.0,-2.0,1448,0.03165580866599624,0.6445498666433475,0.005159372130645796,0.0006121288968562808,0.002317345109527349
aut223__tu,float64,0.0,-6.0,50.0,56.0,3.1874207510835255,-0.4769655896112946,-1.0,-2.0,1264,0.027633247343797823,0.6818241441126317,0.005159372130645796,0.00041537318000961916,0.0022736216168947575
aut222__tu,float64,0.0,-6.0,50.0,56.0,3.0584809020346633,-0.6446329412793508,-1.0,-2.0,1037,0.02267063092999869,0.715403786454462,0.005159372130645796,0.00017489397053036597,0.002317345109527349
aut205__tu,float64,0.0,-6.0,50.0,56.0,3.6318358948373524,0.15029185431332356,-1.0,-2.0,1579,0.03451969743343098,0.5744173844606707,0.005159372130645796,0.0006121288968562808,0.0023829303484762363
aut204__tu,float64,0.0,-6.0,50.0,56.0,3.618276590110667,-0.1985370119365088,-1.0,-2.0,1490,0.03257400201128066,0.6445498666433475,0.005159372130645796,0.0006121288968562808,0.002317345109527349
aut203__tu,float64,0.0,-6.0,50.0,56.0,3.2038431209867357,-0.47336342967075695,-1.0,-2.0,1321,0.02887936688382668,0.6818241441126317,0.005159372130645796,0.00041537318000961916,0.0022736216168947575
aut202__tu,float64,0.0,-6.0,50.0,56.0,3.077091858252743,-0.6425517030300394,-1.0,-2.0,1058,0.023129727602640898,0.715403786454462,0.005159372130645796,0.0001967557168466617,0.0022954833632110533
aut201__tu,float64,0.0,-6.0,50.0,56.0,2.8183070060293196,-1.0682587119059088,-2.0,-2.0,633,0.013838485418215207,0.8220235232390364,0.005159372130645796,0.0002842027021118447,0.0022736216168947575
ret225__tu,float64,0.0,-6.0,50.0,56.0,2.3379385697675326,-0.5932670193695075,-1.0,-1.0,1139,0.024900529054260854,0.7947837873289318,0.005159372130645796,4.3723492632591494e-05,0.0021205893926806874
ret224__tu,float64,0.0,-6.0,50.0,56.0,2.0780111279755893,-0.8671358926151035,-1.0,-1.0,1000,0.021861746316295744,0.8441694722574439,0.005159372130645796,4.3723492632591494e-05,0.0021205893926806874
ret223__tu,float64,0.0,-6.0,50.0,56.0,1.8192981284499181,-1.0451545625464551,-1.0,-2.0,873,0.019085304534126185,0.8776398058676927,0.005159372130645796,4.3723492632591494e-05,0.0021205893926806874
ret222__tu,float64,0.0,-6.0,50.0,56.0,1.7148980641692473,-1.1539668138690902,-1.0,-2.0,773,0.01689912990249661,0.9004197455292728,0.005159372130645796,0.00010930873158147872,0.0021205893926806874
ret205__tu,float64,0.0,-6.0,50.0,56.0,2.4549671613445856,-0.5976579511171343,-1.0,-1.0,1126,0.02461632635214901,0.7947837873289318,0.005159372130645796,0.0001530322242140702,0.0021205893926806874
ret204__tu,float64,0.0,-6.0,50.0,56.0,2.134641187095055,-0.87132985002842,-1.0,-1.0,970,0.021205893926806874,0.8441694722574439,0.005159372130645796,0.00010930873158147872,0.0021205893926806874
ret203__tu,float64,0.0,-6.0,50.0,56.0,1.8674144611645838,-1.0459474880853465,-1.0,-2.0,859,0.018779240085698045,0.8776398058676927,0.005159372130645796,0.00010930873158147872,0.0021205893926806874
ret202__tu,float64,0.0,-6.0,50.0,56.0,1.7460416411333564,-1.1531187967294798,-1.0,-2.0,762,0.01665865069301736,0.9004197455292728,0.005159372130645796,0.00013117047789777447,0.0021205893926806874
ret201__tu,float64,0.0,-6.0,50.0,56.0,1.484295722238352,-1.2991071662804445,-2.0,-2.0,588,0.012854706833981898,0.9324034803900135,0.005159372130645796,0.00010930873158147872,0.0021205893926806874
rev225__tu,float64,0.0,-6.0,50.0,56.0,4.7332479629712845,1.477280617375708,1.0,-2.0,2156,0.04713392505793363,0.4824668794543308,0.005159372130645796,0.00041537318000961916,0.0021205893926806874
rev224__tu,float64,0.0,-6.0,50.0,56.0,4.655900239453765,1.0088395785055235,-1.0,-2.0,2088,0.045647326308425516,0.5431332254820515,0.005159372130645796,0.0005465436579073936,0.0021205893926806874
rev223__tu,float64,0.0,-6.0,50.0,56.0,4.630460896745888,0.6580693891828067,-1.0,-2.0,2038,0.04455423899261073,0.5943334353548162,0.005159372130645796,0.0005902671505399851,0.0021205893926806874
rev222__tu,float64,0.0,-6.0,50.0,56.0,4.729989647427998,0.37310589829915647,-1.0,-2.0,1967,0.04300205500415373,0.6439158760001749,0.005159372130645796,0.0010056403305496043,0.0021205893926806874
ret255__tu,float64,0.0,-6.0,5578.0,5584.0,86.38526561522188,11.450198941891479,-1.0,-1.0,553,0.012089545712911548,0.764855056621923,0.005159372130645796,2.1861746316295747e-05,0.10338419832976257
ret253__tu,float64,0.0,-6.0,5468.0,5474.0,68.8929042031376,5.970180578024572,-1.0,-1.0,446,0.009750338857067902,0.8399282934720825,0.005159372130645796,2.1861746316295747e-05,0.08228761313453718
rev320__tu,float64,0.0,-6.0,23.0,29.0,6.111341862651721,2.2358445192601986,0.0,0.0,27,0.0005902671505399851,0.39591622578811597,0.005159372130645796,0.014516199554020375,0.270254907962048
bkc321__tu,float64,0.0,0.0,100771.36,100771.36,1826.3504572163013,246.73435360137026,0.0,0.0,3000,0.06558523894888724,0.0,0.7527436491626951,2.1861746316295747e-05,0.7527436491626951
ret320__tu,float64,0.0,-6.0,23.0,29.0,4.346836204727158,0.1289405797735123,-1.0,-1.0,27,0.0005902671505399851,0.7183332604608456,0.005159372130645796,0.007498578986489441,0.15788553189628787
ret319__tu,float64,0.0,0.0,62477.7,62477.7,1436.678789514868,383.98177978346126,0.0,0.0,4479,0.09791876175068864,0.0,0.7306851471295527,2.1861746316295747e-05,0.7306851471295527
ret318__tu,float64,0.0,0.0,61403.909999999996,61403.909999999996,1186.2632662626938,275.805083161585,0.0,0.0,3756,0.08211271916400682,0.0,0.7875475492982379,2.1861746316295747e-05,0.7875475492982379
ret317__tu,float64,0.0,0.0,57583.08,57583.08,977.4935135128129,202.80084246493192,0.0,0.0,3206,0.07008875869004416,0.0,0.8291285907918324,2.1861746316295747e-05,0.8291285907918324
ret316__tu,float64,0.0,0.0,57583.08,57583.08,837.1481822405295,156.72845784567772,0.0,0.0,2849,0.06228411525512658,0.0,0.8551003454155918,2.1861746316295747e-05,0.8551003454155918
ret315__tu,float64,0.0,-6.0,23.0,29.0,6.640633840004894,1.7396047396266014,-1.0,-1.0,28,0.0006121288968562808,0.728564557736872,0.005159372130645796,0.016527480215119583,0.040269336714616764
bkc328__tu,float64,0.0,-6.0,94511.0,94517.0,1996.7990206846587,385.24749683004677,2.0,-1.0,3107,0.06792444580473088,0.47291329631410955,0.005159372130645796,2.1861746316295747e-05,0.022167810764723885
bkc327__tu,float64,0.0,-6.0,102214.0,102220.0,1958.526749531721,344.40544794718204,-1.0,-2.0,2873,0.06280879716671768,0.521730575838398,0.005159372130645796,2.1861746316295747e-05,0.037033798259805
bkc326__tu,float64,0.0,-6.0,104402.0,104408.0,1975.6898004668808,322.38981679856585,-1.0,-2.0,2756,0.060250972847711075,0.5633116173319925,0.005159372130645796,2.1861746316295747e-05,0.052490052905426084
bkc325__tu,float64,0.0,-6.0,104357.0,104363.0,1997.5245506517715,312.4430938743387,-1.0,-2.0,2714,0.05933277950242665,0.5896768833894451,0.005159372130645796,2.1861746316295747e-05,0.06901753312054566
bkc324__tu,float64,0.0,0.0,73909.0,73909.0,1393.0660120679602,158.32566928061874,0.0,0.0,2155,0.04711206331161733,0.0,0.8067858860565782,2.1861746316295747e-05,0.8067858860565782
bkc323__tu,float64,0.0,0.0,95523.66,95523.66,1509.6535744792154,182.26635846897227,0.0,0.0,2391,0.05227143544226313,0.0,0.7950242665384111,2.1861746316295747e-05,0.7950242665384111
bkc322__tu,float64,0.0,0.0,100771.36,100771.36,1680.7133048217077,213.7724918874542,0.0,0.0,2706,0.05915788553189629,0.0,0.776682261379039,2.1861746316295747e-05,0.776682261379039
bkc320__tu,float64,0.0,-6.0,23.0,29.0,5.378413099848641,1.4702024397708888,0.0,-1.0,27,0.0005902671505399851,0.47291329631410955,0.005159372130645796,0.009138209960211622,0.2467316689257138
ret252__tu,float64,0.0,-6.0,5468.0,5474.0,69.19146361061485,5.181780420619999,-1.0,-1.0,428,0.009356827423374578,0.8604564732630843,0.005159372130645796,2.1861746316295747e-05,0.07531371605963884
bkc319__tu,float64,0.0,0.0,129586.0,129586.0,3036.3833401965094,789.8232423641692,8.0,0.0,6539,0.1429539591622579,0.0,0.49361637007564163,2.1861746316295747e-05,0.49361637007564163
bkc318__tu,float64,0.0,0.0,101862.61,101862.61,2568.546893530021,588.8590984558791,0.0,0.0,5552,0.12137641554807398,0.0,0.5569061256613178,2.1861746316295747e-05,0.5569061256613178
bkc317__tu,float64,0.0,0.0,101862.61,101862.61,2320.185189330477,454.0162808530694,0.0,0.0,4757,0.10399632722661886,0.0,0.614358794980543,2.1861746316295747e-05,0.614358794980543
bkc316__tu,float64,0.0,0.0,101862.61,101862.61,2181.8591581855635,377.2254859109362,0.0,0.0,4180,0.09138209960211621,0.0,0.6575138822089108,2.1861746316295747e-05,0.6575138822089108
bkc315__tu,float64,0.0,-6.0,23.0,29.0,7.9192437916914455,4.233811376852783,0.0,-1.0,28,0.0006121288968562808,0.49149578068296096,0.005159372130645796,0.0277425560753793,0.06464518385728651
rev328__tu,float64,0.0,-6.0,112228.0,112234.0,2336.810754029351,582.4225656945476,45.0,-2.0,4032,0.08814656114730444,0.39591622578811597,0.005159372130645796,2.1861746316295747e-05,0.021096585195225396
rev327__tu,float64,0.0,-6.0,118948.0,118954.0,2277.2202471025707,523.7789777447423,6.0,-2.0,3804,0.08316208298718902,0.45238511652310787,0.005159372130645796,2.1861746316295747e-05,0.03331730138603472
rev326__tu,float64,0.0,-6.0,118322.0,118328.0,2263.919828491423,484.22867386646845,0.0,-2.0,3706,0.08101963184819204,0.49932228586419486,0.005159372130645796,2.1861746316295747e-05,0.04805211840321805
rev325__tu,float64,0.0,-6.0,112873.0,112879.0,2270.424496127925,459.5160902452888,-1.0,-2.0,3578,0.07822132831970618,0.5327488959818111,0.005159372130645796,2.1861746316295747e-05,0.062109221284596214
rev324__tu,float64,0.0,0.0,85506.47,85506.47,1568.8492411464126,228.24238809539034,0.0,0.0,2913,0.06368326701936951,0.0,0.7234489090988588,2.1861746316295747e-05,0.7234489090988588
rev323__tu,float64,0.0,0.0,109378.17,109378.17,1717.1375880937512,272.18298757862647,0.0,0.0,3374,0.07376153207118184,0.0,0.7135455380175768,2.1861746316295747e-05,0.7135455380175768
rev322__tu,float64,0.0,0.0,109378.17,109378.17,1886.79448345491,320.5485765694351,0.0,0.0,3801,0.08309649774824013,0.0,0.6994884351361986,2.1861746316295747e-05,0.6994884351361986
rev321__tu,float64,0.0,0.0,109378.17,109378.17,2066.537582291241,365.4204653073158,0.0,0.0,4175,0.09127279087053473,0.0,0.6829390931747628,2.1861746316295747e-05,0.6829390931747628
ret321__tu,float64,0.0,0.0,57402.659999999996,57402.659999999996,721.9484284077071,120.36497312626882,0.0,0.0,2414,0.05277425560753793,0.0,0.8721525075423024,2.1861746316295747e-05,0.8721525075423024
ret322__tu,float64,0.0,0.0,21551.46,21551.46,639.6814452921905,117.29280394349927,0.0,0.0,2353,0.05144068908224389,0.0,0.8612216343841546,2.1861746316295747e-05,0.8612216343841546
ret323__tu,float64,0.0,0.0,23000.0,23000.0,617.6822310355648,115.32696382464067,0.0,0.0,2336,0.051069039394866865,0.0,0.8431201084342618,2.1861746316295747e-05,0.8431201084342618
ret324__tu,float64,0.0,0.0,23000.0,23000.0,591.774932076107,114.56239779670705,0.0,0.0,2277,0.049779196362205416,0.0,0.8188535700231735,2.1861746316295747e-05,0.8188535700231735
ret235__tu,float64,0.0,0.0,31172.89,31172.89,569.0747958252864,95.3714653408256,0.0,0.0,2588,0.05657819946657339,0.0,0.8672773381137685,2.1861746316295747e-05,0.8672773381137685
ret234__tu,float64,0.0,0.0,21408.87,21408.87,324.1057685681741,45.991229521192565,0.0,0.0,1796,0.03926369638406716,0.0,0.901534694591404,2.1861746316295747e-05,0.901534694591404
ret233__tu,float64,0.0,0.0,13967.029999999999,13967.029999999999,201.0644501265515,24.164304383799145,0.0,0.0,1288,0.02815792925538892,0.0,0.921647501202396,2.1861746316295747e-05,0.921647501202396
ret232__tu,float64,0.0,0.0,8258.0,8258.0,128.50423167287693,13.0665845887247,0.0,0.0,938,0.02050631804468541,0.0,0.9355297101132438,2.1861746316295747e-05,0.9355297101132438
ret231__tu,float64,0.0,0.0,3769.0,3769.0,58.442981250298175,4.847861345819629,0.0,0.0,579,0.012657951117135236,0.0,0.9582222027895588,2.1861746316295747e-05,0.9582222027895588
rev255__tu,float64,0.0,-6.0,27369.0,27375.0,311.4150376689225,74.96038651567487,0.0,-2.0,1322,0.028901228630142977,0.446482445017708,0.005159372130645796,2.1861746316295747e-05,0.19354204013816623
rev254__tu,float64,0.0,-6.0,37543.0,37549.0,348.69347984100926,69.56593502688995,-1.0,-2.0,1299,0.028398408464868175,0.5000655852389488,0.005159372130645796,2.1861746316295747e-05,0.18510340606007608
rev253__tu,float64,0.0,-6.0,13415.0,13421.0,270.16847407152756,63.80309125092912,-1.0,-2.0,1321,0.02887936688382668,0.5456473263084255,0.005159372130645796,2.1861746316295747e-05,0.17148353810502384
rev252__tu,float64,0.0,-6.0,15634.0,15640.0,297.22020319583885,62.68022823663154,-1.0,-2.0,1346,0.029425910541734074,0.5845830964977482,0.005159372130645796,2.1861746316295747e-05,0.16330724498272922
rev235__tu,float64,0.0,0.0,149242.26,149242.26,3599.8440972253366,913.2877809677925,0.0,0.0,7687,0.1680512439333654,0.0,0.6392811857811201,2.1861746316295747e-05,0.6392811857811201
rev234__tu,float64,0.0,0.0,76669.77,76669.77,2029.9859208948826,502.23522157492647,0.0,0.0,5910,0.12920292072930786,0.0,0.6844038301779546,2.1861746316295747e-05,0.6844038301779546
rev233__tu,float64,0.0,0.0,44091.0,44091.0,1103.4663158205183,270.610219372374,0.0,0.0,4478,0.09789690000437234,0.0,0.7165843207555419,2.1861746316295747e-05,0.7165843207555419
rev232__tu,float64,0.0,0.0,30823.0,30823.0,664.4959584786706,149.18070109829827,0.0,0.0,3325,0.07269030650168336,0.0,0.7474093830615189,2.1861746316295747e-05,0.7474093830615189
rev231__tu,float64,0.0,0.0,19590.0,19590.0,317.064234663172,55.53138534132353,0.0,0.0,1992,0.04354859866206112,0.0,0.8162082987189017,2.1861746316295747e-05,0.8162082987189017
all255__tu,float64,0.0,-6.0,321447.0,321453.0,3152.564310407805,418.20206812120153,0.0,0.0,3319,0.07255913602378558,0.1876175068864501,0.005159372130645796,2.1861746316295747e-05,0.3855974815268244
all254__tu,float64,0.0,-6.0,327417.0,327423.0,3638.4181191774824,372.4840190634428,0.0,0.0,2991,0.06538848323204058,0.24797778846574264,0.005159372130645796,2.1861746316295747e-05,0.39392680687333304
all253__tu,float64,0.0,-6.0,201391.0,201397.0,2631.055960631873,268.43275326833106,0.0,0.0,2472,0.054042236893883086,0.2969481002142451,0.005159372130645796,2.1861746316295747e-05,0.39797122994184775
all252__tu,float64,0.0,-6.0,134236.0,134242.0,2134.4637545861483,220.00004372349264,0.0,0.0,2150,0.04700275458003585,0.3349875388045997,0.005159372130645796,2.1861746316295747e-05,0.4048576800314809
all235__tu,float64,0.0,0.0,796020.0,796020.0,25248.78403131602,5183.71475641161,0.0,0.0,12232,0.2674128809409296,0.0,0.5716190809321848,2.1861746316295747e-05,0.5716190809321848
all234__tu,float64,0.0,0.0,647550.66,647550.66,14229.890153809076,2369.6776788979455,0.0,0.0,8781,0.19196799440339293,0.0,0.6401775173800883,2.1861746316295747e-05,0.6401775173800883
all233__tu,float64,0.0,0.0,431546.20999999996,431546.20999999996,8597.645831422224,1072.2551727197322,0.0,0.0,6040,0.1320449477504263,0.0,0.693235975689738,2.1861746316295747e-05,0.693235975689738
all232__tu,float64,0.0,0.0,390627.73,390627.73,5308.750445350418,529.6506744285235,0.0,0.0,4233,0.09254077215687989,0.0,0.7386865462813169,2.1861746316295747e-05,0.7386865462813169
all231__tu,float64,0.0,0.0,344975.0,344975.0,2678.3488239423546,195.23428113146016,0.0,0.0,2427,0.053058458309649774,0.0,0.8083380700450352,2.1861746316295747e-05,0.8083380700450352
ret328__tu,float64,0.0,-6.0,45543.0,45549.0,961.6081534438649,238.70167460976782,-1.0,-1.0,2753,0.060185387608762186,0.7183332604608456,0.005159372130645796,2.1861746316295747e-05,0.01243933365397228
ret327__tu,float64,0.0,-6.0,39657.0,39663.0,863.1117435430085,192.22880503694634,-1.0,-1.0,2478,0.054173407371780856,0.7731843819684316,0.005159372130645796,2.1861746316295747e-05,0.014581784792969262
ret326__tu,float64,0.0,-6.0,34556.0,34562.0,795.6628663440416,159.86526605745266,-1.0,-1.0,2269,0.04960430239167505,0.8113987145293166,0.005159372130645796,2.1861746316295747e-05,0.017904770233046215
ret325__tu,float64,0.0,-6.0,59273.0,59279.0,789.0641340649927,139.23350531240436,-1.0,-1.0,2068,0.0452100913820996,0.8360587643740982,0.005159372130645796,2.1861746316295747e-05,0.01910716628044248
agg801__tu,float64,0.0,0.0,14016.0,14016.0,289.8687590048688,68.11410106271724,0.0,0.0,2160,0.04722137204319881,0.0,0.7773381137685278,2.1861746316295747e-05,0.7773381137685278
agg802__tu,float64,0.0,0.0,12100.0,12100.0,286.84547110766664,64.63504185411473,0.0,0.0,2081,0.04549429408421145,0.0,0.7851646189497618,2.1861746316295747e-05,0.7851646189497618
agg803__tu,float64,0.0,0.0,13214.0,13214.0,269.15862702198854,61.0420873102597,0.0,0.0,1995,0.04361418390101001,0.0,0.7897118621835513,2.1861746316295747e-05,0.7897118621835513
linka001__tu,float64,0.0,0.0,99.0,99.0,0.6198932173560495,0.08725022954833632,0.0,0.0,14,0.0003060644484281404,0.0,0.9336277381837261,2.1861746316295747e-05,0.9336277381837261
linka006__tu,float64,0.0,0.0,162.0,162.0,10.683349120968396,8.614774168160553,5.0,0.0,102,0.0022298981242621662,0.0,0.1357395828778803,2.1861746316295747e-05,0.1357395828778803
linka020__tu,float64,0.0,0.0,99.0,99.0,10.08281753358528,7.749464387215251,4.0,0.0,89,0.0019456954221503213,0.0,0.18129946220104062,0.00021861746316295745,0.18129946220104062
linka021__tu,float64,0.0,0.0,87.0,87.0,5.0424585148966745,3.4700275458003587,2.0,0.0,59,0.001289843032661449,0.0,0.34145861571422326,2.1861746316295747e-05,0.34145861571422326
linka028__tu,float64,0.0,0.0,3.0,3.0,0.11973939268166157,0.011630449040269338,0.0,0.0,4,8.744698526518299e-05,0.0,0.9896375322460759,0.0001530322242140702,0.9896375322460759
linka027__tu,float64,0.0,0.0,99999.0,99999.0,49303.801229774894,57460.86880766036,99999.0,99999.0,1096,0.02396047396266014,0.0,0.12598924402081238,0.573258711905907,0.12598924402081238
linka026__tu,float64,0.0,0.0,30.0,30.0,1.8896009358874513,0.8436229285995366,0.0,0.0,26,0.0005684054042236894,0.0,0.6992479559267194,2.1861746316295747e-05,0.6992479559267194
linka022__tu,float64,0.0,0.0,96.0,96.0,3.754567765117489,2.4898342879629225,1.0,0.0,51,0.0011149490621310831,0.0,0.42278431201084343,2.1861746316295747e-05,0.42278431201084343
linka053__tu,float64,0.0,0.0,99999.0,99999.0,49591.51751918985,46152.66955970443,1033.0,99999.0,1097,0.023982335708976434,0.0,0.12664509641030125,0.45892177867168027,0.12664509641030125
linka030__tu,float64,0.0,0.0,99999.0,99999.0,49661.297122403856,46076.6863495256,942.0,99999.0,1097,0.023982335708976434,0.0,0.12769446023348346,0.45892177867168027,0.12769446023348346
linka029__tu,float64,0.0,0.0,99.0,99.0,1.9990770566725458,0.8653097809453019,0.0,0.0,43,0.0009400550916007171,0.0,0.5849110226924926,6.558523894888724e-05,0.5849110226924926
linka052__tu,float64,0.0,0.0,99.0,99.0,1.5424070031171437,0.5818941017008439,0.0,0.0,34,0.0007432993747540554,0.0,0.6828516461894976,4.3723492632591494e-05,0.6828516461894976
linka051__tu,float64,0.0,0.0,99.0,99.0,1.0931767416328253,0.31277600454724325,0.0,0.0,22,0.0004809584189585064,0.0,0.8029163569585939,4.3723492632591494e-05,0.8029163569585939
linka050__tu,float64,0.0,0.0,99.0,99.0,0.7808963524005971,0.16171133750163963,0.0,0.0,18,0.0003935114336933234,0.0,0.8857505137510384,2.1861746316295747e-05,0.8857505137510384
linka049__tu,float64,0.0,0.0,44.0,44.0,0.3919931758609756,0.06140964540247475,0.0,0.0,12,0.00026234095579554895,0.0,0.9516199554020375,2.1861746316295747e-05,0.9516199554020375
linka025__tu,float64,0.0,0.0,17.0,17.0,0.8021308588408783,0.3110489265882559,0.0,0.0,13,0.0002842027021118447,0.0,0.8064360981155174,2.1861746316295747e-05,0.8064360981155174
linka048__tu,float64,0.0,0.0,18.0,18.0,0.23354307144701478,0.03312054566918805,0.0,0.0,10,0.00021861746316295745,0.0,0.9722355821783044,2.1861746316295747e-05,0.9722355821783044
linka024__tu,float64,0.0,0.0,99999.0,99999.0,45880.502450252425,69642.29006165013,99999.0,99999.0,1095,0.02393861221634384,0.0,0.12598924402081238,0.6955095973066329,0.12598924402081238
linka023__tu,float64,0.0,0.0,11.0,11.0,0.6257766912860749,0.247190765598356,0.0,0.0,11,0.0002404792094792532,0.0,0.8214988413274452,2.1861746316295747e-05,0.8214988413274452
linka002__tu,float64,0.0,0.0,7.0,7.0,0.3592724225115916,0.10338419832976257,0.0,0.0,7,0.0001530322242140702,0.0,0.9118315771063793,2.1861746316295747e-05,0.9118315771063793
linka004__tu,float64,0.0,0.0,5.0,5.0,0.08988564755863539,0.007301823269642779,0.0,0.0,4,8.744698526518299e-05,0.0,0.992982379432469,2.1861746316295747e-05,0.992982379432469
linkf213__tu,float64,0.0,0.0,9.99,9.99,0.69901847086948,0.20445761007389252,0.0,0.0,557,0.012176992698176731,0.0,0.8603908880241353,0.0008744698526518298,0.8603908880241353
linkf212__tu,float64,0.0,0.0,143064.0,143064.0,1064.5233904561435,112.598658520997,0.0,0.0,2702,0.059070438546631104,0.0,0.8792794368414149,2.1861746316295747e-05,0.8792794368414149
linkf211__tu,float64,0.0,0.0,20428.2,20428.2,344.43045760289965,38.98069504933803,0.0,0.0,1184,0.025884307638494163,0.0,0.9684972235582179,2.1861746316295747e-05,0.9684972235582179
linkf210__tu,float64,0.0,0.0,190.0,190.0,3.280597066534246,0.5836867648987801,0.0,0.0,73,0.0015959074810895895,0.0,0.8706877705391106,2.1861746316295747e-05,0.8706877705391106
linkf209__tu,float64,0.0,0.0,86.0,86.0,1.6800818210634307,0.20445105154999782,0.0,0.0,42,0.0009181933452844214,0.0,0.9669231778234445,2.1861746316295747e-05,0.9669231778234445
linkf208__tu,float64,0.0,0.0,6738.290382699191,6738.290382699191,73.2861291135779,4.1053697027922516,0.0,0.0,351,0.007673472957019807,0.0,0.9907306195618906,2.1861746316295747e-05,0.9907306195618906
linkf207__tu,float64,0.0,0.0,8536.0,8536.0,172.49021862198197,16.048536133908712,0.0,0.0,746,0.016308862751956626,0.0,0.9801713960911198,2.1861746316295747e-05,0.9801713960911198
linkf206__tu,float64,0.0,0.0,31.0,31.0,0.39808082421185836,0.023610686021599405,0.0,0.0,19,0.00041537318000961916,0.0,0.9902496611429321,2.1861746316295747e-05,0.9902496611429321
linka003__tu,float64,0.0,0.0,16.0,16.0,0.7198227862924679,0.27213501814524943,0.0,0.0,12,0.00026234095579554895,0.0,0.8219360762537712,2.1861746316295747e-05,0.8219360762537712
linka011__tu,float64,0.0,0.0,396.0,396.0,2.082585287663933,0.02085610598574614,0.0,0.0,11,0.0002404792094792532,0.0,0.9971579729788815,2.1861746316295747e-05,0.9971579729788815
agg804__tu,float64,0.0,0.0,14246.39,14246.39,268.0292290803247,58.598515065856084,0.0,0.0,1957,0.042783437540990774,0.0,0.7969262384679289,2.1861746316295747e-05,0.7969262384679289
linka015__tu,float64,0.0,0.0,3.0,3.0,0.1552015333028455,0.02203664028682611,0.0,0.0,4,8.744698526518299e-05,0.0,0.9791657557605702,6.558523894888724e-05,0.9791657557605702
linka054__tu,float64,0.0,0.0,0.0,0.0,0.0,0.0,0.0,0.0,1,2.1861746316295747e-05,0.0,1.0,1.0,1.0
linka038__tu,float64,0.0,0.0,4.0,4.0,0.062478513243166306,0.0031262297232302915,0.0,0.0,5,0.00010930873158147872,0.0,0.9971579729788815,2.1861746316295747e-05,0.9971579729788815
linka013__tu,float64,0.0,0.0,48771.96,48771.96,521.8501718217518,100.57723757801983,0.0,0.0,6250,0.13663591447684842,0.0,0.8606969524725635,2.1861746316295747e-05,0.8606969524725635
linka016__tu,float64,0.0,0.0,5.0,5.0,0.2346534058433277,0.046849722355821785,0.0,0.0,6,0.00013117047789777447,0.0,0.9575226269074374,2.1861746316295747e-05,0.9575226269074374
linka014__tu,float64,0.0,0.0,16.0,16.0,0.548630446280706,0.22546018975995802,0.0,0.0,10,0.00021861746316295745,0.0,0.821783044029557,2.1861746316295747e-05,0.821783044029557
linka012__tu,float64,0.0,0.0,5.0,5.0,0.2981880163391361,0.07638494162913734,0.0,0.0,6,0.00013117047789777447,0.0,0.9318787984784225,2.1861746316295747e-05,0.9318787984784225
linka041__tu,float64,0.0,0.0,9999.99999,9999.99999,4684.521283873123,6688.038819791057,9999.99999,9999.99999,1000,0.021861746316295744,0.0,0.284596213545538,0.6665646451838573,0.284596213545538
linka019__tu,float64,0.0,0.0,99999.0,99999.0,46835.82269008494,66874.91242184426,99999.0,99999.0,1800,0.03935114336933234,0.0,0.12598924402081238,0.6665646451838573,0.12598924402081238
linka018__tu,float64,0.0,0.0,99999.0,99999.0,46873.73935416575,66847.95887805519,99999.0,99999.0,1811,0.039591622578811596,0.0,0.12598924402081238,0.6665646451838573,0.12598924402081238
linka017__tu,float64,0.0,0.0,16.0,16.0,0.6127806171528523,0.27248480608631015,0.0,0.0,11,0.0002404792094792532,0.0,0.7925538892046696,2.1861746316295747e-05,0.7925538892046696
linka047__tu,float64,0.0,0.0,13.0,13.0,0.42931272927028574,0.1433911940885838,0.0,0.0,8,0.00017489397053036597,0.0,0.8805911416203926,2.1861746316295747e-05,0.8805911416203926
linka046__tu,float64,0.0,0.0,5.0,5.0,0.3262938092246492,0.08945826592628218,0.0,0.0,6,0.00013117047789777447,0.0,0.9216256394560798,2.1861746316295747e-05,0.9216256394560798
linka045__tu,float64,0.0,0.0,4.0,4.0,0.230259517624614,0.04671855187792401,0.0,0.0,5,0.00010930873158147872,0.0,0.957194700712693,4.3723492632591494e-05,0.957194700712693
linka044__tu,float64,0.0,0.0,3.0,3.0,0.10530326248518919,0.010231297276026409,0.0,0.0,4,8.744698526518299e-05,0.0,0.9902277993966158,2.1861746316295747e-05,0.9902277993966158
linka005__tu,float64,0.0,0.0,100.0,100.0,0.8923099751257136,0.011674172532901927,0.0,0.0,6,0.00013117047789777447,0.0,0.9971579729788815,4.3723492632591494e-05,0.9971579729788815
linka043__tu,float64,0.0,0.0,3.0,3.0,0.08128694194612773,0.006208735953827991,0.0,0.0,4,8.744698526518299e-05,0.0,0.9939880197630186,2.1861746316295747e-05,0.9939880197630186
linka042__tu,float64,0.0,0.0,3.0,3.0,0.05465502006159479,0.002820165274802151,0.0,0.0,4,8.744698526518299e-05,0.0,0.9972454199641467,2.1861746316295747e-05,0.9972454199641467
linka039__tu,float64,0.0,0.0,99999.0,99999.0,33496.438594913474,87117.89574133181,99999.0,99999.0,128,0.0027983035284858556,0.0,0.12598924402081238,0.8711687289580692,0.12598924402081238
linka009__tu,float64,0.0,0.0,99999.0,99999.0,33497.239709597394,87117.58554501334,99999.0,99999.0,127,0.0027764417821695597,0.0,0.12598924402081238,0.8711687289580692,0.12598924402081238
linka008__tu,float64,0.0,0.0,8.0,8.0,0.09435704777859762,0.004066284814831009,0.0,0.0,7,0.0001530322242140702,0.0,0.9971579729788815,2.1861746316295747e-05,0.9971579729788815
linka037__tu,float64,0.0,0.0,6.0,6.0,0.06722631571627732,0.002470377333741419,0.0,0.0,6,0.00013117047789777447,0.0,0.9981417515631149,2.1861746316295747e-05,0.9981417515631149
linka007__tu,float64,0.0,0.0,3.0,3.0,0.04047621855190616,0.0011586725547636746,0.0,0.0,4,8.744698526518299e-05,0.0,0.999038083162083,4.3723492632591494e-05,0.999038083162083
linka036__tu,float64,0.0,0.0,3.0,3.0,0.030295853000950678,0.0006121288968562808,0.0,0.0,4,8.744698526518299e-05,0.0,0.9995190415810415,2.1861746316295747e-05,0.9995190415810415
linka035__tu,float64,0.0,0.0,2.0,2.0,0.017493522945289493,0.00021861746316295745,0.0,0.0,3,6.558523894888724e-05,0.0,0.9998251060294696,4.3723492632591494e-05,0.9998251060294696
linka034__tu,float64,0.0,0.0,2.0,2.0,0.013224242436949906,0.00013117047789777447,0.0,0.0,3,6.558523894888724e-05,0.0,0.9998906912684186,2.1861746316295747e-05,0.9998906912684186
linka033__tu,float64,0.0,0.0,2.0,2.0,0.011452759424430404,8.744698526518299e-05,0.0,0.0,3,6.558523894888724e-05,0.0,0.9999344147610512,2.1861746316295747e-05,0.9999344147610512
linka040__tu,float64,0.0,0.0,100.0,100.0,0.8433852469115624,0.010952734904464169,0.0,0.0,5,0.00010930873158147872,0.0,0.9971579729788815,4.3723492632591494e-05,0.9971579729788815
linka010__tu,float64,0.0,0.0,100.0,100.0,0.9550464810868395,0.012373748415023393,0.0,0.0,5,0.00010930873158147872,0.0,0.9971579729788815,8.744698526518299e-05,0.9971579729788815
linkf205__tu,float64,0.0,0.0,43.0,43.0,0.8278395986946359,0.08362117965983122,0.0,0.0,27,0.0005902671505399851,0.0,0.9793625114774168,2.1861746316295747e-05,0.9793625114774168
linkf204__tu,float64,0.0,0.0,6738.290382699191,6738.290382699191,44.712918486775884,1.4197455691769996,0.0,0.0,144,0.0031480914695465874,0.0,0.9964802588430763,2.1861746316295747e-05,0.9964802588430763
linkf203__tu,float64,0.0,0.0,7212.0,7212.0,67.6352169930809,4.3329637394638985,0.0,0.0,388,0.00848235757072275,0.0,0.9899217349481877,2.1861746316295747e-05,0.9899217349481877
linkf157__tu,float64,0.0,0.0,3.0,3.0,0.23779505704859735,0.05620654977919636,0.0,0.0,4,8.744698526518299e-05,0.0,0.945520528179791,2.1861746316295747e-05,0.945520528179791
linkf170__tu,float64,0.0,0.0,6.0,6.0,0.46520319453198783,0.20530365965633335,0.0,0.0,7,0.0001530322242140702,0.0,0.8180884089021031,2.1861746316295747e-05,0.8180884089021031
linkf169__tu,float64,0.0,0.0,4.0,4.0,0.3586745619435862,0.12463381574920204,0.0,0.0,5,0.00010930873158147872,0.0,0.8843950854794281,8.744698526518299e-05,0.8843950854794281
linkf168__tu,float64,0.0,0.0,3.0,3.0,0.305851606493854,0.090923002929474,0.0,0.0,4,8.744698526518299e-05,0.0,0.914258230947488,0.00026234095579554895,0.914258230947488
linkf167__tu,float64,0.0,0.0,10.0,10.0,0.8022615684442598,0.5195662629530847,0.0,0.0,11,0.0002404792094792532,0.0,0.6237374841502339,4.3723492632591494e-05,0.6237374841502339
linkf166__tu,float64,0.0,0.0,3.0,3.0,0.23592514552365362,0.054129683879148266,0.0,0.0,4,8.744698526518299e-05,0.0,0.9480127672598487,8.744698526518299e-05,0.9480127672598487
linkf165__tu,float64,0.0,0.0,9.0,9.0,0.7170381644183519,0.4397490271522889,0.0,0.0,9,0.0001967557168466617,0.0,0.6633291067290455,4.3723492632591494e-05,0.6633291067290455
linkf164__tu,float64,0.0,0.0,9.0,9.0,0.6094722637371671,0.33798259804993225,0.0,0.0,8,0.00017489397053036597,0.0,0.7228149184556862,2.1861746316295747e-05,0.7228149184556862
linkf163__tu,float64,0.0,0.0,13.0,13.0,1.0934299750700671,1.005837086266451,1.0,0.0,14,0.0003060644484281404,0.0,0.37742118840452976,2.1861746316295747e-05,0.37742118840452976
linkf162__tu,float64,0.0,0.0,11.0,11.0,0.552320250069095,0.30927812513663594,0.0,0.0,7,0.0001530322242140702,0.0,0.7307725941148179,2.1861746316295747e-05,0.7307725941148179
linkf161__tu,float64,0.0,0.0,4.0,4.0,0.4775955981293751,0.2301823269642779,0.0,0.0,5,0.00010930873158147872,0.0,0.7931441563552096,0.00017489397053036597,0.7931441563552096
linkf160__tu,float64,0.0,0.0,3.0,3.0,0.3702222899531278,0.13692011717896024,0.0,0.0,4,8.744698526518299e-05,0.0,0.8721306457959862,0.0003935114336933234,0.8721306457959862
linkf159__tu,float64,0.0,0.0,3.0,3.0,0.31505092413538766,0.09850902890122863,0.0,0.0,4,8.744698526518299e-05,0.0,0.9065847579904682,0.00013117047789777447,0.9065847579904682
linkf158__tu,float64,0.0,0.0,11.0,11.0,0.7477590845084587,0.555660006121289,0.0,0.0,10,0.00021861746316295745,0.0,0.5676621048489353,2.1861746316295747e-05,0.5676621048489353
linkf156__tu,float64,0.0,0.0,11.0,11.0,0.6877092214761628,0.4787941060731931,0.0,0.0,8,0.00017489397053036597,0.0,0.6131782606794631,2.1861746316295747e-05,0.6131782606794631
linkf202__tu,float64,0.0,0.0,30.0,30.0,0.22665326869590363,0.008373048839141271,0.0,0.0,12,0.00026234095579554895,0.0,0.9962835031262297,2.1861746316295747e-05,0.9962835031262297
linkf155__tu,float64,0.0,0.0,11.0,11.0,0.6063782420376456,0.3751694285339513,0.0,0.0,8,0.00017489397053036597,0.0,0.6819990380831621,2.1861746316295747e-05,0.6819990380831621
linkf154__tu,float64,0.0,0.0,17.0,17.0,1.4554760810108667,1.194350924751869,1.0,0.0,18,0.0003935114336933234,0.0,0.39423287132176116,2.1861746316295747e-05,0.39423287132176116
linkf153__tu,float64,0.0,0.0,8.0,8.0,0.526577730996096,0.2779065191727515,0.0,0.0,7,0.0001530322242140702,0.0,0.7558698788859254,2.1861746316295747e-05,0.7558698788859254
linkf152__tu,float64,0.0,0.0,6.0,6.0,0.4520079318984535,0.20324865550260154,0.0,0.0,6,0.00013117047789777447,0.0,0.8159022342704735,2.1861746316295747e-05,0.8159022342704735
linkf151__tu,float64,0.0,0.0,4.0,4.0,0.3467258988902381,0.11755060994272222,0.0,0.0,5,0.00010930873158147872,0.0,0.8901884482532465,2.1861746316295747e-05,0.8901884482532465
linkf150__tu,float64,0.0,0.0,3.0,3.0,0.29189710467493674,0.08294346552402605,0.0,0.0,4,8.744698526518299e-05,0.0,0.9214507454855494,0.00017489397053036597,0.9214507454855494
linkf149__tu,float64,0.0,0.0,9.0,9.0,0.7574702160524991,0.5299724541996415,0.0,0.0,9,0.0001967557168466617,0.0,0.593874338682174,2.1861746316295747e-05,0.593874338682174
linkf148__tu,float64,0.0,0.0,3.0,3.0,0.2166364165166585,0.04516636788946701,0.0,0.0,4,8.744698526518299e-05,0.0,0.9566700188011018,6.558523894888724e-05,0.9566700188011018
linkf147__tu,float64,0.0,0.0,8.0,8.0,0.6787446984919224,0.4469196799440339,0.0,0.0,9,0.0001967557168466617,0.0,0.6392156005421713,2.1861746316295747e-05,0.6392156005421713
linkf146__tu,float64,0.0,0.0,8.0,8.0,0.5848378433152039,0.3423768090595077,0.0,0.0,7,0.0001530322242140702,0.0,0.7076647282584932,2.1861746316295747e-05,0.7076647282584932
linkf145__tu,float64,0.0,0.0,23.0,23.0,2.242115469899385,1.7405010712255695,1.0,0.0,24,0.0005246819115910979,0.0,0.3710375584801714,2.1861746316295747e-05,0.3710375584801714
linkf144__tu,float64,0.0,0.0,9.0,9.0,0.7098256079938383,0.3576581697345984,0.0,0.0,9,0.0001967557168466617,0.0,0.7415941585413843,2.1861746316295747e-05,0.7415941585413843
linkf143__tu,float64,0.0,0.0,7.0,7.0,0.5705960088450803,0.24920204625945522,0.0,0.0,8,0.00017489397053036597,0.0,0.8048839141270605,4.3723492632591494e-05,0.8048839141270605
linkf171__tu,float64,0.0,0.0,8.0,8.0,0.545737268915117,0.2770101875737834,0.0,0.0,8,0.00017489397053036597,0.0,0.7640898955008526,2.1861746316295747e-05,0.7640898955008526
linkf172__tu,float64,0.0,0.0,17.0,17.0,1.5922793672664155,1.302850771719645,1.0,0.0,18,0.0003935114336933234,0.0,0.40888024135367934,4.3723492632591494e-05,0.40888024135367934
linkf173__tu,float64,0.0,0.0,6.0,6.0,0.6704158182331139,0.4256482007782782,0.0,0.0,7,0.0001530322242140702,0.0,0.6599623977963359,6.558523894888724e-05,0.6599623977963359
linkf174__tu,float64,0.0,0.0,8.0,8.0,0.759885330690993,0.5406191246556775,0.0,0.0,9,0.0001967557168466617,0.0,0.5908792794368414,2.1861746316295747e-05,0.5908792794368414
linkf201__tu,float64,0.0,0.0,26.0,26.0,0.3056436626379811,0.022889248393161647,0.0,0.0,14,0.0003060644484281404,0.0,0.9896375322460759,2.1861746316295747e-05,0.9896375322460759
linkf200__tu,float64,0.0,0.0,918.0,918.0,10.26131566215223,0.2763452881793745,0.0,0.0,46,0.0010056403305496043,0.0,0.9989943596694504,2.1861746316295747e-05,0.9989943596694504
linkf199__tu,float64,0.0,0.0,99320.23999999999,99320.23999999999,3160.667612265962,699.8819852145814,0.0,0.0,5912,0.12924664422194046,0.0,0.8133662716977832,2.1861746316295747e-05,0.8133662716977832
linkf198__tu,float64,0.0,0.0,7.0,7.0,0.05893680243612659,0.0015959074810895895,0.0,0.0,6,0.00013117047789777447,0.0,0.9989287744305015,2.1861746316295747e-05,0.9989287744305015
linkf197__tu,float64,0.0,0.0,355.0,355.0,13.810903092917375,3.336058764374098,0.0,0.0,191,0.004175593546412487,0.0,0.8114424380219492,2.1861746316295747e-05,0.8114424380219492
linkf196__tu,float64,0.0,0.0,7943.0,7943.0,706.8924973607456,323.74622884876044,0.0,0.0,2561,0.055987932316033405,0.0,0.7855799921297714,2.1861746316295747e-05,0.7855799921297714
linkf195__tu,float64,0.0,0.0,2498.0,2498.0,979.4165502178818,1111.0094224126624,1233.0,0.0,2487,0.05437016308862752,0.0,0.35193039219972894,6.558523894888724e-05,0.35193039219972894
linkf194__tu,float64,0.0,0.0,6818.0,6818.0,545.1983700248321,220.6720082200166,0.0,0.0,2486,0.05434830134231122,0.0,0.7856674391150366,2.1861746316295747e-05,0.7856674391150366
linkf193__tu,float64,0.0,0.0,2495.0,2495.0,535.041024171987,360.1352149009663,94.0,0.0,2398,0.052424467666477195,0.0,0.35912290673779024,2.1861746316295747e-05,0.35912290673779024
linkf192__tu,float64,0.0,0.0,2494.0,2494.0,242.08566676861778,36.68477547986533,0.0,0.0,992,0.02168685234576538,0.0,0.9717327620130296,4.3723492632591494e-05,0.9717327620130296
linkf191__tu,float64,0.0,0.0,2495.0,2495.0,369.2522880392844,82.23809627913077,0.0,0.0,1699,0.037143106991386475,0.0,0.9370600323553846,6.558523894888724e-05,0.9370600323553846
linkf190__tu,float64,0.0,0.0,362.0,362.0,15.775975176771551,0.9779633597131739,0.0,0.0,149,0.003257400201128066,0.0,0.9956495124830571,2.1861746316295747e-05,0.9956495124830571
linkf189__tu,float64,0.0,0.0,2498.0,2498.0,657.260326129092,405.29226968650255,0.0,0.0,2476,0.054129683879148266,0.0,0.5875562939967645,2.1861746316295747e-05,0.5875562939967645
linkf188__tu,float64,0.0,0.0,2495.0,2495.0,421.00123021650717,126.93806567268594,0.0,0.0,2137,0.04671855187792401,0.0,0.8869091863058021,2.1861746316295747e-05,0.8869091863058021
linkf187__tu,float64,0.0,0.0,2496.0,2496.0,608.9754534791616,241.11048926588256,0.0,0.0,2333,0.05100345415591798,0.0,0.8306807747802895,2.1861746316295747e-05,0.8306807747802895
linkf186__tu,float64,0.0,0.0,364.0,364.0,33.89606989273134,4.572493550784837,0.0,0.0,321,0.007017620567530934,0.0,0.9791001705216212,8.744698526518299e-05,0.9791001705216212
linkf185__tu,float64,0.0,0.0,2495.0,2495.0,569.281240655871,385.5148878492414,96.0,0.0,2454,0.05364872546018976,0.0,0.3796510865287919,2.1861746316295747e-05,0.3796510865287919
linkf184__tu,float64,0.0,0.0,2495.0,2495.0,455.697338545678,149.33299811988982,0.0,0.0,2230,0.048751694285339514,0.0,0.8691137248043374,2.1861746316295747e-05,0.8691137248043374
linkf183__tu,float64,0.0,0.0,2496.0,2496.0,633.031135704711,271.7139827729439,0.0,0.0,2418,0.052861702592803116,0.0,0.7993966158016702,2.1861746316295747e-05,0.7993966158016702
linkf182__tu,float64,0.0,0.0,364.0,364.0,36.515298681106486,5.3348345065803855,0.0,0.0,330,0.007214376284377596,0.0,0.9756241528573303,8.744698526518299e-05,0.9756241528573303
linkf181__tu,float64,0.0,0.0,15.0,15.0,1.3764279056134183,1.309802807048227,1.0,0.0,15,0.0003279261947444362,0.0,0.35208342442394297,2.1861746316295747e-05,0.35208342442394297
linkf180__tu,float64,0.0,0.0,6.0,6.0,0.6088458482428597,0.35158060425866816,0.0,0.0,7,0.0001530322242140702,0.0,0.7094355297101133,6.558523894888724e-05,0.7094355297101133
linkf179__tu,float64,0.0,0.0,5.0,5.0,0.5244202759424846,0.26177255039132524,0.0,0.0,6,0.00013117047789777447,0.0,0.7742774692842465,2.1861746316295747e-05,0.7742774692842465
linkf178__tu,float64,0.0,0.0,4.0,4.0,0.4063806201314311,0.15808228761313453,0.0,0.0,5,0.00010930873158147872,0.0,0.8567618381356302,6.558523894888724e-05,0.8567618381356302
linkf177__tu,float64,0.0,0.0,4.0,4.0,0.34501600602686444,0.11492720038476674,0.0,0.0,5,0.00010930873158147872,0.0,0.8931616457522626,2.1861746316295747e-05,0.8931616457522626
linkf176__tu,float64,0.0,0.0,8.0,8.0,0.8334814819713231,0.6338594726946789,0.0,0.0,9,0.0001967557168466617,0.0,0.5434174281841634,2.1861746316295747e-05,0.5434174281841634
linkf175__tu,float64,0.0,0.0,3.0,3.0,0.2644046643883479,0.0673123169078746,0.0,0.0,4,8.744698526518299e-05,0.0,0.936054392024835,0.0001967557168466617,0.936054392024835
linka055__tu,float64,0.0,0.0,3.0,3.0,0.014026963921189786,6.558523894888724e-05,0.0,0.0,2,4.3723492632591494e-05,0.0,0.9999781382536838,2.1861746316295747e-05,0.9999781382536838
linka056__tu,float64,0.0,0.0,3.0,3.0,0.014026963921189786,6.558523894888724e-05,0.0,0.0,2,4.3723492632591494e-05,0.0,0.9999781382536838,2.1861746316295747e-05,0.9999781382536838
linka057__tu,float64,0.0,0.0,4.0,4.0,0.024740543339125242,0.00021861746316295745,0.0,0.0,4,8.744698526518299e-05,0.0,0.9998906912684186,2.1861746316295747e-05,0.9998906912684186
linkc046__tu,float64,0.0,0.0,2.0,2.0,0.016195644368531714,0.00021861746316295745,0.0,0.0,3,6.558523894888724e-05,0.0,0.9998032442831534,2.1861746316295747e-05,0.9998032442831534
linkd009__tu,float64,0.0,0.0,154.0,154.0,1.8595182810717152,0.10215994053605001,0.0,0.0,52,0.0011368108084473787,0.0,0.9890254033492195,2.1861746316295747e-05,0.9890254033492195
linkd005__tu,float64,0.0,0.0,151.0,151.0,1.7474076804757976,0.09028901228630143,0.0,0.0,47,0.0010275020768659,0.0,0.9919111538629706,2.1861746316295747e-05,0.9919111538629706
linkd003__tu,float64,0.0,0.0,5.0,5.0,0.34672629864217075,0.0303222421407022,0.0,0.0,6,0.00013117047789777447,0.0,0.9908836517861047,0.0027764417821695597,0.9908836517861047
linkd002__tu,float64,0.0,0.0,5.0,5.0,0.1289998393453137,0.006318044685409471,0.0,0.0,6,0.00013117047789777447,0.0,0.996895632023086,0.00017489397053036597,0.996895632023086
linkd008__tu,float64,0.0,0.0,1826.0,1826.0,315.7727512194435,91.35588736828298,0.0,0.0,1667,0.03644353110926501,0.0,0.8889860522058503,6.558523894888724e-05,0.8889860522058503
linkd014__tu,float64,0.0,0.0,12673.01,12673.01,404.82038313319276,77.58058073793258,0.0,0.0,4150,0.09072624721262734,0.0,0.8816842289362075,2.1861746316295747e-05,0.8816842289362075
linkd004__tu,float64,0.0,0.0,2.0,2.0,0.04020825048335041,0.0010493638231821958,0.0,0.0,3,6.558523894888724e-05,0.0,0.9992348388789296,0.0002842027021118447,0.9992348388789296
linkd001__tu,float64,0.0,0.0,1.0,1.0,0.0648197983429576,0.004219317039045079,0.0,0.0,2,4.3723492632591494e-05,0.0,0.9957806829609549,0.004219317039045079,0.9957806829609549
linkc051__tu,float64,0.0,0.0,0.0,0.0,0.0,0.0,0.0,0.0,1,2.1861746316295747e-05,0.0,1.0,1.0,1.0
linkc004__tu,float64,0.0,0.0,6.0,6.0,0.03371415849607733,0.0004372349263259149,0.0,0.0,4,8.744698526518299e-05,0.0,0.9996939355515718,2.1861746316295747e-05,0.9996939355515718
linkc005__tu,float64,0.0,0.0,1.0,1.0,0.006612301924432615,4.3723492632591494e-05,0.0,0.0,2,4.3723492632591494e-05,0.0,0.9999562765073674,4.3723492632591494e-05,0.9999562765073674
linkc049__tu,float64,0.0,0.0,13.0,13.0,0.1167139140057318,0.0044597962485243324,0.0,0.0,10,0.00021861746316295745,0.0,0.9972891434567793,2.1861746316295747e-05,0.9972891434567793
linkc047__tu,float64,0.0,0.0,6.0,6.0,0.03435591337935918,0.0004809584189585064,0.0,0.0,4,8.744698526518299e-05,0.0,0.9996502120589392,2.1861746316295747e-05,0.9996502120589392
linkc045__tu,float64,0.0,0.0,2.0,2.0,0.015506313334625639,0.0001967557168466617,0.0,0.0,3,6.558523894888724e-05,0.0,0.9998251060294696,2.1861746316295747e-05,0.9998251060294696
linkc038__tu,float64,0.0,0.0,0.0,0.0,0.0,0.0,0.0,0.0,1,2.1861746316295747e-05,0.0,1.0,1.0,1.0
linkc044__tu,float64,0.0,0.0,1.0,1.0,0.011452342096973522,0.00013117047789777447,0.0,0.0,2,4.3723492632591494e-05,0.0,0.9998688295221022,0.00013117047789777447,0.9998688295221022
linkc043__tu,float64,0.0,0.0,1.0,1.0,0.004675654640396314,2.1861746316295747e-05,0.0,0.0,2,4.3723492632591494e-05,0.0,0.9999781382536838,2.1861746316295747e-05,0.9999781382536838
linkc010__tu,float64,0.0,0.0,0.0,0.0,0.0,0.0,0.0,0.0,1,2.1861746316295747e-05,0.0,1.0,1.0,1.0
linkc011__tu,float64,0.0,0.0,6.0,6.0,0.02882245536748093,0.00017489397053036597,0.0,0.0,3,6.558523894888724e-05,0.0,0.9999344147610512,2.1861746316295747e-05,0.9999344147610512
linkc012__tu,float64,0.0,0.0,0.0,0.0,0.0,0.0,0.0,0.0,1,2.1861746316295747e-05,0.0,1.0,1.0,1.0
linkc050__tu,float64,0.0,0.0,12.0,12.0,0.0875904553495484,0.0012461195400288575,0.0,0.0,9,0.0001967557168466617,0.0,0.999562765073674,2.1861746316295747e-05,0.999562765073674
linkc009__tu,float64,0.0,0.0,6.0,6.0,0.02882245536748093,0.00017489397053036597,0.0,0.0,3,6.558523894888724e-05,0.0,0.9999344147610512,2.1861746316295747e-05,0.9999344147610512
linkc008__tu,float64,0.0,0.0,0.0,0.0,0.0,0.0,0.0,0.0,1,2.1861746316295747e-05,0.0,1.0,1.0,1.0
linkc036__tu,float64,0.0,0.0,16.0,16.0,0.4091341013973801,0.04420445105155,0.0,0.0,15,0.0003279261947444362,0.0,0.9798871933890079,2.1861746316295747e-05,0.9798871933890079
linkc037__tu,float64,0.0,0.0,10.0,10.0,0.1711469145191434,0.013379388745572996,0.0,0.0,10,0.00021861746316295745,0.0,0.9909929605176862,2.1861746316295747e-05,0.9909929605176862
linkc042__tu,float64,0.0,0.0,2.0,2.0,0.038249059949811905,0.0013335665252940405,0.0,0.0,3,6.558523894888724e-05,0.0,0.9987320187136548,6.558523894888724e-05,0.9987320187136548
linkc041__tu,float64,0.0,0.0,1.0,1.0,0.01619499511794864,0.00026234095579554895,0.0,0.0,2,4.3723492632591494e-05,0.0,0.9997376590442044,0.00026234095579554895,0.9997376590442044
linkc040__tu,float64,0.0,0.0,1.0,1.0,0.014025737225051616,0.0001967557168466617,0.0,0.0,2,4.3723492632591494e-05,0.0,0.9998032442831534,0.0001967557168466617,0.9998032442831534
linkd011__tu,float64,0.0,0.0,16.0,16.0,0.08980990035332999,0.0011586725547636746,0.0,0.0,7,0.0001530322242140702,0.0,0.9995190415810415,2.1861746316295747e-05,0.9995190415810415
linkd010__tu,float64,0.0,0.0,50.0,50.0,0.4715845533374451,0.028578268549691747,0.0,0.0,147,0.0032136767084954745,0.0,0.9890254033492195,2.1861746316295747e-05,0.9890254033492195
linkd013__tu,float64,0.0,0.0,1823.0,1823.0,133.76898152448933,13.55465436579074,0.0,0.0,399,0.008722836780202003,0.0,0.9890254033492195,2.1861746316295747e-05,0.9890254033492195
linkd006__tu,float64,0.0,0.0,150.0,150.0,1.7990990288579853,0.09321848629268506,0.0,0.0,48,0.0010493638231821958,0.0,0.991867430370338,2.1861746316295747e-05,0.991867430370338
yhat_pricing_lgd,float64,0.0,0.002183309866392258,0.6738309673104717,0.6716476574440794,0.06990328941154393,0.41315766029172857,0.417649837120897,0.002183309866392258,45742,1.0,0.0,2.1861746316295747e-05,2.1861746316295747e-05,0.0
yhat_ad,float64,0.0,0.013362489887929886,0.7091929827065756,0.6958304928186457,0.10439172150408006,0.26341845731587477,0.26781849920616296,0.2629725808675195,45663,0.9982729220410126,0.0,2.1861746316295747e-05,2.1861746316295747e-05,0.0
yhat_DQ15_2,float64,0.0,0.0017455363219145551,0.8501696369845139,0.8484241006625993,0.04239550909645662,0.04659078014002511,0.03589946439938434,0.05039689597138701,45728,0.9996939355515718,0.0,2.1861746316295747e-05,2.1861746316295747e-05,0.0
ENG-dealership_age,float64,0.0,-0.12876712328767123,20.273972602739725,20.402739726027395,4.8015912620996914,6.86367572022487,6.604109589041096,0.11232876712328767,6711,0.14671417952866075,0.0008088846137029426,2.1861746316295747e-05,4.3723492632591494e-05,0.00026234095579554895
ENG-vehicle_age,float64,0.0,-1.0,13.0,14.0,2.2942617957718316,4.787066590879279,5.0,3.0,14,0.0003060644484281404,0.0064929386559398365,0.0064929386559398365,2.1861746316295747e-05,0.028857505137510384
ENG-loan_to_value,float64,0.0,0.25,2.55,2.3,0.1531644177579803,1.2823607624142108,1.2857142857142858,1.3333333333333333,1160,0.025359625726903066,0.0,2.1861746316295747e-05,4.3723492632591494e-05,0.0
ENG-payment_to_income,float64,0.0,0.0,0.15,0.15,0.03030433599625832,0.11181102706483106,0.12,0.12,6,0.00013117047789777447,0.0,0.0015303222421407022,0.2534213632985003,0.0015303222421407022
ENG-applicationdate__app_quarter,int64,0.0,1.0,4.0,3.0,1.029970363495707,2.3677801582790434,2.0,3,4,8.744698526518299e-05,0.0,0.2595207905207468,0.15462813169515982,0.0
ENG-applicationdate__app_month,int64,0.0,1.0,12.0,11.0,3.1430124509430666,6.141532945651699,6.0,9,12,0.00026234095579554895,0.0,0.07172838966376634,0.05065366621485724,0.0
factor,float64,0.0,0.97,1.0800273092962318,0.11002730929623183,0.017795424937543353,0.9887172612810122,1.0,1.0,3,6.558523894888724e-05,0.0,0.4080494949936601,0.01198023698133007,0.0
year,int64,0.0,2021.0,2023.0,2.0,0.5129957388426376,2022.3960692580124,2022.0,2022,3,6.558523894888724e-05,0.0,0.01198023698133007,0.4080494949936601,0.0
intscore__ln,float64,0.0,100.0,660.0,560.0,63.72437929046673,579.4752306414237,587.0,588.0,159,0.0034760176642910237,0.0,0.011892789996064886,0.006405491670674653,0.0
bigstatusid__app,float64,0.0,0.0,6057872.0,6057872.0,1935352.010825448,709844.768702724,11.0,11.0,5431,0.1187311442438022,0.0,0.06536662148572428,2.1861746316295747e-05,0.06536662148572428
dtmFunded,object,0.0,,,,,,,2022-04-19 00:00:00,477,0.01042805299287307,,,,
bigAccountId,float64,0.0,0.0,7276221.0,7276221.0,473079.17832959694,6437615.231953128,6384449.5,0.0,45662,0.9982510602946963,0.0,0.0017708014516199554,2.1861746316295747e-05,0.0017708014516199554
linkt011__tu,float64,0.0,-4.0,2.0,6.0,0.29486363416204064,-0.016243277513007737,0.0,0.0,4,8.744698526518299e-05,0.005159372130645796,0.005159372130645796,0.00013117047789777447,0.9905775873376765
linkt010__tu,float64,0.0,-4.0,9.0,13.0,2.6325732392079697,-1.8459402737090638,-4.0,-4.0,11,0.0002404792094792532,0.5921253989768702,0.5921253989768702,2.1861746316295747e-05,0.004066284814831009
linkt009__tu,float64,0.0,-4.0,59.0,63.0,4.341730314116142,2.218092781251366,0.0,0.0,46,0.0010056403305496043,0.005159372130645796,0.005159372130645796,2.1861746316295747e-05,0.6378820340168773
linkt008__tu,float64,0.0,-4.0,4.0,8.0,2.3427251604348567,-2.0756635040006994,-4.0,-4.0,7,0.0001530322242140702,0.5940710943990206,0.5921253989768702,0.00013117047789777447,0.12286301429758209
linkt007__tu,float64,0.0,-4.0,119.0,123.0,21.298684517446052,5.795286607494207,-4.0,-4.0,121,0.002645271304271785,0.5921253989768702,0.5921253989768702,2.1861746316295747e-05,0.054173407371780856
linkt006__tu,float64,0.0,0.0,9.0,9.0,0.7712059367491244,0.5258843076384941,0.0,0.0,10,0.00021861746316295745,0.0,0.594245988369551,2.1861746316295747e-05,0.594245988369551
linkt004__tu,float64,0.0,0.0,13.0,13.0,1.3343677837475978,1.1143806567268593,1.0,0.0,14,0.0003060644484281404,0.0,0.4223908005771501,2.1861746316295747e-05,0.4223908005771501
linkt003__tu,float64,0.0,0.0,7.0,7.0,0.5839329710242998,0.29148266363517117,0.0,0.0,8,0.00017489397053036597,0.0,0.7642210659787504,2.1861746316295747e-05,0.7642210659787504
linkt002__tu,float64,0.0,0.0,999.0,999.0,49.66092895270718,36.420160902452885,22.0,0.0,355,0.007760919942284989,0.0,0.03716496873770277,0.0007214376284377596,0.03716496873770277
linkt001__tu,float64,0.0,0.0,19.0,19.0,2.3432578001816746,2.9299112413099557,2.0,2.0,20,0.0004372349263259149,0.0,0.12166061825018583,4.3723492632591494e-05,0.12166061825018583
linkd012__tu,float64,0.0,0.0,1825.0,1825.0,109.59748710373788,9.820274583533733,0.0,0.0,417,0.009116348213895327,0.0,0.9898561497092387,2.1861746316295747e-05,0.9898561497092387
linkd007__tu,float64,0.0,0.0,242.6173347603055,242.6173347603055,2.1484284184348783,0.04528240205413636,0.0,0.0,84,0.0018363866905688427,0.0,0.9981417515631149,2.1861746316295747e-05,0.9981417515631149
linkc039__tu,float64,0.0,0.0,1.0,1.0,0.011452342096973572,0.00013117047789777447,0.0,0.0,2,4.3723492632591494e-05,0.0,0.9998688295221022,0.00013117047789777447,0.9998688295221022
linkc030__tu,float64,0.0,0.0,36.0,36.0,0.5048297671513158,0.04551615583052774,0.0,0.0,18,0.0003935114336933234,0.0,0.9839097547112063,2.1861746316295747e-05,0.9839097547112063
linka058__tu,float64,0.0,0.0,4.0,4.0,0.02805205374259915,0.00034978794106073195,0.0,0.0,5,0.00010930873158147872,0.0,0.999781382536837,2.1861746316295747e-05,0.999781382536837
linka070__tu,float64,0.0,0.0,2.0,2.0,0.014026282436573924,0.0001530322242140702,0.0,0.0,3,6.558523894888724e-05,0.0,0.9998688295221022,2.1861746316295747e-05,0.9998688295221022
linka079__tu,float64,0.0,0.0,677.0,677.0,6.852699040476159,0.12430870518061847,0.0,0.0,32,0.0006995758821214639,0.0,0.9993222858641948,2.1861746316295747e-05,0.9993222858641948
linka078__tu,float64,0.0,0.0,677.0,677.0,6.453787188700253,0.10693646320668095,0.0,0.0,28,0.0006121288968562808,0.0,0.99940973284946,2.1861746316295747e-05,0.99940973284946
linka077__tu,float64,0.0,0.0,677.0,677.0,5.160321085838879,0.05722547549298238,0.0,0.0,12,0.00026234095579554895,0.0,0.9997595207905208,2.1861746316295747e-05,0.9997595207905208
linka076__tu,float64,0.0,0.0,677.0,677.0,3.585967465780961,0.027382661448996544,0.0,0.0,7,0.0001530322242140702,0.0,0.9998688295221022,2.1861746316295747e-05,0.9998688295221022
linka075__tu,float64,0.0,0.0,320.4977,320.4977,1.6536648993575396,0.01054824231559617,0.0,0.0,4,8.744698526518299e-05,0.0,0.9999344147610512,2.1861746316295747e-05,0.9999344147610512
linka074__tu,float64,0.0,0.0,320.4977,320.4977,1.498536558242597,0.007006639412356259,0.0,0.0,2,4.3723492632591494e-05,0.0,0.9999781382536838,2.1861746316295747e-05,0.9999781382536838
linka073__tu,float64,0.0,0.0,330.41,330.41,1.5448830497345782,0.007223339600367278,0.0,0.0,2,4.3723492632591494e-05,0.0,0.9999781382536838,2.1861746316295747e-05,0.9999781382536838
linka085__tu,float64,0.0,0.0,99999.0,99999.0,33330.97225755537,87269.0469153076,99999.0,99999.0,17,0.0003716496873770277,0.0,0.12662323466398495,0.8726990512002099,0.12662323466398495
linka084__tu,float64,0.0,0.0,99999.0,99999.0,33330.97540522009,87269.04571291155,99999.0,99999.0,15,0.0003279261947444362,0.0,0.12662323466398495,0.8726990512002099,0.12662323466398495
linka081__tu,float64,0.0,0.0,99999.0,99999.0,33330.21478138401,87269.33721743693,99999.0,99999.0,33,0.0007214376284377596,0.0,0.12662323466398495,0.8726990512002099,0.12662323466398495
linka032__tu,float64,0.0,0.0,7.0,7.0,0.05120903946584361,0.0010493638231821958,0.0,0.0,6,0.00013117047789777447,0.0,0.9993222858641948,2.1861746316295747e-05,0.9993222858641948
linka072__tu,float64,0.0,0.0,7.0,7.0,0.048357569916269175,0.0008963315989681255,0.0,0.0,6,0.00013117047789777447,0.0,0.99940973284946,2.1861746316295747e-05,0.99940973284946
linka071__tu,float64,0.0,0.0,5.0,5.0,0.028820863410096317,0.00034978794106073195,0.0,0.0,4,8.744698526518299e-05,0.0,0.9997595207905208,2.1861746316295747e-05,0.9997595207905208
linka069__tu,float64,0.0,0.0,2.0,2.0,0.01145275942442888,8.744698526518299e-05,0.0,0.0,3,6.558523894888724e-05,0.0,0.9999344147610512,2.1861746316295747e-05,0.9999344147610512
linkc035__tu,float64,0.0,0.0,7.0,7.0,0.10721681283401668,0.0050937868916969085,0.0,0.0,7,0.0001530322242140702,0.0,0.9967425997988719,2.1861746316295747e-05,0.9967425997988719
linka068__tu,float64,0.0,0.0,2.0,2.0,0.009351309280798867,4.3723492632591494e-05,0.0,0.0,2,4.3723492632591494e-05,0.0,0.9999781382536838,2.1861746316295747e-05,0.9999781382536838
linka067__tu,float64,0.0,0.0,2.0,2.0,0.009351309280798867,4.3723492632591494e-05,0.0,0.0,2,4.3723492632591494e-05,0.0,0.9999781382536838,2.1861746316295747e-05,0.9999781382536838
linka082__tu,float64,0.0,0.0,2081.0,2081.0,12.623579058073084,0.17381925363998077,0.0,0.0,32,0.0006995758821214639,0.0,0.9993222858641948,2.1861746316295747e-05,0.9993222858641948
linka066__tu,float64,0.0,0.0,2442.0,2442.0,16.738371532811982,0.2310716693629487,0.0,0.0,32,0.0006995758821214639,0.0,0.9993222858641948,2.1861746316295747e-05,0.9993222858641948
linka065__tu,float64,0.0,0.0,1615.05,1615.05,11.65813854340139,0.13994250360718813,0.0,0.0,21,0.0004590966726422107,0.0,0.999562765073674,2.1861746316295747e-05,0.999562765073674
linka064__tu,float64,0.0,0.0,1500.0,1500.0,8.383725014246535,0.07077281273228106,0.0,0.0,11,0.0002404792094792532,0.0,0.999781382536837,2.1861746316295747e-05,0.999781382536837
linka063__tu,float64,0.0,0.0,1500.0,1500.0,7.046159841511195,0.03817476280005247,0.0,0.0,6,0.00013117047789777447,0.0,0.9998906912684186,2.1861746316295747e-05,0.9998906912684186
linka062__tu,float64,0.0,0.0,30.0,30.0,0.1402696392119415,0.0006558523894888724,0.0,0.0,2,4.3723492632591494e-05,0.0,0.9999781382536838,2.1861746316295747e-05,0.9999781382536838
linka061__tu,float64,0.0,0.0,30.0,30.0,0.1402696392119415,0.0006558523894888724,0.0,0.0,2,4.3723492632591494e-05,0.0,0.9999781382536838,2.1861746316295747e-05,0.9999781382536838
linka060__tu,float64,0.0,0.0,0.0,0.0,0.0,0.0,0.0,0.0,1,2.1861746316295747e-05,0.0,1.0,1.0,1.0
linka080__tu,float64,0.0,0.0,99999.0,99999.0,33330.01995084557,87269.41226881203,99999.0,99999.0,33,0.0007214376284377596,0.0,0.12662323466398495,0.8726990512002099,0.12662323466398495
linka031__tu,float64,0.0,0.0,8.0,8.0,0.05370951884130725,0.0010493638231821958,0.0,0.0,6,0.00013117047789777447,0.0,0.9993222858641948,2.1861746316295747e-05,0.9993222858641948
linka059__tu,float64,0.0,0.0,4.0,4.0,0.034670165582595946,0.0006339906431725766,0.0,0.0,5,0.00010930873158147872,0.0,0.999562765073674,2.1861746316295747e-05,0.999562765073674
linka083__tu,float64,0.0,0.0,677.0,677.0,5.735325634142278,0.09676596983891936,0.0,0.0,32,0.0006995758821214639,0.0,0.9993222858641948,2.1861746316295747e-05,0.9993222858641948
linkb001__tu,float64,0.0,0.0,140.92,140.92,1.2201154783728083,0.07582090857417684,0.0,0.0,358,0.007826505181233878,0.0,0.8984521883608063,2.1861746316295747e-05,0.8984521883608063
linkb014__tu,float64,0.0,0.0,6138475.0,6138475.0,53148.66548724226,3301.6491189716235,0.0,0.0,2563,0.056031655808665995,0.0,0.8983866031218574,2.1861746316295747e-05,0.8983866031218574
linkb005__tu,float64,0.0,0.0,7771.0,7771.0,567.8444550124126,147.7500765161121,0.0,0.0,1669,0.0364872546018976,0.0,0.9236369201171789,2.1861746316295747e-05,0.9236369201171789
linkc034__tu,float64,0.0,0.0,5.0,5.0,0.06851938563756825,0.0023392068558436446,0.0,0.0,6,0.00013117047789777447,0.0,0.9984040925189104,2.1861746316295747e-05,0.9984040925189104
linkc033__tu,float64,0.0,0.0,4.0,4.0,0.058744012832896056,0.0018363866905688427,0.0,0.0,5,0.00010930873158147872,0.0,0.9986882952210222,6.558523894888724e-05,0.9986882952210222
linkc032__tu,float64,0.0,0.0,4.0,4.0,0.0467386544439278,0.0013117047789777448,0.0,0.0,5,0.00010930873158147872,0.0,0.9989943596694504,2.1861746316295747e-05,0.9989943596694504
linkc031__tu,float64,0.0,0.0,2.0,2.0,0.028434140479290018,0.0006339906431725766,0.0,0.0,3,6.558523894888724e-05,0.0,0.9994534563420926,8.744698526518299e-05,0.9994534563420926
linkc024__tu,float64,0.0,0.0,114.0,114.0,1.6814045200334933,0.2492457697520878,0.0,0.0,39,0.000852608106335534,0.0,0.9561234751431944,2.1861746316295747e-05,0.9561234751431944
linkc029__tu,float64,0.0,0.0,44.0,44.0,0.9076666613432812,0.13322548205150628,0.0,0.0,25,0.0005465436579073936,0.0,0.9604958244064535,2.1861746316295747e-05,0.9604958244064535
linkc028__tu,float64,0.0,0.0,30.0,30.0,0.7281282128971492,0.10989899873201871,0.0,0.0,20,0.0004372349263259149,0.0,0.9620480083949106,2.1861746316295747e-05,0.9620480083949106
linkc027__tu,float64,0.0,0.0,22.0,22.0,0.667669304656366,0.10141664116129596,0.0,0.0,18,0.0003935114336933234,0.0,0.9629006165012461,2.1861746316295747e-05,0.9629006165012461
linkc026__tu,float64,0.0,0.0,15.0,15.0,0.6050648487271675,0.09234401644003323,0.0,0.0,15,0.0003279261947444362,0.0,0.9636001923833676,2.1861746316295747e-05,0.9636001923833676
linkc025__tu,float64,0.0,0.0,11.0,11.0,0.5300130804657907,0.0812163875650387,0.0,0.0,12,0.00026234095579554895,0.0,0.9648025884307638,6.558523894888724e-05,0.9648025884307638
linkc048__tu,float64,0.0,0.0,116.0,116.0,2.2617468216426877,0.35547199510296884,0.0,0.0,47,0.0010275020768659,0.0,0.9540028857505137,2.1861746316295747e-05,0.9540028857505137
linkc007__tu,float64,0.0,0.0,46.0,46.0,1.0714037385126476,0.1643566088059114,0.0,0.0,27,0.0005902671505399851,0.0,0.9580254470727122,2.1861746316295747e-05,0.9580254470727122
linkc020__tu,float64,0.0,0.0,17.0,17.0,0.649645752063239,0.10152594989287744,0.0,0.0,16,0.00034978794106073195,0.0,0.9619605614096454,2.1861746316295747e-05,0.9619605614096454
linkc006__tu,float64,0.0,0.0,13.0,13.0,0.5500581336095405,0.08563246032093044,0.0,0.0,13,0.0002842027021118447,0.0,0.963775086353898,2.1861746316295747e-05,0.963775086353898
linkb012__tu,float64,0.0,0.0,1.0,1.0,0.016856101046023798,0.0002842027021118447,0.0,0.0,2,4.3723492632591494e-05,0.0,0.9997157972978882,0.0002842027021118447,0.9997157972978882
linkb009__tu,float64,0.0,0.0,6.0,6.0,0.28668878932665665,0.05133138035066241,0.0,0.0,7,0.0001530322242140702,0.0,0.9617638056927987,4.3723492632591494e-05,0.9617638056927987
linkb008__tu,float64,0.0,0.0,3.0,3.0,0.10059215201074834,0.008307463600192383,0.0,0.0,4,8.744698526518299e-05,0.0,0.9925451445061432,8.744698526518299e-05,0.9925451445061432
linkb011__tu,float64,0.0,-1.0,972.0,973.0,84.23484627293476,21.28947138297407,0.0,0.0,30,0.0006558523894888724,0.1304053167767041,0.1304053167767041,2.1861746316295747e-05,0.806698439071313
linkb010__tu,float64,0.0,-1.0,18.0,19.0,0.47587793291249697,-0.08827401512832836,0.0,0.0,65,0.0014210135105592234,0.1104892658825587,0.1104892658825587,2.1861746316295747e-05,0.8846355646889074
linkb018__tu,float64,0.0,0.0,17275.0,17275.0,896.6234247290897,222.45430895019894,0.0,0.0,3000,0.06558523894888724,0.0,0.8967469721481351,2.1861746316295747e-05,0.8967469721481351
linkb017__tu,float64,0.0,0.0,5754500.0,5754500.0,62772.99635575702,14169.22587556294,0.0,0.0,1719,0.03758034191771239,0.0,0.907677845306283,2.1861746316295747e-05,0.907677845306283
linkb016__tu,float64,0.0,0.0,1231670.0,1231670.0,56200.50143668996,14687.59352455074,0.0,0.0,3549,0.0775873376765336,0.0,0.9005290542608544,2.1861746316295747e-05,0.9005290542608544
linkb015__tu,float64,0.0,0.0,695600.0,695600.0,40938.95476240273,10033.782082112719,0.0,0.0,3066,0.06702811420576275,0.0,0.9164662673254339,2.1861746316295747e-05,0.9164662673254339
linkb013__tu,float64,0.0,0.0,695600.0,695600.0,40462.272555904165,9942.561453368895,0.0,0.0,3335,0.07290892396484631,0.0,0.907677845306283,2.1861746316295747e-05,0.907677845306283
linkb004__tu,float64,0.0,0.0,1194719.9,1194719.9,45066.58169876327,10052.54547473768,0.0,0.0,4320,0.09444274408639762,0.0,0.8960911197586463,2.1861746316295747e-05,0.8960911197586463
linkb003__tu,float64,0.0,0.0,612000.0,612000.0,13431.089661352182,1919.2390581959687,0.0,0.0,2130,0.04656551965370994,0.0,0.9232652704298019,2.1861746316295747e-05,0.9232652704298019
linkb002__tu,float64,0.0,0.0,695600.0,695600.0,29895.675102292716,5921.748633640856,0.0,0.0,3076,0.06724673166892571,0.0,0.9230247912203227,2.1861746316295747e-05,0.9230247912203227
linkf142__tu,float64,0.0,0.0,5.0,5.0,0.4079214642022199,0.13661405273053212,0.0,0.0,6,0.00013117047789777447,0.0,0.8838266800752044,2.1861746316295747e-05,0.8838266800752044
linkf141__tu,float64,0.0,0.0,4.0,4.0,0.33381897983006603,0.09361199772637838,0.0,0.0,5,0.00010930873158147872,0.0,0.9178216955970443,0.0003060644484281404,0.9178216955970443
linkf140__tu,float64,0.0,0.0,12.0,12.0,1.1570320998964836,0.7526999256700625,0.0,0.0,13,0.0002842027021118447,0.0,0.5733024353985396,4.3723492632591494e-05,0.5733024353985396
rvlr22__tu,object,0.0,,,,,,,-2,634,0.013860347164531503,,,,
walshr02__tu,float64,0.0,-6.0,3.0,9.0,0.8297744855161444,-1.4501552183988458,-2.0,-2.0,7,0.0001530322242140702,0.8455249005290543,0.005159372130645796,4.3723492632591494e-05,0.14813519303922
walshr01__tu,float64,0.0,-6.0,2.0,8.0,0.8057957680785364,-1.4782912859079183,-2.0,-2.0,6,0.00013117047789777447,0.8575925844956495,0.005159372130645796,6.558523894888724e-05,0.13956538848323205
rvlr33__tu,float64,0.0,0.0,3682.0,3682.0,103.33065784163861,15.302622601681035,0.0,0.0,1012,0.022124087272091295,0.0,0.9635346071444187,2.1861746316295747e-05,0.9635346071444187
rvlr32__tu,float64,0.0,0.0,9438.0,9438.0,162.85252364148397,29.562281265829828,0.0,0.0,1451,0.031721393904945126,0.0,0.936360456473263,2.1861746316295747e-05,0.936360456473263
rvlr31__tu,float64,0.0,0.0,13350.0,13350.0,251.53660026884478,57.45125321102501,0.0,0.0,2019,0.04413886581260111,0.0,0.8893795636395435,2.1861746316295747e-05,0.8893795636395435
rvlr30__tu,float64,0.0,0.0,18441.0,18441.0,476.7503496150995,133.62729127167074,0.0,0.0,3013,0.06586944165099907,0.0,0.7997026802500984,2.1861746316295747e-05,0.7997026802500984
rvlr29__tu,float64,0.0,0.0,56313.0,56313.0,1401.0208832446206,450.88659127160076,0.0,0.0,5564,0.12163875650386953,0.0,0.6115386297057409,2.1861746316295747e-05,0.6115386297057409
rvlr28__tu,object,0.0,,,,,,,-2,360,0.007870228673866468,,,,
rvlr27__tu,object,0.0,,,,,,,-2,500,0.010930873158147872,,,,
rvlr26__tu,object,0.0,,,,,,,-2,561,0.012264439683441913,,,,
rvlr25__tu,object,0.0,,,,,,,-2,493,0.010777840933933802,,,,
rvlr24__tu,object,0.0,,,,,,,-2,611,0.013357526999256701,,,,
rvlr23__tu,object,0.0,,,,,,,-2,722,0.01578418084036553,,,,
rvlr21__tu,object,0.0,,,,,,,-2,772,0.016877268156180316,,,,
rvlr06__tu,float64,0.0,-6.0,100.0,106.0,19.28702440075195,2.658032661448995,-1.0,-2.0,656,0.014341305583490008,0.8843295002404792,0.005159372130645796,0.031677670412312536,0.06910498010581086
rvlr20__tu,object,0.0,,,,,,,-2,889,0.01943509247518692,,,,
rvlr19__tu,object,0.0,,,,,,,-2,767,0.016767959424598838,,,,
rvlr18__tu,object,0.0,,,,,,,-2,933,0.020397009313103932,,,,
rvlr17__tu,object,0.0,,,,,,,-2,1098,0.02400419745529273,,,,
rvlr16__tu,object,0.0,,,,,,,-2,974,0.021293340912072058,,,,
rvlr15__tu,object,0.0,,,,,,,-2,1102,0.024091644440557912,,,,
rvlr14__tu,object,0.0,,,,,,,-2,1339,0.029272878317520002,,,,
rvlr13__tu,float64,0.0,-6.0,18.0,24.0,0.8119043419056805,-0.3679550522495737,0.0,0.0,13,0.0002842027021118447,0.43380263215425646,0.005159372130645796,2.1861746316295747e-05,0.4993660093568274
rvlr12__tu,float64,0.0,-6.0,16.0,22.0,0.7837824180702871,-0.38041624764986226,0.0,0.0,13,0.0002842027021118447,0.43380263215425646,0.005159372130645796,2.1861746316295747e-05,0.5066896943727865
rvlr11__tu,float64,0.0,-6.0,10.0,16.0,0.7423793716088147,-0.40055091600717063,0.0,0.0,11,0.0002404792094792532,0.43380263215425646,0.005159372130645796,2.1861746316295747e-05,0.5196318481920336
rvlr10__tu,float64,0.0,-6.0,8.0,14.0,0.7420613006190289,-0.19806742162563945,0.0,0.0,11,0.0002404792094792532,0.25978313147654236,0.005159372130645796,2.1861746316295747e-05,0.6745004590966727
rvlr09__tu,float64,0.0,-6.0,17.0,23.0,1.3178179801238807,0.136089370818941,0.0,0.0,19,0.00041537318000961916,0.25978313147654236,0.005159372130645796,2.1861746316295747e-05,0.5214682348826024
rvlr08__tu,float64,0.0,-6.0,17.0,23.0,1.2609068418404585,0.09571072537274278,0.0,0.0,19,0.00041537318000961916,0.25978313147654236,0.005159372130645796,2.1861746316295747e-05,0.537777097634559
walshr03__tu,float64,0.0,-6.0,5.0,11.0,0.8866077986494499,-1.4017314503082505,-2.0,-2.0,9,0.0001967557168466617,0.828953696821302,0.005159372130645796,2.1861746316295747e-05,0.1535569061256613
walshr04__tu,float64,0.0,-6.0,1.0,7.0,0.7997301366894346,-1.480717939749027,-2.0,-2.0,5,0.00010930873158147872,0.8575925844956495,0.005159372130645796,0.0004809584189585064,0.14192645708539198
walshr05__tu,float64,0.0,-6.0,2.0,8.0,0.8158785414893935,-1.4557299637095011,-2.0,-2.0,6,0.00013117047789777447,0.8455249005290543,0.005159372130645796,6.558523894888724e-05,0.1532071181846006
walshr06__tu,float64,0.0,-6.0,4.0,10.0,0.8394954254162301,-1.4201827641992042,-2.0,-2.0,7,0.0001530322242140702,0.828953696821302,0.005159372130645796,2.1861746316295747e-05,0.16767959424598836
linkf012__tu,float64,0.0,0.0,6738.290382699191,6738.290382699191,75.05316877465386,4.292905883982405,0.0,0.0,362,0.00791395216649906,0.0,0.9903808316208299,2.1861746316295747e-05,0.9903808316208299
linkf011__tu,float64,0.0,0.0,6738.290382699191,6738.290382699191,45.87109515261087,1.5172371524046668,0.0,0.0,154,0.003366708932709545,0.0,0.9962179178872809,2.1861746316295747e-05,0.9962179178872809
linkf010__tu,float64,0.0,0.0,143064.0,143064.0,968.3770985412249,37.184169200915896,0.0,0.0,1202,0.026277819072187486,0.0,0.9598399720169647,2.1861746316295747e-05,0.9598399720169647
linkf009__tu,float64,0.0,0.0,143064.0,143064.0,886.8767447846611,28.59535130918684,0.0,0.0,1002,0.021905469808928338,0.0,0.9681037121245245,2.1861746316295747e-05,0.9681037121245245
linkf008__tu,float64,0.0,0.0,12463.0,12463.0,146.71261337404445,11.213023871287529,0.0,0.0,706,0.015434392899304797,0.0,0.9790345852826724,2.1861746316295747e-05,0.9790345852826724
linkf007__tu,float64,0.0,0.0,87.0,87.0,0.6859525353219741,0.04372349263259149,0.0,0.0,25,0.0005465436579073936,0.0,0.9836911372480434,2.1861746316295747e-05,0.9836911372480434
linkf006__tu,float64,0.0,0.0,31.0,31.0,0.4096110010660283,0.024528879366883825,0.0,0.0,19,0.00041537318000961916,0.0,0.9898998732018713,2.1861746316295747e-05,0.9898998732018713
linkf005__tu,float64,0.0,0.0,30.0,30.0,0.23399241430257972,0.008832145511783481,0.0,0.0,13,0.0002842027021118447,0.0,0.9960430239167505,2.1861746316295747e-05,0.9960430239167505
linkf004__tu,float64,0.0,0.0,190.0,190.0,2.3384780053172305,0.17251104018188973,0.0,0.0,54,0.0011805343010799702,0.0,0.9578505531021818,2.1861746316295747e-05,0.9578505531021818
linkf003__tu,float64,0.0,0.0,190.0,190.0,2.1611060564667746,0.13184819203357964,0.0,0.0,47,0.0010275020768659,0.0,0.9667264221065979,2.1861746316295747e-05,0.9667264221065979
linkf002__tu,float64,0.0,0.0,87.0,87.0,0.9194002955016934,0.06381443749726728,0.0,0.0,29,0.0006339906431725766,0.0,0.9780726684447554,2.1861746316295747e-05,0.9780726684447554
linkf001__tu,object,0.0,,,,,,,hit,3,6.558523894888724e-05,,,,
paymnt11__tu,float64,0.0,-6.0,274.0,280.0,20.31873384662749,15.106510428052992,10.0,-2.0,199,0.004350487516942853,0.14245113899698308,0.005159372130645796,2.1861746316295747e-05,0.08860565781994666
paymnt10__tu,float64,0.0,-6.0,73.0,79.0,5.68057213208526,3.532311661055485,3.0,-2.0,66,0.0014428752568755193,0.19373879585501289,0.005159372130645796,2.1861746316295747e-05,0.12598924402081238
paymnt09__tu,float64,0.0,-6.0,50.0,56.0,3.0531871890611386,-1.0422086922303393,-2.0,-2.0,1204,0.02632154256482008,0.8355778059551398,0.005159372130645796,0.0003060644484281404,0.0021205893926806874
paymnt08__tu,float64,0.0,-6.0,50.0,56.0,3.2949427284574804,-0.925210091382101,-2.0,-2.0,1291,0.02822351449433781,0.7953959162257881,0.005159372130645796,0.0004590966726422107,0.0021205893926806874
paymnt07__tu,float64,0.0,-6.0,50.0,56.0,4.105575885937125,-0.35618774867736225,-2.0,-2.0,1480,0.032355384548117705,0.6113637357352105,0.005159372130645796,0.0010275020768659,0.0021424511389969833
paymnt06__tu,float64,0.0,-6.0,50.0,56.0,3.1749940599688005,-0.16356390188448008,-1.0,-2.0,1321,0.02887936688382668,0.5496917493769402,0.005159372130645796,0.0003716496873770277,0.0021205893926806874
paymnt05__tu,float64,0.0,0.0,343508.04,343508.04,8106.028974116839,1687.050429186671,0.0,0.0,7351,0.16070569717109004,0.0,0.6010231297276026,2.1861746316295747e-05,0.6010231297276026
paymnt04__tu,float64,0.0,0.0,218258.72999999998,218258.72999999998,3093.7218380145014,356.63134233525756,0.0,0.0,2855,0.06241528573302436,0.0,0.8045341261859997,2.1861746316295747e-05,0.8045341261859997
paymnt03__tu,float64,0.0,0.0,107757.0,107757.0,1460.924573362443,111.66358692393236,0.0,0.0,1342,0.02933846355646889,0.0,0.9233089939224345,2.1861746316295747e-05,0.9233089939224345
paymnt02__tu,float64,0.0,-6.0,47.0,53.0,3.0000105876091863,0.7703642166936295,0.0,0.0,37,0.0008088846137029426,0.32335708976433036,0.005159372130645796,2.1861746316295747e-05,0.27766603996327227
paymnt01__tu,float64,0.0,-6.0,19.0,25.0,1.4253739730529598,-0.4475318088408902,0.0,0.0,18,0.0003935114336933234,0.40317432556512617,0.005159372130645796,2.1861746316295747e-05,0.4013598006208736
walshr10__tu,float64,0.0,-6.0,999.0,1005.0,377.8952994394235,170.79718857942373,-2.0,-2.0,28,0.0006121288968562808,0.819859210353723,0.005159372130645796,0.17231428446504307,0.0021205893926806874
walshr09__tu,float64,0.0,-6.0,999.0,1005.0,359.6370054412623,151.1651436316733,-2.0,-2.0,28,0.0006121288968562808,0.819859210353723,0.005159372130645796,0.15248568055616282,0.0021205893926806874
walshr08__tu,float64,0.0,-6.0,100.0,106.0,6.978482142795236,0.3394947750426304,-2.0,-2.0,2741,0.05992304665296664,0.828953696821302,0.005159372130645796,0.00010930873158147872,0.032486555026015475
walshr07__tu,float64,0.0,-6.0,100.0,106.0,4.5170346400079895,-0.607158191596344,-2.0,-2.0,1839,0.040203751475667876,0.8455249005290543,0.005159372130645796,4.3723492632591494e-05,0.036618425079795375
rvlr07__tu,float64,0.0,-6.0,16.0,22.0,1.1179033153736482,0.006799003104367977,0.0,0.0,18,0.0003935114336933234,0.25978313147654236,0.005159372130645796,2.1861746316295747e-05,0.5739582877880285
rvlr05__tu,float64,0.0,-6.0,100.0,106.0,30.806795322969634,11.564370381706095,-1.0,-2.0,3431,0.0750076516112107,0.6342748458746885,0.005159372130645796,0.07078833457216563,0.19946657338988238
linkf014__tu,float64,0.0,0.0,143064.0,143064.0,1066.0635495960644,114.26416231770514,0.0,0.0,2669,0.058349000918193346,0.0,0.8771588474487342,2.1861746316295747e-05,0.8771588474487342
agg819__tu,float64,0.0,0.0,19335.01,19335.01,234.1391375949402,38.37457509873102,0.0,0.0,1527,0.03338288662498361,0.0,0.856149709238774,2.1861746316295747e-05,0.856149709238774
agg908__tu,float64,0.0,0.0,124674.0,124674.0,3146.346715351861,1336.6107585650466,269.33,0.0,10122,0.22128459621354554,0.0,0.45164181714835383,2.1861746316295747e-05,0.45164181714835383
agg907__tu,float64,0.0,0.0,110682.0,110682.0,2926.686373575968,1205.9927416284213,158.0,0.0,9614,0.2101788290848673,0.0,0.47560229111101393,2.1861746316295747e-05,0.47560229111101393
agg906__tu,float64,0.0,-6.0,841.09,847.09,54.81441356784527,49.32391675046943,32.31,-1.0,10854,0.23728739451707404,0.43507061344060166,0.005159372130645796,2.1861746316295747e-05,0.025206593502688994
agg905__tu,float64,0.0,-6.0,841.09,847.09,57.419302437658345,49.59718136504704,14.945,-1.0,10160,0.22211534257356477,0.4568449127716322,0.005159372130645796,2.1861746316295747e-05,0.027458353373267456
agg904__tu,float64,0.0,-6.0,3.0,9.0,1.2545516035505728,-0.13488697477154474,0.0,0.0,7,0.0001530322242140702,0.23212802238642824,0.005159372130645796,0.006405491670674653,0.48895981811027067
agg903__tu,float64,0.0,-6.0,3.0,9.0,1.2733919671537066,-0.1110139477941498,0.0,0.0,7,0.0001530322242140702,0.23212802238642824,0.005159372130645796,0.007804643434917581,0.47262909361199773
agg902__tu,float64,0.0,-6.0,3.0,9.0,1.611461421205912,0.7929255388920466,1.0,2.0,7,0.0001530322242140702,0.1603559092300293,0.005159372130645796,0.13123606313672337,0.21975427397140485
agg901__tu,float64,0.0,-6.0,3.0,9.0,1.4529006359255134,0.48686109046390624,1.0,0.0,7,0.0001530322242140702,0.1603559092300293,0.005159372130645796,0.058305277425560756,0.3129946220104062
agg824__tu,float64,0.0,0.0,12251.0,12251.0,185.45913926436938,31.800941258008073,0.0,0.0,1413,0.03089064754492589,0.0,0.8749508110707883,2.1861746316295747e-05,0.8749508110707883
agg823__tu,float64,0.0,0.0,12166.71,12166.71,204.54715750026418,33.9341766676499,0.0,0.0,1465,0.03202745835337327,0.0,0.872043198810721,2.1861746316295747e-05,0.872043198810721
agg822__tu,float64,0.0,0.0,17646.0,17646.0,197.5237807008675,33.68412547137246,0.0,0.0,1486,0.032486555026015475,0.0,0.8678894670106249,2.1861746316295747e-05,0.8678894670106249
agg821__tu,float64,0.0,0.0,14530.0,14530.0,205.29047692145048,35.098912191057295,0.0,0.0,1485,0.03246469327969918,0.0,0.8639324909273752,2.1861746316295747e-05,0.8639324909273752
agg820__tu,float64,0.0,0.0,26567.329999999998,26567.329999999998,249.18991118301886,37.20924035518409,0.0,0.0,1512,0.033054960430239165,0.0,0.8611560491452057,2.1861746316295747e-05,0.8611560491452057
agg818__tu,float64,0.0,0.0,31883.899999999998,31883.899999999998,264.8367065276495,40.25315617411959,0.0,0.0,1583,0.03460714441869617,0.0,0.8525643828429015,2.1861746316295747e-05,0.8525643828429015
rvlr04__tu,float64,0.0,0.0,14818.0,14818.0,394.43860818068083,57.43477990409965,0.0,0.0,1715,0.0374928949324472,0.0,0.9534344803462901,2.1861746316295747e-05,0.9534344803462901
agg817__tu,float64,0.0,0.0,14067.91,14067.91,235.0272820383556,41.19502622073513,0.0,0.0,1616,0.035328582047133926,0.0,0.8486511302522846,2.1861746316295747e-05,0.8486511302522846
agg816__tu,float64,0.0,0.0,24343.0,24343.0,265.56955804742756,44.87649481064029,0.0,0.0,1688,0.03690262778190722,0.0,0.8412618599973766,2.1861746316295747e-05,0.8412618599973766
agg815__tu,float64,0.0,0.0,12040.609999999999,12040.609999999999,232.58625459833124,43.79052732589462,0.0,0.0,1682,0.03677145730400944,0.0,0.8395785055310219,2.1861746316295747e-05,0.8395785055310219
agg814__tu,float64,0.0,0.0,10850.0,10850.0,231.85708253431338,46.30558040207103,0.0,0.0,1728,0.03777709763455905,0.0,0.8335883870403568,2.1861746316295747e-05,0.8335883870403568
agg813__tu,float64,0.0,0.0,14613.0,14613.0,247.3656614900111,46.52979254663071,0.0,0.0,1748,0.03821433256088496,0.0,0.8326046084561235,2.1861746316295747e-05,0.8326046084561235
agg812__tu,float64,0.0,0.0,9947.0,9947.0,234.05872553599886,47.77789374967677,0.0,0.0,1769,0.03867342923352717,0.0,0.8254558174106947,2.1861746316295747e-05,0.8254558174106947
agg811__tu,float64,0.0,0.0,8399.23,8399.23,221.55111944329232,46.98947633422379,0.0,0.0,1747,0.03819247081456867,0.0,0.8254339556643785,2.1861746316295747e-05,0.8254339556643785
agg810__tu,float64,0.0,0.0,12379.0,12379.0,225.00997769874672,48.240652657317014,0.0,0.0,1761,0.038498535262996805,0.0,0.8178697914389401,2.1861746316295747e-05,0.8178697914389401
agg809__tu,float64,0.0,0.0,24250.0,24250.0,260.4670987642593,50.002166987115274,0.0,0.0,1756,0.03838922653141533,0.0,0.8161427134799528,2.1861746316295747e-05,0.8161427134799528
agg808__tu,float64,0.0,0.0,18444.55,18444.55,240.88567487571814,50.55993006113775,0.0,0.0,1797,0.03928555813038345,0.0,0.8128197280398758,2.1861746316295747e-05,0.8128197280398758
agg807__tu,float64,0.0,0.0,22364.32,22364.32,262.2691633429956,53.07754588678279,0.0,0.0,1879,0.0410782213283197,0.0,0.8087971667176774,2.1861746316295747e-05,0.8087971667176774
agg806__tu,float64,0.0,0.0,10888.25,10888.25,258.9671701748208,55.898788719912446,0.0,0.0,1912,0.04179965895675747,0.0,0.8045341261859997,2.1861746316295747e-05,0.8045341261859997
agg805__tu,float64,0.0,0.0,21315.0,21315.0,262.460162456877,57.053286028713615,0.0,0.0,1962,0.04289274627257225,0.0,0.798937519129028,2.1861746316295747e-05,0.798937519129028
agg909__tu,float64,0.0,-6.0,12.0,18.0,3.8332084761452685,1.5628525206593502,1.0,-1.0,16,0.00034978794106073195,0.42943028289099733,0.005159372130645796,0.043439289930479644,0.0021205893926806874
agg910__tu,float64,0.0,-6.0,841.09,847.09,60.71349096791318,53.9824487342043,21.055,-1.0,8530,0.18648069607800272,0.4568449127716322,0.005159372130645796,2.1861746316295747e-05,0.027458353373267456
agg911__tu,float64,0.0,-6.0,876.67,882.67,64.48685807821947,60.70067334178591,55.25,-1.0,8208,0.17944121376415548,0.43507061344060166,0.005159372130645796,2.1861746316295747e-05,0.025162870010056404
trv01__tu,float64,0.0,-6.0,999.0,1005.0,424.38183319147987,237.7215032136767,1.0,1.0,29,0.0006339906431725766,0.30486205238074415,0.005159372130645796,0.23706877705391108,0.0021205893926806874
rvlr03__tu,float64,0.0,0.0,48485.0,48485.0,1461.6110893642476,342.38194311400616,0.0,0.0,4583,0.1001923833675834,0.0,0.8337414192645709,2.1861746316295747e-05,0.8337414192645709
rvlr02__tu,float64,0.0,-6.0,1262.5,1268.5,20.2931751177602,2.2210839053823648,-1.0,-1.0,1679,0.036705872065060555,0.8475580429364697,0.005159372130645796,2.1861746316295747e-05,0.10734117441301211
rvlr01__tu,float64,0.0,-6.0,527.0,533.0,37.06811760425642,14.641082375060138,-1.0,-2.0,3366,0.07358663810065148,0.6120195881246994,0.005159372130645796,2.1861746316295747e-05,0.22478247562415285
balmag02__tu,float64,0.0,-6.0,600.0,606.0,168.65877342589084,212.38303965720783,296.0,-1.0,517,0.0113025228455249,0.3571553495693236,0.005159372130645796,0.0002404792094792532,0.0022954833632110533
balmag01__tu,float64,0.0,-6.0,600.0,606.0,124.06747248843222,234.95804730881903,265.0,-2.0,584,0.012767259848716716,0.10911197586463206,0.005159372130645796,0.001727077958987364,0.004416072755891741
trv23__tu,float64,0.0,-6.0,2.0,8.0,0.54156997153353,-1.0673123169078746,-1.0,-1.0,6,0.00013117047789777447,0.9749245769752087,0.005159372130645796,0.0005902671505399851,0.006667832626470202
trv22__tu,float64,0.0,-6.0,6.0,12.0,0.9426094907390037,-0.8665559004853308,-1.0,0.0,10,0.00021861746316295745,0.555288356433912,0.005159372130645796,2.1861746316295747e-05,0.43695072362380305
trv21__tu,float64,0.0,-6.0,2.0,8.0,0.8764933678503186,-1.3339381749814174,-2.0,-2.0,6,0.00013117047789777447,0.7856674391150366,0.005159372130645796,0.0001530322242140702,0.21107516068383542
trv20__tu,float64,0.0,-6.0,3.0,9.0,0.9363045638140095,-1.0072580997770102,-1.0,0.0,7,0.0001530322242140702,0.6218136504743998,0.005159372130645796,2.1861746316295747e-05,0.37595645140133793
trv19__tu,float64,0.0,-6.0,2.0,8.0,0.9311586822385564,-1.066612741025753,-1.0,-2.0,6,0.00013117047789777447,0.6506711556119102,0.005159372130645796,2.1861746316295747e-05,0.34860740675965196
trv18__tu,float64,0.0,-6.0,11.0,17.0,1.1440281958151013,-0.750819815486861,-1.0,0.0,14,0.0003060644484281404,0.555288356433912,0.005159372130645796,2.1861746316295747e-05,0.3580298194219754
trv17__tu,float64,0.0,-6.0,7.0,13.0,1.0139670023449765,-1.2722880503694636,-2.0,-2.0,11,0.0002404792094792532,0.7856674391150366,0.005159372130645796,2.1861746316295747e-05,0.16346027720694328
trv16__tu,float64,0.0,-6.0,5.0,11.0,0.9904755655427077,-0.9760832495299725,-1.0,-2.0,9,0.0001967557168466617,0.6218136504743998,0.005159372130645796,4.3723492632591494e-05,0.3495474618512527
trv15__tu,float64,0.0,-6.0,3.0,9.0,0.9495489553127499,-1.0559004853307683,-1.0,-2.0,7,0.0001530322242140702,0.6506711556119102,0.005159372130645796,4.3723492632591494e-05,0.33841983297625816
trv14__tu,float64,0.0,-6.0,12.0,18.0,3.7253748718198785,1.5639018844825325,0.0,-2.0,16,0.00034978794106073195,0.40055091600717063,0.005159372130645796,0.010515499978138254,0.15182982816667395
trv13__tu,float64,0.0,-6.0,23.0,29.0,1.8695489716069098,-0.4954527567662105,-1.0,-2.0,23,0.0005028201652748022,0.5872502295483363,0.005159372130645796,2.1861746316295747e-05,0.15504350487516944
trv12__tu,float64,0.0,-6.0,51.0,57.0,2.8636662658868928,0.3436229285995365,0.0,0.0,40,0.0008744698526518298,0.43441476105111276,0.005159372130645796,2.1861746316295747e-05,0.25149752962266625
trv11__tu,float64,0.0,-6.0,19.0,25.0,1.4985238970589196,-0.39834287962922477,0.0,0.0,20,0.0004372349263259149,0.45861571422325215,0.005159372130645796,2.1861746316295747e-05,0.3253027851864807
trv10__tu,float64,0.0,-6.0,12.0,18.0,5.080553747992327,5.382121463862533,6.0,12.0,16,0.00034978794106073195,0.14175156311486162,0.005159372130645796,0.1536006296182939,0.12362817541865244
trv09__tu,float64,0.0,-6.0,24.0,30.0,1.7021759548606104,-0.28444318132132396,0.0,-2.0,25,0.0005465436579073936,0.3901010012679813,0.005159372130645796,2.1861746316295747e-05,0.2815355690612566
trv08__tu,float64,0.0,-6.0,57.0,63.0,4.2255187254835285,2.3300249223908005,2.0,0.0,51,0.0011149490621310831,0.19146517423811815,0.005159372130645796,2.1861746316295747e-05,0.19048139565388483
trv07__tu,float64,0.0,-6.0,21.0,27.0,1.930003982370623,0.3284508766560273,0.0,0.0,23,0.0005028201652748022,0.2540116304490403,0.005159372130645796,6.558523894888724e-05,0.2968387914826636
trv06__tu,float64,0.0,-6.0,12.0,18.0,4.7215460517727825,4.113090813694198,3.0,0.0,16,0.00034978794106073195,0.14175156311486162,0.005159372130645796,0.0821783044029557,0.1952909798434699
trv05__tu,float64,0.0,-6.0,26.0,32.0,1.9754155389313925,-0.1855843644790346,0.0,-2.0,26,0.0005684054042236894,0.3901010012679813,0.005159372130645796,2.1861746316295747e-05,0.30811945258187223
trv04__tu,float64,0.0,-6.0,77.0,83.0,4.47989134762363,2.0721874863364085,1.0,0.0,57,0.0012461195400288575,0.19146517423811815,0.005159372130645796,2.1861746316295747e-05,0.2676533601504088
trv03__tu,float64,0.0,-6.0,27.0,33.0,1.9937700510756513,0.277644178216956,0.0,0.0,26,0.0005684054042236894,0.2540116304490403,0.005159372130645796,2.1861746316295747e-05,0.35586550653666216
trv02__tu,float64,0.0,-6.0,12.0,18.0,5.022963420137909,2.9522758077915263,0.0,-1.0,16,0.00034978794106073195,0.31990293384635565,0.005159372130645796,0.14522758077915263,0.24996720738052555
linkf013__tu,float64,0.0,0.0,9729.0,9729.0,111.1339169313861,7.723082184165776,0.0,0.0,557,0.012176992698176731,0.0,0.9843907131301648,2.1861746316295747e-05,0.9843907131301648
linkf015__tu,float64,0.0,0.0,190.0,190.0,3.289910443986605,0.5920160902452888,0.0,0.0,73,0.0015959074810895895,0.0,0.8685234576537973,2.1861746316295747e-05,0.8685234576537973
linkf139__tu,float64,0.0,0.0,4.0,4.0,0.24022149987883545,0.04958244064535875,0.0,0.0,5,0.00010930873158147872,0.0,0.9550522495736959,8.744698526518299e-05,0.9550522495736959
linkf094__tu,float64,0.0,0.0,40.0,40.0,0.7475425359963289,0.09571072537274278,0.0,0.0,27,0.0005902671505399851,0.0,0.9570635302347952,2.1861746316295747e-05,0.9570635302347952
linkf107__tu,float64,0.0,0.0,80.0,80.0,7.597075373719788,5.19174937694023,2.0,0.0,70,0.0015303222421407022,0.0,0.35188666870709634,2.1861746316295747e-05,0.35188666870709634
linkf106__tu,float64,0.0,0.0,2498.0,2498.0,848.8918751709201,426.5912072056316,0.0,0.0,1911,0.04177779721044117,0.0,0.7836998819465699,4.3723492632591494e-05,0.7836998819465699
linkf105__tu,float64,0.0,0.0,2495.0,2495.0,525.60620536982,349.00109308731584,83.0,0.0,2368,0.051768615276988325,0.0,0.3598006208735954,2.1861746316295747e-05,0.3598006208735954
linkf104__tu,float64,0.0,0.0,4.0,4.0,0.05998137169946345,0.0030825062305977003,0.0,0.0,4,8.744698526518299e-05,0.0,0.9971142494862489,2.1861746316295747e-05,0.9971142494862489
linkf103__tu,float64,0.0,0.0,5.0,5.0,0.08485738249352677,0.005968256744348739,0.0,0.0,5,0.00010930873158147872,0.0,0.9945127016746098,2.1861746316295747e-05,0.9945127016746098
linkf102__tu,float64,0.0,0.0,8.0,8.0,0.1471183680859495,0.014778540509815924,0.0,0.0,7,0.0001530322242140702,0.0,0.9876262515849766,2.1861746316295747e-05,0.9876262515849766
linkf101__tu,float64,0.0,0.0,15.0,15.0,0.2276236858826051,0.028070482270123737,0.0,0.0,9,0.0001967557168466617,0.0,0.9788815530584584,2.1861746316295747e-05,0.9788815530584584
linkf100__tu,float64,0.0,0.0,15.0,15.0,0.3554197612382843,0.058370862664509644,0.0,0.0,11,0.0002404792094792532,0.0,0.9609111975864633,2.1861746316295747e-05,0.9609111975864633
linkf099__tu,float64,0.0,0.0,15.0,15.0,0.6849250550898454,0.1480696078002711,0.0,0.0,16,0.00034978794106073195,0.0,0.9235713348782301,2.1861746316295747e-05,0.9235713348782301
linkf098__tu,float64,0.0,0.0,178.0,178.0,4.511613721669548,0.820515062743212,0.0,0.0,100,0.0021861746316295745,0.0,0.8331948756066635,4.3723492632591494e-05,0.8331948756066635
linkf097__tu,float64,0.0,0.0,76.0,76.0,1.9997205615412155,0.30392199728914343,0.0,0.0,56,0.0012242577937125617,0.0,0.9090114118315771,2.1861746316295747e-05,0.9090114118315771
linkf096__tu,float64,0.0,0.0,70.0,70.0,1.5000178283299268,0.22110970224301518,0.0,0.0,41,0.0008963315989681255,0.0,0.9243146342529841,2.1861746316295747e-05,0.9243146342529841
linkf095__tu,float64,0.0,0.0,40.0,40.0,0.9906000546085924,0.13606750907262471,0.0,0.0,33,0.0007214376284377596,0.0,0.9446679200734555,2.1861746316295747e-05,0.9446679200734555
linkf093__tu,float64,0.0,0.0,20.0,20.0,0.4715833137397374,0.05384548117703642,0.0,0.0,17,0.0003716496873770277,0.0,0.9722574439246207,2.1861746316295747e-05,0.9722574439246207
linkf078__tu,float64,0.0,0.0,255.0,255.0,3.2453417542752625,0.39797122994184775,0.0,0.0,65,0.0014210135105592234,0.0,0.9429189803681518,2.1861746316295747e-05,0.9429189803681518
linkf092__tu,float64,0.0,0.0,9.0,9.0,0.23581985638730002,0.0215775436141839,0.0,0.0,10,0.00021861746316295745,0.0,0.986620611254427,2.1861746316295747e-05,0.986620611254427
linkf091__tu,float64,0.0,0.0,197.0,197.0,5.36094631248227,1.1582353198373485,0.0,0.0,107,0.0023392068558436446,0.0,0.7859079183245158,2.1861746316295747e-05,0.7859079183245158
linkf090__tu,float64,0.0,0.0,158.0,158.0,6.616882903839639,3.003038782737965,0.0,0.0,88,0.0019238336758340257,0.0,0.5433081194525818,2.1861746316295747e-05,0.5433081194525818
linkf089__tu,float64,0.0,0.0,149.0,149.0,5.3676942612887,2.311267544051419,0.0,0.0,73,0.0015959074810895895,0.0,0.5907918324515762,2.1861746316295747e-05,0.5907918324515762
linkf088__tu,float64,0.0,0.0,146.0,146.0,4.016139727084803,1.5616064011193214,0.0,0.0,61,0.0013335665252940405,0.0,0.6599405360500197,2.1861746316295747e-05,0.6599405360500197
linkf087__tu,float64,0.0,0.0,126.0,126.0,3.2415894269002576,1.157317126492064,0.0,0.0,56,0.0012242577937125617,0.0,0.7094136679637969,2.1861746316295747e-05,0.7094136679637969
linkf086__tu,float64,0.0,0.0,103.0,103.0,2.3699731198300746,0.7486773643478641,0.0,0.0,45,0.0009837785842333085,0.0,0.7742556075379301,2.1861746316295747e-05,0.7742556075379301
linkf085__tu,float64,0.0,0.0,51.0,51.0,1.351482311930647,0.3607188142188798,0.0,0.0,31,0.0006777141358051682,0.0,0.8567618381356302,2.1861746316295747e-05,0.8567618381356302
linkf084__tu,float64,0.0,0.0,34.0,34.0,0.9939616148761676,0.23339600367277338,0.0,0.0,27,0.0005902671505399851,0.0,0.8931616457522626,2.1861746316295747e-05,0.8931616457522626
linkf083__tu,float64,0.0,0.0,21.0,21.0,0.6139673509734433,0.11741943946482444,0.0,0.0,19,0.00041537318000961916,0.0,0.936054392024835,4.3723492632591494e-05,0.936054392024835
linkf082__tu,float64,0.0,0.0,80.0,80.0,2.043616184334085,0.3745135761444624,0.0,0.0,55,0.001202396047396266,0.0,0.8759783131476543,2.1861746316295747e-05,0.8759783131476543
linkf081__tu,float64,0.0,0.0,2484.0,2484.0,404.179295565146,120.85984434436622,0.0,0.0,2063,0.045100782650518124,0.0,0.8880897206068821,2.1861746316295747e-05,0.8880897206068821
linkf080__tu,float64,0.0,0.0,27461.67,27461.67,172.88633231663718,7.077279907944015,0.0,0.0,270,0.005902671505399851,0.0,0.9937256788072231,2.1861746316295747e-05,0.9937256788072231
linkf108__tu,float64,0.0,0.0,11.0,11.0,0.5031236097200327,0.10522058502033142,0.0,0.0,12,0.00026234095579554895,0.0,0.936054392024835,2.1861746316295747e-05,0.936054392024835
linkf109__tu,float64,0.0,0.0,13.0,13.0,0.7362909501783315,0.19647151414454986,0.0,0.0,14,0.0003060644484281404,0.0,0.8931616457522626,2.1861746316295747e-05,0.8931616457522626
linkf110__tu,float64,0.0,0.0,14.0,14.0,0.9556680585711531,0.29362511477416814,0.0,0.0,15,0.0003279261947444362,0.0,0.8567618381356302,4.3723492632591494e-05,0.8567618381356302
linkf111__tu,float64,0.0,0.0,19.0,19.0,1.4700049589517536,0.5669625289668139,0.0,0.0,19,0.00041537318000961916,0.0,0.7742556075379301,4.3723492632591494e-05,0.7742556075379301
linkf138__tu,float64,0.0,0.0,11.0,11.0,1.0069529450388914,0.6184906650343229,0.0,0.0,12,0.00026234095579554895,0.0,0.6210484893533296,2.1861746316295747e-05,0.6210484893533296
linkf137__tu,float64,0.0,0.0,10.0,10.0,0.8209335060833357,0.4534344803462901,0.0,0.0,10,0.00021861746316295745,0.0,0.6920554413886582,2.1861746316295747e-05,0.6920554413886582
linkf136__tu,float64,0.0,0.0,60000.0,60000.0,950.5277418415046,283.50800139915174,0.0,0.0,2882,0.06300555288356434,0.0,0.8209960211621704,2.1861746316295747e-05,0.8209960211621704
linkf135__tu,float64,0.0,0.0,233445.0,233445.0,2849.390126603005,526.0338478209342,0.0,0.0,5275,0.11532071181846006,0.0,0.8314022124087272,2.1861746316295747e-05,0.8314022124087272
linkf134__tu,float64,0.0,0.0,208.0,208.0,3.0735484776898763,0.563420926063574,0.0,0.0,68,0.0014865987495081107,0.0,0.8314022124087272,4.3723492632591494e-05,0.8314022124087272
linkf133__tu,float64,0.0,0.0,46054.5,46054.5,585.0360594940702,171.81574504831434,0.0,0.0,4499,0.09835599667701456,0.0,0.8314022124087272,2.1861746316295747e-05,0.8314022124087272
linkf132__tu,float64,0.0,0.0,999999.99,999999.99,9198.1959931485,2566.900713419489,1834.6684999999998,0.0,5238,0.11451182720475711,0.0,0.41248742949586814,2.1861746316295747e-05,0.41248742949586814
linkf131__tu,float64,0.0,0.0,297.0,297.0,6.073218302875437,0.6853438852695554,0.0,0.0,100,0.0021861746316295745,0.0,0.9461763805692799,2.1861746316295747e-05,0.9461763805692799
linkf130__tu,float64,0.0,0.0,297.0,297.0,4.762165103881617,0.48060863101744566,0.0,0.0,81,0.0017708014516199554,0.0,0.956757465786367,2.1861746316295747e-05,0.956757465786367
linkf129__tu,float64,0.0,0.0,243.0,243.0,2.5719585029765275,0.24959555769314853,0.0,0.0,56,0.0012242577937125617,0.0,0.9702680250098378,2.1861746316295747e-05,0.9702680250098378
linkf128__tu,float64,0.0,0.0,51.0,51.0,1.3823236170070152,0.14382842901490972,0.0,0.0,40,0.0008744698526518298,0.0,0.9783787328931836,2.1861746316295747e-05,0.9783787328931836
linkf127__tu,float64,0.0,0.0,43.0,43.0,0.7992933891785869,0.06486380132044947,0.0,0.0,29,0.0006339906431725766,0.0,0.9870797079270692,2.1861746316295747e-05,0.9870797079270692
linkf126__tu,float64,0.0,0.0,42.0,42.0,0.34600066183729716,0.014822264002448515,0.0,0.0,16,0.00034978794106073195,0.0,0.9954527567662105,2.1861746316295747e-05,0.9954527567662105
linkf125__tu,float64,0.0,0.0,302.0,302.0,9.801237448201604,1.8632110532989374,0.0,0.0,153,0.003344847186393249,0.0,0.872852083424424,2.1861746316295747e-05,0.872852083424424
linkf124__tu,float64,0.0,0.0,128884.0,128884.0,2250.939532018568,361.0968140976013,0.0,0.0,3942,0.08617900397883783,0.0,0.8759783131476543,2.1861746316295747e-05,0.8759783131476543
linkf123__tu,float64,0.0,0.0,46054.5,46054.5,558.8709046856923,131.32092016090238,0.0,0.0,3350,0.07323685015959075,0.0,0.8759783131476543,2.1861746316295747e-05,0.8759783131476543
linkf122__tu,float64,0.0,0.0,302.0,302.0,6.805382872152157,0.9892658825586987,0.0,0.0,111,0.002426653841108828,0.0,0.9070657164094268,2.1861746316295747e-05,0.9070657164094268
linkf121__tu,float64,0.0,0.0,302.0,302.0,5.302939354904908,0.7017183332604608,0.0,0.0,86,0.0018801101832014342,0.0,0.9223689388308338,2.1861746316295747e-05,0.9223689388308338
linkf120__tu,float64,0.0,0.0,246.0,246.0,2.9837433574540664,0.3856630667657733,0.0,0.0,62,0.0013554282716103363,0.0,0.9430938743386822,2.1861746316295747e-05,0.9430938743386822
linkf119__tu,float64,0.0,0.0,52.0,52.0,1.7518638987574293,0.2395391543876525,0.0,0.0,44,0.0009619168379170128,0.0,0.9559704429189804,2.1861746316295747e-05,0.9559704429189804
linkf118__tu,float64,0.0,0.0,45.0,45.0,1.0414278737706597,0.1187092824974859,0.0,0.0,30,0.0006558523894888724,0.0,0.97131738883302,2.1861746316295747e-05,0.97131738883302
linkf117__tu,float64,0.0,0.0,43.0,43.0,0.4657057927545401,0.03639980761663242,0.0,0.0,17,0.0003716496873770277,0.0,0.9863801320449478,2.1861746316295747e-05,0.9863801320449478
linkf116__tu,float64,0.0,0.0,317.0,317.0,12.372396251382394,3.021446373136286,0.0,0.0,179,0.003913252590616939,0.0,0.7858204713392506,2.1861746316295747e-05,0.7858204713392506
linkf115__tu,float64,0.0,0.0,30.0,30.0,3.4368449176715976,1.9385466311048927,0.0,0.0,30,0.0006558523894888724,0.0,0.5433081194525818,2.1861746316295747e-05,0.5433081194525818
linkf114__tu,float64,0.0,0.0,28.0,28.0,2.924804236226164,1.557081019631848,0.0,0.0,28,0.0006121288968562808,0.0,0.5907918324515762,6.558523894888724e-05,0.5907918324515762
linkf113__tu,float64,0.0,0.0,26.0,26.0,2.300717643801676,1.104455423899261,0.0,0.0,26,0.0005684054042236894,0.0,0.6599405360500197,2.1861746316295747e-05,0.6599405360500197
linkf112__tu,float64,0.0,0.0,23.0,23.0,1.9103020209629584,0.8427921822395172,0.0,0.0,22,0.0004809584189585064,0.0,0.7094136679637969,2.1861746316295747e-05,0.7094136679637969
linkf079__tu,float64,0.0,0.0,233445.0,233445.0,4124.326844455913,726.7971000799812,0.0,0.0,5391,0.11785667439115037,0.0,0.8322110970224301,2.1861746316295747e-05,0.8322110970224301
linkf077__tu,float64,0.0,0.0,77.0,77.0,0.606363685020462,0.044379345022080366,0.0,0.0,17,0.0003716496873770277,0.0,0.9758209085741769,2.1861746316295747e-05,0.9758209085741769
linkf016__tu,float64,0.0,0.0,83.0,83.0,15.106512769135442,4.946067071837699,0.0,0.0,84,0.0018363866905688427,0.0,0.8697258537011936,0.00021861746316295745,0.8697258537011936
linkf031__tu,float64,0.0,0.0,355.0,355.0,13.777155525464924,3.3258274670980716,0.0,0.0,200,0.004372349263259149,0.0,0.8111582353198373,2.1861746316295747e-05,0.8111582353198373
linkf044__tu,float64,0.0,0.0,215.0,215.0,3.4190160080825036,0.6247868479734161,0.0,0.0,73,0.0015959074810895895,0.0,0.8471645315027765,2.1861746316295747e-05,0.8471645315027765
linkf043__tu,float64,0.0,0.0,40.0,40.0,0.8301241491330615,0.10218180228236631,0.0,0.0,29,0.0006339906431725766,0.0,0.95638581609899,2.1861746316295747e-05,0.95638581609899
linkf042__tu,float64,0.0,0.0,4.0,4.0,0.12366603730780058,0.011892789996064886,0.0,0.0,5,0.00010930873158147872,0.0,0.9895500852608107,2.1861746316295747e-05,0.9895500852608107
linkf041__tu,float64,0.0,0.0,3.0,3.0,0.0673266094602487,0.0038039438590354597,0.0,0.0,4,8.744698526518299e-05,0.0,0.9965239823357089,4.3723492632591494e-05,0.9965239823357089
linkf040__tu,float64,0.0,0.0,22.0,22.0,1.0662153970681352,0.36738664684535,0.0,0.0,16,0.00034978794106073195,0.0,0.821783044029557,2.1861746316295747e-05,0.821783044029557
linkf039__tu,float64,0.0,0.0,76.0,76.0,0.5140297002414365,0.024747496830046786,0.0,0.0,7,0.0001530322242140702,0.0,0.9824231559616983,2.1861746316295747e-05,0.9824231559616983
linkf038__tu,float64,0.0,0.0,583.0,583.0,13.331780047931982,6.820842988937956,2.0,0.0,147,0.0032136767084954745,0.0,0.3797822570066897,2.1861746316295747e-05,0.3797822570066897
linkf037__tu,float64,0.0,0.0,51.0,51.0,1.287226802472384,0.30899392243452406,0.0,0.0,30,0.0006558523894888724,0.0,0.8847230116741726,2.1861746316295747e-05,0.8847230116741726
linkf036__tu,float64,0.0,0.0,21.0,21.0,0.5741714218481837,0.0929780070832058,0.0,0.0,18,0.0003935114336933234,0.0,0.9547680468715841,4.3723492632591494e-05,0.9547680468715841
linkf035__tu,float64,0.0,0.0,215.0,215.0,3.33646755774127,0.5909011411831577,0.0,0.0,70,0.0015303222421407022,0.0,0.8546631104892659,2.1861746316295747e-05,0.8546631104892659
linkf034__tu,float64,0.0,0.0,4820.0,4820.0,117.65664315676817,34.688854597292114,0.0,0.0,1258,0.027502076865900046,0.0,0.837895151064667,2.1861746316295747e-05,0.837895151064667
linkf033__tu,float64,0.0,0.0,6032.0,6032.0,142.58757778510406,44.956572316497095,0.0,0.0,1439,0.03145905294914958,0.0,0.8073105679681692,2.1861746316295747e-05,0.8073105679681692
linkf032__tu,object,0.0,,,,,,,n,3,6.558523894888724e-05,,,,
linkf030__tu,float64,0.0,0.0,102392.0,102392.0,3185.4639355140516,701.739145642954,0.0,0.0,4649,0.10163525862445892,0.0,0.8130820689956714,2.1861746316295747e-05,0.8130820689956714
linkf076__tu,float64,0.0,0.0,19923.0,19923.0,271.7371775477108,26.197444703364216,0.0,0.0,771,0.01685540640986402,0.0,0.9814175156311487,2.1861746316295747e-05,0.9814175156311487
linkf029__tu,float64,0.0,0.0,28080.0,28080.0,540.8223283752891,65.89515106466705,0.0,0.0,1329,0.029054260854357045,0.0,0.9571509772200604,2.1861746316295747e-05,0.9571509772200604
linkf028__tu,float64,0.0,0.0,23985.0,23985.0,353.4413681028545,39.82512789121595,0.0,0.0,1039,0.02271435442263128,0.0,0.9680599886318919,2.1861746316295747e-05,0.9680599886318919
linkf027__tu,float64,0.0,0.0,8536.0,8536.0,174.23503888433117,16.291176599186745,0.0,0.0,659,0.014406890822438897,0.0,0.9799746403742731,2.1861746316295747e-05,0.9799746403742731
linkf026__tu,float64,0.0,0.0,91509.0,91509.0,1543.6784944492704,216.56685322023523,0.0,0.0,2362,0.05163744479909055,0.0,0.9202264876918368,2.1861746316295747e-05,0.9202264876918368
linkf025__tu,float64,0.0,0.0,74216.0,74216.0,1189.9667565794653,158.25890866162388,0.0,0.0,2065,0.045144506143150714,0.0,0.9324690656289625,2.1861746316295747e-05,0.9324690656289625
linkf024__tu,float64,0.0,0.0,48487.0,48487.0,758.0317959094069,93.58725022954833,0.0,0.0,1588,0.034716453150277646,0.0,0.9480783524987976,2.1861746316295747e-05,0.9480783524987976
linkf023__tu,float64,0.0,0.0,119.0,119.0,2.5716621773072714,0.33750163963097374,0.0,0.0,60,0.0013117047789777448,0.0,0.9548773556031656,2.1861746316295747e-05,0.9548773556031656
linkf022__tu,float64,0.0,0.0,86.0,86.0,1.6900138196492007,0.20567530934371037,0.0,0.0,43,0.0009400550916007171,0.0,0.9665078046434349,2.1861746316295747e-05,0.9665078046434349
linkf021__tu,float64,0.0,0.0,43.0,43.0,0.8246909674492525,0.08362117965983122,0.0,0.0,28,0.0006121288968562808,0.0,0.9791001705216212,2.1861746316295747e-05,0.9791001705216212
linkf020__tu,float64,0.0,0.0,213.0,213.0,7.0723258888460085,1.0703073761532071,0.0,0.0,118,0.002579686065322898,0.0,0.9181933452844213,2.1861746316295747e-05,0.9181933452844213
linkf019__tu,float64,0.0,0.0,212.0,212.0,5.668911434448567,0.7930129858773118,0.0,0.0,100,0.0021861746316295745,0.0,0.9302828909973329,2.1861746316295747e-05,0.9302828909973329
linkf018__tu,float64,0.0,0.0,195.0,195.0,3.550272293779237,0.47350356346464956,0.0,0.0,72,0.0015740457347732937,0.0,0.9458265926282191,4.3723492632591494e-05,0.9458265926282191
linkf017__tu,float64,0.0,0.0,83.0,83.0,17.568530405699143,6.089108477985222,0.0,0.0,84,0.0018363866905688427,0.0,0.8689825543264396,0.0005028201652748022,0.8689825543264396
linkf045__tu,float64,0.0,0.0,19923.0,19923.0,263.9839528901546,24.125440880312222,0.0,0.0,686,0.014997157972978882,0.0,0.9837129989943597,2.1861746316295747e-05,0.9837129989943597
linkf046__tu,float64,0.0,0.0,76.0,76.0,0.5560632917443479,0.036093743168204274,0.0,0.0,12,0.00026234095579554895,0.0,0.979296926238468,2.1861746316295747e-05,0.979296926238468
linkf047__tu,float64,0.0,0.0,252.0,252.0,3.101553374517742,0.3389882383804818,0.0,0.0,62,0.0013554282716103363,0.0,0.9548554938568493,2.1861746316295747e-05,0.9548554938568493
linkf048__tu,float64,0.0,0.0,233445.0,233445.0,3865.6741789401985,642.376252077502,0.0,0.0,4852,0.10607319312666696,0.0,0.8571334878230074,2.1861746316295747e-05,0.8571334878230074
linkf075__tu,float64,0.0,0.0,215.0,215.0,3.7725278425843602,0.7502732718289536,0.0,0.0,77,0.0016833544663547725,0.0,0.822438896419046,2.1861746316295747e-05,0.822438896419046
linkf074__tu,float64,0.0,0.0,40.0,40.0,1.0013059764604224,0.13707314940317433,0.0,0.0,34,0.0007432993747540554,0.0,0.9446241965808229,2.1861746316295747e-05,0.9446241965808229
linkf073__tu,float64,0.0,0.0,4.0,4.0,0.141208823959468,0.015456254645621092,0.0,0.0,5,0.00010930873158147872,0.0,0.9864894407765292,2.1861746316295747e-05,0.9864894407765292
linkf072__tu,float64,0.0,0.0,3.0,3.0,0.07862729798145733,0.005159372130645796,0.0,0.0,4,8.744698526518299e-05,0.0,0.9952997245419964,6.558523894888724e-05,0.9952997245419964
linkf071__tu,float64,0.0,0.0,23.0,23.0,1.1857765971508683,0.4486467579030213,0.0,0.0,19,0.00041537318000961916,0.0,0.7877443050150846,2.1861746316295747e-05,0.7877443050150846
linkf070__tu,float64,0.0,0.0,76.0,76.0,0.5174179381267107,0.027327182895369683,0.0,0.0,7,0.0001530322242140702,0.0,0.9803462900616501,2.1861746316295747e-05,0.9803462900616501
linkf069__tu,float64,0.0,0.0,85.0,85.0,1.8634646958717784,0.7171964496523983,0.0,0.0,41,0.0008963315989681255,0.0,0.7013685453194001,2.1861746316295747e-05,0.7013685453194001
linkf068__tu,float64,0.0,0.0,587.0,587.0,14.465429317169962,8.006121288968563,3.0,0.0,151,0.0033011236937606574,0.0,0.3539416728608281,2.1861746316295747e-05,0.3539416728608281
linkf067__tu,float64,0.0,0.0,17.0,17.0,0.3135422889652478,0.03862970574089458,0.0,0.0,13,0.0002842027021118447,0.0,0.9747715447509947,2.1861746316295747e-05,0.9747715447509947
linkf066__tu,float64,0.0,0.0,10.0,10.0,0.22477766513218322,0.023348345065803855,0.0,0.0,11,0.0002404792094792532,0.0,0.9834506580385641,2.1861746316295747e-05,0.9834506580385641
linkf065__tu,float64,0.0,0.0,6.0,6.0,0.1386555152545299,0.012023960473962661,0.0,0.0,7,0.0001530322242140702,0.0,0.9903589698745136,4.3723492632591494e-05,0.9903589698745136
linkf064__tu,float64,0.0,0.0,215.0,215.0,3.6846528862618344,0.7139171877049538,0.0,0.0,75,0.001639630973722181,0.0,0.8297188579423724,2.1861746316295747e-05,0.8297188579423724
linkf063__tu,float64,0.0,0.0,72240.0,72240.0,911.022196799199,84.42084800248016,0.0,0.0,1423,0.031109265008088846,0.0,0.9574133181758558,2.1861746316295747e-05,0.9574133181758558
linkf062__tu,float64,0.0,0.0,33.0,33.0,0.734053993728521,0.058982991561365924,0.0,0.0,26,0.0005684054042236894,0.0,0.9836474137554108,2.1861746316295747e-05,0.9836474137554108
linkf061__tu,float64,0.0,0.0,17.0,17.0,0.20582984379079097,0.008285601853876088,0.0,0.0,14,0.0003060644484281404,0.0,0.9956495124830571,2.1861746316295747e-05,0.9956495124830571
linkf060__tu,float64,0.0,0.0,3149.5899999999997,3149.5899999999997,48.537523267337605,2.072003823052011,0.0,0.0,119,0.002601547811639194,0.0,0.9972454199641467,2.1861746316295747e-05,0.9972454199641467
linkf059__tu,float64,0.0,0.0,80.0,80.0,1.3456426722646082,0.12548642385553757,0.0,0.0,45,0.0009837785842333085,0.0,0.9550522495736959,2.1861746316295747e-05,0.9550522495736959
linkf058__tu,float64,0.0,0.0,28.0,28.0,0.4780280533955631,0.03489134712080801,0.0,0.0,21,0.0004590966726422107,0.0,0.9840846486817367,2.1861746316295747e-05,0.9840846486817367
linkf057__tu,float64,0.0,0.0,2.0,2.0,0.06210406698902123,0.0035634646495562067,0.0,0.0,3,6.558523894888724e-05,0.0,0.9965895675746579,0.0001530322242140702,0.9965895675746579
linkf056__tu,float64,0.0,0.0,2.0,2.0,0.03853302510702917,0.0013554282716103363,0.0,0.0,3,6.558523894888724e-05,0.0,0.9987101569673386,6.558523894888724e-05,0.9987101569673386
linkf055__tu,float64,0.0,0.0,5.0,5.0,0.31880483420867683,0.08126011105767128,0.0,0.0,6,0.00013117047789777447,0.0,0.930588955445761,2.1861746316295747e-05,0.930588955445761
linkf054__tu,float64,0.0,0.0,3.0,3.0,0.053657792323114836,0.002579686065322898,0.0,0.0,4,8.744698526518299e-05,0.0,0.9975514844125749,2.1861746316295747e-05,0.9975514844125749
linkf053__tu,float64,0.0,0.0,85.0,85.0,2.413908736489312,1.1852783000306064,0.0,0.0,44,0.0009619168379170128,0.0,0.5837742118840453,2.1861746316295747e-05,0.5837742118840453
linkf052__tu,float64,0.0,0.0,15.0,15.0,0.27947449892930715,0.050435048751694286,0.0,0.0,9,0.0001967557168466617,0.0,0.958681299462201,2.1861746316295747e-05,0.958681299462201
linkf051__tu,float64,0.0,0.0,15.0,15.0,0.18003564167037547,0.024026059201609024,0.0,0.0,6,0.00013117047789777447,0.0,0.9782257006689694,2.1861746316295747e-05,0.9782257006689694
linkf050__tu,float64,0.0,0.0,80.0,80.0,1.3380427916153526,0.12301604652179617,0.0,0.0,43,0.0009400550916007171,0.0,0.9561890603821434,2.1861746316295747e-05,0.9561890603821434
linkf049__tu,float64,0.0,0.0,6391.0,6391.0,108.95566227991965,18.40092365644213,0.0,0.0,1004,0.021949193301560928,0.0,0.9389620042849023,2.1861746316295747e-05,0.9389620042849023
rets903__tu,float64,0.0,0.0,81092.97,81092.97,972.7003067893803,189.3468962897308,0.0,0.0,3788,0.08281229504612829,0.0,0.8174981417515631,2.1861746316295747e-05,0.8174981417515631
rets901__tu,float64,0.0,0.0,37441.03,37441.03,366.8787510533307,47.31792872870462,0.0,0.0,1806,0.03948231384723012,0.0,0.873376765336015,2.1861746316295747e-05,0.873376765336015
bigaccountid__app,float64,0.0,5776704.0,7276221.0,1499517.0,388221.6255214735,6449814.113068952,6386992.0,5776704.0,45742,1.0,0.0,2.1861746316295747e-05,2.1861746316295747e-05,0.0
bc20s__tu,float64,0.0,-5.0,689.0,694.0,55.24692522086489,48.40385203970093,36.0,-1.0,445,0.009728477110751607,0.2529622666258581,2.1861746316295747e-05,4.3723492632591494e-05,0.002426653841108828
bc36s__tu,float64,0.0,-4.0,999.0,1003.0,330.59501345656565,128.4466136154956,1.0,-1.0,85,0.0018582484368851384,0.2529404048795418,0.005159372130645796,0.12594552052817978,0.2430807572908924
bc35s__tu,float64,0.0,-5.0,25258.0,25263.0,878.0993197577476,289.7127585151502,-1.0,-3.0,2816,0.06156267762668882,0.5942678501158672,2.1861746316295747e-05,2.1861746316295747e-05,0.028179791001705215
bc34s__tu,float64,0.0,-5.0,841.0,846.0,48.233414286571076,30.93974902715229,-1.0,-3.0,253,0.005531021818022824,0.5966070569717109,0.0023610686021599404,2.1861746316295747e-05,0.027021118446941543
bc33s__tu,float64,0.0,0.0,83587.0,83587.0,1955.3064638347973,650.9264007281929,0.0,0.0,7093,0.15506536662148573,0.0,0.6224476411175724,2.1861746316295747e-05,0.6224476411175724
bc32s__tu,float64,0.0,0.0,56313.0,56313.0,1301.4004468895378,415.10619428186857,0.0,0.0,5359,0.1171570985090289,0.0,0.6224476411175724,2.1861746316295747e-05,0.6224476411175724
bc31s__tu,float64,0.0,-5.0,100.0,105.0,43.28117663694544,25.732674566044334,-1.0,-3.0,69,0.0015084604958244064,0.5966070569717109,0.0023610686021599404,0.22567880722312098,0.09874950811070789
bc30s__tu,float64,0.0,-5.0,100.0,105.0,45.513405477549036,29.439639718420707,-1.0,-3.0,67,0.001464737003191815,0.5966070569717109,0.0023610686021599404,0.26940229985571246,0.06919242709107604
bc29s__tu,float64,0.0,-5.0,22.0,27.0,2.492142982535238,-0.4630755104717765,-1.0,-3.0,27,0.0005902671505399851,0.5942678501158672,2.1861746316295747e-05,4.3723492632591494e-05,0.028179791001705215
bc28s__tu,float64,0.0,0.0,154020.0,154020.0,3151.8177602971523,960.4972327564868,0.0,0.0,2370,0.051812338769620915,0.0,0.5987057846180753,2.1861746316295747e-05,0.5987057846180753
bc27s__tu,float64,0.0,-6.0,15.0,21.0,2.5134108628050296,-2.495583927244108,-3.0,-3.0,20,0.0004372349263259149,0.8342223776835294,0.23908005771501029,2.1861746316295747e-05,0.021293340912072058
bc25s__tu,float64,0.0,-6.0,18.0,24.0,2.5972107071930797,-1.6865244195706353,-1.0,-3.0,23,0.0005028201652748022,0.7317345109527349,0.13746666083686765,4.3723492632591494e-05,0.03156836168073106
bc24s__tu,float64,0.0,-6.0,19.0,25.0,2.5799277608945093,-1.1287001005640331,-1.0,-3.0,25,0.0005465436579073936,0.6652310786585632,0.07157535743955228,2.1861746316295747e-05,0.03838922653141533
bc21s__tu,float64,0.0,-5.0,643.0,648.0,28.76844980101072,18.199094923702507,9.0,-1.0,280,0.006121288968562809,0.2529622666258581,2.1861746316295747e-05,2.1861746316295747e-05,0.006383629924358358
bc12s__tu,float64,0.0,-4.0,24.0,28.0,2.5735976628057795,-0.38317082768571553,-1.0,-3.0,27,0.0005902671505399851,0.5901578418084037,0.005159372130645796,2.1861746316295747e-05,0.006208735953827991
bc97a__tu,float64,0.0,0.0,101862.61,101862.61,2077.149342084229,330.59552382014016,0.0,0.0,3972,0.0868348563683267,0.0,0.7355603165580866,2.1861746316295747e-05,0.7355603165580866
bc09s__tu,float64,0.0,-5.0,21.0,26.0,1.903451657243007,0.871824581347558,1.0,-1.0,23,0.0005028201652748022,0.2529622666258581,2.1861746316295747e-05,4.3723492632591494e-05,0.2393861221634384
bc06s__tu,float64,0.0,-5.0,9.0,14.0,0.9193446443219001,0.004569104980105811,0.0,0.0,13,0.0002842027021118447,0.2529622666258581,2.1861746316295747e-05,8.744698526518299e-05,0.5548073980149534
bc03s__tu,float64,0.0,-4.0,24.0,28.0,2.441341323215735,-0.5072362380306938,-1.0,-3.0,28,0.0006121288968562808,0.593284071531634,0.005159372130645796,2.1861746316295747e-05,0.03911066415985309
bc02s__tu,float64,0.0,-4.0,24.0,28.0,1.8332611890983994,0.6373573521052862,0.0,0.0,26,0.0005684054042236894,0.2529404048795418,0.005159372130645796,2.1861746316295747e-05,0.3393380263215426
bc01s__tu,float64,0.0,-4.0,44.0,48.0,3.2315194722445217,2.744261291591972,2.0,0.0,36,0.0007870228673866468,0.005159372130645796,0.005159372130645796,4.3723492632591494e-05,0.24990162214157666
au101s__tu,float64,0.0,0.0,150193.0,150193.0,10620.963518469976,5905.070915729663,0.0,0.0,14876,0.3252153382012155,0.0,0.63025228455249,2.1861746316295747e-05,0.63025228455249
au57s__tu,float64,0.0,0.0,55200.0,55200.0,1108.570076411006,154.23200876929116,0.0,0.0,2553,0.05581303834550304,0.0,0.9218442569192427,2.1861746316295747e-05,0.9218442569192427
au51a__tu,float64,0.0,-5.0,732.0,737.0,33.11452431601367,40.425713786017226,48.0,-1.0,139,0.0030387827379651086,0.3250623059770014,0.0847798522145949,2.1861746316295747e-05,0.0021205893926806874
au36s__tu,float64,0.0,-4.0,999.0,1003.0,367.6319570117203,171.97206068820776,2.0,-1.0,90,0.001967557168466617,0.24028245376240653,0.005159372130645796,0.16472825849328845,0.047571159984259544
au35s__tu,float64,0.0,-4.0,94241.0,94245.0,8568.730581862483,4570.375650386953,-1.0,-3.0,11377,0.2487210878404967,0.6854969174937694,0.005159372130645796,2.1861746316295747e-05,0.0021205893926806874
au34s__tu,float64,0.0,-4.0,175.0,179.0,37.55249755239247,20.935398539635347,-1.0,-3.0,158,0.003454155917974728,0.6854969174937694,0.005159372130645796,2.1861746316295747e-05,0.002404792094792532
au33s__tu,float64,0.0,0.0,145510.66999999998,145510.66999999998,9863.632407633828,4981.313066537517,0.0,0.0,12803,0.27989593808753443,0.0,0.6876175068864501,2.1861746316295747e-05,0.6876175068864501
au32s__tu,float64,0.0,0.0,91413.77,91413.77,8795.690238481502,4676.781700943744,0.0,0.0,12733,0.2783656158453937,0.0,0.6876175068864501,2.1861746316295747e-05,0.6876175068864501
bc57s__tu,float64,0.0,0.0,2603.48,2603.48,83.15842507709215,15.90540727946079,0.0,0.0,1088,0.023785579992129772,0.0,0.9202702111844694,2.1861746316295747e-05,0.9202702111844694
bc97b__tu,float64,0.0,0.0,93500.0,93500.0,914.8661811352368,107.54853952907483,0.0,0.0,2123,0.046412487429495865,0.0,0.8871059420226488,2.1861746316295747e-05,0.8871059420226488
addrprevioustimeoldest__ln,float64,0.0,-1.0,821.0,822.0,85.8548109906013,96.46939355515718,72.0,-1.0,508,0.011105767128678239,0.03355778059551397,0.03355778059551397,2.1861746316295747e-05,0.013794761925582615
bi12s__tu,float64,0.0,-4.0,49.0,53.0,2.3441534419972543,-0.8654846749158323,-1.0,-1.0,33,0.0007214376284377596,0.8800664597088015,0.005159372130645796,2.1861746316295747e-05,0.002404792094792532
bi35s__tu,float64,0.0,-4.0,314840.0,314844.0,9170.752546064039,1214.447947182021,-1.0,-1.0,3616,0.07905207467972541,0.8803506624109134,0.005159372130645796,2.1861746316295747e-05,0.0021205893926806874
bi34s__tu,float64,0.0,-4.0,422.0,426.0,34.07611816900238,10.115757946744786,-1.0,-1.0,217,0.004743998950636177,0.8803506624109134,0.005159372130645796,2.1861746316295747e-05,0.0021424511389969833
bi33s__tu,float64,0.0,0.0,530139.0,530139.0,16021.158350499873,2921.5962799496274,0.0,0.0,4166,0.09107603515368808,0.0,0.8824712518035941,2.1861746316295747e-05,0.8824712518035941
bi32s__tu,float64,0.0,0.0,444934.14999999997,444934.14999999997,11468.372785586927,1671.35785464109,0.0,0.0,3913,0.08554501333566525,0.0,0.8824712518035941,2.1861746316295747e-05,0.8824712518035941
bi31s__tu,float64,0.0,-4.0,100.0,104.0,28.791494661730162,7.703270517248918,-1.0,-1.0,37,0.0008088846137029426,0.8803506624109134,0.005159372130645796,0.08508591666302304,0.027523938612216345
bi30s__tu,float64,0.0,-4.0,100.0,104.0,30.77119679142322,9.050150846049583,-1.0,-1.0,31,0.0006777141358051682,0.8803506624109134,0.005159372130645796,0.10084823575707227,0.015062743211927769
bi29s__tu,float64,0.0,-4.0,49.0,53.0,2.344185990564046,-0.866053080320056,-1.0,-1.0,34,0.0007432993747540554,0.8803506624109134,0.005159372130645796,2.1861746316295747e-05,0.0021205893926806874
bi28s__tu,float64,0.0,0.0,447899.0,447899.0,13530.049960194321,2574.85581934054,0.0,0.0,3213,0.07024179091425824,0.0,0.8824712518035941,2.1861746316295747e-05,0.8824712518035941
bi27s__tu,float64,0.0,-6.0,44.0,50.0,2.4269375220025893,-1.2478684797341613,-1.0,-1.0,34,0.0007432993747540554,0.9291679419352018,0.04892658825586988,2.1861746316295747e-05,0.004962616413799134
bi25s__tu,float64,0.0,-6.0,47.0,53.0,2.4331047144972264,-1.137860172270561,-1.0,-1.0,35,0.0007651611210703511,0.9155917974727821,0.03535044379345022,2.1861746316295747e-05,0.006427353416990949
bi24s__tu,float64,0.0,-6.0,49.0,55.0,2.4022850780954994,-1.0208561059857462,-1.0,-1.0,35,0.0007651611210703511,0.9001136810808448,0.019894189147829127,2.1861746316295747e-05,0.007673472957019807
bi21s__tu,float64,0.0,-4.0,456.0,460.0,38.44446829908927,16.185824843688515,-1.0,-1.0,295,0.006449215163307245,0.6871584102138079,0.005159372130645796,2.1861746316295747e-05,0.0021205893926806874
bi20s__tu,float64,0.0,-4.0,474.0,478.0,53.81659431668122,25.567771413580516,-1.0,-1.0,354,0.007739058195968694,0.6871584102138079,0.005159372130645796,2.1861746316295747e-05,0.0021205893926806874
bi09s__tu,float64,0.0,-4.0,20.0,24.0,0.9607943040974709,-0.5179922172183113,-1.0,-1.0,17,0.0003716496873770277,0.6871584102138079,0.005159372130645796,2.1861746316295747e-05,0.18936644659175375
bc98a__tu,float64,0.0,0.0,101862.61,101862.61,2082.3140402045246,333.2354728822712,0.0,0.0,3985,0.08711905907043854,0.0,0.7347514319443837,2.1861746316295747e-05,0.7347514319443837
bi06s__tu,float64,0.0,-4.0,5.0,9.0,0.6188312825112653,-0.6616238905163745,-1.0,-1.0,8,0.00017489397053036597,0.6871584102138079,0.005159372130645796,2.1861746316295747e-05,0.2779721044117004
bi03s__tu,float64,0.0,-4.0,49.0,53.0,2.336134762262939,-0.8740763412181365,-1.0,-1.0,34,0.0007432993747540554,0.8802194919330156,0.005159372130645796,2.1861746316295747e-05,0.008307463600192383
bi02s__tu,float64,0.0,-4.0,49.0,53.0,2.105402528115002,-0.2860172270560972,-1.0,-1.0,32,0.0006995758821214639,0.6871584102138079,0.005159372130645796,2.1861746316295747e-05,0.19502863888767435
bi01s__tu,float64,0.0,-4.0,54.0,58.0,3.004543402853324,1.0796423418302654,0.0,0.0,44,0.0009619168379170128,0.005159372130645796,0.005159372130645796,2.1861746316295747e-05,0.6841196274758428
bc110s__tu,float64,0.0,0.0,54491.0,54491.0,1800.990151422047,455.44467804186667,0.0,0.0,5560,0.12155130951860435,0.0,0.7089108477985221,2.1861746316295747e-05,0.7089108477985221
bc109s__tu,float64,0.0,-5.0,14.0,19.0,1.6211847791495138,-0.09748152682436273,0.0,0.0,18,0.0003935114336933234,0.33767653360150407,0.03725241572296795,2.1861746316295747e-05,0.40149097109877135
bc108s__tu,float64,0.0,-4.0,484.0,488.0,28.051361009746746,11.972213720431988,0.0,0.0,263,0.005749639281185781,0.2529404048795418,0.005159372130645796,2.1861746316295747e-05,0.3335446635477242
bc107s__tu,float64,0.0,-4.0,81.0,85.0,5.483518847893523,2.65167679594246,0.0,0.0,65,0.0014210135105592234,0.2529404048795418,0.005159372130645796,2.1861746316295747e-05,0.2963578330637051
bc106s__tu,float64,0.0,-4.0,35.0,39.0,2.291385600531121,1.221699969393555,1.0,-1.0,27,0.0005902671505399851,0.2529404048795418,0.005159372130645796,2.1861746316295747e-05,0.16940667220497574
bc104s__tu,float64,0.0,-5.0,841.0,846.0,48.35179686262601,31.263674522320844,-1.0,-3.0,257,0.005618468803288007,0.5966070569717109,0.0023610686021599404,2.1861746316295747e-05,0.026780639237462288
bc103s__tu,float64,0.0,-5.0,25500.0,25505.0,1155.2562146135938,486.4004197455293,101.0,-1.0,3606,0.07883345721656246,0.47697958112894057,0.17655546325040444,2.1861746316295747e-05,0.0021205893926806874
bc102s__tu,float64,0.0,-5.0,61553.0,61558.0,1478.6899012734677,449.87597831314764,-1.0,-3.0,1917,0.04190896768833895,0.5965851952253947,0.0023392068558436446,2.1861746316295747e-05,0.0021205893926806874
bc101s__tu,float64,0.0,0.0,84065.0,84065.0,2935.657842139056,1200.1737172448384,111.0,0.0,9597,0.20980717939749027,0.0,0.4791001705216213,2.1861746316295747e-05,0.4791001705216213
au31s__tu,float64,0.0,-4.0,100.0,104.0,38.83976644005377,16.480674216256393,-1.0,-3.0,11,0.0002404792094792532,0.6854969174937694,0.005159372130645796,0.17434742687245858,0.12751956626295308
au30s__tu,float64,0.0,-4.0,100.0,104.0,43.780325179740515,23.10174456735604,-1.0,-3.0,11,0.0002404792094792532,0.6854969174937694,0.005159372130645796,0.24220628743824058,0.06293996764461546
au29s__tu,float64,0.0,-4.0,5.0,9.0,1.7774962712222822,-1.249639281185781,-1.0,-3.0,10,0.00021861746316295745,0.6854969174937694,0.005159372130645796,2.1861746316295747e-05,0.0021205893926806874
addrlastmoveecontrajectoryindex__ln,float64,0.0,-1.0,6.0,7.0,1.8056153993402133,3.282366315421276,4.0,5.0,8,0.00017489397053036597,0.0029731974990162215,0.0029731974990162215,0.03458528267237987,0.03412618599973766
at24s__tu,float64,0.0,-6.0,52.0,58.0,4.954391185442295,1.5182764199204233,1.0,1.0,45,0.0009837785842333085,0.2963141095710725,0.05920160902452888,2.1861746316295747e-05,0.03932928162301605
at21s__tu,float64,0.0,-4.0,532.0,536.0,26.23304121550695,18.676030781338813,9.0,2.0,268,0.00585894801276726,0.005159372130645796,0.005159372130645796,2.1861746316295747e-05,0.008613528048620523
at20s__tu,float64,0.0,-4.0,689.0,693.0,72.54277066112756,117.06042586681824,108.0,84.0,511,0.011171352367627126,0.005159372130645796,0.005159372130645796,4.3723492632591494e-05,0.0022517598705784616
at12s__tu,float64,0.0,-4.0,53.0,57.0,5.107658169542823,2.6506711556119105,2.0,-3.0,48,0.0010493638231821958,0.23011674172532903,0.005159372130645796,2.1861746316295747e-05,0.009750338857067902
at09s__tu,float64,0.0,-4.0,45.0,49.0,3.8562638546247077,3.279917799833851,2.0,0.0,44,0.0009619168379170128,0.005159372130645796,0.005159372130645796,4.3723492632591494e-05,0.22642210659787504
at06s__tu,float64,0.0,-4.0,15.0,19.0,1.2350787281049231,0.6758996108609155,0.0,0.0,17,0.0003716496873770277,0.005159372130645796,0.005159372130645796,2.1861746316295747e-05,0.6136810808447378
at03s__tu,float64,0.0,-4.0,53.0,57.0,4.901519042797235,2.333304184338245,2.0,-3.0,46,0.0010056403305496043,0.2357789340212496,0.005159372130645796,2.1861746316295747e-05,0.03403873901447248
at02s__tu,float64,0.0,-4.0,53.0,57.0,4.496464749702262,3.374972672817105,2.0,0.0,47,0.0010275020768659,0.005159372130645796,0.005159372130645796,2.1861746316295747e-05,0.2270779589873639
at01s__tu,float64,0.0,0.0,240.0,240.0,12.25061585366127,13.053517554982292,9.0,1.0,117,0.002557824319006602,0.0,0.0072799615233264834,2.1861746316295747e-05,0.0072799615233264834
alertregulatorycondition__ln,float64,0.0,0.0,3.0,3.0,0.5268572264460689,1.4242053255214027,1.0,1.0,4,8.744698526518299e-05,0.0,0.004634690219054698,0.012023960473962661,0.004634690219054698
phoneinputmobile__ln,float64,0.0,-1.0,1.0,2.0,0.8943185509259511,0.2711512395610161,1.0,1.0,3,6.558523894888724e-05,0.301079970268025,0.301079970268025,0.5722312098290412,0.12668881990293385
phoneinputsubjectcount__ln,float64,0.0,-1.0,7.0,8.0,0.4796573125822433,-0.29428096716365704,0.0,0.0,8,0.00017489397053036597,0.301079970268025,0.301079970268025,2.1861746316295747e-05,0.6948756066634603
phoneinputproblems__ln,float64,0.0,-1.0,6.0,7.0,0.7611411885357096,-0.22808359931791353,0.0,0.0,7,0.0001530322242140702,0.301079970268025,0.301079970268025,0.003279261947444362,0.6821302085610599
addrlastmoveecontrajectory__ln,float64,0.0,-1.0,12.0,13.0,3.842689670343869,4.340627869354204,3.0,1.0,14,0.0003060644484281404,0.0029731974990162215,0.0029731974990162215,0.03458528267237987,0.03412618599973766
au28s__tu,float64,0.0,0.0,168388.12,168388.12,12090.56515825936,6691.054607077619,0.0,0.0,12589,0.2752175243758471,0.0,0.6876175068864501,2.1861746316295747e-05,0.6876175068864501
addrlastmovetaxratiodiff__ln,float64,0.0,-1.0,6.9,7.9,0.48669902183735964,-0.6296193869966333,-1.0,-1.0,21,0.0004590966726422107,0.6304490402693367,0.6304490402693367,2.1861746316295747e-05,0.36913558655065365
addrchangecount60month__ln,float64,0.0,-1.0,10.0,11.0,1.180395720827312,1.1296182939093176,1.0,0.0,12,0.00026234095579554895,0.0029731974990162215,0.0029731974990162215,2.1861746316295747e-05,0.3577674784661799
addrchangecount24month__ln,float64,0.0,-1.0,6.0,7.0,0.6181780316804145,0.37077521752437587,0.0,0.0,8,0.00017489397053036597,0.0029731974990162215,0.0029731974990162215,2.1861746316295747e-05,0.6849285120895457
addrchangecount12month__ln,float64,0.0,-1.0,4.0,5.0,0.38887765440291244,0.14872546018975996,0.0,0.0,6,0.00013117047789777447,0.0029731974990162215,0.0029731974990162215,2.1861746316295747e-05,0.8540947050850421
addrchangecount06month__ln,float64,0.0,-1.0,2.0,3.0,0.2357656702367928,0.05067552796117354,0.0,0.0,4,8.744698526518299e-05,0.0029731974990162215,0.0029731974990162215,0.0007651611210703511,0.9441432381618644
addrchangecount03month__ln,float64,0.0,-1.0,2.0,3.0,0.13068966989933734,0.011215075860259717,0.0,0.0,4,8.744698526518299e-05,0.0029731974990162215,0.0029731974990162215,2.1861746316295747e-05,0.9828603908880241
addrstabilityindex__ln,float64,0.0,-1.0,6.0,7.0,1.864392441285472,3.5750513751038433,3.0,6.0,8,0.00017489397053036597,0.0029731974990162215,0.0029731974990162215,0.2426435223645665,0.016177692274058852
addrpreviouscorrectional__ln,float64,0.0,-1.0,0.0,1.0,0.0544465095584643,-0.0029731974990162215,0.0,0.0,2,4.3723492632591494e-05,0.0029731974990162215,0.0029731974990162215,0.9970268025009837,0.9970268025009837
addrpreviousdwelltypeindex__ln,float64,0.0,-1.0,3.0,4.0,1.0339207884091912,2.297013685453194,3.0,3.0,5,0.00010930873158147872,0.0029731974990162215,0.0029731974990162215,0.6725766254208386,0.045603602815792926
addrpreviousdwelltype__ln,object,0.0,,,,,,,s,8,0.00017489397053036597,,,,
addrpreviousownershipindex__ln,float64,0.0,-1.0,5.0,6.0,2.390500045231557,2.0955358314022123,0.0,0.0,7,0.0001530322242140702,0.0029731974990162215,0.0029731974990162215,0.3921997289143457,0.5330112369376065
addrprevioussubjectowned__ln,float64,0.0,-1.0,3.0,4.0,1.0404458251079332,0.23486074067596518,1.0,1.0,5,0.00010930873158147872,0.3951729264133619,0.3951729264133619,0.017227056097241046,0.013794761925582615
addrpreviouslengthofres__ln,float64,0.0,-1.0,750.0,751.0,73.00563263244811,68.87490708757815,47.0,1.0,488,0.010668532202352324,0.03355778059551397,0.03355778059551397,2.1861746316295747e-05,0.013794761925582615
at25s__tu,float64,0.0,-6.0,50.0,56.0,4.978610952989978,0.700625245944646,1.0,1.0,45,0.0009837785842333085,0.3658563246032093,0.1269074373660968,2.1861746316295747e-05,0.04193082943465524
at27s__tu,float64,0.0,-6.0,45.0,51.0,4.977963173460331,-0.5503913252590616,0.0,-6.0,42,0.0009181933452844214,0.4897468409776573,0.2476498622709982,2.1861746316295747e-05,0.04276157579467448
at28a__tu,float64,0.0,0.0,992522.0,992522.0,51209.86400186764,24899.198980313773,6792.0,0.0,24899,0.5443356215294478,0.0,0.24738752131520267,2.1861746316295747e-05,0.24738752131520267
at28b__tu,float64,0.0,-5.0,650839.0,650844.0,31418.230132514753,18526.584145861572,6000.0,-3.0,21619,0.47262909361199773,0.25029513357527,0.0075860259717546235,2.1861746316295747e-05,0.0021205893926806874
au27s__tu,float64,0.0,-6.0,3.0,9.0,2.038846907311818,-2.342486117791089,-3.0,-3.0,9,0.0001967557168466617,0.8295221022255258,0.14459359013598005,4.3723492632591494e-05,0.05917974727821258
au25s__tu,float64,0.0,-6.0,4.0,10.0,1.9129917985970122,-1.7914170783962222,-3.0,-3.0,10,0.00021861746316295745,0.7500109308731582,0.06512614227624502,2.1861746316295747e-05,0.07002317345109528
au24s__tu,float64,0.0,-6.0,4.0,10.0,1.7875778723111164,-1.5082637401075598,-1.0,-3.0,10,0.00021861746316295745,0.7097634559048577,0.02487866730794456,2.1861746316295747e-05,0.07284333872589742
au21s__tu,float64,0.0,-4.0,338.0,342.0,33.153853907581585,32.860215994053604,25.0,-1.0,211,0.0046128284727384025,0.24028245376240653,0.005159372130645796,2.1861746316295747e-05,0.0021861746316295745
au20s__tu,float64,0.0,-4.0,678.0,682.0,48.92203278227923,60.03473831489659,61.0,-1.0,254,0.0055528835643391195,0.24028245376240653,0.005159372130645796,2.1861746316295747e-05,0.0021424511389969833
au12s__tu,float64,0.0,-4.0,5.0,9.0,1.777747124416316,-1.247846617987845,-1.0,-3.0,9,0.0001967557168466617,0.6846005858948013,0.005159372130645796,2.1861746316295747e-05,0.0030169209916488127
au09s__tu,float64,0.0,-4.0,12.0,16.0,0.917801562765601,0.06556337720257094,0.0,0.0,15,0.0003279261947444362,0.24028245376240653,0.005159372130645796,2.1861746316295747e-05,0.5088758690044161
au06s__tu,float64,0.0,-4.0,6.0,10.0,0.5726957804586971,-0.20877967732062438,0.0,0.0,7,0.0001530322242140702,0.24028245376240653,0.005159372130645796,2.1861746316295747e-05,0.715622403917625
au03s__tu,float64,0.0,-4.0,4.0,8.0,1.6888688013479265,-1.32849460014866,-1.0,-3.0,9,0.0001967557168466617,0.6848847885969132,0.005159372130645796,8.744698526518299e-05,0.07264658300905076
au02s__tu,float64,0.0,-4.0,5.0,9.0,0.8445323199267725,0.0863320362030519,0.0,0.0,8,0.00017489397053036597,0.24028245376240653,0.005159372130645796,2.1861746316295747e-05,0.4464387215250754
au01s__tu,float64,0.0,-4.0,34.0,38.0,1.951507456402382,1.8145686677451796,1.0,1.0,30,0.0006558523894888724,0.005159372130645796,0.005159372130645796,2.1861746316295747e-05,0.23724367102444144
at104s__tu,float64,0.0,-4.0,100.0,104.0,28.63856320639541,29.65876000174894,23.0,0.0,99,0.0021643128853132787,0.005159372130645796,0.005159372130645796,0.06665646451838572,0.22642210659787504
at103s__tu,float64,0.0,-4.0,100.0,104.0,44.43509869058577,66.82681124568231,100.0,100.0,78,0.001705216212671068,0.2357789340212496,0.005159372130645796,0.5604040050719251,0.03403873901447248
at101b__tu,float64,0.0,-5.0,955450.0,955455.0,36812.25863710053,20655.495234139304,7584.5,0.0,24433,0.534148047746054,0.11529885007214376,0.05635958200341043,2.1861746316295747e-05,0.07356477635433518
at101s__tu,float64,0.0,0.0,1035374.0,1035374.0,53490.32157619189,26651.74646627792,8164.5,0.0,29060,0.6353023479515544,0.0,0.1859778759127279,2.1861746316295747e-05,0.1859778759127279
at57s__tu,float64,0.0,0.0,168606.0,168606.0,2348.535391309479,323.282099951934,0.0,0.0,4083,0.08926151020943553,0.0,0.7997901272353636,2.1861746316295747e-05,0.7997901272353636
at36s__tu,float64,0.0,-4.0,999.0,1003.0,278.3683867273141,89.5096628918718,1.0,1.0,87,0.0019019719295177298,0.005159372130645796,0.005159372130645796,0.08552315158934896,0.333457216562459
at35b__tu,float64,0.0,-5.0,471516.0,471521.0,10621.354788814133,4686.706921428884,1389.0,-3.0,13334,0.29150452538148747,0.24277469284246425,6.558523894888724e-05,2.1861746316295747e-05,0.040859603865156746
at35a__tu,float64,0.0,-5.0,622948.0,622953.0,17740.33500117882,6516.994206637226,1557.0,-3.0,14521,0.3174544182589305,0.23779021468234882,4.3723492632591494e-05,2.1861746316295747e-05,0.040225613221984174
at34b__tu,float64,0.0,-5.0,589.0,594.0,48.65262663485246,58.61615145817848,72.0,-3.0,281,0.006143150714879105,0.2503388570679026,0.007629749464387215,2.1861746316295747e-05,0.03880459971142495
at34a__tu,float64,0.0,-5.0,589.0,594.0,48.47008691360479,59.499628350312626,74.0,-3.0,277,0.006055703729613921,0.24528879366883827,0.007542302479122032,2.1861746316295747e-05,0.03821433256088496
at33b__tu,float64,0.0,-5.0,941691.0,941696.0,35257.22141610699,17800.246206987013,3879.0,-3.0,21875,0.4782257006689694,0.24277469284246425,6.558523894888724e-05,2.1861746316295747e-05,0.040859603865156746
at33a__tu,float64,0.0,0.0,996400.0,996400.0,52100.741572864375,23792.23229466301,4397.005,0.0,25917,0.5665908792794369,0.0,0.278015827904333,2.1861746316295747e-05,0.278015827904333
at32s__tu,float64,0.0,0.0,844427.0,844427.0,40519.90012713365,15871.255208909468,2926.49,0.0,23366,0.5108215644265663,0.0,0.278015827904333,2.1861746316295747e-05,0.278015827904333
at31s__tu,float64,0.0,-5.0,100.0,105.0,43.49385951687108,47.16483756722487,50.0,100.0,93,0.0020331424074155045,0.24528879366883827,0.007542302479122032,0.2642210659787504,0.1459271566612741
at30s__tu,float64,0.0,-5.0,100.0,105.0,44.74764882731083,55.370491014822264,71.0,100.0,87,0.0019019719295177298,0.24528879366883827,0.007542302479122032,0.3704472913296314,0.09643216300118053
at29s__tu,float64,0.0,-5.0,53.0,58.0,4.952087900112863,2.3788859254077215,2.0,-3.0,49,0.0010712255694984916,0.23779021468234882,4.3723492632591494e-05,2.1861746316295747e-05,0.040225613221984174
bi36s__tu,float64,0.0,-4.0,999.0,1003.0,344.96045463172726,142.28686983516243,-1.0,-1.0,88,0.0019238336758340257,0.6871584102138079,0.005159372130645796,0.1393467710200691,0.007542302479122032
bi57s__tu,float64,0.0,0.0,14352.0,14352.0,119.99023751152966,4.999280441294144,0.0,0.0,285,0.006230597700144287,0.0,0.9922609418040313,2.1861746316295747e-05,0.9922609418040313
bi101s__tu,float64,0.0,0.0,530139.0,530139.0,16225.424262830626,3023.8146711317913,0.0,0.0,4501,0.09839972016964715,0.0,0.8744261291591973,2.1861746316295747e-05,0.8744261291591973
fr36s__tu,float64,0.0,-4.0,999.0,1003.0,299.7355978418266,100.94108259367758,-1.0,-1.0,85,0.0018582484368851384,0.7217874163788204,0.005159372130645796,0.1001705216212671,0.03412618599973766
g041c__tu,float64,0.0,-4.0,6.0,10.0,0.7044017234553162,-0.7962922478247563,-1.0,-1.0,9,0.0001967557168466617,0.8869529097984347,0.005159372130645796,2.1861746316295747e-05,0.03211490533863845
g041s__tu,float64,0.0,-4.0,69.0,73.0,5.930563893517458,5.981657994840628,4.0,1.0,59,0.001289843032661449,0.005159372130645796,0.005159372130645796,2.1861746316295747e-05,0.08764374098202965
g020s__tu,float64,0.0,-4.0,83.0,87.0,5.490128739510514,4.273796510865288,2.0,1.0,55,0.001202396047396266,0.0437016308862752,0.005159372130645796,2.1861746316295747e-05,0.14417821695597044
g003c__tu,float64,0.0,-4.0,24.0,28.0,0.792840886037972,-0.9254295833151152,-1.0,-1.0,23,0.0005028201652748022,0.9253858598224827,0.005159372130645796,4.3723492632591494e-05,0.05587862358445193
g003s__tu,float64,0.0,-4.0,372.0,376.0,18.745562144947677,10.701893227230991,2.0,0.0,199,0.004350487516942853,0.05694984915395042,0.005159372130645796,2.1861746316295747e-05,0.37431682042761577
g002c__tu,float64,0.0,-4.0,24.0,28.0,0.8961463978893441,-0.9047046478072669,-1.0,-1.0,22,0.0004809584189585064,0.9253858598224827,0.005159372130645796,4.3723492632591494e-05,0.050391325259061696
g002b__tu,float64,0.0,-4.0,382.0,386.0,19.534954265746503,11.620436360456473,3.0,0.0,204,0.0044597962485243324,0.05694984915395042,0.005159372130645796,2.1861746316295747e-05,0.33483450658038566
g002s__tu,float64,0.0,-4.0,36.0,40.0,2.1877756947996505,0.7943246906562896,0.0,0.0,34,0.0007432993747540554,0.05694984915395042,0.005159372130645796,2.1861746316295747e-05,0.628394036115605
g001c__tu,float64,0.0,-4.0,24.0,28.0,1.1564192580826338,-0.8497004940754668,-1.0,-1.0,25,0.0005465436579073936,0.9253858598224827,0.005159372130645796,4.3723492632591494e-05,0.04125311529885007
g001b__tu,float64,0.0,-4.0,391.0,395.0,20.752744922178312,13.125442700362905,5.0,0.0,206,0.004503519741156923,0.05694984915395042,0.005159372130645796,2.1861746316295747e-05,0.28291285907918323
g001s__tu,float64,0.0,-4.0,45.0,49.0,3.0484648995324677,1.3807878973372394,0.0,0.0,40,0.0008744698526518298,0.05694984915395042,0.005159372130645796,2.1861746316295747e-05,0.544357483275764
fr101s__tu,float64,0.0,0.0,28725.0,28725.0,647.0916473288356,139.66863821173268,0.0,0.0,3255,0.07115998425954265,0.0,0.8798697039919549,2.1861746316295747e-05,0.8798697039919549
fr57s__tu,float64,0.0,0.0,3856.0,3856.0,46.42027834134676,2.717636774162976,0.0,0.0,359,0.007848366927550173,0.0,0.9885225831839447,2.1861746316295747e-05,0.9885225831839447
fr35s__tu,float64,0.0,-4.0,17303.0,17307.0,353.1644768360223,62.29233527174151,-1.0,-1.0,1533,0.03351405710288138,0.8956757465786367,0.005159372130645796,2.1861746316295747e-05,0.01967557168466617
fr06s__tu,float64,0.0,-5.0,5.0,10.0,0.6290153460480902,-0.686065322897993,-1.0,-1.0,9,0.0001967557168466617,0.7218530016177692,6.558523894888724e-05,2.1861746316295747e-05,0.23252153382012156
fr34s__tu,float64,0.0,-5.0,630.0,635.0,25.07460565930103,5.470049407546675,-1.0,-1.0,202,0.004416072755891741,0.8957413318175856,6.558523894888724e-05,2.1861746316295747e-05,0.019828603908880242
fr33s__tu,float64,0.0,0.0,17303.0,17303.0,435.2981384844865,82.04346816872696,0.0,0.0,2427,0.053058458309649774,0.0,0.9153513182633028,2.1861746316295747e-05,0.9153513182633028
fr32s__tu,float64,0.0,0.0,17303.0,17303.0,377.13498990807483,70.39534986713609,0.0,0.0,2270,0.04962616413799134,0.0,0.9153513182633028,2.1861746316295747e-05,0.9153513182633028
fr31s__tu,float64,0.0,-5.0,100.0,105.0,22.969474063143693,4.392046696690132,-1.0,-1.0,20,0.0004372349263259149,0.8957413318175856,6.558523894888724e-05,0.05203095623278387,0.04361418390101001
fr30s__tu,float64,0.0,-5.0,100.0,105.0,24.7118902831493,5.292947400638363,-1.0,-1.0,20,0.0004372349263259149,0.8957413318175856,6.558523894888724e-05,0.06136592190984216,0.03497879410607319
fr29s__tu,float64,0.0,-4.0,7.0,11.0,1.1002133731144037,-1.1484412574876481,-1.0,-1.0,12,0.00026234095579554895,0.8956757465786367,0.005159372130645796,2.1861746316295747e-05,0.01967557168466617
fr28s__tu,float64,0.0,0.0,20176.0,20176.0,619.8348511154303,132.6905005540694,0.0,0.0,868,0.018975995802544707,0.0,0.8978619212102663,2.1861746316295747e-05,0.8978619212102663
fr27s__tu,float64,0.0,-6.0,4.0,10.0,1.5392431386048306,-1.745048314459359,-1.0,-1.0,10,0.00021861746316295745,0.979821608150059,0.08443006427353417,0.00010930873158147872,0.004044423068514713
fr25s__tu,float64,0.0,-6.0,5.0,11.0,1.413730190083194,-1.5114774168160552,-1.0,-1.0,11,0.0002404792094792532,0.9467447859735035,0.05154999781382537,0.0001530322242140702,0.007826505181233878
fr24s__tu,float64,0.0,-6.0,8.0,14.0,1.2836256701314293,-1.3204713392505794,-1.0,-1.0,14,0.0003060644484281404,0.9202920729307857,0.02514100826374011,2.1861746316295747e-05,0.010275020768659
fr21s__tu,float64,0.0,-5.0,328.0,333.0,20.51528711185982,7.0749420663722615,-1.0,-1.0,201,0.004394211009575445,0.7218530016177692,6.558523894888724e-05,2.1861746316295747e-05,0.0027983035284858556
fr20s__tu,float64,0.0,-5.0,328.0,333.0,25.602583977483025,9.886581260111058,-1.0,-1.0,222,0.004853307682217656,0.7218530016177692,6.558523894888724e-05,2.1861746316295747e-05,0.002492239080057715
fr12s__tu,float64,0.0,-4.0,9.0,13.0,1.1450695894355403,-1.120130296008045,-1.0,-1.0,12,0.00026234095579554895,0.8936207424249049,0.005159372130645796,2.1861746316295747e-05,0.004175593546412487
g042s__tu,float64,0.0,-4.0,67.0,71.0,5.701760491104951,5.461938699663329,4.0,1.0,59,0.001289843032661449,0.005159372130645796,0.005159372130645796,2.1861746316295747e-05,0.10830309125092913
g042c__tu,float64,0.0,-4.0,6.0,10.0,0.6561059741748353,-0.8148747321936076,-1.0,-1.0,9,0.0001967557168466617,0.8869529097984347,0.005159372130645796,2.1861746316295747e-05,0.04372349263259149
g043s__tu,float64,0.0,-4.0,67.0,71.0,5.576216093507586,5.129815049626164,3.0,1.0,59,0.001289843032661449,0.005159372130645796,0.005159372130645796,2.1861746316295747e-05,0.12736653403873902
g043c__tu,float64,0.0,-4.0,6.0,10.0,0.629403610121756,-0.8251934764548993,-1.0,-1.0,9,0.0001967557168466617,0.8869529097984347,0.005159372130645796,2.1861746316295747e-05,0.051069039394866865
g207s__tu,float64,0.0,0.0,52165.63,52165.63,646.7274474603919,359.6760450292441,115.0,0.0,4584,0.1002142451138997,0.0,0.3318175855887368,2.1861746316295747e-05,0.3318175855887368
g206s__tu,float64,0.0,0.0,51750.47,51750.47,378.8696771788798,75.97728955854488,0.0,0.0,2295,0.05017270779589874,0.0,0.8778584233308556,2.1861746316295747e-05,0.8778584233308556
g205s__tu,float64,0.0,0.0,25606.0,25606.0,449.06985904284477,245.07896053627573,40.0,0.0,3701,0.08091032311661056,0.0,0.4145205719032836,2.1861746316295747e-05,0.4145205719032836
g202b__tu,float64,0.0,-5.0,70973.0,70978.0,720.1495985577493,60.68700537798959,-2.0,-5.0,1421,0.031065541515456256,0.6639193738795856,0.29725416466267324,2.1861746316295747e-05,0.24911459927419002
g202a__tu,float64,0.0,-5.0,112761.0,112766.0,2537.499581847833,686.3864063661405,0.0,-3.0,4806,0.10506755279611735,0.4706396746972148,0.012920292072930786,2.1861746316295747e-05,0.11842507979537406
g201b__tu,float64,0.0,-5.0,70973.0,70978.0,718.1438510118675,59.120545669188054,-2.0,-5.0,1379,0.030147348170171832,0.6714616763587076,0.24861177910891522,2.1861746316295747e-05,0.2446548030256657
g201a__tu,float64,0.0,-5.0,112761.0,112766.0,2505.6346803393553,665.854641248743,0.0,-3.0,4744,0.10371212452450702,0.47691399588999167,0.012810983341349306,2.1861746316295747e-05,0.11934327314065847
g200s__tu,float64,0.0,-5.0,100.0,105.0,50.214993520322835,60.156748721087844,100.0,100.0,101,0.0022080363779458704,0.35068427265970004,0.34552490052905427,0.5814350050282017,0.019522539460452102
g199s__tu,float64,0.0,0.0,52165.63,52165.63,601.7101659689516,324.4037007466101,82.45,0.0,4301,0.094027370906388,0.0,0.37020681212015216,2.1861746316295747e-05,0.37020681212015216
g105s__tu,float64,0.0,-4.0,24.0,28.0,5.628802169226457,1.2626688819902934,-1.0,-1.0,27,0.0005902671505399851,0.8104805211840321,0.005640330549604302,0.00292947400638363,0.009160071706527918
g102s__tu,float64,0.0,-4.0,24.0,28.0,1.6754218808466979,0.25167242359319664,0.0,0.0,26,0.0005684054042236894,0.005640330549604302,0.005640330549604302,8.744698526518299e-05,0.9261947444361855
g100s__tu,float64,0.0,-4.0,59.0,63.0,4.341730314116142,2.218092781251366,0.0,0.0,46,0.0010056403305496043,0.005159372130645796,0.005159372130645796,2.1861746316295747e-05,0.6378820340168773
g099s__tu,float64,0.0,-4.0,4.0,8.0,2.3427251604348567,-2.0756635040006994,-4.0,-4.0,7,0.0001530322242140702,0.5940710943990206,0.5921253989768702,0.00013117047789777447,0.12286301429758209
g095s__tu,float64,0.0,-4.0,119.0,123.0,21.298684517446052,5.795286607494207,-4.0,-4.0,121,0.002645271304271785,0.5921253989768702,0.5921253989768702,2.1861746316295747e-05,0.054173407371780856
g094s__tu,float64,0.0,-4.0,9.0,13.0,2.6325732392079697,-1.8459402737090638,-4.0,-4.0,11,0.0002404792094792532,0.5921253989768702,0.5921253989768702,2.1861746316295747e-05,0.004066284814831009
g093s__tu,float64,0.0,0.0,9.0,9.0,0.7712059367491244,0.5258843076384941,0.0,0.0,10,0.00021861746316295745,0.0,0.594245988369551,2.1861746316295747e-05,0.594245988369551
g071s__tu,float64,0.0,-4.0,59.0,63.0,4.149539401685296,3.4571509772200604,2.0,0.0,48,0.0010493638231821958,0.005159372130645796,0.005159372130645796,2.1861746316295747e-05,0.20051593721306457
g069s__tu,float64,0.0,-4.0,59.0,63.0,3.937377626121854,3.1033841983297625,2.0,0.0,45,0.0009837785842333085,0.005159372130645796,0.005159372130645796,2.1861746316295747e-05,0.23252153382012156
g068s__tu,float64,0.0,-4.0,49.0,53.0,3.7313407280040227,2.819247081456867,2.0,0.0,44,0.0009619168379170128,0.005159372130645796,0.005159372130645796,2.1861746316295747e-05,0.25888679987757424
g066s__tu,float64,0.0,-4.0,59.0,63.0,4.222576770588354,3.6880984653054085,2.0,1.0,47,0.0010275020768659,0.005159372130645796,0.005159372130645796,2.1861746316295747e-05,0.17487210878404966
g064s__tu,float64,0.0,-4.0,59.0,63.0,3.9932241372895287,3.2900179266319793,2.0,0.0,45,0.0009837785842333085,0.005159372130645796,0.005159372130645796,2.1861746316295747e-05,0.20729307857111626
g063s__tu,float64,0.0,-4.0,49.0,53.0,3.7740516947673615,2.9657645052686807,2.0,0.0,44,0.0009619168379170128,0.005159372130645796,0.005159372130645796,2.1861746316295747e-05,0.23597568973809627
g061s__tu,float64,0.0,-4.0,61.0,65.0,4.347910110108773,4.030081762931223,3.0,1.0,48,0.0010493638231821958,0.005159372130645796,0.005159372130645796,2.1861746316295747e-05,0.1463862533339163
g059s__tu,float64,0.0,-4.0,61.0,65.0,4.084146167701379,3.569695247256351,2.0,1.0,46,0.0010056403305496043,0.005159372130645796,0.005159372130645796,2.1861746316295747e-05,0.17605264308512963
g058s__tu,float64,0.0,-4.0,49.0,53.0,3.8447044189664514,3.1954221503213676,2.0,0.0,44,0.0009619168379170128,0.005159372130645796,0.005159372130645796,2.1861746316295747e-05,0.20429801932578373
g057s__tu,float64,0.0,-4.0,45.0,49.0,3.6252233074076106,2.8927025490796203,2.0,0.0,43,0.0009400550916007171,0.005159372130645796,0.005159372130645796,2.1861746316295747e-05,0.22952647457478903
g051s__tu,float64,0.0,-4.0,100.0,104.0,28.576739452098078,49.34727384023436,50.0,100.0,100,0.0021861746316295745,0.005159372130645796,0.005159372130645796,0.09234401644003323,0.08764374098202965
fr09s__tu,float64,0.0,-5.0,8.0,13.0,0.9993858897604444,-0.4923702505356128,-1.0,-1.0,12,0.00026234095579554895,0.7218530016177692,6.558523894888724e-05,4.3723492632591494e-05,0.10078265051812339
fr03s__tu,float64,0.0,-4.0,9.0,13.0,1.1233618070911002,-1.134908836517861,-1.0,-1.0,13,0.0002842027021118447,0.8951292029207293,0.005159372130645796,2.1861746316295747e-05,0.010624808709719732
br01s__tu,float64,0.0,-4.0,41.0,45.0,2.8914234983178138,2.4140833369769576,2.0,0.0,35,0.0007651611210703511,0.005159372130645796,0.005159372130645796,2.1861746316295747e-05,0.2819072187486336
br32s__tu,float64,0.0,0.0,66203.47,66203.47,1164.3162692873293,341.7120449011256,0.0,0.0,4850,0.10602946963403437,0.0,0.6522889248393162,2.1861746316295747e-05,0.6522889248393162
co06s__tu,float64,0.0,0.0,104324.47,104324.47,2444.359297141122,470.48807641965715,0.0,0.0,4793,0.10478335009400551,0.0,0.8425079795374054,2.1861746316295747e-05,0.8425079795374054
co05s__tu,float64,0.0,0.0,382483.0,382483.0,6199.0540915642,2260.8138322294394,0.0,0.0,11603,0.2536618425079795,0.0,0.60097940623497,2.1861746316295747e-05,0.60097940623497
co04s__tu,float64,0.0,-4.0,113.0,117.0,20.85774277729198,13.568449127716322,1.0,-1.0,89,0.0019456954221503213,0.4619168379170128,0.005159372130645796,2.1861746316295747e-05,0.012483057146604871
co03s__tu,float64,0.0,-4.0,43.0,47.0,1.737545700989637,0.15272615976564208,0.0,-1.0,26,0.0005684054042236894,0.4619168379170128,0.005159372130645796,2.1861746316295747e-05,0.24907087578155743
co02s__tu,float64,0.0,-4.0,31.0,35.0,1.4283412148942263,-0.0734991911153863,0.0,-1.0,23,0.0005028201652748022,0.4619168379170128,0.005159372130645796,2.1861746316295747e-05,0.34095579554894845
co01s__tu,float64,0.0,-4.0,43.0,47.0,2.209388621648734,1.4120939180621748,1.0,0.0,31,0.0006777141358051682,0.005159372130645796,0.005159372130645796,2.1861746316295747e-05,0.45887805517904773
br109s__tu,float64,0.0,-5.0,14.0,19.0,1.6247284178525538,-0.11879672948275108,0.0,0.0,18,0.0003935114336933234,0.3709719732412225,0.03611560491452057,2.1861746316295747e-05,0.36253333916313235
br101s__tu,float64,0.0,0.0,69432.59999999999,69432.59999999999,2529.396865285574,976.662248689609,0.0,0.0,8712,0.19045953390756853,0.0,0.5103843295002405,2.1861746316295747e-05,0.5103843295002405
br57s__tu,float64,0.0,0.0,11807.0,11807.0,94.90437993849432,14.523417623210891,0.0,0.0,1018,0.022255257749989068,0.0,0.9257137860172271,2.1861746316295747e-05,0.9257137860172271
br36s__tu,float64,0.0,-4.0,999.0,1003.0,326.1481122666325,124.37346421232128,0.0,-1.0,86,0.0018801101832014342,0.28494600148659877,0.005159372130645796,0.12198854444493026,0.23193126666958155
br35s__tu,float64,0.0,-5.0,47724.0,47729.0,808.3715674507185,245.87193389007913,-1.0,-3.0,2542,0.05557255913602378,0.6303615932840715,2.1861746316295747e-05,2.1861746316295747e-05,0.021927331555244633
br34s__tu,float64,0.0,-5.0,841.0,846.0,47.76148167166208,28.883280136417298,-1.0,-3.0,256,0.005596607056971711,0.6307988282103975,0.0004590966726422107,2.1861746316295747e-05,0.022561322198417208
br33s__tu,float64,0.0,0.0,69432.59999999999,69432.59999999999,1654.758095406338,525.2862555272138,0.0,0.0,6405,0.14002448515587426,0.0,0.6522889248393162,2.1861746316295747e-05,0.6522889248393162
br31s__tu,float64,0.0,-5.0,100.0,105.0,42.34416185576521,23.646801626513927,-1.0,-3.0,59,0.001289843032661449,0.6307988282103975,0.0004590966726422107,0.21166542783437542,0.08921778671680294
fr02s__tu,float64,0.0,-4.0,9.0,13.0,0.8132226344823128,-0.6019631848192034,-1.0,-1.0,11,0.0002404792094792532,0.7217874163788204,0.005159372130645796,2.1861746316295747e-05,0.17395391543876526
br30s__tu,float64,0.0,-5.0,100.0,105.0,44.705366530504705,27.217502514100826,-1.0,-3.0,54,0.0011805343010799702,0.6307988282103975,0.0004590966726422107,0.2535306720300818,0.06053517554982292
br29s__tu,float64,0.0,-5.0,18.0,23.0,2.31997580157888,-0.6197805080669844,-1.0,-3.0,23,0.0005028201652748022,0.6303615932840715,2.1861746316295747e-05,2.1861746316295747e-05,0.021927331555244633
br28s__tu,float64,0.0,0.0,108155.0,108155.0,2741.4096394984863,780.4520262371361,0.0,0.0,1281,0.02800489703117485,0.0,0.6328975558567619,2.1861746316295747e-05,0.6328975558567619
br27s__tu,float64,0.0,-6.0,12.0,18.0,2.4143413795101853,-2.4346771020069085,-3.0,-3.0,18,0.0003935114336933234,0.8486729919986008,0.21748065235451008,4.3723492632591494e-05,0.021052861702592802
br25s__tu,float64,0.0,-6.0,14.0,20.0,2.4701669592681768,-1.7740151283284509,-1.0,-3.0,20,0.0004372349263259149,0.7641554807398014,0.1336408552315159,4.3723492632591494e-05,0.03159022342704735
br24s__tu,float64,0.0,-6.0,15.0,21.0,2.4299401076185294,-1.2537930129858774,-1.0,-3.0,21,0.0004590966726422107,0.6999038083162084,0.06997944995846268,2.1861746316295747e-05,0.0395697608324953
br21s__tu,float64,0.0,-5.0,643.0,648.0,28.154238344313445,17.7602640898955,8.0,-1.0,266,0.005815224520134669,0.28496786323291506,2.1861746316295747e-05,2.1861746316295747e-05,0.006318044685409471
br20s__tu,float64,0.0,-5.0,689.0,694.0,54.59753685624151,45.68317957238424,32.0,-1.0,429,0.009378689169690875,0.28496786323291506,2.1861746316295747e-05,4.3723492632591494e-05,0.0024485155874251234
br12s__tu,float64,0.0,-4.0,19.0,23.0,2.3915795921328495,-0.5546980892833719,-1.0,-3.0,22,0.0004809584189585064,0.6260548292597613,0.005159372130645796,2.1861746316295747e-05,0.006405491670674653
br09s__tu,float64,0.0,-5.0,17.0,22.0,1.6708406174864896,0.6570329237899524,0.0,-1.0,20,0.0004372349263259149,0.28496786323291506,2.1861746316295747e-05,2.1861746316295747e-05,0.23991080407502952
br06s__tu,float64,0.0,-5.0,8.0,13.0,0.8718874316729044,-0.06363954352673691,0.0,0.0,12,0.00026234095579554895,0.28496786323291506,2.1861746316295747e-05,4.3723492632591494e-05,0.5387827379651087
br03s__tu,float64,0.0,-4.0,19.0,23.0,2.2698212128675865,-0.6681824144112631,-1.0,-3.0,23,0.0005028201652748022,0.6294871234314197,0.005159372130645796,2.1861746316295747e-05,0.041100083074636
br02s__tu,float64,0.0,-4.0,19.0,23.0,1.6608573229303547,0.4773949543089502,0.0,0.0,21,0.0004590966726422107,0.28494600148659877,0.005159372130645796,2.1861746316295747e-05,0.3432294171658432
co07s__tu,float64,0.0,0.0,137852.52,137852.52,3440.8661856072677,859.2422404267161,0.0,0.0,6676,0.1459490184075904,0.0,0.7727908705347383,2.1861746316295747e-05,0.7727908705347383
fc01s__tu,float64,0.0,-4.0,2.0,6.0,0.29486363416204064,-0.016243277513007737,0.0,0.0,4,8.744698526518299e-05,0.005159372130645796,0.005159372130645796,0.00013117047789777447,0.9905775873376765
fc02s__tu,float64,0.0,-4.0,1.0,5.0,0.23320748640360564,-1.0085479428096715,-1.0,-1.0,4,8.744698526518299e-05,0.9936163700756416,0.005159372130645796,0.0005465436579073936,0.005837086266450964
fc03s__tu,float64,0.0,-4.0,2.0,6.0,0.23708656492052096,-1.0079576756591317,-1.0,-1.0,5,0.00010930873158147872,0.9936163700756416,0.005159372130645796,2.1861746316295747e-05,0.005268680862227274
fr01s__tu,float64,0.0,-4.0,13.0,17.0,0.9585798600185176,0.42215032136767083,0.0,0.0,14,0.0003060644484281404,0.005159372130645796,0.005159372130645796,2.1861746316295747e-05,0.7187486336408553
fi101s__tu,float64,0.0,0.0,131211.0,131211.0,10181.198137989508,5753.963859566146,0.0,0.0,16859,0.36856718114643,0.0,0.5502382930348476,2.1861746316295747e-05,0.5502382930348476
fi57s__tu,float64,0.0,0.0,55200.0,55200.0,1119.666028315814,165.11643144932538,0.0,0.0,2837,0.062021774299331034,0.0,0.9081806654715578,2.1861746316295747e-05,0.9081806654715578
fi36s__tu,float64,0.0,-4.0,999.0,1003.0,370.1321450304143,173.0767347295702,1.0,1.0,88,0.0019238336758340257,0.1982423155961698,0.005159372130645796,0.16702374185649949,0.04313322548205151
fi35s__tu,float64,0.0,-4.0,81004.0,81008.0,7163.723688444956,3725.23252153382,-1.0,-3.0,11932,0.2608543570460408,0.6292029207293078,0.005159372130645796,2.1861746316295747e-05,0.0021205893926806874
fi34s__tu,float64,0.0,-4.0,388.0,392.0,41.224690198859,26.658956757465788,-1.0,-3.0,180,0.003935114336933234,0.6292029207293078,0.005159372130645796,2.1861746316295747e-05,0.0022954833632110533
fi33s__tu,float64,0.0,0.0,131211.0,131211.0,9353.366807765715,4757.158724717858,0.0,0.0,14352,0.31375978313147657,0.0,0.6313235101219885,2.1861746316295747e-05,0.6313235101219885
fi32s__tu,float64,0.0,0.0,100767.0,100767.0,8061.475186576071,4263.214937294802,0.0,0.0,14116,0.30860041100083074,0.0,0.6313235101219885,2.1861746316295747e-05,0.6313235101219885
fi31s__tu,float64,0.0,-4.0,100.0,104.0,41.89254006067838,22.06062262253509,-1.0,-3.0,24,0.0005246819115910979,0.6292029207293078,0.005159372130645796,0.2090857417690525,0.1115386297057409
fi30s__tu,float64,0.0,-4.0,100.0,104.0,46.21306539272301,28.864916269511607,-1.0,-3.0,19,0.00041537318000961916,0.6292029207293078,0.005159372130645796,0.2866074942066372,0.05338638450439421
fi29s__tu,float64,0.0,-4.0,12.0,16.0,2.0213356429610867,-0.9942284989724979,-1.0,-3.0,16,0.00034978794106073195,0.6292029207293078,0.005159372130645796,2.1861746316295747e-05,0.0021205893926806874
fi28s__tu,float64,0.0,0.0,158502.0,158502.0,11297.190411787153,6187.160164160875,0.0,0.0,13725,0.3000524681911591,0.0,0.6313235101219885,2.1861746316295747e-05,0.6313235101219885
fi27s__tu,float64,0.0,-6.0,4.0,10.0,2.1837506238013424,-2.7123868654628134,-3.0,-3.0,10,0.00021861746316295745,0.8470333610248787,0.21855187792400857,2.1861746316295747e-05,0.054129683879148266
fi25s__tu,float64,0.0,-6.0,4.0,10.0,2.162148441748489,-2.067115561191028,-3.0,-3.0,10,0.00021861746316295745,0.7551265795111713,0.12673254339556644,0.00017489397053036597,0.06659087927943684
fi24s__tu,float64,0.0,-6.0,6.0,12.0,2.0598817463273007,-1.5792488303965722,-1.0,-3.0,12,0.00026234095579554895,0.6890603821433257,0.06071006952035329,8.744698526518299e-05,0.06925801233002492
fi21s__tu,float64,0.0,-4.0,358.0,362.0,29.253847722895895,25.001377290017928,15.0,-1.0,209,0.004569104980105811,0.1982423155961698,0.005159372130645796,2.1861746316295747e-05,0.002492239080057715
fi20s__tu,float64,0.0,-4.0,678.0,682.0,46.818790714009836,59.65091163482139,60.0,-1.0,272,0.005946394998032443,0.1982423155961698,0.005159372130645796,2.1861746316295747e-05,0.0021424511389969833
fi12s__tu,float64,0.0,-4.0,12.0,16.0,2.021328390056488,-0.992086047833501,-1.0,-3.0,15,0.0003279261947444362,0.6281316951598094,0.005159372130645796,2.1861746316295747e-05,0.003191814962179179
fi09s__tu,float64,0.0,-4.0,41.0,45.0,2.2954205883862127,0.8636264264789472,0.0,0.0,38,0.0008307463600192383,0.1982423155961698,0.005159372130645796,2.1861746316295747e-05,0.3718901665865069
fi06s__tu,float64,0.0,-4.0,10.0,14.0,0.822892643448554,-0.008591666302304228,0.0,0.0,13,0.0002842027021118447,0.1982423155961698,0.005159372130645796,6.558523894888724e-05,0.6571640942678502
fi03s__tu,float64,0.0,-4.0,11.0,15.0,1.9107730319548148,-1.0937650299505925,-1.0,-3.0,15,0.0003279261947444362,0.6283503126229724,0.005159372130645796,2.1861746316295747e-05,0.06464518385728651
fi02s__tu,float64,0.0,-4.0,12.0,16.0,1.0567589091152274,0.2997245419964147,0.0,0.0,14,0.0003060644484281404,0.1982423155961698,0.005159372130645796,2.1861746316295747e-05,0.4320099689563202
fi01s__tu,float64,0.0,-4.0,148.0,152.0,5.9451430669684875,3.691552621223383,2.0,1.0,92,0.0020112806610992086,0.005159372130645796,0.005159372130645796,2.1861746316295747e-05,0.19520353285820471
fc07s__tu,float64,0.0,0.0,338740.49,338740.49,1584.421726212688,7.607461195400289,0.0,0.0,3,6.558523894888724e-05,0.0,0.9999562765073674,2.1861746316295747e-05,0.9999562765073674
fc06s__tu,float64,0.0,0.0,338740.49,338740.49,1584.421726212688,7.607461195400289,0.0,0.0,3,6.558523894888724e-05,0.0,0.9999562765073674,2.1861746316295747e-05,0.9999562765073674
fc05s__tu,float64,0.0,0.0,338740.49,338740.49,1585.2453029545443,7.846519391368982,0.0,0.0,4,8.744698526518299e-05,0.0,0.9999344147610512,2.1861746316295747e-05,0.9999344147610512
fc04s__tu,float64,0.0,-4.0,74.0,78.0,2.826336796580699,-0.8475799046827861,-1.0,-1.0,69,0.0015084604958244064,0.9936163700756416,0.005159372130645796,2.1861746316295747e-05,0.0021205893926806874
addrprevioustimenewest__ln,float64,0.0,-1.0,464.0,465.0,51.35903454006803,27.64660487079708,2.0,1.0,380,0.008307463600192383,0.03309868392287176,0.03309868392287176,2.1861746316295747e-05,0.013794761925582615
addrcurrentcorrectional__ln,float64,0.0,-1.0,0.0,1.0,0.0544465095584643,-0.0029731974990162215,0.0,0.0,2,4.3723492632591494e-05,0.0029731974990162215,0.0029731974990162215,0.9970268025009837,0.9970268025009837
rets124__tu,float64,0.0,0.0,32248.62,32248.62,247.01893395819172,16.500902052079756,0.0,0.0,986,0.021555681867867604,0.0,0.9111320012242577,2.1861746316295747e-05,0.9111320012242577
biglnriskviewattributesv5id__ln,float64,0.0,0.0,0.0,0.0,0.0,0.0,0.0,0.0,1,2.1861746316295747e-05,0.0,1.0,1.0,1.0
inputprovideddateofbirth__ln,float64,0.0,0.0,7.0,7.0,0.8164762279163469,6.903436666520921,7.0,7.0,2,4.3723492632591494e-05,0.0,0.013794761925582615,0.9862052380744174,0.013794761925582615
inputprovidedssn__ln,float64,0.0,0.0,3.0,3.0,0.3501916650031647,2.9585501289843035,3.0,3.0,2,4.3723492632591494e-05,0.0,0.013816623671898912,0.986183376328101,0.013816623671898912
inputprovidedzipcode__ln,float64,0.0,0.0,1.0,1.0,0.11718490099946216,0.9860740675965196,1.0,1.0,2,4.3723492632591494e-05,0.0,0.01392593240348039,0.9860740675965196,0.01392593240348039
inputprovidedstate__ln,float64,0.0,0.0,1.0,1.0,0.11718490099946216,0.9860740675965196,1.0,1.0,2,4.3723492632591494e-05,0.0,0.01392593240348039,0.9860740675965196,0.01392593240348039
inputprovidedcity__ln,float64,0.0,0.0,1.0,1.0,0.11718490099946216,0.9860740675965196,1.0,1.0,2,4.3723492632591494e-05,0.0,0.01392593240348039,0.9860740675965196,0.01392593240348039
inputprovidedstreetaddress__ln,float64,0.0,0.0,1.0,1.0,0.11718490099946216,0.9860740675965196,1.0,1.0,2,4.3723492632591494e-05,0.0,0.01392593240348039,0.9860740675965196,0.01392593240348039
inputprovidedlastname__ln,float64,0.0,0.0,1.0,1.0,0.11663946113088985,0.9862052380744174,1.0,1.0,2,4.3723492632591494e-05,0.0,0.013794761925582615,0.9862052380744174,0.013794761925582615
inputprovidedfirstname__ln,float64,0.0,0.0,1.0,1.0,0.11663946113088985,0.9862052380744174,1.0,1.0,2,4.3723492632591494e-05,0.0,0.013794761925582615,0.9862052380744174,0.013794761925582615
dtmstampcreation__ln,object,0.0,,,,,,,0,45589,0.9966551528136067,,,,
bitinvalid__ln,float64,0.0,0.0,0.0,0.0,0.0,0.0,0.0,0.0,1,2.1861746316295747e-05,0.0,1.0,1.0,1.0
biglnriskviewscoreid__ln,float64,0.0,0.0,0.0,0.0,0.0,0.0,0.0,0.0,1,2.1861746316295747e-05,0.0,1.0,1.0,1.0
bigdebtorid__ln,float64,0.0,0.0,9050321.0,9050321.0,577973.1825178188,8047535.142429277,7977542.5,0.0,45662,0.9982510602946963,0.0,0.0017708014516199554,2.1861746316295747e-05,0.0017708014516199554
bigaccountid__ln,float64,0.0,0.0,7276221.0,7276221.0,473079.17832959694,6437615.231953128,6384449.5,0.0,45662,0.9982510602946963,0.0,0.0017708014516199554,2.1861746316295747e-05,0.0017708014516199554
uniqueid__ln,object,0.0,,,,,,,0,45662,0.9982510602946963,,,,
inputprovidedlexid__ln,float64,0.0,0.0,0.0,0.0,0.0,0.0,0.0,0.0,1,2.1861746316295747e-05,0.0,1.0,1.0,1.0
fltgrossmonthly__income_count,float64,0.0,0.0,2.0,2.0,0.29229290620376086,1.0898299156136593,1.0,1.0,3,6.558523894888724e-05,0.0,0.0018363866905688427,0.09166630230422806,0.0018363866905688427
fltgrossmonthly__income_sum,float64,0.0,0.0,125500.0,125500.0,2416.052245251085,4631.43281885357,4000.0,3500.0,83,0.001814524944252547,0.0,0.008526081063355341,2.1861746316295747e-05,0.008526081063355341
fltmaintenanceagreement__app,float64,0.0,0.0,2700.0682732405794,2700.0682732405794,21.95397088763391,0.5942056194895615,0.0,0.0,32,0.0006995758821214639,0.0,0.9976826548904727,2.1861746316295747e-05,0.9976826548904727
bitmaintenanceagreement__app,float64,0.0,0.0,1.0,1.0,0.15662131482259106,0.025162870010056404,0.0,0.0,2,4.3723492632591494e-05,0.0,0.9748371299899437,0.025162870010056404,0.9748371299899437
intservicecontractmileageaddon__app,float64,0.0,0.0,120000.0,120000.0,1400.163886786201,47.88815530584583,0.0,0.0,11,0.0002404792094792532,0.0,0.9986008482357571,2.1861746316295747e-05,0.9986008482357571
intservicecontractmileage__app,float64,0.0,0.0,1000000.0,1000000.0,13594.693735584397,118373.26745660443,120000.0,120000.0,18,0.0003935114336933234,0.0,0.007083205806479822,2.1861746316295747e-05,0.007083205806479822
intservicecontractterm__app,float64,0.0,0.0,120.0,120.0,4.720131428295705,0.4470071269292991,0.0,0.0,15,0.0003279261947444362,0.0,0.9885225831839447,0.00034978794106073195,0.9885225831839447
bitrouteone__app,float64,0.0,0.0,1.0,1.0,0.10428697935609767,0.01099645839709676,0.0,0.0,2,4.3723492632591494e-05,0.0,0.9890035416029033,0.01099645839709676,0.9890035416029033
bitdealertrack__app,float64,0.0,0.0,1.0,1.0,0.49212717940263284,0.5884089021031,1.0,1.0,2,4.3723492632591494e-05,0.0,0.4115910978969,0.5884089021031,0.4115910978969
inttermbump__app,float64,0.0,0.0,12.0,12.0,0.7788441945483707,0.06849285120895457,0.0,0.0,9,0.0001967557168466617,0.0,0.9913427484587469,0.002754580035853264,0.9913427484587469
flttaxgrossreceipts__app,float64,0.0,0.0,3949.983878289109,3949.983878289109,239.2127436434108,34.686430740660455,0.0,0.0,1081,0.0236325477679157,0.0,0.9761706965152377,2.1861746316295747e-05,0.9761706965152377
fltservicecontract__app,float64,0.0,0.0,5284.573624386462,5284.573624386462,260.74847597533244,26.79660962178773,0.0,0.0,207,0.004525381487473219,0.0,0.9885881684228937,2.1861746316295747e-05,0.9885881684228937
fltlicensefee__app,float64,0.0,0.0,1585.6528944163558,1585.6528944163558,37.9720995938024,4.4182846192451395,0.0,0.0,526,0.011499278562371562,0.0,0.9752525031699533,2.1861746316295747e-05,0.9752525031699533
inputprovidedphone__ln,float64,0.0,0.0,1.0,1.0,0.4636907969673565,0.6870709632285427,1.0,1.0,2,4.3723492632591494e-05,0.0,0.3129290367714573,0.6870709632285427,0.3129290367714573
subjectrecordtimeoldest__ln,float64,0.0,-1.0,821.0,822.0,125.97974863742077,254.70893270954483,264.0,0.0,609,0.01331380350662411,0.0037164968737702767,0.0037164968737702767,2.1861746316295747e-05,0.013794761925582615
addrcurrentblockratio__ln,float64,0.0,-1.0,99.0,100.0,1.0209046803772608,0.518981461239125,0.34,0.0,470,0.010275020768659,0.0029731974990162215,0.0029731974990162215,2.1861746316295747e-05,0.4714704210572341
confirmationinputname__ln,float64,0.0,-1.0,3.0,4.0,0.47876712769665153,2.920466966901316,3.0,3.0,5,0.00010930873158147872,0.0029731974990162215,0.0029731974990162215,0.9716671767740808,0.01788290848672992
educationevidence__ln,float64,0.0,-1.0,1.0,2.0,0.37388236913992035,0.15917537492894931,0.0,0.0,3,6.558523894888724e-05,0.0029731974990162215,0.0029731974990162215,0.16214857242796554,0.8348782300730182
educationattendance__ln,float64,0.0,-1.0,1.0,2.0,0.3469133568304008,0.13176074504831445,0.0,0.0,3,6.558523894888724e-05,0.0029731974990162215,0.0029731974990162215,0.13473394254733068,0.8622928599536531
sourcevoterregistration__ln,float64,0.0,-1.0,1.0,2.0,0.5017669502311447,0.4353329543963972,0.0,0.0,3,6.558523894888724e-05,0.0029731974990162215,0.0029731974990162215,0.4383061518954134,0.5587206506055704
sourcecredheadertimenewest__ln,float64,0.0,-1.0,382.0,383.0,7.997777863505291,1.3934239867080582,1.0,1.0,137,0.0029950592453325173,0.004481657994840628,0.004481657994840628,2.1861746316295747e-05,0.013794761925582615
sourcecredheadertimeoldest__ln,float64,0.0,-1.0,821.0,822.0,125.80208111495224,252.8513182633029,263.0,0.0,563,0.012308163176074504,0.004481657994840628,0.004481657994840628,2.1861746316295747e-05,0.013794761925582615
sourcenonderogcount12month__ln,float64,0.0,-1.0,5.0,6.0,0.47316076378122873,1.1654715578680426,1.0,1.0,7,0.0001530322242140702,0.0029731974990162215,0.0029731974990162215,2.1861746316295747e-05,0.018101525949892876
sourcenonderogcount06month__ln,float64,0.0,-1.0,4.0,5.0,0.39736154237481897,1.0974815268243627,1.0,1.0,6,0.00013117047789777447,0.0029731974990162215,0.0029731974990162215,0.00021861746316295745,0.0184950373835862
sourcenonderogcount03month__ln,float64,0.0,-1.0,3.0,4.0,0.2996529105125182,1.0313060207249356,1.0,1.0,5,0.00010930873158147872,0.0029731974990162215,0.0029731974990162215,0.0016833544663547725,0.01912902802675878
sourcenonderogcount__ln,float64,0.0,-1.0,6.0,7.0,1.0878107046041803,2.468737702767697,2.0,2.0,8,0.00017489397053036597,0.0029731974990162215,0.0029731974990162215,0.0023392068558436446,0.013860347164531503
sourcenonderogprofileindex__ln,float64,0.0,-1.0,9.0,10.0,2.056629940957537,5.314524944252547,5.0,5.0,11,0.0002404792094792532,0.0029731974990162215,0.0029731974990162215,0.08958943640417996,0.016811682917231428
confirmationinputaddress__ln,float64,0.0,-1.0,1.0,2.0,0.41411630914818115,0.7910672904551616,1.0,1.0,3,6.558523894888724e-05,0.0031043679769139957,0.0031043679769139957,0.7941716584320756,0.20272397359101044
confirmationinputssn__ln,float64,0.0,-1.0,3.0,4.0,0.48717496028034546,2.9067377902146823,3.0,3.0,5,0.00010930873158147872,0.0029731974990162215,0.0029731974990162215,0.9566700188011018,0.01753312054566919
confirmationinputdob__ln,float64,0.0,-1.0,7.0,8.0,2.5362803473174647,5.7592584495649515,7.0,7.0,9,0.0001967557168466617,0.0029731974990162215,0.0029731974990162215,0.7859516418171484,0.14531502776441782
confirmationsubjectfound__ln,float64,0.0,0.0,1.0,1.0,0.06871387521409585,0.9952560010493638,1.0,1.0,2,4.3723492632591494e-05,0.0,0.004743998950636177,0.9952560010493638,0.004743998950636177
subjectrecordtimenewest__ln,float64,0.0,-1.0,314.0,315.0,5.842919470021165,1.2371999475318087,1.0,1.0,100,0.0021861746316295745,0.003454155917974728,0.003454155917974728,2.1861746316295747e-05,0.013794761925582615
subjectwillingnessprimaryfactor__ln,object,0.0,,,,,,,c12,9,0.0001967557168466617,,,,
subjectwillingnessindex__ln,float64,0.0,-1.0,9.0,10.0,1.5104057381827416,1.710528617025928,1.0,1.0,11,0.0002404792094792532,0.003935114336933234,0.003935114336933234,0.00034978794106073195,0.013794761925582615
subjectabilityprimaryfactor__ln,object,0.0,,,,,,,a42,10,0.00021861746316295745,,,,
subjectabilityindex__ln,float64,0.0,-1.0,9.0,10.0,1.8794499019949071,2.3500065585238947,2.0,1.0,11,0.0002404792094792532,0.003935114336933234,0.003935114336933234,0.0113025228455249,0.013794761925582615
subjectstabilityprimaryfactor__ln,object,0.0,,,,,,,l78,9,0.0001967557168466617,,,,
subjectstabilityindex__ln,float64,0.0,-1.0,9.0,10.0,1.9737875528870636,3.6051768615276987,4.0,4.0,11,0.0002404792094792532,0.003935114336933234,0.003935114336933234,0.008613528048620523,0.013794761925582615
subjectssncount__ln,float64,0.0,-1.0,4.0,5.0,0.2375613777528795,1.0035853263958725,1.0,1.0,6,0.00013117047789777447,0.0029731974990162215,0.0029731974990162215,2.1861746316295747e-05,0.01659306545406847
subjectdeceased__ln,float64,0.0,-1.0,1.0,2.0,0.05564493284324932,-0.002842027021118447,0.0,0.0,3,6.558523894888724e-05,0.0029731974990162215,0.0029731974990162215,0.00013117047789777447,0.996895632023086
subjectage__ln,float64,0.0,-1.0,104.0,105.0,18.935014982269887,36.3899916925364,39.0,-1.0,80,0.0017489397053036596,0.1284814831008701,0.1284814831008701,2.1861746316295747e-05,0.013794761925582615
subjectactivityindex12month__ln,float64,0.0,-1.0,7.0,8.0,1.2397422124110773,4.421013510559224,4.0,4.0,9,0.0001967557168466617,0.006755279611735386,0.006755279611735386,0.005050063399064318,0.013794761925582615
subjectactivityindex06month__ln,float64,0.0,-1.0,7.0,8.0,1.1623250717705946,4.310567968169297,4.0,4.0,8,0.00017489397053036597,0.007148791045428709,0.007148791045428709,0.0021424511389969833,0.013794761925582615
subjectactivityindex03month__ln,float64,0.0,-1.0,7.0,8.0,1.0624670881381293,4.217852302041887,4.0,4.0,8,0.00017489397053036597,0.007892090420182764,0.007892090420182764,0.0005902671505399851,0.013794761925582615
subjectnewestrecord12month__ln,float64,0.0,-1.0,1.0,2.0,0.17114840018054336,0.9760832495299725,1.0,1.0,3,6.558523894888724e-05,0.0029731974990162215,0.0029731974990162215,0.9790564470289886,0.017970355471995103
fltinsuredunemploymentpremium__app,float64,0.0,0.0,0.0,0.0,0.0,0.0,0.0,0.0,1,2.1861746316295747e-05,0.0,1.0,1.0,1.0
fltinsuredunemploymentamount__app,float64,0.0,0.0,0.0,0.0,0.0,0.0,0.0,0.0,1,2.1861746316295747e-05,0.0,1.0,1.0,1.0
fltinsuredlifepremium__app,float64,0.0,0.0,0.0,0.0,0.0,0.0,0.0,0.0,1,2.1861746316295747e-05,0.0,1.0,1.0,1.0
bookvalue__app,float64,0.0,4000.0,64000.0,60000.0,5383.810910735165,18228.68479734161,17500.0,17000.0,96,0.0020987276463643916,0.0,2.1861746316295747e-05,2.1861746316295747e-05,0.0
strzipcode__app,object,0.0,,,,,,,60619.0,9122,0.1994228498972498,,,,
strname__app,object,0.0,,,,,,,illinois,49,0.0010712255694984916,,,,
strcity__app,object,0.0,,,,,,,chicago,5275,0.11532071181846006,,,,
dealerstampcreation__app,object,0.0,,,,,,,2021-03-04 12:14:13.020,2218,0.04848935332954397,,,,
bitgap__app,int64,0.0,0.0,1.0,1.0,0.4896210498465229,0.6013729176686634,1.0,1,2,4.3723492632591494e-05,0.0,0.39862708233133665,0.6013729176686634,0.39862708233133665
strvehicletype__app,object,0.0,,,,,,,auto,4,8.744698526518299e-05,,,,
fltadvance__app,float64,0.0,-0.15000000000000002,2.225,2.375,0.11035166645082349,1.0928954789909555,1.125,1.1500000000000001,72,0.0015740457347732937,0.0002404792094792532,4.3723492632591494e-05,4.3723492632591494e-05,0.0
bitservicecontract__app,float64,0.0,0.0,1.0,1.0,0.49138341582809536,0.4075466748283853,0.0,0.0,2,4.3723492632591494e-05,0.0,0.5924533251716148,0.4075466748283853,0.5924533251716148
pti__app,float64,0.0,0.0,0.15,0.15,0.02936430234516651,0.10053233352279449,0.09,0.12,6,0.00013117047789777447,0.0,0.0020550041537318,0.1043679769139959,0.0020550041537318
dti__app,float64,0.0,0.0,4.761775923330182,4.761775923330182,0.0949395551639938,0.3793103370027551,0.35735841444383587,0.35,45688,0.99881946569892,0.0,2.1861746316295747e-05,2.1861746316295747e-05,2.1861746316295747e-05
payment__app,float64,0.0,152.58,1180.3078449643867,1027.7278449643868,138.48785784592312,571.7592495366346,560.4708499999999,600.0,36282,0.7931878798478422,0.0,2.1861746316295747e-05,2.1861746316295747e-05,0.0
fltapproveddowntotal__app,float64,0.0,0.0,67000.0,67000.0,1659.6222751053247,1281.3060207249355,1000.0,0.0,53,0.0011586725547636746,0.0,0.3001836386690569,2.1861746316295747e-05,0.3001836386690569
fltdowncash__app,float64,0.0,0.0,84000.0,84000.0,1526.378643972401,1163.2744523632548,1000.0,0.0,49,0.0010712255694984916,0.0,0.2823663154212758,2.1861746316295747e-05,0.2823663154212758
miles_odometer__app,float64,0.0,0.0,150000.0,150000.0,26691.02458094097,61342.31122382056,60000.0,60000.0,14,0.0003060644484281404,0.0,0.05996677014559923,2.1861746316295747e-05,0.05996677014559923
fltinsuredlifeamount__app,float64,0.0,0.0,0.0,0.0,0.0,0.0,0.0,0.0,1,2.1861746316295747e-05,0.0,1.0,1.0,1.0
vehiclemake__app,object,0.0,,,,,,,nissan,34,0.0007432993747540554,,,,
bitnew__app,float64,0.0,0.0,1.0,1.0,0.18339575255065962,0.034847623628175416,0.0,0.0,2,4.3723492632591494e-05,0.0,0.9651523763718246,0.034847623628175416,0.9651523763718246
vehicleyear__app,float64,0.0,2010.0,2024.0,14.0,2.3462820632607237,2017.6090026671332,2018.0,2019.0,15,0.0003279261947444362,0.0,2.1861746316295747e-05,0.001377290017926632,0.0
intterm__app,int64,0.0,36.0,72.0,36.0,4.331769330137196,70.82759826854969,72.0,72,4,8.744698526518299e-05,0.0,6.558523894888724e-05,0.9233089939224345,0.0
intopenbktype__app,float64,0.0,0.0,13.0,13.0,3.9100339449143364,2.1147085829216037,0.0,0.0,3,6.558523894888724e-05,0.0,0.7523719994753181,0.06355209654147173,0.7523719994753181
amtfinanced__app,float64,0.0,5500.0,43500.0,38000.0,5796.238934357076,22962.16824799965,22500.0,21000.0,75,0.001639630973722181,0.0,2.1861746316295747e-05,2.1861746316295747e-05,0.0
runningnetloss__app,float64,0.0,-1143.66,38895.48,40039.14000000001,5139.1030774169385,1501.1099212977126,0.0,0.0,4387,0.09590748108958944,0.0001530322242140702,2.1861746316295747e-05,2.1861746316295747e-05,0.9040269336714617
monthonbooks__app,float64,0.0,0.0,21.0,21.0,6.1995749730710354,10.643697258537012,12.0,13.0,22,0.0004809584189585064,0.0,0.046915307594770674,0.026452713042717853,0.046915307594770674
bitdefault__app,int64,0.0,0.0,1.0,1.0,0.2945575218588832,0.09597306632853832,0.0,0,2,4.3723492632591494e-05,0.0,0.9040269336714617,0.09597306632853832,0.9040269336714617
dtmfunded__app,object,0.0,,,,,,,2022-04-19,476,0.010406191246556775,,,,
applicationdate__app,object,0.0,,,,,,,2023-08-05 12:32:22.580,45741,0.9999781382536838,,,,
bitdebtor__app,float64,0.0,0.0,1.0,1.0,0.31222110306210277,0.8905382361943072,1.0,1.0,2,4.3723492632591494e-05,0.0,0.1094617638056928,0.8905382361943072,0.1094617638056928
bigdebtorid__app,float64,0.0,7253345.0,9050321.0,1796976.0,468825.3399701095,8062755.113593634,7980695.0,7253345.0,45742,1.0,0.0,2.1861746316295747e-05,2.1861746316295747e-05,0.0
bitapproved__app,float64,0.0,0.0,1.0,1.0,0.15448418400205333,0.02446329412793494,0.0,0.0,2,4.3723492632591494e-05,0.0,0.9755367058720651,0.02446329412793494,0.9755367058720651
bitsystemdecline__app,object,0.0,,,,,,,0.0,3,6.558523894888724e-05,,,,
bitfunded__app,float64,0.0,0.0,1.0,1.0,0.15448418400205335,0.02446329412793494,0.0,0.0,2,4.3723492632591494e-05,0.0,0.9755367058720651,0.02446329412793494,0.9755367058720651
applicationmonth__app,float64,0.0,0.0,12.0,12.0,3.151473327967726,6.130186699313541,6.0,9.0,13,0.0002842027021118447,0.0,0.0017708014516199554,0.05060994272222465,0.0017708014516199554
fltinsureddisabilitypremium__app,float64,0.0,0.0,0.0,0.0,0.0,0.0,0.0,0.0,1,2.1861746316295747e-05,0.0,1.0,1.0,1.0
fltinsureddisabilityamount__app,float64,0.0,0.0,0.0,0.0,0.0,0.0,0.0,0.0,1,2.1861746316295747e-05,0.0,1.0,1.0,1.0
fltgapinsurance__app,float64,0.0,0.0,1500.0,1500.0,103.80405584025534,12.483057146604871,0.0,0.0,4,8.744698526518299e-05,0.0,0.9842158191596345,0.0001967557168466617,0.9842158191596345
fltdocumentfee__app,float64,0.0,0.0,3058.1405273646524,3058.1405273646524,74.08254254641994,10.245074838073617,0.0,0.0,192,0.004197455292728783,0.0,0.9751869179310043,2.1861746316295747e-05,0.9751869179310043
fltapprovedservicecontract__app,float64,0.0,0.0,0.0,0.0,0.0,0.0,0.0,0.0,1,2.1861746316295747e-05,0.0,1.0,1.0,1.0
fltapprovedpricewholesale__app,float64,0.0,0.0,63886.0,63886.0,5430.4519125301495,18199.73458743122,17678.25,0.0,16381,0.3581172664072406,0.0,0.001814524944252547,2.1861746316295747e-05,0.001814524944252547
fltapprovedpayment__app,float64,0.0,0.0,1180.3078449643867,1180.3078449643867,93.21340289054459,14.485958674672448,0.0,0.0,1145,0.025031699532158627,0.0,0.9748371299899437,2.1861746316295747e-05,0.9748371299899437
fltapprovedloantovalue__app,float64,0.0,0.0,179.21,179.21,20.096022650340448,3.197268374797783,0.0,0.0,1050,0.02295483363211053,0.0,0.9749027152288925,2.1861746316295747e-05,0.9749027152288925
fltapproveddebttoincome__app,float64,0.0,0.0,72.53,72.53,6.028095857807956,0.9452411350618694,0.0,0.0,912,0.01993791264046172,0.0,0.9748589917362599,2.1861746316295747e-05,0.9748589917362599
fltapprovedapr_contract__app,float64,0.0,0.0,23.49,23.49,2.9931664311891226,0.47685015959075444,0.0,0.0,77,0.0016833544663547725,0.0,0.9748371299899437,0.0013117047789777448,0.9748371299899437
fltamountfinanced__app,float64,0.0,0.0,43200.314752186576,43200.314752186576,5863.796822448609,22921.2954056744,22535.3482,35000.0,44504,0.9729351580604259,0.0,0.0017708014516199554,2.1861746316295747e-05,0.0017708014516199554
fltallowance__app,float64,0.0,0.0,8500.0,8500.0,119.82835259731317,5.339877985726836,0.0,0.0,68,0.0014865987495081107,0.0,0.9964802588430763,2.1861746316295747e-05,0.9964802588430763
fltaddfee__app,float64,0.0,0.0,0.0,0.0,0.0,0.0,0.0,0.0,1,2.1861746316295747e-05,0.0,1.0,1.0,1.0
fltacquisitionfee__app,float64,0.0,0.0,2158.9745912831672,2158.9745912831672,66.95739385577706,8.215536018272267,0.0,0.0,26,0.0005684054042236894,0.0,0.978335009400551,8.744698526518299e-05,0.978335009400551
inttype__app,float64,0.0,0.0,13.0,13.0,3.9160043531842463,2.187005377989594,0.0,0.0,3,6.558523894888724e-05,0.0,0.7404136242403043,0.061650124611954,0.7404136242403043
strdealershiptrackertype__app,object,0.0,,,,,,,franchise,4,8.744698526518299e-05,,,,
bitdealerapplicantsamezip__app,float64,0.0,0.0,1.0,1.0,0.24415145694627793,0.06366140527305321,0.0,0.0,2,4.3723492632591494e-05,0.0,0.9363385947269468,0.06366140527305321,0.9363385947269468
bitdealerapplicantsamecity__app,float64,0.0,0.0,1.0,1.0,0.40448490532812276,0.2060688207774037,0.0,0.0,2,4.3723492632591494e-05,0.0,0.7939311792225963,0.2060688207774037,0.7939311792225963
bitdealerapplicantsamestate__app,float64,0.0,0.0,1.0,1.0,0.3054575423393646,0.8958506405491671,1.0,1.0,2,4.3723492632591494e-05,0.0,0.10414935945083294,0.8958506405491671,0.10414935945083294
dealerzip__app,object,0.0,,,,,,,20748.0,1385,0.03027851864806961,,,,
dealercity__app,object,0.0,,,,,,,indianapolis,1011,0.022102225525775,,,,
bitlhmgroup__app,float64,0.0,0.0,1.0,1.0,0.17396876824674284,0.03124043548598662,0.0,0.0,2,4.3723492632591494e-05,0.0,0.9687595645140133,0.03124043548598662,0.9687595645140133
dealerstate__app,object,0.0,,,,,,,illinois,41,0.0008963315989681255,,,,
bigdealertypeid__app,float64,0.0,0.0,2.0,2.0,0.1898894287926644,0.02907612260067334,0.0,0.0,3,6.558523894888724e-05,0.0,0.9748371299899437,0.003913252590616939,0.9748371299899437
bitrolled__app,object,0.0,,,,,,,0.0,2,4.3723492632591494e-05,,,,
bigdealerid__app,float64,0.0,0.0,6498.0,6498.0,660.8207601049088,93.8877180709195,0.0,0.0,443,0.009684753618119015,0.0,0.9748371299899437,4.3723492632591494e-05,0.9748371299899437
applicationquarter__app,float64,0.0,0.0,4.0,4.0,1.0340969669992897,2.3635171177473655,2.0,3.0,5,0.00010930873158147872,0.0,0.0017708014516199554,0.15451882296357833,0.0017708014516199554
educationprogramattended__ln,float64,0.0,-1.0,3.0,4.0,0.4838220743310207,0.14680162651392592,0.0,0.0,5,0.00010930873158147872,0.0029731974990162215,0.0029731974990162215,4.3723492632591494e-05,0.898648944077653
educationinstitutionprivate__ln,float64,0.0,-1.0,1.0,2.0,0.3854780984798931,-0.8439289930479646,-1.0,-1.0,3,6.558523894888724e-05,0.8523676271260548,0.8523676271260548,0.008438634078090158,0.139193738795855
educationinstitutionrating__ln,float64,0.0,-1.0,6.0,7.0,1.2982530342865017,0.3760438983866031,0.0,0.0,8,0.00017489397053036597,0.0029731974990162215,0.0029731974990162215,0.016505618468803288,0.9137116872895807
addrinputsubjectcount__ln,float64,0.0,-1.0,82.0,83.0,2.6121312338294453,1.6651873551659306,2.0,-1.0,46,0.0010056403305496043,0.31476542346202613,0.31476542346202613,2.1861746316295747e-05,0.06401119321411394
addrinputtaxyr__ln,float64,0.0,-1.0,2024.0,2025.0,560.6771285863439,168.71999475318088,-1.0,-1.0,19,0.00041537318000961916,0.902277993966158,0.902277993966158,0.0001530322242140702,0.013794761925582615
addrinputtaxvalue__ln,float64,0.0,0.0,898500.0,898500.0,41002.81193134748,8147.979972632215,0.0,0.0,3567,0.07798084911022693,0.0,0.9163132351012199,2.1861746316295747e-05,0.9163132351012199
addrinputlastsaleprice__ln,float64,0.0,0.0,9999999.0,9999999.0,80821.95052154476,9499.884439121786,0.0,0.0,1480,0.032355384548117705,0.0,0.9352236456648158,4.3723492632591494e-05,0.9352236456648158
addrinputtimelastsale__ln,float64,0.0,-1.0,353.0,354.0,31.99684291718334,5.525250316995321,-1.0,-1.0,327,0.007148791045428709,0.920160902452888,0.920160902452888,2.1861746316295747e-05,0.013794761925582615
addrinputdelivery__ln,float64,0.0,-1.0,4.0,5.0,0.5847807386995999,-0.9163569585938525,-1.0,-1.0,6,0.00013117047789777447,0.97131738883302,0.97131738883302,0.012220716190809321,0.013794761925582615
addrinputdwelltypeindex__ln,float64,0.0,-1.0,3.0,4.0,1.0794517892418596,2.264199204232434,3.0,3.0,5,0.00010930873158147872,0.0031043679769139957,0.0031043679769139957,0.6696252896681387,0.07065716409426785
addrinputdwelltype__ln,object,0.0,,,,,,,s,9,0.0001967557168466617,,,,
addrinputphonecount__ln,float64,0.0,-1.0,67.0,68.0,1.956874159498155,0.4320974159415854,0.0,0.0,49,0.0010712255694984916,0.0031043679769139957,0.0031043679769139957,2.1861746316295747e-05,0.8017795461501465
addrinputphoneservice__ln,float64,0.0,-1.0,1.0,2.0,0.2349897195599596,0.051681168291723145,0.0,0.0,3,6.558523894888724e-05,0.0031043679769139957,0.0031043679769139957,0.054785536268637136,0.9421100957544488
addrinputownershipindex__ln,float64,0.0,-1.0,4.0,5.0,1.308504842038453,1.1482226400244853,1.0,0.0,6,0.00013117047789777447,0.0031043679769139957,0.0031043679769139957,0.09547024616326352,0.4288400157404573
addrinputdeedmailing__ln,float64,0.0,-1.0,1.0,2.0,0.7044851190796217,-0.18689606925801233,0.0,0.0,3,6.558523894888724e-05,0.35905732149884134,0.35905732149884134,0.172161252240829,0.46878142626032965
addrinputsubjectowned__ln,float64,0.0,-1.0,1.0,2.0,0.6059656385869739,-0.2751956626295308,0.0,0.0,3,6.558523894888724e-05,0.35905732149884134,0.35905732149884134,0.08386165886931048,0.5570810196318482
addrinputmatchindex__ln,float64,0.0,-1.0,2.0,3.0,0.8006811462639359,1.3953040968912598,2.0,2.0,4,8.744698526518299e-05,0.0031043679769139957,0.0031043679769139957,0.593218486292685,0.1917056534475974
addrinputlengthofres__ln,float64,0.0,-1.0,794.0,795.0,77.80586606879609,51.858379607363034,21.0,-1.0,511,0.011171352367627126,0.18610904639062567,0.18610904639062567,2.1861746316295747e-05,0.013794761925582615
inquirybanking12month__ln,float64,0.0,-1.0,1.0,2.0,0.5031084761833939,0.44676664771981983,0.0,0.0,3,6.558523894888724e-05,0.0029731974990162215,0.0029731974990162215,0.4497398452188361,0.5472869572821477
addrinputtimenewest__ln,float64,0.0,-1.0,329.0,330.0,10.564495345359797,1.9401644003322986,1.0,1.0,189,0.004131870053779896,0.1860871846443094,0.1860871846443094,2.1861746316295747e-05,0.013794761925582615
addrinputtimeoldest__ln,float64,0.0,-1.0,795.0,796.0,79.03772813143507,53.93944296270386,23.0,-1.0,513,0.011215075860259717,0.18610904639062567,0.18610904639062567,2.1861746316295747e-05,0.013794761925582615
addronfilehighrisk__ln,float64,0.0,-1.0,1.0,2.0,0.058155843665443595,-0.002557824319006602,0.0,0.0,3,6.558523894888724e-05,0.0029731974990162215,0.0029731974990162215,0.00041537318000961916,0.9966114293209741
addronfilecollege__ln,float64,0.0,-1.0,1.0,2.0,0.15852560896871665,0.019566262953084692,0.0,0.0,3,6.558523894888724e-05,0.0029731974990162215,0.0029731974990162215,0.022539460452100913,0.9744873420488829
addronfilecorrectional__ln,float64,0.0,-1.0,1.0,2.0,0.062347837046400414,-0.0020550041537318,0.0,0.0,3,6.558523894888724e-05,0.0029731974990162215,0.0029731974990162215,0.0009181933452844214,0.9961086091556993
addronfilecount__ln,float64,0.0,-1.0,38.0,39.0,4.710492130070587,7.309584189585064,7.0,4.0,38,0.0008307463600192383,0.0029731974990162215,0.0029731974990162215,2.1861746316295747e-05,0.021337064404704648
ssnproblems__ln,float64,0.0,-1.0,5.0,6.0,0.2635431124691878,0.02846399370381706,0.0,0.0,6,0.00013117047789777447,0.0029731974990162215,0.0029731974990162215,0.0008307463600192383,0.9737440426741288
ssndatelowissued__ln,float64,0.0,-1.0,20110602.0,20110603.0,3778841.5863844436,19106374.924598835,19850101.0,19870101.0,270,0.005902671505399851,0.023829303484762362,0.023829303484762362,2.1861746316295747e-05,0.013794761925582615
ssndeceased__ln,float64,0.0,-1.0,1.0,2.0,0.061639571903754894,-0.0021424511389969833,0.0,0.0,3,6.558523894888724e-05,0.0029731974990162215,0.0029731974990162215,0.0008307463600192383,0.9961960561409645
ssnsubjectcount__ln,float64,0.0,-1.0,5.0,6.0,0.2776428622464996,0.9952560010493638,1.0,1.0,7,0.0001530322242140702,0.0029731974990162215,0.0029731974990162215,2.1861746316295747e-05,0.029425910541734074
inquirycollections12month__ln,float64,0.0,-1.0,1.0,2.0,0.18932134033966772,0.030846924052293296,0.0,0.0,3,6.558523894888724e-05,0.0029731974990162215,0.0029731974990162215,0.03382012155130952,0.9632066809496742
inquiryshortterm12month__ln,float64,0.0,-1.0,1.0,2.0,0.40561371741030017,0.19763018669931354,0.0,0.0,3,6.558523894888724e-05,0.0029731974990162215,0.0029731974990162215,0.20060338419832976,0.7964234183026541
inquirynonshortterm12month__ln,float64,0.0,-1.0,1.0,2.0,0.491108515826833,0.6215075860259718,1.0,1.0,3,6.558523894888724e-05,0.0029731974990162215,0.0029731974990162215,0.6244807835249879,0.3725460189759958
addrinputtaxmarketvalue__ln,float64,0.0,0.0,1241480.0,1241480.0,50806.814291977564,12119.088182262132,0.0,0.0,3325,0.07269030650168336,0.0,0.9177342486117791,2.1861746316295747e-05,0.9177342486117791
addrinputavmvalue__ln,float64,0.0,0.0,9999999.0,9999999.0,264989.1149328692,117409.80628895294,24234.559999999998,0.0,19050,0.41646626732543396,0.0,0.4855931091775611,0.00013117047789777447,0.4855931091775611
addrinputavmvalue12month__ln,float64,0.0,0.0,9999999.0,9999999.0,242085.7878728152,109333.21457145941,15874.0,0.0,18451,0.4033710812819728,0.0,0.49481876612303793,6.558523894888724e-05,0.49481876612303793
addrinputavmratio12monthprior__ln,float64,0.0,-1.0,99.0,100.0,1.4956755224080867,0.08846355646888954,0.52,-1.0,427,0.009334965677058283,0.4810240041974553,0.4810240041974553,4.3723492632591494e-05,0.013794761925582615
addrcurrenttractratio__ln,float64,0.0,-1.0,99.0,100.0,1.0857172638086698,0.529018188972933,0.36,0.0,475,0.010384329500240479,0.0029731974990162215,0.0029731974990162215,2.1861746316295747e-05,0.47262909361199773
addrcurrentcountyratio__ln,float64,0.0,-1.0,99.0,100.0,0.9634565402816747,0.43181889729351675,0.21,0.0,406,0.008875869004416073,0.0029731974990162215,0.0029731974990162215,2.1861746316295747e-05,0.4711206331161733
addrcurrentavmratio60monthprior__ln,float64,0.0,-1.0,99.0,100.0,2.452806912099528,0.4781922521971024,-1.0,-1.0,948,0.020724935507848367,0.5125923658781864,0.5125923658781864,0.00017489397053036597,0.013794761925582615
addrcurrentavmvalue60month__ln,float64,0.0,0.0,9999999.0,9999999.0,136973.44659944717,62506.12722490908,0.0,0.0,16826,0.3678457435179922,0.0,0.526387127803769,4.3723492632591494e-05,0.526387127803769
addrcurrentavmratio12monthprior__ln,float64,0.0,-1.0,99.0,100.0,1.4878918251430189,0.11365266057452404,0.75,-1.0,424,0.009269380438109397,0.4686502557824319,0.4686502557824319,4.3723492632591494e-05,0.013794761925582615
addrcurrentavmvalue12month__ln,float64,0.0,0.0,9999999.0,9999999.0,195574.8740379859,107878.88669215939,26016.125,0.0,18979,0.41491408333697694,0.0,0.4824450177080145,4.3723492632591494e-05,0.4824450177080145
addrcurrentavmvalue__ln,float64,0.0,0.0,9999999.0,9999999.0,220863.90314354433,115662.65975517928,32784.229999999996,0.0,19598,0.428446504306764,0.0,0.47405010712255696,6.558523894888724e-05,0.47405010712255696
addrcurrenttaxmarketvalue__ln,float64,0.0,0.0,1241480.0,1241480.0,51784.92029533499,12557.3528295089,0.0,0.0,3401,0.07435179922172183,0.0,0.9152638712780377,2.1861746316295747e-05,0.9152638712780377
addrcurrenttaxyr__ln,float64,0.0,-1.0,2024.0,2025.0,568.7501807067092,174.15685802981943,-1.0,-1.0,21,0.0004590966726422107,0.8995889991692536,0.8995889991692536,0.00017489397053036597,0.013794761925582615
addrcurrenttaxvalue__ln,float64,0.0,0.0,898500.0,898500.0,42003.31303685013,8511.411064114624,0.0,0.0,3668,0.0801888854881728,0.0,0.9136461020506318,2.1861746316295747e-05,0.9136461020506318
addrcurrentlastsalesprice__ln,float64,0.0,0.0,9999999.0,9999999.0,83050.19379471938,9761.426407096618,0.0,0.0,1496,0.03270517248917844,0.0,0.9335184294521446,4.3723492632591494e-05,0.9335184294521446
addrcurrenttimelastsale__ln,float64,0.0,-1.0,525.0,526.0,32.35404575590585,5.673560404005072,-1.0,-1.0,335,0.007323685015959075,0.9188710594202265,0.9188710594202265,2.1861746316295747e-05,0.013794761925582615
addrcurrentdwelltypeindex__ln,float64,0.0,-1.0,3.0,4.0,0.9695310014856571,2.3832582746709807,3.0,3.0,5,0.00010930873158147872,0.0029731974990162215,0.0029731974990162215,0.7048227012373749,0.021315202658388353
addrcurrentdwelltype__ln,object,0.0,,,,,,,s,8,0.00017489397053036597,,,,
addrcurrentphoneservice__ln,float64,0.0,-1.0,1.0,2.0,0.23468152752989574,0.051812338769620915,0.0,0.0,3,6.558523894888724e-05,0.0029731974990162215,0.0029731974990162215,0.054785536268637136,0.9422412662323466
addrcurrentownershipindex__ln,float64,0.0,-1.0,4.0,5.0,1.3161548740866813,1.2062874382405666,1.0,0.0,6,0.00013117047789777447,0.0029731974990162215,0.0029731974990162215,0.10181015259498928,0.39888942328713217
addrcurrentdeedmailing__ln,float64,0.0,-1.0,1.0,2.0,0.7155682245658126,-0.18466617113375017,0.0,0.0,3,6.558523894888724e-05,0.3653972279305671,0.3653972279305671,0.18073105679681692,0.453871715272616
addrcurrentsubjectowned__ln,float64,0.0,-1.0,1.0,2.0,0.6097099628211033,-0.28042061999912554,0.0,0.0,3,6.558523894888724e-05,0.3653972279305671,0.3653972279305671,0.08497660793144156,0.5496261641379914
addrcurrentlengthofres__ln,float64,0.0,-1.0,794.0,795.0,77.57458130434689,62.72115342573565,34.0,1.0,518,0.011324384591841196,0.005356127847492458,0.005356127847492458,2.1861746316295747e-05,0.013794761925582615
addrcurrenttimenewest__ln,float64,0.0,-1.0,426.0,427.0,13.921299243019186,2.9486686196493377,1.0,1.0,219,0.004787722443268768,0.005356127847492458,0.005356127847492458,2.1861746316295747e-05,0.013794761925582615
addrcurrenttimeoldest__ln,float64,0.0,-1.0,795.0,796.0,78.55362100151041,65.64653928555813,37.0,1.0,520,0.011368108084473787,0.005356127847492458,0.005356127847492458,2.1861746316295747e-05,0.013794761925582615
addrinputproblems__ln,float64,0.0,-1.0,4.0,5.0,0.5018487198876682,0.12830658913033974,0.0,0.0,6,0.00013117047789777447,0.0031043679769139957,0.0031043679769139957,0.0001530322242140702,0.9306326789383936
addrinputblockratio__ln,float64,0.0,-1.0,99.0,100.0,1.2140888860620138,0.5252448515587447,0.24,0.0,514,0.011236937606576014,0.0031043679769139957,0.0031043679769139957,2.1861746316295747e-05,0.48386603121857374
addrinputtractratio__ln,float64,0.0,-1.0,99.0,100.0,1.247592330125411,0.532506667832626,0.25,0.0,527,0.011521140308687857,0.0031043679769139957,0.0031043679769139957,2.1861746316295747e-05,0.4851340125049189
addrinputcountyratio__ln,float64,0.0,-1.0,99.0,100.0,1.0539986272137785,0.43470574089458386,0.16,0.0,453,0.009903371081281974,0.0031043679769139957,0.0031043679769139957,2.1861746316295747e-05,0.4825761881859123
addrinputavmratio60monthprior__ln,float64,0.0,-1.0,99.0,100.0,2.4290692911625538,0.4379828166673949,-1.0,-1.0,930,0.020331424074155044,0.5254689344584845,0.5254689344584845,0.0001530322242140702,0.013794761925582615
addrinputavmvalue60month__ln,float64,0.0,0.0,9999999.0,9999999.0,139870.0284924123,61743.044326955074,0.0,0.0,16339,0.3571990730619562,0.0,0.5392636963840671,2.1861746316295747e-05,0.5392636963840671
inquirytelcom12month__ln,float64,0.0,-1.0,1.0,2.0,0.05623445314568481,-0.0027764417821695597,0.0,0.0,3,6.558523894888724e-05,0.0029731974990162215,0.0029731974990162215,0.0001967557168466617,0.9968300467841371
inquiryauto12month__ln,float64,0.0,-1.0,1.0,2.0,0.4935668149064206,0.388898605220585,0.0,0.0,3,6.558523894888724e-05,0.0029731974990162215,0.0029731974990162215,0.39187180271960126,0.6051549997813825
profliccount__ln,float64,0.0,-1.0,10.0,11.0,0.3431121025949022,0.059529535219273316,0.0,0.0,11,0.0002404792094792532,0.0029731974990162215,0.0029731974990162215,2.1861746316295747e-05,0.9524288400157405
assetproppurchasetimeoldest__ln,float64,0.0,-1.0,960.0,961.0,74.38863930576089,27.100301692099166,-1.0,-1.0,429,0.009378689169690875,0.8176730357220935,0.8176730357220935,4.3723492632591494e-05,0.013794761925582615
purchaseactivitydollartotal__ln,float64,0.0,0.0,0.0,0.0,0.0,0.0,0.0,0.0,1,2.1861746316295747e-05,0.0,1.0,1.0,1.0
purchaseactivitycount__ln,float64,0.0,-1.0,0.0,1.0,0.11663946113088985,-0.9862052380744174,-1.0,-1.0,2,4.3723492632591494e-05,0.9862052380744174,0.9862052380744174,0.013794761925582615,0.013794761925582615
purchaseactivityindex__ln,float64,0.0,-1.0,0.0,1.0,0.0544465095584643,-0.0029731974990162215,0.0,0.0,2,4.3723492632591494e-05,0.0029731974990162215,0.0029731974990162215,0.9970268025009837,0.9970268025009837
assetpersonalcount__ln,float64,0.0,-1.0,9.0,10.0,0.20678595944804887,0.014100826374010757,0.0,0.0,11,0.0002404792094792532,0.0029731974990162215,0.0029731974990162215,2.1861746316295747e-05,0.9860084823575708
assetpersonal__ln,float64,0.0,-1.0,1.0,2.0,0.11801312687471253,0.008045122644396835,0.0,0.0,3,6.558523894888724e-05,0.0029731974990162215,0.0029731974990162215,0.011018320143413056,0.9860084823575708
assetpropsalepurchaseratio__ln,float64,0.0,-1.0,99.0,100.0,0.7133572027891949,0.015335140571028815,0.0,0.0,246,0.005377989593808754,0.00950985964758865,0.00950985964758865,2.1861746316295747e-05,0.9798653316426916
assetpropnewestsaleprice__ln,float64,0.0,0.0,2550000.0,2550000.0,49425.66939248338,9337.131404395193,0.0,0.0,1965,0.04295833151152114,0.0,0.9333653972279305,2.1861746316295747e-05,0.9333653972279305
assetpropsaletimenewest__ln,float64,0.0,-1.0,960.0,961.0,47.21133333078005,11.718879804118753,-1.0,-1.0,343,0.007498578986489441,0.8944296270386078,0.8944296270386078,2.1861746316295747e-05,0.013794761925582615
assetpropsaletimeoldest__ln,float64,0.0,-1.0,960.0,961.0,35.61453426939956,5.426151020943553,-1.0,-1.0,339,0.007411132001224258,0.9443181321323947,0.9443181321323947,2.1861746316295747e-05,0.013794761925582615
assetpropsoldcount12month__ln,float64,0.0,-1.0,2.0,3.0,0.08942987596044263,0.001967557168466617,0.0,0.0,4,8.744698526518299e-05,0.0029731974990162215,0.0029731974990162215,4.3723492632591494e-05,0.9921297713261336
assetpropeversoldcount__ln,float64,0.0,-1.0,21.0,22.0,0.4348618969217571,0.11416203926369639,0.0,0.0,12,0.00026234095579554895,0.0029731974990162215,0.0029731974990162215,2.1861746316295747e-05,0.905229329718858
assetpropnewestmortgagetype__ln,float64,0.0,-1.0,2.0,3.0,0.37790159060273715,-0.8815530584583097,-1.0,-1.0,4,8.744698526518299e-05,0.8951510646670456,0.8951510646670456,0.005596607056971711,0.09684753618119016
assetproppurchasetimenewest__ln,float64,0.0,-1.0,960.0,961.0,67.03252374185116,23.513663591447685,-1.0,-1.0,404,0.008832145511783481,0.8176730357220935,0.8176730357220935,4.3723492632591494e-05,0.013794761925582615
assetproppurchasecount12month__ln,float64,0.0,-1.0,2.0,3.0,0.09911867310952671,0.0036727733811376855,0.0,0.0,4,8.744698526518299e-05,0.0029731974990162215,0.0029731974990162215,0.00010930873158147872,0.9904901403524113
shorttermloanrequest24month__ln,float64,0.0,-1.0,1.0,2.0,0.0583444576477612,-0.0025359625726903063,0.0,0.0,3,6.558523894888724e-05,0.0029731974990162215,0.0029731974990162215,0.0004372349263259149,0.9965895675746579
assetpropcurrenttaxtotal__ln,float64,0.0,0.0,1838421.5999999999,1838421.5999999999,59223.741865268916,15664.64894031455,0.0,0.0,6685,0.14614577412443705,0.0,0.8345065803856412,2.1861746316295747e-05,0.8345065803856412
assetpropcurrentcount__ln,float64,0.0,-1.0,11.0,12.0,0.5494760890808557,0.22191858685671811,0.0,0.0,13,0.0002842027021118447,0.0029731974990162215,0.0029731974990162215,2.1861746316295747e-05,0.8158585107778409
assetpropevercount__ln,float64,0.0,-1.0,23.0,24.0,0.7625646659788909,0.3390538236194307,0.0,0.0,17,0.0003716496873770277,0.0029731974990162215,0.0029731974990162215,2.1861746316295747e-05,0.7575313716059638
assetpropindex__ln,float64,0.0,-1.0,4.0,5.0,1.2184398431148669,0.6214420007870228,0.0,0.0,6,0.00013117047789777447,0.0029731974990162215,0.0029731974990162215,0.033011236937606575,0.7575313716059638
assetprop__ln,float64,0.0,-1.0,1.0,2.0,0.39037332024269866,0.17819509422412663,0.0,0.0,3,6.558523894888724e-05,0.0029731974990162215,0.0029731974990162215,0.18116829172314283,0.8158585107778409
assetownership__ln,float64,0.0,-1.0,1.0,2.0,0.3949553982144234,0.18383542477373094,0.0,0.0,3,6.558523894888724e-05,0.0029731974990162215,0.0029731974990162215,0.18680862227274714,0.8102181802282367
assetindexprimaryfactor__ln,object,0.0,,,,,,,a42,8,0.00017489397053036597,,,,
assetindex__ln,float64,0.0,-1.0,9.0,10.0,1.6852712371818193,2.7340955795548947,2.0,2.0,11,0.0002404792094792532,0.003935114336933234,0.003935114336933234,0.014297582090857418,0.013794761925582615
businesstitleleadership__ln,float64,0.0,-1.0,2.0,3.0,0.693769572115128,-0.8020637488522583,-1.0,-1.0,4,8.744698526518299e-05,0.9145205719032836,0.9145205719032836,0.0488172795242884,0.02183988456997945
businessassociationtimeoldest__ln,float64,0.0,-1.0,942.0,943.0,21.03431209235629,2.0055966070569715,-1.0,-1.0,252,0.005509160071706528,0.9336277381837261,0.9336277381837261,2.1861746316295747e-05,0.013794761925582615
businessassociationindex__ln,float64,0.0,-1.0,3.0,4.0,0.5479379593132101,0.14041799658956758,0.0,0.0,5,0.00010930873158147872,0.0029731974990162215,0.0029731974990162215,0.015084604958244064,0.9253421363298501
businessassociation__ln,float64,0.0,-1.0,1.0,2.0,0.2644581757341551,0.06871146867211753,0.0,0.0,3,6.558523894888724e-05,0.0029731974990162215,0.0029731974990162215,0.07168466617113375,0.9253421363298501
proflictypecategory__ln,float64,0.0,-1.0,5.0,6.0,0.7568168918790427,-0.7611822832407853,-1.0,-1.0,7,0.0001530322242140702,0.8852258318394474,0.8852258318394474,0.0005902671505399851,0.045669188054741815
derogseverityindex__ln,float64,0.0,-1.0,5.0,6.0,1.396790972246548,1.2031174850247037,1.0,0.0,7,0.0001530322242140702,0.0029731974990162215,0.0029731974990162215,0.007979537405447948,0.43769402299855714
derogcount__ln,float64,0.0,-1.0,99.0,100.0,1.579239947655445,1.0865943771588475,1.0,0.0,28,0.0006121288968562808,0.0029731974990162215,0.0029731974990162215,2.1861746316295747e-05,0.43769402299855714
derogcount12month__ln,float64,0.0,-1.0,15.0,16.0,0.5573840761048149,0.30796642035765814,0.0,0.0,11,0.0002404792094792532,0.0029731974990162215,0.0029731974990162215,2.1861746316295747e-05,0.7207599143019544
derogtimenewest__ln,float64,0.0,-1.0,120.0,121.0,24.178020415772096,13.518691793100432,1.0,-1.0,122,0.002667133050588081,0.42833719557518257,0.42833719557518257,0.00017489397053036597,0.013794761925582615
shorttermloanrequest12month__ln,float64,0.0,-1.0,1.0,2.0,0.05623445314568451,-0.0027764417821695597,0.0,0.0,3,6.558523894888724e-05,0.0029731974990162215,0.0029731974990162215,0.0001967557168466617,0.9968300467841371
shorttermloanrequest__ln,float64,0.0,-1.0,1.0,2.0,0.06725668070042264,-0.0014210135105592234,0.0,0.0,3,6.558523894888724e-05,0.0029731974990162215,0.0029731974990162215,0.0015521839884569978,0.9954746185125268
bankruptcydismissed24month__ln,float64,0.0,-1.0,1.0,2.0,0.11392854233773185,0.007083205806479822,0.0,0.0,3,6.558523894888724e-05,0.0029731974990162215,0.0029731974990162215,0.010056403305496044,0.9869703991954878
bankruptcystatus__ln,float64,0.0,-1.0,2.0,3.0,0.6700300569483547,-0.0837742118840453,0.0,0.0,4,8.744698526518299e-05,0.2537492894932447,0.2537492894932447,0.016112107035109964,0.5923877399326658
bankruptcychapter__ln,float64,0.0,-1.0,2.0,3.0,0.66938089764297,0.4974640374273097,0.0,0.0,4,8.744698526518299e-05,0.0030606444842814044,0.0030606444842814044,0.09597306632853832,0.5923877399326658
bankruptcytimenewest__ln,float64,0.0,-1.0,120.0,121.0,22.47694241692277,8.502929474006384,-1.0,-1.0,122,0.002667133050588081,0.5815661755060995,0.5815661755060995,0.0002842027021118447,0.013794761925582615
bankruptcycount24month__ln,float64,0.0,-1.0,4.0,5.0,0.4829527483627826,0.2827598268549692,0.0,0.0,6,0.00013117047789777447,0.0029731974990162215,0.0029731974990162215,0.00013117047789777447,0.722355821783044
bankruptcycount__ln,float64,0.0,-1.0,10.0,11.0,0.8367241810616811,0.549014035241135,0.0,0.0,12,0.00026234095579554895,0.0029731974990162215,0.0029731974990162215,4.3723492632591494e-05,0.5923877399326658
lienjudgmentdollartotal__ln,float64,0.0,0.0,771613.66,771613.66,7894.724693702352,1316.0673946823124,0.0,0.0,7618,0.166542783437541,0.0,0.7749770451663679,2.1861746316295747e-05,0.7749770451663679
lienjudgmenttimenewest__ln,float64,0.0,-1.0,84.0,85.0,19.25701680726138,7.529251016571203,-1.0,-1.0,86,0.0018801101832014342,0.7603078133881335,0.7603078133881335,0.0007651611210703511,0.013794761925582615
lienjudgmentothercount__ln,float64,0.0,-1.0,2.0,3.0,0.06055806229822231,-0.0023610686021599404,0.0,0.0,4,8.744698526518299e-05,0.0029731974990162215,0.0029731974990162215,4.3723492632591494e-05,0.9964583970967601
lienjudgmentforeclosurecount__ln,float64,0.0,-1.0,0.0,1.0,0.0544465095584643,-0.0029731974990162215,0.0,0.0,2,4.3723492632591494e-05,0.0029731974990162215,0.0029731974990162215,0.9970268025009837,0.9970268025009837
lienjudgmenttaxcount__ln,float64,0.0,-1.0,20.0,21.0,0.5807047071743363,0.14579598618337633,0.0,0.0,15,0.0003279261947444362,0.0029731974990162215,0.0029731974990162215,2.1861746316295747e-05,0.9029119846093306
lienjudgmentcourtcount__ln,float64,0.0,-1.0,12.0,13.0,0.5209716713337387,0.14474662236019414,0.0,0.0,12,0.00026234095579554895,0.0029731974990162215,0.0029731974990162215,2.1861746316295747e-05,0.8935114336933234
lienjudgmentsmallclaimscount__ln,float64,0.0,-1.0,7.0,8.0,0.3460152126232592,0.0729745092037952,0.0,0.0,9,0.0001967557168466617,0.0029731974990162215,0.0029731974990162215,4.3723492632591494e-05,0.9381531196711993
lienjudgmentcount12month__ln,float64,0.0,-1.0,14.0,15.0,0.2733192544073924,0.04768046871584102,0.0,0.0,10,0.00021861746316295745,0.0029731974990162215,0.0029731974990162215,2.1861746316295747e-05,0.9534782038389227
lienjudgmentcount__ln,float64,0.0,-1.0,22.0,23.0,0.8923539962516552,0.37007564164225437,0.0,0.0,17,0.0003716496873770277,0.0029731974990162215,0.0029731974990162215,2.1861746316295747e-05,0.7711293778146998
lienjudgmentseverityindex__ln,float64,0.0,-1.0,6.0,7.0,2.05259960235198,1.1847098946263828,0.0,0.0,7,0.0001530322242140702,0.0029731974990162215,0.0029731974990162215,0.06794630755104718,0.7294390275895238
evictiontimenewest__ln,float64,0.0,-1.0,84.0,85.0,13.136716881629905,2.2028551440689084,-1.0,-1.0,86,0.0018801101832014342,0.9182589305233702,0.9182589305233702,0.0004590966726422107,0.013794761925582615
evictioncount12month__ln,float64,0.0,-1.0,4.0,5.0,0.09384305250639066,0.001989418914782913,0.0,0.0,6,0.00013117047789777447,0.0029731974990162215,0.0029731974990162215,2.1861746316295747e-05,0.9924139740282454
evictioncount__ln,float64,0.0,-1.0,28.0,29.0,0.5512841325614036,0.10132919417603078,0.0,0.0,20,0.0004372349263259149,0.0029731974990162215,0.0029731974990162215,2.1861746316295747e-05,0.9290804949499366
criminalnonfelonytimenewest__ln,float64,0.0,-1.0,84.0,85.0,8.150541976446894,0.13440601635258626,-1.0,-1.0,86,0.0018801101832014342,0.9637313628612654,0.9637313628612654,0.0003060644484281404,0.013794761925582615
criminalnonfelonycount12month__ln,float64,0.0,-1.0,5.0,6.0,0.08016588195112805,-0.0009619168379170128,0.0,0.0,7,0.0001530322242140702,0.0029731974990162215,0.0029731974990162215,2.1861746316295747e-05,0.9954308950198942
criminalnonfelonycount__ln,float64,0.0,-1.0,16.0,17.0,0.36171638468315526,0.03948231384723012,0.0,0.0,15,0.0003279261947444362,0.0029731974990162215,0.0029731974990162215,4.3723492632591494e-05,0.9709676008919592
criminalfelonytimenewest__ln,float64,0.0,-1.0,84.0,85.0,4.86010835545126,-0.586113418739889,-1.0,-1.0,82,0.001792663197936251,0.9782257006689694,0.9782257006689694,0.00010930873158147872,0.013794761925582615
criminalfelonycount12month__ln,float64,0.0,-1.0,7.0,8.0,0.07536050526604693,-0.0022298981242621662,0.0,0.0,5,0.00010930873158147872,0.0029731974990162215,0.0029731974990162215,4.3723492632591494e-05,0.9965895675746579
criminalfelonycount__ln,float64,0.0,-1.0,99.0,100.0,0.542240370735277,0.01480040225613222,0.0,0.0,20,0.0004372349263259149,0.0029731974990162215,0.0029731974990162215,2.1861746316295747e-05,0.9890472650955359
g208s__tu,float64,0.0,-5.0,100.0,105.0,49.96360251083988,50.53392943028289,70.0,100.0,103,0.0022517598705784616,0.35068427265970004,0.34552490052905427,0.46644221940448605,0.06390188448253246
g209s__tu,float64,0.0,-4.0,346.0,350.0,31.306270288367305,23.7928599536531,12.0,-1.0,222,0.004853307682217656,0.4619168379170128,0.005159372130645796,2.1861746316295747e-05,0.0021205893926806874
g210s__tu,float64,0.0,0.0,100412.0,100412.0,4886.616777023554,1768.63339157882,0.0,0.0,10229,0.22362380306938917,0.0,0.642145074548555,2.1861746316295747e-05,0.642145074548555
st36s__tu,float64,0.0,-4.0,999.0,1003.0,370.1054056226429,170.93152901053736,-1.0,-1.0,87,0.0019019719295177298,0.6105329893751913,0.005159372130645796,0.16625858073542915,0.018057802457260286
s063s__tu,float64,0.0,0.0,144119.0,144119.0,902.3568940260811,7.198702772905758,0.0,0.0,21,0.0004590966726422107,0.0,0.999562765073674,2.1861746316295747e-05,0.999562765073674
reap01__tu,float64,0.0,0.0,18706.0,18706.0,173.17506370955937,71.13782144527379,19.0,0.0,1762,0.038520397009313104,0.0,0.44383717371343623,2.1861746316295747e-05,0.44383717371343623
mtap01__tu,float64,0.0,-4.0,25086.0,25090.0,273.10427096072215,43.56630667657733,-1.0,-1.0,1165,0.025468934458484544,0.9556206549779196,0.005159372130645796,2.1861746316295747e-05,0.004722137204319881
inap01__tu,float64,0.0,0.0,11029.0,11029.0,331.8537679634412,211.1158890194874,0.0,0.0,3005,0.06569454768046872,0.0,0.5518560622622535,2.1861746316295747e-05,0.5518560622622535
hrap01__tu,float64,0.0,0.0,18706.0,18706.0,102.33488244993988,0.8358434261728825,0.0,0.0,37,0.0008088846137029426,0.0,0.9992129771326134,2.1861746316295747e-05,0.9992129771326134
hiap01__tu,float64,0.0,0.0,694.0,694.0,9.355579608827174,0.31035896987451345,0.0,0.0,80,0.0017489397053036596,0.0,0.998076166324166,2.1861746316295747e-05,0.998076166324166
atap01__tu,float64,0.0,0.0,378512.43,378512.43,5070.996163765883,718.9966526082844,135.79999999999998,0.0,5286,0.11556119102793931,0.0,0.2795242884001574,2.1861746316295747e-05,0.2795242884001574
st101s__tu,float64,0.0,0.0,889868.2999999999,889868.2999999999,32389.94101770802,11305.056074895781,0.0,0.0,12088,0.264264789471383,0.0,0.712299418477548,2.1861746316295747e-05,0.712299418477548
st99s__tu,float64,0.0,0.0,378262.17,378262.17,15209.676018720746,3098.845774480538,0.0,0.0,4772,0.1043242534213633,0.0,0.8922871758996108,2.1861746316295747e-05,0.8922871758996108
st60s__tu,float64,0.0,0.0,1.0,1.0,0.09538251645479923,0.009181933452844213,0.0,0.0,2,4.3723492632591494e-05,0.0,0.9908180665471558,0.009181933452844213,0.9908180665471558
st57s__tu,float64,0.0,0.0,14297.8,14297.8,245.0094156848063,12.749198390070562,0.0,0.0,326,0.007126929299112413,0.0,0.9926544532377246,2.1861746316295747e-05,0.9926544532377246
st50s__tu,float64,0.0,-4.0,999.0,1003.0,66.81595446991406,13.1434130558349,-1.0,-1.0,567,0.012395610161339688,0.6105329893751913,0.005159372130645796,0.0007432993747540554,0.20582834156792446
st45s__tu,float64,0.0,-4.0,582.0,586.0,56.62257572441344,25.74393336539723,-1.0,-1.0,362,0.00791395216649906,0.7534432250448165,0.005159372130645796,2.1861746316295747e-05,0.0021205893926806874
st35s__tu,float64,0.0,-5.0,670175.0,670180.0,18511.936127114917,4451.720169647151,-1.0,-1.0,8481,0.18540947050850423,0.7334178654190897,2.1861746316295747e-05,2.1861746316295747e-05,0.0021205893926806874
s208s__tu,float64,0.0,-4.0,0.0,4.0,1.965780011589341,-2.368501595907481,-4.0,-4.0,2,4.3723492632591494e-05,0.5921253989768702,0.5921253989768702,0.4078746010231297,0.4078746010231297
st34s__tu,float64,0.0,-5.0,862.0,867.0,54.63611119149194,29.814831008700974,-1.0,-1.0,311,0.006799003104367977,0.7334615889117223,6.558523894888724e-05,2.1861746316295747e-05,0.0021205893926806874
st33s__tu,float64,0.0,0.0,889868.2999999999,889868.2999999999,31692.030748295096,10667.336725410149,0.0,0.0,11143,0.24360543920248348,0.0,0.7355384548117704,2.1861746316295747e-05,0.7355384548117704
st32s__tu,float64,0.0,0.0,670175.0,670175.0,22144.79722154533,6012.827360980981,0.0,0.0,9852,0.21538192470814568,0.0,0.7355384548117704,2.1861746316295747e-05,0.7355384548117704
st31s__tu,float64,0.0,-5.0,100.0,105.0,43.796923386059625,24.285492545144507,-1.0,-1.0,44,0.0009619168379170128,0.7334615889117223,6.558523894888724e-05,0.24423942984565608,0.009837785842333085
st30s__tu,float64,0.0,-5.0,100.0,105.0,44.25789920770073,24.878098902540334,-1.0,-1.0,37,0.0008088846137029426,0.7334615889117223,6.558523894888724e-05,0.2543395566437847,0.005793362773818373
st29s__tu,float64,0.0,-5.0,50.0,55.0,3.805087357548928,0.28070482270123737,-1.0,-1.0,44,0.0009619168379170128,0.7334178654190897,2.1861746316295747e-05,2.1861746316295747e-05,0.0021205893926806874
st28s__tu,float64,0.0,0.0,649043.0,649043.0,26059.421505375416,8943.080432043416,0.0,0.0,9364,0.20471339250579337,0.0,0.7355603165580866,2.1861746316295747e-05,0.7355603165580866
st27s__tu,float64,0.0,-6.0,45.0,51.0,3.6700861940135137,-0.03502251759870578,-1.0,-1.0,42,0.0009181933452844214,0.7584932884438809,0.025250316995321587,2.1861746316295747e-05,0.004875169428533951
st25s__tu,float64,0.0,-6.0,48.0,54.0,3.7338495731551538,0.12509291242184425,-1.0,-1.0,43,0.0009400550916007171,0.7453325171614709,0.012089545712911548,2.1861746316295747e-05,0.004875169428533951
st24s__tu,float64,0.0,-6.0,50.0,56.0,3.760465654268921,0.20683398189847405,-1.0,-1.0,43,0.0009400550916007171,0.7383367583402562,0.005181233876962092,2.1861746316295747e-05,0.004853307682217656
st21s__tu,float64,0.0,-4.0,556.0,560.0,56.6112882077996,31.070788334572164,-1.0,-1.0,396,0.008657251541253115,0.6105329893751913,0.005159372130645796,2.1861746316295747e-05,0.0021205893926806874
st20s__tu,float64,0.0,-4.0,582.0,586.0,81.69703429877013,53.485593109177564,-1.0,-1.0,434,0.009487997901272353,0.6105329893751913,0.005159372130645796,2.1861746316295747e-05,0.0021205893926806874
st12s__tu,float64,0.0,-4.0,50.0,54.0,3.8038985317306073,0.2846399370381706,-1.0,-1.0,42,0.0009181933452844214,0.7315596169822045,0.005159372130645796,2.1861746316295747e-05,0.00395697608324953
s063a__tu,float64,0.0,0.0,144119.0,144119.0,1727.6151782589645,45.590081593245934,0.0,0.0,93,0.0020331424074155045,0.0,0.9979668575925845,2.1861746316295747e-05,0.9979668575925845
s207s__tu,float64,0.0,-4.0,119.0,123.0,21.26538351768824,5.737812076428665,-4.0,-4.0,122,0.002667133050588081,0.5940710943990206,0.5921253989768702,2.1861746316295747e-05,0.054173407371780856
g211s__tu,float64,0.0,0.0,282071.0,282071.0,4389.385905253633,1687.3413896563732,0.0,0.0,10476,0.22902365440951422,0.0,0.60097940623497,2.1861746316295747e-05,0.60097940623497
st103s__tu,float64,0.0,-4.0,50.0,54.0,1.8501705804688477,-0.3335009400550916,-1.0,-1.0,33,0.0007214376284377596,0.6105329893751913,0.005159372130645796,2.1861746316295747e-05,0.3288662498360369
us28s__tu,float64,0.0,0.0,100000.0,100000.0,2286.4105882168087,509.61066035493815,0.0,0.0,2551,0.05576931485287045,0.0,0.8748852258318395,2.1861746316295747e-05,0.8748852258318395
us27s__tu,float64,0.0,-6.0,2.0,8.0,1.6689214830640005,-2.134187398889423,-1.0,-1.0,8,0.00017489397053036597,0.985877311879673,0.11337501639630974,0.00034978794106073195,0.005640330549604302
us25s__tu,float64,0.0,-6.0,3.0,9.0,1.6088151561225086,-1.9415635520965415,-1.0,-1.0,9,0.0001967557168466617,0.9577631061169166,0.08526081063355341,0.0003716496873770277,0.012483057146604871
us24s__tu,float64,0.0,-6.0,5.0,11.0,1.5085580399783425,-1.6883389445148878,-1.0,-1.0,11,0.0002404792094792532,0.9219535656508242,0.04947313191377727,2.1861746316295747e-05,0.01727077958987364
us21s__tu,float64,0.0,-4.0,381.0,385.0,25.491281714814406,12.39600367277338,-1.0,-1.0,193,0.004219317039045079,0.5850640549167068,0.005159372130645796,2.1861746316295747e-05,0.002470377333741419
us20s__tu,float64,0.0,-4.0,381.0,385.0,37.54386892052992,22.765838835206157,-1.0,-1.0,225,0.004918892921166543,0.5850640549167068,0.005159372130645796,2.1861746316295747e-05,0.0022080363779458704
us12s__tu,float64,0.0,-4.0,8.0,12.0,1.3572092150021067,-1.2974946438721524,-1.0,-1.0,12,0.00026234095579554895,0.872414848498098,0.005159372130645796,2.1861746316295747e-05,0.002470377333741419
us09s__tu,float64,0.0,-4.0,41.0,45.0,2.025575144375058,0.025928031131126756,-1.0,-1.0,33,0.0007214376284377596,0.5850640549167068,0.005159372130645796,2.1861746316295747e-05,0.18315771063792577
us06s__tu,float64,0.0,-4.0,10.0,14.0,0.8354888550174143,-0.47258537011936513,-1.0,-1.0,13,0.0002842027021118447,0.5850640549167068,0.005159372130645796,4.3723492632591494e-05,0.3286257706265576
us03s__tu,float64,0.0,-4.0,8.0,12.0,1.312551375337966,-1.3226137903895763,-1.0,-1.0,13,0.0002842027021118447,0.8724585719907306,0.005159372130645796,2.1861746316295747e-05,0.018276419920423243
us02s__tu,float64,0.0,-4.0,8.0,12.0,0.8669255053621182,-0.4348082724848061,-1.0,-1.0,11,0.0002404792094792532,0.5850640549167068,0.005159372130645796,2.1861746316295747e-05,0.289471382974072
us01s__tu,float64,0.0,-4.0,94.0,98.0,4.230843982278677,1.748458746884701,0.0,0.0,70,0.0015303222421407022,0.005159372130645796,0.005159372130645796,4.3723492632591494e-05,0.5820252721787417
at01a__tu,float64,0.0,-4.0,25.0,29.0,0.8465208829529512,0.23486074067596518,0.0,0.0,19,0.00041537318000961916,0.005159372130645796,0.005159372130645796,2.1861746316295747e-05,0.8385510034541559
st102s__tu,float64,0.0,-4.0,43.0,47.0,3.277969892717315,0.4717546237593459,-1.0,-1.0,39,0.000852608106335534,0.6105329893751913,0.005159372130645796,2.1861746316295747e-05,0.14503082506230597
s207a__tu,float64,0.0,-4.0,999.0,1003.0,60.920962375681924,6.947313191377727,-1.0,-1.0,87,0.0019019719295177298,0.6409208167548424,0.005159372130645796,0.003607188142188798,0.053058458309649774
g244b__tu,float64,0.0,-4.0,29.0,33.0,2.441276005053161,1.9422631279786629,2.0,1.0,30,0.0006558523894888724,0.15257312754142802,0.005640330549604302,2.1861746316295747e-05,0.09175374928949324
g243b__tu,float64,0.0,-4.0,23.0,27.0,1.7915242374003832,1.2191858685671813,1.0,1.0,22,0.0004809584189585064,0.15257312754142802,0.005640330549604302,2.1861746316295747e-05,0.19185868567181147
g242b__tu,float64,0.0,-4.0,20.0,24.0,1.457346157878987,0.8515806042586682,1.0,1.0,19,0.00041537318000961916,0.15257312754142802,0.005640330549604302,2.1861746316295747e-05,0.2719819859210354
g244f__tu,float64,0.0,-4.0,75.0,79.0,4.610232621238468,4.384416947225745,3.0,1.0,61,0.0013335665252940405,0.04866424730007433,0.005640330549604302,2.1861746316295747e-05,0.029163569585938524
g243f__tu,float64,0.0,-4.0,56.0,60.0,3.6240689284463685,3.4395959949280748,3.0,1.0,49,0.0010712255694984916,0.04866424730007433,0.005640330549604302,2.1861746316295747e-05,0.055397665165493416
g242f__tu,float64,0.0,-4.0,53.0,57.0,3.07024332657999,2.9454112194482094,2.0,1.0,39,0.000852608106335534,0.04866424730007433,0.005640330549604302,2.1861746316295747e-05,0.07304009444274409
g242s__tu,float64,0.0,-4.0,120.0,124.0,4.893221972917602,5.573083817935377,4.0,3.0,58,0.0012679812863451532,0.005640330549604302,0.005640330549604302,2.1861746316295747e-05,0.023260898080538675
s204a__tu,float64,0.0,0.0,108916.0,108916.0,2642.1532971623838,1035.6843220899184,0.0,0.0,8887,0.1942853395129203,0.0,0.5796642035765817,2.1861746316295747e-05,0.5796642035765817
s204s__tu,float64,0.0,0.0,196026.0,196026.0,3715.2179572955383,1540.69922461798,50.44,0.0,10803,0.23617244545494295,0.0,0.4990818066547156,2.1861746316295747e-05,0.4990818066547156
s209a__tu,float64,0.0,-5.0,82.0,87.0,16.233369917941904,7.05736522233396,-1.0,-4.0,86,0.0018801101832014342,0.5184075903983211,0.00017489397053036597,8.744698526518299e-05,0.0021424511389969833
s209s__tu,float64,0.0,-5.0,82.0,87.0,16.163923101987958,7.967710200690831,4.0,-4.0,85,0.0018582484368851384,0.4247955926719426,0.00017489397053036597,8.744698526518299e-05,0.0021424511389969833
g099a__tu,float64,0.0,-4.0,51.0,55.0,4.209937723655746,1.2036421669362949,-1.0,-1.0,45,0.0009837785842333085,0.6409208167548424,0.005159372130645796,2.1861746316295747e-05,0.03513182633028726
g106s__tu,float64,0.0,0.0,903.0,903.0,125.75161357317178,252.0959074810896,251.0,188.0,682,0.014909710987713699,0.0,0.0021643128853132787,2.1861746316295747e-05,0.0021643128853132787
st09s__tu,float64,0.0,-4.0,16.0,20.0,1.0744984219725544,-0.44097328494600146,-1.0,-1.0,17,0.0003716496873770277,0.6105329893751913,0.005159372130645796,2.1861746316295747e-05,0.31522452013466834
st06s__tu,float64,0.0,-4.0,8.0,12.0,0.6429758828141531,-0.5893708189410171,-1.0,-1.0,9,0.0001967557168466617,0.6105329893751913,0.005159372130645796,2.1861746316295747e-05,0.3676927112937782
st05s__tu,float64,0.0,-4.0,13.0,17.0,0.32463596322727045,-0.9927200384766736,-1.0,-1.0,12,0.00026234095579554895,0.9857461414017752,0.005159372130645796,4.3723492632591494e-05,0.00940055091600717
rp02s__tu,float64,0.0,-4.0,2.0,6.0,0.41075514674731406,-0.9004197455292728,-1.0,-1.0,5,0.00010930873158147872,0.8933802632154256,0.005159372130645796,0.00013117047789777447,0.09831227318438197
rt20s__tu,float64,0.0,-5.0,646.0,651.0,54.299607306710314,42.31644877792838,20.0,-1.0,400,0.008744698526518298,0.4363604564732631,6.558523894888724e-05,2.1861746316295747e-05,0.002557824319006602
rt12s__tu,float64,0.0,-4.0,23.0,27.0,1.683244676121097,-1.3663591447684842,-1.0,-1.0,23,0.0005028201652748022,0.8259586375759695,0.005159372130645796,2.1861746316295747e-05,0.015762319094049234
rt09s__tu,float64,0.0,-5.0,18.0,23.0,1.1784510183934336,-0.09070438546631104,0.0,-1.0,19,0.00041537318000961916,0.4363604564732631,6.558523894888724e-05,2.1861746316295747e-05,0.34447553670587205
rt06s__tu,float64,0.0,-5.0,7.0,12.0,0.6892456820438957,-0.3802632154256482,0.0,0.0,10,0.00021861746316295745,0.4363604564732631,6.558523894888724e-05,6.558523894888724e-05,0.5040444230685147
rt03s__tu,float64,0.0,-4.0,24.0,28.0,1.6228560912780878,-1.419942284989725,-1.0,-1.0,22,0.0004809584189585064,0.8360150408814656,0.005159372130645796,2.1861746316295747e-05,0.024397708888986052
rt02s__tu,float64,0.0,-4.0,25.0,29.0,1.1032079358307834,-0.17607450483144593,0.0,-1.0,22,0.0004809584189585064,0.4362948712343142,0.005159372130645796,2.1861746316295747e-05,0.39178435573433606
rt01s__tu,float64,0.0,-4.0,188.0,192.0,2.908779147947133,1.7027895588299593,1.0,0.0,41,0.0008963315989681255,0.005159372130645796,0.005159372130645796,2.1861746316295747e-05,0.4332560884963491
rp08s__tu,float64,0.0,-4.0,3.0,7.0,0.46683895416410354,-0.8830833807004503,-1.0,-1.0,6,0.00013117047789777447,0.8933802632154256,0.005159372130645796,6.558523894888724e-05,0.08139128153556906
rp07s__tu,float64,0.0,0.0,61862.72,61862.72,1648.922417344361,183.27299038422655,0.0,0.0,844,0.01845131389095361,0.0,0.981373792138516,2.1861746316295747e-05,0.981373792138516
rp06s__tu,float64,0.0,0.0,61862.72,61862.72,1129.2931022947982,71.10699827818644,0.0,0.0,280,0.006121288968562809,0.0,0.9939005727777535,2.1861746316295747e-05,0.9939005727777535
rp05s__tu,float64,0.0,0.0,72959.0,72959.0,3051.6042738318115,688.4376695366888,0.0,0.0,2986,0.0652791745004591,0.0,0.9314852870447291,2.1861746316295747e-05,0.9314852870447291
rp04s__tu,float64,0.0,-5.0,105.0,110.0,14.629262014157163,3.423265270429802,-1.0,-1.0,90,0.001967557168466617,0.893402124961742,2.1861746316295747e-05,2.1861746316295747e-05,0.002317345109527349
rp03s__tu,float64,0.0,-4.0,3.0,7.0,0.4689421528258437,-0.8823400813256963,-1.0,-1.0,6,0.00013117047789777447,0.8933802632154256,0.005159372130645796,4.3723492632591494e-05,0.08062612041449871
rp01s__tu,float64,0.0,-4.0,5.0,9.0,0.46000681622631845,0.09420226487691837,0.0,0.0,7,0.0001530322242140702,0.005159372130645796,0.005159372130645796,6.558523894888724e-05,0.8903414804774605
st03s__tu,float64,0.0,-4.0,50.0,54.0,3.7728234503584512,0.2643959599492807,-1.0,-1.0,42,0.0009181933452844214,0.7331336627169779,0.005159372130645796,2.1861746316295747e-05,0.004875169428533951
re102s__tu,float64,0.0,-5.0,77000.0,77005.0,1479.5424406842042,491.11239123781206,-1.0,-3.0,2031,0.04440120676839666,0.5475055747453107,0.0003935114336933234,2.1861746316295747e-05,0.0021205893926806874
re101s__tu,float64,0.0,0.0,104324.47,104324.47,3481.493273216976,1489.936543407065,263.0,0.0,10783,0.23573521052861704,0.0,0.43813125792488306,2.1861746316295747e-05,0.43813125792488306
re57s__tu,float64,0.0,0.0,18808.0,18808.0,151.0265616003905,22.618203171670217,0.0,0.0,1280,0.027983035284858553,0.0,0.8999387871103144,2.1861746316295747e-05,0.8999387871103144
re36s__tu,float64,0.0,-4.0,999.0,1003.0,308.0638952902671,111.04193082943466,1.0,0.0,86,0.0018801101832014342,0.18414148922215906,0.005159372130645796,0.10729745092037953,0.2742993310305627
re35s__tu,float64,0.0,-5.0,47724.0,47729.0,901.879093165982,303.8162738839579,-1.0,-3.0,2796,0.0611254427003629,0.5471339250579337,2.1861746316295747e-05,2.1861746316295747e-05,0.03834550303878274
re34s__tu,float64,0.0,-5.0,841.0,846.0,48.201373245015226,32.62850334484719,-1.0,-3.0,277,0.006055703729613921,0.5475274364916269,0.00041537318000961916,2.1861746316295747e-05,0.039176249398801974
re33s__tu,float64,0.0,0.0,70677.11,70677.11,2286.7404008784915,803.5838810046725,0.0,0.0,7836,0.17130864413449345,0.0,0.5854794280967164,2.1861746316295747e-05,0.5854794280967164
re32s__tu,float64,0.0,0.0,66203.47,66203.47,1504.519918552781,486.0471026063743,0.0,0.0,5841,0.12769446023348346,0.0,0.5854794280967164,2.1861746316295747e-05,0.5854794280967164
re31s__tu,float64,0.0,-5.0,100.0,105.0,42.381065207606404,26.407437366096804,-1.0,-3.0,82,0.001792663197936251,0.5475274364916269,0.00041537318000961916,0.20335796423418304,0.1187092824974859
re30s__tu,float64,0.0,-5.0,100.0,105.0,44.97079412450882,30.86220541296839,-1.0,-3.0,81,0.0017708014516199554,0.5475274364916269,0.00041537318000961916,0.2523064142363692,0.08445192601985047
re29s__tu,float64,0.0,-5.0,26.0,31.0,2.818191542990879,-0.25095098596475884,-1.0,-3.0,31,0.0006777141358051682,0.5471339250579337,2.1861746316295747e-05,2.1861746316295747e-05,0.03834550303878274
re28s__tu,float64,0.0,0.0,111356.0,111356.0,3633.656810555508,1240.195563793618,0.0,0.0,2805,0.06132219841720957,0.0,0.5496261641379914,2.1861746316295747e-05,0.5496261641379914
re27s__tu,float64,0.0,-6.0,29.0,35.0,2.724476950475436,-2.416050894145424,-3.0,-3.0,25,0.0005465436579073936,0.7932534650867912,0.24382405666564644,2.1861746316295747e-05,0.02308600411000831
rt21s__tu,float64,0.0,-5.0,480.0,485.0,35.4214975916135,24.11320012242578,7.0,-1.0,279,0.006099427222246513,0.4363604564732631,6.558523894888724e-05,2.1861746316295747e-05,0.003454155917974728
rt24s__tu,float64,0.0,-6.0,24.0,30.0,1.6879803317606434,-1.6294652616851033,-1.0,-1.0,21,0.0004590966726422107,0.8637138734642124,0.02728345940273709,2.1861746316295747e-05,0.02332648331948756
rt25s__tu,float64,0.0,-6.0,23.0,29.0,1.7304952784494898,-1.8399064317257663,-1.0,-1.0,22,0.0004809584189585064,0.8920904201827642,0.055222771194963056,2.1861746316295747e-05,0.01882296357833064
rt27s__tu,float64,0.0,-6.0,21.0,27.0,1.760133653773045,-2.0937650299505925,-1.0,-1.0,18,0.0003935114336933234,0.9268724585719907,0.08952385116523108,2.1861746316295747e-05,0.01198023698133007
st02s__tu,float64,0.0,-4.0,50.0,54.0,3.620828375041853,0.6548467491583227,-1.0,-1.0,41,0.0008963315989681255,0.6105329893751913,0.005159372130645796,2.1861746316295747e-05,0.12314721699969393
st01s__tu,float64,0.0,-4.0,92.0,96.0,6.001231564262391,2.944689781819772,0.0,0.0,67,0.001464737003191815,0.005159372130645796,0.005159372130645796,2.1861746316295747e-05,0.6074942066372262
s114s__tu,float64,0.0,-4.0,31.0,35.0,2.0684401634472174,1.3175200034978793,1.0,1.0,27,0.0005902671505399851,0.13702942591054174,0.005640330549604302,2.1861746316295747e-05,0.24996720738052555
s073b__tu,float64,0.0,-5.0,24.0,29.0,3.119077479812229,-1.0094442744086398,-1.0,-4.0,22,0.0004809584189585064,0.5455598793231603,0.027327182895369683,2.1861746316295747e-05,0.04245551134624634
s073a__tu,float64,0.0,-5.0,74.0,79.0,4.130545765515262,-0.36211796598312274,0.0,-4.0,49,0.0010712255694984916,0.46565519653709936,0.04103449783568711,2.1861746316295747e-05,0.04486030344103887
s071b__tu,float64,0.0,-4.0,15.0,19.0,2.824801378069976,-1.024987976039526,-1.0,-4.0,17,0.0003716496873770277,0.5182326964277907,0.4246206987014123,2.1861746316295747e-05,0.07734685846705434
s071a__tu,float64,0.0,-4.0,96.0,100.0,3.6636794899361265,-0.38712780376896505,0.0,-4.0,40,0.0008744698526518298,0.4246206987014123,0.4246206987014123,2.1861746316295747e-05,0.07885531896287876
s068b__tu,float64,0.0,-4.0,26.0,30.0,3.1761328088606033,-0.6334440995146692,0.0,-4.0,20,0.0004372349263259149,0.4246206987014123,0.4246206987014123,2.1861746316295747e-05,0.09573258711905908
s068a__tu,float64,0.0,0.0,107.0,107.0,3.094779807816235,1.8971186218355123,1.0,0.0,50,0.0010930873158147873,0.0,0.42674128809409295,2.1861746316295747e-05,0.42674128809409295
s064b__tu,float64,0.0,0.0,78968.0,78968.0,2667.4152904449784,1135.7590632967613,0.0,0.0,9331,0.2039919548773556,0.0,0.5203751475667876,2.1861746316295747e-05,0.5203751475667876
s064a__tu,float64,0.0,0.0,196031.0,196031.0,3751.0748950018224,1665.6620344995845,294.0,0.0,11281,0.2466223601941323,0.0,0.42676314984040925,2.1861746316295747e-05,0.42676314984040925
s062s__tu,float64,0.0,-4.0,999.0,1003.0,329.13122500972844,129.80315683616809,1.0,1.0,88,0.0019238336758340257,0.005159372130645796,0.005159372130645796,0.12524594464605832,0.3106335534082463
s061s__tu,float64,0.0,-4.0,999.0,1003.0,306.4668865950773,110.5212058939268,1.0,1.0,87,0.0019019719295177298,0.005159372130645796,0.005159372130645796,0.10618250185824844,0.31985921035372306
s043s__tu,float64,0.0,-5.0,25.0,30.0,2.6662360333749464,-0.27318438196843164,0.0,-3.0,28,0.0006121288968562808,0.4706396746972148,0.012920292072930786,4.3723492632591494e-05,0.1469327969918237
s004s__tu,float64,0.0,-4.0,532.0,536.0,34.627337727771675,59.60139477941498,55.0,51.0,294,0.006427353416990949,0.005159372130645796,0.005159372130645796,2.1861746316295747e-05,0.0022517598705784616
rt201s__tu,float64,0.0,0.0,45402.79,45402.79,771.4523801937921,231.0657561477668,0.0,0.0,4339,0.09485811726640724,0.0,0.7819946657338989,2.1861746316295747e-05,0.7819946657338989
rt101s__tu,float64,0.0,0.0,52071.54,52071.54,1006.7386459652088,273.123401950104,0.0,0.0,4708,0.10292510165712038,0.0,0.8061518954134056,2.1861746316295747e-05,0.8061518954134056
rt57s__tu,float64,0.0,0.0,4248.599999999999,4248.599999999999,52.607023336586415,5.628757602862593,0.0,0.0,632,0.013816623671898912,0.0,0.9682567443487385,2.1861746316295747e-05,0.9682567443487385
rt36s__tu,float64,0.0,-4.0,999.0,1003.0,346.5718030355149,148.18291723142843,0.0,-1.0,86,0.0018801101832014342,0.4362948712343142,0.005159372130645796,0.14205762756328977,0.07262472126273446
rt35s__tu,float64,0.0,-4.0,17303.0,17307.0,392.1901635780311,86.38975121332692,-1.0,-1.0,1854,0.04053167767041231,0.8396003672773381,0.005159372130645796,2.1861746316295747e-05,0.034913208867124304
rt34s__tu,float64,0.0,-5.0,838.0,843.0,30.615328710842327,7.638669056884264,-1.0,-1.0,282,0.0061650124611954005,0.8396440907699707,4.3723492632591494e-05,2.1861746316295747e-05,0.03524113506186874
rt33s__tu,float64,0.0,0.0,22742.62,22742.62,628.4404908746787,136.96760757171253,0.0,0.0,3257,0.07120370775217524,0.0,0.8745135761444625,2.1861746316295747e-05,0.8745135761444625
rt32s__tu,float64,0.0,0.0,17303.0,17303.0,493.58891710848815,111.73669788743285,0.0,0.0,3006,0.06571640942678501,0.0,0.8745135761444625,2.1861746316295747e-05,0.8745135761444625
rt31s__tu,float64,0.0,-5.0,100.0,105.0,23.73339412453552,4.724607581653623,-1.0,-1.0,41,0.0008963315989681255,0.8396440907699707,4.3723492632591494e-05,0.05196537099383499,0.08394910585457567
rt30s__tu,float64,0.0,-5.0,100.0,105.0,27.445888000817686,6.910629181058983,-1.0,-1.0,44,0.0009619168379170128,0.8396440907699707,4.3723492632591494e-05,0.0724935507848367,0.062043636045647325
rt29s__tu,float64,0.0,-4.0,18.0,22.0,1.5367825271393039,-1.4611735385422588,-1.0,-1.0,18,0.0003935114336933234,0.8396003672773381,0.005159372130645796,2.1861746316295747e-05,0.034913208867124304
rt28s__tu,float64,0.0,0.0,62080.0,62080.0,1195.8825290655886,274.3159153096072,0.0,0.0,1657,0.03622491364610205,0.0,0.8417646801626514,2.1861746316295747e-05,0.8417646801626514
us29s__tu,float64,0.0,-4.0,8.0,12.0,1.3570556785236816,-1.298194219754274,-1.0,-1.0,13,0.0002842027021118447,0.8727646364391588,0.005159372130645796,2.1861746316295747e-05,0.0021205893926806874
us30s__tu,float64,0.0,-4.0,100.0,104.0,31.405041606258173,9.412553014734817,-1.0,-1.0,16,0.00034978794106073195,0.8727646364391588,0.005159372130645796,0.10495824406453587,0.015478116391937387
us31s__tu,float64,0.0,-4.0,100.0,104.0,28.32080528982135,7.366227974290586,-1.0,-1.0,19,0.00041537318000961916,0.8727646364391588,0.005159372130645796,0.08156617550609943,0.033054960430239165
g205b__tu,float64,0.0,0.0,25606.0,25606.0,431.35803473036304,237.79255681731343,39.769999999999996,0.0,3593,0.07854925451445062,0.0,0.41613834113068954,2.1861746316295747e-05,0.41613834113068954
rvlr73__tu,float64,0.0,-6.0,5.0,11.0,0.9193224169594953,-0.025534519697433433,0.0,0.0,8,0.00017489397053036597,0.25943334353548164,0.005159372130645796,0.0004590966726422107,0.5379301298587731
rvlr72__tu,float64,0.0,-6.0,5.0,11.0,1.3889455935509967,0.2913514931572734,0.0,0.0,8,0.00017489397053036597,0.25943334353548164,0.005159372130645796,0.018932272309912117,0.4456516986576888
rvlr71__tu,float64,0.0,-6.0,5.0,11.0,0.9725548516645629,0.022561322198417208,0.0,0.0,8,0.00017489397053036597,0.25943334353548164,0.005159372130645796,0.0005902671505399851,0.5092912421844257
rvlr70__tu,float64,0.0,-6.0,5.0,11.0,1.3223830952041782,0.2343360587643741,0.0,0.0,8,0.00017489397053036597,0.25943334353548164,0.005159372130645796,0.014210135105592235,0.46543657907393643
rvlr66__tu,float64,0.0,-6.0,1.0,7.0,0.7034399858183742,-0.1931266669581566,0.0,0.0,4,8.744698526518299e-05,0.25943334353548164,0.005159372130645796,0.09210353723055398,0.6484631192339644
rvlr65__tu,float64,0.0,-6.0,1.0,7.0,0.7428675749497378,-0.15069301735822657,0.0,0.0,4,8.744698526518299e-05,0.25943334353548164,0.005159372130645796,0.13453718683048402,0.6060294696340344
rvlr64__tu,float64,0.0,-6.0,1.0,7.0,0.7763489834690522,-0.11035809540466092,0.0,0.0,4,8.744698526518299e-05,0.25943334353548164,0.005159372130645796,0.17487210878404966,0.5656945476804687
rvlr63__tu,float64,0.0,-6.0,1.0,7.0,0.8055012190060716,-0.07133487823007302,0.0,0.0,4,8.744698526518299e-05,0.25943334353548164,0.005159372130645796,0.21389532595863758,0.5266713305058808
rvlr62__tu,float64,0.0,-6.0,1.0,7.0,0.8324067135098726,-0.03137160596388439,0.0,0.0,4,8.744698526518299e-05,0.25943334353548164,0.005159372130645796,0.2538585982248262,0.4867080582396922
rvlr61__tu,float64,0.0,-6.0,1.0,7.0,0.8572331051328692,0.009684753618119015,0.0,0.0,4,8.744698526518299e-05,0.25943334353548164,0.005159372130645796,0.29491495780682964,0.4456516986576888
g208b__tu,float64,0.0,-5.0,100.0,105.0,49.98561336480977,50.39379563639544,69.0,100.0,103,0.0022517598705784616,0.35238948887237115,0.3472301167417253,0.46565519653709936,0.06381443749726728
g207b__tu,float64,0.0,0.0,52165.63,52165.63,590.697229669093,324.51815948361605,93.12,0.0,4247,0.09284683660530803,0.0,0.3508591666302304,2.1861746316295747e-05,0.3508591666302304
g206b__tu,float64,0.0,0.0,51750.47,51750.47,374.3622664819759,74.54812212400357,0.0,0.0,2276,0.04975733461588912,0.0,0.8787328931835074,2.1861746316295747e-05,0.8787328931835074
g200b__tu,float64,0.0,-5.0,100.0,105.0,50.26193160853008,59.95859385247694,100.0,100.0,101,0.0022080363779458704,0.35238948887237115,0.3472301167417253,0.5797297888155306,0.01967557168466617
g408s__tu,float64,0.0,-4.0,14.0,18.0,1.2477243163759775,0.4167286082812295,0.0,0.0,16,0.00034978794106073195,0.22176555463250405,0.005640330549604302,4.3723492632591494e-05,0.3561715709850903
g199b__tu,float64,0.0,0.0,52165.63,52165.63,583.6849351757107,315.2652221994636,80.0,0.0,4194,0.09168816405054436,0.0,0.3720650605570373,2.1861746316295747e-05,0.3720650605570373
reap02__tu,float64,0.0,0.0,18706.0,18706.0,121.28571395182976,12.705021643128768,0.0,0.0,626,0.013685453194001137,0.0,0.9134274845874688,2.1861746316295747e-05,0.9134274845874688
hrap02__tu,float64,0.0,0.0,18706.0,18706.0,102.194222747141,0.7688585982248262,0.0,0.0,27,0.0005902671505399851,0.0,0.9994315945957764,2.1861746316295747e-05,0.9994315945957764
us51a__tu,float64,0.0,-5.0,912.0,917.0,17.553949141507424,7.42846836605308,-1.0,-1.0,123,0.002688994796904377,0.6240654103449783,0.03900135542827161,2.1861746316295747e-05,0.0021205893926806874
g418s__tu,float64,0.0,-4.0,24.0,28.0,1.838484524222006,0.23625989244020812,0.0,0.0,27,0.0005902671505399851,0.025818722399545274,0.005640330549604302,0.00021861746316295745,0.9117222683747978
g417s__tu,float64,0.0,-4.0,24.0,28.0,5.53465600196592,3.0250098377858423,0.0,0.0,27,0.0005902671505399851,0.15257312754142802,0.005640330549604302,0.0018363866905688427,0.39029775698482794
g416s__tu,float64,0.0,-4.0,24.0,28.0,3.298243389204217,0.8480827248480609,0.0,0.0,27,0.0005902671505399851,0.04862052380744174,0.005640330549604302,0.0006558523894888724,0.8029819421975427
g415s__tu,float64,0.0,-4.0,33.0,37.0,1.9166225929720142,2.294346552402606,2.0,1.0,26,0.0005684054042236894,0.005640330549604302,0.005640330549604302,2.1861746316295747e-05,0.02229898124262166
g414s__tu,float64,0.0,-4.0,16.0,20.0,1.3623392327888562,1.723536356084124,1.0,1.0,17,0.0003716496873770277,0.025818722399545274,0.005640330549604302,6.558523894888724e-05,0.009925232827598269
g413s__tu,float64,0.0,-4.0,10.0,14.0,1.0166531791737687,1.4050544357483277,1.0,1.0,13,0.0002842027021118447,0.025818722399545274,0.005640330549604302,2.1861746316295747e-05,0.01663678894670106
g412s__tu,float64,0.0,-4.0,6.0,10.0,0.8222775549143212,1.2248043373704691,1.0,1.0,9,0.0001967557168466617,0.025818722399545274,0.005640330549604302,0.0002404792094792532,0.02118403218049058
g411s__tu,float64,0.0,-4.0,39.0,43.0,3.016864266175756,2.676140090070395,2.0,1.0,33,0.0007214376284377596,0.005640330549604302,0.005640330549604302,2.1861746316295747e-05,0.21824581347558042
g410s__tu,float64,0.0,-4.0,26.0,30.0,2.2017551269711166,1.3810065148004023,1.0,1.0,25,0.0005465436579073936,0.22176555463250405,0.005640330549604302,2.1861746316295747e-05,0.12091731887543176
rvlr74__tu,float64,0.0,-6.0,5.0,11.0,1.4205014564489273,0.3220672467316689,0.0,0.0,8,0.00017489397053036597,0.25943334353548164,0.005159372130645796,0.021293340912072058,0.43386821739320536
rvlr75__tu,float64,0.0,-6.0,5.0,11.0,0.8921456260401899,-0.05028201652748022,0.0,0.0,8,0.00017489397053036597,0.25943334353548164,0.005159372130645796,0.0002404792094792532,0.5544138865812601
rvlr76__tu,float64,0.0,-6.0,5.0,11.0,1.4315915669549575,0.33393817498141753,0.0,0.0,8,0.00017489397053036597,0.25943334353548164,0.005159372130645796,0.022189672511040183,0.4290586332036203
rvlr77__tu,float64,0.0,-6.0,5.0,11.0,0.8846219766102675,-0.056709369944471164,0.0,0.0,8,0.00017489397053036597,0.25943334353548164,0.005159372130645796,0.0002404792094792532,0.5585894801276726
rets123__tu,float64,0.0,0.0,30315.41,30315.41,223.3747858327404,16.10304127288087,0.0,0.0,983,0.02149009662891872,0.0,0.9089458265926282,2.1861746316295747e-05,0.9089458265926282
rets122__tu,float64,0.0,0.0,33964.549999999996,33964.549999999996,265.5779213359706,17.166638739899934,0.0,0.0,1016,0.022211534257356478,0.0,0.9083555594420882,2.1861746316295747e-05,0.9083555594420882
rets121__tu,float64,0.0,0.0,26982.0,26982.0,212.24092595986295,16.51612414691358,0.0,0.0,1037,0.02267063092999869,0.0,0.9065847579904682,2.1861746316295747e-05,0.9065847579904682
rets120__tu,float64,0.0,0.0,24220.0,24220.0,210.8338842326115,16.115945075313956,0.0,0.0,1025,0.02240828997420314,0.0,0.9057102881378164,2.1861746316295747e-05,0.9057102881378164
rets119__tu,float64,0.0,0.0,47697.81,47697.81,302.03510773414547,16.625721676343126,0.0,0.0,998,0.021818022823663154,0.0,0.9047046478072669,2.1861746316295747e-05,0.9047046478072669
rets118__tu,float64,0.0,0.0,9555.0,9555.0,143.7506802408574,15.17301480281367,0.0,0.0,1015,0.022189672511040183,0.0,0.9041799658956757,2.1861746316295747e-05,0.9041799658956757
rets117__tu,float64,0.0,0.0,68668.0,68668.0,500.46164201188606,19.15857620441525,0.0,0.0,985,0.02153382012155131,0.0,0.9048795417777972,2.1861746316295747e-05,0.9048795417777972
rets116__tu,float64,0.0,0.0,14935.09,14935.09,182.52341506609366,17.06768036143609,0.0,0.0,1024,0.022386428227886845,0.0,0.9031306020724935,2.1861746316295747e-05,0.9031306020724935
rets115__tu,float64,0.0,0.0,38674.0,38674.0,231.19193448950986,16.355342113263468,0.0,0.0,1020,0.02229898124262166,0.0,0.9023435792051069,2.1861746316295747e-05,0.9023435792051069
rets114__tu,float64,0.0,0.0,25000.0,25000.0,201.1002525829505,16.854155639170237,0.0,0.0,1024,0.022386428227886845,0.0,0.9021030999956277,2.1861746316295747e-05,0.9021030999956277
rets113__tu,float64,0.0,0.0,38694.27,38694.27,227.78596937967873,15.888016158843833,0.0,0.0,1002,0.021905469808928338,0.0,0.9037208692230335,2.1861746316295747e-05,0.9037208692230335
rets112__tu,float64,0.0,0.0,18687.0,18687.0,192.04769781369853,16.5813312338123,0.0,0.0,1017,0.022233396003672773,0.0,0.9034803900135543,2.1861746316295747e-05,0.9034803900135543
rets111__tu,float64,0.0,0.0,21290.53,21290.53,192.81640505378448,16.326609975603933,0.0,0.0,987,0.0215775436141839,0.0,0.905010712255695,2.1861746316295747e-05,0.905010712255695
rets110__tu,float64,0.0,0.0,47466.0,47466.0,279.4619373481069,16.76031871164252,0.0,0.0,1005,0.021971055047877223,0.0,0.905010712255695,2.1861746316295747e-05,0.905010712255695
rets109__tu,float64,0.0,0.0,16380.39,16380.39,168.7407524411667,15.779735457709856,0.0,0.0,1000,0.021861746316295744,0.0,0.9043329981198898,2.1861746316295747e-05,0.9043329981198898
rets108__tu,float64,0.0,0.0,32112.82,32112.82,223.6894815367671,16.187298096453787,0.0,0.0,1017,0.022233396003672773,0.0,0.9042018276419921,2.1861746316295747e-05,0.9042018276419921
rets107__tu,float64,0.0,0.0,19216.67,19216.67,163.53147390698618,14.833156908844165,0.0,0.0,950,0.020768659000480957,0.0,0.9040487954177779,2.1861746316295747e-05,0.9040487954177779
rets106__tu,float64,0.0,0.0,20624.14,20624.14,174.00895879204856,14.512430614958454,0.0,0.0,936,0.020462594552052817,0.0,0.9033273577893403,2.1861746316295747e-05,0.9033273577893403
rets105__tu,float64,0.0,0.0,23148.079999999998,23148.079999999998,174.50072449376702,15.301982642136378,0.0,0.0,964,0.021074723448909097,0.0,0.9013816623671899,2.1861746316295747e-05,0.9013816623671899
rets104__tu,float64,0.0,0.0,22921.0,22921.0,208.28031223207185,15.746103919864753,0.0,0.0,967,0.021140308687857986,0.0,0.9002448515587426,2.1861746316295747e-05,0.9002448515587426
rets103__tu,float64,0.0,0.0,36763.0,36763.0,230.50442438155136,16.141871702886643,0.0,0.0,1004,0.021949193301560928,0.0,0.89961086091557,2.1861746316295747e-05,0.89961086091557
rets102__tu,float64,0.0,0.0,13743.0,13743.0,159.7381488030935,15.581870573735587,0.0,0.0,986,0.021555681867867604,0.0,0.8994141051987232,2.1861746316295747e-05,0.8994141051987232
rets101__tu,float64,0.0,0.0,21096.53,21096.53,184.50913605396713,15.594186452082184,0.0,0.0,973,0.02127147916575576,0.0,0.9020375147566788,2.1861746316295747e-05,0.9020375147566788
rvlr81__tu,object,0.0,,,,,,,noactbc,8,0.00017489397053036597,,,,
rvlr80__tu,object,0.0,,,,,,,noactbc,8,0.00017489397053036597,,,,
rvlr79__tu,object,0.0,,,,,,,noactbc,8,0.00017489397053036597,,,,
rvlr78__tu,object,0.0,,,,,,,noactbc,8,0.00017489397053036597,,,,
g409s__tu,float64,0.0,-4.0,20.0,24.0,1.5741545738083031,0.7381837261160421,1.0,1.0,19,0.00041537318000961916,0.22176555463250405,0.005640330549604302,2.1861746316295747e-05,0.2530059901184907
g407s__tu,float64,0.0,-4.0,31.0,35.0,2.2414522633274316,1.8604127497704517,1.0,0.0,29,0.0006339906431725766,0.005640330549604302,0.005640330549604302,2.1861746316295747e-05,0.2908486729919986
us32s__tu,float64,0.0,0.0,100767.0,100767.0,1709.6124716136694,367.2209308461718,0.0,0.0,4331,0.09468322329587688,0.0,0.8748852258318395,2.1861746316295747e-05,0.8748852258318395
se24s__tu,float64,0.0,-6.0,6.0,12.0,1.4854287317322534,-1.6954877355603166,-1.0,-1.0,11,0.0002404792094792532,0.9216693629487124,0.04407328057365222,2.1861746316295747e-05,0.01228630142975821
se101s__tu,float64,0.0,0.0,102231.0,102231.0,2908.821663176036,657.6165466589135,0.0,0.0,5179,0.11322198417209567,0.0,0.8334134930698264,2.1861746316295747e-05,0.8334134930698264
se57s__tu,float64,0.0,0.0,14352.0,14352.0,103.04553250320811,6.292424789150414,0.0,0.0,482,0.010537361724454549,0.0,0.9868610904639062,2.1861746316295747e-05,0.9868610904639062
se36s__tu,float64,0.0,-4.0,999.0,1003.0,373.153549953322,171.54671855187792,-1.0,-1.0,86,0.0018801101832014342,0.5716190809321848,0.005159372130645796,0.16886012854706833,0.009597306632853832
se35s__tu,float64,0.0,-4.0,81004.0,81008.0,2238.797320767364,416.868261116698,-1.0,-1.0,3206,0.07008875869004416,0.8777272528529579,0.005159372130645796,2.1861746316295747e-05,0.0021205893926806874
se34s__tu,float64,0.0,-4.0,388.0,392.0,27.21176118320811,7.796904376721613,-1.0,-1.0,153,0.003344847186393249,0.8777272528529579,0.005159372130645796,2.1861746316295747e-05,0.0021861746316295745
se33s__tu,float64,0.0,0.0,102231.0,102231.0,2626.9085381829273,490.5758105575761,0.0,0.0,3763,0.0822657513882209,0.0,0.8798478422456386,2.1861746316295747e-05,0.8798478422456386
se32s__tu,float64,0.0,0.0,88508.0,88508.0,2416.594319628755,454.86777000046106,0.0,0.0,3693,0.08073542914608019,0.0,0.8798478422456386,2.1861746316295747e-05,0.8798478422456386
se31s__tu,float64,0.0,-4.0,100.0,104.0,26.564576189198117,6.081347558042936,-1.0,-1.0,13,0.0002842027021118447,0.8777272528529579,0.005159372130645796,0.07179397490271523,0.04245551134624634
se30s__tu,float64,0.0,-4.0,100.0,104.0,30.302318975495304,8.480958418958506,-1.0,-1.0,13,0.0002842027021118447,0.8777272528529579,0.005159372130645796,0.09726290936119977,0.02009094486467579
se29s__tu,float64,0.0,-4.0,10.0,14.0,1.3203697741070346,-1.3629049888505094,-1.0,-1.0,11,0.0002404792094792532,0.8777272528529579,0.005159372130645796,2.1861746316295747e-05,0.0021205893926806874
se28s__tu,float64,0.0,0.0,106382.0,106382.0,3042.906752560008,594.278687559935,0.0,0.0,3245,0.07094136679637969,0.0,0.8798478422456386,2.1861746316295747e-05,0.8798478422456386
se27s__tu,float64,0.0,-6.0,3.0,9.0,1.6458221605321313,-2.1419701805780247,-1.0,-1.0,9,0.0001967557168466617,0.9854838004459796,0.10786585632460322,4.3723492632591494e-05,0.004787722443268768
se25s__tu,float64,0.0,-6.0,4.0,10.0,1.591918157665033,-1.955642516724236,-1.0,-1.0,10,0.00021861746316295745,0.9585938524769358,0.08099777010187574,2.1861746316295747e-05,0.008460495824406453
se21s__tu,float64,0.0,-4.0,455.0,459.0,27.380624798118944,13.984718639324909,-1.0,-1.0,198,0.004328625770626557,0.5716190809321848,0.005159372130645796,2.1861746316295747e-05,0.0021861746316295745
g406s__tu,float64,0.0,-4.0,20.0,24.0,1.732396896892951,0.8106991386471951,1.0,1.0,21,0.0004590966726422107,0.29436841414892223,0.005640330549604302,2.1861746316295747e-05,0.122338332385991
se20s__tu,float64,0.0,-4.0,455.0,459.0,38.08404834508035,23.263346596126098,-1.0,-1.0,237,0.005181233876962092,0.5716190809321848,0.005159372130645796,2.1861746316295747e-05,0.0021205893926806874
se12s__tu,float64,0.0,-4.0,10.0,14.0,1.3205018747048616,-1.362424030431551,-1.0,-1.0,10,0.00021861746316295745,0.8774867736434786,0.005159372130645796,2.1861746316295747e-05,0.0023610686021599404
se09s__tu,float64,0.0,-4.0,20.0,24.0,1.3092823464014707,-0.1983079008351187,-1.0,-1.0,22,0.0004809584189585064,0.5716190809321848,0.005159372130645796,2.1861746316295747e-05,0.20440732805736522
se06s__tu,float64,0.0,-4.0,7.0,11.0,0.7083700798479654,-0.5051375103843295,-1.0,-1.0,10,0.00021861746316295745,0.5716190809321848,0.005159372130645796,2.1861746316295747e-05,0.3568492851208955
se03s__tu,float64,0.0,-4.0,10.0,14.0,1.2973282729707563,-1.3764155480739801,-1.0,-1.0,11,0.0002404792094792532,0.8775742206287438,0.005159372130645796,2.1861746316295747e-05,0.012767259848716716
se02s__tu,float64,0.0,-4.0,10.0,14.0,0.806212606629285,-0.4445148878492414,-1.0,-1.0,9,0.0001967557168466617,0.5716190809321848,0.005159372130645796,2.1861746316295747e-05,0.30798828210397444
se01s__tu,float64,0.0,-4.0,69.0,73.0,3.0436099171681983,1.262647020243977,0.0,0.0,58,0.0012679812863451532,0.005159372130645796,0.005159372130645796,2.1861746316295747e-05,0.5685802981942197
us101s__tu,float64,0.0,0.0,100767.0,100767.0,2523.505473299661,654.2357021694738,0.0,0.0,6073,0.13276638537886407,0.0,0.8170390450789209,2.1861746316295747e-05,0.8170390450789209
us57s__tu,float64,0.0,0.0,10926.636288149977,10926.636288149977,183.92036696058338,15.816719299269376,0.0,0.0,820,0.017926631979362513,0.0,0.9779196362205413,2.1861746316295747e-05,0.9779196362205413
us36s__tu,float64,0.0,-4.0,999.0,1003.0,343.5172678073558,139.9080932184863,-1.0,-1.0,88,0.0019238336758340257,0.5850640549167068,0.005159372130645796,0.1377290017926632,0.021643128853132788
us35s__tu,float64,0.0,-4.0,100767.0,100771.0,1508.4272191381065,326.5281797910017,-1.0,-1.0,3501,0.07653797385335141,0.8727646364391588,0.005159372130645796,2.1861746316295747e-05,0.0021205893926806874
us34s__tu,float64,0.0,-4.0,422.0,426.0,29.881613811045284,9.001377290017926,-1.0,-1.0,188,0.0041100083074636,0.8727646364391588,0.005159372130645796,2.1861746316295747e-05,0.0021424511389969833
us33s__tu,float64,0.0,0.0,100767.0,100767.0,2014.0517165297445,428.66701844005524,0.0,0.0,4491,0.0981811027064842,0.0,0.8748852258318395,2.1861746316295747e-05,0.8748852258318395
jt01s__tu,float64,0.0,-4.0,40.0,44.0,2.043309979231212,0.9417821695597044,0.0,0.0,37,0.0008088846137029426,0.005159372130645796,0.005159372130645796,2.1861746316295747e-05,0.594770670281142
jt02s__tu,float64,0.0,-4.0,14.0,18.0,0.8535877460920169,-0.4505050063399064,-1.0,-1.0,13,0.0002842027021118447,0.5978094530191072,0.005159372130645796,2.1861746316295747e-05,0.271435442263128
jt03s__tu,float64,0.0,-4.0,14.0,18.0,1.272459805705952,-1.296204800839491,-1.0,-1.0,15,0.0003279261947444362,0.8686327663853789,0.005159372130645796,2.1861746316295747e-05,0.02549079620480084
jt20s__tu,float64,0.0,-5.0,646.0,651.0,54.53615859381549,33.730204188710594,-1.0,-1.0,366,0.008001399151764243,0.5978313147654235,2.1861746316295747e-05,2.1861746316295747e-05,0.0021424511389969833
g405s__tu,float64,0.0,-4.0,11.0,15.0,1.3015811534981765,0.41189716234532814,0.0,1.0,14,0.0003060644484281404,0.29436841414892223,0.005640330549604302,4.3723492632591494e-05,0.22758077915263872
g404s__tu,float64,0.0,-4.0,8.0,12.0,1.1049035650704955,0.2287175899610861,0.0,1.0,11,0.0002404792094792532,0.29436841414892223,0.005640330549604302,4.3723492632591494e-05,0.29736347339425473
g403s__tu,float64,0.0,-4.0,12.0,16.0,0.8308749854797527,0.2718945389357702,0.0,0.0,14,0.0003060644484281404,0.005640330549604302,0.005640330549604302,4.3723492632591494e-05,0.8069607800271086
g402s__tu,float64,0.0,-4.0,10.0,14.0,0.8138816515393164,-0.6876393686327664,-1.0,-1.0,12,0.00026234095579554895,0.8104805211840321,0.005640330549604302,2.1861746316295747e-05,0.08314022124087272
g401s__tu,float64,0.0,-4.0,4.0,8.0,0.6403343489036454,-0.7596738227449609,-1.0,-1.0,7,0.0001530322242140702,0.8104805211840321,0.005640330549604302,0.0003060644484281404,0.13169515980936558
g400s__tu,float64,0.0,-4.0,3.0,7.0,0.5601424153894607,-0.7904114380656727,-1.0,-1.0,6,0.00013117047789777447,0.8104805211840321,0.005640330549604302,0.00021861746316295745,0.15552446329412795
au207s__tu,float64,0.0,-4.0,7.0,11.0,0.7538269087473186,-0.06718114642997683,0.0,0.0,9,0.0001967557168466617,0.24417384460670719,0.005159372130645796,2.1861746316295747e-05,0.5893489571947007
au206s__tu,float64,0.0,-4.0,5.0,9.0,0.6553313954327257,-0.1499934414761051,0.0,0.0,8,0.00017489397053036597,0.24417384460670719,0.005159372130645796,4.3723492632591494e-05,0.6555681867867605
au205s__tu,float64,0.0,-4.0,10.0,14.0,0.9547688462080484,0.1583009050762975,0.0,0.0,11,0.0002404792094792532,0.24028245376240653,0.005159372130645796,2.1861746316295747e-05,0.432141139434218
au204s__tu,float64,0.0,-4.0,11.0,15.0,1.1574549310903046,0.428446504306764,0.0,1.0,12,0.00026234095579554895,0.24028245376240653,0.005159372130645796,2.1861746316295747e-05,0.2779721044117004
au203s__tu,float64,0.0,-4.0,10.0,14.0,0.9773195733235439,0.1998163613309431,0.0,0.0,11,0.0002404792094792532,0.24028245376240653,0.005159372130645796,2.1861746316295747e-05,0.39759958025447073
au202s__tu,float64,0.0,-4.0,11.0,15.0,1.2000410931915717,0.5092912421844257,1.0,1.0,12,0.00026234095579554895,0.24028245376240653,0.005159372130645796,2.1861746316295747e-05,0.23125355253377639
au201s__tu,float64,0.0,-4.0,10.0,14.0,1.0190688024809824,0.2753049713611123,0.0,0.0,11,0.0002404792094792532,0.24028245376240653,0.005159372130645796,2.1861746316295747e-05,0.3406715928468366
au200s__tu,float64,0.0,-4.0,11.0,15.0,1.2972616800020036,0.6598312273184382,1.0,1.0,12,0.00026234095579554895,0.24028245376240653,0.005159372130645796,2.1861746316295747e-05,0.16684884788596913
jt80s__tu,float64,0.0,-5.0,13.0,18.0,1.4642744000973262,-1.9178435573433605,-1.0,-1.0,14,0.0003060644484281404,0.964737003191815,0.11278474924576976,2.1861746316295747e-05,0.017686152769883258
jt75s__tu,float64,0.0,-4.0,9.0,13.0,0.9480468301113474,-0.39401425385859823,-1.0,-1.0,12,0.00026234095579554895,0.5978094530191072,0.005159372130645796,2.1861746316295747e-05,0.2374185649949718
jt70s__tu,float64,0.0,-5.0,100.0,105.0,20.811066121361286,3.6058764374098202,-1.0,-1.0,104,0.0022736216168947575,0.7761357177211315,0.1783262647020244,0.024528879366883825,0.15132700800139914
jt53s__tu,float64,0.0,-5.0,3.0,8.0,1.775598052358844,-2.18761750688645,-1.0,-1.0,8,0.00017489397053036597,0.9831227318438197,0.2719601241747191,6.558523894888724e-05,0.003388570679025841
jt51s__tu,float64,0.0,-4.0,999.0,1003.0,345.11191983724876,143.33225482051506,-1.0,-1.0,90,0.001967557168466617,0.5978094530191072,0.005159372130645796,0.1397184207074461,0.023566962528966815
jt44s__tu,float64,0.0,0.0,149008.49,149008.49,2763.294827513205,486.74697959707896,0.0,0.0,3062,0.06694066722049757,0.0,0.9272222465130515,2.1861746316295747e-05,0.9272222465130515
jt42s__tu,float64,0.0,-4.0,100.0,104.0,19.500109849752775,5.042542958331511,-1.0,-1.0,53,0.0011586725547636746,0.6751563114861615,0.005159372130645796,0.0282672379869704,0.19408858379607363
jt41s__tu,float64,0.0,-4.0,40.0,44.0,2.223292057759174,0.2728345940273709,-1.0,-1.0,36,0.0007870228673866468,0.5978094530191072,0.005159372130645796,2.1861746316295747e-05,0.01978488041624765
jt40s__tu,float64,0.0,-4.0,11.0,15.0,0.6808380501389409,-0.5570154343928994,-1.0,-1.0,11,0.0002404792094792532,0.5978094530191072,0.005159372130645796,2.1861746316295747e-05,0.3596475886493813
jt34s__tu,float64,0.0,-5.0,381.0,386.0,27.26143361992973,7.916619299549648,-1.0,-1.0,176,0.0038476673516680514,0.8692230335359189,6.558523894888724e-05,2.1861746316295747e-05,0.007345546762275371
jt33s__tu,float64,0.0,0.0,919312.0,919312.0,24536.261075976905,4444.021636789159,0.0,0.0,6576,0.14376284377596082,0.0,0.848826024222815,2.1861746316295747e-05,0.848826024222815
jt28s__tu,float64,0.0,0.0,908145.0,908145.0,25961.247963758222,4868.497243066887,0.0,0.0,5492,0.12006471076909624,0.0,0.8713436229285996,2.1861746316295747e-05,0.8713436229285996
jt21s__tu,float64,0.0,-5.0,458.0,463.0,40.2000340950117,22.598574614140176,-1.0,-1.0,302,0.006602247387521315,0.5978313147654235,2.1861746316295747e-05,2.1861746316295747e-05,0.0021424511389969833
re25s__tu,float64,0.0,-6.0,33.0,39.0,2.888300828304546,-1.571400463469022,-2.0,-3.0,30,0.0006558523894888724,0.6913995889991692,0.14411263171702154,2.1861746316295747e-05,0.03322985440076953
re24s__tu,float64,0.0,-6.0,34.0,40.0,2.928099340778531,-0.9354859866206112,-1.0,-3.0,33,0.0007214376284377596,0.6190153469459141,0.0734991911153863,2.1861746316295747e-05,0.04037864544619824
re21s__tu,float64,0.0,-5.0,643.0,648.0,27.662240467889404,19.05541952691181,10.0,-1.0,260,0.005684054042236894,0.18418521271479166,4.3723492632591494e-05,2.1861746316295747e-05,0.007957675659131651
hi29s__tu,float64,0.0,-4.0,1.0,5.0,0.2902770654089702,-1.0228236631542127,-1.0,-1.0,6,0.00013117047789777447,0.9957150977220061,0.005159372130645796,0.0021643128853132787,0.0021205893926806874
hr06s__tu,float64,0.0,-4.0,0.0,4.0,0.22813572029411128,-1.0097722006033842,-1.0,-1.0,3,6.558523894888724e-05,0.9942940842114468,0.005159372130645796,0.0057059157885531895,0.0057059157885531895
hr03s__tu,float64,0.0,-4.0,1.0,5.0,0.2490744695658502,-1.0182982816667396,-1.0,-1.0,6,0.00013117047789777447,0.9972891434567793,0.005159372130645796,0.0004372349263259149,0.0022736216168947575
hr02s__tu,float64,0.0,-4.0,1.0,5.0,0.23215064711627884,-1.0091600717065279,-1.0,-1.0,4,8.744698526518299e-05,0.9942940842114468,0.005159372130645796,0.0006121288968562808,0.0050937868916969085
hr01s__tu,float64,0.0,-4.0,3.0,7.0,0.2964069225827121,-0.016418171483538104,0.0,0.0,5,0.00010930873158147872,0.005159372130645796,0.005159372130645796,4.3723492632591494e-05,0.9912553014734817
hi101s__tu,float64,0.0,0.0,66770.0,66770.0,954.6081251444032,33.960728285711355,0.0,0.0,114,0.002492239080057715,0.0,0.9975296226662586,2.1861746316295747e-05,0.9975296226662586
hi57s__tu,float64,0.0,0.0,19042.07,19042.07,119.14867202647021,1.0193863407809016,0.0,0.0,22,0.0004809584189585064,0.0,0.9995409033273578,2.1861746316295747e-05,0.9995409033273578
hi36s__tu,float64,0.0,-4.0,999.0,1003.0,65.34878013713953,3.3660749420663723,-1.0,-1.0,63,0.001377290017926632,0.9888067858860565,0.005159372130645796,0.0042849022779939665,0.002601547811639194
hi35s__tu,float64,0.0,-4.0,61412.0,61416.0,880.9678797550998,28.474793406497312,-1.0,-1.0,104,0.0022736216168947575,0.9957150977220061,0.005159372130645796,2.1861746316295747e-05,0.0021205893926806874
hi34s__tu,float64,0.0,-4.0,999.0,1003.0,6.196494889185052,-0.8239036334222377,-1.0,-1.0,52,0.0011368108084473787,0.9957150977220061,0.005159372130645796,2.1861746316295747e-05,0.0021205893926806874
hi33s__tu,float64,0.0,0.0,59569.64,59569.64,865.4153527748072,29.007544488653757,0.0,0.0,100,0.0021861746316295745,0.0,0.9978356871146867,2.1861746316295747e-05,0.9978356871146867
hi32s__tu,float64,0.0,0.0,59569.64,59569.64,865.4153527748072,29.007544488653757,0.0,0.0,100,0.0021861746316295745,0.0,0.9978356871146867,2.1861746316295747e-05,0.9978356871146867
hi31s__tu,float64,0.0,-4.0,100.0,104.0,4.069543447802705,-0.8632110532989375,-1.0,-1.0,6,0.00013117047789777447,0.9957150977220061,0.005159372130645796,0.0016177692274058852,0.002667133050588081
hi30s__tu,float64,0.0,-4.0,100.0,104.0,4.534619483881564,-0.8238599099296052,-1.0,-1.0,6,0.00013117047789777447,0.9957150977220061,0.005159372130645796,0.0020112806610992086,0.0022736216168947575
hi28s__tu,float64,0.0,0.0,74205.0,74205.0,1024.2267099827138,34.85216431288531,0.0,0.0,99,0.0021643128853132787,0.0,0.9978356871146867,2.1861746316295747e-05,0.9978356871146867
g315s__tu,float64,0.0,-4.0,10.0,14.0,0.6569658044345497,-0.9659612609855275,-1.0,-1.0,10,0.00021861746316295745,0.9888067858860565,0.005159372130645796,0.0022298981242621662,0.0022080363779458704
hi27s__tu,float64,0.0,-6.0,1.0,7.0,0.31708216260309674,-1.0288793668838268,-1.0,-1.0,6,0.00013117047789777447,0.9965239823357089,0.0008307463600192383,0.0010493638231821958,0.002426653841108828
hi25s__tu,float64,0.0,-6.0,1.0,7.0,0.3019814379333714,-1.0259280311311267,-1.0,-1.0,6,0.00013117047789777447,0.9960867474093831,0.0003935114336933234,0.001377290017926632,0.0025359625726903063
hi24s__tu,float64,0.0,-6.0,1.0,7.0,0.29187384395031296,-1.0239823357089763,-1.0,-1.0,6,0.00013117047789777447,0.9958025447072713,0.00010930873158147872,0.0016177692274058852,0.002579686065322898
hi21s__tu,float64,0.0,-4.0,292.0,296.0,11.226411756862904,-0.1412487429495868,-1.0,-1.0,183,0.004000699575882121,0.9888067858860565,0.005159372130645796,2.1861746316295747e-05,0.0021205893926806874
hi20s__tu,float64,0.0,-4.0,292.0,296.0,11.429543019396737,-0.11851252678063924,-1.0,-1.0,183,0.004000699575882121,0.9888067858860565,0.005159372130645796,2.1861746316295747e-05,0.0021205893926806874
hi12s__tu,float64,0.0,-4.0,1.0,5.0,0.2902805000250936,-1.0227799396615802,-1.0,-1.0,5,0.00010930873158147872,0.9956932359756897,0.005159372130645796,0.0021643128853132787,0.0021424511389969833
hi09s__tu,float64,0.0,-4.0,2.0,6.0,0.24951108998659832,-1.0027983035284858,-1.0,-1.0,5,0.00010930873158147872,0.9888067858860565,0.005159372130645796,8.744698526518299e-05,0.009794062349700493
hi06s__tu,float64,0.0,-4.0,1.0,5.0,0.24084245748643837,-1.0041537318000961,-1.0,-1.0,4,8.744698526518299e-05,0.9888067858860565,0.005159372130645796,0.00013117047789777447,0.011062043636045647
hi03s__tu,float64,0.0,-4.0,1.0,5.0,0.2879772964220487,-1.0232171745879062,-1.0,-1.0,5,0.00010930873158147872,0.9956932359756897,0.005159372130645796,0.001727077958987364,0.002579686065322898
hi02s__tu,float64,0.0,-4.0,1.0,5.0,0.2533438092421098,-1.0020987276463644,-1.0,-1.0,4,8.744698526518299e-05,0.9888067858860565,0.005159372130645796,0.0021861746316295745,0.009007039482313847
hi01s__tu,float64,0.0,-4.0,3.0,7.0,0.3113652751979961,-0.009903371081281974,0.0,0.0,5,0.00010930873158147872,0.005159372130645796,0.005159372130645796,0.00021861746316295745,0.9857680031480914
g990s__tu,float64,0.0,-4.0,52.0,56.0,3.7256608149860546,4.453871715272616,3.0,2.0,45,0.0009837785842333085,0.005640330549604302,0.005640330549604302,2.1861746316295747e-05,0.00806698439071313
g980s__tu,float64,0.0,-4.0,38.0,42.0,2.4084338793663522,2.9644309387433867,2.0,1.0,31,0.0006777141358051682,0.005640330549604302,0.005640330549604302,2.1861746316295747e-05,0.016068383542477374
hr09s__tu,float64,0.0,-4.0,2.0,6.0,0.23053358167159144,-1.0094224126623235,-1.0,-1.0,5,0.00010930873158147872,0.9942940842114468,0.005159372130645796,2.1861746316295747e-05,0.005377989593808754
hr12s__tu,float64,0.0,-4.0,1.0,5.0,0.2500087200995717,-1.018101525949893,-1.0,-1.0,5,0.00010930873158147872,0.9972672817104631,0.005159372130645796,0.0005902671505399851,0.0021424511389969833
hr20s__tu,float64,0.0,-4.0,311.0,315.0,8.649018248402532,-0.5655196537099384,-1.0,-1.0,118,0.002579686065322898,0.9942940842114468,0.005159372130645796,2.1861746316295747e-05,0.0021205893926806874
hr21s__tu,float64,0.0,-4.0,311.0,315.0,8.304680904916344,-0.5858073542914608,-1.0,-1.0,117,0.002557824319006602,0.9942940842114468,0.005159372130645796,2.1861746316295747e-05,0.0021205893926806874
in29s__tu,float64,0.0,-4.0,52.0,56.0,4.338170308972626,0.7729001792663198,1.0,-3.0,43,0.0009400550916007171,0.43037033798259805,0.005159372130645796,2.1861746316295747e-05,0.0021205893926806874
in28s__tu,float64,0.0,0.0,649043.0,649043.0,30030.651939144966,16629.78252866463,3167.0,0.0,20867,0.45618906038214335,0.0,0.4324909273752787,2.1861746316295747e-05,0.4324909273752787
in27s__tu,float64,0.0,-6.0,45.0,51.0,4.520681160637475,-1.166980018363867,-3.0,-3.0,42,0.0009181933452844214,0.635870753355778,0.20585020331424075,2.1861746316295747e-05,0.04409514231996852
in25s__tu,float64,0.0,-6.0,49.0,55.0,4.463391349423085,-0.4179965895675747,-1.0,-3.0,43,0.0009400550916007171,0.5458003585326396,0.11588911722268375,2.1861746316295747e-05,0.051243933365397225
in24s__tu,float64,0.0,-6.0,51.0,57.0,4.363119349087739,0.11243496130470902,0.0,-3.0,43,0.0009400550916007171,0.48489353329543966,0.05515718595601417,2.1861746316295747e-05,0.05157185956014167
in21s__tu,float64,0.0,-4.0,454.0,458.0,30.530047724075743,26.303747103318614,15.0,-1.0,259,0.005662192295920598,0.07909579817235801,0.005159372130645796,2.1861746316295747e-05,0.002601547811639194
in20s__tu,float64,0.0,-4.0,678.0,682.0,67.21575289038358,99.5970005684054,96.0,-1.0,437,0.00955358314022124,0.07909579817235801,0.005159372130645796,2.1861746316295747e-05,0.0021643128853132787
in12s__tu,float64,0.0,-4.0,52.0,56.0,4.3362912200251715,0.7774911459927419,1.0,-3.0,42,0.0009181933452844214,0.428074854619387,0.005159372130645796,2.1861746316295747e-05,0.004416072755891741
in09s__tu,float64,0.0,-4.0,41.0,45.0,2.6502842891385043,1.4970268025009839,1.0,0.0,40,0.0008744698526518298,0.07909579817235801,0.005159372130645796,2.1861746316295747e-05,0.36917931004328625
in06s__tu,float64,0.0,-4.0,11.0,15.0,0.8660259742952694,0.21345809103231167,0.0,0.0,14,0.0003060644484281404,0.07909579817235801,0.005159372130645796,2.1861746316295747e-05,0.7152944777228805
in03s__tu,float64,0.0,-4.0,52.0,56.0,4.237385926417432,0.6333785142757203,1.0,-3.0,44,0.0009619168379170128,0.4295614533688951,0.005159372130645796,2.1861746316295747e-05,0.04682786060950549
in02s__tu,float64,0.0,-4.0,52.0,56.0,3.6060552529718475,1.8341786541908969,1.0,0.0,41,0.0008963315989681255,0.07909579817235801,0.005159372130645796,2.1861746316295747e-05,0.35109964583970965
in01s__tu,float64,0.0,-4.0,150.0,154.0,9.366608833968948,8.05358314022124,5.0,1.0,104,0.0022736216168947575,0.005159372130645796,0.005159372130645796,2.1861746316295747e-05,0.0760570154343929
hr101s__tu,float64,0.0,0.0,66203.47,66203.47,835.3863245439167,19.9525519216475,0.0,0.0,38,0.0008307463600192383,0.0,0.999191115386297,2.1861746316295747e-05,0.999191115386297
hr57s__tu,float64,0.0,0.0,18808.0,18808.0,105.71460918592332,0.8083100870097502,0.0,0.0,8,0.00017489397053036597,0.0,0.999846967775786,2.1861746316295747e-05,0.999846967775786
hr36s__tu,float64,0.0,-4.0,999.0,1003.0,43.83958745223784,0.9453019107166281,-1.0,-1.0,38,0.0008307463600192383,0.9942940842114468,0.005159372130645796,0.0019238336758340257,0.0023392068558436446
hr35s__tu,float64,0.0,-4.0,68251.0,68255.0,750.4877495913739,14.085085916663022,-1.0,-1.0,32,0.0006995758821214639,0.9972891434567793,0.005159372130645796,2.1861746316295747e-05,0.0021205893926806874
hr34s__tu,float64,0.0,-4.0,103.0,107.0,2.17207938081333,-0.9692623846792882,-1.0,-1.0,22,0.0004809584189585064,0.9972891434567793,0.005159372130645796,2.1861746316295747e-05,0.0021205893926806874
hr33s__tu,float64,0.0,0.0,66203.47,66203.47,734.082199788339,14.796933671461675,0.0,0.0,28,0.0006121288968562808,0.0,0.99940973284946,2.1861746316295747e-05,0.99940973284946
hr32s__tu,float64,0.0,0.0,66203.47,66203.47,734.082199788339,14.796933671461675,0.0,0.0,28,0.0006121288968562808,0.0,0.99940973284946,2.1861746316295747e-05,0.99940973284946
hr31s__tu,float64,0.0,-4.0,100.0,104.0,2.1261068950918047,-0.9750120239604739,-1.0,-1.0,6,0.00013117047789777447,0.9972891434567793,0.005159372130645796,0.0004372349263259149,0.0022736216168947575
hr30s__tu,float64,0.0,-4.0,100.0,104.0,2.2779253282269685,-0.9684535000655853,-1.0,-1.0,6,0.00013117047789777447,0.9972891434567793,0.005159372130645796,0.0005028201652748022,0.0022080363779458704
hr29s__tu,float64,0.0,-4.0,1.0,5.0,0.2500055504494691,-1.0181452494425254,-1.0,-1.0,6,0.00013117047789777447,0.9972891434567793,0.005159372130645796,0.0005902671505399851,0.0021205893926806874
hr28s__tu,float64,0.0,0.0,77000.0,77000.0,840.6198461919487,17.57094705085042,0.0,0.0,26,0.0005684054042236894,0.0,0.99940973284946,2.1861746316295747e-05,0.99940973284946
hr27s__tu,float64,0.0,-6.0,1.0,7.0,0.2554954400593465,-1.0193476454899217,-1.0,-1.0,7,0.0001530322242140702,0.9974421756809934,0.0001530322242140702,0.0003060644484281404,0.0022517598705784616
hr25s__tu,float64,0.0,-4.0,1.0,5.0,0.2490744695658502,-1.0182982816667396,-1.0,-1.0,6,0.00013117047789777447,0.9972891434567793,0.005159372130645796,0.0004372349263259149,0.0022736216168947575
hr24s__tu,float64,0.0,-4.0,1.0,5.0,0.2490744695658502,-1.0182982816667396,-1.0,-1.0,6,0.00013117047789777447,0.9972891434567793,0.005159372130645796,0.0004372349263259149,0.0022736216168947575
g960s__tu,float64,0.0,-4.0,80.0,84.0,6.01971876567117,7.1534257356477635,6.0,3.0,66,0.0014428752568755193,0.005640330549604302,0.005640330549604302,2.1861746316295747e-05,0.0021205893926806874
g314s__tu,float64,0.0,-4.0,10.0,14.0,0.5568668091847228,-0.9898780114555551,-1.0,-1.0,11,0.0002404792094792532,0.9935070613440602,0.005159372130645796,0.0016614927200384766,0.0021861746316295745
in31s__tu,float64,0.0,-4.0,100.0,104.0,47.647491940242595,40.50988150933497,0.0,-3.0,54,0.0011805343010799702,0.43037033798259805,0.005159372130645796,0.33398189847405013,0.10609505487298325
g219d__tu,float64,0.0,-4.0,27.0,31.0,1.9173013487913495,0.6588037252415723,0.0,-1.0,24,0.0005246819115910979,0.3004241178785361,0.005159372130645796,2.1861746316295747e-05,0.22546018975995802
g224c__tu,float64,0.0,-4.0,67.0,71.0,4.47774784551133,4.353023479515544,3.0,1.0,46,0.0010056403305496043,0.0003060644484281404,0.0003060644484281404,2.1861746316295747e-05,0.13735735210528616
g224b__tu,float64,0.0,-4.0,67.0,71.0,4.1955991277045,3.7449390057277774,3.0,0.0,47,0.0010275020768659,0.0003060644484281404,0.0003060644484281404,2.1861746316295747e-05,0.18016265139259324
g224a__tu,float64,0.0,-4.0,76.0,80.0,6.1523749914838,6.723164706396747,5.0,2.0,62,0.0013554282716103363,0.0003060644484281404,0.0003060644484281404,2.1861746316295747e-05,0.0745048314459359
g223s__tu,float64,0.0,-4.0,36.0,40.0,1.9798832501638541,0.2788247125180359,0.0,0.0,31,0.0006777141358051682,0.18930086135280486,0.005159372130645796,2.1861746316295747e-05,0.5852170871409208
g222s__tu,float64,0.0,-4.0,36.0,40.0,2.1090063157997516,0.5323116610554851,0.0,0.0,32,0.0006995758821214639,0.15978750382580562,0.005159372130645796,2.1861746316295747e-05,0.5089851777359975
g221d__tu,float64,0.0,-4.0,27.0,31.0,1.851513323763394,0.5794455861134188,0.0,0.0,25,0.0005465436579073936,0.3004241178785361,0.005159372130645796,2.1861746316295747e-05,0.25202221153425736
g221c__tu,float64,0.0,-4.0,10.0,14.0,0.7482233685569476,-0.29933103056272137,0.0,0.0,14,0.0003060644484281404,0.3004241178785361,0.005159372130645796,2.1861746316295747e-05,0.6544095142319969
g221b__tu,float64,0.0,-4.0,50.0,54.0,3.739679490285114,2.552555638144375,1.0,0.0,45,0.0009837785842333085,0.05694984915395042,0.005159372130645796,2.1861746316295747e-05,0.22854269599055574
g221a__tu,float64,0.0,-4.0,23.0,27.0,0.7847213700733688,0.014975296226662585,0.0,0.0,18,0.0003935114336933234,0.05694984915395042,0.005159372130645796,2.1861746316295747e-05,0.8458091032311661
g220d__tu,float64,0.0,-4.0,27.0,31.0,1.8833447922635824,0.6163044904026934,0.0,-1.0,24,0.0005246819115910979,0.3004241178785361,0.005159372130645796,2.1861746316295747e-05,0.23964846311923396
g220c__tu,float64,0.0,-4.0,7.0,11.0,0.6899952787898862,-0.32652704298019325,0.0,0.0,11,0.0002404792094792532,0.3004241178785361,0.005159372130645796,4.3723492632591494e-05,0.6709151327008002
g220b__tu,float64,0.0,-4.0,51.0,55.0,3.762521785531323,2.624043548598662,2.0,1.0,45,0.0009837785842333085,0.05694984915395042,0.005159372130645796,2.1861746316295747e-05,0.21527261597656422
g220a__tu,float64,0.0,-4.0,13.0,17.0,0.64410819161805,-0.05273053211490534,0.0,0.0,14,0.0003060644484281404,0.05694984915395042,0.005159372130645796,2.1861746316295747e-05,0.8870403567836999
g219c__tu,float64,0.0,-4.0,7.0,11.0,0.6949996588539551,-0.32088671243058897,0.0,0.0,11,0.0002404792094792532,0.3004241178785361,0.005159372130645796,4.3723492632591494e-05,0.6654278343754099
g313s__tu,float64,0.0,-4.0,10.0,14.0,0.4162301243229198,-0.9967425997988719,-1.0,-1.0,10,0.00021861746316295745,0.9942940842114468,0.005159372130645796,0.0007432993747540554,0.0021205893926806874
g219b__tu,float64,0.0,-4.0,51.0,55.0,3.7899140534997127,2.7236019413230728,2.0,1.0,46,0.0010056403305496043,0.05694984915395042,0.005159372130645796,2.1861746316295747e-05,0.19870141226881202
g219a__tu,float64,0.0,-4.0,9.0,13.0,0.6688087315075977,-0.024660049844781602,0.0,0.0,11,0.0002404792094792532,0.05694984915395042,0.005159372130645796,4.3723492632591494e-05,0.8633640855231516
g218d__tu,float64,0.0,-4.0,27.0,31.0,1.9641558079035388,0.7152288924839316,0.0,-1.0,24,0.0005246819115910979,0.3004241178785361,0.005159372130645796,2.1861746316295747e-05,0.20746797254164662
g218c__tu,float64,0.0,-4.0,13.0,17.0,0.7255779962215625,-0.3069607800271086,0.0,0.0,14,0.0003060644484281404,0.3004241178785361,0.005159372130645796,2.1861746316295747e-05,0.6557649425036072
g218b__tu,float64,0.0,-4.0,52.0,56.0,3.8292905420063454,2.8706440470464782,2.0,1.0,46,0.0010056403305496043,0.05694984915395042,0.005159372130645796,2.1861746316295747e-05,0.17408508591666302
g218a__tu,float64,0.0,-4.0,14.0,18.0,0.7352935253424029,0.022823663154212758,0.0,0.0,14,0.0003060644484281404,0.05694984915395042,0.005159372130645796,2.1861746316295747e-05,0.8280355034760176
g217s__tu,float64,0.0,0.0,386364.0,386364.0,8825.070876200098,2878.299554595859,0.0,0.0,12781,0.2794149796685759,0.0,0.5045472432337895,2.1861746316295747e-05,0.5045472432337895
g216s__tu,float64,0.0,-4.0,49.0,53.0,3.903437728190142,2.2448515587425124,1.0,-1.0,45,0.0009837785842333085,0.22946088933584013,0.005159372130645796,2.1861746316295747e-05,0.1773206243714748
g215b__tu,float64,0.0,-5.0,26.0,31.0,3.1599560043054677,-0.9742250010930873,-1.0,-4.0,22,0.0004809584189585064,0.5455598793231603,0.027327182895369683,2.1861746316295747e-05,0.034104324253421366
g215a__tu,float64,0.0,-5.0,107.0,112.0,4.4524492092934915,-0.1921866118665559,1.0,-4.0,52,0.0011368108084473787,0.46565519653709936,0.04103449783568711,2.1861746316295747e-05,0.0334266101176162
g213b__tu,float64,0.0,0.0,79643.0,79643.0,1878.3603933343995,698.1694939275101,0.0,0.0,7006,0.153163394691968,0.0,0.5796642035765817,2.1861746316295747e-05,0.5796642035765817
g213a__tu,float64,0.0,0.0,97057.0,97057.0,2296.9848524909917,890.201466817588,50.22,0.0,7872,0.17209566700188011,0.0,0.4990818066547156,2.1861746316295747e-05,0.4990818066547156
g212s__tu,float64,0.0,-4.0,14.0,18.0,1.0939641315391981,-0.2091076035153688,0.0,-1.0,16,0.00034978794106073195,0.4619168379170128,0.005159372130645796,2.1861746316295747e-05,0.3814218879804119
g225s__tu,float64,0.0,-5.0,386364.0,386369.0,9242.6241693937,3192.1239123781206,0.0,-5.0,10519,0.22996370950111494,0.3573521052861703,0.202986314546806,2.1861746316295747e-05,0.16826986139652836
g226s__tu,float64,0.0,-5.0,9.0,14.0,1.6671109663544308,-1.9752962266625858,-3.0,-3.0,14,0.0003060644484281404,0.8981242621660618,0.09230029294740064,2.1861746316295747e-05,0.01567487210878405
g227s__tu,float64,0.0,-5.0,9.0,14.0,1.5988257776741739,-2.026387127803769,-3.0,-1.0,14,0.0003060644484281404,0.9171221197149229,0.09339338026321542,2.1861746316295747e-05,0.013860347164531503
g228s__tu,float64,0.0,-5.0,14.0,19.0,2.1815904469399303,-1.648791045428709,-1.0,-1.0,18,0.0003935114336933234,0.783262647020244,0.17192077303134976,2.1861746316295747e-05,0.04164662673254339
g312s__tu,float64,0.0,-4.0,10.0,14.0,0.3595485196084009,-1.0063180446854094,-1.0,-1.0,10,0.00021861746316295745,0.9963272266188623,0.005159372130645796,0.0005684054042236894,0.0021205893926806874
g311s__tu,float64,0.0,-4.0,10.0,14.0,2.9568998591143263,8.106794630755104,9.0,9.0,10,0.00021861746316295745,0.005159372130645796,0.005159372130645796,0.3569585938524769,0.0029513357526999256
g310s__tu,float64,0.0,-4.0,10.0,14.0,3.905864237030002,7.084495649512483,9.0,9.0,11,0.0002404792094792532,0.05694984915395042,0.005159372130645796,0.3153994141051987,0.0032355384548117703
g309s__tu,float64,0.0,-4.0,10.0,14.0,2.251937053673381,-0.3607625377115124,-1.0,-1.0,11,0.0002404792094792532,0.8898823838048183,0.005159372130645796,0.03427921822395173,0.0031699532158628832
g308s__tu,float64,0.0,-4.0,10.0,14.0,1.854670400184823,-0.6410082637401076,-1.0,-1.0,12,0.00026234095579554895,0.9274190022298981,0.005159372130645796,0.024179091425823095,0.0029076122600673344
g307s__tu,float64,0.0,-4.0,10.0,14.0,4.615261480431465,4.50808884613703,3.0,10.0,11,0.0002404792094792532,0.24028245376240653,0.005159372130645796,0.25562939967644616,0.006864588343316864
g306s__tu,float64,0.0,-4.0,10.0,14.0,4.696776798124796,2.731253552533776,1.0,-1.0,12,0.00026234095579554895,0.41349306982641776,0.005159372130645796,0.1993572646583009,0.00817629312229461
g305s__tu,float64,0.0,-4.0,10.0,14.0,4.077592991758365,6.459599492807485,9.0,10.0,11,0.0002404792094792532,0.07909579817235801,0.005159372130645796,0.322220278955883,0.00395697608324953
g304s__tu,float64,0.0,-4.0,10.0,14.0,4.725583502784291,4.84596213545538,5.0,10.0,12,0.00026234095579554895,0.18615276988325827,0.005159372130645796,0.26990512002098727,0.004809584189585064
g303s__tu,float64,0.0,-4.0,10.0,14.0,4.49933913547703,6.013860347164531,9.0,9.0,11,0.0002404792094792532,0.18414148922215906,0.005159372130645796,0.27983035284858554,0.002404792094792532
g302s__tu,float64,0.0,-4.0,10.0,14.0,4.82366426639399,5.005618468803288,9.0,9.0,12,0.00026234095579554895,0.2544270036290499,0.005159372130645796,0.24225001093087317,0.0024485155874251234
g301s__tu,float64,0.0,-4.0,10.0,14.0,4.717182719825558,5.095688863626426,9.0,9.0,10,0.00021861746316295745,0.2529404048795418,0.005159372130645796,0.2461195400288575,0.002426653841108828
g300s__tu,float64,0.0,-4.0,10.0,14.0,4.834670826763842,4.430107997026803,3.0,-1.0,11,0.0002404792094792532,0.3004241178785361,0.005159372130645796,0.21678107647238862,0.0025359625726903063
g251c__tu,float64,0.0,-4.0,67.0,71.0,4.550600366772414,4.583970967600892,3.0,1.0,47,0.0010275020768659,0.0003060644484281404,0.0003060644484281404,2.1861746316295747e-05,0.12113593633859472
g251b__tu,float64,0.0,-4.0,67.0,71.0,4.249447004475222,3.931572734029994,3.0,1.0,47,0.0010275020768659,0.0003060644484281404,0.0003060644484281404,2.1861746316295747e-05,0.1619080932184863
g251a__tu,float64,0.0,-4.0,76.0,80.0,6.2763389621437495,7.055288356433912,5.0,2.0,62,0.0013554282716103363,0.0003060644484281404,0.0003060644484281404,2.1861746316295747e-05,0.0642735341699095
g250c__tu,float64,0.0,-4.0,69.0,73.0,4.670171599382982,4.925954265226706,4.0,1.0,47,0.0010275020768659,0.0003060644484281404,0.0003060644484281404,2.1861746316295747e-05,0.10194132307288706
g250b__tu,float64,0.0,-4.0,69.0,73.0,4.3342397406690685,4.211250054654366,3.0,1.0,48,0.0010493638231821958,0.0003060644484281404,0.0003060644484281404,2.1861746316295747e-05,0.13818809846530541
g250a__tu,float64,0.0,-4.0,78.0,82.0,6.495115991986173,7.575007651611211,6.0,4.0,62,0.0013554282716103363,0.0003060644484281404,0.0003060644484281404,2.1861746316295747e-05,0.052358882427528314
g241s__tu,float64,0.0,-4.0,12.0,16.0,0.7033273525591072,-0.7478903414804775,-1.0,-1.0,15,0.0003279261947444362,0.8104805211840321,0.005640330549604302,2.1861746316295747e-05,0.13169515980936558
g240s__tu,float64,0.0,-4.0,38.0,42.0,1.1128712322315404,0.3340256219666827,0.0,0.0,23,0.0005028201652748022,0.005640330549604302,0.005640330549604302,2.1861746316295747e-05,0.8069607800271086
g238s__tu,float64,0.0,-4.0,141.0,145.0,7.98863173127439,8.980149534344804,7.0,4.0,95,0.0020768659000480957,0.005640330549604302,0.005640330549604302,2.1861746316295747e-05,0.00806698439071313
g237s__tu,float64,0.0,-4.0,129.0,133.0,5.973053801283163,6.737440426741288,5.0,3.0,73,0.0015959074810895895,0.005640330549604302,0.005640330549604302,2.1861746316295747e-05,0.016068383542477374
g235s__tu,float64,0.0,-4.0,16.0,20.0,0.831309480831281,-0.03119671199335403,0.0,0.0,19,0.00041537318000961916,0.14785099033710813,0.005159372130645796,8.744698526518299e-05,0.7811639193738796
g234s__tu,float64,0.0,-4.0,18.0,22.0,1.2666019773866521,1.6676795942459883,1.0,1.0,16,0.00034978794106073195,0.005640330549604302,0.005640330549604302,2.1861746316295747e-05,0.048073980149534346
g232s__tu,float64,0.0,0.0,370.0,370.0,11.539845488141214,12.983166455336452,10.0,6.0,123,0.002688994796904377,0.0,0.007760919942284989,2.1861746316295747e-05,0.007760919942284989
g230s__tu,float64,0.0,-5.0,14.0,19.0,2.2584981701754603,-1.549298237943247,-1.0,-1.0,19,0.00041537318000961916,0.7541865244195707,0.16689257137860172,2.1861746316295747e-05,0.04783350094005509
in30s__tu,float64,0.0,-4.0,100.0,104.0,49.60184717416108,48.06320230860041,50.0,100.0,46,0.0010056403305496043,0.43037033798259805,0.005159372130645796,0.44086397621442003,0.05065366621485724
in32s__tu,float64,0.0,0.0,670175.0,670175.0,22585.421345191087,10083.155392131042,1750.0,0.0,20561,0.4494993660093568,0.0,0.4324909273752787,2.1861746316295747e-05,0.4324909273752787
re20s__tu,float64,0.0,-5.0,689.0,694.0,61.0243812812351,61.052162126710684,53.0,-1.0,473,0.010340606007607887,0.18418521271479166,4.3723492632591494e-05,4.3723492632591494e-05,0.002470377333741419
of12s__tu,float64,0.0,-4.0,6.0,10.0,1.197710167910347,-1.2296357833063705,-1.0,-1.0,10,0.00021861746316295745,0.8994796904376722,0.005159372130645796,0.00013117047789777447,0.0036727733811376855
of35s__tu,float64,0.0,-4.0,414294.0,414298.0,5058.427798673175,707.7292422718726,-1.0,-1.0,3202,0.07000131170477898,0.9010318744261292,0.005159372130645796,2.1861746316295747e-05,0.006077565475930217
of34s__tu,float64,0.0,-5.0,999.0,1004.0,24.31445681446123,5.596410301254864,-1.0,-1.0,149,0.003257400201128066,0.9010755979187618,4.3723492632591494e-05,2.1861746316295747e-05,0.006230597700144287
of33s__tu,float64,0.0,0.0,414294.0,414294.0,6471.95232916289,923.9409778296113,0.0,0.0,3615,0.07903021293340912,0.0,0.9071094399020594,2.1861746316295747e-05,0.9071094399020594
of32s__tu,float64,0.0,0.0,414294.0,414294.0,5853.624679752208,834.1335833779583,0.0,0.0,3575,0.07815574308075729,0.0,0.9071094399020594,2.1861746316295747e-05,0.9071094399020594
of31s__tu,float64,0.0,-5.0,100.0,105.0,23.040292261934994,4.371452931660181,-1.0,-1.0,15,0.0003279261947444362,0.9010755979187618,4.3723492632591494e-05,0.05174675353067203,0.03633422237768353
of30s__tu,float64,0.0,-5.0,100.0,105.0,26.143965994012927,5.984325127891216,-1.0,-1.0,15,0.0003279261947444362,0.9010755979187618,4.3723492632591494e-05,0.06943290630055529,0.02203664028682611
of29s__tu,float64,0.0,-4.0,6.0,10.0,1.1865547876751974,-1.2384897905644703,-1.0,-1.0,11,0.0002404792094792532,0.9010318744261292,0.005159372130645796,8.744698526518299e-05,0.006077565475930217
of28s__tu,float64,0.0,0.0,424050.0,424050.0,7570.676035195094,1243.9502228240378,0.0,0.0,2255,0.049298237943246906,0.0,0.9031961873114425,2.1861746316295747e-05,0.9031961873114425
of27s__tu,float64,0.0,-6.0,4.0,10.0,1.4190802183798412,-1.6130689519478816,-1.0,-1.0,10,0.00021861746316295745,0.9510515499978138,0.05019456954221503,8.744698526518299e-05,0.008897730750732368
of25s__tu,float64,0.0,-6.0,6.0,12.0,1.325292152726063,-1.4592278431201084,-1.0,-1.0,12,0.00026234095579554895,0.9296051768615277,0.028748196405928905,2.1861746316295747e-05,0.0113025228455249
of24s__tu,float64,0.0,-6.0,6.0,12.0,1.2500406642847783,-1.3526955533207992,-1.0,-1.0,12,0.00026234095579554895,0.9149578068296096,0.014144549866643347,4.3723492632591494e-05,0.012308163176074504
of21s__tu,float64,0.0,-5.0,413.0,418.0,33.43800376821727,15.812360631367234,-1.0,-1.0,264,0.005771501027502077,0.6790477023304622,4.3723492632591494e-05,2.1861746316295747e-05,0.0022517598705784616
of20s__tu,float64,0.0,-5.0,447.0,452.0,44.303803418021985,23.027786279568012,-1.0,-1.0,322,0.00703948231384723,0.6790477023304622,4.3723492632591494e-05,2.1861746316295747e-05,0.0022080363779458704
of09s__tu,float64,0.0,-5.0,28.0,33.0,0.9649403018142431,-0.529425910541734,-1.0,-1.0,19,0.00041537318000961916,0.6790477023304622,4.3723492632591494e-05,2.1861746316295747e-05,0.22268374797778848
mt34s__tu,float64,0.0,-4.0,259.0,263.0,19.034774631829222,2.769139958899917,-1.0,-1.0,137,0.0029950592453325173,0.9556206549779196,0.005159372130645796,2.1861746316295747e-05,0.0021205893926806874
of06s__tu,float64,0.0,-5.0,7.0,12.0,0.604710840485897,-0.6625858073542915,-1.0,-1.0,11,0.0002404792094792532,0.6790477023304622,4.3723492632591494e-05,4.3723492632591494e-05,0.29436841414892223
of03s__tu,float64,0.0,-4.0,7.0,11.0,1.169379646399963,-1.247037733374142,-1.0,-1.0,12,0.00026234095579554895,0.9007476717240173,0.005159372130645796,2.1861746316295747e-05,0.012483057146604871
of02s__tu,float64,0.0,-4.0,7.0,11.0,0.8033979801998784,-0.5661317826067946,-1.0,-1.0,10,0.00021861746316295745,0.6790039788378296,0.005159372130645796,2.1861746316295747e-05,0.22259630099252328
of01s__tu,float64,0.0,-4.0,59.0,63.0,2.2241603628856437,0.8634952560010494,0.0,0.0,40,0.0008744698526518298,0.005159372130645796,0.005159372130645796,2.1861746316295747e-05,0.6759651960998645
md106s__tu,float64,0.0,-4.0,3.0,7.0,0.22563348317083246,-1.0117397577718508,-1.0,-1.0,6,0.00013117047789777447,0.9966114293209741,0.005159372130645796,2.1861746316295747e-05,0.0031043679769139957
md33s__tu,float64,0.0,0.0,848.75,848.75,3.968461876040248,0.018555157185956014,0.0,0.0,2,4.3723492632591494e-05,0.0,0.9999781382536838,2.1861746316295747e-05,0.9999781382536838
md02s__tu,float64,0.0,-4.0,1.0,5.0,0.22303354812085155,-1.0120676839665952,-1.0,-1.0,4,8.744698526518299e-05,0.9966114293209741,0.005159372130645796,2.1861746316295747e-05,0.003366708932709545
mt101s__tu,float64,0.0,-5.0,844427.0,844432.0,36307.081624691535,6275.378033317302,-1.0,-1.0,1941,0.04243364959993004,0.9495212277556732,0.022102225525775,2.1861746316295747e-05,0.007957675659131651
mt57s__tu,float64,0.0,-5.0,119238.0,119243.0,1444.4979576808464,69.23002929474006,-1.0,-1.0,522,0.011411831577106379,0.955642516724236,2.1861746316295747e-05,2.1861746316295747e-05,0.03263958725022955
mt47s__tu,float64,0.0,-4.0,3.0,7.0,0.5322726423728408,-0.8575707227493332,-1.0,-1.0,6,0.00013117047789777447,0.8898823838048183,0.005159372130645796,2.1861746316295747e-05,0.06414236369201172
mt36s__tu,float64,0.0,-4.0,999.0,1003.0,168.7443654288012,29.832495299724542,-1.0,-1.0,87,0.0019019719295177298,0.8898823838048183,0.005159372130645796,0.029360325302785185,0.013335665252940405
mt35s__tu,float64,0.0,-4.0,844427.0,844431.0,35896.250892644675,6182.82593677583,-1.0,-1.0,1928,0.042149446897818195,0.9556206549779196,0.005159372130645796,2.1861746316295747e-05,0.0021205893926806874
mt34c__tu,float64,0.0,-4.0,259.0,263.0,17.854296894473485,2.304752743649163,-1.0,-1.0,138,0.0030169209916488127,0.9602334834506581,0.005159372130645796,2.1861746316295747e-05,0.0021205893926806874
of36s__tu,float64,0.0,-4.0,999.0,1003.0,306.6842896048085,107.59936163700756,-1.0,-1.0,86,0.0018801101832014342,0.6790039788378296,0.005159372130645796,0.10572340518560623,0.034847623628175416
of57s__tu,float64,0.0,0.0,22229.0,22229.0,193.11461813268556,10.560545498841185,0.0,0.0,540,0.011805343010799703,0.0,0.9864457172838966,2.1861746316295747e-05,0.9864457172838966
of101s__tu,float64,0.0,0.0,414294.0,414294.0,6852.787955402271,1198.64192805112,0.0,0.0,5178,0.11320012242577937,0.0,0.8605876437409821,2.1861746316295747e-05,0.8605876437409821
pb01s__tu,float64,0.0,-4.0,10.0,14.0,0.3981256320737969,0.021358926151020943,0.0,0.0,12,0.00026234095579554895,0.005159372130645796,0.005159372130645796,2.1861746316295747e-05,0.963403436666521
re12s__tu,float64,0.0,-4.0,35.0,39.0,3.0110281019014202,-0.0795986183376328,-1.0,-3.0,34,0.0007432993747540554,0.5342573564776354,0.005159372130645796,2.1861746316295747e-05,0.014975296226662585
re09s__tu,float64,0.0,-5.0,26.0,31.0,2.323866251799133,1.3259367758296532,1.0,0.0,29,0.0006339906431725766,0.18418521271479166,4.3723492632591494e-05,2.1861746316295747e-05,0.25049188929211663
re06s__tu,float64,0.0,-5.0,13.0,18.0,1.0008518046544268,0.1537318000961917,0.0,0.0,16,0.00034978794106073195,0.18418521271479166,4.3723492632591494e-05,2.1861746316295747e-05,0.5860696952472564
re03s__tu,float64,0.0,-4.0,36.0,40.0,2.8500751822660457,-0.2500983778584233,-1.0,-3.0,36,0.0007870228673866468,0.5439639718420708,0.005159372130645796,2.1861746316295747e-05,0.040356783699881944
re02s__tu,float64,0.0,-4.0,37.0,41.0,2.252406807711834,1.0033667089327096,0.0,0.0,34,0.0007432993747540554,0.18414148922215906,0.005159372130645796,2.1861746316295747e-05,0.35223645664815706
re01s__tu,float64,0.0,-4.0,232.0,236.0,5.174835253262738,4.304687158410214,3.0,0.0,62,0.0013554282716103363,0.005159372130645796,0.005159372130645796,2.1861746316295747e-05,0.18110270648419396
pb101s__tu,float64,0.0,0.0,48485.0,48485.0,1468.6528438466971,123.38307977146707,0.0,0.0,507,0.011083905382361942,0.0,0.9888286476323729,2.1861746316295747e-05,0.9888286476323729
pb57s__tu,float64,0.0,0.0,2603.48,2603.48,18.043233271036954,0.25074308075729085,0.0,0.0,14,0.0003060644484281404,0.0,0.9997157972978882,2.1861746316295747e-05,0.9997157972978882
pb36s__tu,float64,0.0,-4.0,999.0,1003.0,133.4013453638016,17.237702767697083,-1.0,-1.0,66,0.0014428752568755193,0.966442219404486,0.005159372130645796,0.018123387696209175,0.005028201652748022
pb35s__tu,float64,0.0,-4.0,27036.0,27040.0,901.3070253109236,56.71431069913865,-1.0,-1.0,341,0.007454855493856849,0.9886537536618425,0.005159372130645796,2.1861746316295747e-05,0.0038913908443006426
pb34s__tu,float64,0.0,-4.0,115.0,119.0,5.422109223841512,-0.6947881596781951,-1.0,-1.0,101,0.0022080363779458704,0.9886537536618425,0.005159372130645796,2.1861746316295747e-05,0.004263040531677671
pb33s__tu,float64,0.0,0.0,48485.0,48485.0,993.3464241752976,62.29875770422036,0.0,0.0,339,0.007411132001224258,0.0,0.9925451445061432,2.1861746316295747e-05,0.9925451445061432
pb32s__tu,float64,0.0,0.0,27036.0,27036.0,909.0929793487817,58.64711217057513,0.0,0.0,339,0.007411132001224258,0.0,0.9925451445061432,2.1861746316295747e-05,0.9925451445061432
pb31s__tu,float64,0.0,-4.0,100.0,104.0,5.25717926958408,-0.7771194963053649,-1.0,-1.0,7,0.0001530322242140702,0.9886537536618425,0.005159372130645796,0.002688994796904377,0.008613528048620523
pb30s__tu,float64,0.0,-4.0,100.0,104.0,5.702915644925382,-0.7268374797778847,-1.0,-1.0,7,0.0001530322242140702,0.9886537536618425,0.005159372130645796,0.0031480914695465874,0.00806698439071313
pb29s__tu,float64,0.0,-4.0,3.0,7.0,0.4127847773101381,-1.0399851340125048,-1.0,-1.0,8,0.00017489397053036597,0.9886537536618425,0.005159372130645796,0.00010930873158147872,0.0038913908443006426
pb28s__tu,float64,0.0,0.0,84000.0,84000.0,2051.8973814886417,175.52044844682263,0.0,0.0,200,0.004372349263259149,0.0,0.9907743430545232,2.1861746316295747e-05,0.9907743430545232
pb27s__tu,float64,0.0,-6.0,5.0,11.0,0.46187174072169374,-1.0508504219317039,-1.0,-1.0,10,0.00021861746316295745,0.9904245551134625,0.001814524944252547,2.1861746316295747e-05,0.002317345109527349
pb25s__tu,float64,0.0,-6.0,7.0,13.0,0.4366393263624085,-1.0426741288094092,-1.0,-1.0,10,0.00021861746316295745,0.9892658825586987,0.0006558523894888724,2.1861746316295747e-05,0.0023829303484762363
pb24s__tu,float64,0.0,-6.0,7.0,13.0,0.42882176922510135,-1.0401600279830352,-1.0,-1.0,10,0.00021861746316295745,0.9889160946176381,0.0003060644484281404,2.1861746316295747e-05,0.0023829303484762363
pb21s__tu,float64,0.0,-4.0,643.0,647.0,24.439374389794125,2.3316208298718903,-1.0,-1.0,318,0.0069520353285820475,0.966442219404486,0.005159372130645796,2.1861746316295747e-05,0.0021424511389969833
pb20s__tu,float64,0.0,-4.0,643.0,647.0,27.848679434751652,2.868195531459053,-1.0,-1.0,359,0.007848366927550173,0.966442219404486,0.005159372130645796,2.1861746316295747e-05,0.0021205893926806874
pb12s__tu,float64,0.0,-4.0,7.0,11.0,0.4238801722980361,-1.0369682130208562,-1.0,-1.0,9,0.0001967557168466617,0.9883039657207818,0.005159372130645796,2.1861746316295747e-05,0.002470377333741419
pb09s__tu,float64,0.0,-4.0,2.0,6.0,0.3018310034853948,-0.978116391937388,-1.0,-1.0,5,0.00010930873158147872,0.966442219404486,0.005159372130645796,8.744698526518299e-05,0.029841283721743692
pb06s__tu,float64,0.0,-4.0,1.0,5.0,0.28522162254471334,-0.9813519303921997,-1.0,-1.0,4,8.744698526518299e-05,0.966442219404486,0.005159372130645796,0.0005684054042236894,0.032989375191290284
pb03s__tu,float64,0.0,-4.0,7.0,11.0,0.4229012360910719,-1.0378208211271915,-1.0,-1.0,10,0.00021861746316295745,0.9886100301692099,0.005159372130645796,2.1861746316295747e-05,0.0023829303484762363
pb02s__tu,float64,0.0,-4.0,7.0,11.0,0.34041266965392775,-0.9709894626382756,-1.0,-1.0,8,0.00017489397053036597,0.966442219404486,0.005159372130645796,2.1861746316295747e-05,0.023982335708976434
mt34b__tu,float64,0.0,-4.0,259.0,263.0,17.83724653629782,2.2991452057190327,-1.0,-1.0,138,0.0030169209916488127,0.9603209304359233,0.005159372130645796,2.1861746316295747e-05,0.0021205893926806874
mt33s__tu,float64,0.0,-4.0,844427.0,844431.0,36268.9325843785,6260.780835993179,-1.0,-1.0,1929,0.04217130864413449,0.9556206549779196,0.005159372130645796,2.1861746316295747e-05,0.0021205893926806874
in33s__tu,float64,0.0,0.0,911628.3099999999,911628.3099999999,34073.130732984326,16412.679669735695,2033.0,0.0,22316,0.48786673079445586,0.0,0.4324909273752787,2.1861746316295747e-05,0.4324909273752787
lm10s__tu,float64,0.0,-4.0,49.0,53.0,0.9546929446982886,-0.9386996633291067,-1.0,-1.0,31,0.0006777141358051682,0.9876043898386603,0.005159372130645796,2.1861746316295747e-05,0.002470377333741419
lm23s__tu,float64,0.0,-4.0,29.0,33.0,0.6448113513941011,-0.979231340999519,-1.0,-1.0,27,0.0005902671505399851,0.9927637619693062,0.005159372130645796,2.1861746316295747e-05,0.002492239080057715
lm22s__tu,float64,0.0,-4.0,29.0,33.0,0.6839804560866074,-0.9761488347689213,-1.0,-1.0,29,0.0006339906431725766,0.9927637619693062,0.005159372130645796,2.1861746316295747e-05,0.0022954833632110533
lm21s__tu,float64,0.0,-4.0,999.0,1003.0,26.911448536127377,-0.21562240391762494,-1.0,-1.0,62,0.0013554282716103363,0.9927637619693062,0.005159372130645796,0.0007214376284377596,0.0028857505137510385
lm20s__tu,float64,0.0,-4.0,1.0,5.0,0.2545604356800203,-1.0045253814874733,-1.0,-1.0,4,8.744698526518299e-05,0.9927637619693062,0.005159372130645796,0.0037164968737702767,0.003519741156923615
lm19s__tu,float64,0.0,-4.0,1.0,5.0,0.25674737488668203,-1.0041537318000961,-1.0,-1.0,4,8.744698526518299e-05,0.9927637619693062,0.005159372130645796,0.004088146561147305,0.0031480914695465874
lm18s__tu,float64,0.0,-4.0,1.0,5.0,0.258534092389481,-1.003847667351668,-1.0,-1.0,4,8.744698526518299e-05,0.9927637619693062,0.005159372130645796,0.004394211009575445,0.002842027021118447
lm17s__tu,float64,0.0,-5.0,143.0,148.0,4.642299766800968,-0.799593371518517,-1.0,-1.0,60,0.0013117047789777448,0.9954308950198942,0.002667133050588081,2.1861746316295747e-05,0.0021205893926806874
lm16s__tu,float64,0.0,-4.0,456450.0,456454.0,12715.786375014754,822.5414498710157,-1.0,-1.0,230,0.005028201652748022,0.9927637619693062,0.005159372130645796,2.1861746316295747e-05,0.0021205893926806874
lm15s__tu,float64,0.0,-5.0,471535.0,471540.0,8287.990816560008,359.1931703904508,-1.0,-1.0,116,0.0025359625726903063,0.9943596694503957,0.0015959074810895895,2.1861746316295747e-05,0.003191814962179179
lm14s__tu,float64,0.0,-4.0,143.0,147.0,3.2434190423201787,-0.8507935813912816,-1.0,-1.0,81,0.0017708014516199554,0.9927637619693062,0.005159372130645796,2.1861746316295747e-05,0.0022298981242621662
lm13s__tu,float64,0.0,-4.0,1.0,5.0,0.29567987167346343,-0.015521839884569979,0.0,0.0,3,6.558523894888724e-05,0.005159372130645796,0.005159372130645796,0.005115648638013204,0.989724979231341
lm12s__tu,float64,0.0,-4.0,48.0,52.0,0.8733536221005938,-0.9481002142451139,-1.0,-1.0,31,0.0006777141358051682,0.9876043898386603,0.005159372130645796,2.1861746316295747e-05,0.0029513357526999256
lm11s__tu,float64,0.0,-4.0,48.0,52.0,0.9044649061518234,-0.9444274408639762,-1.0,-1.0,32,0.0006995758821214639,0.9876043898386603,0.005159372130645796,2.1861746316295747e-05,0.002754580035853264
lm09s__tu,float64,0.0,-4.0,999.0,1003.0,41.34042130875583,0.857264658300905,-1.0,-1.0,73,0.0015959074810895895,0.9876043898386603,0.005159372130645796,0.001705216212671068,0.003191814962179179
mt32s__tu,float64,0.0,-4.0,844427.0,844431.0,36133.76536461328,6239.466923177823,-1.0,-1.0,1928,0.042149446897818195,0.9556206549779196,0.005159372130645796,2.1861746316295747e-05,0.0021205893926806874
lm08s__tu,float64,0.0,-4.0,2.0,6.0,0.2832664250363397,-0.9959555769314853,-1.0,-1.0,5,0.00010930873158147872,0.9876043898386603,0.005159372130645796,2.1861746316295747e-05,0.00529054260854357
lm07s__tu,float64,0.0,-4.0,2.0,6.0,0.28750543829821906,-0.9951466923177823,-1.0,-1.0,5,0.00010930873158147872,0.9876043898386603,0.005159372130645796,2.1861746316295747e-05,0.004481657994840628
lm06s__tu,float64,0.0,-4.0,2.0,6.0,0.29078314010809103,-0.9945127016746098,-1.0,-1.0,5,0.00010930873158147872,0.9876043898386603,0.005159372130645796,2.1861746316295747e-05,0.0038476673516680514
lm05s__tu,float64,0.0,-5.0,259.0,264.0,6.629433754981573,-0.5839491058545757,-1.0,-1.0,80,0.0017489397053036596,0.9929605176861528,0.005356127847492458,2.1861746316295747e-05,0.0021205893926806874
lm04s__tu,float64,0.0,-4.0,703340.0,703344.0,18392.913911403255,1637.3055397665166,-1.0,-1.0,455,0.009947094573914564,0.9876043898386603,0.005159372130645796,2.1861746316295747e-05,0.0021205893926806874
lm03s__tu,float64,0.0,-5.0,635030.0,635035.0,11703.151854437345,687.8667089327096,-1.0,-1.0,228,0.00498447816011543,0.9908617900397884,0.003257400201128066,2.1861746316295747e-05,0.004219317039045079
lm02s__tu,float64,0.0,-4.0,155.0,159.0,4.757140910115615,-0.670827685715535,-1.0,-1.0,116,0.0025359625726903063,0.9876043898386603,0.005159372130645796,2.1861746316295747e-05,0.0023610686021599404
lm01s__tu,float64,0.0,-4.0,2.0,6.0,0.3046073873396135,-0.010340606007607887,0.0,0.0,4,8.744698526518299e-05,0.005159372130645796,0.005159372130645796,2.1861746316295747e-05,0.9845656071006952
in101s__tu,float64,0.0,0.0,916766.4,916766.4,34997.80059357979,18190.728735229346,5132.0,0.0,24808,0.5423462026146648,0.0,0.3603908880241354,2.1861746316295747e-05,0.3603908880241354
in57s__tu,float64,0.0,0.0,55200.0,55200.0,1163.4144486413807,193.76638364987613,0.0,0.0,3292,0.07196886887324559,0.0,0.8839797122994185,2.1861746316295747e-05,0.8839797122994185
in36s__tu,float64,0.0,-4.0,999.0,1003.0,352.7661211231248,155.81736697127366,2.0,1.0,88,0.0019238336758340257,0.07909579817235801,0.005159372130645796,0.14872546018975996,0.08101963184819204
in35s__tu,float64,0.0,-4.0,670175.0,670179.0,14718.443022546628,6527.882864763237,1490.0,-3.0,15540,0.3397315377552359,0.43037033798259805,0.005159372130645796,2.1861746316295747e-05,0.0021205893926806874
in34s__tu,float64,0.0,-4.0,589.0,593.0,51.87700388295968,49.728673866468455,52.0,-3.0,290,0.0063399064317257664,0.43037033798259805,0.005159372130645796,2.1861746316295747e-05,0.0022298981242621662
lm24s__tu,float64,0.0,-4.0,29.0,33.0,0.6219173032153064,-0.9811551746753531,-1.0,-1.0,26,0.0005684054042236894,0.9927637619693062,0.005159372130645796,2.1861746316295747e-05,0.0026234095579554897
lm25s__tu,float64,0.0,-4.0,1.0,5.0,0.29579419354642233,-0.015456254645621092,0.0,0.0,3,6.558523894888724e-05,0.005159372130645796,0.005159372130645796,0.005181233876962092,0.9896593939923921
lm26s__tu,float64,0.0,-4.0,155.0,159.0,3.495428937624524,-0.8332823225919287,-1.0,-1.0,96,0.0020987276463643916,0.9926981767303572,0.005159372130645796,2.1861746316295747e-05,0.0022517598705784616
lm27s__tu,float64,0.0,-5.0,635030.0,635035.0,8277.062128042062,327.6602028770058,-1.0,-1.0,116,0.0025359625726903063,0.9943596694503957,0.0016614927200384766,2.1861746316295747e-05,0.0031699532158628832
mt31s__tu,float64,0.0,-4.0,100.0,104.0,19.080539018494147,2.596760089195925,-1.0,-1.0,7,0.0001530322242140702,0.9556206549779196,0.005159372130645796,0.03685890428927463,0.007258099777010188
mt30s__tu,float64,0.0,-4.0,100.0,104.0,19.961563323779153,2.957478903414805,-1.0,-1.0,7,0.0001530322242140702,0.9556206549779196,0.005159372130645796,0.04053167767041231,0.0037164968737702767
mt29s__tu,float64,0.0,-4.0,3.0,7.0,0.6930941233650696,-1.05913602378558,-1.0,-1.0,8,0.00017489397053036597,0.9556206549779196,0.005159372130645796,2.1861746316295747e-05,0.0021205893926806874
mt28s__tu,float64,0.0,-4.0,808900.0,808904.0,37625.78883412769,6648.832866949412,-1.0,-1.0,1598,0.0349350706134406,0.9556206549779196,0.005159372130645796,2.1861746316295747e-05,0.0021205893926806874
mt27s__tu,float64,0.0,-6.0,2.0,8.0,0.8212351282707486,-1.150714879104543,-1.0,-1.0,8,0.00017489397053036597,0.9671199335402912,0.011674172532901927,0.0002404792094792532,0.011892789996064886
mt25s__tu,float64,0.0,-6.0,2.0,8.0,0.7248129424011891,-1.099492807485462,-1.0,-1.0,8,0.00017489397053036597,0.9595994928074855,0.0041537318000961915,0.0003935114336933234,0.01346683573083818
mt24s__tu,float64,0.0,-6.0,2.0,8.0,0.6882252156001599,-1.0820034104324254,-1.0,-1.0,8,0.00017489397053036597,0.9570416684884788,0.0015959074810895895,0.0004372349263259149,0.01392593240348039
mt21s__tu,float64,0.0,-4.0,432.0,436.0,38.638677085466476,9.33575269992567,-1.0,-1.0,342,0.007476717240173145,0.8898823838048183,0.005159372130645796,2.1861746316295747e-05,0.0021205893926806874
mt20s__tu,float64,0.0,-4.0,520.0,524.0,42.04776101529116,10.73848979056447,-1.0,-1.0,350,0.007651611210703511,0.8898823838048183,0.005159372130645796,2.1861746316295747e-05,0.0021205893926806874
mt12s__tu,float64,0.0,-4.0,3.0,7.0,0.693149770534747,-1.0584801713960912,-1.0,-1.0,7,0.0001530322242140702,0.9552927287831752,0.005159372130645796,2.1861746316295747e-05,0.0024485155874251234
mt09s__tu,float64,0.0,-4.0,4.0,8.0,0.465997268822409,-0.8839359888067859,-1.0,-1.0,7,0.0001530322242140702,0.8898823838048183,0.005159372130645796,8.744698526518299e-05,0.09291242184425692
mt06s__tu,float64,0.0,-4.0,2.0,6.0,0.3926532382980921,-0.9030650168335447,-1.0,-1.0,5,0.00010930873158147872,0.8898823838048183,0.005159372130645796,6.558523894888724e-05,0.1078877180709195
mt03s__tu,float64,0.0,-4.0,2.0,6.0,0.6648844924568694,-1.0707883345721656,-1.0,-1.0,7,0.0001530322242140702,0.9554457610073893,0.005159372130645796,0.0004809584189585064,0.01392593240348039
mt02s__tu,float64,0.0,-4.0,3.0,7.0,0.5198863416357901,-0.861768178042062,-1.0,-1.0,6,0.00013117047789777447,0.8898823838048183,0.005159372130645796,2.1861746316295747e-05,0.06753093437103756
mt01s__tu,float64,0.0,-4.0,8.0,12.0,0.6959797146792366,0.1644221940448603,0.0,0.0,10,0.00021861746316295745,0.005159372130645796,0.005159372130645796,0.00010930873158147872,0.8868436010668532
lm39s__tu,float64,0.0,-4.0,317.0,321.0,12.528363776480214,-0.1891915526212234,-1.0,-1.0,153,0.003344847186393249,0.9926981767303572,0.005159372130645796,4.3723492632591494e-05,0.0021205893926806874
lm38s__tu,float64,0.0,-4.0,327.0,331.0,10.348775643267704,-0.3604783350094006,-1.0,-1.0,153,0.003344847186393249,0.9927637619693062,0.005159372130645796,2.1861746316295747e-05,0.0021205893926806874
lm37s__tu,float64,0.0,-4.0,327.0,331.0,16.21448106414942,0.4629443399938787,-1.0,-1.0,215,0.004700275458003585,0.9876043898386603,0.005159372130645796,2.1861746316295747e-05,0.0021205893926806874
lm36s__tu,float64,0.0,-4.0,48.0,52.0,0.6541132876282835,-0.9801276725984872,-1.0,-1.0,26,0.0005684054042236894,0.9926981767303572,0.005159372130645796,2.1861746316295747e-05,0.0024485155874251234
lm35s__tu,float64,0.0,-4.0,48.0,52.0,0.6743815854389524,-0.9783568711468672,-1.0,-1.0,27,0.0005902671505399851,0.9926981767303572,0.005159372130645796,2.1861746316295747e-05,0.0023829303484762363
lm34s__tu,float64,0.0,-4.0,49.0,53.0,0.7056268901243974,-0.9756460146036465,-1.0,-1.0,28,0.0006121288968562808,0.9926981767303572,0.005159372130645796,2.1861746316295747e-05,0.0022954833632110533
lm33s__tu,float64,0.0,-4.0,999.0,1003.0,31.411476131403997,0.0611473044466792,-1.0,-1.0,57,0.0012461195400288575,0.9926981767303572,0.005159372130645796,0.0009837785842333085,0.002426653841108828
lm32s__tu,float64,0.0,-4.0,1.0,5.0,0.25287576844758836,-1.0047658606969525,-1.0,-1.0,4,8.744698526518299e-05,0.9926981767303572,0.005159372130645796,0.003410432425342136,0.0038913908443006426
lm31s__tu,float64,0.0,-4.0,1.0,5.0,0.25546401750088077,-1.0043286257706265,-1.0,-1.0,4,8.744698526518299e-05,0.9926981767303572,0.005159372130645796,0.0038476673516680514,0.003454155917974728
lm30s__tu,float64,0.0,-4.0,1.0,5.0,0.2573876372189485,-1.0040006995758821,-1.0,-1.0,4,8.744698526518299e-05,0.9926981767303572,0.005159372130645796,0.004175593546412487,0.0031262297232302915
lm29s__tu,float64,0.0,-5.0,259.0,264.0,4.747568174468904,-0.7978007083205807,-1.0,-1.0,54,0.0011805343010799702,0.9954090332735779,0.0027108565432206726,2.1861746316295747e-05,0.0021205893926806874
lm28s__tu,float64,0.0,-4.0,703340.0,703344.0,13227.114514970322,813.7507542302479,-1.0,-1.0,235,0.0051375103843295,0.9926981767303572,0.005159372130645796,2.1861746316295747e-05,0.0021205893926806874
pricing_ecnl,float64,0.0,5.453717137522412e-05,0.4204105567529369,0.4203560195815617,0.019832112105910547,0.01986964083753161,0.014965751507749706,5.453717137522412e-05,45742,1.0,0.0,2.1861746316295747e-05,2.1861746316295747e-05,0.0
