feature,dtype,propna,min,max,range,std,mean,median,mode,n_unique,prop_unique,prop_negative,prop_min,prop_max,prop_zero
alert10__ln,,1.0,,,,,,,,0,0.0,,,,
bkc233__tu,,1.0,,,,,,,,0,0.0,,,,
middlename__tu,,1.0,,,,,,,,0,0.0,,,,
lastname__tu,,1.0,,,,,,,,0,0.0,,,,
address1__tu,,1.0,,,,,,,,0,0.0,,,,
bkc225__tu,,1.0,,,,,,,,0,0.0,,,,
tuseqeuncenumber__tu,,1.0,,,,,,,,0,0.0,,,,
acctid__tu,,1.0,,,,,,,,0,0.0,,,,
partyid__tu,,1.0,,,,,,,,0,0.0,,,,
zip4__tu,,1.0,,,,,,,,0,0.0,,,,
ssn__tu,,1.0,,,,,,,,0,0.0,,,,
dateofbirth__tu,,1.0,,,,,,,,0,0.0,,,,
permid__tu,,1.0,,,,,,,,0,0.0,,,,
bkc224__tu,,1.0,,,,,,,,0,0.0,,,,
bkc203__tu,,1.0,,,,,,,,0,0.0,,,,
bkc204__tu,,1.0,,,,,,,,0,0.0,,,,
bkc223__tu,,1.0,,,,,,,,0,0.0,,,,
bkc205__tu,,1.0,,,,,,,,0,0.0,,,,
bkc253__tu,,1.0,,,,,,,,0,0.0,,,,
firstname__tu,,1.0,,,,,,,,0,0.0,,,,
bkc222__tu,,1.0,,,,,,,,0,0.0,,,,
bankcard_reason5__ln,,1.0,,,,,,,,0,0.0,,,,
bkc235__tu,,1.0,,,,,,,,0,0.0,,,,
bkc254__tu,,1.0,,,,,,,,0,0.0,,,,
bkc255__tu,,1.0,,,,,,,,0,0.0,,,,
bkc234__tu,,1.0,,,,,,,,0,0.0,,,,
bkc201__tu,,1.0,,,,,,,,0,0.0,,,,
bkc202__tu,,1.0,,,,,,,,0,0.0,,,,
bkc232__tu,,1.0,,,,,,,,0,0.0,,,,
bkc231__tu,,1.0,,,,,,,,0,0.0,,,,
bkc252__tu,,1.0,,,,,,,,0,0.0,,,,
DPD60PLUS__tucvlink,,1.0,,,,,,,,0,0.0,,,,
alert9__ln,,1.0,,,,,,,,0,0.0,,,,
alert8__ln,,1.0,,,,,,,,0,0.0,,,,
alert7__ln,,1.0,,,,,,,,0,0.0,,,,
alert6__ln,,1.0,,,,,,,,0,0.0,,,,
alert5__ln,,1.0,,,,,,,,0,0.0,,,,
alert4__ln,,1.0,,,,,,,,0,0.0,,,,
alert3__ln,object,0.999989257419095,,,,,,,300E,1,0.5,,,,
indflag__tu,float64,0.9999785148381899,2.0,2.0,0.0,0.0,2.0,2.0,2.0,1,0.25,0.0,1.0,1.0,0.0
auto_reason5__ln,object,0.9999677722572848,,,,,,,I60,1,0.16666666666666666,,,,
cmplnc_rem_cde__base,object,0.9999409158050222,,,,,,,CBC,1,0.09090909090909091,,,,
zipcodefiller__tu,object,0.9987592319054653,,,,,,,-,5,0.021645021645021644,,,,
affil_rem_cde__base,object,0.997582919296361,,,,,,,CBL,4,0.008888888888888889,,,,
linkf190__tu,float64,0.9938176446891366,11.0,364.0,353.0,98.51435425067379,190.57254561251085,189.0,229.0,328,0.2849695916594266,0.0,0.0008688097306689834,0.0017376194613379669,0.0
linkf011__tu,float64,0.9912125688196589,0.0,5140.0,5140.0,534.0336768821863,435.5751833740831,287.5,0.0,640,0.39119804400978,0.0,0.12102689486552567,0.0006112469437652812,0.12102689486552567
short_term_lending_reason5__ln,object,0.9896924936215926,,,,,,,I60,1,0.0005211047420531526,,,,
dtmdeclined__base,float64,0.9877964280918491,20181001.0,20200129.0,19128.0,3817.476881767235,20189032.76540493,20190513.0,20191008.0,393,0.17297535211267606,0.0,0.00044014084507042255,0.00044014084507042255,0.0
linkd012__tu,float64,0.9871733583993555,1.0,1826.0,1825.0,530.4001986188755,916.6587102177555,935.5,168.0,1157,0.48450586264656614,0.0,0.001256281407035176,0.0004187604690117253,0.0
linkf012__tu,float64,0.9846166241439506,0.0,10880.0,10880.0,750.9522553919469,544.9947625698323,318.0,0.0,958,0.3344972067039106,0.0,0.10719273743016759,0.00034916201117318437,0.10719273743016759
linkf080__tu,float64,0.9840418960655297,0.0,40460.0,40460.0,2238.475491690071,623.694042409963,0.0,0.0,755,0.25412319084483337,0.0,0.583641871423763,0.0003365870077415012,0.583641871423763
linkf192__tu,float64,0.9826292466765141,1.0,2494.0,2493.0,715.0659066326778,861.4867037724181,637.0,98.0,1480,0.45763760049474334,0.0,0.0012368583797155227,0.00030921459492888067,0.0
bitsystemdecline__app,object,0.9789552840069827,,,,,,,True,2,0.0005104645227156713,,,,
linkf013__tu,float64,0.9785954075466631,0.0,16958.0,16958.0,913.0453472305262,620.2050188205772,348.0,0.0,1198,0.30062735257214557,0.0,0.10514429109159347,0.0002509410288582183,0.10514429109159347
linkf186__tu,float64,0.978069021082315,2.0,365.0,363.0,99.09727570474571,192.40558412931668,191.0,334.0,361,0.08841538084741611,0.0,0.0002449179524859172,0.0036737692872887582,0.0
linkf027__tu,float64,0.9759581039344702,0.0,12221.0,12221.0,929.1700678741876,854.0127345844504,565.0,300.0,1561,0.34874888293118855,0.0,0.00022341376228775692,0.00022341376228775692,0.00022341376228775692
alert2__ln,object,0.9743628306700685,,,,,,,300E,4,0.0008380473496752566,,,,
linkf008__tu,float64,0.9729770377333155,0.0,16958.0,16958.0,977.1700372523266,665.3732856290995,371.0,0.0,1413,0.2808586762075134,0.0,0.09660107334525939,0.00019876764062810574,0.09660107334525939
linkf182__tu,float64,0.9725634483684705,2.0,365.0,363.0,99.01026232479826,191.46476115896633,190.0,334.0,361,0.0706734534064213,0.0,0.00019577133907595928,0.0029365700861393894,0.0
linkf028__tu,float64,0.9647750772123003,0.0,20307.0,20307.0,1486.5134086517103,1231.05901189387,738.5,300.0,2329,0.3551387618176273,0.0,0.0010673985971332723,0.00015248551387618176,0.0010673985971332723
linkd013__tu,float64,0.9631690613669934,1.0,1825.0,1824.0,488.64222056809933,770.9289776870352,748.0,10.0,1669,0.24340090418550386,0.0,0.0011666909727285986,0.000729181857955374,0.0
fltpriceselling__app,float64,0.9627339868403384,0.0,0.0,0.0,0.0,0.0,0.0,0.0,1,0.00014413375612568464,0.0,1.0,1.0,1.0
fltstatesalestax__app,float64,0.9627339868403384,0.0,0.0,0.0,0.0,0.0,0.0,0.0,1,0.00014413375612568464,0.0,1.0,1.0,1.0
linkf009__tu,float64,0.9622183429568953,0.0,120120.0,120120.0,1800.663797741105,765.7615865794711,404.0,0.0,1789,0.2543360818879727,0.0,0.08970713676428775,0.00014216661927779356,0.08970713676428775
gnrc_rem_cde__base,object,0.9620196052101517,,,,,,,AND,5,0.0007071135624381275,,,,
gnrcrem_frsrpt_dte__base,object,0.9620196052101517,,,,,,,2020-04-07,134,0.01895064347334182,,,,
linkf029__tu,float64,0.9553753189203706,0.0,35570.0,35570.0,1968.0161996925112,1492.1496148290803,819.0,300.0,2883,0.34701492537313433,0.0,0.0008425613866153105,0.00012036591237361579,0.0008425613866153105
linkf191__tu,float64,0.9532805156438835,0.0,2496.0,2496.0,686.1556862142933,794.5449528627271,612.0,4.0,2133,0.24522878822717867,0.0,0.002299379167624741,0.00011496895838123707,0.002299379167624741
linkf010__tu,float64,0.9530280649926145,0.0,307320.0,307320.0,3474.711340607249,839.1088622069755,445.0,0.0,2069,0.23659233847913094,0.0,0.08267581475128645,0.00011435105774728416,0.08267581475128645
linkf049__tu,float64,0.9513468510809722,0.0,4090.0,4090.0,299.71925507946247,387.15014351954073,339.0,588.0,1050,0.11591962905718702,0.0,0.0017663943475380878,0.00011039964672113049,0.0017663943475380878
bittrade__app,object,0.9506324694507855,,,,,,,True,4,0.0004352083560004352,,,,
linkd001__tu,float64,0.9502994494427286,0.0,1.0,1.0,0.26445340481092383,0.07565114017075543,0.0,0.0,2,0.00021614611477358694,0.0,0.9243488598292445,0.07565114017075543,0.9243488598292445
linkd004__tu,float64,0.9492090774808648,0.0,31.0,31.0,0.5113290328379586,0.04103214890016921,0.0,0.0,8,0.0008460236886632825,0.0,0.9738790186125211,0.00021150592216582064,0.9738790186125211
linkd011__tu,float64,0.9492090774808648,0.0,26.0,26.0,1.311570859944441,0.259412013536379,0.0,0.0,22,0.002326565143824027,0.0,0.9207910321489001,0.00010575296108291032,0.9207910321489001
linkf024__tu,float64,0.9468188532294883,0.0,50934.0,50934.0,2347.6366039531467,1697.8983941016058,896.0,300.0,3330,0.33632966367033634,0.0,0.000706999293000707,0.000100999899000101,0.000706999293000707
crossindustry_reason5__ln,object,0.940040284678394,,,,,,,I60,1,8.958165367732689e-05,,,,
linkf025__tu,float64,0.931698670605613,0.0,59028.0,59028.0,2950.2767685187905,2004.097908147216,995.0,300.0,4111,0.323293488518402,0.0,0.0007077697389116074,7.864108210128971e-05,0.0007077697389116074
linkb015__tu,float64,0.9213643077749429,0.0,611870.0,611870.0,72840.27711269102,88262.02083333333,79325.0,0.0,5872,0.4010928961748634,0.0,0.16366120218579236,6.830601092896175e-05,0.16366120218579236
linkb013__tu,float64,0.9213643077749429,0.0,611870.0,611870.0,72589.44766875237,89353.05198087431,78615.0,0.0,6339,0.4329918032786885,0.0,0.09296448087431694,6.830601092896175e-05,0.09296448087431694
linkb003__tu,float64,0.9213643077749429,0.0,621200.0,621200.0,33938.57007828564,17602.24706284153,5460.0,0.0,3754,0.2564207650273224,0.0,0.24030054644808743,6.830601092896175e-05,0.24030054644808743
linkb002__tu,float64,0.9213643077749429,0.0,469780.0,469780.0,68062.62030244435,53322.2456284153,23455.0,0.0,6186,0.4225409836065574,0.0,0.23647540983606558,6.830601092896175e-05,0.23647540983606558
linkb005__tu,float64,0.9213643077749429,0.0,9404.0,9404.0,1095.1345523693803,1531.355806010929,1540.5,0.0,2557,0.1746584699453552,0.0,0.22008196721311477,6.830601092896175e-05,0.22008196721311477
linkb014__tu,float64,0.9213643077749429,0.0,435600000.0,435600000.0,3777979.834606017,76864.70635245902,9100.0,0.0,4722,0.32254098360655736,0.0,0.03415300546448088,6.830601092896175e-05,0.03415300546448088
linkb016__tu,float64,0.9213643077749429,0.0,847000.0,847000.0,92225.8991320837,125338.3668715847,110400.0,0.0,6656,0.4546448087431694,0.0,0.04829234972677596,6.830601092896175e-05,0.04829234972677596
linkf026__tu,float64,0.9183187860883577,0.0,69194.0,69194.0,3303.2816946002636,2210.050174261853,1063.0,300.0,4703,0.30926546984941145,0.0,0.0005260735187742487,6.575918984678108e-05,0.0005260735187742487
dtmdeclined__tu,float64,0.9158050221565731,20131001.0,20200129.0,69128.0,16160.950240646405,20156158.638851676,20151120.0,20151028.0,1442,0.09199362041467304,0.0,0.00044657097288676234,6.379585326953749e-05,0.0
linkf188__tu,float64,0.9157083389284275,0.0,2495.0,2495.0,678.1152736712203,938.0154208882941,817.0,6.0,2436,0.15522844580386158,0.0,0.00025489071560568405,6.372267890142101e-05,0.00025489071560568405
linkb018__tu,float64,0.9155418289243991,0.0,41509.0,41509.0,2088.5712217475793,2044.9197405240398,1455.5,0.0,4550,0.28936657339099464,0.0,0.008267616382599848,0.0001271940981938438,0.008267616382599848
linkb001__tu,float64,0.9155418289243991,0.0,10000.0,10000.0,83.79325520912317,1.8017082167387433,0.21,0.17,609,0.03873060290002544,0.0,0.03605952683795472,6.35970490969219e-05,0.03605952683795472
linkb017__tu,float64,0.913377198872029,0.0,22500000.0,22500000.0,329261.13469996676,109238.97885533578,90000.0,0.0,3299,0.20456377503565448,0.0,0.2792211818689155,0.00012401562596887208,0.2792211818689155
linkf135__tu,float64,0.9079683093863301,1.0,108988.0,108987.0,3384.064672834268,1469.9096533208824,721.5,500.0,3589,0.20946655772148945,0.0,5.836348780203105e-05,5.836348780203105e-05,0.0
linkf213__tu,float64,0.9067167987108903,0.0,14851.0,14851.0,687.5463631530272,302.6570081188461,1.38,0.0,2062,0.11873092646974147,0.0,0.10358726320032245,0.00011516093741003051,0.10358726320032245
linkd008__tu,float64,0.9065019470927891,1.0,1826.0,1825.0,514.7335463688532,679.7615327167232,576.0,7.0,1812,0.10409605331188602,0.0,0.0018383408973401505,0.00017234445912563912,0.0
linkf081__tu,float64,0.9063085806364979,0.0,2493.0,2493.0,655.2660367280552,881.6459897953333,756.0,4.0,2396,0.13736169236943185,0.0,0.0006306254658029009,0.00011465917560052743,0.0006306254658029009
fltmaintenanceagreement__app,float64,0.9042030347791057,0.0,2800.0,2800.0,150.15156752485782,77.75152060555088,75.0,0.0,324,0.018166526492851134,0.0,0.4816372301654051,5.6069526212503504e-05,0.4816372301654051
linkf184__tu,float64,0.9024036524775078,0.0,2495.0,2495.0,683.3158732108177,916.5229499174463,777.0,6.0,2458,0.13527793065492572,0.0,0.0002201430930104568,5.50357732526142e-05,0.0002201430930104568
linkf014__tu,float64,0.9005505572713844,0.0,366430.0,366430.0,3011.977212685736,957.3684580070213,508.0,0.0,3131,0.1691061301647313,0.0,0.08868485012152309,5.4010261949770455e-05,0.08868485012152309
linkf016__tu,float64,0.9005022156573117,0.0,83.0,83.0,22.88542791631224,30.136849492550205,25.0,0.0,84,0.004534657741308573,0.0,0.031688620168430146,0.0011336644353271432,0.031688620168430146
linkf017__tu,float64,0.9005022156573117,0.0,83.0,83.0,23.51548749265428,36.02402288922479,34.0,1.0,84,0.004534657741308573,0.0,0.013927877348304902,0.0034009933059814296,0.013927877348304902
rte_rem_cde__base,object,0.9002390224251376,,,,,,,CLO,6,0.00032304958811177516,,,,
dtmdeclined__app,object,0.8995998388612865,,,,,,,2013-10-01 09:30:13,14473,0.7742884656537556,,,,
telecommunications_reason5__ln,object,0.8993957298240902,,,,,,,I60,1,5.3390282968499735e-05,,,,
score_cvpropensity__tu,float64,0.8981603330200081,305.0,770.0,465.0,65.45981320780662,491.3317510548523,482.0,479.0,397,0.020938818565400846,0.0,0.00010548523206751055,5.2742616033755275e-05,0.0
linkf136__tu,float64,0.8864938901571102,0.0,20800.0,20800.0,801.0271094267315,615.2900638841566,450.0,300.0,2598,0.12294151050539466,0.0,0.01869203104296801,4.73215975771342e-05,0.01869203104296801
fltgrossmonthly__income_std,float64,0.8767772257284813,0.0,13175.54136986792,13175.54136986792,1033.321318777877,1265.5717428818703,1055.6907463541118,0.0,18243,0.7952138093369949,0.0,0.006712872150298592,8.718015779608561e-05,0.006712872150298592
linkf187__tu,float64,0.8753484624681079,0.0,2496.0,2496.0,681.1152057838939,824.109665187228,665.0,2.0,2459,0.10595940879906925,0.0,0.0012496229585900805,8.618089369586763e-05,0.0012496229585900805
linkf034__tu,float64,0.8749456156841682,0.0,14318.0,14318.0,303.2942810786972,294.904303753973,200.0,300.0,1261,0.05416201357271712,0.0,0.0012885490937204708,4.2951636457349025e-05,0.0012885490937204708
linkd010__tu,float64,0.8659379615952733,0.0,20.5,20.5,0.8265588014815282,0.3293729552466045,0.0,0.0,511,0.0204735766657318,0.0,0.7281141071357026,4.006570776072759e-05,0.7281141071357026
linkb009__tu,float64,0.8560279307103532,0.0,7.0,7.0,0.4955920765795869,0.18474854499328458,0.0,0.0,8,0.00029846291598268916,0.0,0.8531935532010148,7.461572899567229e-05,0.8531935532010148
linkb008__tu,float64,0.8560279307103532,0.0,4.0,4.0,0.16428288597729407,0.024138188330099983,0.0,0.0,5,0.00018653932248918073,0.0,0.97724220265632,7.461572899567229e-05,0.97724220265632
linkb010__tu,float64,0.8560279307103532,-1.0,21.0,22.0,0.9297983292819512,-0.7205260408894196,-1.0,-1.0,65,0.0024250111923593493,0.8200268616624384,0.8200268616624384,7.461572899567229e-05,0.15766303536785553
chargeoffdate__app,object,0.853073720961461,,,,,,,2016-12-05 13:51:53.943000000,22084,0.8073407911091613,,,,
linkf030__tu,float64,0.8494319860346449,0.0,81278.0,81278.0,5076.307522532328,3131.800727739726,1381.0,300.0,7567,0.26994149543379,0.0,0.0015339611872146118,3.567351598173516e-05,0.0015339611872146118
linkf183__tu,float64,0.8420894319860347,0.0,2496.0,2496.0,678.0612466037766,792.8696894452193,619.0,2.0,2476,0.08422055171944624,0.0,0.0016667233579373449,0.00010204428722065377,0.0016667233579373449
chargeoffamount__app,float64,0.8412085403518196,-5312.41,34578.72,39891.130000000005,5144.97406664461,10128.850692213244,9876.81,30000.0,23666,0.8005276866353211,0.0016913033183371105,3.382606636674221e-05,3.382606636674221e-05,0.0
defaultamount__app,float64,0.8412085403518196,0.0,34994.63,34994.63,6319.950723229044,14738.708821499848,15429.54,30000.0,23662,0.8003923823698542,0.0,3.382606636674221e-05,3.382606636674221e-05,3.382606636674221e-05
linkd002__tu,float64,0.84042433194575,0.0,5.0,5.0,0.5192264216742093,0.14823790770473594,0.0,0.0,6,0.00020195900232252852,0.0,0.8983136423306068,0.0017503113534619139,0.8983136423306068
linkf033__tu,float64,0.8396723512823956,0.0,14318.0,14318.0,303.6317067066883,313.8322556869577,235.0,300.0,1380,0.04623270461321987,0.0,0.001273074474856779,3.350195986465208e-05,0.001273074474856779
linkf194__tu,float64,0.8348704176178326,0.0,3527.0,3527.0,680.9364532215872,832.0693491201249,665.0,11.0,2588,0.08418176495462382,0.0,0.0013011091955892398,3.2527729889730993e-05,0.0013011091955892398
linkf196__tu,float64,0.8348005908419498,0.0,9999.0,9999.0,803.071013562951,1199.7036350630772,1116.0,9999.0,2758,0.08967355963064118,0.0,0.00016256990505917544,0.0013655872024970737,0.00016256990505917544
linkf106__tu,float64,0.8308956626829596,2.0,2498.0,2496.0,687.63676413367,1444.8428993425023,1492.0,2493.0,2497,0.07931264491948035,0.0,3.176317377632373e-05,3.176317377632373e-05,0.0
defaultdate__app,object,0.8267973680676782,,,,,,,2017-09-26 00:00:00,25885,0.8027352229733921,,,,
linkf189__tu,float64,0.8222478850543843,0.0,2495.0,2495.0,547.6865685004585,573.2386305260932,415.0,1.0,2297,0.06941044933973953,0.0,0.0006950110295228598,3.0217870848819992e-05,0.0006950110295228598
vehiclepricewholesale__app,float64,0.8132026319323218,0.0,151755.0,151755.0,5480.831607110452,14462.189213627973,14025.0,0.0,6050,0.17396555194525118,0.0,0.030106104609368262,5.7509273370330964e-05,0.030106104609368262
linkd003__tu,float64,0.8103665905733852,0.0,5.0,5.0,1.1513516468910074,0.4503894632488316,0.0,0.0,6,0.00016994759949015721,0.0,0.8201954397394137,0.02996742671009772,0.8201954397394137
linkb004__tu,float64,0.8050436417349268,0.0,99999999.0,99999999.0,747313.1840857824,89300.50341635442,47390.0,0.0,16145,0.44481485563147455,0.0,0.0017908309455587394,5.5102490632576594e-05,0.0017908309455587394
linkd007__tu,float64,0.8045978246273667,0.0,409.64,409.64,11.800192253797823,1.4668135462766976,0.0,0.0,483,0.013276890513757937,0.0,0.9747656615080129,2.748838615684873e-05,0.9747656615080129
linkd009__tu,float64,0.8045978246273667,0.0,154.0,154.0,4.110390756749601,0.8981555292888754,0.0,0.0,72,0.0019791638032931086,0.0,0.8115121361224883,2.748838615684873e-05,0.8115121361224883
linkd006__tu,float64,0.8045978246273667,0.0,135.0,135.0,3.900005358490873,0.7087880370543446,0.0,0.0,74,0.002034140575606806,0.0,0.8966161796640919,2.748838615684873e-05,0.8966161796640919
linkd005__tu,float64,0.8045978246273667,0.0,128.0,128.0,3.7469194010909432,0.6593089419720168,0.0,0.0,72,0.0019791638032931086,0.0,0.9073916270375766,2.748838615684873e-05,0.9073916270375766
linkd014__tu,float64,0.8045978246273667,0.0,18486.75,18486.75,511.2970522479819,141.90444019901588,20.0,0.0,7462,0.20511833750240524,0.0,0.4125731878281426,5.497677231369746e-05,0.4125731878281426
bigmileage_odometer__app,float64,0.8007412380824493,1.0,172256.0,172255.0,22798.423923953116,39923.17459632854,40095.0,10.0,21402,0.5769199665741165,0.0,0.0002965199342264873,2.695635765695339e-05,0.0
curr_bal_amt__base,float64,0.7975668054250034,0.0,49803.0,49803.0,8850.116743776345,9635.525260029717,10456.5,0.0,12402,0.32907026109106347,0.0,0.3603003608575674,2.6533644661430695e-05,0.3603003608575674
terms_freq_cde__base,object,0.7964925473344971,,,,,,,M,1,2.6393581081081083e-05,,,,
zip5__tu,float64,0.7957889082852155,680.0,99901.0,99221.0,25549.816066601117,55091.04726584077,48504.0,20020.0,8527,0.2242825955443331,0.0,2.6302638154606906e-05,2.6302638154606906e-05,0.0
state__tu,object,0.7957781657043105,,,,,,,OH,55,0.001446569001341364,,,,
strname__tu,object,0.7957781657043105,,,,,,,Ohio,55,0.001446569001341364,,,,
vtg4__base,float64,0.7953269773062979,4.0,836.0,832.0,92.21358424524067,532.5069151030049,540.0,4.0,394,0.010339850413331584,0.0,0.019629969820233566,5.248655032148012e-05,0.0
payt_pttrn_txt__base,object,0.7945105411575131,,,,,,,1111111111111111111111111111,6839,0.17876467051781372,,,,
vehiclemodel__app,object,0.7942097488921713,,,,,,,Altima,321,0.008378357215566517,,,,
segment__tu,float64,0.7941936350208137,2.0,4.0,2.0,0.6971723033323666,3.542749765111181,4.0,4.0,3,7.829627309740057e-05,0.0,0.11893203883495146,0.6616818039461322,0.0
rtltrd__tu,float64,0.7941721498590036,-6.0,45.0,51.0,4.077504434734138,1.932098121085595,1.0,0.0,40,0.0010438413361169101,0.06722338204592902,0.06722338204592902,2.6096033402922757e-05,0.33259394572025053
creditasofdate__tu,object,0.7941721498590036,,,,,,,2019-03-31,5,0.00013048016701461377,,,,
revtrd__tu,float64,0.7941721498590036,-6.0,80.0,86.0,5.996213491694969,3.854827766179541,2.0,0.0,57,0.0014874739039665971,0.06722338204592902,0.06722338204592902,2.6096033402922757e-05,0.18687369519832986
dtmstampcreation__tu,float64,0.7941721498590036,20181001.0,20191231.0,10230.0,3851.5828368052216,20188694.016466595,20190508.0,20190302.0,454,0.011847599164926932,0.0,0.0019050104384133611,0.0014091858037578288,0.0
observationdate__tu,float64,0.7941721498590036,201810.0,201910.0,100.0,38.511207963983225,201885.80691544886,201904.0,201904.0,5,0.00013048016701461377,0.0,0.20420146137787057,0.16717118997912317,0.0
analyticsmatchkey__tu,float64,0.7941721498590036,27.0,972243.0,972216.0,278986.43651434325,481803.7960073069,481209.5,176.0,28674,0.7482776617954071,0.0,2.6096033402922757e-05,2.6096033402922757e-05,0.0
iscrhit__tu,float64,0.7941721498590036,0.0,2.0,2.0,0.4361121946079638,0.2550104384133612,0.0,0.0,3,7.828810020876826e-05,0.0,0.7450939457202506,0.00010438413361169103,0.7450939457202506
bctrd__tu,float64,0.7941721498590036,-6.0,51.0,57.0,3.44332209201962,1.780454070981211,1.0,0.0,35,0.0009133611691022964,0.06722338204592902,0.06722338204592902,2.6096033402922757e-05,0.2807672233820459
insttrd__tu,float64,0.7941721498590036,-6.0,172.0,178.0,11.221038717767344,8.734942588726513,6.0,1.0,102,0.002661795407098121,0.06722338204592902,0.06722338204592902,2.6096033402922757e-05,0.06396137787056368
nomttrd__tu,float64,0.7941721498590036,-6.0,172.0,178.0,13.876185500251497,13.255375782881002,10.0,-6.0,111,0.0028966597077244257,0.06722338204592902,0.06722338204592902,2.6096033402922757e-05,0.002244258872651357
dtmapproved__base,float64,0.7941614072780986,20181001.0,20200311.0,19310.0,3863.179137668156,20188772.750378374,20190510.0,20190427.0,479,0.012499347633213299,0.0,0.0018266270027660352,2.6094671468086216e-05,0.0
dtmstampcreation__base,float64,0.7941506646971935,20181001.0,20191231.0,10230.0,3851.601380647314,20188693.94254253,20190508.0,20190302.0,454,0.011846362592631249,0.0,0.0019048116063041436,0.0014090387224715583,0.0
observationdate__base,float64,0.7941506646971935,201810.0,201910.0,100.0,38.51141355963248,201885.80620498903,201904.0,201904.0,5,0.00013046654837699614,0.0,0.20420624151967434,0.16715374178060746,0.0
analyticsmatchkey__base,float64,0.7941506646971935,27.0,972243.0,972216.0,278982.86255090265,481780.60661726334,481187.5,176.0,28677,0.7482778415614236,0.0,2.6093309675399228e-05,2.6093309675399228e-05,0.0
decision_dte__base,object,0.7941506646971935,,,,,,,2019-03-02,454,0.011846362592631249,,,,
booked__base,float64,0.7941506646971935,1.0,1.0,0.0,0.0,1.0,1.0,1.0,1,2.6093309675399228e-05,0.0,1.0,1.0,0.0
acct_typ_cde__base,object,0.7941506646971935,,,,,,,AU,1,2.6093309675399228e-05,,,,
open_dte__base,object,0.7941506646971935,,,,,,,2019-06-01,498,0.012994468218348815,,,,
acct_rte_prfl_cde__base,object,0.7941506646971935,,,,,,,1,10,0.0002609330967539923,,,,
obs_arch__base,object,0.7941506646971935,,,,,,,2019-03-31,5,0.00013046654837699614,,,,
performance__base,object,0.7941506646971935,,,,,,,Current,6,0.00015655985805239537,,,,
score_epd__tu,float64,0.7741426077615147,443.0,820.0,377.0,46.17225852831326,581.6536659611405,579.0,579.0,331,0.007871768650859711,0.0,2.3781778401388856e-05,2.3781778401388856e-05,0.0
linkf060__tu,float64,0.7700872834698537,0.0,15264.0,15264.0,146.60014671039977,12.811115783571628,0.0,0.0,421,0.009835529389776656,0.0,0.9810064479955144,2.3362302588543127e-05,0.9810064479955144
score_newaccount__tu,float64,0.7689163421512019,419.0,786.0,367.0,35.21561546386382,568.6887638882432,567.0,550.0,277,0.006438566314908651,0.0,4.648784342894333e-05,4.648784342894333e-05,0.0
score_bankcard__tu,float64,0.7644366859137908,0.0,7.0,7.0,1.6894873435011026,0.6171333454943452,0.0,0.0,8,0.00018241517694272163,0.0,0.8786026997446188,0.005244436337103247,0.8786026997446188
scr_link_b_2__tu,float64,0.7644366859137908,432.0,742.0,310.0,38.698112778596055,568.5273622765415,566.0,570.0,277,0.0063161255016417365,0.0,2.2801897117840204e-05,4.560379423568041e-05,0.0
scr_alt_b_2__tu,float64,0.7644366859137908,471.0,709.0,238.0,34.70081288202086,585.4063070047428,584.0,589.0,210,0.004788398394746443,0.0,2.2801897117840204e-05,0.00025082086829624227,0.0
scr_link_a_2__tu,float64,0.7644259433328857,433.0,752.0,319.0,39.02914299586958,568.4358383875234,566.0,577.0,275,0.006270235760864608,0.0,2.280085731223494e-05,4.560171462446988e-05,0.0
scr_alt_a_2__tu,float64,0.7644259433328857,469.0,712.0,243.0,35.46750263923326,584.2878608235669,583.0,603.0,219,0.004993387751379452,0.0,2.280085731223494e-05,0.00011400428656117471,0.0
rl934b__tu,float64,0.7643990868806231,-4.0,0.0,4.0,0.8704566902125653,-1.4722659188837972,-1.0,-1.0,5,0.00011399129106536261,0.9998404121925085,0.041196452591022045,0.00015958780749150765,0.00015958780749150765
mt935s__tu,float64,0.7643990868806231,-4.0,0.0,4.0,0.8648993729828847,-1.4598408681576727,-1.0,-1.0,5,0.00011399129106536261,0.9998404121925085,0.041196452591022045,0.00015958780749150765,0.00015958780749150765
rl920b__tu,float64,0.7643990868806231,-4.0,0.0,4.0,0.8704566902125653,-1.4722659188837972,-1.0,-1.0,5,0.00011399129106536261,0.9998404121925085,0.041196452591022045,0.00015958780749150765,0.00015958780749150765
rl920c__tu,float64,0.7643990868806231,-4.0,0.0,4.0,0.8704566902125653,-1.4722659188837972,-1.0,-1.0,5,0.00011399129106536261,0.9998404121925085,0.041196452591022045,0.00015958780749150765,0.00015958780749150765
au921s__tu,float64,0.7643990868806231,-4.0,0.0,4.0,0.825243133435951,-2.6647516129767688,-3.0,-3.0,5,0.00011399129106536261,0.9998404121925085,0.041196452591022045,0.00015958780749150765,0.00015958780749150765
at999b__tu,float64,0.7643990868806231,-4.0,0.0,4.0,0.53198231061346,-2.2756081435378337,-2.0,-2.0,4,9.119303285229008e-05,0.9998404121925085,0.041196452591022045,0.00015958780749150765,0.00015958780749150765
rl920d__tu,float64,0.7643990868806231,-4.0,0.0,4.0,0.8704566902125653,-1.4722659188837972,-1.0,-1.0,5,0.00011399129106536261,0.9998404121925085,0.041196452591022045,0.00015958780749150765,0.00015958780749150765
rl920s__tu,float64,0.7643990868806231,-4.0,0.0,4.0,0.8704566902125653,-1.4722659188837972,-1.0,-1.0,5,0.00011399129106536261,0.9998404121925085,0.041196452591022045,0.00015958780749150765,0.00015958780749150765
rl922b__tu,float64,0.7643990868806231,-4.0,999.0,1003.0,12.667839266521504,-1.3128376991997812,-1.0,-1.0,5,0.00011399129106536261,0.9998404121925085,0.041196452591022045,0.00015958780749150765,0.0
rl922c__tu,float64,0.7643990868806231,-4.0,999.0,1003.0,12.667839266521504,-1.3128376991997812,-1.0,-1.0,5,0.00011399129106536261,0.9998404121925085,0.041196452591022045,0.00015958780749150765,0.0
rl922d__tu,float64,0.7643990868806231,-4.0,999.0,1003.0,12.667839266521504,-1.3128376991997812,-1.0,-1.0,5,0.00011399129106536261,0.9998404121925085,0.041196452591022045,0.00015958780749150765,0.0
rl922s__tu,float64,0.7643990868806231,-4.0,999.0,1003.0,12.667839266521504,-1.3128376991997812,-1.0,-1.0,5,0.00011399129106536261,0.9998404121925085,0.041196452591022045,0.00015958780749150765,0.0
mt999s__tu,float64,0.7643990868806231,-4.0,0.0,4.0,0.8648993729828847,-1.4598408681576727,-1.0,-1.0,5,0.00011399129106536261,0.9998404121925085,0.041196452591022045,0.00015958780749150765,0.00015958780749150765
rl934c__tu,float64,0.7643990868806231,-4.0,0.0,4.0,0.8704566902125653,-1.4722659188837972,-1.0,-1.0,5,0.00011399129106536261,0.9998404121925085,0.041196452591022045,0.00015958780749150765,0.00015958780749150765
rl934d__tu,float64,0.7643990868806231,-4.0,0.0,4.0,0.8704566902125653,-1.4722659188837972,-1.0,-1.0,5,0.00011399129106536261,0.9998404121925085,0.041196452591022045,0.00015958780749150765,0.00015958780749150765
rl934s__tu,float64,0.7643990868806231,-4.0,0.0,4.0,0.8704566902125653,-1.4722659188837972,-1.0,-1.0,5,0.00011399129106536261,0.9998404121925085,0.041196452591022045,0.00015958780749150765,0.00015958780749150765
rl935b__tu,float64,0.7643990868806231,-4.0,0.0,4.0,0.8704566902125653,-1.4722659188837972,-1.0,-1.0,5,0.00011399129106536261,0.9998404121925085,0.041196452591022045,0.00015958780749150765,0.00015958780749150765
rl935c__tu,float64,0.7643990868806231,-4.0,0.0,4.0,0.8704566902125653,-1.4722659188837972,-1.0,-1.0,5,0.00011399129106536261,0.9998404121925085,0.041196452591022045,0.00015958780749150765,0.00015958780749150765
rl935d__tu,float64,0.7643990868806231,-4.0,0.0,4.0,0.8704566902125653,-1.4722659188837972,-1.0,-1.0,5,0.00011399129106536261,0.9998404121925085,0.041196452591022045,0.00015958780749150765,0.00015958780749150765
rl935s__tu,float64,0.7643990868806231,-4.0,0.0,4.0,0.8704566902125653,-1.4722659188837972,-1.0,-1.0,5,0.00011399129106536261,0.9998404121925085,0.041196452591022045,0.00015958780749150765,0.00015958780749150765
mt935d__tu,float64,0.7643990868806231,-4.0,0.0,4.0,0.8648993729828847,-1.4598408681576727,-1.0,-1.0,5,0.00011399129106536261,0.9998404121925085,0.041196452591022045,0.00015958780749150765,0.00015958780749150765
rt920c__tu,float64,0.7643990868806231,-4.0,0.0,4.0,0.930540597401277,-2.136196794564895,-2.0,-3.0,5,0.00011399129106536261,0.9998404121925085,0.041196452591022045,0.00015958780749150765,0.00015958780749150765
rt920d__tu,float64,0.7643990868806231,-4.0,0.0,4.0,0.930540597401277,-2.136196794564895,-2.0,-3.0,5,0.00011399129106536261,0.9998404121925085,0.041196452591022045,0.00015958780749150765,0.00015958780749150765
rt920s__tu,float64,0.7643990868806231,-4.0,0.0,4.0,0.930540597401277,-2.136196794564895,-2.0,-3.0,5,0.00011399129106536261,0.9998404121925085,0.041196452591022045,0.00015958780749150765,0.00015958780749150765
rt922b__tu,float64,0.7643990868806231,-4.0,999.0,1003.0,12.68046001128254,-1.9767685748808792,-2.0,-3.0,5,0.00011399129106536261,0.9998404121925085,0.041196452591022045,0.00015958780749150765,0.0
rt920b__tu,float64,0.7643990868806231,-4.0,0.0,4.0,0.930540597401277,-2.136196794564895,-2.0,-3.0,5,0.00011399129106536261,0.9998404121925085,0.041196452591022045,0.00015958780749150765,0.00015958780749150765
mt922d__tu,float64,0.7643990868806231,-4.0,999.0,1003.0,12.667302232934562,-1.3004126484736567,-1.0,-1.0,5,0.00011399129106536261,0.9998404121925085,0.041196452591022045,0.00015958780749150765,0.0
mt935c__tu,float64,0.7643990868806231,-4.0,0.0,4.0,0.8648993729828847,-1.4598408681576727,-1.0,-1.0,5,0.00011399129106536261,0.9998404121925085,0.041196452591022045,0.00015958780749150765,0.00015958780749150765
mt935b__tu,float64,0.7643990868806231,-4.0,0.0,4.0,0.8648993729828847,-1.4598408681576727,-1.0,-1.0,5,0.00011399129106536261,0.9998404121925085,0.041196452591022045,0.00015958780749150765,0.00015958780749150765
he922b__tu,float64,0.7643990868806231,-4.0,999.0,1003.0,12.652983294038265,-1.0370243713380298,-1.0,-1.0,5,0.00011399129106536261,0.9998404121925085,0.041196452591022045,0.00015958780749150765,0.0
he922c__tu,float64,0.7643990868806231,-4.0,999.0,1003.0,12.652983294038265,-1.0370243713380298,-1.0,-1.0,5,0.00011399129106536261,0.9998404121925085,0.041196452591022045,0.00015958780749150765,0.0
he922d__tu,float64,0.7643990868806231,-4.0,999.0,1003.0,12.652983294038265,-1.0370243713380298,-1.0,-1.0,5,0.00011399129106536261,0.9998404121925085,0.041196452591022045,0.00015958780749150765,0.0
he922s__tu,float64,0.7643990868806231,-4.0,999.0,1003.0,12.652983294038265,-1.0370243713380298,-1.0,-1.0,5,0.00011399129106536261,0.9998404121925085,0.041196452591022045,0.00015958780749150765,0.0
he934b__tu,float64,0.7643990868806231,-4.0,0.0,4.0,0.6851833820227129,-1.1964525910220458,-1.0,-1.0,5,0.00011399129106536261,0.9998404121925085,0.041196452591022045,0.00015958780749150765,0.00015958780749150765
he934c__tu,float64,0.7643990868806231,-4.0,0.0,4.0,0.6851833820227129,-1.1964525910220458,-1.0,-1.0,5,0.00011399129106536261,0.9998404121925085,0.041196452591022045,0.00015958780749150765,0.00015958780749150765
he934d__tu,float64,0.7643990868806231,-4.0,0.0,4.0,0.6851833820227129,-1.1964525910220458,-1.0,-1.0,5,0.00011399129106536261,0.9998404121925085,0.041196452591022045,0.00015958780749150765,0.00015958780749150765
he934s__tu,float64,0.7643990868806231,-4.0,0.0,4.0,0.6851833820227129,-1.1964525910220458,-1.0,-1.0,5,0.00011399129106536261,0.9998404121925085,0.041196452591022045,0.00015958780749150765,0.00015958780749150765
he935b__tu,float64,0.7643990868806231,-4.0,0.0,4.0,0.6851833820227129,-1.1964525910220458,-1.0,-1.0,5,0.00011399129106536261,0.9998404121925085,0.041196452591022045,0.00015958780749150765,0.00015958780749150765
he935c__tu,float64,0.7643990868806231,-4.0,0.0,4.0,0.6851833820227129,-1.1964525910220458,-1.0,-1.0,5,0.00011399129106536261,0.9998404121925085,0.041196452591022045,0.00015958780749150765,0.00015958780749150765
he935d__tu,float64,0.7643990868806231,-4.0,0.0,4.0,0.6851833820227129,-1.1964525910220458,-1.0,-1.0,5,0.00011399129106536261,0.9998404121925085,0.041196452591022045,0.00015958780749150765,0.00015958780749150765
he935s__tu,float64,0.7643990868806231,-4.0,0.0,4.0,0.6851833820227129,-1.1964525910220458,-1.0,-1.0,5,0.00011399129106536261,0.9998404121925085,0.041196452591022045,0.00015958780749150765,0.00015958780749150765
mt920b__tu,float64,0.7643990868806231,-4.0,0.0,4.0,0.8648993729828847,-1.4598408681576727,-1.0,-1.0,5,0.00011399129106536261,0.9998404121925085,0.041196452591022045,0.00015958780749150765,0.00015958780749150765
mt920c__tu,float64,0.7643990868806231,-4.0,0.0,4.0,0.8648993729828847,-1.4598408681576727,-1.0,-1.0,5,0.00011399129106536261,0.9998404121925085,0.041196452591022045,0.00015958780749150765,0.00015958780749150765
mt920d__tu,float64,0.7643990868806231,-4.0,0.0,4.0,0.8648993729828847,-1.4598408681576727,-1.0,-1.0,5,0.00011399129106536261,0.9998404121925085,0.041196452591022045,0.00015958780749150765,0.00015958780749150765
mt922b__tu,float64,0.7643990868806231,-4.0,999.0,1003.0,12.667302232934562,-1.3004126484736567,-1.0,-1.0,5,0.00011399129106536261,0.9998404121925085,0.041196452591022045,0.00015958780749150765,0.0
mt922c__tu,float64,0.7643990868806231,-4.0,999.0,1003.0,12.667302232934562,-1.3004126484736567,-1.0,-1.0,5,0.00011399129106536261,0.9998404121925085,0.041196452591022045,0.00015958780749150765,0.0
rt922d__tu,float64,0.7643990868806231,-4.0,999.0,1003.0,12.68046001128254,-1.9767685748808792,-2.0,-3.0,5,0.00011399129106536261,0.9998404121925085,0.041196452591022045,0.00015958780749150765,0.0
mt922s__tu,float64,0.7643990868806231,-4.0,999.0,1003.0,12.667302232934562,-1.3004126484736567,-1.0,-1.0,5,0.00011399129106536261,0.9998404121925085,0.041196452591022045,0.00015958780749150765,0.0
mt934b__tu,float64,0.7643990868806231,-4.0,0.0,4.0,0.8648993729828847,-1.4598408681576727,-1.0,-1.0,5,0.00011399129106536261,0.9998404121925085,0.041196452591022045,0.00015958780749150765,0.00015958780749150765
mt934c__tu,float64,0.7643990868806231,-4.0,0.0,4.0,0.8648993729828847,-1.4598408681576727,-1.0,-1.0,5,0.00011399129106536261,0.9998404121925085,0.041196452591022045,0.00015958780749150765,0.00015958780749150765
mt934d__tu,float64,0.7643990868806231,-4.0,0.0,4.0,0.8648993729828847,-1.4598408681576727,-1.0,-1.0,5,0.00011399129106536261,0.9998404121925085,0.041196452591022045,0.00015958780749150765,0.00015958780749150765
mt934s__tu,float64,0.7643990868806231,-4.0,0.0,4.0,0.8648993729828847,-1.4598408681576727,-1.0,-1.0,5,0.00011399129106536261,0.9998404121925085,0.041196452591022045,0.00015958780749150765,0.00015958780749150765
rt922c__tu,float64,0.7643990868806231,-4.0,999.0,1003.0,12.68046001128254,-1.9767685748808792,-2.0,-3.0,5,0.00011399129106536261,0.9998404121925085,0.041196452591022045,0.00015958780749150765,0.0
rt935d__tu,float64,0.7643990868806231,-4.0,0.0,4.0,0.930540597401277,-2.136196794564895,-2.0,-3.0,5,0.00011399129106536261,0.9998404121925085,0.041196452591022045,0.00015958780749150765,0.00015958780749150765
rt922s__tu,float64,0.7643990868806231,-4.0,999.0,1003.0,12.68046001128254,-1.9767685748808792,-2.0,-3.0,5,0.00011399129106536261,0.9998404121925085,0.041196452591022045,0.00015958780749150765,0.0
au900c__tu,float64,0.7643990868806231,-4.0,0.0,4.0,0.808717425899832,-2.2673095775482754,-2.0,-2.0,5,0.00011399129106536261,0.9998404121925085,0.041196452591022045,0.00015958780749150765,0.00015958780749150765
us900s__tu,float64,0.7643990868806231,-4.0,0.0,4.0,0.9754636973291648,-1.756674190091877,-1.0,-1.0,5,0.00011399129106536261,0.9998404121925085,0.041196452591022045,0.00015958780749150765,0.00015958780749150765
rl933c__tu,float64,0.7643990868806231,-4.0,0.0,4.0,0.9644442282139536,-1.559902423454848,-1.0,-1.0,5,0.00011399129106536261,0.9998404121925085,0.041196452591022045,0.00015958780749150765,0.00015958780749150765
rl933b__tu,float64,0.7643990868806231,-4.0,0.0,4.0,0.9643775537626832,-1.5598340286802088,-1.0,-1.0,5,0.00011399129106536261,0.9998404121925085,0.041196452591022045,0.00015958780749150765,0.00015958780749150765
rl933s__tu,float64,0.7643990868806231,-4.0,0.0,4.0,0.9640440395519864,-1.5594920548070128,-1.0,-1.0,5,0.00011399129106536261,0.9998404121925085,0.041196452591022045,0.00015958780749150765,0.00015958780749150765
rl900c__tu,float64,0.7643990868806231,-4.0,0.0,4.0,0.8704566902125653,-1.4722659188837972,-1.0,-1.0,5,0.00011399129106536261,0.9998404121925085,0.041196452591022045,0.00015958780749150765,0.00015958780749150765
rl900b__tu,float64,0.7643990868806231,-4.0,0.0,4.0,0.8704566902125653,-1.4722659188837972,-1.0,-1.0,5,0.00011399129106536261,0.9998404121925085,0.041196452591022045,0.00015958780749150765,0.00015958780749150765
rl900s__tu,float64,0.7643990868806231,-4.0,0.0,4.0,0.8704566902125653,-1.4722659188837972,-1.0,-1.0,5,0.00011399129106536261,0.9998404121925085,0.041196452591022045,0.00015958780749150765,0.00015958780749150765
bc999s__tu,float64,0.7643990868806231,-4.0,0.0,4.0,0.8991150543687522,-2.107151813601441,-2.0,-3.0,5,0.00011399129106536261,0.9998404121925085,0.041196452591022045,0.00015958780749150765,0.00015958780749150765
bc900c__tu,float64,0.7643990868806231,-4.0,0.0,4.0,0.8991150543687522,-2.107151813601441,-2.0,-3.0,5,0.00011399129106536261,0.9998404121925085,0.041196452591022045,0.00015958780749150765,0.00015958780749150765
bc900b__tu,float64,0.7643990868806231,-4.0,0.0,4.0,0.8991150543687522,-2.107151813601441,-2.0,-3.0,5,0.00011399129106536261,0.9998404121925085,0.041196452591022045,0.00015958780749150765,0.00015958780749150765
bc900s__tu,float64,0.7643990868806231,-4.0,0.0,4.0,0.8991150543687522,-2.107151813601441,-2.0,-3.0,5,0.00011399129106536261,0.9998404121925085,0.041196452591022045,0.00015958780749150765,0.00015958780749150765
au900b__tu,float64,0.7643990868806231,-4.0,0.0,4.0,0.808717425899832,-2.2673095775482754,-2.0,-2.0,5,0.00011399129106536261,0.9998404121925085,0.041196452591022045,0.00015958780749150765,0.00015958780749150765
rt934b__tu,float64,0.7643990868806231,-4.0,0.0,4.0,0.930540597401277,-2.136196794564895,-2.0,-3.0,5,0.00011399129106536261,0.9998404121925085,0.041196452591022045,0.00015958780749150765,0.00015958780749150765
au900s__tu,float64,0.7643990868806231,-4.0,0.0,4.0,0.808717425899832,-2.2673095775482754,-2.0,-2.0,5,0.00011399129106536261,0.9998404121925085,0.041196452591022045,0.00015958780749150765,0.00015958780749150765
at933c__tu,float64,0.7643990868806231,-4.0,0.0,4.0,0.20496428215260507,-3.0397601623235984,-3.0,-3.0,4,9.119303285229008e-05,0.9998404121925085,0.041196452591022045,0.00015958780749150765,0.00015958780749150765
at933b__tu,float64,0.7643990868806231,-4.0,0.0,4.0,0.2534499577715054,-3.0187629665093585,-3.0,-3.0,4,9.119303285229008e-05,0.9998404121925085,0.041196452591022045,0.00015958780749150765,0.00015958780749150765
at933s__tu,float64,0.7643990868806231,-4.0,0.0,4.0,0.21358148701419408,-3.0364088183662767,-3.0,-3.0,4,9.119303285229008e-05,0.9998404121925085,0.041196452591022045,0.00015958780749150765,0.00015958780749150765
at921c__tu,float64,0.7643990868806231,-4.0,0.0,4.0,0.20496428215260507,-3.0397601623235984,-3.0,-3.0,4,9.119303285229008e-05,0.9998404121925085,0.041196452591022045,0.00015958780749150765,0.00015958780749150765
at921b__tu,float64,0.7643990868806231,-4.0,0.0,4.0,0.2534499577715054,-3.0187629665093585,-3.0,-3.0,4,9.119303285229008e-05,0.9998404121925085,0.041196452591022045,0.00015958780749150765,0.00015958780749150765
at921s__tu,float64,0.7643990868806231,-4.0,0.0,4.0,0.21358148701419408,-3.0364088183662767,-3.0,-3.0,4,9.119303285229008e-05,0.9998404121925085,0.041196452591022045,0.00015958780749150765,0.00015958780749150765
at900c__tu,float64,0.7643990868806231,-4.0,0.0,4.0,0.53198231061346,-2.2756081435378337,-2.0,-2.0,4,9.119303285229008e-05,0.9998404121925085,0.041196452591022045,0.00015958780749150765,0.00015958780749150765
at900b__tu,float64,0.7643990868806231,-4.0,0.0,4.0,0.53198231061346,-2.2756081435378337,-2.0,-2.0,4,9.119303285229008e-05,0.9998404121925085,0.041196452591022045,0.00015958780749150765,0.00015958780749150765
at900s__tu,float64,0.7643990868806231,-4.0,0.0,4.0,0.53198231061346,-2.2756081435378337,-2.0,-2.0,4,9.119303285229008e-05,0.9998404121925085,0.041196452591022045,0.00015958780749150765,0.00015958780749150765
score_cvauto__tu,float64,0.7643990868806231,0.0,806.0,806.0,119.29870163399183,552.4750473063858,573.0,0.0,243,0.005539976745776623,0.0,0.041378838656726626,4.559651642614504e-05,0.041378838656726626
us900b__tu,float64,0.7643990868806231,-4.0,0.0,4.0,0.9754636973291648,-1.756674190091877,-1.0,-1.0,5,0.00011399129106536261,0.9998404121925085,0.041196452591022045,0.00015958780749150765,0.00015958780749150765
finscore__tu,float64,0.7643990868806231,1.0,839.0,838.0,80.61656748312336,528.5069192713677,533.0,4.0,400,0.00911930328522901,0.0,0.00015958780749150765,4.559651642614504e-05,0.0
us900c__tu,float64,0.7643990868806231,-4.0,0.0,4.0,0.9754636973291648,-1.756674190091877,-1.0,-1.0,5,0.00011399129106536261,0.9998404121925085,0.041196452591022045,0.00015958780749150765,0.00015958780749150765
us935s__tu,float64,0.7643990868806231,-4.0,0.0,4.0,0.9754636973291648,-1.756674190091877,-1.0,-1.0,5,0.00011399129106536261,0.9998404121925085,0.041196452591022045,0.00015958780749150765,0.00015958780749150765
rt934c__tu,float64,0.7643990868806231,-4.0,0.0,4.0,0.930540597401277,-2.136196794564895,-2.0,-3.0,5,0.00011399129106536261,0.9998404121925085,0.041196452591022045,0.00015958780749150765,0.00015958780749150765
at999s__tu,float64,0.7643990868806231,-4.0,0.0,4.0,0.53198231061346,-2.2756081435378337,-2.0,-2.0,4,9.119303285229008e-05,0.9998404121925085,0.041196452591022045,0.00015958780749150765,0.00015958780749150765
rt934d__tu,float64,0.7643990868806231,-4.0,0.0,4.0,0.930540597401277,-2.136196794564895,-2.0,-3.0,5,0.00011399129106536261,0.9998404121925085,0.041196452591022045,0.00015958780749150765,0.00015958780749150765
rt934s__tu,float64,0.7643990868806231,-4.0,0.0,4.0,0.930540597401277,-2.136196794564895,-2.0,-3.0,5,0.00011399129106536261,0.9998404121925085,0.041196452591022045,0.00015958780749150765,0.00015958780749150765
rt935b__tu,float64,0.7643990868806231,-4.0,0.0,4.0,0.930540597401277,-2.136196794564895,-2.0,-3.0,5,0.00011399129106536261,0.9998404121925085,0.041196452591022045,0.00015958780749150765,0.00015958780749150765
rt935c__tu,float64,0.7643990868806231,-4.0,0.0,4.0,0.930540597401277,-2.136196794564895,-2.0,-3.0,5,0.00011399129106536261,0.9998404121925085,0.041196452591022045,0.00015958780749150765,0.00015958780749150765
mt999b__tu,float64,0.7643990868806231,-4.0,0.0,4.0,0.8648993729828847,-1.4598408681576727,-1.0,-1.0,5,0.00011399129106536261,0.9998404121925085,0.041196452591022045,0.00015958780749150765,0.00015958780749150765
rt935s__tu,float64,0.7643990868806231,-4.0,0.0,4.0,0.930540597401277,-2.136196794564895,-2.0,-3.0,5,0.00011399129106536261,0.9998404121925085,0.041196452591022045,0.00015958780749150765,0.00015958780749150765
us920b__tu,float64,0.7643990868806231,-4.0,0.0,4.0,0.9754636973291648,-1.756674190091877,-1.0,-1.0,5,0.00011399129106536261,0.9998404121925085,0.041196452591022045,0.00015958780749150765,0.00015958780749150765
us920c__tu,float64,0.7643990868806231,-4.0,0.0,4.0,0.9754636973291648,-1.756674190091877,-1.0,-1.0,5,0.00011399129106536261,0.9998404121925085,0.041196452591022045,0.00015958780749150765,0.00015958780749150765
us920d__tu,float64,0.7643990868806231,-4.0,0.0,4.0,0.9754636973291648,-1.756674190091877,-1.0,-1.0,5,0.00011399129106536261,0.9998404121925085,0.041196452591022045,0.00015958780749150765,0.00015958780749150765
us920s__tu,float64,0.7643990868806231,-4.0,0.0,4.0,0.9754636973291648,-1.756674190091877,-1.0,-1.0,5,0.00011399129106536261,0.9998404121925085,0.041196452591022045,0.00015958780749150765,0.00015958780749150765
us922b__tu,float64,0.7643990868806231,-4.0,999.0,1003.0,12.679064387165722,-1.5972459704078608,-1.0,-1.0,5,0.00011399129106536261,0.9998404121925085,0.041196452591022045,0.00015958780749150765,0.0
us922c__tu,float64,0.7643990868806231,-4.0,999.0,1003.0,12.679064387165722,-1.5972459704078608,-1.0,-1.0,5,0.00011399129106536261,0.9998404121925085,0.041196452591022045,0.00015958780749150765,0.0
us922d__tu,float64,0.7643990868806231,-4.0,999.0,1003.0,12.679064387165722,-1.5972459704078608,-1.0,-1.0,5,0.00011399129106536261,0.9998404121925085,0.041196452591022045,0.00015958780749150765,0.0
us922s__tu,float64,0.7643990868806231,-4.0,999.0,1003.0,12.679064387165722,-1.5972459704078608,-1.0,-1.0,5,0.00011399129106536261,0.9998404121925085,0.041196452591022045,0.00015958780749150765,0.0
us934b__tu,float64,0.7643990868806231,-4.0,0.0,4.0,0.9754636973291648,-1.756674190091877,-1.0,-1.0,5,0.00011399129106536261,0.9998404121925085,0.041196452591022045,0.00015958780749150765,0.00015958780749150765
us934c__tu,float64,0.7643990868806231,-4.0,0.0,4.0,0.9754636973291648,-1.756674190091877,-1.0,-1.0,5,0.00011399129106536261,0.9998404121925085,0.041196452591022045,0.00015958780749150765,0.00015958780749150765
us934d__tu,float64,0.7643990868806231,-4.0,0.0,4.0,0.9754636973291648,-1.756674190091877,-1.0,-1.0,5,0.00011399129106536261,0.9998404121925085,0.041196452591022045,0.00015958780749150765,0.00015958780749150765
us934s__tu,float64,0.7643990868806231,-4.0,0.0,4.0,0.9754636973291648,-1.756674190091877,-1.0,-1.0,5,0.00011399129106536261,0.9998404121925085,0.041196452591022045,0.00015958780749150765,0.00015958780749150765
us935b__tu,float64,0.7643990868806231,-4.0,0.0,4.0,0.9754636973291648,-1.756674190091877,-1.0,-1.0,5,0.00011399129106536261,0.9998404121925085,0.041196452591022045,0.00015958780749150765,0.00015958780749150765
us935c__tu,float64,0.7643990868806231,-4.0,0.0,4.0,0.9754636973291648,-1.756674190091877,-1.0,-1.0,5,0.00011399129106536261,0.9998404121925085,0.041196452591022045,0.00015958780749150765,0.00015958780749150765
us935d__tu,float64,0.7643990868806231,-4.0,0.0,4.0,0.9754636973291648,-1.756674190091877,-1.0,-1.0,5,0.00011399129106536261,0.9998404121925085,0.041196452591022045,0.00015958780749150765,0.00015958780749150765
au921b__tu,float64,0.7643990868806231,-4.0,0.0,4.0,0.8250101523859158,-2.665914324145635,-3.0,-3.0,4,9.119303285229008e-05,0.9998404121925085,0.041196452591022045,0.00015958780749150765,0.00015958780749150765
he920s__tu,float64,0.7643990868806231,-4.0,0.0,4.0,0.6851833820227129,-1.1964525910220458,-1.0,-1.0,5,0.00011399129106536261,0.9998404121925085,0.041196452591022045,0.00015958780749150765,0.00015958780749150765
he920d__tu,float64,0.7643990868806231,-4.0,0.0,4.0,0.6851833820227129,-1.1964525910220458,-1.0,-1.0,5,0.00011399129106536261,0.9998404121925085,0.041196452591022045,0.00015958780749150765,0.00015958780749150765
at935d__tu,float64,0.7643990868806231,-4.0,0.0,4.0,0.53198231061346,-2.2756081435378337,-2.0,-2.0,4,9.119303285229008e-05,0.9998404121925085,0.041196452591022045,0.00015958780749150765,0.00015958780749150765
at922c__tu,float64,0.7643990868806231,-4.0,999.0,1003.0,12.661632202023888,-2.156464446116317,-2.0,-2.0,5,0.00011399129106536261,0.9998404121925085,0.041196452591022045,0.00015958780749150765,0.0
at922d__tu,float64,0.7643990868806231,-4.0,999.0,1003.0,12.659210824252622,-2.1161799238538177,-2.0,-2.0,4,9.119303285229008e-05,0.9998404121925085,0.041196452591022045,0.00015958780749150765,0.0
at922e__tu,float64,0.7643990868806231,-4.0,999.0,1003.0,12.659210824252622,-2.1161799238538177,-2.0,-2.0,4,9.119303285229008e-05,0.9998404121925085,0.041196452591022045,0.00015958780749150765,0.0
at922f__tu,float64,0.7643990868806231,-4.0,999.0,1003.0,12.661632202023888,-2.156464446116317,-2.0,-2.0,5,0.00011399129106536261,0.9998404121925085,0.041196452591022045,0.00015958780749150765,0.0
at922s__tu,float64,0.7643990868806231,-4.0,999.0,1003.0,12.659210824252622,-2.1161799238538177,-2.0,-2.0,4,9.119303285229008e-05,0.9998404121925085,0.041196452591022045,0.00015958780749150765,0.0
at934b__tu,float64,0.7643990868806231,-4.0,0.0,4.0,0.53198231061346,-2.2756081435378337,-2.0,-2.0,4,9.119303285229008e-05,0.9998404121925085,0.041196452591022045,0.00015958780749150765,0.00015958780749150765
at934c__tu,float64,0.7643990868806231,-4.0,0.0,4.0,0.5757353845463475,-2.315892665800333,-2.0,-2.0,5,0.00011399129106536261,0.9998404121925085,0.041196452591022045,0.00015958780749150765,0.00015958780749150765
at934d__tu,float64,0.7643990868806231,-4.0,0.0,4.0,0.53198231061346,-2.2756081435378337,-2.0,-2.0,4,9.119303285229008e-05,0.9998404121925085,0.041196452591022045,0.00015958780749150765,0.00015958780749150765
at934e__tu,float64,0.7643990868806231,-4.0,0.0,4.0,0.53198231061346,-2.2756081435378337,-2.0,-2.0,4,9.119303285229008e-05,0.9998404121925085,0.041196452591022045,0.00015958780749150765,0.00015958780749150765
at934f__tu,float64,0.7643990868806231,-4.0,0.0,4.0,0.5757353845463475,-2.315892665800333,-2.0,-2.0,5,0.00011399129106536261,0.9998404121925085,0.041196452591022045,0.00015958780749150765,0.00015958780749150765
at934s__tu,float64,0.7643990868806231,-4.0,0.0,4.0,0.53198231061346,-2.2756081435378337,-2.0,-2.0,4,9.119303285229008e-05,0.9998404121925085,0.041196452591022045,0.00015958780749150765,0.00015958780749150765
at935b__tu,float64,0.7643990868806231,-4.0,0.0,4.0,0.53198231061346,-2.2756081435378337,-2.0,-2.0,4,9.119303285229008e-05,0.9998404121925085,0.041196452591022045,0.00015958780749150765,0.00015958780749150765
at935c__tu,float64,0.7643990868806231,-4.0,0.0,4.0,0.5757353845463475,-2.315892665800333,-2.0,-2.0,5,0.00011399129106536261,0.9998404121925085,0.041196452591022045,0.00015958780749150765,0.00015958780749150765
at935e__tu,float64,0.7643990868806231,-4.0,0.0,4.0,0.53198231061346,-2.2756081435378337,-2.0,-2.0,4,9.119303285229008e-05,0.9998404121925085,0.041196452591022045,0.00015958780749150765,0.00015958780749150765
he920c__tu,float64,0.7643990868806231,-4.0,0.0,4.0,0.6851833820227129,-1.1964525910220458,-1.0,-1.0,5,0.00011399129106536261,0.9998404121925085,0.041196452591022045,0.00015958780749150765,0.00015958780749150765
mt933c__tu,float64,0.7643990868806231,-4.0,0.0,4.0,0.9569802652427811,-1.543875247931058,-1.0,-1.0,5,0.00011399129106536261,0.9998404121925085,0.041196452591022045,0.00015958780749150765,0.00015958780749150765
at935s__tu,float64,0.7643990868806231,-4.0,0.0,4.0,0.53198231061346,-2.2756081435378337,-2.0,-2.0,4,9.119303285229008e-05,0.9998404121925085,0.041196452591022045,0.00015958780749150765,0.00015958780749150765
at999c__tu,float64,0.7643990868806231,-4.0,0.0,4.0,0.5757353845463475,-2.315892665800333,-2.0,-2.0,5,0.00011399129106536261,0.9998404121925085,0.041196452591022045,0.00015958780749150765,0.00015958780749150765
au920b__tu,float64,0.7643990868806231,-4.0,0.0,4.0,0.808717425899832,-2.2673095775482754,-2.0,-2.0,5,0.00011399129106536261,0.9998404121925085,0.041196452591022045,0.00015958780749150765,0.00015958780749150765
au920c__tu,float64,0.7643990868806231,-4.0,0.0,4.0,0.808717425899832,-2.2673095775482754,-2.0,-2.0,5,0.00011399129106536261,0.9998404121925085,0.041196452591022045,0.00015958780749150765,0.00015958780749150765
au920d__tu,float64,0.7643990868806231,-4.0,0.0,4.0,0.808717425899832,-2.2673095775482754,-2.0,-2.0,5,0.00011399129106536261,0.9998404121925085,0.041196452591022045,0.00015958780749150765,0.00015958780749150765
au920s__tu,float64,0.7643990868806231,-4.0,0.0,4.0,0.808717425899832,-2.2673095775482754,-2.0,-2.0,5,0.00011399129106536261,0.9998404121925085,0.041196452591022045,0.00015958780749150765,0.00015958780749150765
au922b__tu,float64,0.7643990868806231,-4.0,999.0,1003.0,12.673752059964233,-2.107881357864259,-2.0,-2.0,5,0.00011399129106536261,0.9998404121925085,0.041196452591022045,0.00015958780749150765,0.0
au922c__tu,float64,0.7643990868806231,-4.0,999.0,1003.0,12.673752059964233,-2.107881357864259,-2.0,-2.0,5,0.00011399129106536261,0.9998404121925085,0.041196452591022045,0.00015958780749150765,0.0
au922d__tu,float64,0.7643990868806231,-4.0,999.0,1003.0,12.673752059964233,-2.107881357864259,-2.0,-2.0,5,0.00011399129106536261,0.9998404121925085,0.041196452591022045,0.00015958780749150765,0.0
au922s__tu,float64,0.7643990868806231,-4.0,999.0,1003.0,12.673752059964233,-2.107881357864259,-2.0,-2.0,5,0.00011399129106536261,0.9998404121925085,0.041196452591022045,0.00015958780749150765,0.0
au934b__tu,float64,0.7643990868806231,-4.0,0.0,4.0,0.808717425899832,-2.2673095775482754,-2.0,-2.0,5,0.00011399129106536261,0.9998404121925085,0.041196452591022045,0.00015958780749150765,0.00015958780749150765
au934c__tu,float64,0.7643990868806231,-4.0,0.0,4.0,0.808717425899832,-2.2673095775482754,-2.0,-2.0,5,0.00011399129106536261,0.9998404121925085,0.041196452591022045,0.00015958780749150765,0.00015958780749150765
at922b__tu,float64,0.7643990868806231,-4.0,999.0,1003.0,12.659210824252622,-2.1161799238538177,-2.0,-2.0,4,9.119303285229008e-05,0.9998404121925085,0.041196452591022045,0.00015958780749150765,0.0
at920s__tu,float64,0.7643990868806231,-4.0,0.0,4.0,0.53198231061346,-2.2756081435378337,-2.0,-2.0,4,9.119303285229008e-05,0.9998404121925085,0.041196452591022045,0.00015958780749150765,0.00015958780749150765
at920f__tu,float64,0.7643990868806231,-4.0,0.0,4.0,0.5757353845463475,-2.315892665800333,-2.0,-2.0,5,0.00011399129106536261,0.9998404121925085,0.041196452591022045,0.00015958780749150765,0.00015958780749150765
at920e__tu,float64,0.7643990868806231,-4.0,0.0,4.0,0.53198231061346,-2.2756081435378337,-2.0,-2.0,4,9.119303285229008e-05,0.9998404121925085,0.041196452591022045,0.00015958780749150765,0.00015958780749150765
rl921s__tu,float64,0.7643990868806231,-4.0,0.0,4.0,0.9640440395519864,-1.5594920548070128,-1.0,-1.0,5,0.00011399129106536261,0.9998404121925085,0.041196452591022045,0.00015958780749150765,0.00015958780749150765
rl921b__tu,float64,0.7643990868806231,-4.0,0.0,4.0,0.9643775537626832,-1.5598340286802088,-1.0,-1.0,5,0.00011399129106536261,0.9998404121925085,0.041196452591022045,0.00015958780749150765,0.00015958780749150765
rl921c__tu,float64,0.7643990868806231,-4.0,0.0,4.0,0.9644442282139536,-1.559902423454848,-1.0,-1.0,5,0.00011399129106536261,0.9998404121925085,0.041196452591022045,0.00015958780749150765,0.00015958780749150765
rl999s__tu,float64,0.7643990868806231,-4.0,0.0,4.0,0.8704566902125653,-1.4722659188837972,-1.0,-1.0,5,0.00011399129106536261,0.9998404121925085,0.041196452591022045,0.00015958780749150765,0.00015958780749150765
rl999b__tu,float64,0.7643990868806231,-4.0,0.0,4.0,0.8704566902125653,-1.4722659188837972,-1.0,-1.0,5,0.00011399129106536261,0.9998404121925085,0.041196452591022045,0.00015958780749150765,0.00015958780749150765
rt900s__tu,float64,0.7643990868806231,-4.0,0.0,4.0,0.930540597401277,-2.136196794564895,-2.0,-3.0,5,0.00011399129106536261,0.9998404121925085,0.041196452591022045,0.00015958780749150765,0.00015958780749150765
rt900b__tu,float64,0.7643990868806231,-4.0,0.0,4.0,0.930540597401277,-2.136196794564895,-2.0,-3.0,5,0.00011399129106536261,0.9998404121925085,0.041196452591022045,0.00015958780749150765,0.00015958780749150765
rt900c__tu,float64,0.7643990868806231,-4.0,0.0,4.0,0.930540597401277,-2.136196794564895,-2.0,-3.0,5,0.00011399129106536261,0.9998404121925085,0.041196452591022045,0.00015958780749150765,0.00015958780749150765
rt921s__tu,float64,0.7643990868806231,-4.0,0.0,4.0,0.9912293470078661,-2.3745981806989946,-3.0,-3.0,5,0.00011399129106536261,0.9998404121925085,0.041196452591022045,0.00015958780749150765,0.00015958780749150765
rt921b__tu,float64,0.7643990868806231,-4.0,0.0,4.0,0.9913843228553356,-2.3758292866425004,-3.0,-3.0,4,9.119303285229008e-05,0.9998404121925085,0.041196452591022045,0.00015958780749150765,0.00015958780749150765
rt921c__tu,float64,0.7643990868806231,-4.0,0.0,4.0,0.9913528796646257,-2.3755785058021566,-3.0,-3.0,5,0.00011399129106536261,0.9998404121925085,0.041196452591022045,0.00015958780749150765,0.00015958780749150765
rt933s__tu,float64,0.7643990868806231,-4.0,0.0,4.0,0.9912293470078661,-2.3745981806989946,-3.0,-3.0,5,0.00011399129106536261,0.9998404121925085,0.041196452591022045,0.00015958780749150765,0.00015958780749150765
rt933b__tu,float64,0.7643990868806231,-4.0,0.0,4.0,0.9913843228553356,-2.3758292866425004,-3.0,-3.0,4,9.119303285229008e-05,0.9998404121925085,0.041196452591022045,0.00015958780749150765,0.00015958780749150765
rt933c__tu,float64,0.7643990868806231,-4.0,0.0,4.0,0.9913528796646257,-2.3755785058021566,-3.0,-3.0,5,0.00011399129106536261,0.9998404121925085,0.041196452591022045,0.00015958780749150765,0.00015958780749150765
rt999s__tu,float64,0.7643990868806231,-4.0,0.0,4.0,0.930540597401277,-2.136196794564895,-2.0,-3.0,5,0.00011399129106536261,0.9998404121925085,0.041196452591022045,0.00015958780749150765,0.00015958780749150765
rt999b__tu,float64,0.7643990868806231,-4.0,0.0,4.0,0.930540597401277,-2.136196794564895,-2.0,-3.0,5,0.00011399129106536261,0.9998404121925085,0.041196452591022045,0.00015958780749150765,0.00015958780749150765
us921s__tu,float64,0.7643990868806231,-4.0,0.0,4.0,1.0520857266086692,-1.8697763490869297,-1.0,-1.0,5,0.00011399129106536261,0.9998404121925085,0.041196452591022045,0.00015958780749150765,0.00015958780749150765
us921b__tu,float64,0.7643990868806231,-4.0,0.0,4.0,1.0522359129402996,-1.8700271299272735,-1.0,-1.0,4,9.119303285229008e-05,0.9998404121925085,0.041196452591022045,0.00015958780749150765,0.00015958780749150765
us921c__tu,float64,0.7643990868806231,-4.0,0.0,4.0,1.0522222629927989,-1.8700043316690604,-1.0,-1.0,5,0.00011399129106536261,0.9998404121925085,0.041196452591022045,0.00015958780749150765,0.00015958780749150765
us933s__tu,float64,0.7643990868806231,-4.0,0.0,4.0,1.0520857266086692,-1.8697763490869297,-1.0,-1.0,5,0.00011399129106536261,0.9998404121925085,0.041196452591022045,0.00015958780749150765,0.00015958780749150765
us933b__tu,float64,0.7643990868806231,-4.0,0.0,4.0,1.0522359129402996,-1.8700271299272735,-1.0,-1.0,4,9.119303285229008e-05,0.9998404121925085,0.041196452591022045,0.00015958780749150765,0.00015958780749150765
us933c__tu,float64,0.7643990868806231,-4.0,0.0,4.0,1.0522222629927989,-1.8700043316690604,-1.0,-1.0,5,0.00011399129106536261,0.9998404121925085,0.041196452591022045,0.00015958780749150765,0.00015958780749150765
us999s__tu,float64,0.7643990868806231,-4.0,0.0,4.0,0.9754636973291648,-1.756674190091877,-1.0,-1.0,5,0.00011399129106536261,0.9998404121925085,0.041196452591022045,0.00015958780749150765,0.00015958780749150765
us999b__tu,float64,0.7643990868806231,-4.0,0.0,4.0,0.9754636973291648,-1.756674190091877,-1.0,-1.0,5,0.00011399129106536261,0.9998404121925085,0.041196452591022045,0.00015958780749150765,0.00015958780749150765
at920b__tu,float64,0.7643990868806231,-4.0,0.0,4.0,0.53198231061346,-2.2756081435378337,-2.0,-2.0,4,9.119303285229008e-05,0.9998404121925085,0.041196452591022045,0.00015958780749150765,0.00015958780749150765
at920c__tu,float64,0.7643990868806231,-4.0,0.0,4.0,0.5757353845463475,-2.315892665800333,-2.0,-2.0,5,0.00011399129106536261,0.9998404121925085,0.041196452591022045,0.00015958780749150765,0.00015958780749150765
at920d__tu,float64,0.7643990868806231,-4.0,0.0,4.0,0.53198231061346,-2.2756081435378337,-2.0,-2.0,4,9.119303285229008e-05,0.9998404121925085,0.041196452591022045,0.00015958780749150765,0.00015958780749150765
au934d__tu,float64,0.7643990868806231,-4.0,0.0,4.0,0.808717425899832,-2.2673095775482754,-2.0,-2.0,5,0.00011399129106536261,0.9998404121925085,0.041196452591022045,0.00015958780749150765,0.00015958780749150765
mt933b__tu,float64,0.7643990868806231,-4.0,0.0,4.0,0.9568891429733934,-1.5437840548982058,-1.0,-1.0,5,0.00011399129106536261,0.9998404121925085,0.041196452591022045,0.00015958780749150765,0.00015958780749150765
mt933s__tu,float64,0.7643990868806231,-4.0,0.0,4.0,0.9565472797202575,-1.5434420810250098,-1.0,-1.0,5,0.00011399129106536261,0.9998404121925085,0.041196452591022045,0.00015958780749150765,0.00015958780749150765
bc933s__tu,float64,0.7643990868806231,-4.0,0.0,4.0,0.9771328804872407,-2.410824612999567,-3.0,-3.0,5,0.00011399129106536261,0.9998404121925085,0.041196452591022045,0.00015958780749150765,0.00015958780749150765
bc922d__tu,float64,0.7643990868806231,-4.0,999.0,1003.0,12.677827368478487,-1.9477235939174247,-2.0,-3.0,5,0.00011399129106536261,0.9998404121925085,0.041196452591022045,0.00015958780749150765,0.0
bc922s__tu,float64,0.7643990868806231,-4.0,999.0,1003.0,12.677827368478487,-1.9477235939174247,-2.0,-3.0,5,0.00011399129106536261,0.9998404121925085,0.041196452591022045,0.00015958780749150765,0.0
bc934b__tu,float64,0.7643990868806231,-4.0,0.0,4.0,0.8991150543687522,-2.107151813601441,-2.0,-3.0,5,0.00011399129106536261,0.9998404121925085,0.041196452591022045,0.00015958780749150765,0.00015958780749150765
bc934c__tu,float64,0.7643990868806231,-4.0,0.0,4.0,0.8991150543687522,-2.107151813601441,-2.0,-3.0,5,0.00011399129106536261,0.9998404121925085,0.041196452591022045,0.00015958780749150765,0.00015958780749150765
bc934d__tu,float64,0.7643990868806231,-4.0,0.0,4.0,0.8991150543687522,-2.107151813601441,-2.0,-3.0,5,0.00011399129106536261,0.9998404121925085,0.041196452591022045,0.00015958780749150765,0.00015958780749150765
bc921c__tu,float64,0.7643990868806231,-4.0,0.0,4.0,0.9771805940064489,-2.4113489729384674,-3.0,-3.0,4,9.119303285229008e-05,0.9998404121925085,0.041196452591022045,0.00015958780749150765,0.00015958780749150765
bc921b__tu,float64,0.7643990868806231,-4.0,0.0,4.0,0.9771805940064489,-2.4113489729384674,-3.0,-3.0,4,9.119303285229008e-05,0.9998404121925085,0.041196452591022045,0.00015958780749150765,0.00015958780749150765
bc921s__tu,float64,0.7643990868806231,-4.0,0.0,4.0,0.9771328804872407,-2.410824612999567,-3.0,-3.0,5,0.00011399129106536261,0.9998404121925085,0.041196452591022045,0.00015958780749150765,0.00015958780749150765
au999b__tu,float64,0.7643990868806231,-4.0,0.0,4.0,0.808717425899832,-2.2673095775482754,-2.0,-2.0,5,0.00011399129106536261,0.9998404121925085,0.041196452591022045,0.00015958780749150765,0.00015958780749150765
au999s__tu,float64,0.7643990868806231,-4.0,0.0,4.0,0.808717425899832,-2.2673095775482754,-2.0,-2.0,5,0.00011399129106536261,0.9998404121925085,0.041196452591022045,0.00015958780749150765,0.00015958780749150765
au933c__tu,float64,0.7643990868806231,-4.0,0.0,4.0,0.8250605473608983,-2.6656635433052913,-3.0,-3.0,5,0.00011399129106536261,0.9998404121925085,0.041196452591022045,0.00015958780749150765,0.00015958780749150765
au933b__tu,float64,0.7643990868806231,-4.0,0.0,4.0,0.8250101523859158,-2.665914324145635,-3.0,-3.0,4,9.119303285229008e-05,0.9998404121925085,0.041196452591022045,0.00015958780749150765,0.00015958780749150765
bc934s__tu,float64,0.7643990868806231,-4.0,0.0,4.0,0.8991150543687522,-2.107151813601441,-2.0,-3.0,5,0.00011399129106536261,0.9998404121925085,0.041196452591022045,0.00015958780749150765,0.00015958780749150765
bc935b__tu,float64,0.7643990868806231,-4.0,0.0,4.0,0.8991150543687522,-2.107151813601441,-2.0,-3.0,5,0.00011399129106536261,0.9998404121925085,0.041196452591022045,0.00015958780749150765,0.00015958780749150765
au933s__tu,float64,0.7643990868806231,-4.0,0.0,4.0,0.825243133435951,-2.6647516129767688,-3.0,-3.0,5,0.00011399129106536261,0.9998404121925085,0.041196452591022045,0.00015958780749150765,0.00015958780749150765
au921c__tu,float64,0.7643990868806231,-4.0,0.0,4.0,0.8250605473608983,-2.6656635433052913,-3.0,-3.0,5,0.00011399129106536261,0.9998404121925085,0.041196452591022045,0.00015958780749150765,0.00015958780749150765
bc935c__tu,float64,0.7643990868806231,-4.0,0.0,4.0,0.8991150543687522,-2.107151813601441,-2.0,-3.0,5,0.00011399129106536261,0.9998404121925085,0.041196452591022045,0.00015958780749150765,0.00015958780749150765
bc935d__tu,float64,0.7643990868806231,-4.0,0.0,4.0,0.8991150543687522,-2.107151813601441,-2.0,-3.0,5,0.00011399129106536261,0.9998404121925085,0.041196452591022045,0.00015958780749150765,0.00015958780749150765
bc935s__tu,float64,0.7643990868806231,-4.0,0.0,4.0,0.8991150543687522,-2.107151813601441,-2.0,-3.0,5,0.00011399129106536261,0.9998404121925085,0.041196452591022045,0.00015958780749150765,0.00015958780749150765
cc100s__tu,float64,0.7643990868806231,-9.0,0.0,9.0,1.588973280715786,-8.431571027973463,-9.0,-9.0,3,6.839477463921757e-05,0.9998404121925085,0.8864418758406858,0.00015958780749150765,0.00015958780749150765
cc101b__tu,float64,0.7643990868806231,-9.0,-2.0,7.0,0.5379526059569777,-2.277044433805257,-2.0,-2.0,4,9.119303285229008e-05,1.0,0.00015958780749150765,0.7651095456307138,0.0
cc101s__tu,float64,0.7643990868806231,-9.0,-2.0,7.0,0.5379526059569777,-2.277044433805257,-2.0,-2.0,4,9.119303285229008e-05,1.0,0.00015958780749150765,0.7651095456307138,0.0
cc102s__tu,float64,0.7643990868806231,-4.0,0.0,4.0,0.53198231061346,-2.2756081435378337,-2.0,-2.0,4,9.119303285229008e-05,0.9998404121925085,0.041196452591022045,0.00015958780749150765,0.00015958780749150765
cc103s__tu,float64,0.7643990868806231,-4.0,0.0,4.0,0.53198231061346,-2.2756081435378337,-2.0,-2.0,4,9.119303285229008e-05,0.9998404121925085,0.041196452591022045,0.00015958780749150765,0.00015958780749150765
cc104s__tu,float64,0.7643990868806231,-4.0,0.0,4.0,0.53198231061346,-2.2756081435378337,-2.0,-2.0,4,9.119303285229008e-05,0.9998404121925085,0.041196452591022045,0.00015958780749150765,0.00015958780749150765
cc105s__tu,float64,0.7643990868806231,-4.0,0.0,4.0,0.53198231061346,-2.2756081435378337,-2.0,-2.0,4,9.119303285229008e-05,0.9998404121925085,0.041196452591022045,0.00015958780749150765,0.00015958780749150765
he920b__tu,float64,0.7643990868806231,-4.0,0.0,4.0,0.6851833820227129,-1.1964525910220458,-1.0,-1.0,5,0.00011399129106536261,0.9998404121925085,0.041196452591022045,0.00015958780749150765,0.00015958780749150765
bc922c__tu,float64,0.7643990868806231,-4.0,999.0,1003.0,12.677827368478487,-1.9477235939174247,-2.0,-3.0,5,0.00011399129106536261,0.9998404121925085,0.041196452591022045,0.00015958780749150765,0.0
bc933b__tu,float64,0.7643990868806231,-4.0,0.0,4.0,0.9771805940064489,-2.4113489729384674,-3.0,-3.0,4,9.119303285229008e-05,0.9998404121925085,0.041196452591022045,0.00015958780749150765,0.00015958780749150765
mt921c__tu,float64,0.7643990868806231,-4.0,0.0,4.0,0.9569802652427811,-1.543875247931058,-1.0,-1.0,5,0.00011399129106536261,0.9998404121925085,0.041196452591022045,0.00015958780749150765,0.00015958780749150765
bc922b__tu,float64,0.7643990868806231,-4.0,999.0,1003.0,12.677827368478487,-1.9477235939174247,-2.0,-3.0,5,0.00011399129106536261,0.9998404121925085,0.041196452591022045,0.00015958780749150765,0.0
mt921b__tu,float64,0.7643990868806231,-4.0,0.0,4.0,0.9568891429733934,-1.5437840548982058,-1.0,-1.0,5,0.00011399129106536261,0.9998404121925085,0.041196452591022045,0.00015958780749150765,0.00015958780749150765
mt921s__tu,float64,0.7643990868806231,-4.0,0.0,4.0,0.9565472797202575,-1.5434420810250098,-1.0,-1.0,5,0.00011399129106536261,0.9998404121925085,0.041196452591022045,0.00015958780749150765,0.00015958780749150765
mt900c__tu,float64,0.7643990868806231,-4.0,0.0,4.0,0.8648993729828847,-1.4598408681576727,-1.0,-1.0,5,0.00011399129106536261,0.9998404121925085,0.041196452591022045,0.00015958780749150765,0.00015958780749150765
mt900b__tu,float64,0.7643990868806231,-4.0,0.0,4.0,0.8648993729828847,-1.4598408681576727,-1.0,-1.0,5,0.00011399129106536261,0.9998404121925085,0.041196452591022045,0.00015958780749150765,0.00015958780749150765
mt900s__tu,float64,0.7643990868806231,-4.0,0.0,4.0,0.8648993729828847,-1.4598408681576727,-1.0,-1.0,5,0.00011399129106536261,0.9998404121925085,0.041196452591022045,0.00015958780749150765,0.00015958780749150765
he999b__tu,float64,0.7643990868806231,-4.0,0.0,4.0,0.6851833820227129,-1.1964525910220458,-1.0,-1.0,5,0.00011399129106536261,0.9998404121925085,0.041196452591022045,0.00015958780749150765,0.00015958780749150765
he999s__tu,float64,0.7643990868806231,-4.0,0.0,4.0,0.6851833820227129,-1.1964525910220458,-1.0,-1.0,5,0.00011399129106536261,0.9998404121925085,0.041196452591022045,0.00015958780749150765,0.00015958780749150765
he933c__tu,float64,0.7643990868806231,-4.0,0.0,4.0,0.7018391939976318,-1.205343911725144,-1.0,-1.0,5,0.00011399129106536261,0.9998404121925085,0.041196452591022045,0.00015958780749150765,0.00015958780749150765
he933b__tu,float64,0.7643990868806231,-4.0,0.0,4.0,0.7018812484067303,-1.2053667099833574,-1.0,-1.0,4,9.119303285229008e-05,0.9998404121925085,0.041196452591022045,0.00015958780749150765,0.00015958780749150765
au934s__tu,float64,0.7643990868806231,-4.0,0.0,4.0,0.808717425899832,-2.2673095775482754,-2.0,-2.0,5,0.00011399129106536261,0.9998404121925085,0.041196452591022045,0.00015958780749150765,0.00015958780749150765
he933s__tu,float64,0.7643990868806231,-4.0,0.0,4.0,0.7018812484067303,-1.2053667099833574,-1.0,-1.0,4,9.119303285229008e-05,0.9998404121925085,0.041196452591022045,0.00015958780749150765,0.00015958780749150765
he921c__tu,float64,0.7643990868806231,-4.0,0.0,4.0,0.7018391939976318,-1.205343911725144,-1.0,-1.0,5,0.00011399129106536261,0.9998404121925085,0.041196452591022045,0.00015958780749150765,0.00015958780749150765
au935b__tu,float64,0.7643990868806231,-4.0,0.0,4.0,0.808717425899832,-2.2673095775482754,-2.0,-2.0,5,0.00011399129106536261,0.9998404121925085,0.041196452591022045,0.00015958780749150765,0.00015958780749150765
au935c__tu,float64,0.7643990868806231,-4.0,0.0,4.0,0.808717425899832,-2.2673095775482754,-2.0,-2.0,5,0.00011399129106536261,0.9998404121925085,0.041196452591022045,0.00015958780749150765,0.00015958780749150765
au935d__tu,float64,0.7643990868806231,-4.0,0.0,4.0,0.808717425899832,-2.2673095775482754,-2.0,-2.0,5,0.00011399129106536261,0.9998404121925085,0.041196452591022045,0.00015958780749150765,0.00015958780749150765
au935s__tu,float64,0.7643990868806231,-4.0,0.0,4.0,0.808717425899832,-2.2673095775482754,-2.0,-2.0,5,0.00011399129106536261,0.9998404121925085,0.041196452591022045,0.00015958780749150765,0.00015958780749150765
bc920b__tu,float64,0.7643990868806231,-4.0,0.0,4.0,0.8991150543687522,-2.107151813601441,-2.0,-3.0,5,0.00011399129106536261,0.9998404121925085,0.041196452591022045,0.00015958780749150765,0.00015958780749150765
bc920c__tu,float64,0.7643990868806231,-4.0,0.0,4.0,0.8991150543687522,-2.107151813601441,-2.0,-3.0,5,0.00011399129106536261,0.9998404121925085,0.041196452591022045,0.00015958780749150765,0.00015958780749150765
bc920d__tu,float64,0.7643990868806231,-4.0,0.0,4.0,0.8991150543687522,-2.107151813601441,-2.0,-3.0,5,0.00011399129106536261,0.9998404121925085,0.041196452591022045,0.00015958780749150765,0.00015958780749150765
bc920s__tu,float64,0.7643990868806231,-4.0,0.0,4.0,0.8991150543687522,-2.107151813601441,-2.0,-3.0,5,0.00011399129106536261,0.9998404121925085,0.041196452591022045,0.00015958780749150765,0.00015958780749150765
he921b__tu,float64,0.7643990868806231,-4.0,0.0,4.0,0.7018812484067303,-1.2053667099833574,-1.0,-1.0,4,9.119303285229008e-05,0.9998404121925085,0.041196452591022045,0.00015958780749150765,0.00015958780749150765
he921s__tu,float64,0.7643990868806231,-4.0,0.0,4.0,0.7018812484067303,-1.2053667099833574,-1.0,-1.0,4,9.119303285229008e-05,0.9998404121925085,0.041196452591022045,0.00015958780749150765,0.00015958780749150765
he900c__tu,float64,0.7643990868806231,-4.0,0.0,4.0,0.6851833820227129,-1.1964525910220458,-1.0,-1.0,5,0.00011399129106536261,0.9998404121925085,0.041196452591022045,0.00015958780749150765,0.00015958780749150765
he900b__tu,float64,0.7643990868806231,-4.0,0.0,4.0,0.6851833820227129,-1.1964525910220458,-1.0,-1.0,5,0.00011399129106536261,0.9998404121925085,0.041196452591022045,0.00015958780749150765,0.00015958780749150765
he900s__tu,float64,0.7643990868806231,-4.0,0.0,4.0,0.6851833820227129,-1.1964525910220458,-1.0,-1.0,5,0.00011399129106536261,0.9998404121925085,0.041196452591022045,0.00015958780749150765,0.00015958780749150765
bc999b__tu,float64,0.7643990868806231,-4.0,0.0,4.0,0.8991150543687522,-2.107151813601441,-2.0,-3.0,5,0.00011399129106536261,0.9998404121925085,0.041196452591022045,0.00015958780749150765,0.00015958780749150765
bc933c__tu,float64,0.7643990868806231,-4.0,0.0,4.0,0.9771805940064489,-2.4113489729384674,-3.0,-3.0,4,9.119303285229008e-05,0.9998404121925085,0.041196452591022045,0.00015958780749150765,0.00015958780749150765
at935f__tu,float64,0.7643990868806231,-4.0,0.0,4.0,0.5757353845463475,-2.315892665800333,-2.0,-2.0,5,0.00011399129106536261,0.9998404121925085,0.041196452591022045,0.00015958780749150765,0.00015958780749150765
mt920s__tu,float64,0.7643990868806231,-4.0,0.0,4.0,0.8648993729828847,-1.4598408681576727,-1.0,-1.0,5,0.00011399129106536261,0.9998404121925085,0.041196452591022045,0.00015958780749150765,0.00015958780749150765
linkchit__tu,float64,0.764388344299718,0.0,1.0,1.0,0.4747870072380162,0.6567878718796307,1.0,1.0,2,4.559443747862761e-05,0.0,0.34321212812036933,0.6567878718796307,0.34321212812036933
linkf045__tu,float64,0.7555364576339465,0.0,21660.0,21660.0,372.8064079806697,60.720233779359745,0.0,0.0,1231,0.027047217278579748,0.0,0.9444774020609497,2.1971744336782897e-05,0.9444774020609497
cv_cons_prop__tu,float64,0.7317684973814959,281.0,867.0,586.0,65.45482945243782,491.6201289599103,482.0,463.0,447,0.00895109936321038,0.0,4.0049661580359644e-05,4.0049661580359644e-05,0.0
linkf123__tu,float64,0.72214314489056,0.0,17095.4,17095.4,367.22785919140904,101.67424241252661,0.0,0.0,2599,0.0502416392808815,0.0,0.7481345447515948,1.933114247052001e-05,0.7481345447515948
linkf124__tu,float64,0.72214314489056,0.0,108988.0,108988.0,2003.8375277851035,379.139686835492,0.0,0.0,3224,0.062323603324956504,0.0,0.7686448869128165,1.933114247052001e-05,0.7686448869128165
cvlst_i1__tu,float64,0.684893245602256,511.0,789.0,278.0,31.519927740660208,645.1970169607091,651.0,660.0,246,0.004193300946049604,0.0,3.409187761015938e-05,1.704593880507969e-05,0.0
cvlst_s1__tu,float64,0.684893245602256,534.0,833.0,299.0,32.859167780158515,703.2543424529106,699.0,703.0,266,0.004534219722151197,0.0,1.704593880507969e-05,1.704593880507969e-05,0.0
alert1__ln,object,0.6823150261850409,,,,,,,300A,7,0.0001183531997632936,,,,
linkf048__tu,float64,0.6746072243856587,0.0,108988.0,108988.0,1606.6190850621535,317.89612479366133,0.0,0.0,3721,0.061422911852096404,0.0,0.7541432816110928,1.650709805216243e-05,0.7541432816110928
linkf079__tu,float64,0.6646595944675708,0.0,108988.0,108988.0,1910.6193896784184,440.47752754997435,0.0,0.0,3751,0.06008136852895951,0.0,0.6965658636596617,1.601742696053306e-05,0.6965658636596617
linkf185__tu,float64,0.6383080435074526,0.0,2495.0,2495.0,582.3578755168492,603.0491847099706,403.0,1.0,2446,0.03632421515340521,0.0,0.0005940182363598563,2.970091181799281e-05,0.0005940182363598563
short_term_lending_reason4__ln,object,0.6342580905062442,,,,,,,A47,17,0.00024966222170005284,,,,
linkb011__tu,float64,0.6324533369141936,-1.0,999.0,1000.0,151.3567939879728,81.97682235342258,-1.0,-1.0,41,0.0005991699304378324,0.7525135909276904,0.7525135909276904,0.0005407143274682878,0.0
linkf195__tu,float64,0.605419632066604,0.0,2497.0,2497.0,699.9860818513484,1233.6745075618355,1220.0,2480.0,2498,0.034004437728862934,0.0,0.00010890132178979322,4.083799567117246e-05,0.00010890132178979322
linkf105__tu,float64,0.605419632066604,0.0,2495.0,2495.0,540.8687338749203,492.70246797620507,290.0,1.0,2423,0.032983487837083623,0.0,0.0018377098052027607,2.7225330447448306e-05,0.0018377098052027607
linkf193__tu,float64,0.605419632066604,0.0,2495.0,2495.0,552.3270237012579,527.1822872000109,327.0,1.0,2446,0.033296579137229276,0.0,0.0008167599134234492,4.083799567117246e-05,0.0008167599134234492
linkf032__tu,object,0.6015899019739492,,,,,,,N,2,2.6963626068433684e-05,,,,
linkf078__tu,float64,0.6015254464885189,0.0,121.0,121.0,3.021660262568636,0.7487261747499528,0.0,0.0,53,0.0007144205106084706,0.0,0.8619146469684307,1.347963227563152e-05,0.8619146469684307
linkf083__tu,float64,0.6015254464885189,0.0,24.0,24.0,0.7002103560053314,0.1968430701210471,0.0,0.0,16,0.00021567411641010433,0.0,0.8811366025934813,1.347963227563152e-05,0.8811366025934813
linkf077__tu,float64,0.6015254464885189,0.0,15.0,15.0,0.529055020472814,0.1178119860890195,0.0,0.0,14,0.0001887148518588413,0.0,0.9298385140053379,1.347963227563152e-05,0.9298385140053379
linkf076__tu,float64,0.6015254464885189,0.0,21660.0,21660.0,315.6571480414102,44.64355808373548,0.0,0.0,1380,0.0186018925403715,0.0,0.9556654894454479,1.347963227563152e-05,0.9556654894454479
linkf072__tu,float64,0.6015254464885189,0.0,5.0,5.0,0.1851727032473277,0.030558326368856657,0.0,0.0,6,8.087779365378912e-05,0.0,0.9714636184724881,1.347963227563152e-05,0.9714636184724881
linkf075__tu,float64,0.6015254464885189,0.0,42.0,42.0,1.6596959770967752,0.6791577925754185,0.0,0.0,37,0.0004987463941983662,0.0,0.7120750545925107,1.347963227563152e-05,0.7120750545925107
linkf074__tu,float64,0.6015254464885189,0.0,48.0,48.0,1.5311254154641394,0.3508074299733103,0.0,0.0,34,0.00045830749737147173,0.0,0.8717682581619174,1.347963227563152e-05,0.8717682581619174
linkf073__tu,float64,0.6015254464885189,0.0,5.0,5.0,0.27289179685237575,0.06071226376944437,0.0,0.0,6,8.087779365378912e-05,0.0,0.9465936969239479,2.695926455126304e-05,0.9465936969239479
linkf085__tu,float64,0.6015254464885189,0.0,36.0,36.0,1.3069159826372034,0.4851589248645297,0.0,0.0,26,0.00035047043916641956,0.0,0.7663979726633058,1.347963227563152e-05,0.7663979726633058
linkf071__tu,float64,0.6015254464885189,0.0,14.0,14.0,1.1798202539204916,0.7320518696249966,0.0,0.0,15,0.00020219448413447282,0.0,0.5784245005796241,2.695926455126304e-05,0.5784245005796241
linkf070__tu,float64,0.6015254464885189,0.0,10.0,10.0,0.38017065499476743,0.07533766478850457,0.0,0.0,10,0.0001347963227563152,0.0,0.9479686194160624,2.695926455126304e-05,0.9479686194160624
linkf069__tu,float64,0.6015254464885189,0.0,16.0,16.0,1.0616387861682686,0.502008465209069,0.0,0.0,17,0.00022915374868573586,0.0,0.720257191383819,2.695926455126304e-05,0.720257191383819
linkf067__tu,float64,0.6015254464885189,0.0,10.0,10.0,0.33167361780818366,0.06296336235947483,0.0,0.0,9,0.00012131669048068369,0.0,0.9537379020300326,1.347963227563152e-05,0.9537379020300326
linkf066__tu,float64,0.6015254464885189,0.0,7.0,7.0,0.22369312493939322,0.03177149327366349,0.0,0.0,8,0.00010783705820505216,0.0,0.9751839969805624,2.695926455126304e-05,0.9751839969805624
linkf065__tu,float64,0.6015254464885189,0.0,4.0,4.0,0.1292001703308052,0.011983393093036422,0.0,0.0,5,6.73981613781576e-05,0.0,0.9899576739546545,6.73981613781576e-05,0.9899576739546545
linkf084__tu,float64,0.6015254464885189,0.0,24.0,24.0,1.0282769144001638,0.34594128272180735,0.0,0.0,23,0.00031003154233952496,0.0,0.8169735529614752,1.347963227563152e-05,0.8169735529614752
linkf174__tu,float64,0.6015254464885189,0.0,7.0,7.0,0.6926233068269858,0.7635268109885962,1.0,1.0,8,0.00010783705820505216,0.0,0.3644083789394225,1.347963227563152e-05,0.3644083789394225
linkf086__tu,float64,0.6015254464885189,0.0,61.0,61.0,2.074837429125244,0.9079745504542636,0.0,0.0,37,0.0004987463941983662,0.0,0.6467931954816273,1.347963227563152e-05,0.6467931954816273
linkf087__tu,float64,0.6015254464885189,0.0,102.0,102.0,2.7704239152416776,1.313940635699458,0.0,0.0,49,0.0006605019815059445,0.0,0.5560213517375246,1.347963227563152e-05,0.5560213517375246
linkf104__tu,float64,0.6015254464885189,0.0,33.0,33.0,0.17529742620869232,0.005634486291213976,0.0,0.0,10,0.0001347963227563152,0.0,0.9970614401639123,1.347963227563152e-05,0.9970614401639123
linkf103__tu,float64,0.6015254464885189,0.0,38.0,38.0,0.2485379170233416,0.011322891111530477,0.0,0.0,15,0.00020219448413447282,0.0,0.994109400695549,1.347963227563152e-05,0.994109400695549
linkf102__tu,float64,0.6015254464885189,0.0,47.0,47.0,0.34364683237046983,0.026541395950718465,0.0,0.0,18,0.00024263338096136737,0.0,0.9837031245787615,1.347963227563152e-05,0.9837031245787615
linkf101__tu,float64,0.6015254464885189,0.0,47.0,47.0,0.40975731803688176,0.04440190871593023,0.0,0.0,20,0.0002695926455126304,0.0,0.9720836815571671,1.347963227563152e-05,0.9720836815571671
linkf100__tu,float64,0.6015254464885189,0.0,47.0,47.0,0.5216950322009167,0.08511039818833742,0.0,0.0,21,0.00028307227778826195,0.0,0.9453266114900386,1.347963227563152e-05,0.9453266114900386
linkf099__tu,float64,0.6015254464885189,0.0,47.0,47.0,0.8161709073675681,0.21013398754481977,0.0,0.0,25,0.00033699080689078803,0.0,0.8825250047178713,1.347963227563152e-05,0.8825250047178713
linkf098__tu,float64,0.6015254464885189,0.0,131.0,131.0,4.828530136462072,1.464548567115089,0.0,0.0,92,0.0012401261693580998,0.0,0.6725797320249104,2.695926455126304e-05,0.6725797320249104
linkf097__tu,float64,0.6015254464885189,0.0,86.0,86.0,2.7151561105560402,0.7400048526676192,0.0,0.0,57,0.0007683390397109967,0.0,0.7824252554390316,1.347963227563152e-05,0.7824252554390316
linkf096__tu,float64,0.6015254464885189,0.0,64.0,64.0,2.162424126524605,0.5546599088776858,0.0,0.0,46,0.0006200630846790499,0.0,0.8222306095489715,1.347963227563152e-05,0.8222306095489715
linkf095__tu,float64,0.6015254464885189,0.0,48.0,48.0,1.5320953260212238,0.36053972447631627,0.0,0.0,34,0.00045830749737147173,0.0,0.8683579111961826,1.347963227563152e-05,0.8683579111961826
linkf094__tu,float64,0.6015254464885189,0.0,36.0,36.0,1.1926180803980893,0.26421427223465344,0.0,0.0,27,0.00036395007144205104,0.0,0.8942657644299463,1.347963227563152e-05,0.8942657644299463
linkf093__tu,float64,0.6015254464885189,0.0,24.0,24.0,0.8346385141072057,0.16933114064648316,0.0,0.0,20,0.0002695926455126304,0.0,0.9220742458145742,1.347963227563152e-05,0.9220742458145742
linkf064__tu,float64,0.6015254464885189,0.0,42.0,42.0,1.6373055673489332,0.6444342598333918,0.0,0.0,37,0.0004987463941983662,0.0,0.7309330601461193,1.347963227563152e-05,0.7309330601461193
linkf091__tu,float64,0.6015254464885189,0.0,134.0,134.0,5.295473717493831,1.8645970937912815,0.0,0.0,98,0.001321003963011889,0.0,0.5792871970452647,1.347963227563152e-05,0.5792871970452647
linkf090__tu,float64,0.6015254464885189,0.0,113.0,113.0,5.446741097645309,3.25101771223681,1.0,0.0,82,0.0011053298466017847,0.0,0.2825330924972367,1.347963227563152e-05,0.2825330924972367
linkf089__tu,float64,0.6015254464885189,0.0,103.0,103.0,4.481587359294523,2.526110047717898,1.0,0.0,69,0.0009300946270185749,0.0,0.3634917639446796,1.347963227563152e-05,0.3634917639446796
linkf088__tu,float64,0.6015254464885189,0.0,102.0,102.0,3.3927493960451045,1.7271452834766667,1.0,0.0,59,0.0007952983042622598,0.0,0.47849998652036774,1.347963227563152e-05,0.47849998652036774
linkf092__tu,float64,0.6015254464885189,0.0,13.0,13.0,0.45545059901907803,0.07869409322513682,0.0,0.0,12,0.00016175558730757825,0.0,0.9544658021729168,1.347963227563152e-05,0.9544658021729168
linkf056__tu,float64,0.6015254464885189,0.0,2.0,2.0,0.09594930267425494,0.009017873992397488,0.0,0.0,3,4.043889682689456e-05,0.0,0.9911169223303589,0.0001347963227563152,0.9911169223303589
linkf062__tu,float64,0.6015254464885189,0.0,121.0,121.0,1.5109330920885282,0.18980670207316744,0.0,0.0,42,0.0005661445555765239,0.0,0.9587118863397407,1.347963227563152e-05,0.9587118863397407
linkf061__tu,float64,0.6015254464885189,0.0,7.0,7.0,0.20813125879855027,0.022753619281266006,0.0,0.0,8,0.00010783705820505216,0.0,0.9839457579597228,1.347963227563152e-05,0.9839457579597228
linkf036__tu,float64,0.6015254464885189,0.0,24.0,24.0,0.60924608570542,0.13288221497317554,0.0,0.0,16,0.00021567411641010433,0.0,0.9242579462432264,1.347963227563152e-05,0.9242579462432264
linkf035__tu,float64,0.6015254464885189,0.0,42.0,42.0,1.5813160655112328,0.5754589814789852,0.0,0.0,36,0.00048526676192273474,0.0,0.7702127085973095,1.347963227563152e-05,0.7702127085973095
linkf031__tu,float64,0.6015254464885189,0.0,378.0,378.0,12.846393630093084,4.883428140080339,0.0,0.0,171,0.00230501711913299,0.0,0.6209257811446903,1.347963227563152e-05,0.6209257811446903
linkf023__tu,float64,0.6015254464885189,0.0,105.0,105.0,2.9703520586160326,0.6765697031784973,0.0,0.0,56,0.0007548594074353652,0.0,0.8879977354217777,1.347963227563152e-05,0.8879977354217777
linkf022__tu,float64,0.6015254464885189,0.0,72.0,72.0,2.1217233613569446,0.4444234761275712,0.0,0.0,46,0.0006200630846790499,0.0,0.9116005715364085,1.347963227563152e-05,0.9116005715364085
linkf021__tu,float64,0.6015254464885189,0.0,44.0,44.0,1.178109447430644,0.21494621626722024,0.0,0.0,29,0.0003909093359933141,0.0,0.9396651659342733,2.695926455126304e-05,0.9396651659342733
linkf020__tu,float64,0.6015254464885189,0.0,230.0,230.0,6.3432298296431595,1.8383118108538,0.0,0.0,99,0.0013344835952875205,0.0,0.7948534763971639,1.347963227563152e-05,0.7948534763971639
linkf019__tu,float64,0.6015254464885189,0.0,205.0,205.0,5.172029931778399,1.3912328471679292,0.0,0.0,88,0.001186207640255574,0.0,0.8285121181894158,1.347963227563152e-05,0.8285121181894158
linkf018__tu,float64,0.6015254464885189,0.0,145.0,145.0,3.760354155268519,0.9190143692880058,0.0,0.0,63,0.0008492168333647858,0.0,0.8665246812066967,1.347963227563152e-05,0.8665246812066967
linkf015__tu,float64,0.6015254464885189,0.0,710.0,710.0,4.895130575086075,1.0166338662281293,0.0,0.0,73,0.000984013156121101,0.0,0.7503032917262017,1.347963227563152e-05,0.7503032917262017
linkf007__tu,float64,0.6015254464885189,0.0,268.0,268.0,1.3426836711608732,0.1403499312538754,0.0,0.0,32,0.00043134823282020866,0.0,0.9462701857493327,1.347963227563152e-05,0.9462701857493327
linkf006__tu,float64,0.6015254464885189,0.0,106.0,106.0,0.7921575922312413,0.09059660852451945,0.0,0.0,24,0.0003235111746151565,0.0,0.9613808535303157,1.347963227563152e-05,0.9613808535303157
linkf005__tu,float64,0.6015254464885189,0.0,29.0,29.0,0.39596476056579866,0.043390936295257865,0.0,0.0,17,0.00022915374868573586,0.0,0.9779338419647912,1.347963227563152e-05,0.9779338419647912
linkf004__tu,float64,0.6015254464885189,0.0,607.0,607.0,3.6826522209544703,0.4085137357452889,0.0,0.0,62,0.0008357372010891543,0.0,0.8821071361173267,1.347963227563152e-05,0.8821071361173267
linkf003__tu,float64,0.6015254464885189,0.0,607.0,607.0,2.878644977467232,0.3051249561911951,0.0,0.0,51,0.0006874612460572076,0.0,0.9051707869409322,1.347963227563152e-05,0.9051707869409322
linkf002__tu,float64,0.6015254464885189,0.0,438.0,438.0,2.0054251065229787,0.1947941660151511,0.0,0.0,41,0.0005526649233008924,0.0,0.9321704903890222,1.347963227563152e-05,0.9321704903890222
linkf175__tu,float64,0.6015254464885189,0.0,4.0,4.0,0.33996612562652173,0.12220634621087537,0.0,0.0,5,6.73981613781576e-05,0.0,0.8818105842072628,1.347963227563152e-05,0.8818105842072628
linkf037__tu,float64,0.6015254464885189,0.0,36.0,36.0,1.1803359524642099,0.3618202895425013,0.0,0.0,24,0.0003235111746151565,0.0,0.8318281077292211,1.347963227563152e-05,0.8318281077292211
linkf038__tu,float64,0.6015254464885189,0.0,219.0,219.0,10.99306286740921,6.840711185398862,3.0,1.0,145,0.0019545466799665706,0.0,0.09230852182352466,1.347963227563152e-05,0.09230852182352466
linkf039__tu,float64,0.6015254464885189,0.0,10.0,10.0,0.3503224102354414,0.062370258539347044,0.0,0.0,10,0.0001347963227563152,0.0,0.9576604750222414,2.695926455126304e-05,0.9576604750222414
linkf052__tu,float64,0.6015254464885189,0.0,12.0,12.0,0.4316959157379743,0.12340603348340658,0.0,0.0,12,0.00016175558730757825,0.0,0.9032162402609657,1.347963227563152e-05,0.9032162402609657
linkf059__tu,float64,0.6015254464885189,0.0,40.0,40.0,0.4315030055820085,0.07754832448170813,0.0,0.0,17,0.00022915374868573586,0.0,0.9425228479767072,1.347963227563152e-05,0.9425228479767072
linkf058__tu,float64,0.6015254464885189,0.0,48.0,48.0,1.084373336827102,0.13827406788342814,0.0,0.0,32,0.00043134823282020866,0.0,0.9595880624376567,1.347963227563152e-05,0.9595880624376567
linkf057__tu,float64,0.6015254464885189,0.0,3.0,3.0,0.13136399067932716,0.01675518291860998,0.0,0.0,4,5.391852910252608e-05,0.0,0.9836087671528321,2.695926455126304e-05,0.9836087671528321
linkf108__tu,float64,0.6015254464885189,0.0,15.0,15.0,0.6268975663640481,0.18464400291160057,0.0,0.0,14,0.0001887148518588413,0.0,0.8811366025934813,2.695926455126304e-05,0.8811366025934813
linkf055__tu,float64,0.6015254464885189,0.0,4.0,4.0,0.3884544774572865,0.14008033860836278,0.0,0.0,5,6.73981613781576e-05,0.0,0.874194591971531,1.347963227563152e-05,0.874194591971531
linkf054__tu,float64,0.6015254464885189,0.0,5.0,5.0,0.13774316664739364,0.012967406249157524,0.0,0.0,6,8.087779365378912e-05,0.0,0.9893510905022511,2.695926455126304e-05,0.9893510905022511
linkf053__tu,float64,0.6015254464885189,0.0,68.0,68.0,1.9610379068450075,0.9655595395357615,0.0,0.0,45,0.0006065834524034184,0.0,0.553918529102526,1.347963227563152e-05,0.553918529102526
linkf051__tu,float64,0.6015254464885189,0.0,5.0,5.0,0.27931944843419254,0.06402825330924973,0.0,0.0,6,8.087779365378912e-05,0.0,0.9441673631143342,2.695926455126304e-05,0.9441673631143342
linkf040__tu,float64,0.6015254464885189,0.0,14.0,14.0,1.1168984428986142,0.5919715310166339,0.0,0.0,15,0.00020219448413447282,0.0,0.668131453373952,2.695926455126304e-05,0.668131453373952
linkf050__tu,float64,0.6015254464885189,0.0,40.0,40.0,0.4158686505663272,0.06897527835440649,0.0,0.0,17,0.00022915374868573586,0.0,0.9496131345536893,1.347963227563152e-05,0.9496131345536893
linkf047__tu,float64,0.6015254464885189,0.0,79.0,79.0,2.584264897174519,0.5589194726767853,0.0,0.0,49,0.0006605019815059445,0.0,0.8974199983824441,1.347963227563152e-05,0.8974199983824441
linkf046__tu,float64,0.6015254464885189,0.0,15.0,15.0,0.4805532577579138,0.09505836680775348,0.0,0.0,14,0.0001887148518588413,0.0,0.9441943223788855,1.347963227563152e-05,0.9441943223788855
linkf044__tu,float64,0.6015254464885189,0.0,42.0,42.0,1.6007537140522192,0.6016094680937104,0.0,0.0,36,0.00048526676192273474,0.0,0.756733076321678,1.347963227563152e-05,0.756733076321678
linkf043__tu,float64,0.6015254464885189,0.0,30.0,30.0,1.0558699316976399,0.2125333620898822,0.0,0.0,28,0.0003774297037176826,0.0,0.906896179872213,1.347963227563152e-05,0.906896179872213
linkf042__tu,float64,0.6015254464885189,0.0,5.0,5.0,0.2354810334267378,0.04395708085083439,0.0,0.0,6,8.087779365378912e-05,0.0,0.9617178443372065,1.347963227563152e-05,0.9617178443372065
linkf041__tu,float64,0.6015254464885189,0.0,4.0,4.0,0.15669887491971185,0.02154045237645917,0.0,0.0,5,6.73981613781576e-05,0.0,0.9799557868061359,2.695926455126304e-05,0.9799557868061359
linkf107__tu,float64,0.6015254464885189,0.0,92.0,92.0,6.26677768905504,5.375825627476883,3.0,1.0,72,0.0009705335238454695,0.0,0.009772733399832853,1.347963227563152e-05,0.009772733399832853
linkf068__tu,float64,0.6015254464885189,0.0,227.0,227.0,11.354955309509693,7.806270724934624,4.0,1.0,147,0.0019815059445178335,0.0,0.009772733399832853,1.347963227563152e-05,0.009772733399832853
linkf109__tu,float64,0.6015254464885189,0.0,16.0,16.0,0.8701967636445427,0.31349580783436226,0.0,0.0,15,0.00020219448413447282,0.0,0.8169735529614752,1.347963227563152e-05,0.8169735529614752
linkf207__tu,float64,0.6015254464885189,0.0,12220.73,12220.73,317.3239675339484,54.38624969670826,0.0,0.0,1661,0.022389669209823954,0.0,0.9377240988865824,1.347963227563152e-05,0.9377240988865824
linkf209__tu,float64,0.6015254464885189,0.0,72.0,72.0,2.1756883273500867,0.4634836761653142,0.0,0.0,46,0.0006200630846790499,0.0,0.9092551155204486,1.347963227563152e-05,0.9092551155204486
linkf210__tu,float64,0.6015254464885189,0.0,710.0,710.0,4.866584009917523,1.0015231984471464,0.0,0.0,72,0.0009705335238454695,0.0,0.7537001590596608,1.347963227563152e-05,0.7537001590596608
linkf211__tu,float64,0.6015254464885189,0.0,20307.12,20307.12,581.2309856047465,114.58959561103171,0.0,0.0,2440,0.03289030275254091,0.0,0.909349472946378,1.347963227563152e-05,0.909349472946378
linkf212__tu,float64,0.6015254464885189,0.0,366430.0,366430.0,1555.291017316006,236.0645396705578,0.0,0.0,4803,0.0647426738198582,0.0,0.7752810503329469,1.347963227563152e-05,0.7752810503329469
linkf161__tu,float64,0.6015254464885189,0.0,5.0,5.0,0.5097144322379846,0.28308575742053754,0.0,0.0,6,8.087779365378912e-05,0.0,0.7429838514005338,1.347963227563152e-05,0.7429838514005338
linkf110__tu,float64,0.6015254464885189,0.0,16.0,16.0,1.0660108824647494,0.42993287143126735,0.0,0.0,17,0.00022915374868573586,0.0,0.7663979726633058,1.347963227563152e-05,0.7663979726633058
linkf173__tu,float64,0.6015254464885189,0.0,6.0,6.0,0.6432266880555557,0.5976329765723991,1.0,0.0,7,9.435742592942064e-05,0.0,0.47953791820559133,1.347963227563152e-05,0.47953791820559133
linkf181__tu,float64,0.6015254464885189,0.0,11.0,11.0,0.8803035884449012,1.5311514301889844,1.0,1.0,12,0.00016175558730757825,0.0,0.012293424635375947,2.695926455126304e-05,0.012293424635375947
linkf160__tu,float64,0.6015254464885189,0.0,4.0,4.0,0.4027159055746561,0.16755182918609982,0.0,0.0,5,6.73981613781576e-05,0.0,0.8431240395762004,6.73981613781576e-05,0.8431240395762004
linkf159__tu,float64,0.6015254464885189,0.0,4.0,4.0,0.3479391473253898,0.12254333701776615,0.0,0.0,5,6.73981613781576e-05,0.0,0.8838864475777101,4.043889682689456e-05,0.8838864475777101
linkf158__tu,float64,0.6015254464885189,0.0,8.0,8.0,0.7279487083606805,0.7261208314237187,1.0,1.0,9,0.00012131669048068369,0.0,0.40678834281400805,1.347963227563152e-05,0.40678834281400805
linkf157__tu,float64,0.6015254464885189,0.0,4.0,4.0,0.26543175924797807,0.06998625077507886,0.0,0.0,5,6.73981613781576e-05,0.0,0.9326018386218424,1.347963227563152e-05,0.9326018386218424
linkf156__tu,float64,0.6015254464885189,0.0,7.0,7.0,0.6868584590159841,0.6108699754670692,1.0,0.0,8,0.00010783705820505216,0.0,0.4863586121370609,4.043889682689456e-05,0.4863586121370609
linkf155__tu,float64,0.6015254464885189,0.0,6.0,6.0,0.622414320268027,0.4660987248267867,0.0,0.0,7,9.435742592942064e-05,0.0,0.5940743536516324,4.043889682689456e-05,0.5940743536516324
linkf154__tu,float64,0.6015254464885189,0.0,15.0,15.0,1.2421155659795005,1.3045453320033429,1.0,1.0,16,0.00021567411641010433,0.0,0.2410697436173941,5.391852910252608e-05,0.2410697436173941
linkf153__tu,float64,0.6015254464885189,0.0,6.0,6.0,0.6373144459433169,0.37056857088938616,0.0,0.0,7,9.435742592942064e-05,0.0,0.6995794354730003,2.695926455126304e-05,0.6995794354730003
linkf152__tu,float64,0.6015254464885189,0.0,6.0,6.0,0.549933900424956,0.2720459385867954,0.0,0.0,7,9.435742592942064e-05,0.0,0.7719381015285903,1.347963227563152e-05,0.7719381015285903
linkf208__tu,float64,0.6015254464885189,0.0,10880.0,10880.0,179.01650679823217,20.74603604453671,0.0,0.0,989,0.013331356320599574,0.0,0.9659504488717547,1.347963227563152e-05,0.9659504488717547
linkf206__tu,float64,0.6015254464885189,0.0,106.0,106.0,0.7891832908938131,0.08969347316205215,0.0,0.0,25,0.00033699080689078803,0.0,0.9617043647049308,1.347963227563152e-05,0.9617043647049308
linkf172__tu,float64,0.6015254464885189,0.0,20.0,20.0,1.4782095110823663,1.8745720216752486,1.0,1.0,21,0.00028307227778826195,0.0,0.06974361739411748,1.347963227563152e-05,0.06974361739411748
linkf205__tu,float64,0.6015254464885189,0.0,44.0,44.0,1.2041652484643297,0.2239506106273421,0.0,0.0,29,0.0003909093359933141,0.0,0.9377106192543068,2.695926455126304e-05,0.9377106192543068
linkf170__tu,float64,0.6015254464885189,0.0,9.0,9.0,0.6197984990258499,0.3701776615533928,0.0,0.0,9,0.00012131669048068369,0.0,0.6932305286711778,1.347963227563152e-05,0.6932305286711778
linkf169__tu,float64,0.6015254464885189,0.0,5.0,5.0,0.49671704789561444,0.231782276979484,0.0,0.0,6,8.087779365378912e-05,0.0,0.7983177418920012,4.043889682689456e-05,0.7983177418920012
linkf168__tu,float64,0.6015254464885189,0.0,5.0,5.0,0.43856072449590355,0.1784568516970857,0.0,0.0,6,8.087779365378912e-05,0.0,0.8418434745100154,1.347963227563152e-05,0.8418434745100154
linkf167__tu,float64,0.6015254464885189,0.0,14.0,14.0,0.9595127427298964,0.9466071765562235,1.0,1.0,13,0.00017523521958320978,0.0,0.35432561399725016,1.347963227563152e-05,0.35432561399725016
linkf166__tu,float64,0.6015254464885189,0.0,4.0,4.0,0.3531378924722569,0.1137950556708813,0.0,0.0,5,6.73981613781576e-05,0.0,0.8971908446337584,5.391852910252608e-05,0.8971908446337584
linkf165__tu,float64,0.6015254464885189,0.0,14.0,14.0,0.8787237569068367,0.787129647103227,1.0,0.0,13,0.00017523521958320978,0.0,0.433019707222387,1.347963227563152e-05,0.433019707222387
linkf164__tu,float64,0.6015254464885189,0.0,11.0,11.0,0.7727374826955526,0.5977542932628798,0.0,0.0,11,0.00014827595503194674,0.0,0.5415307470412207,1.347963227563152e-05,0.5415307470412207
linkf163__tu,float64,0.6015254464885189,0.0,18.0,18.0,0.9898239037650698,1.3447685547138275,1.0,1.0,16,0.00021567411641010433,0.0,0.10720351548809748,2.695926455126304e-05,0.10720351548809748
linkf162__tu,float64,0.6015254464885189,0.0,5.0,5.0,0.5741030107225661,0.3785889520933869,0.0,0.0,6,8.087779365378912e-05,0.0,0.663480980238859,4.043889682689456e-05,0.663480980238859
linkf197__tu,float64,0.6015254464885189,0.0,385.0,385.0,12.960081761796149,4.99552476208449,0.0,0.0,170,0.0022915374868573584,0.0,0.6193486641684415,1.347963227563152e-05,0.6193486641684415
linkf198__tu,float64,0.6015254464885189,0.0,10.0,10.0,0.17625584741989195,0.012374302429029736,0.0,0.0,11,0.00014827595503194674,0.0,0.9923031299706144,1.347963227563152e-05,0.9923031299706144
linkf199__tu,float64,0.6015254464885189,0.0,81278.0,81278.0,3499.1134905126155,1214.7241390558863,0.0,0.0,10226,0.13784271965060793,0.0,0.6208853422478635,1.347963227563152e-05,0.6208853422478635
linkf200__tu,float64,0.6015254464885189,0.0,3365.0,3365.0,46.67274889585961,2.6268271641549616,0.0,0.0,300,0.004043889682689456,0.0,0.9934354190817675,1.347963227563152e-05,0.9934354190817675
linkf201__tu,float64,0.6015254464885189,0.0,15.0,15.0,0.4432179806703148,0.07109158062168064,0.0,0.0,13,0.00017523521958320978,0.0,0.9628501334483596,1.347963227563152e-05,0.9628501334483596
linkf202__tu,float64,0.6015254464885189,0.0,29.0,29.0,0.3919773812641934,0.04246084166823929,0.0,0.0,16,0.00021567411641010433,0.0,0.9782977920362332,2.695926455126304e-05,0.9782977920362332
linkf203__tu,float64,0.6015254464885189,0.0,4713.0,4713.0,123.52827303898641,17.296993772409888,0.0,0.0,893,0.012037311622138948,0.0,0.9628636130806352,1.347963227563152e-05,0.9628636130806352
linkf204__tu,float64,0.6015254464885189,0.0,5140.0,5140.0,100.27002103310026,9.373527215377564,0.0,0.0,642,0.008653923920955436,0.0,0.9809802388590839,1.347963227563152e-05,0.9809802388590839
linkf151__tu,float64,0.6015254464885189,0.0,5.0,5.0,0.41793890054187977,0.15722643086296606,0.0,0.0,6,8.087779365378912e-05,0.0,0.8614967783678861,1.347963227563152e-05,0.8614967783678861
linkf150__tu,float64,0.6015254464885189,0.0,4.0,4.0,0.3561864235379725,0.11436120022645782,0.0,0.0,5,6.73981613781576e-05,0.0,0.8972178038983096,8.087779365378912e-05,0.8972178038983096
linkf149__tu,float64,0.6015254464885189,0.0,11.0,11.0,0.8932412241470447,0.7523387161998221,1.0,0.0,12,0.00016175558730757825,0.0,0.4636049928557949,2.695926455126304e-05,0.4636049928557949
linkf120__tu,float64,0.6015254464885189,0.0,120.0,120.0,2.974744022635565,0.7365136279082307,0.0,0.0,53,0.0007144205106084706,0.0,0.862669506375866,1.347963227563152e-05,0.862669506375866
linkf130__tu,float64,0.6015254464885189,0.0,142.0,142.0,3.07717276015113,0.5984687137734883,0.0,0.0,61,0.0008222575688135227,0.0,0.9147817647534575,1.347963227563152e-05,0.9147817647534575
linkf129__tu,float64,0.6015254464885189,0.0,100.0,100.0,2.1642886883512276,0.3759739034319144,0.0,0.0,49,0.0006605019815059445,0.0,0.9379262933707169,1.347963227563152e-05,0.9379262933707169
linkf128__tu,float64,0.6015254464885189,0.0,73.0,73.0,1.6877725966399841,0.27092712910791794,0.0,0.0,39,0.0005257056587496293,0.0,0.9505162699161567,1.347963227563152e-05,0.9505162699161567
linkf127__tu,float64,0.6015254464885189,0.0,49.0,49.0,1.1857241656537039,0.1702073167443992,0.0,0.0,31,0.0004178686005445771,0.0,0.9634432372684874,1.347963227563152e-05,0.9634432372684874
linkf126__tu,float64,0.6015254464885189,0.0,20.0,20.0,0.6115216702538608,0.075944248240908,0.0,0.0,17,0.00022915374868573586,0.0,0.9768959102795676,2.695926455126304e-05,0.9768959102795676
linkf125__tu,float64,0.6015254464885189,0.0,284.0,284.0,7.729217115462679,2.325250047178713,0.0,0.0,121,0.001631035505351414,0.0,0.7582293155042731,1.347963227563152e-05,0.7582293155042731
linkf122__tu,float64,0.6015254464885189,0.0,198.0,198.0,5.3230912786110425,1.5623298196425202,0.0,0.0,85,0.0011457687434286792,0.0,0.7780174156849001,1.347963227563152e-05,0.7780174156849001
linkf121__tu,float64,0.6015254464885189,0.0,170.0,170.0,4.229441765578563,1.153128622651174,0.0,0.0,72,0.0009705335238454695,0.0,0.817566656781603,1.347963227563152e-05,0.817566656781603
linkf119__tu,float64,0.6015254464885189,0.0,89.0,89.0,2.319121154092264,0.5351414013425714,0.0,0.0,44,0.000593103820127787,0.0,0.8883212465963929,1.347963227563152e-05,0.8883212465963929
linkf180__tu,float64,0.6015254464885189,0.0,6.0,6.0,0.6065133061738551,0.49646833634378457,0.0,0.0,7,9.435742592942064e-05,0.0,0.5572075593777802,1.347963227563152e-05,0.5572075593777802
linkf118__tu,float64,0.6015254464885189,0.0,59.0,59.0,1.6225161575865124,0.3395384573908824,0.0,0.0,34,0.00045830749737147173,0.0,0.9156983797482005,1.347963227563152e-05,0.9156983797482005
linkf117__tu,float64,0.6015254464885189,0.0,25.0,25.0,0.8451598628237671,0.1546383414660448,0.0,0.0,20,0.0002695926455126304,0.0,0.9461758283234033,1.347963227563152e-05,0.9461758283234033
linkf116__tu,float64,0.6015254464885189,0.0,310.0,310.0,10.68796189135623,4.189847140969994,0.0,0.0,147,0.0019815059445178335,0.0,0.5786806135928612,1.347963227563152e-05,0.5786806135928612
linkf115__tu,float64,0.6015254464885189,0.0,40.0,40.0,3.359142979427291,2.412598064324805,1.0,0.0,39,0.0005257056587496293,0.0,0.2825330924972367,1.347963227563152e-05,0.2825330924972367
linkf114__tu,float64,0.6015254464885189,0.0,33.0,33.0,2.8686556283818505,1.927317822769795,1.0,0.0,34,0.00045830749737147173,0.0,0.3634917639446796,1.347963227563152e-05,0.3634917639446796
linkf113__tu,float64,0.6015254464885189,0.0,25.0,25.0,2.2756240510934402,1.3662011700320815,1.0,0.0,26,0.00035047043916641956,0.0,0.47849998652036774,1.347963227563152e-05,0.47849998652036774
linkf112__tu,float64,0.6015254464885189,0.0,24.0,24.0,1.9338774520840007,1.0659693203569407,0.0,0.0,24,0.0003235111746151565,0.0,0.5560213517375246,5.391852910252608e-05,0.5560213517375246
linkf111__tu,float64,0.6015254464885189,0.0,18.0,18.0,1.5495868420210877,0.7619901329091743,0.0,0.0,19,0.0002561130132369989,0.0,0.6467931954816273,5.391852910252608e-05,0.6467931954816273
linkf131__tu,float64,0.6015254464885189,0.0,164.0,164.0,3.8658000631966503,0.8223249669749009,0.0,0.0,76,0.0010244520529479955,0.0,0.8926616881891462,1.347963227563152e-05,0.8926616881891462
linkf176__tu,float64,0.6015254464885189,0.0,7.0,7.0,0.7227986259944049,0.8938478958294018,1.0,1.0,8,0.00010783705820505216,0.0,0.28370582050521664,2.695926455126304e-05,0.28370582050521664
linkf141__tu,float64,0.6015254464885189,0.0,5.0,5.0,0.3894412550103218,0.13448629121397568,0.0,0.0,6,8.087779365378912e-05,0.0,0.8807322136252123,5.391852910252608e-05,0.8807322136252123
linkf132__tu,float64,0.6015254464885189,0.0,750000.0,750000.0,8956.953326174409,3358.48255169439,2750.0,0.0,9435,0.1271803305205834,0.0,0.13025368667942738,2.695926455126304e-05,0.13025368667942738
linkf148__tu,float64,0.6015254464885189,0.0,4.0,4.0,0.2696256639305768,0.06525489984633219,0.0,0.0,5,6.73981613781576e-05,0.0,0.9401234734316448,1.347963227563152e-05,0.9401234734316448
linkf147__tu,float64,0.6015254464885189,0.0,8.0,8.0,0.8136086502269776,0.6232577575283746,0.0,0.0,9,0.00012131669048068369,0.0,0.5350200846520907,4.043889682689456e-05,0.5350200846520907
linkf179__tu,float64,0.6015254464885189,0.0,6.0,6.0,0.554726631736525,0.3849378588952093,0.0,0.0,6,8.087779365378912e-05,0.0,0.6478850456959534,1.347963227563152e-05,0.6478850456959534
linkf146__tu,float64,0.6015254464885189,0.0,7.0,7.0,0.7077667111556115,0.46426549483730084,0.0,0.0,8,0.00010783705820505216,0.0,0.6344862912139757,1.347963227563152e-05,0.6344862912139757
linkf145__tu,float64,0.6015254464885189,0.0,43.0,43.0,1.914880982712417,2.120305718060011,1.0,1.0,29,0.0003909093359933141,0.0,0.04698999811285148,1.347963227563152e-05,0.04698999811285148
linkf144__tu,float64,0.6015254464885189,0.0,8.0,8.0,0.7301359578006699,0.4537648612945839,0.0,0.0,9,0.00012131669048068369,0.0,0.6509988407516243,5.391852910252608e-05,0.6509988407516243
linkf143__tu,float64,0.6015254464885189,0.0,8.0,8.0,0.6175107161814912,0.32809424958887123,0.0,0.0,9,0.00012131669048068369,0.0,0.7348151942415011,1.347963227563152e-05,0.7348151942415011
linkf142__tu,float64,0.6015254464885189,0.0,5.0,5.0,0.4619287010344946,0.1869759792952848,0.0,0.0,6,8.087779365378912e-05,0.0,0.8387027201897932,0.00012131669048068369,0.8387027201897932
linkf171__tu,float64,0.6015254464885189,0.0,10.0,10.0,0.70423767638285,0.4870730326476694,0.0,0.0,10,0.0001347963227563152,0.0,0.6121640201655298,1.347963227563152e-05,0.6121640201655298
linkf140__tu,float64,0.6015254464885189,0.0,24.0,24.0,1.1143792964276047,0.9802253794516486,1.0,1.0,17,0.00022915374868573586,0.0,0.3761221793869463,1.347963227563152e-05,0.3761221793869463
linkf139__tu,float64,0.6015254464885189,0.0,4.0,4.0,0.2892257907112071,0.07527026662712641,0.0,0.0,5,6.73981613781576e-05,0.0,0.9310516809101448,6.73981613781576e-05,0.9310516809101448
linkf138__tu,float64,0.6015254464885189,0.0,13.0,13.0,0.985212961726024,0.7941120966220041,1.0,0.0,14,0.0001887148518588413,0.0,0.4611112608848031,1.347963227563152e-05,0.4611112608848031
linkf137__tu,float64,0.6015254464885189,0.0,10.0,10.0,0.8277847970167775,0.576564311325587,0.0,0.0,11,0.00014827595503194674,0.0,0.576456474267382,1.347963227563152e-05,0.576456474267382
linkf178__tu,float64,0.6015254464885189,0.0,4.0,4.0,0.4637370826759836,0.24635375946944169,0.0,0.0,5,6.73981613781576e-05,0.0,0.7674763432453563,5.391852910252608e-05,0.7674763432453563
linkf177__tu,float64,0.6015254464885189,0.0,4.0,4.0,0.4139491186203408,0.19031892809964143,0.0,0.0,5,6.73981613781576e-05,0.0,0.8179306068530451,2.695926455126304e-05,0.8179306068530451
linkb012__tu,float64,0.5919000939975829,0.0,1.0,1.0,0.30138685195017445,0.10104240701255626,0.0,0.0,2,2.632340940798652e-05,0.0,0.8989575929874437,0.10104240701255626,0.8989575929874437
intopenbktype__app,float64,0.5862065261178998,7.0,13.0,6.0,2.7898033474725366,8.896778213349256,7.0,7.0,2,2.5961213946364132e-05,0.0,0.683870297775124,0.316129702224876,0.0
auto_reason4__ln,object,0.5746904793876729,,,,,,,C13,19,0.00023995352479098784,,,,
bcpmtnum__tu,float64,0.5586303209346045,1.0,7.0,6.0,1.6210925921420558,1.9935257752032323,1.0,1.0,7,8.51871683785231e-05,0.0,0.7145256291680865,0.008104950591442341,0.0
bcpmtstr__tu,object,0.5586303209346045,,,,,,,NOBC,7,8.51871683785231e-05,,,,
ad03d__tu,float64,0.5585712367396267,0.0,11.0,11.0,0.8559128291068255,0.4031855736587859,0.0,0.0,11,0.0001338476327220958,0.0,0.7542314103890099,1.2167966611099619e-05,0.7542314103890099
ad14c__tu,float64,0.5585712367396267,0.0,100.0,100.0,15.912003500667085,7.639560493046007,0.0,0.0,58,0.0007057420634437779,0.0,0.6528235766521057,0.014005329569375662,0.6528235766521057
ad14a__tu,float64,0.5585712367396267,0.0,100.0,100.0,9.333334063730636,2.57508243797379,0.0,0.0,40,0.0004867186644439848,0.0,0.8585838920458002,0.004234452380662668,0.8585838920458002
ad13h__tu,float64,0.5585712367396267,-2.0,17.0,19.0,1.8325228952513792,1.2297312096175608,1.0,1.0,20,0.0002433593322219924,0.13709647980725942,0.0001216796661109962,2.4335933222199238e-05,0.2586909701519779
ad13g__tu,float64,0.5585712367396267,-2.0,15.0,17.0,1.6711179313562068,0.9841451395057372,1.0,0.0,18,0.00021902339899979313,0.17384373897278027,0.0001946874657775939,2.4335933222199238e-05,0.268108976308969
ad13f__tu,float64,0.5585712367396267,-2.0,15.0,17.0,1.5010252987042416,0.7039777082851685,0.0,0.0,17,0.00020685543238869352,0.2297312096175608,0.00029203119866639084,2.4335933222199238e-05,0.2713943272939659
ad13e__tu,float64,0.5585712367396267,-2.0,13.0,15.0,1.339024883310281,0.4114476229877225,0.0,-1.0,16,0.0001946874657775939,0.30278768115060295,0.0003285350984996897,2.4335933222199238e-05,0.27123614372802163
ad13d__tu,float64,0.5585712367396267,-2.0,10.0,12.0,1.1702155287009677,0.1056666220507891,0.0,-1.0,13,0.00015818356594429504,0.3969190708540696,0.00047455069783288513,1.2167966611099619e-05,0.2650183127897497
ad13c__tu,float64,0.5585712367396267,-2.0,7.0,9.0,0.9712543185223863,-0.2235985544455666,-1.0,-1.0,10,0.0001216796661109962,0.5205456116228417,0.0005597264641105825,6.08398330554981e-05,0.2495771631602643
ad13b__tu,float64,0.5585712367396267,-2.0,5.0,7.0,0.711470434088481,-0.5847316354963922,-1.0,-1.0,8,9.734373288879695e-05,0.7013007556307266,0.0005232225642772836,4.8671866444398476e-05,0.19401822761398343
ad13a__tu,float64,0.5585712367396267,-2.0,4.0,6.0,0.5179997507368613,-0.7784578319117093,-1.0,-1.0,7,8.517576627769734e-05,0.8233454607400558,0.0003650389983329886,1.2167966611099619e-05,0.13360427338987382
ad12h__tu,float64,0.5585712367396267,0.0,18.0,18.0,2.0412772102900782,1.8562598104230803,1.0,0.0,19,0.00023119136561089277,0.0,0.3001350644293832,1.2167966611099619e-05,0.3001350644293832
ad12g__tu,float64,0.5585712367396267,0.0,18.0,18.0,1.7997331208770029,1.569679860798462,1.0,0.0,17,0.00020685543238869352,0.0,0.3436233770974532,1.2167966611099619e-05,0.3436233770974532
ad12f__tu,float64,0.5585712367396267,0.0,16.0,16.0,1.5374940351041086,1.255405619166981,1.0,0.0,16,0.0001946874657775939,0.0,0.4082961196354477,1.2167966611099619e-05,0.4082961196354477
ad12e__tu,float64,0.5585712367396267,0.0,14.0,14.0,1.2763279921212782,0.9671951620164754,1.0,0.0,14,0.00017035153255539468,0.0,0.48013579450737986,1.2167966611099619e-05,0.48013579450737986
ad12d__tu,float64,0.5585712367396267,0.0,10.0,10.0,1.0449502330158653,0.7195527055473759,0.0,0.0,11,0.0001338476327220958,0.0,0.5612474599369699,2.4335933222199238e-05,0.5612474599369699
ad12c__tu,float64,0.5585712367396267,0.0,9.0,9.0,0.8276985789478741,0.5011012009783045,0.0,0.0,10,0.0001216796661109962,0.0,0.6528235766521057,2.4335933222199238e-05,0.6528235766521057
ad12b__tu,float64,0.5585712367396267,0.0,8.0,8.0,0.5825585944704827,0.2790723142255698,0.0,0.0,9,0.00010951169949989657,0.0,0.776231094021878,1.2167966611099619e-05,0.776231094021878
ad12a__tu,float64,0.5585712367396267,0.0,7.0,7.0,0.43022479160099497,0.1623693464585133,0.0,0.0,7,8.517576627769734e-05,0.0,0.8585838920458002,1.2167966611099619e-05,0.8585838920458002
ad09a__tu,float64,0.5585712367396267,0.0,1.0,1.0,0.41702128133574184,0.22414611294306608,0.0,0.0,2,2.4335933222199238e-05,0.0,0.7758538870569339,0.22414611294306608,0.7758538870569339
ad14b__tu,float64,0.5585712367396267,0.0,100.0,100.0,12.277514681299198,4.400265261672122,0.0,0.0,47,0.0005718944307216822,0.0,0.776231094021878,0.00797001813027025,0.776231094021878
ad14d__tu,float64,0.5585712367396267,0.0,100.0,100.0,18.537917959655893,10.692698003236679,0.0,0.0,63,0.000766581896499276,0.0,0.5612474599369699,0.01955392234403709,0.5612474599369699
ad01b__tu,float64,0.5585712367396267,0.0,10.0,10.0,0.7067683081698214,0.3961646569241814,0.0,0.0,10,0.0001216796661109962,0.0,0.7014346032634486,1.2167966611099619e-05,0.7014346032634486
ad14e__tu,float64,0.5585712367396267,0.0,100.0,100.0,20.627587068891756,13.88734896511444,6.0,0.0,68,0.0008274217295547741,0.0,0.48013579450737986,0.02464013238747673,0.48013579450737986
p03f__tu,float64,0.5585712367396267,-4.0,8.0,12.0,0.8919733517448514,0.5590328900137498,0.0,0.0,10,0.0001216796661109962,0.0061448231386053076,0.0061448231386053076,3.6503899833298855e-05,0.5708601535597386
p03e__tu,float64,0.5585712367396267,-4.0,7.0,11.0,0.810915753760772,0.45558083788618087,0.0,0.0,9,0.00010951169949989657,0.0061448231386053076,0.0061448231386053076,4.8671866444398476e-05,0.6272343428689632
p03d__tu,float64,0.5585712367396267,-4.0,7.0,11.0,0.7463597721351554,0.374615188055924,0.0,0.0,9,0.00010951169949989657,0.0061448231386053076,0.0061448231386053076,3.6503899833298855e-05,0.6761374006789725
p03c__tu,float64,0.5585712367396267,-4.0,6.0,10.0,0.6614392455729775,0.2769429200686273,0.0,0.0,8,9.734373288879695e-05,0.0061448231386053076,0.0061448231386053076,3.6503899833298855e-05,0.7411143423822445
p03b__tu,float64,0.5585712367396267,-4.0,5.0,9.0,0.5335376511001786,0.14495698623802977,0.0,0.0,7,8.517576627769734e-05,0.0061448231386053076,0.0061448231386053076,2.4335933222199238e-05,0.8415365708236496
p03a__tu,float64,0.5585712367396267,-4.0,4.0,8.0,0.44816903759471793,0.06873684338610175,0.0,0.0,6,7.300779966659771e-05,0.0061448231386053076,0.0061448231386053076,3.6503899833298855e-05,0.90704890305781
p02h__tu,float64,0.5585712367396267,-4.0,20.0,24.0,3.079456013617065,4.027475268607863,3.0,2.0,22,0.0002676952654441916,0.0061448231386053076,0.0061448231386053076,0.001058613095165667,0.05070391686845211
p02g__tu,float64,0.5585712367396267,-4.0,20.0,24.0,2.670679160347904,3.32599199347797,3.0,2.0,22,0.0002676952654441916,0.0061448231386053076,0.0061448231386053076,0.0005232225642772836,0.07887275957314774
p02f__tu,float64,0.5585712367396267,-4.0,20.0,24.0,2.2218042061637684,2.597508000438047,2.0,1.0,22,0.0002676952654441916,0.0061448231386053076,0.0061448231386053076,7.300779966659771e-05,0.12682671598749132
p02e__tu,float64,0.5585712367396267,-4.0,16.0,20.0,1.840083256445011,1.99048465011012,2.0,1.0,18,0.00021902339899979313,0.0061448231386053076,0.0061448231386053076,1.2167966611099619e-05,0.19040434153048685
p02d__tu,float64,0.5585712367396267,-4.0,16.0,20.0,1.566485617613918,1.5314359417397758,1.0,1.0,16,0.0001946874657775939,0.0061448231386053076,0.0061448231386053076,1.2167966611099619e-05,0.2655902072204714
p02c__tu,float64,0.5585712367396267,-4.0,14.0,18.0,1.2886363675636474,1.095396858231021,1.0,0.0,15,0.0001825194991664943,0.0061448231386053076,0.0061448231386053076,1.2167966611099619e-05,0.3712081574048161
p02b__tu,float64,0.5585712367396267,-4.0,8.0,12.0,0.9339227622936938,0.5914726889989413,0.0,0.0,10,0.0001216796661109962,0.0061448231386053076,0.0061448231386053076,3.6503899833298855e-05,0.5636810532591898
p02a__tu,float64,0.5585712367396267,-4.0,7.0,11.0,0.7075605695018816,0.31508949539442466,0.0,0.0,9,0.00010951169949989657,0.0061448231386053076,0.0061448231386053076,1.2167966611099619e-05,0.7210371974739301
ad14h__tu,float64,0.5585712367396267,0.0,100.0,100.0,25.08172617051978,24.354416363481498,20.0,0.0,82,0.0009977732621101688,0.0,0.3001350644293832,0.03907134078824088,0.3001350644293832
ad14g__tu,float64,0.5585712367396267,0.0,100.0,100.0,23.960250295931647,21.116386600635167,15.0,0.0,80,0.0009734373288879695,0.0,0.3436233770974532,0.034642200941800615,0.3436233770974532
ad14f__tu,float64,0.5585712367396267,0.0,100.0,100.0,22.46992222453995,17.411119087889222,11.0,0.0,75,0.0009125974958324715,0.0,0.4082961196354477,0.02975067836413857,0.4082961196354477
ad08a__tu,float64,0.5585712367396267,0.0,1.0,1.0,0.20737921447089647,0.04503364442767969,0.0,0.0,2,2.4335933222199238e-05,0.0,0.9549663555723203,0.04503364442767969,0.9549663555723203
ad01c__tu,float64,0.5585712367396267,0.0,11.0,11.0,1.0842767138653864,0.7986079846196902,0.0,0.0,12,0.00014601559933319542,0.0,0.5206794592555638,2.4335933222199238e-05,0.5206794592555638
ad03e__tu,float64,0.5585712367396267,0.0,14.0,14.0,1.147428648312842,0.6496112334667754,0.0,0.0,14,0.00017035153255539468,0.0,0.6563279510361023,1.2167966611099619e-05,0.6563279510361023
ad02f__tu,float64,0.5585712367396267,0.0,9.0,9.0,0.6322095703192826,0.20363092123675214,0.0,0.0,10,0.0001216796661109962,0.0,0.8734288113113418,4.8671866444398476e-05,0.8734288113113418
ad05e__tu,float64,0.5585712367396267,0.0,12.0,12.0,1.0508796903661333,0.5596291203776936,0.0,0.0,13,0.00015818356594429504,0.0,0.6906294489127922,1.2167966611099619e-05,0.6906294489127922
ad02g__tu,float64,0.5585712367396267,0.0,10.0,10.0,0.7608208244762953,0.27353588941751944,0.0,0.0,11,0.0001338476327220958,0.0,0.84242483238626,1.2167966611099619e-05,0.84242483238626
p03h__tu,float64,0.5585712367396267,-4.0,12.0,16.0,1.0676746348650739,0.8064928269836827,1.0,0.0,14,0.00017035153255539468,0.0061448231386053076,0.0061448231386053076,1.2167966611099619e-05,0.45522796685445893
ad05d__tu,float64,0.5585712367396267,0.0,9.0,9.0,0.7887793518205702,0.34970736040300304,0.0,0.0,10,0.0001216796661109962,0.0,0.7801248433374299,1.2167966611099619e-05,0.7801248433374299
ad05c__tu,float64,0.5585712367396267,0.0,7.0,7.0,0.5248125698065836,0.1758636214302228,0.0,0.0,8,9.734373288879695e-05,0.0,0.8726257255150092,2.4335933222199238e-05,0.8726257255150092
ad05b__tu,float64,0.5585712367396267,0.0,6.0,6.0,0.26269469737124934,0.049912999038730636,0.0,0.0,7,8.517576627769734e-05,0.0,0.9586167455556502,3.6503899833298855e-05,0.9586167455556502
ad05a__tu,float64,0.5585712367396267,0.0,5.0,5.0,0.13720774243447031,0.01473540756604164,0.0,0.0,6,7.300779966659771e-05,0.0,0.9870046116593456,1.2167966611099619e-05,0.9870046116593456
ad04h__tu,float64,0.5585712367396267,0.0,14.0,14.0,1.398533431033688,0.8322159083995474,0.0,0.0,15,0.0001825194991664943,0.0,0.6172322743146392,1.2167966611099619e-05,0.6172322743146392
ad04g__tu,float64,0.5585712367396267,0.0,12.0,12.0,1.2226917008601803,0.6708078313033109,0.0,0.0,13,0.00015818356594429504,0.0,0.6660014844919265,2.4335933222199238e-05,0.6660014844919265
ad04f__tu,float64,0.5585712367396267,0.0,11.0,11.0,1.0159334514168936,0.5000547558497499,0.0,0.0,12,0.00014601559933319542,0.0,0.7260869036175365,1.2167966611099619e-05,0.7260869036175365
ad04e__tu,float64,0.5585712367396267,0.0,10.0,10.0,0.8121872082025865,0.34665320078361705,0.0,0.0,11,0.0001338476327220958,0.0,0.7905041188566979,2.4335933222199238e-05,0.7905041188566979
ad04d__tu,float64,0.5585712367396267,0.0,8.0,8.0,0.6121332615724966,0.2176970906391833,0.0,0.0,9,0.00010951169949989657,0.0,0.853911392867138,1.2167966611099619e-05,0.853911392867138
ad03a__tu,float64,0.5585712367396267,0.0,5.0,5.0,0.14658233378414184,0.016803961889928574,0.0,0.0,6,7.300779966659771e-05,0.0,0.985228088534125,2.4335933222199238e-05,0.985228088534125
ad04c__tu,float64,0.5585712367396267,0.0,6.0,6.0,0.4098245395778217,0.11014443376367375,0.0,0.0,7,8.517576627769734e-05,0.0,0.9168806200795785,4.8671866444398476e-05,0.9168806200795785
ad04b__tu,float64,0.5585712367396267,0.0,5.0,5.0,0.20550748761708612,0.031235170290692723,0.0,0.0,6,7.300779966659771e-05,0.0,0.9737050241534138,3.6503899833298855e-05,0.9737050241534138
ad04a__tu,float64,0.5585712367396267,0.0,5.0,5.0,0.10813932073649292,0.009198982757991312,0.0,0.0,6,7.300779966659771e-05,0.0,0.9918352944039521,1.2167966611099619e-05,0.9918352944039521
ad03f__tu,float64,0.5585712367396267,0.0,15.0,15.0,1.4452215316730495,0.9435041310246645,0.0,0.0,15,0.0001825194991664943,0.0,0.5634133579937457,1.2167966611099619e-05,0.5634133579937457
ad02h__tu,float64,0.5585712367396267,0.0,11.0,11.0,0.8714273974619698,0.339315916917124,0.0,0.0,12,0.00014601559933319542,0.0,0.8158499933076183,3.6503899833298855e-05,0.8158499933076183
ad02e__tu,float64,0.5585712367396267,0.0,8.0,8.0,0.5026641106160074,0.1401384714600343,0.0,0.0,9,0.00010951169949989657,0.0,0.9062093133616441,2.4335933222199238e-05,0.9062093133616441
ad07a__tu,float64,0.5585712367396267,0.0,14.0,14.0,0.8639134290285931,0.42587883138848664,0.0,0.0,12,0.00014601559933319542,0.0,0.7309419222953653,1.2167966611099619e-05,0.7309419222953653
ad03h__tu,float64,0.5585712367396267,0.0,19.0,19.0,1.9938944649315853,1.5751189418736236,1.0,0.0,18,0.00021902339899979313,0.0,0.42210676173904577,1.2167966611099619e-05,0.42210676173904577
ad01d__tu,float64,0.5585712367396267,0.0,13.0,13.0,1.4343005536183806,1.2226129491500675,1.0,0.0,14,0.00017035153255539468,0.0,0.3970529184867917,1.2167966611099619e-05,0.3970529184867917
ad01e__tu,float64,0.5585712367396267,0.0,15.0,15.0,1.7787666149463364,1.6817590012533006,1.0,0.0,16,0.0001946874657775939,0.0,0.302921528783325,6.08398330554981e-05,0.302921528783325
ad06d__tu,float64,0.5585712367396267,-4.0,999.0,1003.0,58.505032494502444,61.22156650402151,43.0,-4.0,369,0.00448997967949576,0.05650803694194663,0.05650803694194663,0.0001825194991664943,0.00014601559933319542
ad01f__tu,float64,0.5585712367396267,0.0,17.0,17.0,2.130006231317469,2.1894065682683768,2.0,1.0,18,0.00021902339899979313,0.0,0.22986505725028292,3.6503899833298855e-05,0.22986505725028292
ad01g__tu,float64,0.5585712367396267,0.0,20.0,20.0,2.473850649608118,2.727863426742757,2.0,1.0,20,0.0002433593322219924,0.0,0.17397758660550236,1.2167966611099619e-05,0.17397758660550236
ad06c__tu,float64,0.5585712367396267,-4.0,999.0,1003.0,60.138934521545416,94.60530766703576,85.0,-4.0,377,0.004587323412384556,0.05650803694194663,0.05650803694194663,0.0001825194991664943,0.00014601559933319542
ad06b__tu,float64,0.5585712367396267,-4.0,999.0,1003.0,63.16011106274285,37.56430161955635,10.0,1.0,369,0.00448997967949576,0.05650803694194663,0.05650803694194663,0.0001825194991664943,0.08695228940291788
ad01h__tu,float64,0.5585712367396267,0.0,20.0,20.0,2.7811335964528734,3.2232091795140114,3.0,1.0,21,0.00025552729883309203,0.0,0.1372303274399815,2.4335933222199238e-05,0.1372303274399815
ad02a__tu,float64,0.5585712367396267,0.0,5.0,5.0,0.07096346220226749,0.003735565749607583,0.0,0.0,6,7.300779966659771e-05,0.0,0.9967389849482253,1.2167966611099619e-05,0.9967389849482253
ad06a__tu,float64,0.5585712367396267,-4.0,999.0,1003.0,74.93910652653477,80.68840271102296,59.0,15.0,379,0.004611659345606756,0.002421425355608824,0.002421425355608824,0.0013263083606098584,0.0024457612888310236
ad05h__tu,float64,0.5585712367396267,0.0,18.0,18.0,1.8193793434820489,1.3546718907803317,1.0,0.0,17,0.00020685543238869352,0.0,0.4663616563036151,1.2167966611099619e-05,0.4663616563036151
ad05g__tu,float64,0.5585712367396267,0.0,15.0,15.0,1.587933461540986,1.091722132314469,0.0,0.0,15,0.0001825194991664943,0.0,0.5255344779333926,2.4335933222199238e-05,0.5255344779333926
ad05f__tu,float64,0.5585712367396267,0.0,12.0,12.0,1.3195255321876977,0.8126376501222881,0.0,0.0,13,0.00015818356594429504,0.0,0.6029714174464306,3.6503899833298855e-05,0.6029714174464306
ad03g__tu,float64,0.5585712367396267,0.0,16.0,16.0,1.7376386604287974,1.268972901938357,1.0,0.0,17,0.00020685543238869352,0.0,0.4817297981334339,2.4335933222199238e-05,0.4817297981334339
ad02b__tu,float64,0.5585712367396267,0.0,5.0,5.0,0.13356382156939597,0.013019724273876593,0.0,0.0,6,7.300779966659771e-05,0.0,0.9890123261501771,1.2167966611099619e-05,0.9890123261501771
ad02c__tu,float64,0.5585712367396267,0.0,5.0,5.0,0.26020226534170304,0.04505798036090189,0.0,0.0,6,7.300779966659771e-05,0.0,0.9648467444605332,9.734373288879695e-05,0.9648467444605332
ad02d__tu,float64,0.5585712367396267,0.0,6.0,6.0,0.3781479513707238,0.08764586349975055,0.0,0.0,7,8.517576627769734e-05,0.0,0.9364223744570045,4.8671866444398476e-05,0.9364223744570045
p03g__tu,float64,0.5585712367396267,-4.0,12.0,16.0,0.9806535872006333,0.681685993453634,0.0,0.0,11,0.0001338476327220958,0.0061448231386053076,0.0061448231386053076,1.2167966611099619e-05,0.509825633038463
ad03c__tu,float64,0.5585712367396267,0.0,9.0,9.0,0.5684301111656417,0.20237762067580886,0.0,0.0,9,0.00010951169949989657,0.0,0.8562233065232469,1.2167966611099619e-05,0.8562233065232469
ad03b__tu,float64,0.5585712367396267,0.0,7.0,7.0,0.28201529978254875,0.056982587639779515,0.0,0.0,8,9.734373288879695e-05,0.0,0.9532020004137108,1.2167966611099619e-05,0.9532020004137108
ad01a__tu,float64,0.5585712367396267,0.0,7.0,7.0,0.48901124166885834,0.2076220142851928,0.0,0.0,8,9.734373288879695e-05,0.0,0.8234793083727778,1.2167966611099619e-05,0.8234793083727778
tusequencenumber__tu,float64,0.5585604941587217,6.0,1305645.0,1305639.0,346703.1054348383,575309.2563971528,561447.0,14116.0,62378,0.7589949504167427,0.0,1.2167670499482874e-05,2.433534099896575e-05,0.0
linkahit__tu,float64,0.5585604941587217,0.0,2.0,2.0,0.4204145401964193,0.7708340938127396,1.0,1.0,3,3.650301149844862e-05,0.0,0.2292145768692584,4.86706819979315e-05,0.2292145768692584
linkbhit__tu,float64,0.5585604941587217,0.0,2.0,2.0,0.481224008852748,0.3638985216280343,0.0,0.0,3,3.650301149844862e-05,0.0,0.6361501490539636,4.86706819979315e-05,0.6361501490539636
intservicecontractmileage__app,float64,0.5578675976903451,0.0,9999999.0,9999999.0,86718.08535537314,38907.64815219768,0.0,0.0,5565,0.06760696843793279,0.0,0.5852710353038365,3.644580508783439e-05,0.5852710353038365
intservicecontractterm__app,float64,0.5573680676782597,0.0,70036.0,70036.0,621.1567956281228,52.846068901913675,36.0,24.0,101,0.001225624036792991,0.0,0.031174536143774193,1.2134891453395949e-05,0.031174536143774193
short_term_lending_reason3__ln,object,0.5388156304552169,,,,,,,A47,19,0.0002212878955521133,,,,
bankcard_reason4__ln,object,0.5089297703773331,,,,,,,E55,20,0.00021875854525567405,,,,
auto_reason3__ln,object,0.5050033570565329,,,,,,,C13,19,0.00020617214288814618,,,,
short_term_lending_reason2__ln,object,0.4762830670068484,,,,,,,A41,19,0.00019486579900105638,,,,
auto_reason2__ln,object,0.46443937155901704,,,,,,,C13,19,0.00019055642476030008,,,,
bankcard_reason3__ln,object,0.4598898885457231,,,,,,,E55,22,0.0002187857391477301,,,,
linkf082__tu,float64,0.4567852826641601,0.0,82584.0,82584.0,823.5869606243178,85.50539388725737,0.0,0.0,2114,0.020903167116569272,0.0,0.871169647889413,9.88796930774327e-06,0.871169647889413
linkf134__tu,float64,0.4567852826641601,0.0,42.0,42.0,1.2741647996988106,0.36733805978266243,0.0,0.0,36,0.0003559668950787577,0.0,0.8305795338811268,9.88796930774327e-06,0.8305795338811268
linkf133__tu,float64,0.4567852826641601,0.0,23543.0,23543.0,377.4281992349126,95.07811723176411,0.0,0.0,3865,0.03821700137442773,0.0,0.8507509912689231,1.977593861548654e-05,0.8507509912689231
linkf063__tu,float64,0.4567852826641601,0.0,45101.0,45101.0,369.0338644169684,56.872779903691175,0.0,0.0,2483,0.024551827791126538,0.0,0.9226563040748321,9.88796930774327e-06,0.9226563040748321
telecommunications_reason4__ln,object,0.4559849603867329,,,,,,,E55,19,0.00018759503169368694,,,,
cvpl__tu,float64,0.4500228279844233,302.0,758.0,456.0,47.092799341079754,490.3144190952418,488.0,481.0,366,0.003574498007656848,0.0,9.766387999062427e-06,1.9532775998124853e-05,0.0
cv_persloan_prop__tu,float64,0.4499959715321606,234.0,831.0,597.0,63.405703014557815,507.8578864615174,502.0,502.0,501,0.004892721466449213,0.0,9.765911110677071e-06,1.9531822221354143e-05,0.0
cv_bc_prop__tu,float64,0.4499959715321606,183.0,892.0,709.0,77.28261889947298,620.8089787786752,636.0,674.0,508,0.0049610828442239515,0.0,9.765911110677071e-06,1.9531822221354143e-05,0.0
cvau__tu,float64,0.44999060024170806,300.0,817.0,517.0,79.12123473362237,462.33346354420985,462.0,300.0,432,0.004218832399070295,0.0,0.022158635910857635,1.9531631477177287e-05,0.0
cvam__tu,float64,0.44999060024170806,307.0,820.0,513.0,78.50800568914873,530.8037168694701,537.0,523.0,459,0.004482509424012187,0.0,1.9531631477177287e-05,2.9297447215765933e-05,0.0
cvbk__tu,float64,0.44999060024170806,381.0,748.0,367.0,37.109404070424006,547.5593663938748,549.0,567.0,307,0.002998105431746714,0.0,9.765815738588644e-06,9.765815738588644e-06,0.0
short_term_lending_reason1__ln,object,0.44718141533503425,,,,,,,A41,19,0.00018460761166331458,,,,
bankcard_reason2__ln,object,0.44647777628575264,,,,,,,A47,21,0.00020378061561153593,,,,
telecommunications_reason3__ln,object,0.44601584530683497,,,,,,,E55,20,0.00019391494890341095,,,,
city__tu,object,0.4454840875520344,,,,,,,CHICAGO,7624,0.07384949194571713,,,,
cvna__tu,float64,0.44430240365247753,350.0,768.0,418.0,37.804467819847034,563.4425800090859,562.0,551.0,358,0.0034603748417216815,0.0,9.665851513189054e-06,9.665851513189054e-06,0.0
telecommunications_reason2__ln,object,0.44401772525849337,,,,,,,A41,18,0.0001738962419089943,,,,
crossindustry_reason4__ln,object,0.4437061904122465,,,,,,,E55,31,0.0002993202533601112,,,,
bankcard_reason1__ln,object,0.4437061904122465,,,,,,,A47,23,0.0002220763170091148,,,,
telecommunications_reason1__ln,object,0.4437061904122465,,,,,,,A47,19,0.00018345434883361656,,,,
crossindustry_reason3__ln,object,0.44369544783134146,,,,,,,A44,28,0.00027034855653181424,,,,
auto_reason1__ln,object,0.44369544783134146,,,,,,,I60,22,0.0002124167229892826,,,,
crossindustry_reason2__ln,object,0.44369544783134146,,,,,,,C13,29,0.00028000386212223614,,,,
crossindustry_reason1__ln,object,0.44369544783134146,,,,,,,F00,27,0.0002606932509413923,,,,
cv_bc_behav_seg__tu,float64,0.44232576876594604,0.0,7.0,7.0,1.5912270564799555,0.5258752708885144,0.0,0.0,8,7.705273296412232e-05,0.0,0.8984252347700458,0.004016373705754876,0.8984252347700458
scr_linkb2__tu,float64,0.4423042836041359,442.0,742.0,300.0,40.16525646524489,569.117587571873,565.0,530.0,291,0.0028026851842934057,0.0,9.631220564582149e-06,1.9262441129164297e-05,0.0
scr_altb2__tu,float64,0.4423042836041359,464.0,709.0,245.0,37.469790086037754,581.1665141723411,579.0,579.0,227,0.002186287068160148,0.0,2.889366169374645e-05,0.0002889366169374645,0.0
vantagescore4__tu,float64,0.4422398281187055,1.0,827.0,826.0,58.62030158828449,535.2492368139752,536.0,529.0,412,0.003967604318140233,0.0,0.00015408172109282462,1.9260215136603077e-05,0.0
vantagescore3__tu,float64,0.4422398281187055,1.0,802.0,801.0,62.622534326439414,538.5759863637677,539.0,524.0,436,0.00419872689977947,0.0,0.00016371182866112613,1.9260215136603077e-05,0.0
syntheticfraud_score__tu,float64,0.4422398281187055,100.0,838.0,738.0,86.76313976370218,242.52796101732457,245.0,169.0,458,0.004410589266282104,0.0,0.06359723038106335,1.9260215136603077e-05,0.0
zip_code__tu,float64,0.4422398281187055,631.0,99926.0,99295.0,23852.633918922835,58825.654019125395,60471.0,60620.0,12671,0.12202309299794879,0.0,9.630107568301538e-06,9.630107568301538e-06,0.0
archive__tu,float64,0.4422183429568954,201311.0,201611.0,300.0,95.89220879769975,201498.35729211807,201508.0,201611.0,13,0.00012518657614714237,0.0,0.07240598969618181,0.09341807501564832,0.0
tu_creditbureaudate__tu,object,0.4422183429568954,,,,,,,2016-09,13,0.00012518657614714237,,,,
scr_linka2__tu,float64,0.4417725258493353,441.0,755.0,314.0,40.870218447285396,568.6308983142176,565.0,567.0,293,0.0028192594873373876,0.0,2.8866138095604648e-05,9.622046031868217e-06,0.0
scr_alta2__tu,float64,0.4417725258493353,462.0,712.0,250.0,38.7883124410643,580.0332634131322,578.0,559.0,237,0.0022804249095527674,0.0,9.622046031868217e-06,0.00019244092063736432,0.0
bankcard_score__ln,float64,0.4415147039076138,100.0,878.0,778.0,59.44702351002367,710.6402727552512,713.0,726.0,303,0.0029141340309302146,0.0,0.0024428714318688927,1.9235208124951912e-05,0.0
short_term_lending_score__ln,float64,0.4415147039076138,100.0,660.0,560.0,42.93174582945248,578.1674424867277,582.0,501.0,158,0.001519581441871201,0.0,0.0024428714318688927,0.006241825036546895,0.0
auto_score__ln,float64,0.4415147039076138,100.0,815.0,715.0,48.83844151757702,669.5289874586443,669.0,678.0,254,0.0024428714318688927,0.0,0.0024428714318688927,6.732322843733169e-05,0.0
crossindustry_index__ln,float64,0.4415147039076138,109.0,109.0,0.0,0.0,109.0,109.0,109.0,1,9.617604062475956e-06,0.0,1.0,1.0,0.0
crossindustry_score_name__ln,object,0.4415147039076138,,,,,,,CrossIndustryRVS1706_0,1,9.617604062475956e-06,,,,
crossindustry_score__ln,float64,0.4415147039076138,100.0,837.0,737.0,69.28800647568713,643.5582826806186,641.0,606.0,335,0.0032218973609294452,0.0,0.0024428714318688927,2.8852812187427868e-05,0.0
telecommunications_score__ln,float64,0.4415147039076138,100.0,859.0,759.0,65.37850990661353,587.2860660152343,583.0,501.0,327,0.0031449565284296377,0.0,0.0024428714318688927,1.9235208124951912e-05,0.0
analyticsmatchkey__ln,float64,0.4414609910030885,79732.0,2120688.0,2040956.0,604669.0590308894,1100756.0408997366,1118911.0,349909.0,83017,0.7983478545188776,0.0,9.616679168349585e-06,9.616679168349585e-06,0.0
linkc012__tu,float64,0.40197126359607893,0.0,8.0,8.0,0.0972590730010067,0.004050728412581509,0.0,0.0,8,7.185327561120193e-05,0.0,0.9973953187590939,8.981659451400241e-06,0.9973953187590939
linkc009__tu,float64,0.40197126359607893,0.0,11.0,11.0,0.19148420348067188,0.015771793996658824,0.0,0.0,11,9.879825396540265e-05,0.0,0.9895543300580215,8.981659451400241e-06,0.9895543300580215
linkc037__tu,float64,0.40197126359607893,0.0,28.0,28.0,0.6808583911446673,0.20382977959007706,0.0,0.0,24,0.00021555982683360577,0.0,0.8661732741741364,1.7963318902800482e-05,0.8661732741741364
linkc036__tu,float64,0.40197126359607893,0.0,11.0,11.0,0.5396981662523879,0.1797768955792272,0.0,0.0,12,0.00010777991341680289,0.0,0.8662630907686504,8.981659451400241e-06,0.8662630907686504
linkc008__tu,float64,0.40197126359607893,0.0,5.0,5.0,0.05737782375627438,0.002020873376565054,0.0,0.0,6,5.3889956708401444e-05,0.0,0.9984371912554564,8.981659451400241e-06,0.9984371912554564
linkc035__tu,float64,0.40197126359607893,0.0,99.0,99.0,2.709278112494737,0.8154628249115307,0.0,0.0,68,0.0006107528426952163,0.0,0.7255564138030143,3.5926637805600965e-05,0.7255564138030143
linkc030__tu,float64,0.40197126359607893,0.0,149.0,149.0,16.06767471275905,9.445211877346459,3.0,0.0,108,0.000970019220751226,0.0,0.2383732418401624,1.7963318902800482e-05,0.2383732418401624
linkc038__tu,float64,0.40197126359607893,0.0,4.0,4.0,0.09427368887531183,0.007634410533690204,0.0,0.0,5,4.4908297257001204e-05,0.0,0.9928775440550396,3.5926637805600965e-05,0.9928775440550396
linkc039__tu,float64,0.40197126359607893,0.0,6.0,6.0,0.13417231230998236,0.014586214949073991,0.0,0.0,6,5.3889956708401444e-05,0.0,0.9867969606064416,8.981659451400241e-06,0.9867969606064416
linkc040__tu,float64,0.40197126359607893,0.0,6.0,6.0,0.16158799157263243,0.020307532019615944,0.0,0.0,7,6.287161615980169e-05,0.0,0.9821085343728108,8.981659451400241e-06,0.9821085343728108
linkc051__tu,float64,0.40197126359607893,0.0,4.0,4.0,0.03070060212434738,0.00074547773446622,0.0,0.0,4,3.5926637805600965e-05,0.0,0.999326375541145,8.981659451400241e-06,0.999326375541145
linkc011__tu,float64,0.40197126359607893,0.0,11.0,11.0,0.19051435699861735,0.015556234169825217,0.0,0.0,11,9.879825396540265e-05,0.0,0.9897339632470495,8.981659451400241e-06,0.9897339632470495
linkc004__tu,float64,0.40197126359607893,0.0,11.0,11.0,0.4057079037975381,0.09276257881406169,0.0,0.0,12,0.00010777991341680289,0.0,0.931712443191004,8.981659451400241e-06,0.931712443191004
linkc005__tu,float64,0.40197126359607893,0.0,10.0,10.0,0.16493800222287014,0.014720939840844995,0.0,0.0,10,8.981659451400241e-05,0.0,0.9892579352961253,8.981659451400241e-06,0.9892579352961253
linkc050__tu,float64,0.40197126359607893,0.0,22.0,22.0,0.2997031523702439,0.028822145179543374,0.0,0.0,15,0.0001347248917710036,0.0,0.9830246636368536,1.7963318902800482e-05,0.9830246636368536
linkc047__tu,float64,0.40197126359607893,0.0,11.0,11.0,0.4108013413300057,0.09576245307082937,0.0,0.0,12,0.00010777991341680289,0.0,0.9291616519068063,8.981659451400241e-06,0.9291616519068063
linkc046__tu,float64,0.40197126359607893,0.0,9.0,9.0,0.27415531525283143,0.047270473692719465,0.0,0.0,8,7.185327561120193e-05,0.0,0.9631123246330993,1.7963318902800482e-05,0.9631123246330993
linkc045__tu,float64,0.40197126359607893,0.0,9.0,9.0,0.23068851630805584,0.03442670067721712,0.0,0.0,7,6.287161615980169e-05,0.0,0.9726508469704863,1.7963318902800482e-05,0.9726508469704863
linkc044__tu,float64,0.40197126359607893,0.0,8.0,8.0,0.1877112513564418,0.023594819378828433,0.0,0.0,7,6.287161615980169e-05,0.0,0.9807343404767465,1.7963318902800482e-05,0.9807343404767465
linkc043__tu,float64,0.40197126359607893,0.0,4.0,4.0,0.12839211260798952,0.012233020172807129,0.0,0.0,5,4.4908297257001204e-05,0.0,0.9895543300580215,5.3889956708401444e-05,0.9895543300580215
linkc010__tu,float64,0.40197126359607893,0.0,0.0,0.0,0.0,0.0,0.0,0.0,1,8.981659451400241e-06,0.0,1.0,1.0,1.0
linkc049__tu,float64,0.40197126359607893,0.0,22.0,22.0,0.9647426817139072,0.39705221936805046,0.0,0.0,18,0.00016166987012520434,0.0,0.7741202464567354,1.7963318902800482e-05,0.7741202464567354
linkc042__tu,float64,0.40197126359607893,0.0,7.0,7.0,0.25641146327852876,0.044243654457597585,0.0,0.0,8,7.185327561120193e-05,0.0,0.9638937290053711,8.981659451400241e-05,0.9638937290053711
linkc034__tu,float64,0.40197126359607893,0.0,99.0,99.0,1.395634976886911,0.3478147622554743,0.0,0.0,39,0.0003502847186046094,0.0,0.8442310801343657,8.981659451400241e-06,0.8442310801343657
linkc029__tu,float64,0.40197126359607893,0.0,30.0,30.0,1.4302396504654793,0.7872244875963283,0.0,0.0,27,0.0002425048051878065,0.0,0.6017622015843648,1.7963318902800482e-05,0.6017622015843648
linkc006__tu,float64,0.40197126359607893,0.0,22.0,22.0,0.8728134494980944,0.3502847186046094,0.0,0.0,17,0.00015268821067380408,0.0,0.7899728753884567,1.7963318902800482e-05,0.7899728753884567
linkc020__tu,float64,0.40197126359607893,0.0,28.0,28.0,1.2152168482462928,0.5572850239810307,0.0,0.0,24,0.00021555982683360577,0.0,0.7041800643086816,8.981659451400241e-06,0.7041800643086816
linkc007__tu,float64,0.40197126359607893,0.0,99.0,99.0,3.1498706849565967,1.7373044243654459,1.0,0.0,67,0.0006017711832438161,0.0,0.40273760980078677,3.5926637805600965e-05,0.40273760980078677
linkc048__tu,float64,0.40197126359607893,0.0,153.0,153.0,16.364135971395683,11.415554437837935,5.0,1.0,109,0.0009790008802026263,0.0,0.0011855790475848319,1.7963318902800482e-05,0.0011855790475848319
linkc025__tu,float64,0.40197126359607893,0.0,22.0,22.0,0.7223028923995073,0.25254630045447196,0.0,0.0,15,0.0001347248917710036,0.0,0.8412222242181465,1.7963318902800482e-05,0.8412222242181465
linkc026__tu,float64,0.40197126359607893,0.0,24.0,24.0,0.8949903210725387,0.35643715532881853,0.0,0.0,19,0.00017065152957660456,0.0,0.789820187177783,1.7963318902800482e-05,0.789820187177783
linkc027__tu,float64,0.40197126359607893,0.0,25.0,25.0,1.0226187634959403,0.4409725340853976,0.0,0.0,22,0.0001975965079308053,0.0,0.7501122707431425,1.7963318902800482e-05,0.7501122707431425
linkc028__tu,float64,0.40197126359607893,0.0,25.0,25.0,1.1275669478563357,0.5202895687007132,0.0,0.0,23,0.00020657816738220555,0.0,0.7137185866460687,1.7963318902800482e-05,0.7137185866460687
linkc024__tu,float64,0.40197126359607893,0.0,48.0,48.0,2.33042930790509,1.5854155813828164,1.0,0.0,43,0.00038621135641021034,0.0,0.38528624548671614,8.981659451400241e-06,0.38528624548671614
linkc031__tu,float64,0.40197126359607893,0.0,16.0,16.0,0.4253169740389646,0.07544593939176202,0.0,0.0,13,0.00011676157286820313,0.0,0.9520559018484255,8.981659451400241e-06,0.9520559018484255
linkc032__tu,float64,0.40197126359607893,0.0,28.0,28.0,0.736067634961086,0.15810415132299843,0.0,0.0,23,0.00020657816738220555,0.0,0.9133539312723419,8.981659451400241e-06,0.9133539312723419
linkc033__tu,float64,0.40197126359607893,0.0,48.0,48.0,1.0356302935341006,0.24541486285006017,0.0,0.0,31,0.00027843144299340746,0.0,0.8786128725143257,8.981659451400241e-06,0.8786128725143257
linkc041__tu,float64,0.40197126359607893,0.0,6.0,6.0,0.185103191952985,0.02582227092277569,0.0,0.0,7,6.287161615980169e-05,0.0,0.9776356679660134,2.6944978354200722e-05,0.9776356679660134
intscore__ln,float64,0.3003088492010205,100.0,702.0,602.0,41.15619215952422,582.6063255671132,586.0,501.0,200,0.0015353318235903734,0.0,0.00026868306912831535,7.676659117951867e-06,0.0
fltgrossmonthly__income_max,float64,0.2529340674096952,0.0,52401.08984375,52401.08984375,1805.0920556112144,3658.1943703250413,3324.56005859375,2600.0,80357,0.5777546104899881,0.0,0.0029190782614947693,7.1898479347161805e-06,0.0029190782614947693
fltgrossmonthly__income_min,float64,0.2529340674096952,0.0,52401.08984375,52401.08984375,2030.1450482664313,3347.737641850598,3170.22998046875,0.0,79281,0.5700183341122336,0.0,0.027321422151921487,7.1898479347161805e-06,0.027321422151921487
fltgrossmonthly__income_median,float64,0.2529340674096952,0.0,52401.08984375,52401.08984375,1881.2917072071323,3489.310869604318,3199.15991210938,2600.0,85559,0.6151561994463817,0.0,0.004357047848438006,7.1898479347161805e-06,0.004357047848438006
fltgrossmonthly__income_mean,float64,0.2529340674096952,0.0,52401.08984375,52401.08984375,1869.7491498664062,3497.8503912236265,3199.28002929688,2600.0,86761,0.6237983966639106,0.0,0.0029190782614947693,7.1898479347161805e-06,0.0029190782614947693
dtmapproved__tu,float64,0.23643346313951927,20131001.0,20200311.0,69310.0,19190.52020090428,20160399.6749439,20160213.0,20161219.0,1700,0.01195860914341186,0.0,0.0005768270292704545,7.03447596671286e-06,0.0
linka081__tu,float64,0.22048610178595407,10.0,99999.0,99989.0,13039.47676040777,98257.95924231358,99999.0,99999.0,919,0.00633242837258658,0.0,6.8905640615740805e-06,0.9824841861554787,0.0
linka073__tu,float64,0.22048610178595407,0.0,1500.0,1500.0,4.616446806211484,0.030924851508344474,0.0,0.0,19,0.00013092071716990753,0.0,0.9998277358984606,6.8905640615740805e-06,0.9998277358984606
linka085__tu,float64,0.22048610178595407,0.0,99999.0,99999.0,13098.46689142635,98250.07833882282,99999.0,99999.0,548,0.0037760291057425963,0.0,6.201507655416673e-05,0.9824841861554787,6.201507655416673e-05
linka074__tu,float64,0.22048610178595407,0.0,1500.0,1500.0,5.727648656375737,0.07676577594641897,0.0,0.0,56,0.0003858715874481485,0.0,0.9994074114907047,6.8905640615740805e-06,0.9994074114907047
linka084__tu,float64,0.22048610178595407,0.0,99999.0,99999.0,13103.030903638533,98249.46831029588,99999.0,99999.0,463,0.003190331160508799,0.0,0.0001033584609236112,0.9824841861554787,0.0001033584609236112
linka078__tu,float64,0.22048610178595407,0.0,6004.0,6004.0,51.610255859939635,2.5936146520954204,0.0,0.0,683,0.004706255254055097,0.0,0.9892989540123754,6.8905640615740805e-06,0.9892989540123754
linka077__tu,float64,0.22048610178595407,0.0,4700.0,4700.0,30.440978629477005,1.0374583465402478,0.0,0.0,322,0.002218761627826854,0.0,0.9953213070021912,6.8905640615740805e-06,0.9953213070021912
linka032__tu,float64,0.22048610178595407,0.0,28.0,28.0,0.3929203034752967,0.035575982249906976,0.0,0.0,22,0.00015159240935462976,0.0,0.9824841861554787,6.8905640615740805e-06,0.9824841861554787
linka075__tu,float64,0.22048610178595407,0.0,1500.0,1500.0,8.230534778792281,0.13267794881689016,0.0,0.0,88,0.0006063696374185191,0.0,0.9990559927235644,6.8905640615740805e-06,0.9990559927235644
linka079__tu,float64,0.22048610178595407,0.0,6550.0,6550.0,71.36830393730125,4.305372434987528,0.0,0.0,1128,0.007772556261455563,0.0,0.9824841861554787,6.8905640615740805e-06,0.9824841861554787
linka083__tu,float64,0.22048610178595407,0.0,4404.0,4404.0,36.90315176469249,2.5128252690765267,0.0,0.0,1005,0.006925016881881951,0.0,0.9824841861554787,6.8905640615740805e-06,0.9824841861554787
linka076__tu,float64,0.22048610178595407,0.0,3700.0,3700.0,16.958594529630663,0.3686114824359522,0.0,0.0,172,0.001185177018590742,0.0,0.9978777062690352,6.8905640615740805e-06,0.9978777062690352
linka023__tu,float64,0.22048610178595407,0.0,8.0,8.0,0.3055945014714212,0.06451635130851811,0.0,0.0,9,6.201507655416673e-05,0.0,0.9474801207226824,2.7562256246296322e-05,0.9474801207226824
linka002__tu,float64,0.22048610178595407,0.0,6.0,6.0,0.17113993717607687,0.021236718437771317,0.0,0.0,7,4.823394843101856e-05,0.0,0.9821672202086463,6.8905640615740805e-06,0.9821672202086463
linka072__tu,float64,0.22048610178595407,0.0,19.0,19.0,0.28548115043730665,0.020899080798754185,0.0,0.0,18,0.00012403015310833346,0.0,0.9892989540123754,6.8905640615740805e-06,0.9892989540123754
linka003__tu,float64,0.22048610178595407,0.0,70.0,70.0,2.670970579011652,1.01116271377975,0.0,0.0,49,0.00033763763901712996,0.0,0.6949478384300539,1.3781128123148161e-05,0.6949478384300539
linka025__tu,float64,0.22048610178595407,0.0,83.0,83.0,3.1128762324224417,1.2330182048702507,0.0,0.0,55,0.00037898102338657444,0.0,0.6515097225858909,1.3781128123148161e-05,0.6515097225858909
linka011__tu,float64,0.22048610178595407,0.0,1140.0,1140.0,22.963884851294043,2.7203257858688312,0.0,0.0,61,0.0004203244077560189,0.0,0.9770957650593277,1.3781128123148161e-05,0.9770957650593277
linka005__tu,float64,0.22048610178595407,0.0,480.0,480.0,18.241221342115377,2.311582521119578,0.0,0.0,63,0.00043410553587916705,0.0,0.9770957650593277,2.067169218472224e-05,0.9770957650593277
linka010__tu,float64,0.22048610178595407,0.0,504.0,504.0,18.499647252166934,2.346795198654962,0.0,0.0,21,0.0001447018452930557,0.0,0.9770957650593277,6.8905640615740805e-06,0.9770957650593277
linka040__tu,float64,0.22048610178595407,0.0,480.0,480.0,18.089856759835115,2.273472706475752,0.0,0.0,21,0.0001447018452930557,0.0,0.9771715612640051,2.067169218472224e-05,0.9771715612640051
linka033__tu,float64,0.22048610178595407,0.0,2.0,2.0,0.016806251004252454,0.00025495087027824096,0.0,0.0,3,2.067169218472224e-05,0.0,0.999758830257845,1.3781128123148161e-05,0.999758830257845
linka034__tu,float64,0.22048610178595407,0.0,3.0,3.0,0.02597907320177725,0.0006063696374185191,0.0,0.0,4,2.7562256246296322e-05,0.0,0.9994211926188278,6.8905640615740805e-06,0.9994211926188278
linka035__tu,float64,0.22048610178595407,0.0,3.0,3.0,0.032561879301578577,0.000937116712374075,0.0,0.0,4,2.7562256246296322e-05,0.0,0.9991180078001185,6.8905640615740805e-06,0.9991180078001185
linka036__tu,float64,0.22048610178595407,0.0,3.0,3.0,0.04786583258068641,0.0018535617325634276,0.0,0.0,4,2.7562256246296322e-05,0.0,0.9983393740611607,2.7562256246296322e-05,0.9983393740611607
linka007__tu,float64,0.22048610178595407,0.0,5.0,5.0,0.07179708924778958,0.0036244366963879664,0.0,0.0,5,3.44528203078704e-05,0.0,0.9969681518129074,1.3781128123148161e-05,0.9969681518129074
linka037__tu,float64,0.22048610178595407,0.0,7.0,7.0,0.1434296300732769,0.011879332442153714,0.0,0.0,8,5.5124512492592644e-05,0.0,0.990925127130907,1.3781128123148161e-05,0.990925127130907
linka008__tu,float64,0.22048610178595407,0.0,8.0,8.0,0.22173548009547414,0.0294295991069829,0.0,0.0,9,6.201507655416673e-05,0.0,0.9770475311108967,2.067169218472224e-05,0.9770475311108967
linka009__tu,float64,0.22048610178595407,5.0,99999.0,99994.0,14865.545183137321,97720.5762509819,99999.0,99999.0,852,0.005870760580461117,0.0,6.8905640615740805e-06,0.9770475311108967,0.0
linka039__tu,float64,0.22048610178595407,5.0,99999.0,99994.0,14858.452432422377,97721.6613839009,99999.0,99999.0,786,0.005415983352397227,0.0,6.8905640615740805e-06,0.9770475311108967,0.0
linka006__tu,float64,0.22048610178595407,0.0,270.0,270.0,6.438179374627164,4.79495748521974,3.0,1.0,92,0.0006339318936648154,0.0,0.06041646569188154,1.3781128123148161e-05,0.06041646569188154
linka020__tu,float64,0.22048610178595407,0.0,119.0,119.0,5.755305229881758,3.479665945454295,1.0,0.0,80,0.0005512451249259264,0.0,0.2915190937530146,1.3781128123148161e-05,0.2915190937530146
linka021__tu,float64,0.22048610178595407,0.0,56.0,56.0,3.1075507342930684,1.4996899246172293,0.0,0.0,51,0.0003514187671402781,0.0,0.5479927786888634,6.8905640615740805e-06,0.5479927786888634
linka051__tu,float64,0.22048610178595407,0.0,93.0,93.0,1.0636712318112944,0.4524895607954467,0.0,0.0,33,0.00022738861403194465,0.0,0.7045946281162576,6.8905640615740805e-06,0.7045946281162576
linka004__tu,float64,0.22048610178595407,0.0,5.0,5.0,0.16593244615186137,0.020023979162934278,0.0,0.0,6,4.134338436944448e-05,0.0,0.983255929330375,2.7562256246296322e-05,0.983255929330375
linka024__tu,float64,0.22048610178595407,1.0,99999.0,99998.0,22180.277059253625,94776.9646651875,99999.0,99999.0,1089,0.007503824263054174,0.0,0.00012403015310833346,0.9474801207226824,0.0
linka048__tu,float64,0.22048610178595407,0.0,16.0,16.0,0.25399566104401383,0.045195209679864394,0.0,0.0,10,6.89056406157408e-05,0.0,0.9615851053567245,6.8905640615740805e-06,0.9615851053567245
linka049__tu,float64,0.22048610178595407,0.0,24.0,24.0,0.37849596220357234,0.08704160522580379,0.0,0.0,16,0.00011024902498518529,0.0,0.9293923900610503,1.3781128123148161e-05,0.9293923900610503
linka001__tu,float64,0.22048610178595407,0.0,37.0,37.0,0.47552927311753657,0.1251808773066163,0.0,0.0,18,0.00012403015310833346,0.0,0.9014787150476138,6.8905640615740805e-06,0.9014787150476138
linka050__tu,float64,0.22048610178595407,0.0,79.0,79.0,0.7016597224602419,0.23573997767457244,0.0,0.0,23,0.00015848297341620386,0.0,0.8273500268731998,6.8905640615740805e-06,0.8273500268731998
linka052__tu,float64,0.22048610178595407,0.0,127.0,127.0,1.6614522591886445,0.8925829968441217,0.0,0.0,48,0.00033074707495555586,0.0,0.5156553615478963,6.8905640615740805e-06,0.5156553615478963
linka028__tu,float64,0.22048610178595407,0.0,3.0,3.0,0.06005862139875089,0.003245455673001392,0.0,0.0,4,2.7562256246296322e-05,0.0,0.996926808428538,1.3781128123148161e-05,0.996926808428538
linka029__tu,float64,0.22048610178595407,0.0,151.0,151.0,2.206294659409347,1.3152915397654452,1.0,0.0,57,0.0003927621515097226,0.0,0.37962873640836237,1.3781128123148161e-05,0.37962873640836237
linka030__tu,float64,0.22048610178595407,1.0,99999.0,99998.0,48317.27045855701,38234.13005939666,766.0,99999.0,1096,0.007552058211485193,0.0,0.0017433127075782424,0.37962873640836237,0.0
linka053__tu,float64,0.22048610178595407,1.0,99999.0,99998.0,48220.96838553659,38357.23912324463,953.0,99999.0,1096,0.007552058211485193,0.0,0.0005443545608643524,0.37962873640836237,0.0
linka022__tu,float64,0.22048610178595407,0.0,35.0,35.0,1.3525061893813,0.7024861155134159,0.0,0.0,27,0.00018604522966250017,0.0,0.6395339222468751,1.3781128123148161e-05,0.6395339222468751
linka026__tu,float64,0.22048610178595407,0.0,48.0,48.0,3.053101860239813,1.4763998180891087,0.0,0.0,43,0.0002962942546476855,0.0,0.6075272521808636,6.8905640615740805e-06,0.6075272521808636
linka027__tu,float64,0.22048610178595407,1.0,99999.0,99998.0,48627.62612878289,60914.90491710651,99999.0,99999.0,1096,0.007552058211485193,0.0,0.0012265204029601863,0.6075272521808636,0.0
linka042__tu,float64,0.22048610178595407,0.0,2.0,2.0,0.08232718360255133,0.0066287226272342655,0.0,0.0,3,2.067169218472224e-05,0.0,0.9934677452696278,9.646789686203712e-05,0.9934677452696278
linka043__tu,float64,0.22048610178595407,0.0,4.0,4.0,0.12546617598283477,0.014959414577677329,0.0,0.0,5,3.44528203078704e-05,0.0,0.9855022532144482,6.8905640615740805e-06,0.9855022532144482
linka044__tu,float64,0.22048610178595407,0.0,4.0,4.0,0.16131513999023325,0.024268566624863912,0.0,0.0,5,3.44528203078704e-05,0.0,0.9767994708046801,1.3781128123148161e-05,0.9767994708046801
linka065__tu,float64,0.22048610178595407,0.0,3170.0,3170.0,26.162020276893983,0.9527370698565385,0.0,0.0,299,0.0020602786544106503,0.0,0.9951076995162824,6.8905640615740805e-06,0.9951076995162824
linka080__tu,float64,0.22048610178595407,1.0,99999.0,99998.0,7836.859369342386,99378.20455328473,99999.0,99999.0,529,0.0036451083885726886,0.0,6.8905640615740805e-06,0.9937640395242755,0.0
linka060__tu,float64,0.22048610178595407,0.0,2600.0,2600.0,11.863039560348968,0.11503838044182298,0.0,0.0,50,0.000344528203078704,0.0,0.9995038793875667,1.3781128123148161e-05,0.9995038793875667
linka061__tu,float64,0.22048610178595407,0.0,2600.0,2600.0,14.775393193810206,0.17064302743822607,0.0,0.0,69,0.00047544892024861153,0.0,0.9992696002094732,1.3781128123148161e-05,0.9992696002094732
linka062__tu,float64,0.22048610178595407,0.0,2600.0,2600.0,16.794706190614384,0.2444860328266472,0.0,0.0,84,0.0005788073811722228,0.0,0.9990215399032565,1.3781128123148161e-05,0.9990215399032565
linka063__tu,float64,0.22048610178595407,0.0,3170.0,3170.0,19.342441748527843,0.36716928737786475,0.0,0.0,125,0.00086132050769676,0.0,0.9984565136502074,6.8905640615740805e-06,0.9984565136502074
linka064__tu,float64,0.22048610178595407,0.0,3170.0,3170.0,21.9065939719931,0.5657095902870609,0.0,0.0,203,0.0013987845044995384,0.0,0.9972299932472473,6.8905640615740805e-06,0.9972299932472473
linka066__tu,float64,0.22048610178595407,0.0,4500.0,4500.0,33.45015285186615,1.2346802089219022,0.0,0.0,360,0.002480603062166669,0.0,0.9937640395242755,6.8905640615740805e-06,0.9937640395242755
linka059__tu,float64,0.22048610178595407,0.0,33.0,33.0,0.18201720310491507,0.007862133594256027,0.0,0.0,18,0.00012403015310833346,0.0,0.9951076995162824,6.8905640615740805e-06,0.9951076995162824
linka082__tu,float64,0.22048610178595407,0.0,4500.0,4500.0,23.76720984166443,0.9271762468475669,0.0,0.0,336,0.002315229524688891,0.0,0.9937640395242755,6.8905640615740805e-06,0.9937640395242755
linka067__tu,float64,0.22048610178595407,0.0,2.0,2.0,0.01388902539974051,0.0001791546656009261,0.0,0.0,3,2.067169218472224e-05,0.0,0.9998277358984606,6.8905640615740805e-06,0.9998277358984606
linka068__tu,float64,0.22048610178595407,0.0,4.0,4.0,0.02992195683082725,0.0006752752780342599,0.0,0.0,5,3.44528203078704e-05,0.0,0.9994074114907047,6.8905640615740805e-06,0.9994074114907047
linka069__tu,float64,0.22048610178595407,0.0,4.0,4.0,0.03756867081233313,0.0010818185576671306,0.0,0.0,5,3.44528203078704e-05,0.0,0.9990559927235644,6.8905640615740805e-06,0.9990559927235644
linka070__tu,float64,0.22048610178595407,0.0,5.0,5.0,0.06959117074943937,0.002838912393368521,0.0,0.0,6,4.134338436944448e-05,0.0,0.9978777062690352,6.8905640615740805e-06,0.9978777062690352
linka071__tu,float64,0.22048610178595407,0.0,13.0,13.0,0.15067630998792517,0.00795171092705649,0.0,0.0,12,8.268676873888897e-05,0.0,0.9953213070021912,6.8905640615740805e-06,0.9953213070021912
linka031__tu,float64,0.22048610178595407,0.0,37.0,37.0,0.21837536332813412,0.00992930281272825,0.0,0.0,19,0.00013092071716990753,0.0,0.9937640395242755,6.8905640615740805e-06,0.9937640395242755
linka058__tu,float64,0.22048610178595407,0.0,33.0,33.0,0.15215656888659648,0.004637349613439356,0.0,0.0,14,9.646789686203712e-05,0.0,0.9972299932472473,6.8905640615740805e-06,0.9972299932472473
linka015__tu,float64,0.22048610178595407,0.0,4.0,4.0,0.23909970764261818,0.05146562297589681,0.0,0.0,5,3.44528203078704e-05,0.0,0.9523930928985846,2.067169218472224e-05,0.9523930928985846
linka012__tu,float64,0.22048610178595407,0.0,8.0,8.0,0.471475341875593,0.18126317820376775,0.0,0.0,9,6.201507655416673e-05,0.0,0.8482353265438308,6.8905640615740805e-06,0.8482353265438308
linka045__tu,float64,0.22048610178595407,0.0,5.0,5.0,0.35084730422500776,0.10646610531538112,0.0,0.0,6,4.134338436944448e-05,0.0,0.9056681779970508,2.067169218472224e-05,0.9056681779970508
linka046__tu,float64,0.22048610178595407,0.0,8.0,8.0,0.5279793515757927,0.224212063999559,0.0,0.0,9,6.201507655416673e-05,0.0,0.816848807243361,6.8905640615740805e-06,0.816848807243361
linka047__tu,float64,0.22048610178595407,0.0,13.0,13.0,0.6739812905390391,0.3467951986549619,0.0,0.0,11,7.579620467731488e-05,0.0,0.7363050039276215,6.8905640615740805e-06,0.7363050039276215
linka017__tu,float64,0.22048610178595407,0.0,16.0,16.0,0.9117555303677677,0.5938908259030085,0.0,0.0,13,8.957733280046305e-05,0.0,0.6005264390943043,6.8905640615740805e-06,0.6005264390943043
linka019__tu,float64,0.22048610178595407,1.0,99999.0,99998.0,48472.574551729645,60465.72968317186,99999.0,99999.0,1826,0.012582169976434271,0.0,4.823394843101856e-05,0.6005264390943043,0.0
linka041__tu,float64,0.22048610178595407,0.0,9999.99999,9999.99999,3211.892638359035,8761.066514615919,9999.99999,9999.99999,3213,0.02213938232983752,0.0,0.0020947314747185204,0.8702920221049295,0.0020947314747185204
linka014__tu,float64,0.22048610178595407,0.0,16.0,16.0,0.7768196347622796,0.453633394429668,0.0,0.0,12,8.268676873888897e-05,0.0,0.6713958904675936,6.8905640615740805e-06,0.6713958904675936
linka057__tu,float64,0.22048610178595407,0.0,21.0,21.0,0.11788767773983817,0.0027837878808759284,0.0,0.0,12,8.268676873888897e-05,0.0,0.9984565136502074,6.8905640615740805e-06,0.9984565136502074
linka016__tu,float64,0.22048610178595407,0.0,6.0,6.0,0.37260734616366936,0.1143420200377603,0.0,0.0,7,4.823394843101856e-05,0.0,0.9008585642820721,2.7562256246296322e-05,0.9008585642820721
linka013__tu,float64,0.22048610178595407,0.0,39724.75,39724.75,540.4147903111046,189.7508352052699,0.0,0.0,27509,0.18955252676984138,0.0,0.7349131099871835,6.8905640615740805e-06,0.7349131099871835
linka038__tu,float64,0.22048610178595407,0.0,4.0,4.0,0.16616529844145242,0.02461998539200419,0.0,0.0,5,3.44528203078704e-05,0.0,0.9770061877265273,1.3781128123148161e-05,0.9770061877265273
linka054__tu,float64,0.22048610178595407,0.0,5.0,5.0,0.03511397096834063,0.0006546035858495376,0.0,0.0,6,4.134338436944448e-05,0.0,0.9995038793875667,1.3781128123148161e-05,0.9995038793875667
linka055__tu,float64,0.22048610178595407,0.0,15.0,15.0,0.07120542863631654,0.0011300525060981492,0.0,0.0,7,4.823394843101856e-05,0.0,0.9992696002094732,1.3781128123148161e-05,0.9992696002094732
linka056__tu,float64,0.22048610178595407,0.0,15.0,15.0,0.08973472702370852,0.0016744070669625015,0.0,0.0,9,6.201507655416673e-05,0.0,0.9990215399032565,1.3781128123148161e-05,0.9990215399032565
linka018__tu,float64,0.22048610178595407,1.0,99999.0,99998.0,48569.39882825681,60386.76314375095,99999.0,99999.0,1826,0.012582169976434271,0.0,5.5124512492592644e-05,0.6005264390943043,0.0
inst_trd__tu,float64,0.2066389149993286,-6.0,208.0,214.0,10.238255157526233,9.187442452472512,6.0,2.0,135,0.0009139901424470563,0.02194253371608081,0.02194253371608081,6.770297351459676e-06,0.03419677192222283
rtl_trd__tu,float64,0.2066389149993286,-6.0,43.0,49.0,3.6011111413522268,2.2406976114390944,1.0,0.0,43,0.0002911227861127661,0.02194253371608081,0.02194253371608081,1.3540594702919352e-05,0.3466527649894383
bc_trd__tu,float64,0.2066389149993286,-6.0,47.0,53.0,3.1220644889092046,2.1328670855223963,1.0,0.0,37,0.000250501002004008,0.02194253371608081,0.02194253371608081,6.770297351459676e-06,0.31636245463900775
nomt_trd__tu,float64,0.2066389149993286,-6.0,222.0,228.0,12.52748855973881,13.938038238639441,11.0,4.0,139,0.000941071331852895,0.02194253371608081,0.02194253371608081,6.770297351459676e-06,0.002031089205437903
rev_trd__tu,float64,0.2066389149993286,-6.0,80.0,86.0,5.701476931196123,4.189825597140226,2.0,0.0,63,0.0004265287331419596,0.02194253371608081,0.02194253371608081,6.770297351459676e-06,0.21503818447706224
credit_as_of_date__tu,object,0.2066066872566134,,,,,,,20160930.0,35,0.0002369507819375804,,,,
eadms1__tu,float64,0.2059728749832147,1.0,4.0,3.0,0.6033057178491452,3.6686622290770354,4.0,4.0,4,2.7058473360932975e-05,0.0,0.000994398896014287,0.7388789674486566,0.0
bigdebtorid__ln,float64,0.2058493353028065,1756440.0,5090893.0,3334453.0,927137.0565655306,3257169.6303305356,3219937.0,2021865.0,117484,0.7946107905932324,0.0,1.3527132045099458e-05,1.3527132045099458e-05,0.0
bigaccountid__ln,float64,0.2058493353028065,1337511.0,3958286.0,2620775.0,727194.4510069228,2513432.9021041454,2484017.0,1545261.0,117484,0.7946107905932324,0.0,1.3527132045099458e-05,1.3527132045099458e-05,0.0
fltapprovedservicecontract__app,float64,0.19351685242379482,0.0,20500.0,20500.0,522.9210293700612,125.56969156892912,0.0,0.0,900,0.005994125756758377,0.0,0.939146303289443,6.660139729731529e-06,0.939146303289443
rvlr16__tu,object,0.14631395192695046,,,,,,,-2,1619,0.010186554251738133,,,,
fltinsuredlifeamount__app,float64,0.10391835638512152,0.0,2350.08,2350.08,42.20230178037713,2.0804686863116504,0.0,0.0,352,0.0021099575610808736,0.0,0.9970808257606637,5.994197616707028e-06,0.9970808257606637
rvlr15__tu,object,0.09920773465825164,,,,,,,-2,1777,0.01059598700098387,,,,
fltservicecontract__app,float64,0.07123942527192158,0.0,5000.0,5000.0,949.0601087375329,836.1871541535577,0.0,0.0,4167,0.024098963634681225,0.0,0.5366660497825484,1.7349865827704264e-05,0.5366660497825484
rvlr19__tu,object,0.061270310192023635,,,,,,,-2,1161,0.006643092556989838,,,,
fltgrossmonthly__income_sum,float64,0.05648449039881832,0.0,82696.328125,82696.328125,1874.0270241015621,3930.3896606238636,3562.81005859375,2600.0,106219,0.6046886296745398,0.0,0.0033189304277036757,5.692848074963423e-06,0.0033189304277036757
fltgrossmonthly__income_count,float64,0.05648449039881832,1.0,9.0,8.0,0.5192532250970576,1.2191120295572673,1.0,1.0,9,5.123563267467081e-05,0.0,0.8212616489903733,1.1385696149926847e-05,0.0
fltapprovedloantovalue__app,float64,0.050629783805559284,0.0,180074.12,180074.12,428.7076982030074,131.98917334751542,133.2,160.0,8670,0.0490526113301914,0.0,0.017357948276935087,5.65774063785368e-06,0.017357948276935087
rvlr18__tu,object,0.03985497515778166,,,,,,,-2,1305,0.0073004950910464045,,,,
fltgapinsurance__app,float64,0.03519269504498456,0.0,2000.0,2000.0,331.6934564078281,341.6378575739188,350.0,0.0,1734,0.009653552162028248,0.0,0.452414223122874,5.567215779716406e-06,0.452414223122874
rvlr22__tu,object,0.028521552302940782,,,,,,,-2,879,0.004859978436955741,,,,
fltlicensefee__app,float64,0.026066872566134013,0.0,2254.0,2254.0,119.65939875383988,132.17832303977508,102.25,33.5,10835,0.05975557295860403,0.0,0.003253879838078115,5.515050573013754e-06,0.003253879838078115
fltdocumentfee__app,float64,0.020362562105545857,0.0,2000.0,2000.0,184.83457123211227,318.91567386656726,250.0,250.0,7143,0.03916461970348276,0.0,0.003278796385647864,5.482937099745592e-06,0.003278796385647864
rvlr21__tu,object,0.017983080435074527,,,,,,,-2,974,0.005327440695302116,,,,
rvlr25__tu,object,0.014738821001745669,,,,,,,-2,719,0.0039197300347269546,,,,
fltapproveddowntotal__app,float64,0.013363770645897676,-31239.36,36000.0,67239.36,1383.7722157743644,774.1935334019282,500.0,0.0,7410,0.04034036159336262,0.035375394012641066,5.444043399913984e-06,5.444043399913984e-06,0.34613772340993104
rvlr24__tu,object,0.009646837652746073,,,,,,,-2,770,0.00417618058455681,,,,
rvlr28__tu,object,0.008508124076809453,,,,,,,-2,487,0.0026382651375202477,,,,
strzipcode__app,object,0.006880623069692494,,,,,,,60620,23145,0.12517983276904604,,,,
strname__app,object,0.006869880488787431,,,,,,,Illinois,57,0.00030828141225337487,,,,
strcity__app,object,0.006869880488787431,,,,,,,CHICAGO,13453,0.07275982173762548,,,,
linkt002__tu,float64,0.006096414663622936,0.0,999.0,999.0,57.82021602723385,38.81505079982706,20.0,1.0,360,0.0019455252918287938,0.0,0.02261132728058798,0.0012051448335495029,0.02261132728058798
rvlr27__tu,object,0.005537800456559688,,,,,,,-2,530,0.002862636650391047,,,,
assetindex__ln,float64,0.002282798442325769,-1.0,9.0,10.0,1.7246517601482765,2.997959623149394,2.0,2.0,10,5.383580080753701e-05,0.0017335127860026917,0.0017335127860026917,0.01082099596231494,0.0
assetpropcurrentcount__ln,float64,0.002282798442325769,-1.0,20.0,21.0,0.6535623672088845,0.3732543741588156,0.0,0.0,17,9.152086137281293e-05,0.0014751009421265142,0.0014751009421265142,5.383580080753701e-06,0.6945679676985195
assetpropevercount__ln,float64,0.002282798442325769,-1.0,21.0,22.0,0.8676253174852582,0.5514939434724091,0.0,0.0,19,0.00010228802153432033,0.0014751009421265142,0.0014751009421265142,5.383580080753701e-06,0.6092920592193809
assetpropcurrenttaxtotal__ln,float64,0.002282798442325769,-1.0,4256000.0,4256001.0,68709.01742877153,23620.72797846568,-1.0,-1.0,21531,0.11591386271870795,0.696043068640646,0.696043068640646,5.383580080753701e-06,0.02866756393001346
assetpropindex__ln,float64,0.002282798442325769,-1.0,4.0,5.0,1.4418730982620187,1.0419057873485869,0.0,0.0,6,3.2301480484522207e-05,0.0014751009421265142,0.0014751009421265142,0.05551009421265141,0.6092920592193809
assetprop__ln,float64,0.002282798442325769,-1.0,1.0,2.0,0.46253424340329946,0.3024818304172275,0.0,0.0,3,1.6150740242261103e-05,0.0014751009421265142,0.0014751009421265142,0.303956931359354,0.6945679676985195
assetownership__ln,float64,0.002282798442325769,-1.0,1.0,2.0,0.46643630449276147,0.3118815612382234,0.0,0.0,3,1.6150740242261103e-05,0.0014751009421265142,0.0014751009421265142,0.3133566621803499,0.6851682368775236
assetindexprimaryfactor__ln,object,0.002282798442325769,,,,,,,A42,8,4.306864064602961e-05,,,,
proflictypecategory__ln,float64,0.002282798442325769,-1.0,5.0,6.0,0.8158694893383244,-0.7642745625841184,-1.0,-1.0,7,3.768506056527591e-05,0.9091843876177658,0.9091843876177658,0.0010013458950201884,0.01681292059219381
businesstitleleadership__ln,float64,0.002282798442325769,-1.0,2.0,3.0,0.7568299879487708,-0.7703472409152086,-1.0,-1.0,4,2.1534320323014804e-05,0.9092759084791386,0.9092759084791386,0.05900942126514132,0.010804845222072678
businessassociationtimeoldest__ln,float64,0.002282798442325769,-1.0,960.0,961.0,28.45957740453865,3.782907133243607,-1.0,-1.0,426,0.002293405114401077,0.9304172274562584,0.9304172274562584,2.1534320323014804e-05,0.0
businessassociationindex__ln,float64,0.002282798442325769,-1.0,3.0,4.0,0.6718354405756364,0.20003768506056527,0.0,0.0,5,2.6917900403768505e-05,0.0014751009421265142,0.0014751009421265142,0.03340511440107671,0.9078008075370121
businessassociation__ln,float64,0.002282798442325769,-1.0,1.0,2.0,0.2902313966918512,0.08924899057873485,0.0,0.0,3,1.6150740242261103e-05,0.0014751009421265142,0.0014751009421265142,0.09072409152086137,0.9078008075370121
profliccount__ln,float64,0.002282798442325769,-1.0,16.0,17.0,0.2894113794146717,0.04645491251682369,0.0,0.0,15,8.075370121130552e-05,0.0014751009421265142,0.0014751009421265142,5.383580080753701e-06,0.9616850605652759
educationinstitutionrating__ln,float64,0.002282798442325769,-1.0,6.0,7.0,1.2716091032502985,0.3863956931359354,0.0,0.0,8,4.306864064602961e-05,0.0014751009421265142,0.0014751009421265142,0.01361507402422611,0.9072409152086137
assetproppurchasetimeoldest__ln,float64,0.002282798442325769,-1.0,960.0,961.0,84.30984392248912,37.819973082099594,-1.0,-1.0,532,0.002864064602960969,0.7446621803499327,0.7446621803499327,0.0016204576043068642,0.0
assetproppurchasecount12month__ln,float64,0.002282798442325769,-1.0,2.0,3.0,0.0921284653081256,0.005405114401076716,0.0,0.0,4,2.1534320323014804e-05,0.0014751009421265142,0.0014751009421265142,8.075370121130552e-05,0.9917254374158816
derogcount12month__ln,float64,0.002282798442325769,-1.0,13.0,14.0,0.6810573802615778,0.47356123822341856,0.0,0.0,13,6.998654104979812e-05,0.0014751009421265142,0.0014751009421265142,1.0767160161507402e-05,0.6044629878869449
assetproppurchasetimenewest__ln,float64,0.002282798442325769,-1.0,960.0,961.0,72.54710618066233,32.38026917900404,-1.0,-1.0,492,0.002648721399730821,0.744721399730821,0.744721399730821,0.0008183041722745626,0.0
assetpersonalcount__ln,float64,0.002282798442325769,-1.0,13.0,14.0,0.25367755269141057,0.028570659488559892,0.0,0.0,14,7.537012113055182e-05,0.0014751009421265142,0.0014751009421265142,5.383580080753701e-06,0.9782126514131898
criminalfelonycount12month__ln,float64,0.002282798442325769,-1.0,5.0,6.0,0.054658447926831194,-0.0005975773889636608,0.0,0.0,6,3.2301480484522207e-05,0.0014751009421265142,0.0014751009421265142,1.0767160161507402e-05,0.9978465679676986
criminalfelonycount__ln,float64,0.002282798442325769,-1.0,20.0,21.0,0.19060621266483796,0.008866756393001347,0.0,0.0,15,8.075370121130552e-05,0.0014751009421265142,0.0014751009421265142,5.383580080753701e-06,0.9923014804845222
derogtimenewest__ln,float64,0.002282798442325769,-1.0,120.0,121.0,21.38513653348772,13.225641991924629,3.0,-1.0,121,0.0006514131897711979,0.3040807537012113,0.3040807537012113,5.921938088829071e-05,0.0
educationprogramattended__ln,float64,0.002282798442325769,-1.0,3.0,4.0,0.5043364031343265,0.1517200538358008,0.0,0.0,5,2.6917900403768505e-05,0.0014751009421265142,0.0014751009421265142,5.921938088829071e-05,0.9066218034993271
derogcount__ln,float64,0.002282798442325769,-1.0,53.0,54.0,1.8079053300942898,1.4740726783310902,1.0,1.0,41,0.00022072678331090174,0.0014751009421265142,0.0014751009421265142,1.6150740242261103e-05,0.30216958277254374
derogseverityindex__ln,float64,0.002282798442325769,-1.0,5.0,6.0,1.4406117611314906,1.5676877523553163,1.0,1.0,7,3.768506056527591e-05,0.0014751009421265142,0.0014751009421265142,0.0062234185733512784,0.30216958277254374
assetpersonal__ln,float64,0.002282798442325769,-1.0,1.0,2.0,0.1463988588590251,0.0188371467025572,0.0,0.0,3,1.6150740242261103e-05,0.0014751009421265142,0.0014751009421265142,0.020312247644683715,0.9782126514131898
assetpropnewestmortgagetype__ln,float64,0.002282798442325769,-1.0,2.0,3.0,0.4576033258230599,-0.8187079407806191,-1.0,-1.0,4,2.1534320323014804e-05,0.8426271870794078,0.8426271870794078,0.006567967698519516,0.14002153432032302
assetpropsalepurchaseratio__ln,float64,0.002282798442325769,-1.0,99.0,100.0,0.7828278347228489,0.01927300134589502,0.0,0.0,447,0.0024064602960969044,0.012403768506056527,0.012403768506056527,3.2301480484522207e-05,0.9702341857335128
assetpropnewestsaleprice__ln,float64,0.002282798442325769,-1.0,9999999.0,10000000.0,70076.83374260238,15198.469701211305,-1.0,-1.0,6074,0.032699865410497984,0.8961615074024226,0.8961615074024226,1.0767160161507402e-05,0.0
assetpropsaletimenewest__ln,float64,0.002282798442325769,-1.0,368.0,369.0,43.75321120993785,14.096753701211306,-1.0,-1.0,308,0.00165814266487214,0.8579434724091521,0.8579434724091521,5.383580080753701e-06,0.0
assetpropsaletimeoldest__ln,float64,0.002282798442325769,-1.0,368.0,369.0,32.365777908125736,6.166325706594885,-1.0,-1.0,306,0.0016473755047106326,0.9386864064602961,0.9386864064602961,5.383580080753701e-06,0.0
assetpropsoldcount12month__ln,float64,0.002282798442325769,-1.0,3.0,4.0,0.0973851201772852,0.006304172274562584,0.0,0.0,5,2.6917900403768505e-05,0.0014751009421265142,0.0014751009421265142,5.383580080753701e-06,0.9908748317631225
assetpropeversoldcount__ln,float64,0.002282798442325769,-1.0,12.0,13.0,0.49473328571280983,0.17676446837146703,0.0,0.0,11,5.921938088829071e-05,0.0014751009421265142,0.0014751009421265142,5.383580080753701e-06,0.8559838492597578
educationinstitutionprivate__ln,float64,0.002282798442325769,-1.0,1.0,2.0,0.33069263286934447,-0.899585464333782,-1.0,-1.0,3,1.6150740242261103e-05,0.9090982503364737,0.9090982503364737,0.00951278600269179,0.08138896366083445
confirmationinputname__ln,float64,0.002282798442325769,-1.0,3.0,4.0,0.312796612615995,2.9617335127860027,3.0,3.0,5,2.6917900403768505e-05,0.0009205921938088829,0.0009205921938088829,0.9839730820995962,0.005518169582772544
educationevidence__ln,float64,0.002282798442325769,-1.0,1.0,2.0,0.3346210911710143,0.12452759084791386,0.0,0.0,3,1.6150740242261103e-05,0.0014751009421265142,0.0014751009421265142,0.12600269179004037,0.8725222072678331
educationattendance__ln,float64,0.002282798442325769,-1.0,1.0,2.0,0.29543333512187137,0.09297442799461642,0.0,0.0,3,1.6150740242261103e-05,0.0014751009421265142,0.0014751009421265142,0.09444952893674294,0.9040753701211306
subjectage__ln,float64,0.002282798442325769,-1.0,118.0,119.0,17.659109977179643,39.374842530282635,41.0,-1.0,93,0.0005006729475100942,0.10369313593539704,0.10369313593539704,5.383580080753701e-06,0.0
subjectactivityindex12month__ln,float64,0.002282798442325769,-1.0,7.0,8.0,1.2561357735877736,4.707768506056528,4.0,4.0,8,4.306864064602961e-05,0.007337819650067295,0.007337819650067295,0.015827725437415882,0.0
subjectactivityindex06month__ln,float64,0.002282798442325769,-1.0,7.0,8.0,1.2162109250401685,4.517259757738897,4.0,4.0,8,4.306864064602961e-05,0.008355316285329744,0.008355316285329744,0.007036339165545087,0.0
subjectactivityindex03month__ln,float64,0.002282798442325769,-1.0,7.0,8.0,1.1413693546630452,4.30957200538358,4.0,4.0,8,4.306864064602961e-05,0.009238223418573352,0.009238223418573352,0.003149394347240915,0.0
subjectnewestrecord12month__ln,float64,0.002282798442325769,-1.0,1.0,2.0,0.10977386483058915,0.9908156123822341,1.0,1.0,3,1.6150740242261103e-05,0.0014751009421265142,0.0014751009421265142,0.9922907133243607,0.006234185733512786
subjectrecordtimenewest__ln,float64,0.002282798442325769,-1.0,399.0,400.0,5.749579173692438,1.3186325706594886,1.0,1.0,177,0.0009528936742934051,0.0021857335127860025,0.0021857335127860025,5.383580080753701e-06,0.0
subjectrecordtimeoldest__ln,float64,0.002282798442325769,-1.0,814.0,815.0,100.70424207545027,255.46906594885598,265.0,322.0,642,0.003456258411843876,0.002379542395693136,0.002379542395693136,1.0767160161507402e-05,0.0
inputprovidedlexid__ln,float64,0.002282798442325769,0.0,0.0,0.0,0.0,0.0,0.0,0.0,1,5.383580080753701e-06,0.0,1.0,1.0,1.0
inputprovidedphone__ln,float64,0.002282798442325769,0.0,1.0,1.0,0.4964142639675437,0.44021534320323014,0.0,0.0,2,1.0767160161507402e-05,0.0,0.5597846567967698,0.44021534320323014,0.5597846567967698
inputprovideddateofbirth__ln,float64,0.002282798442325769,7.0,7.0,0.0,0.0,7.0,7.0,7.0,1,5.383580080753701e-06,0.0,1.0,1.0,0.0
inputprovidedssn__ln,float64,0.002282798442325769,0.0,3.0,3.0,0.009843978858068382,2.9999676985195154,3.0,3.0,2,1.0767160161507402e-05,0.0,1.0767160161507402e-05,0.9999892328398385,1.0767160161507402e-05
inputprovidedzipcode__ln,float64,0.002282798442325769,0.0,1.0,1.0,0.05711847604459618,0.9967267833109017,1.0,1.0,2,1.0767160161507402e-05,0.0,0.0032732166890982505,0.9967267833109017,0.0032732166890982505
inputprovidedstate__ln,float64,0.002282798442325769,0.0,1.0,1.0,0.05697784611525516,0.996742934051144,1.0,1.0,2,1.0767160161507402e-05,0.0,0.0032570659488559894,0.996742934051144,0.0032570659488559894
inputprovidedcity__ln,float64,0.002282798442325769,0.0,1.0,1.0,0.05707163841213199,0.9967321668909825,1.0,1.0,2,1.0767160161507402e-05,0.0,0.003267833109017497,0.9967321668909825,0.003267833109017497
inputprovidedstreetaddress__ln,float64,0.002282798442325769,0.0,1.0,1.0,0.05882491101524149,0.9965275908479139,1.0,1.0,2,1.0767160161507402e-05,0.0,0.003472409152086137,0.9965275908479139,0.003472409152086137
inputprovidedlastname__ln,float64,0.002282798442325769,1.0,1.0,0.0,0.0,1.0,1.0,1.0,1,5.383580080753701e-06,0.0,1.0,1.0,0.0
inputprovidedfirstname__ln,float64,0.002282798442325769,1.0,1.0,0.0,0.0,1.0,1.0,1.0,1,5.383580080753701e-06,0.0,1.0,1.0,0.0
subjectdeceased__ln,float64,0.002282798442325769,-1.0,1.0,2.0,0.04089834309168253,-0.0012759084791386273,0.0,0.0,3,1.6150740242261103e-05,0.0014751009421265142,0.0014751009421265142,0.00019919246298788693,0.9983257065948856
subjectssncount__ln,float64,0.002282798442325769,-1.0,5.0,6.0,0.22123727152745082,1.0307240915208613,1.0,1.0,7,3.768506056527591e-05,0.0014751009421265142,0.0014751009421265142,1.0767160161507402e-05,0.0032139973082099594
subjectstabilityindex__ln,float64,0.002282798442325769,-1.0,9.0,10.0,2.187968007178496,3.5024818304172274,3.0,1.0,10,5.383580080753701e-05,0.0017335127860026917,0.0017335127860026917,0.011493943472409151,0.0
sourcenonderogprofileindex__ln,float64,0.002282798442325769,-1.0,9.0,10.0,1.9986851856471433,5.711666218034993,5.0,5.0,11,5.921938088829071e-05,0.0014751009421265142,0.0014751009421265142,0.11910632570659488,0.005959623149394347
sourcevoterregistration__ln,float64,0.002282798442325769,-1.0,1.0,2.0,0.47677768315808783,0.3398923283983849,0.0,0.0,3,1.6150740242261103e-05,0.0014751009421265142,0.0014751009421265142,0.34136742934051145,0.657157469717362
sourcecredheadertimenewest__ln,float64,0.002282798442325769,-1.0,399.0,400.0,8.142575253131843,1.5789663526244953,1.0,1.0,211,0.001135935397039031,0.003278600269179004,0.003278600269179004,5.383580080753701e-06,0.0
sourcecredheadertimeoldest__ln,float64,0.002282798442325769,-1.0,811.0,812.0,100.04086755622363,253.47067563930014,263.0,322.0,603,0.003246298788694482,0.003278600269179004,0.003278600269179004,1.0767160161507402e-05,0.0
sourcenonderogcount12month__ln,float64,0.002282798442325769,-1.0,5.0,6.0,0.5394764655233112,1.268113055181696,1.0,1.0,7,3.768506056527591e-05,0.0014751009421265142,0.0014751009421265142,0.00010767160161507402,0.006847913862718708
sourcenonderogcount06month__ln,float64,0.002282798442325769,-1.0,5.0,6.0,0.5003893312062673,1.219413189771198,1.0,1.0,7,3.768506056527591e-05,0.0014751009421265142,0.0014751009421265142,6.460296096904441e-05,0.00789771197846568
sourcenonderogcount03month__ln,float64,0.002282798442325769,-1.0,5.0,6.0,0.4786199607787816,1.1923876177658144,1.0,1.0,7,3.768506056527591e-05,0.0014751009421265142,0.0014751009421265142,6.460296096904441e-05,0.008613728129205921
sourcenonderogcount__ln,float64,0.002282798442325769,-1.0,6.0,7.0,1.0385300433525617,2.344371467025572,2.0,2.0,8,4.306864064602961e-05,0.0014751009421265142,0.0014751009421265142,0.0016527590847913863,0.00029071332436069987
confirmationinputaddress__ln,float64,0.002282798442325769,-1.0,1.0,2.0,0.47880077807856813,0.6718008075370121,1.0,1.0,3,1.6150740242261103e-05,0.004382234185733512,0.004382234185733512,0.6761830417227457,0.31943472409152085
subjectstabilityprimaryfactor__ln,object,0.002282798442325769,,,,,,,L78,8,4.306864064602961e-05,,,,
confirmationinputssn__ln,float64,0.002282798442325769,-1.0,3.0,4.0,0.3129865620983339,2.957728129205922,3.0,3.0,5,2.6917900403768505e-05,0.0014858681022880216,0.0014858681022880216,0.9787886944818304,0.0032193808882907135
confirmationinputdob__ln,float64,0.002282798442325769,-1.0,7.0,8.0,2.2570568253467016,6.053609690444145,7.0,7.0,9,4.845222072678331e-05,0.0014751009421265142,0.0014751009421265142,0.8328559892328399,0.10850067294751009
criminalnonfelonycount12month__ln,float64,0.002282798442325769,-1.0,10.0,11.0,0.0841533540574718,0.0017442799461641991,0.0,0.0,10,5.383580080753701e-05,0.0014751009421265142,0.0014751009421265142,5.383580080753701e-06,0.9959246298788694
subjectwillingnessprimaryfactor__ln,object,0.002282798442325769,,,,,,,C12,8,4.306864064602961e-05,,,,
subjectwillingnessindex__ln,float64,0.002282798442325769,-1.0,9.0,10.0,1.8020988920866796,1.9886567967698519,1.0,1.0,10,5.383580080753701e-05,0.0017335127860026917,0.0017335127860026917,0.00447913862718708,0.0
subjectabilityprimaryfactor__ln,object,0.002282798442325769,,,,,,,A42,11,5.921938088829071e-05,,,,
subjectabilityindex__ln,float64,0.002282798442325769,-1.0,9.0,10.0,1.8207596264590167,2.3000969044414536,2.0,1.0,10,5.383580080753701e-05,0.0017335127860026917,0.0017335127860026917,0.008263795423956931,0.0
criminalnonfelonycount__ln,float64,0.002282798442325769,-1.0,24.0,25.0,0.30888523871617807,0.029502018842530283,0.0,0.0,19,0.00010228802153432033,0.0014751009421265142,0.0014751009421265142,5.383580080753701e-06,0.9792247644683715
criminalfelonytimenewest__ln,float64,0.002282798442325769,-1.0,84.0,85.0,4.018916744259924,-0.7184602960969044,-1.0,-1.0,85,0.0004576043068640646,0.9937765814266487,0.9937765814266487,9.152086137281293e-05,0.0
criminalnonfelonytimenewest__ln,float64,0.002282798442325769,-1.0,84.0,85.0,6.6192873608123595,-0.21539703903095558,-1.0,-1.0,85,0.0004576043068640646,0.9818250336473755,0.9818250336473755,0.00021534320323014804,0.0
addrcurrentdeedmailing__ln,float64,0.002282798442325769,-1.0,1.0,2.0,0.7059246192759169,-0.15607537012113054,0.0,0.0,3,1.6150740242261103e-05,0.33938088829071333,0.33938088829071333,0.18330551816958277,0.47731359353970393
addrcurrentavmvalue12month__ln,float64,0.002282798442325769,-1.0,9999999.0,10000000.0,145205.85773271514,77066.03485329745,25229.0,-1.0,52921,0.28490444145356664,0.4670740242261104,0.4670740242261104,2.6917900403768505e-05,0.0
addrcurrentavmvalue__ln,float64,0.002282798442325769,-1.0,9999999.0,10000000.0,167330.01803591385,86555.98076985196,34000.0,-1.0,55989,0.30142126514131895,0.44748317631224765,0.44748317631224765,5.383580080753701e-05,0.0
addrcurrenttaxmarketvalue__ln,float64,0.002282798442325769,-1.0,1086300.0,1086301.0,52031.27652297577,16553.49208613728,0.0,0.0,9899,0.05329205921938089,0.0014751009421265142,0.0014751009421265142,5.383580080753701e-06,0.8677685060565276
addrcurrenttaxyr__ln,float64,0.002282798442325769,-1.0,2020.0,2021.0,721.8408440445958,303.3299919246299,-1.0,-1.0,22,0.00011843876177658142,0.8490767160161508,0.8490767160161508,0.00011843876177658142,0.0
addrcurrenttaxvalue__ln,float64,0.002282798442325769,-1.0,1086300.0,1086301.0,44079.13087264664,12109.225028263796,0.0,0.0,12722,0.06848990578734859,0.0014751009421265142,0.0014751009421265142,5.383580080753701e-06,0.851542395693136
addrcurrentlastsalesprice__ln,float64,0.002282798442325769,-1.0,9999999.0,10000000.0,84172.06199694399,13302.119962314939,-1.0,-1.0,3391,0.0182557200538358,0.9019973082099596,0.9019973082099596,2.6917900403768505e-05,0.0
addrcurrenttimelastsale__ln,float64,0.002282798442325769,-1.0,960.0,961.0,36.16433813942625,9.092053835800808,-1.0,-1.0,317,0.0017065948855989233,0.8971574697173621,0.8971574697173621,5.383580080753701e-06,0.0
addrcurrentdwelltypeindex__ln,float64,0.002282798442325769,-1.0,3.0,4.0,0.8569364305541233,2.536581426648721,3.0,3.0,5,2.6917900403768505e-05,0.0014751009421265142,0.0014751009421265142,0.7700080753701212,0.004985195154777927
addrcurrentdwelltype__ln,object,0.002282798442325769,,,,,,,S,7,3.768506056527591e-05,,,,
addrcurrentphoneservice__ln,float64,0.002282798442325769,-1.0,1.0,2.0,0.3152519600396569,0.10812382234185733,0.0,0.0,3,1.6150740242261103e-05,0.0014751009421265142,0.0014751009421265142,0.10959892328398385,0.8889259757738897
addrcurrentownershipindex__ln,float64,0.002282798442325769,-1.0,4.0,5.0,1.4853340902983974,1.4592247644683716,1.0,0.0,6,3.2301480484522207e-05,0.0014751009421265142,0.0014751009421265142,0.1767106325706595,0.3733351278600269
addrcurrentsubjectowned__ln,float64,0.002282798442325769,-1.0,1.0,2.0,0.6735009772635477,-0.18931897711978465,0.0,0.0,3,1.6150740242261103e-05,0.33938088829071333,0.33938088829071333,0.15006191117092868,0.510557200538358
addrinputtaxmarketvalue__ln,float64,0.002282798442325769,-1.0,1086300.0,1086301.0,49515.69354797765,14874.13273216689,0.0,0.0,9116,0.04907671601615074,0.004382234185733512,0.004382234185733512,5.383580080753701e-06,0.8774697173620457
addrcurrentlengthofres__ln,float64,0.002282798442325769,-1.0,789.0,790.0,78.71882400540368,68.10466756393001,38.0,1.0,569,0.003063257065948856,0.0037092866756393,0.0037092866756393,5.383580080753701e-06,0.0
addrcurrenttimenewest__ln,float64,0.002282798442325769,-1.0,683.0,684.0,21.413136741167413,4.902024226110363,1.0,1.0,341,0.0018358008075370121,0.003283983849259758,0.003283983849259758,1.0767160161507402e-05,0.0
addrcurrenttimeoldest__ln,float64,0.002282798442325769,-1.0,790.0,791.0,80.21201990037034,72.96134051144011,43.0,1.0,574,0.0030901749663526244,0.0037092866756393,0.0037092866756393,5.383580080753701e-06,0.0
addrinputproblems__ln,float64,0.002282798442325769,-1.0,4.0,5.0,0.44067598197467683,0.09804037685060565,0.0,0.0,6,3.2301480484522207e-05,0.004382234185733512,0.004382234185733512,0.00018842530282637955,0.9406729475100942
addrinputblockratio__ln,float64,0.002282798442325769,-1.0,99.0,100.0,1.195350896840859,0.5429322745625841,0.36,0.0,761,0.004096904441453567,0.004382234185733512,0.004382234185733512,4.306864064602961e-05,0.47213458950201886
addrinputtractratio__ln,float64,0.002282798442325769,-1.0,99.0,100.0,1.162837741206271,0.5445147240915209,0.37,0.0,756,0.004069986541049798,0.004382234185733512,0.004382234185733512,2.6917900403768505e-05,0.47364737550471064
addrinputcountyratio__ln,float64,0.002282798442325769,-1.0,99.0,100.0,0.9899839096340645,0.4642085060565276,0.2,0.0,638,0.0034347240915208613,0.004382234185733512,0.004382234185733512,1.6150740242261103e-05,0.4716177658142665
addrinputavmratio60monthprior__ln,float64,0.002282798442325769,-1.0,99.0,100.0,1.677679694048978,0.05074939434724092,-1.0,-1.0,910,0.004899057873485868,0.5520107671601615,0.5520107671601615,2.6917900403768505e-05,0.0
addrinputavmvalue60month__ln,float64,0.002282798442325769,-1.0,9999999.0,10000000.0,106697.48301728879,58237.47080484522,-1.0,-1.0,44095,0.23738896366083445,0.5520107671601615,0.5520107671601615,5.383580080753701e-06,0.0
evictioncount__ln,float64,0.002282798442325769,-1.0,53.0,54.0,0.8432307512019837,0.18399461641991924,0.0,0.0,36,0.00019380888290713324,0.0014751009421265142,0.0014751009421265142,5.383580080753701e-06,0.8960592193808883
addrinputavmvalue12month__ln,float64,0.002282798442325769,-1.0,9999999.0,10000000.0,156479.66243139474,73661.45694212652,11500.0,-1.0,50334,0.2709771197846568,0.49437954239569315,0.49437954239569315,4.845222072678331e-05,0.0
addrcurrentavmratio12monthprior__ln,float64,0.002282798442325769,-1.0,99.0,100.0,1.4238384747134603,0.15512452220726786,0.75,-1.0,775,0.004172274562584118,0.4670740242261104,0.4670740242261104,1.6150740242261103e-05,0.0
addrcurrentavmvalue60month__ln,float64,0.002282798442325769,-1.0,9413793.0,9413794.0,104292.0731097816,61771.0662718708,-1.0,-1.0,46589,0.2508156123822342,0.5264387617765814,0.5264387617765814,5.383580080753701e-06,0.0
addrcurrentavmratio60monthprior__ln,float64,0.002282798442325769,-1.0,99.0,100.0,1.696763079049401,0.11015919246298789,-1.0,-1.0,915,0.004925975773889636,0.5264387617765814,0.5264387617765814,2.6917900403768505e-05,0.0
addrcurrentcountyratio__ln,float64,0.002282798442325769,-1.0,63.32,64.32,0.762547205954363,0.4860089905787349,0.3,0.0,606,0.003262449528936743,0.0014751009421265142,0.0014751009421265142,5.383580080753701e-06,0.4460565275908479
phoneinputmobile__ln,float64,0.002282798442325769,-1.0,1.0,2.0,0.913119016469361,-0.23226917900403768,-1.0,-1.0,3,1.6150740242261103e-05,0.56,0.56,0.3277308209959623,0.11226917900403768
phoneinputsubjectcount__ln,float64,0.002282798442325769,-1.0,13.0,14.0,0.5501368539627726,-0.5420511440107671,-1.0,-1.0,9,4.845222072678331e-05,0.56,0.56,5.383580080753701e-06,0.42864602960969045
phoneinputproblems__ln,float64,0.002282798442325769,-1.0,6.0,7.0,0.7030987940679756,-0.5144656796769852,-1.0,-1.0,8,4.306864064602961e-05,0.56,0.56,0.0015989232839838492,0.4291520861372813
addrlastmoveecontrajectoryindex__ln,float64,0.002282798442325769,-1.0,6.0,7.0,1.7186376214539687,3.2659434724091523,3.0,5.0,8,4.306864064602961e-05,0.0014751009421265142,0.0014751009421265142,0.03586541049798116,0.01165006729475101
addrlastmoveecontrajectory__ln,float64,0.002282798442325769,-1.0,12.0,13.0,3.7533705246125226,4.67542934051144,3.0,1.0,14,7.537012113055182e-05,0.0014751009421265142,0.0014751009421265142,0.03586541049798116,0.01165006729475101
addrlastmovetaxratiodiff__ln,float64,0.002282798442325769,-1.0,90.28,91.28,0.5972304210489499,-0.5817321668909824,-1.0,-1.0,94,0.0005060565275908479,0.5848075370121131,0.5848075370121131,1.0767160161507402e-05,0.4144764468371467
addrchangecount60month__ln,float64,0.002282798442325769,-1.0,16.0,17.0,1.4805182313334877,1.4223526244952893,1.0,0.0,16,8.613728129205922e-05,0.0014751009421265142,0.0014751009421265142,5.383580080753701e-06,0.332678331090175
addrchangecount24month__ln,float64,0.002282798442325769,-1.0,7.0,8.0,0.7849180953413233,0.5288129205921938,0.0,0.0,9,4.845222072678331e-05,0.0014751009421265142,0.0014751009421265142,2.1534320323014804e-05,0.6111278600269179
addrchangecount12month__ln,float64,0.002282798442325769,-1.0,7.0,8.0,0.5091462421782127,0.24657335127860028,0.0,0.0,9,4.845222072678331e-05,0.0014751009421265142,0.0014751009421265142,5.383580080753701e-06,0.7816958277254374
addrchangecount06month__ln,float64,0.002282798442325769,-1.0,5.0,6.0,0.3620589275620867,0.12582503364737552,0.0,0.0,7,3.768506056527591e-05,0.0014751009421265142,0.0014751009421265142,5.383580080753701e-06,0.8796393001345895
addrchangecount03month__ln,float64,0.002282798442325769,-1.0,4.0,5.0,0.25146129555532154,0.059090174966352625,0.0,0.0,6,3.2301480484522207e-05,0.0014751009421265142,0.0014751009421265142,5.383580080753701e-06,0.9401776581426649
addrstabilityindex__ln,float64,0.002282798442325769,-1.0,6.0,7.0,1.8260193119494446,3.829900403768506,4.0,6.0,8,4.306864064602961e-05,0.0014751009421265142,0.0014751009421265142,0.2866271870794078,0.002234185733512786
addrpreviouscorrectional__ln,float64,0.002282798442325769,-1.0,1.0,2.0,0.038519239564808294,-0.0014643337819650068,0.0,0.0,3,1.6150740242261103e-05,0.0014751009421265142,0.0014751009421265142,1.0767160161507402e-05,0.998514131897712
addrpreviousdwelltypeindex__ln,float64,0.002282798442325769,-1.0,3.0,4.0,0.9583204181864448,2.4000484522207266,3.0,3.0,5,2.6917900403768505e-05,0.0014751009421265142,0.0014751009421265142,0.7096635262449529,0.025141318977119784
addrpreviousdwelltype__ln,object,0.002282798442325769,,,,,,,S,8,4.306864064602961e-05,,,,
addrpreviousownershipindex__ln,float64,0.002282798442325769,-1.0,5.0,6.0,2.383922269141686,2.159467025572005,0.0,0.0,7,3.768506056527591e-05,0.0014751009421265142,0.0014751009421265142,0.4015935397039031,0.5089528936742934
addrprevioussubjectowned__ln,float64,0.002282798442325769,-1.0,3.0,4.0,1.0954815353946032,0.2622234185733513,1.0,1.0,4,2.1534320323014804e-05,0.4030686406460296,0.4030686406460296,0.031876177658142664,0.0
addrpreviouslengthofres__ln,float64,0.002282798442325769,-1.0,667.0,668.0,69.50641393264213,62.22255181695828,39.0,1.0,517,0.0027833109017496634,0.02180349932705249,0.02180349932705249,1.0767160161507402e-05,0.0
addrprevioustimenewest__ln,float64,0.002282798442325769,-1.0,790.0,791.0,56.54011990085247,34.10320861372813,4.0,1.0,420,0.0022611036339165546,0.021022880215343202,0.021022880215343202,5.383580080753701e-06,0.0
addrprevioustimeoldest__ln,float64,0.002282798442325769,-1.0,790.0,791.0,85.2274190484772,96.26105518169582,70.0,-1.0,549,0.002955585464333782,0.02180349932705249,0.02180349932705249,5.383580080753701e-06,0.0
addrcurrentcorrectional__ln,float64,0.002282798442325769,-1.0,1.0,2.0,0.03844908856925426,-0.0014697173620457605,0.0,0.0,3,1.6150740242261103e-05,0.0014751009421265142,0.0014751009421265142,5.383580080753701e-06,0.9985195154777927
addrcurrentblockratio__ln,float64,0.002282798442325769,-1.0,99.0,100.0,0.9397816279075932,0.5669986541049798,0.5,0.0,733,0.003946164199192463,0.0014751009421265142,0.0014751009421265142,1.0767160161507402e-05,0.44649259757738896
addrcurrenttractratio__ln,float64,0.002282798442325769,-1.0,99.0,100.0,0.9698661484625726,0.5707067563930014,0.52,0.0,727,0.003913862718707941,0.0014751009421265142,0.0014751009421265142,5.383580080753701e-06,0.44808613728129204
addrinputavmvalue__ln,float64,0.002282798442325769,-1.0,9999999.0,10000000.0,191521.5483242087,83130.90889905787,22000.0,-1.0,53199,0.28640107671601617,0.47598384925975773,0.47598384925975773,0.00010767160161507402,0.0
addrinputavmratio12monthprior__ln,float64,0.002282798442325769,-1.0,99.0,100.0,1.4151893766328811,0.09500753701211306,0.42,-1.0,749,0.004032301480484522,0.49437954239569315,0.49437954239569315,2.1534320323014804e-05,0.0
addrinputtaxyr__ln,float64,0.002282798442325769,-1.0,2020.0,2021.0,691.6466542293836,273.6208990578735,-1.0,-1.0,22,0.00011843876177658142,0.8638169582772544,0.8638169582772544,0.00010767160161507402,0.0
inquirynonshortterm12month__ln,float64,0.002282798442325769,-1.0,1.0,2.0,0.5001889708054634,0.5525598923283984,1.0,1.0,3,1.6150740242261103e-05,0.0014751009421265142,0.0014751009421265142,0.5540349932705249,0.4444899057873486
addrinputtaxvalue__ln,float64,0.002282798442325769,-1.0,1086300.0,1086301.0,42270.209313888976,10982.483730820995,0.0,0.0,11756,0.0632893674293405,0.004382234185733512,0.004382234185733512,5.383580080753701e-06,0.8627133243606999
inquiryauto12month__ln,float64,0.002282798442325769,-1.0,1.0,2.0,0.5019450257805144,0.46833378196500675,0.0,0.0,3,1.6150740242261103e-05,0.0014751009421265142,0.0014751009421265142,0.46980888290713324,0.5287160161507403
shorttermloanrequest24month__ln,float64,0.002282798442325769,-1.0,1.0,2.0,0.0764432001941997,0.002901749663526245,0.0,0.0,3,1.6150740242261103e-05,0.0014751009421265142,0.0014751009421265142,0.004376850605652759,0.9941480484522207
shorttermloanrequest12month__ln,float64,0.002282798442325769,-1.0,1.0,2.0,0.05244982892024777,-0.00019919246298788693,0.0,0.0,3,1.6150740242261103e-05,0.0014751009421265142,0.0014751009421265142,0.0012759084791386273,0.9972489905787348
shorttermloanrequest__ln,float64,0.002282798442325769,-1.0,1.0,2.0,0.16550864050893618,0.025071332436069987,0.0,0.0,3,1.6150740242261103e-05,0.0014751009421265142,0.0014751009421265142,0.0265464333781965,0.9719784656796769
bankruptcydismissed24month__ln,float64,0.002282798442325769,-1.0,1.0,2.0,0.16911037736573148,0.02634185733512786,0.0,0.0,3,1.6150740242261103e-05,0.0014751009421265142,0.0014751009421265142,0.027816958277254375,0.9707079407806191
bankruptcystatus__ln,float64,0.002282798442325769,-1.0,2.0,3.0,0.7688073571576082,0.21795962314939435,0.0,0.0,4,2.1534320323014804e-05,0.18002691790040376,0.18002691790040376,0.030277254374158815,0.45226379542395695
bankruptcychapter__ln,float64,0.002282798442325769,-1.0,2.0,3.0,0.7075887358607927,0.6858573351278601,1.0,0.0,4,2.1534320323014804e-05,0.001496635262449529,0.001496635262449529,0.14111440107671602,0.45226379542395695
bankruptcytimenewest__ln,float64,0.002282798442325769,-1.0,120.0,121.0,19.070306749601535,8.743160161507403,1.0,-1.0,121,0.0006514131897711979,0.45373889636608344,0.45373889636608344,0.00011305518169582773,0.0
bankruptcycount24month__ln,float64,0.002282798442325769,-1.0,6.0,7.0,0.5344455456596584,0.42461372812920595,0.0,0.0,8,4.306864064602961e-05,0.0014751009421265142,0.0014751009421265142,1.6150740242261103e-05,0.5895504710632571
bankruptcycount__ln,float64,0.002282798442325769,-1.0,9.0,10.0,0.7121708167717999,0.6518654104979812,1.0,1.0,11,5.921938088829071e-05,0.0014751009421265142,0.0014751009421265142,5.383580080753701e-06,0.45226379542395695
lienjudgmentdollartotal__ln,float64,0.002282798442325769,-1.0,9999999.0,10000000.0,36902.957487705935,2412.334401076716,0.0,0.0,15385,0.08282637954239569,0.0014751009421265142,0.0014751009421265142,5.383580080753701e-06,0.6837200538358008
lienjudgmenttimenewest__ln,float64,0.002282798442325769,-1.0,84.0,85.0,21.207052105716667,10.030476446837147,-1.0,-1.0,85,0.0004576043068640646,0.6844253028263796,0.6844253028263796,0.0015558546433378196,0.0
lienjudgmentothercount__ln,float64,0.002282798442325769,-1.0,10.0,11.0,0.1031488011006702,0.0038061911170928667,0.0,0.0,9,4.845222072678331e-05,0.0014751009421265142,0.0014751009421265142,1.0767160161507402e-05,0.9943310901749663
lienjudgmentforeclosurecount__ln,float64,0.002282798442325769,-1.0,1.0,2.0,0.039006743359839495,-0.0014266487213997307,0.0,0.0,3,1.6150740242261103e-05,0.0014751009421265142,0.0014751009421265142,4.845222072678331e-05,0.9984764468371466
lienjudgmenttaxcount__ln,float64,0.002282798442325769,-1.0,52.0,53.0,0.7258985296972373,0.17532166890982503,0.0,0.0,28,0.00015074024226110363,0.0014751009421265142,0.0014751009421265142,1.0767160161507402e-05,0.8966298788694482
lienjudgmentcourtcount__ln,float64,0.002282798442325769,-1.0,15.0,16.0,0.7465705646056088,0.2680323014804845,0.0,0.0,17,9.152086137281293e-05,0.0014751009421265142,0.0014751009421265142,2.1534320323014804e-05,0.8261749663526244
lienjudgmentsmallclaimscount__ln,float64,0.002282798442325769,-1.0,19.0,20.0,0.5288494932446846,0.14228263795423957,0.0,0.0,14,7.537012113055182e-05,0.0014751009421265142,0.0014751009421265142,5.383580080753701e-06,0.9000753701211306
lienjudgmentcount12month__ln,float64,0.002282798442325769,-1.0,11.0,12.0,0.3667531909257586,0.09471332436069986,0.0,0.0,12,6.460296096904441e-05,0.0014751009421265142,0.0014751009421265142,1.0767160161507402e-05,0.9189771197846568
lienjudgmentcount__ln,float64,0.002282798442325769,-1.0,52.0,53.0,1.239030274453169,0.5939165545087484,0.0,0.0,32,0.00017227456258411844,0.0014751009421265142,0.0014751009421265142,1.0767160161507402e-05,0.6829609690444145
lienjudgmentseverityindex__ln,float64,0.002282798442325769,-1.0,6.0,7.0,2.321091678119764,1.7037200538358008,0.0,0.0,8,4.306864064602961e-05,0.0014751009421265142,0.0014751009421265142,0.1024656796769852,0.6286890982503365
evictiontimenewest__ln,float64,0.002282798442325769,-1.0,84.0,85.0,14.477870235937692,3.1605114401076717,-1.0,-1.0,85,0.0004576043068640646,0.8975289367429341,0.8975289367429341,0.000775235531628533,0.0
evictioncount12month__ln,float64,0.002282798442325769,-1.0,10.0,11.0,0.16823081964007727,0.016570659488559892,0.0,0.0,10,5.383580080753701e-05,0.0014751009421265142,0.0014751009421265142,1.0767160161507402e-05,0.9833755047106326
inquirytelcom12month__ln,float64,0.002282798442325769,-1.0,1.0,2.0,0.24130082458406446,0.058724091520861374,0.0,0.0,3,1.6150740242261103e-05,0.0014751009421265142,0.0014751009421265142,0.06019919246298789,0.9383257065948856
inquirybanking12month__ln,float64,0.002282798442325769,-1.0,1.0,2.0,0.37908345602310156,0.1694751009421265,0.0,0.0,3,1.6150740242261103e-05,0.0014751009421265142,0.0014751009421265142,0.17095020188425303,0.8275746971736204
inquiryshortterm12month__ln,float64,0.002282798442325769,-1.0,1.0,2.0,0.3590568103377854,0.14782234185733512,0.0,0.0,3,1.6150740242261103e-05,0.0014751009421265142,0.0014751009421265142,0.14929744279946164,0.8492274562584119
addrinputsubjectcount__ln,float64,0.002282798442325769,-1.0,72.0,73.0,2.118833585891309,1.374029609690444,1.0,-1.0,48,0.00025841184387617765,0.25211305518169586,0.25211305518169586,5.383580080753701e-06,0.14122745625841185
addrinputlastsaleprice__ln,float64,0.002282798442325769,-1.0,9999999.0,10000000.0,75437.03628489675,11845.758562584118,-1.0,-1.0,3143,0.016920592193808884,0.9115800807537012,0.9115800807537012,2.1534320323014804e-05,0.0
addrinputtimelastsale__ln,float64,0.002282798442325769,-1.0,567.0,568.0,34.531965992766104,8.089593539703904,-1.0,-1.0,310,0.0016689098250336474,0.9073539703903095,0.9073539703903095,5.383580080753701e-06,0.0
addrinputdelivery__ln,float64,0.002282798442325769,-1.0,4.0,5.0,0.5647290808956303,-0.9326675639300135,-1.0,-1.0,5,2.6917900403768505e-05,0.9855935397039031,0.9855935397039031,0.012053835800807537,0.0
addrinputdwelltypeindex__ln,float64,0.002282798442325769,-1.0,3.0,4.0,0.9767553326146456,2.427235531628533,3.0,3.0,5,2.6917900403768505e-05,0.004382234185733512,0.004382234185733512,0.7282368775235531,0.04052220726783311
addrinputdwelltype__ln,object,0.002282798442325769,,,,,,,S,7,3.768506056527591e-05,,,,
addrinputphonecount__ln,float64,0.002282798442325769,-1.0,85.0,86.0,1.7682405108891406,0.471693135935397,0.0,0.0,58,0.00031224764468371465,0.004382234185733512,0.004382234185733512,5.383580080753701e-06,0.7192032301480484
addrinputphoneservice__ln,float64,0.002282798442325769,-1.0,1.0,2.0,0.32090366763857164,0.1053028263795424,0.0,0.0,3,1.6150740242261103e-05,0.004382234185733512,0.004382234185733512,0.10968506056527591,0.8859327052489906
addrinputownershipindex__ln,float64,0.002282798442325769,-1.0,4.0,5.0,1.4403691412244408,1.3454481830417226,1.0,0.0,6,3.2301480484522207e-05,0.004936742934051144,0.004936742934051144,0.15153162853297442,0.3943257065948856
inquirycollections12month__ln,float64,0.002282798442325769,-1.0,1.0,2.0,0.18399954357493492,0.031924629878869445,0.0,0.0,3,1.6150740242261103e-05,0.0014751009421265142,0.0014751009421265142,0.03339973082099596,0.9651251682368776
addrinputsubjectowned__ln,float64,0.002282798442325769,-1.0,1.0,2.0,0.66792458256859,-0.22235800807537012,0.0,0.0,3,1.6150740242261103e-05,0.35896096904441455,0.35896096904441455,0.13660296096904442,0.504436069986541
addrinputmatchindex__ln,float64,0.002282798442325769,-1.0,2.0,3.0,0.8735298462217621,1.247370121130552,2.0,2.0,4,2.1534320323014804e-05,0.004936742934051144,0.004936742934051144,0.5308694481830417,0.2736258411843876
addrinputdeedmailing__ln,float64,0.002282798442325769,-1.0,1.0,2.0,0.718074754869574,-0.17252759084791386,0.0,0.0,3,1.6150740242261103e-05,0.35896096904441455,0.35896096904441455,0.18643337819650066,0.45460565275908477
addrinputlengthofres__ln,float64,0.002282798442325769,-1.0,789.0,790.0,79.15138582338153,51.91161238223419,15.0,-1.0,552,0.002971736204576043,0.32340242261103636,0.32340242261103636,5.383580080753701e-06,0.0
addronfilecount__ln,float64,0.002282798442325769,-1.0,35.0,36.0,3.818274507726044,7.131671601615074,7.0,6.0,35,0.00018842530282637955,0.0014751009421265142,0.0014751009421265142,5.383580080753701e-06,0.0071009421265141315
ssnsubjectcount__ln,float64,0.002282798442325769,-1.0,18.0,19.0,0.2555843517709892,1.0101803499327053,1.0,1.0,10,5.383580080753701e-05,0.0014858681022880216,0.0014858681022880216,5.383580080753701e-06,0.019289367429340513
addrinputtimenewest__ln,float64,0.002282798442325769,-1.0,683.0,684.0,13.27044881925665,1.9160753701211306,1.0,1.0,278,0.001496635262449529,0.3227133243606999,0.3227133243606999,1.0767160161507402e-05,0.0
ssndatelowissued__ln,float64,0.002282798442325769,-1.0,20110625.0,20110626.0,1570975.5859787525,19684718.13631763,19810101.0,19870101.0,274,0.0014751009421265142,0.006304172274562584,0.006304172274562584,0.0007644683714670256,0.0
ssnproblems__ln,float64,0.002282798442325769,-1.0,5.0,6.0,0.22816751633998777,0.014643337819650068,0.0,0.0,7,3.768506056527591e-05,0.0014858681022880216,0.0014858681022880216,0.0006137281292059219,0.990492597577389
ssndeceased__ln,float64,0.002282798442325769,-1.0,1.0,2.0,0.045813173898689795,-0.0008721399730820996,0.0,0.0,3,1.6150740242261103e-05,0.0014858681022880216,0.0014858681022880216,0.0006137281292059219,0.9979004037685061
addronfilecorrectional__ln,float64,0.002282798442325769,-1.0,1.0,2.0,0.043889472032488795,-0.0010228802153432032,0.0,0.0,3,1.6150740242261103e-05,0.0014751009421265142,0.0014751009421265142,0.0004522207267833109,0.9980726783310901
addronfilecollege__ln,float64,0.002282798442325769,-1.0,1.0,2.0,0.13782765460791185,0.016312247644683715,0.0,0.0,3,1.6150740242261103e-05,0.0014751009421265142,0.0014751009421265142,0.01778734858681023,0.9807375504710633
addronfilehighrisk__ln,float64,0.002282798442325769,-1.0,1.0,2.0,0.040165907722320766,-0.001335127860026918,0.0,0.0,3,1.6150740242261103e-05,0.0014751009421265142,0.0014751009421265142,0.00013997308209959624,0.9983849259757739
addrinputtimeoldest__ln,float64,0.002282798442325769,-1.0,790.0,791.0,80.46433959903466,54.11477254374159,18.0,-1.0,557,0.0029986541049798116,0.32340242261103636,0.32340242261103636,5.383580080753701e-06,0.0
linkt004__tu,float64,0.000999060024170807,0.0,17.0,17.0,1.988792103668832,1.678077735780073,1.0,0.0,18,9.677991709187102e-05,0.0,0.3492679674604412,1.0753324121319003e-05,0.3492679674604412
linkt003__tu,float64,0.000999060024170807,0.0,8.0,8.0,0.6833451081772368,0.35408008000473146,0.0,0.0,9,4.838995854593551e-05,0.0,0.7349897036921539,1.6129986181978505e-05,0.7349897036921539
linkt001__tu,float64,0.000999060024170807,0.0,20.0,20.0,3.417272422425071,4.036330105543876,3.0,1.0,21,0.00011290990327384953,0.0,0.11395835237567813,0.00015592319975912553,0.11395835237567813
rvlr73__tu,float64,0.0009560897005505573,-6.0,5.0,11.0,1.1983926787964616,-0.38707075920579365,0.0,0.0,8,4.301144642117884e-05,0.34020441189911665,0.03127469797899966,2.6882154013236773e-05,0.5677887277751792
rvlr70__tu,float64,0.0009560897005505573,-6.0,5.0,11.0,1.4943657792477847,-0.16570159733759146,0.0,0.0,8,4.301144642117884e-05,0.34020441189911665,0.03127469797899966,0.009053909471658145,0.47317967494099367
rvlr71__tu,float64,0.0009560897005505573,-6.0,5.0,11.0,1.2200427614997544,-0.365446754517546,0.0,0.0,8,4.301144642117884e-05,0.34020441189911665,0.03127469797899966,4.301144642117884e-05,0.5521003026930542
rvlr72__tu,float64,0.0009560897005505573,-6.0,5.0,11.0,1.5246925906320532,-0.13982483588444974,0.0,0.0,8,4.301144642117884e-05,0.34020441189911665,0.03127469797899966,0.010742108743689414,0.46197519314827656
rvlr26__tu,object,0.0009560897005505573,,,,,,,-2,602,0.0032366113431937073,,,,
rvlr74__tu,float64,0.0009560897005505573,-6.0,5.0,11.0,1.5419905235505709,-0.12373855492292886,0.0,0.0,8,4.301144642117884e-05,0.34020441189911665,0.03127469797899966,0.01158620837970505,0.4545772243638338
rvlr23__tu,object,0.0009560897005505573,,,,,,,-2,817,0.0043925439657628886,,,,
rvlr81__tu,object,0.0009560897005505573,,,,,,,NOACTBC,6,3.225858481588413e-05,,,,
rvlr80__tu,object,0.0009560897005505573,,,,,,,NOACTBC,6,3.225858481588413e-05,,,,
rvlr79__tu,object,0.0009560897005505573,,,,,,,NOACTBC,6,3.225858481588413e-05,,,,
rvlr78__tu,object,0.0009560897005505573,,,,,,,NOACTBC,6,3.225858481588413e-05,,,,
rvlr14__tu,object,0.0009560897005505573,,,,,,,-2,2032,0.010924907390979425,,,,
rvlr75__tu,float64,0.0009560897005505573,-6.0,5.0,11.0,1.1881304085585853,-0.39799566659677305,0.0,0.0,8,4.301144642117884e-05,0.34020441189911665,0.03127469797899966,2.6882154013236773e-05,0.576632956445534
rvlr20__tu,object,0.0009560897005505573,,,,,,,-2,1034,0.005559229449937365,,,,
rvlr77__tu,float64,0.0009560897005505573,-6.0,5.0,11.0,1.1844025341025448,-0.4017806738818368,0.0,0.0,8,4.301144642117884e-05,0.34020441189911665,0.03127469797899966,3.225858481588413e-05,0.5795899933869901
rvlr76__tu,float64,0.0009560897005505573,-6.0,5.0,11.0,1.5535509677136097,-0.11311472765689769,0.0,0.0,8,4.301144642117884e-05,0.34020441189911665,0.03127469797899966,0.012226003645220085,0.4498137066726883
rvlr17__tu,object,0.0009560897005505573,,,,,,,-2,1384,0.007440980230863939,,,,
linkt008__tu,float64,0.0009346045387404324,-4.0,6.0,10.0,2.2412239928254625,-1.401723646647061,-1.0,-4.0,9,4.8386836629910594e-05,0.5189219412798856,0.4065730829404143,1.612894554330353e-05,0.1589561346444374
linkt010__tu,float64,0.0009346045387404324,-4.0,9.0,13.0,2.5142085678398933,-1.0326664910403707,0.0,-4.0,11,5.9139466992112946e-05,0.4065730829404143,0.4065730829404143,2.6881575905505883e-05,0.1123703636001957
linkt011__tu,float64,0.0009346045387404324,-4.0,7.0,11.0,0.724009449397633,-0.0945478787748453,0.0,0.0,8,4.3010521448809415e-05,0.03124176751737894,0.03124176751737894,5.376315181101177e-06,0.9394734436911629
linkt007__tu,float64,0.0009346045387404324,-4.0,999.0,1003.0,24.734071549594965,11.857990010806393,1.0,-4.0,124,0.0006666630824565459,0.4065730829404143,0.4065730829404143,2.1505260724404707e-05,0.06888135010026827
linkt006__tu,float64,0.0009346045387404324,0.0,114.0,114.0,1.5921485420594177,1.1335154112074666,1.0,0.0,39,0.0002096762920629459,0.0,0.4065945882011387,1.0752630362202354e-05,0.4065945882011387
linkt009__tu,float64,0.0009346045387404324,-4.0,65.0,69.0,3.7792312216495585,1.7222165472228643,0.0,0.0,51,0.00027419207423616,0.03124176751737894,0.03124176751737894,5.376315181101177e-06,0.5906849963172242
purchaseactivitydollartotal__ln,float64,0.0008647777628575266,-1.0,38206.0,38207.0,231.98796947629435,17.84190974872859,-1.0,-1.0,1360,0.007311277645768598,0.942251658477319,0.942251658477319,1.0751878890836173e-05,0.0002795488511617405
purchaseactivitycount__ln,float64,0.0008647777628575266,-1.0,136.0,137.0,2.043169130332384,-0.7088391196361564,-1.0,-1.0,74,0.0003978195189609384,0.942251658477319,0.942251658477319,5.3759394454180865e-06,0.0
purchaseactivityindex__ln,float64,0.0008647777628575266,-1.0,3.0,4.0,0.4127882147505814,0.08957390303955616,0.0,0.0,5,2.6879697227090436e-05,0.00061823303622308,0.00061823303622308,0.011359360048168418,0.9416334254410959
bitnew__app,object,0.0008325500201423392,,,,,,,False,2,1.0751532093323298e-05,,,,
revs119__tu,float64,0.0008110648583322143,-6.0,26060.0,26066.0,451.15309510989323,88.6779716595708,-1.0,-2.0,2741,0.014734657893605126,0.7078925299961295,0.0312701586892014,1.0751300907409796e-05,0.05612179073667914
revs113__tu,float64,0.0008110648583322143,-6.0,28419.0,28425.0,473.60196064996177,88.48846385412635,-1.0,-2.0,2721,0.014627144884531028,0.707156065883972,0.0312701586892014,5.375650453704898e-06,0.05551971788586419
revs114__tu,float64,0.0008110648583322143,-6.0,41367.0,41373.0,488.8750102741235,89.66878467294542,-1.0,-2.0,2727,0.014659398787253258,0.7074786049111943,0.0312701586892014,5.375650453704898e-06,0.05481550767642885
revs115__tu,float64,0.0008110648583322143,-6.0,46790.0,46796.0,491.69038220762013,92.0178471595063,-1.0,-2.0,2810,0.015105577774910764,0.7065324904313421,0.0312701586892014,1.0751300907409796e-05,0.05643895411344773
revs116__tu,float64,0.0008110648583322143,-6.0,33518.0,33524.0,455.77592082067576,88.54677891024814,-1.0,-2.0,2739,0.014723906592697716,0.7061400679482217,0.0312701586892014,5.375650453704898e-06,0.05688513310110523
revs117__tu,float64,0.0008110648583322143,-6.0,54073.0,54079.0,503.46303337873394,90.98808755859459,-1.0,-2.0,2742,0.01474003354405883,0.7069679181180923,0.0312701586892014,5.375650453704898e-06,0.05500365544230852
revs118__tu,float64,0.0008110648583322143,-6.0,25935.0,25941.0,438.9806419935364,90.2070593041758,-1.0,-2.0,2774,0.014912054358577388,0.7078441491420462,0.0312701586892014,5.375650453704898e-06,0.05582075431127166
revs121__tu,float64,0.0008110648583322143,-6.0,38620.0,38626.0,469.15608975102026,93.77398615232443,-1.0,-2.0,2851,0.015325979443512666,0.7093439556186298,0.0312701586892014,5.375650453704898e-06,0.05494989893777147
revs120__tu,float64,0.0008110648583322143,-6.0,50383.0,50389.0,491.96089157499017,92.46507439900228,-1.0,-2.0,2778,0.014933556960392207,0.7087042532146389,0.0312701586892014,5.375650453704898e-06,0.05472949726916957
revs111__tu,float64,0.0008110648583322143,-6.0,31291.0,31297.0,438.283071062502,85.89935707220573,-1.0,-2.0,2699,0.01450888057454952,0.7075538640175462,0.0312701586892014,5.375650453704898e-06,0.05473487291962328
revs122__tu,float64,0.0008110648583322143,-6.0,51753.0,51759.0,485.1511274588291,92.31616888143465,-1.0,-2.0,2807,0.01508945082354965,0.7091128026491206,0.0312701586892014,5.375650453704898e-06,0.05639594890981809
revs123__tu,float64,0.0008110648583322143,-6.0,100733.0,100739.0,560.3762566004418,92.3408861222208,-2.0,-2.0,2788,0.014987313464929257,0.7105373500193524,0.0312701586892014,1.0751300907409796e-05,0.05631531415301252
revs124__tu,float64,0.0008110648583322143,-6.0,23182.0,23188.0,467.9794355127185,94.0966326925558,-2.0,-2.0,2832,0.015223842084892272,0.711617855760547,0.0312701586892014,5.375650453704898e-06,0.05610028813486432
revs901__tu,float64,0.0008110648583322143,-6.0,88332.0,88338.0,950.644748110626,223.47655141272094,-1.0,-2.0,4355,0.02341095772588483,0.6763643400851503,0.0312701586892014,1.0751300907409796e-05,0.03288285382531286
revs902__tu,float64,0.0008110648583322143,-6.0,145682.0,145688.0,1835.6322763682476,464.67922418612653,-1.0,-2.0,6631,0.03564593815851718,0.6497656216402184,0.0312701586892014,1.0751300907409796e-05,0.031141143078312474
revs112__tu,float64,0.0008110648583322143,-6.0,143159.0,143165.0,593.9008368463539,90.55764309981508,-1.0,-2.0,2747,0.014766911796327355,0.7071883197866942,0.0312701586892014,5.375650453704898e-06,0.05550896658495678
revs109__tu,float64,0.0008110648583322143,-6.0,64034.0,64040.0,497.2428800599569,87.5277974884961,-1.0,-2.0,2690,0.014460499720466176,0.7084300950415,0.0312701586892014,5.375650453704898e-06,0.055358448372253045
revs110__tu,float64,0.0008110648583322143,-6.0,31478.0,31484.0,479.39853764279894,85.9813518685761,-1.0,-2.0,2697,0.014498129273642111,0.7075269857652776,0.0312701586892014,5.375650453704898e-06,0.056492710617984776
revs103__tu,float64,0.0008110648583322143,-6.0,54076.0,54082.0,432.47272694877233,77.10022900270933,-1.0,-2.0,2381,0.012799423730271363,0.7036511417881564,0.0312701586892014,5.375650453704898e-06,0.05206317464413194
revs108__tu,float64,0.0008110648583322143,-6.0,55220.0,55226.0,488.1039199362449,84.33094116888144,-1.0,-2.0,2565,0.013788543413753063,0.707903281297037,0.0312701586892014,5.375650453704898e-06,0.05494452328731777
revs107__tu,float64,0.0008110648583322143,-6.0,51516.0,51522.0,491.9052396373109,80.39227196490775,-1.0,-2.0,2543,0.013670279103771556,0.7080000430052036,0.0312701586892014,1.0751300907409796e-05,0.05551971788586419
rtdexq2__tu,float64,0.0008110648583322143,-9.0,100.0,109.0,17.264227568331684,3.544101836322195,-1.0,-2.0,105,0.0005644432976390143,0.8338278931750742,0.025840751730959444,0.011810304046789661,0.0203038317636434
revs106__tu,float64,0.0008110648583322143,-6.0,36211.0,36217.0,443.5325309343921,79.2721315529179,-1.0,-2.0,2490,0.013385369629725197,0.708102180363824,0.0312701586892014,1.0751300907409796e-05,0.0557562465058272
revs105__tu,float64,0.0008110648583322143,-6.0,59926.0,59932.0,466.7210247065635,80.59198813056379,-1.0,-2.0,2502,0.013449877435169656,0.7071076850298886,0.0312701586892014,5.375650453704898e-06,0.052901776114909906
rtdexq3__tu,float64,0.0008110648583322143,-9.0,100.0,109.0,16.948150355436287,3.3908904227411516,-1.0,-2.0,105,0.0005644432976390143,0.8352739431471208,0.027308304304820882,0.010998580828280221,0.02059949253859717
rtdexq4__tu,float64,0.0008110648583322143,-9.0,100.0,109.0,18.15412303658496,4.03202274975272,-1.0,-2.0,105,0.0005644432976390143,0.834413839074528,0.02649120543585774,0.011417881563669205,0.018024555971272525
walsrts1__tu,float64,0.0008110648583322143,-9.0,100.0,109.0,30.44112442184302,8.974777448071217,-2.0,-2.0,93,0.0004999354921945556,0.876403044768417,0.04362340343181525,0.08123682965638843,0.00014514256225003225
revs904__tu,float64,0.0008110648583322143,-6.0,143159.0,143165.0,1176.8493260538626,317.9617307444201,-1.0,-2.0,5072,0.027265299101191243,0.5988904657463553,0.0312701586892014,5.375650453704898e-06,0.03046381112114566
walsrts2__tu,float64,0.0008110648583322143,-9.0,100.0,109.0,29.689060498708663,9.33512880058487,-2.0,-2.0,105,0.0005644432976390143,0.8508095729583279,0.01802993162172623,0.07532361415731303,0.00023652861996301553
revs101__tu,float64,0.0008110648583322143,-6.0,26190.0,26196.0,361.89824121633023,70.24299552745882,-1.0,-2.0,2191,0.011778050144067432,0.7031135767427859,0.0312701586892014,1.0751300907409796e-05,0.04870339311056638
revs102__tu,float64,0.0008110648583322143,-6.0,25674.0,25680.0,361.9302133758746,73.43599750569818,-1.0,-2.0,2307,0.0124016255966972,0.7027211542596654,0.0312701586892014,1.0751300907409796e-05,0.0503752204016686
revs104__tu,float64,0.0008110648583322143,-6.0,29828.0,29834.0,405.7166056238795,77.29720896228443,-1.0,-2.0,2455,0.013197221863845525,0.7055487463983142,0.0312701586892014,1.0751300907409796e-05,0.05284801961037285
revs903__tu,float64,0.0008110648583322143,-6.0,263261.0,263267.0,3635.1122663099936,987.4568012729541,-1.0,-2.0,10104,0.054315572184234294,0.5988904657463553,0.0312701586892014,1.0751300907409796e-05,0.03046381112114566
rvdexq4__tu,float64,0.0008110648583322143,-9.0,100.0,109.0,20.61530258871587,7.703753279146777,-1.0,-2.0,105,0.0005644432976390143,0.7046187588698233,0.019201823420633896,0.01398206683008644,0.017599879585429835
revs905__tu,float64,0.0008110648583322143,-9.0,12.0,21.0,5.184570493985882,1.190195888702533,-1.0,-2.0,16,8.601040725927837e-05,0.6292091343052509,0.030318668558895628,0.051858899926891154,0.0
ret254__tu,float64,0.0008110648583322143,-6.0,11430.0,11436.0,123.75738960110775,11.229981077710402,-1.0,-2.0,961,0.005166000086010408,0.7729970326409495,0.031237904786479163,1.0751300907409796e-05,0.12400012901561089
rev255__tu,float64,0.0008110648583322143,-6.0,63108.0,63114.0,326.05097281109073,47.94027652345934,-1.0,-2.0,1831,0.00984281598073367,0.5397529351051478,0.031237904786479163,5.375650453704898e-06,0.23230335870640348
ret231__tu,float64,0.0008110648583322143,-6.0,8670.0,8676.0,92.2891154829868,4.723218509439643,-2.0,-2.0,704,0.0037844579194082485,0.8611308218294413,0.031237904786479163,5.375650453704898e-06,0.09184836365200189
ret232__tu,float64,0.0008110648583322143,-6.0,16137.0,16143.0,200.25063899406533,16.084682621597214,-1.0,-2.0,1204,0.006472283146260698,0.8298445361888789,0.031237904786479163,5.375650453704898e-06,0.0994334064421795
ret233__tu,float64,0.0008110648583322143,-6.0,45806.0,45812.0,380.84449037421314,34.93594912484411,-1.0,-2.0,1775,0.009541779555326195,0.8082344213649851,0.031237904786479163,5.375650453704898e-06,0.10679267191330151
ret234__tu,float64,0.0008110648583322143,-6.0,88800.0,88806.0,707.3338335604273,76.80540682922634,-1.0,-2.0,2695,0.014487377972734701,0.7729970326409495,0.031237904786479163,5.375650453704898e-06,0.12317227884574034
ret235__tu,float64,0.0008110648583322143,-6.0,120892.0,120898.0,1345.1469334284725,174.59543929815507,-1.0,-1.0,4188,0.022513224100116115,0.7154023136799553,0.031237904786479163,1.0751300907409796e-05,0.14965273298069065
ret252__tu,float64,0.0008110648583322143,-6.0,8090.0,8096.0,94.45396163919479,6.61284027867372,-1.0,-2.0,788,0.00423601255751946,0.8298445361888789,0.031237904786479163,1.0751300907409796e-05,0.09983658022620737
ret253__tu,float64,0.0008110648583322143,-6.0,22836.0,22842.0,127.56941566415874,8.59944953339354,-1.0,-2.0,871,0.0046821915451769665,0.8082344213649851,0.031237904786479163,1.0751300907409796e-05,0.10741624736593128
ret255__tu,float64,0.0008110648583322143,-6.0,10834.0,10840.0,136.73779385391612,15.765976433148412,-1.0,-1.0,1061,0.005703565131380897,0.7154023136799553,0.031237904786479163,1.0751300907409796e-05,0.1506741065668946
rvdex01__tu,float64,0.0008110648583322143,-9.0,999.0,1008.0,134.11724675379423,40.106927063174645,-2.0,-2.0,962,0.0051713757364641125,0.7138810046015568,0.11499053885520148,0.009160108373113146,0.015261471638068206
aut231__tu,float64,0.0008110648583322143,-6.0,60949.0,60955.0,926.1352500393683,58.6638175719262,-2.0,-2.0,1565,0.008412892960048166,0.6537059734227841,0.031237904786479163,5.375650453704898e-06,0.2724755945469402
aut232__tu,float64,0.0008110648583322143,-6.0,188639.0,188645.0,1982.523701010902,178.26275641852664,-1.0,-2.0,2921,0.015702274975272008,0.5947028340429192,0.031237904786479163,1.0751300907409796e-05,0.29209671870296305
aut233__tu,float64,0.0008110648583322143,-6.0,304035.0,304041.0,3058.3177084984036,378.24984410613683,-1.0,-2.0,4839,0.026012772545478003,0.564448673289468,0.031237904786479163,5.375650453704898e-06,0.2935750225777319
aut234__tu,float64,0.0008110648583322143,-6.0,302586.0,302592.0,5227.5865874543115,894.1671074700039,-1.0,-2.0,8376,0.04502644820023223,0.5271685373930246,0.031237904786479163,5.375650453704898e-06,0.29594030877736205
aut235__tu,float64,0.0008110648583322143,-6.0,373113.0,373119.0,9338.445154873038,2140.674848406657,0.0,0.0,14176,0.07620522083172064,0.46777297553003916,0.031237904786479163,5.375650453704898e-06,0.29701543886810305
aut252__tu,float64,0.0008110648583322143,-6.0,62880.0,62886.0,1016.5208874259454,90.18297101449275,-1.0,-2.0,2417,0.01299294714660474,0.5947028340429192,0.031237904786479163,1.0751300907409796e-05,0.2945533909603062
aut253__tu,float64,0.0008110648583322143,-6.0,60807.0,60813.0,1088.043779496243,121.01593880359523,-1.0,-2.0,3358,0.01805143422354105,0.564448673289468,0.031237904786479163,5.375650453704898e-06,0.29751537436029757
aut254__tu,float64,0.0008110648583322143,-6.0,102050.0,102056.0,1347.0354153088354,185.2054358577388,-1.0,-2.0,4475,0.02405603578032942,0.5271685373930246,0.031237904786479163,1.0751300907409796e-05,0.2998161527544833
rev254__tu,float64,0.0008110648583322143,-6.0,72755.0,72761.0,353.8442297474643,39.954043564271274,-1.0,-2.0,1711,0.009197737926289081,0.6141519373844235,0.031237904786479163,5.375650453704898e-06,0.19759815937728464
rev253__tu,float64,0.0008110648583322143,-6.0,97098.0,97104.0,365.475131678583,34.26743323442137,-1.0,-2.0,1614,0.008676299832279705,0.6672848664688428,0.031237904786479163,5.375650453704898e-06,0.1678170558637595
rev252__tu,float64,0.0008110648583322143,-6.0,30109.0,30115.0,297.4468323573763,30.715300176321335,-1.0,-2.0,1535,0.008251623446437019,0.7033071001591192,0.031237904786479163,5.375650453704898e-06,0.15132993592224658
rev235__tu,float64,0.0008110648583322143,-6.0,449432.0,449438.0,4260.7583789217315,673.0828710273943,-1.0,-2.0,8183,0.043988947662667185,0.5397529351051478,0.031237904786479163,1.0751300907409796e-05,0.2314540059347181
rvdex02__tu,float64,0.0008110648583322143,-9.0,999.0,1008.0,129.4519695843274,31.279232787167246,-2.0,-2.0,941,0.005058487076936309,0.7945426396593988,0.11817829957424848,0.009364383090353933,0.014643271835892143
rvdexq1__tu,float64,0.0008110648583322143,-9.0,100.0,109.0,20.07164447251752,7.131020728508149,-1.0,-2.0,105,0.0005644432976390143,0.7041241990280824,0.019099686062013503,0.015159334279447814,0.019169569517911666
rvdexq2__tu,float64,0.0008110648583322143,-9.0,100.0,109.0,21.606771025395304,8.272034791209736,-1.0,-2.0,105,0.0005644432976390143,0.7007697931449706,0.018927665247494948,0.01738485356728164,0.017836408205392854
rvdexq3__tu,float64,0.0008110648583322143,-9.0,100.0,109.0,20.908318070020787,7.839246548832409,-1.0,-2.0,105,0.0005644432976390143,0.7014094955489614,0.01952436244785619,0.01578290973207758,0.018626628822087474
rtdex02__tu,float64,0.0008110648583322143,-9.0,999.0,1008.0,95.24754809927617,14.755859458994538,-2.0,-2.0,834,0.004483292478389885,0.8935459940652819,0.08081215327054574,0.0053595235023437835,0.01402507203371608
walsrvs1__tu,float64,0.0008110648583322143,-9.0,100.0,109.0,38.336428245388674,18.588816496796113,-2.0,-2.0,97,0.0005214380940093751,0.7516718272911023,0.04855825054831635,0.13314411043736293,0.00014514256225003225
walsrvs2__tu,float64,0.0008110648583322143,-9.0,100.0,109.0,34.81269249978315,16.471062873607707,-2.0,-2.0,105,0.0005644432976390143,0.7174934417064465,0.014379864963660604,0.10577129832709758,0.0003010364254074743
rvlr61__tu,float64,0.0008110648583322143,-6.0,1.0,7.0,1.2422481339092466,-0.2987141444114738,0.0,0.0,4,2.1502601814819592e-05,0.34015503375908485,0.0312701586892014,0.19779168279361803,0.4620532834472971
rvlr62__tu,float64,0.0008110648583322143,-6.0,1.0,7.0,1.2269665609034384,-0.3219960865264697,0.0,0.0,4,2.1502601814819592e-05,0.34015503375908485,0.0312701586892014,0.1745097406786221,0.485335225562293
rvlr63__tu,float64,0.0008110648583322143,-6.0,1.0,7.0,1.2122024383121828,-0.3436169526512708,0.0,0.0,4,2.1502601814819592e-05,0.34015503375908485,0.0312701586892014,0.15288887455382102,0.5069560916870941
rvlr64__tu,float64,0.0008110648583322143,-6.0,1.0,7.0,1.1966869504068312,-0.36548509869694235,0.0,0.0,4,2.1502601814819592e-05,0.34015503375908485,0.0312701586892014,0.1310207285081495,0.5288242377327657
rvlr65__tu,float64,0.0008110648583322143,-6.0,1.0,7.0,1.1798387581019631,-0.38831548617382705,0.0,0.0,4,2.1502601814819592e-05,0.34015503375908485,0.0312701586892014,0.10819034103126478,0.5516546252096504
rvlr66__tu,float64,0.0008110648583322143,-6.0,1.0,7.0,1.158642097292645,-0.4157904356427128,0.0,0.0,4,2.1502601814819592e-05,0.34015503375908485,0.0312701586892014,0.08071539156237904,0.5791295746785361
rev231__tu,float64,0.0008110648583322143,-6.0,30136.0,30142.0,317.51502095158605,26.77884574033458,-2.0,-2.0,1480,0.00795596267148325,0.7517954672515375,0.031237904786479163,1.0751300907409796e-05,0.1427772760504021
rev232__tu,float64,0.0008110648583322143,-6.0,90327.0,90333.0,681.2510214112845,73.48573302369587,-1.0,-2.0,2527,0.013584268696512278,0.7033071001591192,0.031237904786479163,5.375650453704898e-06,0.1509912699436632
rev233__tu,float64,0.0008110648583322143,-6.0,194195.0,194201.0,1245.8201525360846,146.67851460026662,-1.0,-2.0,3713,0.019959790134606286,0.6672848664688428,0.031237904786479163,5.375650453704898e-06,0.1673547499247409
rev234__tu,float64,0.0008110648583322143,-6.0,259962.0,259968.0,2182.347533362909,303.9907323786178,-1.0,-2.0,5476,0.02943706188448802,0.6141519373844235,0.031237904786479163,1.0751300907409796e-05,0.19678643615877522
rtdexq1__tu,float64,0.0008110648583322143,-9.0,100.0,109.0,16.379214233337027,3.1308702102954458,-1.0,-2.0,105,0.0005644432976390143,0.8341826861050187,0.02596439169139466,0.010520147937900485,0.019922160581430353
rtdex01__tu,float64,0.0008110648583322143,-9.0,999.0,1008.0,103.66746427740725,20.776835247064895,-1.0,-2.0,883,0.004746699350621425,0.8342525695609169,0.07969939362662883,0.005617554724121619,0.018578247968004127
std231__tu,float64,0.0008110648583322143,-6.0,170821.0,170827.0,1058.0010668312325,18.863195071603663,-1.0,-1.0,511,0.002746957381843203,0.9159839590590462,0.031237904786479163,5.375650453704898e-06,0.07452801789016471
au205s__tu,float64,0.0008110648583322143,-4.0,7.0,11.0,1.156198343449528,0.191507547413237,0.0,0.0,10,5.3756504537048986e-05,0.18335806132542037,0.031237904786479163,2.1502601814819592e-05,0.4554304820883327
jt53s__tu,float64,0.0008110648583322143,-5.0,9.0,14.0,2.0162953129643046,-2.7645518857781792,-2.0,-5.0,13,6.988345589816368e-05,0.9541887068335269,0.4227519029802606,5.375650453704898e-06,0.008015094826474004
jt70s__tu,float64,0.0008110648583322143,-5.0,100.0,105.0,29.835297720818733,9.966762353244743,-1.0,-1.0,104,0.0005590676471853095,0.6095073753924225,0.18933040897948653,0.05378875843977121,0.22876080505741195
jt75s__tu,float64,0.0008110648583322143,-4.0,14.0,18.0,1.392537169551268,-0.03993570722057369,0.0,-1.0,15,8.063475680557348e-05,0.42017696641293595,0.031237904786479163,1.0751300907409796e-05,0.281915236743646
jt80s__tu,float64,0.0008110648583322143,-5.0,9.0,14.0,1.8057183729919095,-2.431852879198383,-3.0,-1.0,14,7.525910635186857e-05,0.9265578635014837,0.22736313593944868,5.375650453704898e-06,0.029259665419515763
au200s__tu,float64,0.0008110648583322143,-4.0,12.0,16.0,1.532054932328942,0.8001440674321593,1.0,1.0,15,8.063475680557348e-05,0.18335806132542037,0.031237904786479163,1.0751300907409796e-05,0.17432696856319616
au201s__tu,float64,0.0008110648583322143,-4.0,7.0,11.0,1.2426778697211731,0.3548305594976992,0.0,0.0,10,5.3756504537048986e-05,0.18335806132542037,0.031237904786479163,2.1502601814819592e-05,0.3460574979572528
au202s__tu,float64,0.0008110648583322143,-4.0,12.0,16.0,1.3957959517148237,0.5678890895798392,1.0,1.0,12,6.450780544445878e-05,0.18335806132542037,0.031237904786479163,1.0751300907409796e-05,0.2609878295273728
au203s__tu,float64,0.0008110648583322143,-4.0,7.0,11.0,1.182653952632737,0.23985614759385887,0.0,0.0,10,5.3756504537048986e-05,0.18335806132542037,0.031237904786479163,2.1502601814819592e-05,0.42136498516320475
au204s__tu,float64,0.0008110648583322143,-4.0,12.0,16.0,1.3433280074194673,0.4649991398959274,1.0,1.0,12,6.450780544445878e-05,0.18335806132542037,0.031237904786479163,1.0751300907409796e-05,0.31339504580054184
au206s__tu,float64,0.0008110648583322143,-4.0,11.0,15.0,0.9334615727657075,-0.10401883627918979,0.0,0.0,10,5.3756504537048986e-05,0.1835085795381241,0.031237904786479163,1.0751300907409796e-05,0.6677632993592225
jt44s__tu,float64,0.0008110648583322143,-4.0,2090950.0,2090954.0,7485.526276613038,1152.175047305724,0.0,0.0,10767,0.05787962843504064,0.42017696641293595,0.031237904786479163,5.375650453704898e-06,0.4175859028942502
au207s__tu,float64,0.0008110648583322143,-4.0,7.0,11.0,1.038304265950533,0.01504644561992001,0.0,0.0,10,5.3756504537048986e-05,0.1835085795381241,0.031237904786479163,5.375650453704898e-06,0.5810863114436847
g400s__tu,float64,0.0008110648583322143,-4.0,6.0,10.0,1.1951619363203005,-1.118189050875156,-1.0,-1.0,9,4.838085408334408e-05,0.795886552272825,0.12198426009547156,1.0751300907409796e-05,0.16443039607792542
g401s__tu,float64,0.0008110648583322143,-4.0,9.0,13.0,1.2531305566788928,-1.0809949253859716,-1.0,-1.0,11,5.913215499075388e-05,0.795886552272825,0.12198426009547156,1.0751300907409796e-05,0.13569754440287274
g402s__tu,float64,0.0008110648583322143,-4.0,12.0,16.0,1.3766960124540604,-1.0024459209564358,-1.0,-1.0,15,8.063475680557348e-05,0.795886552272825,0.12198426009547156,1.0751300907409796e-05,0.08361824280737969
g403s__tu,float64,0.0008110648583322143,-4.0,15.0,19.0,1.6288943779724372,-0.16816647314325034,0.0,0.0,15,8.063475680557348e-05,0.12198426009547156,0.12198426009547156,5.375650453704898e-06,0.6740474347396035
g404s__tu,float64,0.0008110648583322143,-4.0,10.0,14.0,1.4978374655299889,-0.6511901690104502,0.0,-1.0,13,6.988345589816368e-05,0.496156409925601,0.12198426009547156,1.6126951361114695e-05,0.3403754354276867
g405s__tu,float64,0.0008110648583322143,-4.0,14.0,18.0,1.659422204399098,-0.5156915236743645,0.0,-1.0,16,8.601040725927837e-05,0.496156409925601,0.12198426009547156,2.1502601814819592e-05,0.2659656818475035
g406s__tu,float64,0.0008110648583322143,-4.0,26.0,30.0,1.9929851974652102,-0.23608781662581171,0.0,-1.0,23,0.00012363996043521266,0.496156409925601,0.12198426009547156,5.375650453704898e-06,0.1478142605255236
g407s__tu,float64,0.0008110648583322143,-4.0,32.0,36.0,2.45586927286632,0.6582161441534425,1.0,0.0,31,0.00016664516406485183,0.12198426009547156,0.12198426009547156,5.375650453704898e-06,0.3743172923923795
jt51s__tu,float64,0.0008110648583322143,-4.0,999.0,1003.0,364.98697842439196,165.26494968391177,0.0,-1.0,131,0.0007042102094353417,0.42017696641293595,0.031237904786479163,0.16060830860534125,0.0892357975315013
jt42s__tu,float64,0.0008110648583322143,-4.0,100.0,104.0,28.886695166447808,11.96936954371479,-1.0,-1.0,72,0.00038704683266675265,0.5530415430267063,0.031237904786479163,0.07254977852320131,0.21448845310282544
g409s__tu,float64,0.0008110648583322143,-4.0,20.0,24.0,1.6066227901338297,-0.5792585902894251,-1.0,-1.0,19,0.00010213735862039307,0.5142239711005031,0.12198426009547156,5.375650453704898e-06,0.26980927192190257
se57s__tu,float64,0.0008110648583322143,-5.0,56832.0,56837.0,286.2669939182095,16.34853567281641,-1.0,-1.0,1381,0.007423773276566465,0.9016470992990152,2.6878252268524493e-05,5.375650453704898e-06,0.07469466305422956
se28s__tu,float64,0.0008110648583322143,-5.0,346524.0,346529.0,5035.53155530824,782.2414580914291,-1.0,-1.0,7717,0.0414838945512407,0.9016363479981078,1.6126951361114695e-05,1.0751300907409796e-05,0.00014514256225003225
se29s__tu,float64,0.0008110648583322143,-4.0,7.0,11.0,1.3287669656488839,-1.4496409065496925,-1.0,-1.0,12,6.450780544445878e-05,0.9016202210467467,0.031237904786479163,1.0751300907409796e-05,0.00014514256225003225
se30s__tu,float64,0.0008110648583322143,-5.0,100.0,105.0,27.763500160122362,6.651297682019524,-1.0,-1.0,16,8.601040725927837e-05,0.9016363479981078,1.6126951361114695e-05,0.07969401797617512,0.014008945082354965
se31s__tu,float64,0.0008110648583322143,-5.0,100.0,105.0,23.891395835266508,4.504499419429751,-1.0,-1.0,19,0.00010213735862039307,0.9016363479981078,1.6126951361114695e-05,0.05643895411344773,0.033409667569775946
se32s__tu,float64,0.0008110648583322143,-4.0,338864.0,338868.0,3934.137193042291,554.6760848062615,-1.0,-1.0,7085,0.03808648346449921,0.9016202210467467,0.031237904786479163,1.0751300907409796e-05,0.00014514256225003225
se33s__tu,float64,0.0008110648583322143,-4.0,338864.0,338868.0,4260.398315926659,609.3720111383477,-1.0,-1.0,7381,0.039677675998795854,0.9016202210467467,0.031237904786479163,1.0751300907409796e-05,0.00014514256225003225
se34s__tu,float64,0.0008110648583322143,-5.0,300.0,305.0,24.75350829839321,5.9756966842988,-1.0,-1.0,200,0.0010751300907409797,0.9016363479981078,1.6126951361114695e-05,1.0751300907409796e-05,0.00018814776587967145
se35s__tu,float64,0.0008110648583322143,-4.0,338864.0,338868.0,3558.401254582828,499.6517384853567,-1.0,-1.0,6806,0.03658667698791554,0.9016202210467467,0.031237904786479163,1.0751300907409796e-05,0.00014514256225003225
se36s__tu,float64,0.0008110648583322143,-4.0,999.0,1003.0,360.9525010853481,158.69950651528836,-1.0,-1.0,114,0.0006128241517223584,0.612759643916914,0.031237904786479163,0.15559820238248828,0.020841396809013892
se101s__tu,float64,0.0008110648583322143,-5.0,352530.0,352535.0,4787.248787323956,857.6688169268482,-1.0,-1.0,9171,0.04930009031092762,0.7875166645164065,0.0005590676471853095,1.0751300907409796e-05,0.05491764503504924
jt41s__tu,float64,0.0008110648583322143,-4.0,91.0,95.0,3.4777483348068956,1.3253934976132111,1.0,-1.0,52,0.00027953382359265474,0.42017696641293595,0.031237904786479163,1.0751300907409796e-05,0.02581387347869092
jt01s__tu,float64,0.0008110648583322143,-4.0,91.0,95.0,3.6677243401788377,2.0052143809400937,1.0,0.0,54,0.0002902851245000645,0.031237904786479163,0.031237904786479163,1.0751300907409796e-05,0.3890842041887068
jt02s__tu,float64,0.0008110648583322143,-4.0,12.0,16.0,1.2443014262704273,-0.17609018191201134,0.0,-1.0,14,7.525910635186857e-05,0.42017696641293595,0.031237904786479163,2.1502601814819592e-05,0.3473530297165957
jt03s__tu,float64,0.0008110648583322143,-4.0,12.0,16.0,1.6658758353152714,-1.3141153829613383,-1.0,-1.0,16,8.601040725927837e-05,0.7728411387777921,0.031237904786479163,1.0751300907409796e-05,0.04210209435341676
jt20s__tu,float64,0.0008110648583322143,-5.0,698.0,703.0,69.09785343455962,58.350616049542,35.0,-1.0,501,0.002693200877306154,0.42019309336429705,1.6126951361114695e-05,1.0751300907409796e-05,0.00019889906678708123
jt21s__tu,float64,0.0008110648583322143,-5.0,999.0,1004.0,46.35197408765958,31.310572829312346,11.0,-1.0,409,0.0021986410355653036,0.42019309336429705,1.6126951361114695e-05,0.00014514256225003225,0.0003494172794908184
jt28s__tu,float64,0.0008110648583322143,-5.0,1872000.0,1872005.0,37900.989456902396,9909.400378445793,-1.0,-1.0,19282,0.10365329204833786,0.7754537048982927,0.0008547284221390788,1.0751300907409796e-05,0.00014514256225003225
jt33s__tu,float64,0.0008110648583322143,-4.0,1973971.0,1973975.0,40623.089338948936,11609.835865264697,-1.0,-1.0,25822,0.13881004601556787,0.5986324345245775,0.031237904786479163,5.375650453704898e-06,0.0892196705801402
jt34s__tu,float64,0.0008110648583322143,-5.0,999.0,1004.0,35.12004104632323,15.590058272050918,-1.0,-1.0,218,0.0011718917989076679,0.7754644561992001,0.0008654797230464886,1.0751300907409796e-05,0.0028222164881950714
jt40s__tu,float64,0.0008110648583322143,-4.0,18.0,22.0,1.1983435958853417,-0.2831462606975444,0.0,0.0,17,9.138605771298327e-05,0.42017696641293595,0.031237904786479163,1.0751300907409796e-05,0.4458887025330065
g408s__tu,float64,0.0008110648583322143,-4.0,13.0,17.0,1.4605031272948852,-0.7027372812110265,-1.0,-1.0,14,7.525910635186857e-05,0.5142239711005031,0.12198426009547156,1.6126951361114695e-05,0.34521352083602114
g410s__tu,float64,0.0008110648583322143,-4.0,25.0,29.0,1.8993576635557934,-0.3283501053627489,-1.0,-1.0,25,0.00013439126134262246,0.5142239711005031,0.12198426009547156,5.375650453704898e-06,0.1498086268438481
rets905__tu,float64,0.0008110648583322143,-9.0,12.0,21.0,4.390547734528287,-0.17882101234249345,-1.0,-2.0,16,8.601040725927837e-05,0.7939351911581302,0.03938201522384208,0.02803939276652475,0.0
rets118__tu,float64,0.0008110648583322143,-6.0,40031.0,40037.0,353.8745584018144,33.75416075345117,-1.0,-2.0,1650,0.008869823248613082,0.815905474562422,0.0312701586892014,5.375650453704898e-06,0.056600223627058875
rets109__tu,float64,0.0008110648583322143,-6.0,53391.0,53397.0,307.5977398812656,30.29442437534942,-1.0,-2.0,1605,0.008627918978196362,0.8248720595192018,0.0312701586892014,5.375650453704898e-06,0.05297703522126177
rets110__tu,float64,0.0008110648583322143,-6.0,22573.0,22579.0,256.377113443402,27.745355438007998,-1.0,-2.0,1565,0.008412892960048166,0.8236517868662108,0.0312701586892014,5.375650453704898e-06,0.054417709542854686
rets111__tu,float64,0.0008110648583322143,-6.0,100895.0,100901.0,423.5443971634586,30.431508837569346,-1.0,-2.0,1581,0.008498903367307444,0.821899324818303,0.0312701586892014,5.375650453704898e-06,0.05417042962198426
rets112__tu,float64,0.0008110648583322143,-6.0,72570.0,72576.0,376.1089994926398,31.023701242850386,-1.0,-2.0,1633,0.0087784371909001,0.8212918763170344,0.0312701586892014,1.0751300907409796e-05,0.05499290414140111
rets113__tu,float64,0.0008110648583322143,-6.0,84959.0,84965.0,379.3188896003948,30.09085924396852,-1.0,-2.0,1560,0.008386014707779641,0.8204317722444415,0.0312701586892014,5.375650453704898e-06,0.054482217348299146
rets114__tu,float64,0.0008110648583322143,-6.0,73657.0,73663.0,370.32269447183006,30.206580871285425,-1.0,-2.0,1587,0.008531157270029673,0.8196523029286543,0.0312701586892014,5.375650453704898e-06,0.055111168451382614
rets115__tu,float64,0.0008110648583322143,-6.0,35513.0,35519.0,360.9360835112286,34.31176084806262,-1.0,-2.0,1681,0.009036468412677934,0.8187276910506172,0.0312701586892014,5.375650453704898e-06,0.05562723089493829
rets116__tu,float64,0.0008110648583322143,-6.0,49025.0,49031.0,357.5277189497152,31.447006837827377,-1.0,-2.0,1610,0.008654797230464886,0.8175988044553391,0.0312701586892014,5.375650453704898e-06,0.05646045671526255
rets117__tu,float64,0.0008110648583322143,-6.0,41414.0,41420.0,325.1336873890367,31.865377585687867,-1.0,-2.0,1641,0.008821442394529738,0.8167709542854685,0.0312701586892014,5.375650453704898e-06,0.05584763256354019
rets119__tu,float64,0.0008110648583322143,-6.0,48481.0,48487.0,339.5906234417097,30.471191889218595,-1.0,-2.0,1582,0.008504279017761148,0.8148357201221348,0.0312701586892014,1.0751300907409796e-05,0.05738506859329979
rets107__tu,float64,0.0008110648583322143,-6.0,66531.0,66537.0,375.46073895403305,27.997457317335396,-1.0,-2.0,1484,0.00797746527329807,0.8265116329075818,0.0312701586892014,1.0751300907409796e-05,0.052993162172622885
rets120__tu,float64,0.0008110648583322143,-6.0,26887.0,26893.0,311.1097609781545,32.207656001376165,-1.0,-2.0,1637,0.008799939792714918,0.8140831290586161,0.0312701586892014,5.375650453704898e-06,0.0570625295660775
rets121__tu,float64,0.0008110648583322143,-6.0,85846.0,85852.0,528.2029830779783,38.07128112501613,-1.0,-2.0,1759,0.009455769148066916,0.81361007181869,0.0312701586892014,5.375650453704898e-06,0.05802477099729067
rets122__tu,float64,0.0008110648583322143,-6.0,64594.0,64600.0,481.97448534549227,35.32281318539543,-1.0,-2.0,1695,0.009111727519029802,0.8126693329892917,0.0312701586892014,1.0751300907409796e-05,0.05930417580527244
rets123__tu,float64,0.0008110648583322143,-6.0,63135.0,63141.0,397.73798487442394,33.46123618457833,-1.0,-2.0,1634,0.008783812841353805,0.8123629209134305,0.0312701586892014,1.0751300907409796e-05,0.05958370962886509
rets124__tu,float64,0.0008110648583322143,-6.0,49872.0,49878.0,413.54018178077285,36.17390229217735,-1.0,-2.0,1711,0.009197737926289081,0.8130778824237733,0.0312701586892014,1.0751300907409796e-05,0.05965896873521696
rets901__tu,float64,0.0008110648583322143,-6.0,53739.0,53745.0,561.0944948396447,81.36838794994195,-1.0,-2.0,2694,0.014482002322280996,0.8127338407947362,0.0312701586892014,5.375650453704898e-06,0.040145357588268184
rets902__tu,float64,0.0008110648583322143,-6.0,62241.0,62247.0,933.9240292276055,168.67762761794177,-1.0,-2.0,4123,0.022163806820625295,0.7927848019610373,0.0312701586892014,5.375650453704898e-06,0.039591665591536575
rets903__tu,float64,0.0008110648583322143,-6.0,111206.0,111212.0,1660.6126429959288,353.48066378531803,-1.0,-2.0,6101,0.032796843418053584,0.7545531759342881,0.0312701586892014,5.375650453704898e-06,0.039527157786092115
rets904__tu,float64,0.0008110648583322143,-6.0,100895.0,100901.0,1014.0599339844547,169.57504945598419,-1.0,-2.0,3990,0.021448845310282544,0.7545531759342881,0.0312701586892014,5.375650453704898e-06,0.039527157786092115
rets108__tu,float64,0.0008110648583322143,-6.0,42184.0,42190.0,293.4743467941654,28.659264395991915,-1.0,-2.0,1531,0.008230120844622199,0.82479680041285,0.0312701586892014,5.375650453704898e-06,0.05283189265901174
rets106__tu,float64,0.0008110648583322143,-6.0,57241.0,57247.0,344.561411399163,28.44002924353847,-1.0,-2.0,1527,0.00820861824280738,0.82836623231411,0.0312701586892014,5.375650453704898e-06,0.05116006536790952
g411s__tu,float64,0.0008110648583322143,-4.0,40.0,44.0,2.28807770010614,0.522222938975616,0.0,0.0,35,0.00018814776587967145,0.12198426009547156,0.12198426009547156,5.375650453704898e-06,0.39238485356728164
reap02__tu,float64,0.0008110648583322143,-4.0,45067.0,45071.0,111.68302809814494,-1.1652259923450738,-3.0,-3.0,252,0.0013546639143336343,0.9975110738399346,0.031237904786479163,5.375650453704898e-06,0.000424676385842687
g412s__tu,float64,0.0008110648583322143,-4.0,7.0,11.0,1.5953934080171317,-0.46152646970283406,0.0,0.0,10,5.3756504537048986e-05,0.4158871973508795,0.12198426009547156,2.1502601814819592e-05,0.338768115942029
g413s__tu,float64,0.0008110648583322143,-4.0,10.0,14.0,1.7565695848141176,-0.30371349933341935,0.0,-1.0,13,6.988345589816368e-05,0.4158871973508795,0.12198426009547156,1.6126951361114695e-05,0.25930525093536316
g414s__tu,float64,0.0008110648583322143,-4.0,14.0,18.0,2.0652583614027895,-0.001747086397454092,0.0,-1.0,17,9.138605771298327e-05,0.4158871973508795,0.12198426009547156,1.0751300907409796e-05,0.14225046230593902
g415s__tu,float64,0.0008110648583322143,-4.0,24.0,28.0,2.458132443204466,0.8277426568614802,1.0,0.0,24,0.00012901561088891756,0.12198426009547156,0.12198426009547156,5.375650453704898e-06,0.29404807981765796
g416s__tu,float64,0.0008110648583322143,-4.0,999.0,1003.0,13.946786234782715,3.948270115683998,1.0,-1.0,28,0.00015051821270373715,0.4045015696899325,0.12198426009547156,0.00014514256225003225,0.08926267578376984
g417s__tu,float64,0.0008110648583322143,-4.0,999.0,1003.0,14.000655983879376,3.7684223541048465,0.0,-1.0,28,0.00015051821270373715,0.485190083000043,0.12198426009547156,0.00014514256225003225,0.05052036296391863
g418s__tu,float64,0.0008110648583322143,-4.0,999.0,1003.0,13.884627697673436,3.6009869694233,0.0,-1.0,28,0.00015051821270373715,0.4158871973508795,0.12198426009547156,0.00014514256225003225,0.10870102782436675
us51a__tu,float64,0.0008110648583322143,-5.0,999.0,1004.0,21.84838183177439,8.906071259622415,-1.0,-1.0,195,0.0010482518384724551,0.6389498129273642,0.016863415473272265,3.225390272222939e-05,0.00014514256225003225
hrap02__tu,float64,0.0008110648583322143,-4.0,45067.0,45071.0,118.33384429274392,-0.3625553691996732,-1.0,-1.0,169,0.0009084849266761279,0.9981830301466478,0.031237904786479163,5.375650453704898e-06,0.00024190427041672044
g199b__tu,float64,0.0008110648583322143,-5.0,531993.0,531998.0,2641.2017422084773,601.9008837569346,351.0,-5.0,4541,0.024410828710273943,0.2215843117017159,0.13528361931793748,1.0751300907409796e-05,0.04804218810476068
rets105__tu,float64,0.0008110648583322143,-6.0,25300.0,25306.0,276.31117219778776,27.113802520104933,-1.0,-2.0,1466,0.00788070356513138,0.8284791209736379,0.0312701586892014,1.0751300907409796e-05,0.049488238076807294
g200b__tu,float64,0.0008110648583322143,-5.0,100.0,105.0,46.331553485827264,70.87067797703521,100.0,100.0,103,0.0005536919967316045,0.2604663914333634,0.22922848664688428,0.6822936825355868,0.009170859674020556
g205b__tu,float64,0.0008110648583322143,-5.0,230480.0,230485.0,1565.3403445606057,367.9428568356771,101.0,-5.0,3696,0.019868404076893303,0.3114651872876618,0.1817561174902163,5.375650453704898e-06,0.06264245473702318
g206b__tu,float64,0.0008110648583322143,-5.0,531397.0,531402.0,2042.9980393649225,217.6258117232185,-1.0,-1.0,2863,0.015390487248957124,0.6949425880531545,0.09631015352857696,1.0751300907409796e-05,0.013449877435169656
g207b__tu,float64,0.0008110648583322143,-5.0,531993.0,531998.0,3046.0199123090415,701.0107082957038,390.0,-5.0,5119,0.027517954672515374,0.19208274201178344,0.16084483722530427,1.0751300907409796e-05,0.04464477701801918
g208b__tu,float64,0.0008110648583322143,-5.0,100.0,105.0,47.682717911868586,48.79645637122092,47.0,100.0,103,0.0005536919967316045,0.2604663914333634,0.22922848664688428,0.4095116759127854,0.11411968348170129
rets101__tu,float64,0.0008110648583322143,-6.0,25340.0,25346.0,260.2112446671912,24.68810476067604,-1.0,-2.0,1375,0.007391519373844235,0.8327796413366018,0.0312701586892014,5.375650453704898e-06,0.04376854599406528
rets102__tu,float64,0.0008110648583322143,-6.0,19247.0,19253.0,245.67754531398919,25.35226637423128,-1.0,-2.0,1428,0.0076764288478905944,0.8299251709456844,0.0312701586892014,1.0751300907409796e-05,0.0457629123123898
rets103__tu,float64,0.0008110648583322143,-6.0,53534.0,53540.0,336.2915293476446,28.407608695652176,-1.0,-2.0,1508,0.008106480884186987,0.8287640304476842,0.0312701586892014,5.375650453704898e-06,0.047262718788973465
rets104__tu,float64,0.0008110648583322143,-6.0,32516.0,32522.0,296.0724282453124,27.400249430181052,-1.0,-2.0,1476,0.00793446006966843,0.8285812583322582,0.0312701586892014,1.0751300907409796e-05,0.04835935148152926
aut255__tu,float64,0.0008110648583322143,-6.0,59651.0,59657.0,1436.2754987127053,270.6263224100116,0.0,0.0,5415,0.029109147206812024,0.46777297553003916,0.031237904786479163,5.375650453704898e-06,0.3001333161312519
std253__tu,float64,0.0008110648583322143,-6.0,294773.0,294779.0,1857.95632081714,57.34710574979572,-1.0,-1.0,1199,0.006445404893992173,0.8683556960392207,0.031237904786479163,5.375650453704898e-06,0.1074323743172924
std232__tu,float64,0.0008110648583322143,-6.0,294773.0,294779.0,1829.6406413958691,48.703108201092334,-1.0,-1.0,928,0.004988603621038146,0.8920999440932352,0.031237904786479163,5.375650453704898e-06,0.09017116071044597
rle902__tu,float64,0.0008110648583322143,-6.0,24.0,30.0,1.4414929837540704,-1.0916172106824926,-1.0,-1.0,25,0.00013439126134262246,0.9128983356986196,0.031237904786479163,5.375650453704898e-06,0.04013998193781448
rle904__tu,float64,0.0008110648583322143,-6.0,457674.0,457680.0,9123.51335706603,422.9623704468241,-1.0,-1.0,1674,0.008998838859502,0.9250580570249,0.031237904786479163,1.0751300907409796e-05,0.049423730271362834
rle905__tu,float64,0.0008110648583322143,-6.0,707653.0,707659.0,14207.720693097634,983.6153990882897,-1.0,-1.0,2507,0.01347675568743818,0.9150969767341849,0.031237904786479163,1.0751300907409796e-05,0.054294069582419474
rle906__tu,float64,0.0008110648583322143,-6.0,914444.0,914450.0,24916.917064555128,2474.244694233002,-1.0,-1.0,3928,0.02111555498215284,0.8981367995527458,0.031237904786479163,1.0751300907409796e-05,0.06283060250290286
rle907__tu,float64,0.0008110648583322143,-6.0,999.0,1005.0,389.2279387469089,185.7900969767342,-1.0,-1.0,27,0.00014514256225003225,0.7478013589644347,0.031237904786479163,0.18637917688040254,0.010751300907409797
rev11__tu,float64,0.0008110648583322143,-6.0,347.0,353.0,17.63805480172791,6.117651485829786,-1.0,-2.0,231,0.0012417752548058315,0.5902195415645293,0.031237904786479163,5.375650453704898e-06,0.035914720681202425
rev12__tu,float64,0.0008110648583322143,-6.0,306.0,312.0,16.168166456222927,5.465864619618974,-1.0,-2.0,211,0.0011342622457317336,0.5902195415645293,0.031237904786479163,5.375650453704898e-06,0.04547800283834344
rev13__tu,float64,0.0008110648583322143,-6.0,284.0,290.0,14.108812134640212,4.514627144884531,-1.0,-2.0,185,0.0009944953339354062,0.5902195415645293,0.031237904786479163,5.375650453704898e-06,0.06009977207242076
rev14__tu,float64,0.0008110648583322143,-6.0,251.0,257.0,11.554087010668967,3.3657001247150906,-1.0,-2.0,162,0.0008708553735001935,0.5902195415645293,0.031237904786479163,5.375650453704898e-06,0.07771577860921171
rev51__tu,float64,0.0008110648583322143,-6.0,37.0,43.0,2.8456028274477543,-0.0870317808454823,-1.0,-2.0,35,0.00018814776587967145,0.5902195415645293,0.031237904786479163,5.375650453704898e-06,0.035914720681202425
rev52__tu,float64,0.0008110648583322143,-6.0,35.0,41.0,2.7542195071173734,-0.13929923020685503,-1.0,-2.0,34,0.00018277211542596655,0.5902195415645293,0.031237904786479163,5.375650453704898e-06,0.04547800283834344
rev53__tu,float64,0.0008110648583322143,-6.0,31.0,37.0,2.640160581335199,-0.2094837225304262,-1.0,-2.0,34,0.00018277211542596655,0.5902195415645293,0.031237904786479163,5.375650453704898e-06,0.06009977207242076
rev54__tu,float64,0.0008110648583322143,-6.0,27.0,33.0,2.5081173244926256,-0.28900034404162905,-1.0,-2.0,30,0.00016126951361114696,0.5902195415645293,0.031237904786479163,1.0751300907409796e-05,0.07771577860921171
rev81__tu,float64,0.0008110648583322143,-6.0,999.0,1005.0,182.6694362193433,35.57311422182084,-1.0,-2.0,28,0.00015051821270373715,0.5150571969208274,0.031237904786479163,0.034672945426396595,0.2677503977981336
rev82__tu,float64,0.0008110648583322143,-6.0,999.0,1005.0,208.4772569233004,46.56738377843719,-1.0,-2.0,28,0.00015051821270373715,0.5150571969208274,0.031237904786479163,0.04569302885649164,0.25410162129617686
rev83__tu,float64,0.0008110648583322143,-6.0,999.0,1005.0,238.09024634896892,61.424649507590416,-1.0,-2.0,28,0.00015051821270373715,0.5150571969208274,0.031237904786479163,0.060551326710531976,0.23180879886466263
rev84__tu,float64,0.0008110648583322143,-6.0,999.0,1005.0,268.2270260193205,79.23047563755215,-1.0,-2.0,28,0.00015051821270373715,0.5150571969208274,0.031237904786479163,0.07835010536274889,0.20273728121102652
rev92__tu,float64,0.0008110648583322143,-6.0,12.0,18.0,3.522664926493546,0.03330215456070185,-1.0,-2.0,16,8.601040725927837e-05,0.5902195415645293,0.031237904786479163,0.034764331484109574,0.19549090439943234
rev102__tu,float64,0.0008110648583322143,-6.0,12.0,18.0,3.8697231936690457,0.3303390960306197,-1.0,-2.0,16,8.601040725927837e-05,0.5902195415645293,0.031237904786479163,0.04474691437663957,0.1518675009676171
rev112__tu,float64,0.0008110648583322143,-6.0,12.0,18.0,4.297564777147632,0.737302713628349,-1.0,-2.0,16,8.601040725927837e-05,0.5902195415645293,0.031237904786479163,0.059787984346105875,0.10440050746140284
rle903__tu,float64,0.0008110648583322143,-6.0,43.0,49.0,2.0662592478068555,-0.9073936696340257,-1.0,-1.0,40,0.00021502601814819594,0.895895153313551,0.031237904786479163,1.0751300907409796e-05,0.038285382531286286
rle901__tu,float64,0.0008110648583322143,-6.0,12.0,18.0,1.16735915699827,-1.1833903152281426,-1.0,-1.0,16,8.601040725927837e-05,0.9224884961080291,0.031237904786479163,5.375650453704898e-06,0.04446738055304692
aut222__tu,float64,0.0008110648583322143,-6.0,50.0,56.0,2.69876643929311,-0.8146196189738958,-2.0,-2.0,1695,0.009111727519029802,0.6769717885864189,0.031237904786479163,0.00022040166860190082,0.0006934589085279319
per225__tu,float64,0.0008110648583322143,-6.0,50.0,56.0,2.0911962478604753,-0.8171994473831337,-1.0,-1.0,1358,0.007300133316131252,0.8112394099686062,0.031237904786479163,4.838085408334408e-05,0.0003494172794908184
aut224__tu,float64,0.0008110648583322143,-6.0,50.0,56.0,3.358034229045811,-0.3000528426439599,-1.0,-2.0,2141,0.011509267621382187,0.5859942803079172,0.031237904786479163,0.00038704683266675265,0.0007042102094353417
aut225__tu,float64,0.0008110648583322143,-6.0,50.0,56.0,3.817502818318018,0.17391191459166558,-1.0,-2.0,2506,0.013471380036984474,0.5081118565346406,0.031237904786479163,0.00046768158947232616,0.0005053111426482604
std201__tu,float64,0.0008110648583322143,-6.0,50.0,56.0,1.519167466506476,-1.4408246785361027,-1.0,-1.0,544,0.0029243538468154647,0.9689556186298542,0.031237904786479163,0.00027953382359265474,0.0024405453059820237
std202__tu,float64,0.0008110648583322143,-6.0,50.0,56.0,1.9649904128815396,-1.355572936825356,-1.0,-1.0,812,0.0043650281684083775,0.9542370876876102,0.031237904786479163,0.0006181998021760633,0.0028383434395561863
std203__tu,float64,0.0008110648583322143,-6.0,50.0,56.0,2.5152724732772125,-1.2550275770868278,-1.0,-1.0,1100,0.005913215499075388,0.9410721197264869,0.031237904786479163,0.0011826430998150776,0.002940480798176579
std204__tu,float64,0.0008110648583322143,-6.0,50.0,56.0,3.4243183612550943,-1.057518492237561,-1.0,-1.0,1519,0.008165613039177741,0.9202092203156582,0.031237904786479163,0.002386788801444975,0.0030479938072506775
std205__tu,float64,0.0008110648583322143,-6.0,50.0,56.0,4.708441863169125,-0.6777056186298543,-1.0,-1.0,2176,0.011697415387261859,0.8857889304605857,0.031237904786479163,0.0048757149615103424,0.002961983399991399
std222__tu,float64,0.0008110648583322143,-6.0,50.0,56.0,1.9141377354168314,-1.3586600116114051,-1.0,-1.0,815,0.004381155119769492,0.9542370876876102,0.031237904786479163,0.00052681374446308,0.002800713886380252
std223__tu,float64,0.0008110648583322143,-6.0,50.0,56.0,2.385709364970869,-1.2649960220186645,-1.0,-1.0,1092,0.005870210295445749,0.9410721197264869,0.031237904786479163,0.0009407388293983572,0.0028652216918247106
std224__tu,float64,0.0008110648583322143,-6.0,50.0,56.0,3.1767611999604424,-1.0839484152582461,-1.0,-1.0,1516,0.008149486087816626,0.9202092203156582,0.031237904786479163,0.0018277211542596654,0.0029834860018062184
std225__tu,float64,0.0008110648583322143,-6.0,50.0,56.0,4.27924021427335,-0.7469823786178127,-1.0,-1.0,2114,0.011364125059132155,0.8857889304605857,0.031237904786479163,0.0035156753967230036,0.0028813486431858255
per201__tu,float64,0.0008110648583322143,-6.0,50.0,56.0,1.414536521550898,-1.3488399883885953,-1.0,-1.0,667,0.0035855588526211672,0.9353363006923838,0.031237904786479163,6.988345589816368e-05,0.0004139250849352772
per202__tu,float64,0.0008110648583322143,-6.0,50.0,56.0,1.5560341980290118,-1.2347914247623963,-1.0,-1.0,884,0.00475207500107513,0.9057971014492754,0.031237904786479163,5.3756504537048986e-05,0.00046768158947232616
per203__tu,float64,0.0008110648583322143,-6.0,50.0,56.0,1.6798709022855771,-1.1465365221691826,-1.0,-1.0,995,0.0053487722014363736,0.8841923622758354,0.031237904786479163,0.00010213735862039307,0.0004945598417408506
per204__tu,float64,0.0008110648583322143,-6.0,50.0,56.0,1.895725677394233,-1.013160613684256,-1.0,-1.0,1142,0.006138992818130994,0.8541371005891712,0.031237904786479163,0.00013439126134262246,0.000424676385842687
per205__tu,float64,0.0008110648583322143,-6.0,50.0,56.0,2.1633966576672257,-0.8152334644992045,-1.0,-1.0,1350,0.007257128112501613,0.8112394099686062,0.031237904786479163,0.00015589386315744205,0.0003601685803982282
per222__tu,float64,0.0008110648583322143,-6.0,50.0,56.0,1.5561286866481308,-1.233719896357459,-1.0,-1.0,890,0.00478432890379736,0.9057971014492754,0.031237904786479163,4.3005203629639184e-05,0.00046230593901862126
per223__tu,float64,0.0008110648583322143,-6.0,50.0,56.0,1.650035512649964,-1.1462861243710487,-1.0,-1.0,1020,0.005483163462778997,0.8841923622758354,0.031237904786479163,4.3005203629639184e-05,0.00048380854083344087
per224__tu,float64,0.0008110648583322143,-6.0,50.0,56.0,1.8403007678236778,-1.014507321635918,-1.0,-1.0,1166,0.006268008429019911,0.8541371005891712,0.031237904786479163,5.3756504537048986e-05,0.00040854943448157227
rev122__tu,float64,0.0008110648583322143,-6.0,12.0,18.0,5.293558710648086,1.8147712123166904,-1.0,-2.0,16,8.601040725927837e-05,0.5902195415645293,0.031237904786479163,0.12040381886208232,0.028254418784672945
rev132__tu,float64,0.0008110648583322143,-6.0,12.0,18.0,4.73812472424394,1.225078484496624,-1.0,-2.0,16,8.601040725927837e-05,0.5902195415645293,0.031237904786479163,0.06569582419472757,0.07596869221175762
rev142__tu,float64,0.0008110648583322143,-6.0,12.0,18.0,4.4240729692602,0.9364866898894766,-1.0,-2.0,16,8.601040725927837e-05,0.5902195415645293,0.031237904786479163,0.04654775727863071,0.09562744592095644
rev152__tu,float64,0.0008110648583322143,-6.0,12.0,18.0,3.9622108518247434,0.5534554681116415,-1.0,-2.0,16,8.601040725927837e-05,0.5902195415645293,0.031237904786479163,0.02565797961553348,0.12416677417967574
ret12__tu,float64,0.0008110648583322143,-6.0,210.0,216.0,7.7703336431995575,0.9203382359265471,-1.0,-2.0,131,0.0007042102094353417,0.751456801272954,0.031237904786479163,5.375650453704898e-06,0.056105663785318026
ret13__tu,float64,0.0008110648583322143,-6.0,203.0,209.0,6.206609738715221,0.3501859975056982,-1.0,-2.0,112,0.0006020728508149486,0.751456801272954,0.031237904786479163,5.375650453704898e-06,0.07458715004515547
ret14__tu,float64,0.0008110648583322143,-6.0,172.0,178.0,4.676549149902461,-0.1717627832967789,-1.0,-2.0,92,0.0004945598417408506,0.751456801272954,0.031237904786479163,5.375650453704898e-06,0.09455231583021545
ret51__tu,float64,0.0008110648583322143,-6.0,25.0,31.0,1.908358951801271,-0.8752257773190556,-1.0,-2.0,26,0.00013976691179632737,0.751456801272954,0.031237904786479163,5.375650453704898e-06,0.043435255665935577
ret52__tu,float64,0.0008110648583322143,-6.0,24.0,30.0,1.8313646722782586,-0.9148711994151292,-1.0,-2.0,26,0.00013976691179632737,0.751456801272954,0.031237904786479163,5.375650453704898e-06,0.056105663785318026
ret53__tu,float64,0.0008110648583322143,-6.0,24.0,30.0,1.737903237078766,-0.9651980389627145,-1.0,-2.0,24,0.00012901561088891756,0.751456801272954,0.031237904786479163,5.375650453704898e-06,0.07458715004515547
ret54__tu,float64,0.0008110648583322143,-6.0,23.0,29.0,1.6424421975806403,-1.0154334924525867,-1.0,-2.0,24,0.00012901561088891756,0.751456801272954,0.031237904786479163,5.375650453704898e-06,0.09455231583021545
ret81__tu,float64,0.0008110648583322143,-6.0,999.0,1005.0,206.79103630005483,45.144508235496495,-1.0,-1.0,28,0.00015051821270373715,0.6886208231195975,0.031237904786479163,0.04486517868662108,0.12868769621124157
ret82__tu,float64,0.0008110648583322143,-6.0,999.0,1005.0,236.83547475836158,60.01567002107255,-1.0,-1.0,28,0.00015051821270373715,0.6886208231195975,0.031237904786479163,0.059787984346105875,0.11485614759385886
ret83__tu,float64,0.0008110648583322143,-6.0,999.0,1005.0,271.98593612291364,80.81971143508365,-1.0,-1.0,28,0.00015051821270373715,0.6886208231195975,0.031237904786479163,0.08064550810648088,0.09272997032640949
ret84__tu,float64,0.0008110648583322143,-6.0,999.0,1005.0,303.05996572275524,102.69222788457404,-1.0,-1.0,28,0.00015051821270373715,0.6886208231195975,0.031237904786479163,0.10257278630714317,0.07068442781576571
ret92__tu,float64,0.0008110648583322143,-6.0,12.0,18.0,3.3668368466442313,-0.35209435341676343,-1.0,-2.0,16,8.601040725927837e-05,0.751456801272954,0.031237904786479163,0.03235066443039608,0.10163742312819851
ret102__tu,float64,0.0008110648583322143,-6.0,12.0,18.0,3.697599334290711,-0.12254870339311057,-1.0,-2.0,16,8.601040725927837e-05,0.751456801272954,0.031237904786479163,0.04106996946630542,0.07460865264697028
ret112__tu,float64,0.0008110648583322143,-6.0,12.0,18.0,4.070651577958719,0.15856018578247968,-1.0,-2.0,16,8.601040725927837e-05,0.751456801272954,0.031237904786479163,0.05349847331527115,0.046386487765019566
ret122__tu,float64,0.0008110648583322143,-6.0,12.0,18.0,4.613259773815882,0.5873596955231583,-1.0,-2.0,16,8.601040725927837e-05,0.751456801272954,0.031237904786479163,0.08086053412462908,0.01429923020685503
ret132__tu,float64,0.0008110648583322143,-6.0,12.0,18.0,3.5672170201880395,-0.15416827936180277,-1.0,-2.0,16,8.601040725927837e-05,0.751456801272954,0.031237904786479163,0.028464069152367436,0.07049628004988603
ret142__tu,float64,0.0008110648583322143,-6.0,12.0,18.0,3.1832116418847765,-0.3751988990667871,-1.0,-2.0,16,8.601040725927837e-05,0.751456801272954,0.031237904786479163,0.017761149099040984,0.08840794736163075
ret152__tu,float64,0.0008110648583322143,-6.0,12.0,18.0,2.654093354114383,-0.6448791553778007,-1.0,-2.0,16,8.601040725927837e-05,0.751456801272954,0.031237904786479163,0.007552788887455382,0.11349073237861781
ret162__tu,float64,0.0008110648583322143,-6.0,12.0,18.0,1.703330538863318,-1.0603255493914763,-1.0,-2.0,16,8.601040725927837e-05,0.751456801272954,0.031237904786479163,0.000741839762611276,0.17478927450221476
ret11__tu,float64,0.0008110648583322143,-6.0,223.0,229.0,8.966490543629858,1.3604696168236357,-1.0,-2.0,153,0.0008224745194168494,0.751456801272954,0.031237904786479163,5.375650453704898e-06,0.043435255665935577
bkc162__tu,float64,0.0008110648583322143,-6.0,12.0,18.0,2.624806403787208,-0.42981550767642884,-1.0,-2.0,16,8.601040725927837e-05,0.6819173870038274,0.031237904786479163,0.0015428116802133059,0.12605362748892615
bkc152__tu,float64,0.0008110648583322143,-6.0,12.0,18.0,4.2635079452928455,0.6254784328903797,-1.0,-2.0,16,8.601040725927837e-05,0.6819173870038274,0.031237904786479163,0.03682320560787855,0.04680041284995484
bkc54__tu,float64,0.0008110648583322143,-6.0,18.0,24.0,2.0118922720330636,-0.6425998795854299,-1.0,-2.0,21,0.00011288865952780286,0.6819173870038274,0.031237904786479163,1.0751300907409796e-05,0.042365501225648305
rev162__tu,float64,0.0008110648583322143,-6.0,12.0,18.0,2.468633718592172,-0.4389433621468198,-1.0,-2.0,16,8.601040725927837e-05,0.5902195415645293,0.031237904786479163,0.0013492882638799295,0.22779318797574508
bkc11__tu,float64,0.0008110648583322143,-6.0,189.0,195.0,11.4436141037155,3.3349836580226206,-1.0,-2.0,152,0.0008170988689631445,0.6819173870038274,0.031237904786479163,1.0751300907409796e-05,0.01606781920612394
bkc12__tu,float64,0.0008110648583322143,-6.0,185.0,191.0,10.993360898550959,3.103594159893347,-1.0,-2.0,145,0.0007794693157872103,0.6819173870038274,0.031237904786479163,1.0751300907409796e-05,0.021792886939319658
bkc13__tu,float64,0.0008110648583322143,-6.0,184.0,190.0,10.170682802531813,2.6920074829054315,-1.0,-2.0,138,0.000741839762611276,0.6819173870038274,0.031237904786479163,1.0751300907409796e-05,0.03034554681116415
bkc14__tu,float64,0.0008110648583322143,-6.0,175.0,181.0,8.779013362852442,2.0484292349374273,-1.0,-2.0,123,0.0006612050058057025,0.6819173870038274,0.031237904786479163,1.0751300907409796e-05,0.042365501225648305
bkc51__tu,float64,0.0008110648583322143,-6.0,19.0,25.0,2.111816410084634,-0.5712542467638584,-1.0,-2.0,23,0.00012363996043521266,0.6819173870038274,0.031237904786479163,1.0751300907409796e-05,0.01606781920612394
bkc52__tu,float64,0.0008110648583322143,-6.0,19.0,25.0,2.091604346206091,-0.5862845654324174,-1.0,-2.0,22,0.00011826430998150777,0.6819173870038274,0.031237904786479163,1.0751300907409796e-05,0.021792886939319658
bkc53__tu,float64,0.0008110648583322143,-6.0,18.0,24.0,2.0596456711119275,-0.6094966240915151,-1.0,-2.0,22,0.00011826430998150777,0.6819173870038274,0.031237904786479163,1.0751300907409796e-05,0.03034554681116415
bkc81__tu,float64,0.0008110648583322143,-6.0,999.0,1005.0,128.0335405556873,17.21683223670064,-1.0,-1.0,28,0.00015051821270373715,0.6165709800885907,0.031237904786479163,0.016696770309207413,0.21424654883240873
bkc142__tu,float64,0.0008110648583322143,-6.0,12.0,18.0,4.5990824351885315,0.8799832279705845,-1.0,-2.0,16,8.601040725927837e-05,0.6819173870038274,0.031237904786479163,0.058137659656818476,0.033732206596998236
bkc82__tu,float64,0.0008110648583322143,-6.0,999.0,1005.0,150.2919928447392,23.67443448157227,-1.0,-1.0,28,0.00015051821270373715,0.6165709800885907,0.031237904786479163,0.023169053455468113,0.2054304820883327
bkc83__tu,float64,0.0008110648583322143,-6.0,999.0,1005.0,174.84145152184462,32.152937255407906,-1.0,-1.0,28,0.00015051821270373715,0.6165709800885907,0.031237904786479163,0.031641078570507034,0.19063669203973682
bkc84__tu,float64,0.0008110648583322143,-6.0,999.0,1005.0,203.57123015949338,43.96521416591408,-1.0,-1.0,28,0.00015051821270373715,0.6165709800885907,0.031237904786479163,0.043435255665935577,0.16886530770223196
bkc92__tu,float64,0.0008110648583322143,-6.0,12.0,18.0,2.3267255340114326,-0.7389369113662754,-1.0,-2.0,16,8.601040725927837e-05,0.6819173870038274,0.031237904786479163,0.010073968950242979,0.19627037371521955
bkc102__tu,float64,0.0008110648583322143,-6.0,12.0,18.0,2.581240991344395,-0.588074657033501,-1.0,-2.0,16,8.601040725927837e-05,0.6819173870038274,0.031237904786479163,0.012810175031178773,0.1624145271577861
bkc112__tu,float64,0.0008110648583322143,-6.0,12.0,18.0,2.976826582019939,-0.33497828237216704,-1.0,-2.0,16,8.601040725927837e-05,0.6819173870038274,0.031237904786479163,0.017825656904485444,0.11918892185954501
bkc122__tu,float64,0.0008110648583322143,-6.0,12.0,18.0,4.4360067342687515,0.7448501268653507,-1.0,-2.0,16,8.601040725927837e-05,0.6819173870038274,0.031237904786479163,0.056691609684771854,0.029657463553089923
bkc132__tu,float64,0.0008110648583322143,-6.0,12.0,18.0,4.788185229528226,1.0332107685029888,-1.0,-2.0,16,8.601040725927837e-05,0.6819173870038274,0.031237904786479163,0.07337762869307186,0.025437577946931578
aut223__tu,float64,0.0008110648583322143,-6.0,50.0,56.0,2.9027382441985896,-0.6110967939620693,-1.0,-2.0,1879,0.010100847202511504,0.6355093966369931,0.031237904786479163,0.0002902851245000645,0.0007257128112501612
aut205__tu,float64,0.0008110648583322143,-6.0,50.0,56.0,3.872422042140076,0.17327565260396507,-1.0,-2.0,2557,0.013745538210123425,0.5081118565346406,0.031237904786479163,0.0005375650453704899,0.00046230593901862126
std233__tu,float64,0.0008110648583322143,-6.0,353928.0,353934.0,2387.3551626845315,90.14069689932482,-1.0,-1.0,1435,0.007714058401066529,0.8683556960392207,0.031237904786479163,5.375650453704898e-06,0.10717971874596827
all254__tu,float64,0.0008110648583322143,-6.0,3489375.0,3489381.0,8474.168498705745,299.23050789145486,0.0,0.0,4814,0.02587838128413538,0.2564561561948996,0.031237904786479163,5.375650453704898e-06,0.4903292048337849
rev315__tu,float64,0.0008110648583322143,-6.0,999.0,1005.0,14.789016965523327,4.486222207887154,-1.0,-2.0,29,0.00015589386315744205,0.5370436072764805,0.031237904786479163,0.00014514256225003225,0.04951511632907582
rev316__tu,float64,0.0008110648583322143,-6.0,241183.0,241189.0,2583.473262347738,479.5780383176364,-2.0,-2.0,6503,0.03495785490044295,0.7184449318367523,0.031237904786479163,5.375650453704898e-06,0.00014514256225003225
rev317__tu,float64,0.0008110648583322143,-6.0,363000.0,363006.0,3231.5081113088677,621.4015395862899,-1.0,-2.0,7470,0.04015610888917559,0.6787188749838731,0.031237904786479163,1.0751300907409796e-05,0.00014514256225003225
rev318__tu,float64,0.0008110648583322143,-6.0,363000.0,363006.0,3892.871334331094,867.3492022534726,-1.0,-2.0,9002,0.048391605384251496,0.6215165785059992,0.031237904786479163,1.0751300907409796e-05,0.00014514256225003225
rev319__tu,float64,0.0008110648583322143,-6.0,363000.0,363006.0,4827.438707928335,1271.6622640089452,-1.0,-2.0,11212,0.06027179288693932,0.5370436072764805,0.031237904786479163,1.0751300907409796e-05,0.00014514256225003225
rev320__tu,float64,0.0008110648583322143,-6.0,999.0,1005.0,13.167965024501418,1.0486657635573904,-1.0,-2.0,28,0.00015051821270373715,0.5150571969208274,0.031237904786479163,0.00014514256225003225,0.274136670537135
rev321__tu,float64,0.0008110648583322143,-6.0,999999999.0,1000000005.0,12046666.886279749,145476.85440588312,-1.0,-2.0,5303,0.028507074355997076,0.6682094783468799,0.031237904786479163,0.00014514256225003225,0.11253924224831205
rev322__tu,float64,0.0008110648583322143,-6.0,999999999.0,1000000005.0,12046667.1196411,145456.29109147206,-1.0,-2.0,5088,0.027351309508450522,0.6400571969208274,0.031237904786479163,0.00014514256225003225,0.14721756332516234
rev323__tu,float64,0.0008110648583322143,-6.0,999999999.0,1000000005.0,12046667.432461955,145428.37530641208,-1.0,-2.0,4794,0.02577086827506128,0.5902195415645293,0.031237904786479163,0.00014514256225003225,0.19822173482991443
rev324__tu,float64,0.0008110648583322143,-6.0,999999999.0,1000000005.0,12046667.86216606,145390.4181288436,-1.0,-2.0,4413,0.023722745452199715,0.5150571969208274,0.031237904786479163,0.00014514256225003225,0.2676805143422354
rev325__tu,float64,0.0008110648583322143,-6.0,237171.0,237177.0,2313.0733450037537,405.17803616737626,-1.0,-2.0,6058,0.03256569044854427,0.6682094783468799,0.031237904786479163,5.375650453704898e-06,0.05127295402743732
rev326__tu,float64,0.0008110648583322143,-6.0,237281.0,237287.0,2490.5383988122385,458.22296585386835,-1.0,-2.0,6556,0.03524276437448931,0.6400571969208274,0.031237904786479163,5.375650453704898e-06,0.040037844579194085
rev327__tu,float64,0.0008110648583322143,-6.0,238141.0,238147.0,2666.0733262574568,543.298187330667,-1.0,-2.0,7299,0.03923687266159205,0.5902195415645293,0.031237904786479163,5.375650453704898e-06,0.03287747817485916
rev328__tu,float64,0.0008110648583322143,-6.0,238719.0,238725.0,2937.35949472428,672.9141186083516,-1.0,-2.0,8315,0.044698533522556226,0.5150571969208274,0.031237904786479163,5.375650453704898e-06,0.023894766266718274
bkc315__tu,float64,0.0008110648583322143,-6.0,999.0,1005.0,14.428978183567523,3.2147626112759644,-1.0,-1.0,29,0.00015589386315744205,0.6393207328086699,0.031237904786479163,0.00014514256225003225,0.03325914935707221
bkc316__tu,float64,0.0008110648583322143,-6.0,120883.0,120889.0,1766.7828680005875,216.73339999139895,-1.0,-2.0,3827,0.020572614286328644,0.8037296262847805,0.031237904786479163,5.375650453704898e-06,0.00014514256225003225
bkc317__tu,float64,0.0008110648583322143,-6.0,120883.0,120889.0,2039.037186285015,289.71284887971444,-1.0,-2.0,4597,0.024711865135681417,0.7652722229389756,0.031237904786479163,5.375650453704898e-06,0.00014514256225003225
bkc318__tu,float64,0.0008110648583322143,-6.0,155899.0,155905.0,2547.0215512661166,428.36576463252055,-1.0,-2.0,5817,0.0312701586892014,0.7139240098051864,0.031237904786479163,5.375650453704898e-06,0.00014514256225003225
bkc319__tu,float64,0.0008110648583322143,-6.0,155899.0,155905.0,3263.4886171085745,667.0956328215714,-1.0,-1.0,7603,0.040871070399518344,0.6393207328086699,0.031237904786479163,5.375650453704898e-06,0.00014514256225003225
all255__tu,float64,0.0008110648583322143,-6.0,351151.0,351157.0,3076.241619035568,366.26094482432376,0.0,0.0,5679,0.030528318926590116,0.192819206123941,0.031237904786479163,5.375650453704898e-06,0.49877435169655526
all253__tu,float64,0.0008110648583322143,-6.0,3489375.0,3489381.0,8553.80533704786,241.15663570292006,0.0,0.0,3984,0.021416591407560314,0.3076323485141702,0.031237904786479163,5.375650453704898e-06,0.47826624521567107
aut204__tu,float64,0.0008110648583322143,-6.0,50.0,56.0,3.3946206418665112,-0.3000679482217348,-1.0,-2.0,2210,0.011880187502687826,0.5859942803079172,0.031237904786479163,0.0004193007353889821,0.000634326753537178
all252__tu,float64,0.0008110648583322143,-6.0,217422.0,217428.0,2501.9656794434122,181.5722702446996,0.0,0.0,3318,0.017836408205392854,0.34810562078011437,0.031237904786479163,5.375650453704898e-06,0.46659570808067774
std234__tu,float64,0.0008110648583322143,-6.0,412916.0,412922.0,3203.912414805425,174.56631939964737,-1.0,-1.0,2296,0.012342493441706447,0.8364888401496581,0.031237904786479163,5.375650453704898e-06,0.12910162129617683
std235__tu,float64,0.0008110648583322143,-6.0,412916.0,412922.0,4318.774823071268,330.900426826646,-1.0,-1.0,3752,0.020169440502300778,0.7935965251795467,0.031237904786479163,5.375650453704898e-06,0.15621640218466434
std252__tu,float64,0.0008110648583322143,-6.0,294773.0,294779.0,1642.0854879266155,38.07721584311702,-1.0,-1.0,824,0.004429535973852836,0.8920999440932352,0.031237904786479163,5.375650453704898e-06,0.0903270545736034
std254__tu,float64,0.0008110648583322143,-6.0,294773.0,294779.0,2267.8202654183965,92.44207199071087,-1.0,-1.0,1768,0.00950415000215026,0.8364888401496581,0.031237904786479163,5.375650453704898e-06,0.12957467853610286
std255__tu,float64,0.0008110648583322143,-6.0,294773.0,294779.0,2427.8710951647254,126.50731088461704,-1.0,-1.0,2527,0.013584268696512278,0.7935965251795467,0.031237904786479163,5.375650453704898e-06,0.1569474906463682
per231__tu,float64,0.0008110648583322143,-6.0,25028.0,25034.0,156.72443653353338,4.866888143465359,-1.0,-1.0,697,0.0037468283662323142,0.8849449533393541,0.031237904786479163,5.375650453704898e-06,0.09339117533221519
per232__tu,float64,0.0008110648583322143,-6.0,25028.0,25034.0,303.58135321307924,18.46284350406399,-1.0,-1.0,1307,0.007025975142992302,0.8557444200748291,0.031237904786479163,5.375650453704898e-06,0.10471229518771771
per233__tu,float64,0.0008110648583322143,-6.0,48219.0,48225.0,519.573022664284,40.79412871457446,-1.0,-1.0,1984,0.010665290500150517,0.840499075388122,0.031237904786479163,5.375650453704898e-06,0.10537887584397712
per234__tu,float64,0.0008110648583322143,-6.0,145509.0,145515.0,978.6124288182676,93.35738399346322,-1.0,-1.0,3028,0.016277469573818433,0.8175020427471724,0.031237904786479163,5.375650453704898e-06,0.10921171461746872
per235__tu,float64,0.0008110648583322143,-6.0,203127.0,203133.0,1841.6197737510668,214.55821829441362,-1.0,-1.0,4624,0.02485700769793145,0.7815658194641552,0.031237904786479163,5.375650453704898e-06,0.11582376467552574
per252__tu,float64,0.0008110648583322143,-6.0,20695.0,20701.0,201.88593385923346,9.428928525351568,-1.0,-1.0,953,0.005122994882380768,0.8557444200748291,0.031237904786479163,1.0751300907409796e-05,0.10515847417537522
per253__tu,float64,0.0008110648583322143,-6.0,41455.0,41461.0,220.12120723622164,12.92586978024341,-1.0,-1.0,1144,0.006149744119038404,0.840499075388122,0.031237904786479163,5.375650453704898e-06,0.10607771040295876
per254__tu,float64,0.0008110648583322143,-6.0,72755.0,72761.0,348.21330136740465,20.627752333032298,-1.0,-1.0,1381,0.007423773276566465,0.8175020427471724,0.031237904786479163,5.375650453704898e-06,0.11023846385412635
per255__tu,float64,0.0008110648583322143,-6.0,26046.0,26052.0,320.02688348760915,29.576387992947147,-1.0,-1.0,1644,0.008837569345890852,0.7815658194641552,0.031237904786479163,5.375650453704898e-06,0.11723218509439642
all231__tu,float64,0.0008110648583322143,-6.0,439527.0,439533.0,3735.2908964517987,156.50701522384207,0.0,0.0,2590,0.013922934675095687,0.41486044811422185,0.031237904786479163,1.0751300907409796e-05,0.4465552831892659
all232__tu,float64,0.0008110648583322143,-6.0,486040.0,486046.0,6603.115806299371,460.1325366619361,0.0,0.0,4694,0.025233303229690793,0.34810562078011437,0.031237904786479163,1.0751300907409796e-05,0.46504752075001077
all233__tu,float64,0.0008110648583322143,-6.0,3489375.0,3489381.0,12891.976096763117,990.0393658882725,0.0,0.0,7289,0.039183116157055005,0.3076323485141702,0.031237904786479163,5.375650453704898e-06,0.47644927536231885
all234__tu,float64,0.0008110648583322143,-6.0,3489375.0,3489381.0,18014.14824781939,2208.08056487335,0.0,0.0,11478,0.06170171590762482,0.2564561561948996,0.031237904786479163,5.375650453704898e-06,0.48829720896228446
all235__tu,float64,0.0008110648583322143,-6.0,3511507.0,3511513.0,30484.42900702521,5285.159629940223,0.0,0.0,17926,0.09636391003311401,0.192819206123941,0.031237904786479163,5.375650453704898e-06,0.49713477830817526
bkc320__tu,float64,0.0008110648583322143,-6.0,999.0,1005.0,12.68409865261869,0.11405517567625682,-1.0,-1.0,28,0.00015051821270373715,0.6165709800885907,0.031237904786479163,0.00014514256225003225,0.24236120070528533
bkc321__tu,float64,0.0008110648583322143,-6.0,999999999.0,1000000005.0,12046669.073450869,145287.6639627145,-1.0,-2.0,2962,0.01592267664387391,0.7478604911194254,0.031237904786479163,0.00014514256225003225,0.12227992087042532
bkc322__tu,float64,0.0008110648583322143,-6.0,999999999.0,1000000005.0,12046669.187944835,145277.33689738958,-1.0,-2.0,2800,0.015051821270373715,0.7252397540102352,0.031237904786479163,0.00014514256225003225,0.15541005461660862
bkc323__tu,float64,0.0008110648583322143,-6.0,999999999.0,1000000005.0,12046669.294068897,145267.79824646283,-1.0,-2.0,2665,0.014326108459123554,0.6819173870038274,0.031237904786479163,0.00014514256225003225,0.20282866726873952
rev204__tu,float64,0.0008110648583322143,-6.0,50.0,56.0,4.014420661136774,-0.10019981292736423,-1.0,-2.0,2450,0.013170343611577,0.6677632993592225,0.031237904786479163,0.0010697544402872748,0.00017202081451855674
rev205__tu,float64,0.0008110648583322143,-6.0,50.0,56.0,4.181860489115804,0.33798886165225994,-1.0,-2.0,2521,0.013552014793790049,0.5866823635659915,0.031237904786479163,0.0011235109448243237,0.00015051821270373715
rev222__tu,float64,0.0008110648583322143,-6.0,50.0,56.0,3.6103941845512533,-0.6336966197909949,-2.0,-2.0,2292,0.012320990839891627,0.766648389455124,0.031237904786479163,0.0005966972003612437,0.00017202081451855674
rev223__tu,float64,0.0008110648583322143,-6.0,50.0,56.0,3.65514084909269,-0.4086675375220401,-2.0,-2.0,2372,0.012751042876188019,0.7238743387949942,0.031237904786479163,0.0003601685803982282,0.00016664516406485183
rev224__tu,float64,0.0008110648583322143,-6.0,50.0,56.0,3.767819530310655,-0.10036887713413323,-1.0,-2.0,2426,0.013041328000688083,0.6677632993592225,0.031237904786479163,0.0003064120758611792,0.00017202081451855674
rev225__tu,float64,0.0008110648583322143,-6.0,50.0,56.0,3.915189385569836,0.365965735604008,-1.0,-2.0,2460,0.01322410011611405,0.5866823635659915,0.031237904786479163,0.00027953382359265474,0.00015051821270373715
se25s__tu,float64,0.0008110648583322143,-6.0,4.0,10.0,1.484368097047342,-1.870027523330323,-1.0,-1.0,11,5.913215499075388e-05,0.9563980991699995,0.05512191975229003,4.3005203629639184e-05,0.013724035608308606
ret201__tu,float64,0.0008110648583322143,-6.0,50.0,56.0,1.8236384889843293,-1.41303412462908,-2.0,-2.0,1031,0.00554229561776975,0.9147690620565089,0.031237904786479163,6.450780544445878e-05,0.00016664516406485183
ret202__tu,float64,0.0008110648583322143,-6.0,50.0,56.0,2.0467472030556437,-1.244202414742184,-2.0,-2.0,1298,0.006977594288908958,0.8763815421666021,0.031237904786479163,8.063475680557348e-05,0.00017739646497226164
ret203__tu,float64,0.0008110648583322143,-6.0,50.0,56.0,2.181117663555102,-1.1192587515589387,-2.0,-2.0,1402,0.007536661936094267,0.8479873564701329,0.031237904786479163,5.3756504537048986e-05,0.00016664516406485183
ret204__tu,float64,0.0008110648583322143,-6.0,50.0,56.0,2.3734407377792093,-0.9350683782737711,-1.0,-2.0,1538,0.008267750397798134,0.8086107168967445,0.031237904786479163,0.00010213735862039307,0.00016664516406485183
ret205__tu,float64,0.0008110648583322143,-6.0,50.0,56.0,2.636537960944694,-0.6399880122994883,-1.0,-2.0,1681,0.009036468412677934,0.7465327054573604,0.031237904786479163,0.00014514256225003225,0.00014514256225003225
ret222__tu,float64,0.0008110648583322143,-6.0,50.0,56.0,2.0248307372405474,-1.2433466649464586,-2.0,-2.0,1284,0.006902335182557089,0.8763815421666021,0.031237904786479163,4.3005203629639184e-05,0.00017739646497226164
ret223__tu,float64,0.0008110648583322143,-6.0,50.0,56.0,2.1566997253351836,-1.1131032017374103,-2.0,-2.0,1432,0.007697931449705414,0.8479873564701329,0.031237904786479163,1.0751300907409796e-05,0.00016664516406485183
ret224__tu,float64,0.0008110648583322143,-6.0,50.0,56.0,2.3422177477585993,-0.9223917881563668,-1.0,-2.0,1543,0.008294628650066659,0.8086107168967445,0.031237904786479163,3.225390272222939e-05,0.00016664516406485183
ret225__tu,float64,0.0008110648583322143,-6.0,50.0,56.0,2.6207063478352115,-0.6121257472154131,-1.0,-2.0,1689,0.009079473616307574,0.7465327054573604,0.031237904786479163,6.450780544445878e-05,0.00014514256225003225
aut201__tu,float64,0.0008110648583322143,-6.0,50.0,56.0,2.3796660340217017,-1.1433777899625857,-2.0,-2.0,1139,0.006122865866769879,0.7575420375865479,0.031237904786479163,0.00016126951361114696,0.0008224745194168494
aut202__tu,float64,0.0008110648583322143,-6.0,50.0,56.0,2.7127546752639553,-0.8152085214810992,-2.0,-2.0,1730,0.009299875284909474,0.6769717885864189,0.031237904786479163,0.00022040166860190082,0.0007095858598890466
aut203__tu,float64,0.0008110648583322143,-6.0,50.0,56.0,2.928016894684935,-0.6111222207887154,-1.0,-2.0,1918,0.010310497570205995,0.6355093966369931,0.031237904786479163,0.0002956607749537694,0.0007203371607964564
rev203__tu,float64,0.0008110648583322143,-6.0,50.0,56.0,3.878858318241333,-0.39967305293940575,-2.0,-2.0,2348,0.012622027265299101,0.7238743387949942,0.031237904786479163,0.0011396378961854383,0.00017202081451855674
rev202__tu,float64,0.0008110648583322143,-6.0,50.0,56.0,3.776916318666101,-0.6206091687094138,-2.0,-2.0,2247,0.012079086569474906,0.766648389455124,0.031237904786479163,0.0012256483034447168,0.00017202081451855674
rev201__tu,float64,0.0008110648583322143,-6.0,50.0,56.0,3.472751303159018,-0.9602252397540102,-2.0,-2.0,1971,0.010595407044252355,0.8287371521954157,0.031237904786479163,0.0010697544402872748,0.00016664516406485183
ret318__tu,float64,0.0008110648583322143,-6.0,95617.0,95623.0,1859.6923004856424,465.8821603664043,-1.0,-2.0,6463,0.034742828882294755,0.7675138691781705,0.031237904786479163,5.375650453704898e-06,0.00014514256225003225
bkc324__tu,float64,0.0008110648583322143,-6.0,999999999.0,1000000005.0,12046669.413961463,145256.8358867673,-1.0,-1.0,2502,0.013449877435169656,0.6165709800885907,0.031237904786479163,0.00014514256225003225,0.26751924482862427
bkc325__tu,float64,0.0008110648583322143,-6.0,108787.0,108793.0,1601.599691971697,179.01214897002538,-1.0,-2.0,3495,0.01878789833569862,0.7478604911194254,0.031237904786479163,5.375650453704898e-06,0.057073280866984905
bkc326__tu,float64,0.0008110648583322143,-6.0,101135.0,101141.0,1674.3590237967444,202.3823753924225,-1.0,-2.0,3870,0.020803767255837956,0.7252397540102352,0.031237904786479163,1.0751300907409796e-05,0.041602158861222205
bkc327__tu,float64,0.0008110648583322143,-6.0,107529.0,107535.0,1814.5338441237118,245.48089493828752,-1.0,-2.0,4451,0.023927020169440504,0.6819173870038274,0.031237904786479163,1.0751300907409796e-05,0.033947232615146435
bkc328__tu,float64,0.0008110648583322143,-6.0,113742.0,113748.0,2026.058404170609,314.9418032081882,-1.0,-1.0,5289,0.028431815249645206,0.6165709800885907,0.031237904786479163,1.0751300907409796e-05,0.02493226680428332
ret315__tu,float64,0.0008110648583322143,-6.0,999.0,1005.0,14.149091653602706,2.333134434266546,-1.0,-1.0,29,0.00015589386315744205,0.701909431041156,0.031237904786479163,0.00014514256225003225,0.041940824839805615
ret316__tu,float64,0.0008110648583322143,-6.0,46401.0,46407.0,1301.2220031464758,267.9006579796155,-1.0,-2.0,4926,0.02648045413495033,0.8305756246505828,0.031237904786479163,5.375650453704898e-06,0.00014514256225003225
ret317__tu,float64,0.0008110648583322143,-6.0,52793.0,52799.0,1509.4288741153398,339.8455306842128,-1.0,-2.0,5506,0.02959833139809917,0.8068582548488367,0.031237904786479163,1.0751300907409796e-05,0.00014514256225003225
ret319__tu,float64,0.0008110648583322143,-6.0,99713.0,99719.0,2287.436597225449,671.7837375822475,-1.0,-1.0,7879,0.04235474992474089,0.701909431041156,0.031237904786479163,5.375650453704898e-06,0.00014514256225003225
ret328__tu,float64,0.0008110648583322143,-6.0,59709.0,59715.0,1499.458140040971,407.34590697974454,-1.0,-1.0,6551,0.03521588612222079,0.6886208231195975,0.031237904786479163,5.375650453704898e-06,0.013804670365114178
ret320__tu,float64,0.0008110648583322143,-6.0,999.0,1005.0,12.907559115901352,0.2512041457016299,-1.0,-1.0,28,0.00015051821270373715,0.6886208231195975,0.031237904786479163,0.00014514256225003225,0.18167548273341075
ret321__tu,float64,0.0008110648583322143,-6.0,999999999.0,1000000005.0,12046668.369609417,145342.5206263708,-1.0,-2.0,4202,0.02258848320646798,0.8100137616651615,0.031237904786479163,0.00014514256225003225,0.04034963230550897
ret322__tu,float64,0.0008110648583322143,-6.0,999999999.0,1000000005.0,12046668.43585757,145336.76611620007,-1.0,-2.0,4058,0.021814389541134478,0.7890541005461661,0.031237904786479163,0.00014514256225003225,0.05601965337805875
ret323__tu,float64,0.0008110648583322143,-6.0,999999999.0,1000000005.0,12046668.525797633,145328.84140218465,-1.0,-2.0,3925,0.021099428030791727,0.751456801272954,0.031237904786479163,0.00014514256225003225,0.08179052165312002
ret324__tu,float64,0.0008110648583322143,-6.0,999999999.0,1000000005.0,12046668.648269838,145317.97447641165,-1.0,-1.0,3730,0.020051176192319272,0.6886208231195975,0.031237904786479163,0.00014514256225003225,0.12119941512923063
ret325__tu,float64,0.0008110648583322143,-6.0,39800.0,39806.0,1169.8789414355701,234.14302993162173,-1.0,-2.0,4735,0.025453704898292694,0.8100137616651615,0.031237904786479163,1.0751300907409796e-05,0.020916655915365758
ret326__tu,float64,0.0008110648583322143,-6.0,41408.0,41414.0,1256.4509208172915,267.23912505913216,-1.0,-2.0,5140,0.027630843332043176,0.7890541005461661,0.031237904786479163,1.0751300907409796e-05,0.018169698533522557
ret327__tu,float64,0.0008110648583322143,-6.0,41580.0,41586.0,1370.604095707,322.0826506257257,-1.0,-2.0,5767,0.03100137616651615,0.751456801272954,0.031237904786479163,1.0751300907409796e-05,0.016465617339698105
se27s__tu,float64,0.0008110648583322143,-6.0,4.0,10.0,1.5514747385780434,-2.0312701586892015,-1.0,-1.0,11,5.913215499075388e-05,0.9801907280780975,0.0789037973594805,5.375650453704898e-06,0.006407775340816239
mt27s__tu,float64,0.0008110648583322143,-6.0,4.0,10.0,1.1488643269051733,-1.410796456371221,-1.0,-1.0,11,5.913215499075388e-05,0.9399539844321163,0.013482131337891884,5.375650453704898e-06,0.02265299101191244
se24s__tu,float64,0.0008110648583322143,-6.0,5.0,11.0,1.396612324809345,-1.6956844278157657,-1.0,-1.0,12,6.450780544445878e-05,0.9311755472412162,0.029915494774867758,1.0751300907409796e-05,0.019954414484152583
indexq1__tu,float64,0.0008110648583322143,-9.0,100.0,109.0,18.56729338557225,5.509133230120844,-1.0,-2.0,105,0.0005644432976390143,0.7708091429062917,0.007638799294714661,0.013057454952049198,0.012331742140799037
at02s__tu,float64,0.0008110648583322143,-4.0,53.0,57.0,4.102992054373512,2.638019825398873,1.0,0.0,51,0.00027415817313894983,0.031237904786479163,0.031237904786479163,5.375650453704898e-06,0.2570098481916312
at01s__tu,float64,0.0008110648583322143,0.0,222.0,222.0,12.878052144267373,14.561314669074958,11.0,4.0,142,0.0007633423644260956,0.0,0.031383047348729196,5.375650453704898e-06,0.031383047348729196
aggs911__tu,float64,0.0008110648583322143,-9.0,1041.0,1050.0,41.37811640736032,17.18753494172795,-1.0,-2.0,302,0.0016234464370188794,0.8005848707693631,0.013401496581086312,5.375650453704898e-06,0.004805831505612179
aggs910__tu,float64,0.0008110648583322143,-9.0,709312.0,709321.0,2757.0429139323924,574.9674181826001,-1.0,-2.0,7567,0.040677546983184966,0.7068066486044812,0.013401496581086312,5.375650453704898e-06,0.0003494172794908184
aggs909__tu,float64,0.0008110648583322143,-9.0,577095.0,577104.0,2230.078138641399,472.4174085064293,-1.0,-2.0,6980,0.03752204016686019,0.7068066486044812,0.013401496581086312,5.375650453704898e-06,0.01972326151464327
aggs908__tu,float64,0.0008110648583322143,-9.0,670.0,679.0,28.95738783005407,8.550273083043049,-1.0,-2.0,405,0.002177138433750484,0.7022749752720079,0.013401496581086312,5.375650453704898e-06,0.00014514256225003225
aggs907__tu,float64,0.0008110648583322143,-9.0,614519.0,614528.0,2603.0814581118107,437.1341601083731,-1.0,-2.0,6173,0.033183890250720334,0.7022749752720079,0.013401496581086312,5.375650453704898e-06,0.00014514256225003225
aggs906__tu,float64,0.0008110648583322143,-9.0,64600.0,64609.0,2071.058497211049,543.6879273642111,-1.0,-2.0,937,0.0050369844751214895,0.7077688900356943,0.013401496581086312,5.375650453704898e-06,0.00016126951361114696
walshrs2__tu,float64,0.0008110648583322143,-9.0,100.0,109.0,33.714757132243044,14.090880746570335,-1.0,-2.0,105,0.0005644432976390143,0.7815711951146088,0.0060046015567883715,0.10235776028899497,0.00021502601814819594
walshrs1__tu,float64,0.0008110648583322143,-9.0,100.0,109.0,35.82094994834705,14.617060164279877,-2.0,-2.0,92,0.0004945598417408506,0.8111318969595321,0.03556530340171161,0.11866748376553563,0.00014514256225003225
indexq4__tu,float64,0.0008110648583322143,-9.0,100.0,109.0,18.416502458439986,5.60806670107083,-1.0,-2.0,105,0.0005644432976390143,0.7722928224315142,0.0071549907538812196,0.010993205177826516,0.010740549606502387
indexq3__tu,float64,0.0008110648583322143,-9.0,100.0,109.0,19.512098073518338,6.213579968176149,-1.0,-2.0,105,0.0005644432976390143,0.7674923665763558,0.007337762869307186,0.013530512191975229,0.010434137530641208
indexq2__tu,float64,0.0008110648583322143,-9.0,100.0,109.0,20.03902654555053,6.482453876919108,-1.0,-2.0,105,0.0005644432976390143,0.7682933384939578,0.007525910635186857,0.014498129273642111,0.010375005375650453
index02__tu,float64,0.0008110648583322143,-9.0,999.0,1008.0,114.03249326321139,23.217756848578677,-2.0,-2.0,913,0.004907968864232572,0.8495570464026148,0.09550918161097492,0.007262503762955318,0.0071603664043349245
aggs116__tu,float64,0.0008110648583322143,-6.0,37820.0,37826.0,377.51967391448693,58.85039027222294,-1.0,-2.0,2286,0.012288736937169397,0.7813830473487292,0.0312701586892014,5.375650453704898e-06,0.03926375091386058
index01__tu,float64,0.0008110648583322143,-9.0,999.0,1008.0,114.67249118410301,29.43007891454866,-1.0,-2.0,928,0.004988603621038146,0.7842213907882853,0.09534791209736378,0.006085236313593945,0.007052853395260826
aggs905__tu,float64,0.0008110648583322143,-9.0,12.0,21.0,4.675228538525131,0.7494301810519073,-1.0,-2.0,16,8.601040725927837e-05,0.7022749752720079,0.013401496581086312,0.04202145959661119,0.0
aggs904__tu,float64,0.0008110648583322143,-6.0,549731.0,549737.0,1701.5757855065997,231.163258504279,-1.0,-2.0,4257,0.022884143981421752,0.6888734786909216,0.0312701586892014,5.375650453704898e-06,0.013546639143336344
aggs903__tu,float64,0.0008110648583322143,-6.0,614900.0,614906.0,3410.6334331898925,672.3652593213778,-1.0,-2.0,8141,0.043763170343611574,0.6888734786909216,0.0312701586892014,5.375650453704898e-06,0.013546639143336344
aggs902__tu,float64,0.0008110648583322143,-6.0,614900.0,614906.0,2088.018106863291,316.27290564658324,-1.0,-2.0,5311,0.028550079559626716,0.7324538769191072,0.0312701586892014,5.375650453704898e-06,0.013396120930632607
aggs901__tu,float64,0.0008110648583322143,-6.0,614643.0,614649.0,1634.957539444861,153.04050552616866,-1.0,-2.0,3483,0.01872339053025416,0.7540478647916398,0.0312701586892014,5.375650453704898e-06,0.01608932180793876
aggs124__tu,float64,0.0008110648583322143,-6.0,46396.0,46402.0,386.70875415264743,61.289360512622025,-1.0,-2.0,2331,0.012530641207586119,0.7902528705973423,0.0312701586892014,5.375650453704898e-06,0.03658667698791554
aggs123__tu,float64,0.0008110648583322143,-6.0,63019.0,63025.0,381.3585870526264,59.42231647529351,-1.0,-2.0,2279,0.012251107383993463,0.7891777405066013,0.0312701586892014,5.375650453704898e-06,0.036274889261600655
aggs122__tu,float64,0.0008110648583322143,-6.0,51753.0,51759.0,407.0522151301688,60.802111555498215,-1.0,-2.0,2296,0.012342493441706447,0.7877531931363695,0.0312701586892014,5.375650453704898e-06,0.037452156710962026
aggs121__tu,float64,0.0008110648583322143,-6.0,46592.0,46598.0,391.49498576778615,60.523948522771256,-1.0,-2.0,2329,0.012519889906678709,0.7867533221519803,0.0312701586892014,5.375650453704898e-06,0.036640433492452586
aggs120__tu,float64,0.0008110648583322143,-6.0,50383.0,50389.0,414.1635041282258,61.57948974325893,-1.0,-2.0,2300,0.012363996043521267,0.7853664043349246,0.0312701586892014,5.375650453704898e-06,0.036473788328387734
aggs119__tu,float64,0.0008110648583322143,-6.0,108067.0,108073.0,452.580652606178,60.05423493742743,-1.0,-2.0,2282,0.012267234335354578,0.7839257300133317,0.0312701586892014,5.375650453704898e-06,0.03879606932438825
aggs118__tu,float64,0.0008110648583322143,-6.0,25670.0,25676.0,344.44324350382374,58.40917838558465,-1.0,-2.0,2285,0.012283361286715692,0.7828828538253129,0.0312701586892014,5.375650453704898e-06,0.03951640648518471
at03s__tu,float64,0.0008110648583322143,-4.0,53.0,57.0,4.342825132920312,1.249747344428676,1.0,-3.0,51,0.00027415817313894983,0.30708940781834604,0.031237904786479163,5.375650453704898e-06,0.06874381800197824
at06s__tu,float64,0.0008110648583322143,-5.0,19.0,24.0,1.2680504323472963,0.35336300692383776,0.0,0.0,21,0.00011288865952780286,0.03125940738829398,2.1502601814819592e-05,1.0751300907409796e-05,0.6878413538038103
at09s__tu,float64,0.0008110648583322143,-5.0,62.0,67.0,3.447269354472262,2.3061164150862252,1.0,0.0,56,0.0003010364254074743,0.03125940738829398,2.1502601814819592e-05,5.375650453704898e-06,0.29027974884961083
at12s__tu,float64,0.0008110648583322143,-4.0,53.0,57.0,4.685768809256639,1.7433825742914892,1.0,-3.0,52,0.00027953382359265474,0.2881026104158603,0.031237904786479163,5.375650453704898e-06,0.024125919236227585
au06s__tu,float64,0.0008110648583322143,-5.0,4.0,9.0,0.8252468745439404,-0.21539156237904786,0.0,0.0,8,4.3005203629639184e-05,0.1835085795381241,0.00015051821270373715,4.838085408334408e-05,0.7581924912914463
au03s__tu,float64,0.0008110648583322143,-4.0,5.0,9.0,1.8687976405785283,-1.2214230421881047,-1.0,-3.0,10,5.3756504537048986e-05,0.6159312776845999,0.031237904786479163,3.762955317593429e-05,0.07300133316131252
au02s__tu,float64,0.0008110648583322143,-4.0,6.0,10.0,1.1039560632639318,0.17358512880058488,0.0,0.0,9,4.838085408334408e-05,0.18335806132542037,0.031237904786479163,1.0751300907409796e-05,0.4319550165570034
au01s__tu,float64,0.0008110648583322143,-4.0,41.0,45.0,2.595396423243593,2.291000086010407,2.0,1.0,37,0.00019889906678708123,0.031237904786479163,0.031237904786479163,5.375650453704898e-06,0.15226529910119124
at104s__tu,float64,0.0008110648583322143,-5.0,100.0,105.0,22.911631923334944,18.78167333247323,12.0,0.0,102,0.0005483163462778997,0.03125940738829398,2.1502601814819592e-05,0.02597514299230207,0.29027974884961083
at103s__tu,float64,0.0008110648583322143,-4.0,100.0,104.0,47.11515713467421,54.395336085666365,75.0,100.0,98,0.00052681374446308,0.30708940781834604,0.031237904786479163,0.44398572227239497,0.06874381800197824
at101b__tu,float64,0.0008110648583322143,-5.0,1761615.0,1761620.0,34056.90954182353,22516.514842170902,11283.0,0.0,54117,0.29091407560314797,0.08980024082914033,0.0005751945985464241,5.375650453704898e-06,0.08759084849266761
at101s__tu,float64,0.0008110648583322143,-5.0,2201507.0,2201512.0,61602.37301864262,35251.86375413925,13186.5,0.0,61378,0.32994667354749924,0.08408054874639831,0.0005913215499075388,5.375650453704898e-06,0.08402679224186127
at57s__tu,float64,0.0008110648583322143,-5.0,514222.0,514227.0,4396.511244318125,565.2663634799811,0.0,0.0,6401,0.03440953855416505,0.31215327054573605,6.988345589816368e-05,5.375650453704898e-06,0.44487808024771
at36s__tu,float64,0.0008110648583322143,-4.0,999.0,1003.0,209.9302881377955,50.24321592912742,0.0,0.0,114,0.0006128241517223584,0.031237904786479163,0.031237904786479163,0.04655313292908442,0.4803304949898938
at35b__tu,float64,0.0008110648583322143,-5.0,515358.0,515363.0,9782.976450885826,5291.390847417538,2193.0,-3.0,23537,0.1265266847288522,0.32411409280522946,1.0751300907409796e-05,5.375650453704898e-06,0.014358362361845784
at35a__tu,float64,0.0008110648583322143,-5.0,1063467.0,1063472.0,20059.270936417965,8375.453484496624,2646.0,-3.0,29292,0.15746355308992388,0.3120941383907453,1.0751300907409796e-05,5.375650453704898e-06,0.013299359222465919
at34b__tu,float64,0.0008110648583322143,-5.0,939.0,944.0,48.32730724322236,54.86384552530856,69.0,-3.0,317,0.0017040811938244527,0.3325054831634628,0.008402141659140756,5.375650453704898e-06,0.013492882638799294
at34a__tu,float64,0.0008110648583322143,-5.0,939.0,944.0,48.104473567188876,56.60637337117791,73.0,-3.0,314,0.001687954242463338,0.32028125403173785,0.00819786694189997,5.375650453704898e-06,0.012509138605771299
at33b__tu,float64,0.0008110648583322143,-5.0,615859.0,615864.0,30044.895524022268,16688.897099299014,4779.0,-3.0,45720,0.24577473874338795,0.32411409280522946,1.0751300907409796e-05,5.375650453704898e-06,0.014352986711392079
at33a__tu,float64,0.0008110648583322143,-5.0,2180901.0,2180906.0,54055.834020016955,26153.197786307144,6029.5,-3.0,51308,0.2758138734786909,0.3120941383907453,1.0751300907409796e-05,5.375650453704898e-06,0.013293983572012214
at32s__tu,float64,0.0008110648583322143,-5.0,1956706.0,1956711.0,41847.77404284064,18077.89551348213,4500.0,-3.0,40987,0.22033178514600266,0.3120941383907453,1.0751300907409796e-05,1.0751300907409796e-05,0.013293983572012214
at31s__tu,float64,0.0008110648583322143,-5.0,100.0,105.0,45.53195503517197,45.93969595321034,50.0,100.0,98,0.00052681374446308,0.32028125403173785,0.00819786694189997,0.31231454005934717,0.1134638541263493
at30s__tu,float64,0.0008110648583322143,-5.0,100.0,105.0,47.16923418200076,55.22118651356814,75.0,100.0,91,0.0004891841912871458,0.32028125403173785,0.00819786694189997,0.4423784027867372,0.056713112286586674
at29s__tu,float64,0.0008110648583322143,-5.0,52.0,57.0,4.5798432791747565,1.5713187545693028,1.0,-3.0,53,0.0002849094740463596,0.3120941383907453,1.0751300907409796e-05,5.375650453704898e-06,0.013293983572012214
at28b__tu,float64,0.0008110648583322143,-5.0,710558.0,710563.0,29236.61437430779,18145.97972842214,7427.0,-3.0,46347,0.24914527157786093,0.33249473186255535,0.008391390358233346,5.375650453704898e-06,0.00014514256225003225
at28a__tu,float64,0.0008110648583322143,-5.0,1893893.0,1893898.0,56577.26228723589,28419.194270631746,9041.0,-3.0,51510,0.2768997548703393,0.3202705027308304,0.00818711564099256,1.0751300907409796e-05,0.00014514256225003225
at27s__tu,float64,0.0008110648583322143,-6.0,47.0,53.0,4.30566867042782,-0.9519201823420634,-2.0,-3.0,48,0.0002580312217778351,0.5251526684728852,0.20446824065711952,5.375650453704898e-06,0.07361415731303488
at25s__tu,float64,0.0008110648583322143,-6.0,48.0,54.0,4.355819870082055,0.06106201350363394,1.0,-3.0,50,0.00026878252268524493,0.41533888100460153,0.10128800584870769,5.375650453704898e-06,0.07843611577000817
at24s__tu,float64,0.0008110648583322143,-6.0,52.0,58.0,4.355449972026269,0.6413366017288092,1.0,-3.0,52,0.00027953382359265474,0.35894830774523717,0.048504494043779295,5.375650453704898e-06,0.07687180148798005
at21s__tu,float64,0.0008110648583322143,-5.0,999.0,1004.0,29.249750336140444,21.61762998322797,13.0,2.0,326,0.0017524620479077969,0.03125940738829398,2.1502601814819592e-05,0.00014514256225003225,0.011767298843160022
at20s__tu,float64,0.0008110648583322143,-5.0,999.0,1004.0,74.55795155757383,131.93132068980347,125.0,-4.0,615,0.0033060250290285124,0.03125940738829398,2.1502601814819592e-05,1.0751300907409796e-05,0.00027953382359265474
aggs117__tu,float64,0.0008110648583322143,-6.0,54073.0,54079.0,418.6280581152009,60.176573990452844,-1.0,-2.0,2279,0.012251107383993463,0.7819958715004516,0.0312701586892014,5.375650453704898e-06,0.03825312862856406
aggs115__tu,float64,0.0008110648583322143,-6.0,53812.0,53818.0,426.4830446273763,60.85677654496194,-1.0,-2.0,2307,0.0124016255966972,0.7810927622242292,0.0312701586892014,5.375650453704898e-06,0.039500279533823596
au12s__tu,float64,0.0008110648583322143,-4.0,6.0,10.0,1.9652303940093332,-1.125349417279491,-1.0,-3.0,10,5.3756504537048986e-05,0.6151679353201738,0.031237904786479163,1.0751300907409796e-05,0.0024244183546209093
paymnt10__tu,float64,0.0008110648583322143,-6.0,97.0,103.0,5.746157671797656,2.7355072463768115,2.0,-2.0,80,0.0004300520362963919,0.25101599793575025,0.0312701586892014,5.375650453704898e-06,0.1402507203371608
cv12__tu,float64,0.0008110648583322143,-6.0,81.0,87.0,5.84863971129118,5.5009407388293985,4.0,2.0,71,0.0003816711822130478,0.0312701586892014,0.0312701586892014,5.375650453704898e-06,0.07949511890938804
cv11__tu,float64,0.0008110648583322143,-6.0,81.0,87.0,5.9722380002976045,5.8378166258117234,5.0,2.0,74,0.00039779813357416246,0.0312701586892014,0.0312701586892014,5.375650453704898e-06,0.06547542252612566
cv10__tu,float64,0.0008110648583322143,-6.0,81.0,87.0,6.168849537922051,6.425600997720724,5.0,2.0,73,0.00039242248312045756,0.0312701586892014,0.0312701586892014,5.375650453704898e-06,0.0466391433363437
cv09__tu,float64,0.0008110648583322143,-6.0,3.0,9.0,0.918518018627209,-1.1177213692856836,-1.0,-1.0,6,3.225390272222939e-05,0.9785887842428934,0.0312701586892014,3.225390272222939e-05,0.0055154173655012255
cv08__tu,float64,0.0008110648583322143,-6.0,1872000.0,1872006.0,23963.7200394411,2586.8918311615707,-1.0,-1.0,1984,0.010665290500150517,0.9831043306240055,0.0312701586892014,1.0751300907409796e-05,0.00014514256225003225
cv07__tu,float64,0.0008110648583322143,-6.0,1956706.0,1956712.0,18588.099338200773,1658.3985507246377,-1.0,-1.0,1607,0.008638670279103772,0.9868350320388767,0.0312701586892014,1.0751300907409796e-05,0.0010375005375650454
cv06__tu,float64,0.0008110648583322143,-6.0,2.0,8.0,1.0557446420904166,-0.17047800283834344,0.0,0.0,4,2.1502601814819592e-05,0.0312701586892014,0.0312701586892014,0.00039242248312045756,0.9519793144970542
cv05__tu,float64,0.0008110648583322143,-6.0,999.0,1005.0,20.407819419870595,9.630036984475122,5.0,-6.0,86,0.00046230593901862126,0.34005289640046443,0.20461875886982325,0.00014514256225003225,0.0003601685803982282
cv04__tu,float64,0.0008110648583322143,-6.0,999.0,1005.0,19.978031700158827,9.922386358749408,5.0,-6.0,85,0.00045693028856491635,0.20461875886982325,0.20461875886982325,0.00016126951361114696,0.000951490130305767
cv03__tu,float64,0.0008110648583322143,-6.0,999.0,1005.0,18.45211831491096,3.756031479809057,-1.0,-1.0,86,0.00046230593901862126,0.8416602158861223,0.0312701586892014,0.00014514256225003225,0.0014675525738614373
cv02__tu,float64,0.0008110648583322143,-6.0,999.0,1005.0,13.96093196287176,0.02566873091644089,-1.0,-1.0,86,0.00046230593901862126,0.9705736894164194,0.0312701586892014,0.00014514256225003225,0.0002902851245000645
cv01__tu,float64,0.0008110648583322143,-6.0,999.0,1005.0,23.94055691900591,15.491920397368082,6.0,-1.0,86,0.00046230593901862126,0.3437352169612523,0.0312701586892014,0.00014514256225003225,0.019658753709198812
paymnt11__tu,float64,0.0008110648583322143,-6.0,399.0,405.0,21.85051419113768,13.701517008558035,8.0,-2.0,254,0.0013654152152410442,0.18877671698275492,0.0312701586892014,5.375650453704898e-06,0.08688126263277857
paymnt09__tu,float64,0.0008110648583322143,-6.0,50.0,56.0,2.25931500911169,-1.4508365049671013,-2.0,-2.0,1280,0.00688083258074227,0.912634928826388,0.0312701586892014,0.0002472799208704253,0.00017202081451855674
aggs114__tu,float64,0.0008110648583322143,-6.0,36777.0,36783.0,418.008877507576,60.88191846213392,-1.0,-2.0,2270,0.01220272652991012,0.7812164021846644,0.0312701586892014,1.0751300907409796e-05,0.038710058917128976
paymnt08__tu,float64,0.0008110648583322143,-6.0,50.0,56.0,2.537374976988539,-1.3619760891067818,-2.0,-2.0,1439,0.007735561002881349,0.8623457188319786,0.0312701586892014,0.00026340687223154,0.00015589386315744205
paymnt07__tu,float64,0.0008110648583322143,-6.0,50.0,56.0,3.1075221817068597,-0.73526243925515,-2.0,-2.0,1833,0.009853567281641079,0.6226508407517309,0.0312701586892014,0.00038704683266675265,0.00039242248312045756
paymnt06__tu,float64,0.0008110648583322143,-6.0,50.0,56.0,2.860463237040959,-0.4878526426697631,-2.0,-2.0,1741,0.009359007439900228,0.5620672601384767,0.0312701586892014,0.00044080333720380164,0.0003010364254074743
paymnt05__tu,float64,0.0008110648583322143,-6.0,3489375.0,3489381.0,10460.565830476124,1382.244113662753,0.0,0.0,11091,0.059621339182041024,0.319603922074571,0.0312701586892014,5.375650453704898e-06,0.2813669203973681
paymnt04__tu,float64,0.0008110648583322143,-6.0,294773.0,294779.0,2704.9171148361984,261.92741796757406,0.0,0.0,4036,0.02169612523115297,0.3909011740420591,0.0312701586892014,5.375650453704898e-06,0.40573796929428463
paymnt03__tu,float64,0.0008110648583322143,-6.0,170821.0,170827.0,1376.6628379790193,82.87543542768675,0.0,0.0,2035,0.010939448673289469,0.43475035479292995,0.0312701586892014,5.375650453704898e-06,0.46734292349374273
paymnt02__tu,float64,0.0008110648583322143,-6.0,78.0,84.0,3.526266578365416,0.7895916655915366,0.0,0.0,54,0.0002902851245000645,0.319603922074571,0.0312701586892014,5.375650453704898e-06,0.2813669203973681
paymnt01__tu,float64,0.0008110648583322143,-6.0,30.0,36.0,1.7609281098933605,-0.514154087644605,0.0,0.0,26,0.00013976691179632737,0.3909011740420591,0.0312701586892014,5.375650453704898e-06,0.40573796929428463
walshr10__tu,float64,0.0008110648583322143,-6.0,999.0,1005.0,347.612905371413,138.8960080419731,-2.0,-2.0,27,0.00014514256225003225,0.8464660473917344,0.0312701586892014,0.14040123854986453,0.0
walshr09__tu,float64,0.0008110648583322143,-6.0,999.0,1005.0,319.8411925086494,114.35938911108244,-2.0,-2.0,27,0.00014514256225003225,0.8464660473917344,0.0312701586892014,0.11559798735647013,0.0
walshr08__tu,float64,0.0008110648583322143,-6.0,100.0,106.0,8.412251408190537,0.21785194383520412,-2.0,-2.0,4732,0.025437577946931578,0.8604534898722745,0.0312701586892014,0.0006074485012686536,0.0354524147421838
walshr07__tu,float64,0.0008110648583322143,-6.0,100.0,106.0,4.931730562216795,-0.9007107147464843,-2.0,-2.0,2835,0.015239969036253386,0.8775265557132413,0.0312701586892014,0.00021502601814819594,0.04112372597084247
walshr06__tu,float64,0.0008110648583322143,-6.0,5.0,11.0,1.0929367750511711,-1.5277759858942932,-2.0,-2.0,9,4.838085408334408e-05,0.8604534898722745,0.0312701586892014,1.0751300907409796e-05,0.1316980604653163
cv13__tu,float64,0.0008110648583322143,-6.0,100.0,106.0,27.971708747012148,49.76691717197781,50.0,100.0,101,0.0005429406958241947,0.0312701586892014,0.0312701586892014,0.08073689416419387,0.0466391433363437
cv14__tu,float64,0.0008110648583322143,0.0,96.0,96.0,4.683898535349223,4.522357330236959,3.0,1.0,72,0.00038704683266675265,0.0,0.12212940265772158,5.375650453704898e-06,0.12212940265772158
cv15__tu,float64,0.0008110648583322143,-6.0,24.0,30.0,2.9709394035806853,0.5837741366705371,1.0,0.0,24,0.00012901561088891756,0.12198426009547156,0.12198426009547156,5.375650453704898e-06,0.29404807981765796
cv16__tu,float64,0.0008110648583322143,-6.0,15.0,21.0,2.2251784558429506,-0.41213499333419346,0.0,0.0,15,8.063475680557348e-05,0.12198426009547156,0.12198426009547156,5.375650453704898e-06,0.6740474347396035
aggs113__tu,float64,0.0008110648583322143,-6.0,28335.0,28341.0,394.02199632746715,59.73960349202253,-1.0,-2.0,2251,0.012100589171289726,0.7809368683610717,0.0312701586892014,5.375650453704898e-06,0.03927987786522169
aggs112__tu,float64,0.0008110648583322143,-6.0,59318.0,59324.0,447.08341584604005,60.639707779641334,-1.0,-2.0,2288,0.012299488238076807,0.7809261170601642,0.0312701586892014,5.375650453704898e-06,0.039075603147980906
aggs111__tu,float64,0.0008110648583322143,-6.0,31291.0,31297.0,365.5027965048422,57.50989657248527,-1.0,-2.0,2242,0.012052208317206383,0.7810712596224143,0.0312701586892014,5.375650453704898e-06,0.03816174257085107
aggs110__tu,float64,0.0008110648583322143,-6.0,67320.0,67326.0,447.21891298123,58.569663054229565,-1.0,-2.0,2203,0.011842557949511891,0.7811572700296736,0.0312701586892014,5.375650453704898e-06,0.04007547413237002
aggs109__tu,float64,0.0008110648583322143,-6.0,64034.0,64040.0,418.91611071804493,57.82119511460887,-1.0,-2.0,2200,0.011826430998150776,0.7817808454823033,0.0312701586892014,5.375650453704898e-06,0.03930675611749022
aggs108__tu,float64,0.0008110648583322143,-6.0,161746.0,161752.0,672.8694727779142,57.8233507504408,-1.0,-2.0,2139,0.011498516320474777,0.7814314282028125,0.0312701586892014,1.0751300907409796e-05,0.03883907452801789
aggs107__tu,float64,0.0008110648583322143,-6.0,59429.0,59435.0,468.28942729605984,55.368844880230505,-1.0,-2.0,2099,0.011283490302326582,0.781313163892831,0.0312701586892014,5.375650453704898e-06,0.03976906205650884
aggs106__tu,float64,0.0008110648583322143,-6.0,32076.0,32082.0,382.2848825314685,53.45205994925386,-1.0,-2.0,2048,0.011009332129187631,0.7810336300692384,0.0312701586892014,1.0751300907409796e-05,0.040381886208231195
aggs105__tu,float64,0.0008110648583322143,-6.0,59926.0,59932.0,393.5952923927336,53.985872790607665,-1.0,-2.0,2027,0.010896443469659829,0.7797918548144326,0.0312701586892014,5.375650453704898e-06,0.03799509740678622
aggs104__tu,float64,0.0008110648583322143,-6.0,28817.0,28823.0,337.27175581742387,51.62329591880618,-1.0,-2.0,2008,0.010794306111039436,0.778872618586849,0.0312701586892014,1.0751300907409796e-05,0.03821549907538812
aggs103__tu,float64,0.0008110648583322143,-6.0,54076.0,54082.0,376.97534816367494,51.35205672386359,-1.0,-2.0,1965,0.010563153141530125,0.7770448974325893,0.0312701586892014,5.375650453704898e-06,0.038177869522212186
aggs102__tu,float64,0.0008110648583322143,-6.0,549731.0,549737.0,1310.2504032309116,51.71703651141788,-1.0,-2.0,1886,0.010138476755687438,0.7755773448587279,0.0312701586892014,5.375650453704898e-06,0.036640433492452586
aggs101__tu,float64,0.0008110648583322143,-6.0,64788.0,64794.0,333.0286628347629,47.190738829398356,-1.0,-2.0,1829,0.00983206467982626,0.7755665935578205,0.0312701586892014,5.375650453704898e-06,0.03571044596396164
cv30__tu,float64,0.0008110648583322143,-7.0,999.0,1006.0,254.71383253496,929.5245075904185,999.0,999.0,34,0.00018277211542596655,0.06004063991743001,0.028770481228228617,0.9307508708553734,0.0020319958715004516
cv29__tu,float64,0.0008110648583322143,-6.0,13.0,19.0,1.0688389382878822,-0.17520319958715005,0.0,0.0,14,7.525910635186857e-05,0.0312701586892014,0.0312701586892014,1.0751300907409796e-05,0.9630101492280566
cv28__tu,float64,0.0008110648583322143,-7.0,100.0,107.0,10.752644997404996,0.5482518384724552,0.0,0.0,66,0.0003547929299445233,0.47842751472928224,0.1382724809701974,0.005606803423214209,0.46226830946544534
cv27__tu,float64,0.0008110648583322143,-7.0,100.0,107.0,11.20437627486755,0.5283726830946545,0.0,0.0,61,0.0003279146776759988,0.47842751472928224,0.1382724809701974,0.007074355997075646,0.46887498387304866
cv26__tu,float64,0.0008110648583322143,-7.0,100.0,107.0,10.735190289313753,4.312131767943921,0.0,0.0,91,0.0004891841912871458,0.08352148109921301,0.05225132241001161,0.0019836150174171075,0.581462606975444
cv25__tu,float64,0.0008110648583322143,-7.0,100.0,107.0,5.764496182717701,0.6394658753709199,0.0,0.0,73,0.00039242248312045756,0.08352148109921301,0.05225132241001161,0.0008170988689631445,0.810261041586032
cv24__tu,float64,0.0008110648583322143,-7.0,16623.0,16630.0,208.81495053375508,23.017798778652217,-1.0,-1.0,1221,0.006563669203973681,0.7232185094396422,0.185368554595106,5.375650453704898e-06,0.160758826818045
cv23__tu,float64,0.0008110648583322143,-7.0,37082.0,37089.0,241.01011439397422,30.141605384251495,-1.0,-1.0,1163,0.006251881477658797,0.7436836107168967,0.185368554595106,5.375650453704898e-06,0.005993850255880962
cv22__tu,float64,0.0008110648583322143,-7.0,577233.0,577240.0,4638.219990045499,1286.3689308906378,-1.0,-1.0,12077,0.06492173052939405,0.5261901690104502,0.185368554595106,5.375650453704898e-06,0.11434546080075689
cv21__tu,float64,0.0008110648583322143,-7.0,634419.0,634426.0,7353.3802257873995,716.8396067174128,0.0,0.0,5657,0.03041005461660861,0.198538898206683,0.07546875671956307,5.375650453704898e-06,0.3239205693888961
cv20__tu,float64,0.0008110648583322143,-7.0,531993.0,532000.0,2604.141159617066,598.6169472756203,345.0,-2.0,4546,0.02443770696254247,0.21931578721025244,0.07546875671956307,1.0751300907409796e-05,0.04928396335956651
cv19__tu,float64,0.0008110648583322143,-7.0,2201507.0,2201514.0,59916.31474722454,33372.75073108846,11981.0,0.0,59616,0.32047477744807124,0.10751838472455168,0.07546875671956307,5.375650453704898e-06,0.0812045757536662
cv18__tu,float64,0.0008110648583322143,-7.0,50.0,57.0,2.91686582156454,-0.35401346062873607,0.0,0.0,37,0.00019889906678708123,0.1848094869479207,0.08820904829484368,5.375650453704898e-06,0.6038306885133101
cv17__tu,float64,0.0008110648583322143,-7.0,51.0,58.0,2.954541440431836,-0.05325656904485443,0.0,0.0,38,0.00020427471724078613,0.15464671225218252,0.07688255278888746,5.375650453704898e-06,0.5277168537393024
au09s__tu,float64,0.0008110648583322143,-5.0,12.0,17.0,1.1682522110971765,0.1441856964692728,0.0,0.0,16,8.601040725927837e-05,0.1835085795381241,0.00015051821270373715,5.375650453704898e-06,0.4997742226809444
au20s__tu,float64,0.0008110648583322143,-5.0,366.0,371.0,52.421185704265866,72.14116995656474,75.0,-1.0,284,0.0015266847288521912,0.1835085795381241,0.00015051821270373715,5.375650453704898e-06,0.00021502601814819594
walshr04__tu,float64,0.0008110648583322143,-6.0,1.0,7.0,1.0489957368797787,-1.5865587236055563,-2.0,-2.0,5,2.6878252268524493e-05,0.8856545391992431,0.0312701586892014,0.0009461144798520621,0.11339934632090483
br21s__tu,float64,0.0008110648583322143,-5.0,999.0,1004.0,39.06407224943399,26.630708940781833,11.0,-1.0,362,0.0019459854642411732,0.3501429923020685,2.6878252268524493e-05,0.00014514256225003225,0.00609061196404765
br57s__tu,float64,0.0008110648583322143,-5.0,20188.0,20193.0,126.05127113076293,15.487431729239239,-1.0,-3.0,1169,0.006284135380381026,0.7703038317636434,5.913215499075388e-05,5.375650453704898e-06,0.1655162774695738
br36s__tu,float64,0.0008110648583322143,-4.0,999.0,1003.0,295.49409047892397,103.17634821313379,0.0,-1.0,101,0.0005429406958241947,0.35011611404980003,0.031237904786479163,0.09791209736378102,0.27564185266417235
br35s__tu,float64,0.0008110648583322143,-5.0,247231.0,247236.0,1671.7169794830709,258.2728035092246,-1.0,-3.0,4586,0.024652732980690664,0.77025545090956,1.0751300907409796e-05,5.375650453704898e-06,0.01142325721412291
br34s__tu,float64,0.0008110648583322143,-5.0,790.0,795.0,41.95354513623813,18.395766137702662,-1.0,-3.0,287,0.0015428116802133059,0.7702769535113749,3.225390272222939e-05,5.375650453704898e-06,0.011842557949511891
br33s__tu,float64,0.0008110648583322143,-5.0,247231.0,247236.0,3020.6813284297236,528.7027319055605,-1.0,-3.0,7206,0.038736937169397495,0.77025545090956,1.0751300907409796e-05,5.375650453704898e-06,0.01142325721412291
br32s__tu,float64,0.0008110648583322143,-5.0,247231.0,247236.0,2261.788878588656,358.5100900959016,-1.0,-3.0,5783,0.031087386573775428,0.77025545090956,1.0751300907409796e-05,5.375650453704898e-06,0.01142325721412291
br31s__tu,float64,0.0008110648583322143,-5.0,100.0,105.0,37.64211350718248,15.514793790048596,-1.0,-3.0,61,0.0003279146776759988,0.7702769535113749,3.225390272222939e-05,0.1550498860362104,0.044354491893519116
br30s__tu,float64,0.0008110648583322143,-5.0,100.0,105.0,39.41684347039588,17.3309680471337,-1.0,-3.0,57,0.0003064120758611792,0.7702769535113749,3.225390272222939e-05,0.17637509138605773,0.029453188835849138
br29s__tu,float64,0.0008110648583322143,-5.0,19.0,24.0,1.9883214828263134,-1.2987732765664646,-1.0,-3.0,25,0.00013439126134262246,0.77025545090956,1.0751300907409796e-05,1.0751300907409796e-05,0.01142325721412291
br28s__tu,float64,0.0008110648583322143,-5.0,234789.0,234794.0,3835.651876618054,689.5507891454866,-1.0,-3.0,1812,0.009740678622113275,0.7702662022104675,2.1502601814819592e-05,5.375650453704898e-06,0.00014514256225003225
br27s__tu,float64,0.0008110648583322143,-6.0,16.0,22.0,1.996233237528567,-2.2936341547327226,-3.0,-3.0,22,0.00011826430998150777,0.8929331699135595,0.12176923407732336,2.1502601814819592e-05,0.025115038919709284
br25s__tu,float64,0.0008110648583322143,-6.0,20.0,26.0,2.0054530094824643,-1.9742936395303832,-3.0,-3.0,25,0.00013439126134262246,0.8496806863630499,0.07952199716165656,5.375650453704898e-06,0.034060121274674234
br24s__tu,float64,0.0008110648583322143,-6.0,21.0,27.0,1.975264292570828,-1.7113544488883154,-1.0,-3.0,27,0.00014514256225003225,0.8142927794263106,0.04476841697845439,5.375650453704898e-06,0.04147314325033329
br20s__tu,float64,0.0008110648583322143,-5.0,670.0,675.0,69.58425369445575,58.8122500322539,39.0,-1.0,551,0.002961983399991399,0.3501429923020685,2.6878252268524493e-05,5.375650453704898e-06,0.00132778566206511
bi30s__tu,float64,0.0008110648583322143,-5.0,100.0,105.0,30.646530053848227,8.649803251193394,-1.0,-1.0,41,0.00022040166860190082,0.8863587494086784,1.0751300907409796e-05,0.09862705887412376,0.010100847202511504
br12s__tu,float64,0.0008110648583322143,-4.0,25.0,29.0,2.039783850681173,-1.244699608652647,-1.0,-3.0,23,0.00012363996043521266,0.757068980346622,0.031237904786479163,5.375650453704898e-06,0.013320861824280737
br09s__tu,float64,0.0008110648583322143,-5.0,18.0,23.0,1.3908195857785346,0.02592138648776502,0.0,0.0,19,0.00010213735862039307,0.3501429923020685,2.6878252268524493e-05,1.0751300907409796e-05,0.3663989592740722
br06s__tu,float64,0.0008110648583322143,-5.0,11.0,16.0,0.944065251567623,-0.32800068808325805,0.0,0.0,14,7.525910635186857e-05,0.3501429923020685,2.6878252268524493e-05,5.375650453704898e-06,0.5578957553864018
br03s__tu,float64,0.0008110648583322143,-4.0,25.0,29.0,1.8973611710688567,-1.3608674149572098,-1.0,-3.0,24,0.00012901561088891756,0.768691136627532,0.031237904786479163,5.375650453704898e-06,0.04428460843762095
br02s__tu,float64,0.0008110648583322143,-4.0,25.0,29.0,1.4513841526021096,-0.0017685889992689115,0.0,0.0,22,0.00011826430998150777,0.35011611404980003,0.031237904786479163,5.375650453704898e-06,0.40709800885907194
br01s__tu,float64,0.0008110648583322143,-4.0,52.0,56.0,3.1664750699410518,2.1515664645422095,1.0,0.0,43,0.00023115296950931063,0.031237904786479163,0.031237904786479163,5.375650453704898e-06,0.3190233518255709
bi101s__tu,float64,0.0008110648583322143,-5.0,1726740.0,1726745.0,15986.045607313132,3648.0138315486174,-1.0,-1.0,16903,0.0908646196189739,0.8039285253515676,0.0004891841912871458,5.375650453704898e-06,0.05071388638025201
bi57s__tu,float64,0.0008110648583322143,-5.0,28765.0,28770.0,299.67979759676894,21.272497097148754,-1.0,-1.0,1585,0.008520405969122263,0.8863910033114006,4.3005203629639184e-05,1.0751300907409796e-05,0.09441254891841913
bi36s__tu,float64,0.0008110648583322143,-4.0,999.0,1003.0,366.28331571453185,166.14228809185911,-1.0,-1.0,126,0.0006773319571668171,0.6036210381456156,0.031237904786479163,0.16182858125833227,0.020137186599578548
bi35s__tu,float64,0.0008110648583322143,-4.0,387319.0,387323.0,8441.12547110414,1432.1854115597987,-1.0,-1.0,10881,0.058492452586763,0.8863479981077711,0.031237904786479163,5.375650453704898e-06,0.00014514256225003225
bi34s__tu,float64,0.0008110648583322143,-5.0,623.0,628.0,35.536086943284104,10.073571152109405,-1.0,-1.0,293,0.0015750655829355352,0.8863587494086784,1.0751300907409796e-05,5.375650453704898e-06,0.00019352341633337633
bi33s__tu,float64,0.0008110648583322143,-4.0,471446.0,471450.0,14086.227305936938,3029.7644121188664,-1.0,-1.0,14122,0.07591493570722058,0.8863479981077711,0.031237904786479163,5.375650453704898e-06,0.00014514256225003225
bi32s__tu,float64,0.0008110648583322143,-4.0,440390.0,440394.0,9826.353375220877,1799.5430535844837,-1.0,-1.0,12199,0.06557755988474605,0.8863479981077711,0.031237904786479163,5.375650453704898e-06,0.00014514256225003225
br101s__tu,float64,0.0008110648583322143,-5.0,407032.0,407037.0,5577.577527739328,1336.8753601685803,0.0,-1.0,11741,0.06311551197694922,0.4891626886853309,0.0006934589085279319,1.0751300907409796e-05,0.14089042274115168
br109s__tu,float64,0.0008110648583322143,-5.0,15.0,20.0,1.5379569187823146,-0.33632219498559324,0.0,-1.0,20,0.00010751300907409797,0.4897110050316088,0.0012417752548058315,5.375650453704898e-06,0.2888498258289253
co01s__tu,float64,0.0008110648583322143,-4.0,34.0,38.0,2.52503492076071,1.7021567109620264,1.0,0.0,33,0.00017739646497226164,0.031237904786479163,0.031237904786479163,5.375650453704898e-06,0.3233991312948867
co02s__tu,float64,0.0008110648583322143,-4.0,32.0,36.0,1.7050029201371946,0.07178643615877521,0.0,0.0,32,0.00017202081451855674,0.3544918935191158,0.031237904786479163,5.375650453704898e-06,0.3913204747774481
fi31s__tu,float64,0.0008110648583322143,-5.0,100.0,105.0,42.033799136919725,21.906522814260526,-1.0,-3.0,33,0.00017739646497226164,0.6309723476540662,6.450780544445878e-05,0.21122005762697285,0.1129316647314325
fi30s__tu,float64,0.0008110648583322143,-5.0,100.0,105.0,46.850879841733075,29.72495484453619,-1.0,-3.0,27,0.00014514256225003225,0.6309723476540662,6.450780544445878e-05,0.29987528490947407,0.04527910377155636
fi29s__tu,float64,0.0008110648583322143,-4.0,12.0,16.0,2.065782935239862,-1.0745710230937944,-1.0,-3.0,17,9.138605771298327e-05,0.6309078398486216,0.031237904786479163,5.375650453704898e-06,0.00014514256225003225
fi28s__tu,float64,0.0008110648583322143,-5.0,223755.0,223760.0,11614.630907836192,6381.993194426525,-1.0,-3.0,26297,0.1413634799810777,0.6309723476540662,6.450780544445878e-05,5.375650453704898e-06,0.00014514256225003225
fi27s__tu,float64,0.0008110648583322143,-6.0,4.0,10.0,2.187842264747912,-2.826925557992517,-3.0,-3.0,11,5.913215499075388e-05,0.8561637208102181,0.22632025975142991,4.3005203629639184e-05,0.04186556573345375
fi25s__tu,float64,0.0008110648583322143,-6.0,5.0,11.0,2.1698804816200066,-2.0675880531544317,-3.0,-3.0,12,6.450780544445878e-05,0.746849868834129,0.11711929643486862,5.375650453704898e-06,0.06188986367350449
fi24s__tu,float64,0.0008110648583322143,-6.0,6.0,12.0,2.0594981294717716,-1.6086849008730055,-3.0,-3.0,13,6.988345589816368e-05,0.6832290457145315,0.05360061067389154,5.3756504537048986e-05,0.06970068378273771
fi21s__tu,float64,0.0008110648583322143,-5.0,999.0,1004.0,35.48519271522665,28.521077925428976,17.0,-1.0,254,0.0013654152152410442,0.20300606373371177,0.00016664516406485183,0.00014514256225003225,0.0007310884617038662
fi20s__tu,float64,0.0008110648583322143,-5.0,345.0,350.0,52.46385052752171,66.71112329591881,66.0,-1.0,309,0.0016610759901948137,0.20300606373371177,0.00016664516406485183,5.375650453704898e-06,0.00024190427041672044
fi12s__tu,float64,0.0008110648583322143,-4.0,12.0,16.0,2.065921229127452,-1.0706360469616825,-1.0,-3.0,16,8.601040725927837e-05,0.6289403517825657,0.031237904786479163,5.375650453704898e-06,0.002112630628306025
se21s__tu,float64,0.0008110648583322143,-5.0,999.0,1004.0,36.2625317828603,17.385557777491076,-1.0,-1.0,284,0.0015266847288521912,0.612813400421451,5.3756504537048986e-05,0.00014514256225003225,0.0005214380940093751
fi06s__tu,float64,0.0008110648583322143,-5.0,12.0,17.0,1.0036518956176816,-0.12728465144282458,0.0,0.0,16,8.601040725927837e-05,0.20300606373371177,0.00016664516406485183,2.1502601814819592e-05,0.6764664774437706
fi03s__tu,float64,0.0008110648583322143,-4.0,11.0,15.0,1.940089549206688,-1.1814282028125402,-1.0,-3.0,16,8.601040725927837e-05,0.6295101707306584,0.031237904786479163,1.0751300907409796e-05,0.06598073366877392
fi02s__tu,float64,0.0008110648583322143,-4.0,12.0,16.0,1.2421724553940374,0.2111394228701673,0.0,0.0,15,8.063475680557348e-05,0.20283941856964693,0.031237904786479163,5.375650453704898e-06,0.4262460757751688
fi01s__tu,float64,0.0008110648583322143,-4.0,172.0,176.0,6.481311250737771,3.6593611577000815,2.0,1.0,120,0.0006450780544445878,0.031237904786479163,0.031237904786479163,5.375650453704898e-06,0.1717466563454178
fc07s__tu,float64,0.0008110648583322143,-5.0,317529.0,317534.0,1878.4510752874348,18.950818173999053,-1.0,-1.0,28,0.00015051821270373715,0.9889476626671827,5.913215499075388e-05,1.0751300907409796e-05,0.010880316518298714
fc06s__tu,float64,0.0008110648583322143,-4.0,317529.0,317533.0,1624.4591369185011,13.176665376510558,-1.0,-1.0,19,0.00010213735862039307,0.9940330279963876,0.031237904786479163,1.0751300907409796e-05,0.005854083344084634
fc05s__tu,float64,0.0008110648583322143,-5.0,444925.0,444930.0,3152.942811210864,57.232351739560485,-1.0,-1.0,80,0.0004300520362963919,0.9709392336472713,0.0003655442308519331,5.375650453704898e-06,0.02852320130735819
fc04s__tu,float64,0.0008110648583322143,-4.0,999.0,1003.0,13.938242064703472,0.08830581000301037,-1.0,-1.0,86,0.00046230593901862126,0.9705736894164194,0.031237904786479163,0.00014514256225003225,0.0002902851245000645
fc03s__tu,float64,0.0008110648583322143,-4.0,2.0,6.0,0.5844065382489454,-1.0531436803853267,-1.0,-1.0,5,2.6878252268524493e-05,0.9705736894164194,0.031237904786479163,0.00017739646497226164,0.018459983658022622
fc02s__tu,float64,0.0008110648583322143,-4.0,2.0,6.0,0.5700890769878938,-1.0583903152281426,-1.0,-1.0,5,2.6878252268524493e-05,0.9705736894164194,0.031237904786479163,7.525910635186857e-05,0.02360448114221821
fc01s__tu,float64,0.0008110648583322143,-4.0,7.0,11.0,0.7239654527678734,-0.09453618887885434,0.0,0.0,8,4.3005203629639184e-05,0.031237904786479163,0.031237904786479163,5.375650453704898e-06,0.9394809271921902
co07s__tu,float64,0.0008110648583322143,-5.0,379489.0,379494.0,6564.811555168014,1969.175934288049,-1.0,-1.0,15928,0.08562336042661162,0.6118672859415989,0.0008063475680557347,5.375650453704898e-06,0.08080677762009203
co06s__tu,float64,0.0008110648583322143,-5.0,379489.0,379494.0,5077.884306298669,1205.0551219197523,-1.0,-2.0,12270,0.0659592310669591,0.7461187803724251,0.00045155463811121145,5.375650453704898e-06,0.0465316303272696
co05s__tu,float64,0.0008110648583322143,-5.0,1761378.0,1761383.0,10545.822324172374,3617.5720820969336,0.0,-1.0,21170,0.11380252010493269,0.35537350019352343,0.0008816066744076033,5.375650453704898e-06,0.15436717842858985
co04s__tu,float64,0.0008110648583322143,-4.0,999.0,1003.0,23.876817764454195,15.231846428417839,6.0,-1.0,119,0.0006397024039908829,0.3544918935191158,0.031237904786479163,0.00014514256225003225,0.01965337805874511
co03s__tu,float64,0.0008110648583322143,-4.0,34.0,38.0,2.106554927327762,0.4290951705156324,0.0,-1.0,33,0.00017739646497226164,0.3544918935191158,0.031237904786479163,5.375650453704898e-06,0.2567141874166774
bi31s__tu,float64,0.0008110648583322143,-5.0,100.0,105.0,28.684444048597282,7.361969423300219,-1.0,-1.0,52,0.00027953382359265474,0.8863587494086784,1.0751300907409796e-05,0.082537737066185,0.021502601814819593
bi29s__tu,float64,0.0008110648583322143,-4.0,39.0,43.0,2.427725742061843,-1.1342138648776503,-1.0,-1.0,40,0.00021502601814819594,0.8863479981077711,0.031237904786479163,1.0751300907409796e-05,0.00014514256225003225
au21s__tu,float64,0.0008110648583322143,-5.0,999.0,1004.0,36.795246013166484,33.97035328774782,24.0,-1.0,237,0.001274029157528061,0.1835085795381241,0.00015051821270373715,0.00014514256225003225,0.0005053111426482604
au101s__tu,float64,0.0008110648583322143,-5.0,285521.0,285526.0,12528.24571279745,8379.763562766095,982.0,-2.0,31542,0.16955876661075991,0.3670924181826001,0.002080376725583796,5.375650453704898e-06,0.12157033501053628
bc29s__tu,float64,0.0008110648583322143,-4.0,19.0,23.0,2.019574450335319,-1.2700834300950414,-1.0,-3.0,24,0.00012901561088891756,0.7600470906979745,0.031237904786479163,1.0751300907409796e-05,0.01161140498000258
bc28s__tu,float64,0.0008110648583322143,-5.0,709612.0,709617.0,3807.761429337023,718.4767556874382,-1.0,-3.0,1862,0.010009461144798521,0.7600524663484282,5.375650453704898e-06,5.375650453704898e-06,0.00014514256225003225
bc27s__tu,float64,0.0008110648583322143,-6.0,16.0,22.0,2.0185450447339055,-2.305756246505827,-3.0,-3.0,23,0.00012363996043521266,0.8871489700253731,0.1260805057411947,1.0751300907409796e-05,0.026453575882681806
bc25s__tu,float64,0.0008110648583322143,-6.0,19.0,25.0,2.0271193697068184,-1.967138648776502,-3.0,-3.0,25,0.00013439126134262246,0.8412516664516406,0.08120995140411989,5.375650453704898e-06,0.03572657291532275
bc24s__tu,float64,0.0008110648583322143,-6.0,20.0,26.0,1.9959411568091774,-1.6955715391562378,-1.0,-3.0,26,0.00013976691179632737,0.804777878123253,0.04541349503289898,5.375650453704898e-06,0.043048208833268826
bc21s__tu,float64,0.0008110648583322143,-5.0,999.0,1004.0,39.97133213795173,27.228169483507504,12.0,-1.0,387,0.002080376725583796,0.33894013675654755,3.225390272222939e-05,0.00014514256225003225,0.00609061196404765
bc20s__tu,float64,0.0008110648583322143,-5.0,670.0,675.0,69.94285670182792,59.9024265686148,42.0,-1.0,553,0.002972734700898809,0.33894013675654755,3.225390272222939e-05,5.375650453704898e-06,0.0012148970025373071
bc12s__tu,float64,0.0008110648583322143,-4.0,24.0,28.0,2.0651966452229846,-1.2148002408291403,-1.0,-3.0,24,0.00012901561088891756,0.7454683266675268,0.031237904786479163,5.375650453704898e-06,0.014723906592697716
bc09s__tu,float64,0.0008110648583322143,-5.0,16.0,21.0,1.4148956440647562,0.056175547241216185,0.0,0.0,18,9.676170816668816e-05,0.33894013675654755,3.225390272222939e-05,1.6126951361114695e-05,0.37101664301380466
bc06s__tu,float64,0.0008110648583322143,-5.0,13.0,18.0,0.9510379201444413,-0.31139530383176367,0.0,0.0,14,7.525910635186857e-05,0.33894013675654755,3.225390272222939e-05,5.375650453704898e-06,0.5659914849696813
bc03s__tu,float64,0.0008110648583322143,-4.0,24.0,28.0,1.9204578085926336,-1.3371769234077324,-1.0,-3.0,24,0.00012901561088891756,0.7584451468627704,0.031237904786479163,5.375650453704898e-06,0.0457629123123898
bc02s__tu,float64,0.0008110648583322143,-4.0,24.0,28.0,1.463058391731472,0.028335053541478517,0.0,0.0,23,0.00012363996043521266,0.33890788285382534,0.031237904786479163,5.375650453704898e-06,0.4067055863759515
bc01s__tu,float64,0.0008110648583322143,-4.0,51.0,55.0,3.077807634857276,2.1462660731948566,1.0,0.0,41,0.00022040166860190082,0.031237904786479163,0.031237904786479163,5.375650453704898e-06,0.3078151206295962
au57s__tu,float64,0.0008110648583322143,-5.0,34711.0,34716.0,532.0826460464349,92.58784887971444,-1.0,-3.0,2934,0.01577215843117017,0.6176138562766095,0.00016664516406485183,1.0751300907409796e-05,0.2947684169784544
bi28s__tu,float64,0.0008110648583322143,-5.0,451934.0,451939.0,12126.722320884941,2777.0284371909,-1.0,-1.0,11712,0.06295961811379176,0.8863587494086784,1.0751300907409796e-05,5.375650453704898e-06,0.00014514256225003225
au51a__tu,float64,0.0008110648583322143,-5.0,788.0,793.0,29.481493923565505,44.79873564701329,53.0,72.0,185,0.0009944953339354062,0.21878897346578935,0.03543091214036898,5.375650453704898e-06,0.00014514256225003225
au36s__tu,float64,0.0008110648583322143,-4.0,999.0,1003.0,376.0872671166734,181.36524857007697,1.0,1.0,132,0.0007095858598890466,0.18335806132542037,0.031237904786479163,0.1743645981163721,0.10453489872274545
au35s__tu,float64,0.0008110648583322143,-4.0,102622.0,102626.0,8177.148565096028,5064.565416290371,-1.0,-3.0,23687,0.12733303229690793,0.6174472111125446,0.031237904786479163,1.0751300907409796e-05,0.00015051821270373715
au34s__tu,float64,0.0008110648583322143,-5.0,407.0,412.0,39.861315810184415,26.49665096976734,-1.0,-3.0,161,0.0008654797230464886,0.6175385971702576,9.138605771298327e-05,1.0751300907409796e-05,0.0004139250849352772
au33s__tu,float64,0.0008110648583322143,-4.0,285521.0,285525.0,11001.573587201088,6062.723508794564,-1.0,-3.0,26292,0.14133660172880919,0.6174472111125446,0.031237904786479163,5.375650453704898e-06,0.00015051821270373715
au32s__tu,float64,0.0008110648583322143,-4.0,146005.0,146009.0,8756.999305856165,5350.434271921902,-1.0,-3.0,24588,0.13217649335569603,0.6174472111125446,0.031237904786479163,5.375650453704898e-06,0.00015051821270373715
au31s__tu,float64,0.0008110648583322143,-5.0,100.0,105.0,41.722235983844456,20.69361480239109,-1.0,-3.0,15,8.063475680557348e-05,0.6175385971702576,9.138605771298327e-05,0.20983851546037072,0.14714230421881047
au30s__tu,float64,0.0008110648583322143,-5.0,100.0,105.0,47.02777198490581,29.70887627402916,-1.0,-3.0,15,8.063475680557348e-05,0.6175385971702576,9.138605771298327e-05,0.304740248570077,0.06188448802305079
au29s__tu,float64,0.0008110648583322143,-4.0,6.0,10.0,1.9649298632675642,-1.1299133445146863,-1.0,-3.0,11,5.913215499075388e-05,0.6174472111125446,0.031237904786479163,1.0751300907409796e-05,0.00015051821270373715
au28s__tu,float64,0.0008110648583322143,-5.0,337501.0,337506.0,13640.873442732545,8063.900367694491,-1.0,-3.0,26791,0.14401905130520792,0.6175385971702576,9.138605771298327e-05,5.375650453704898e-06,0.00014514256225003225
au27s__tu,float64,0.0008110648583322143,-6.0,4.0,10.0,2.2283660782454473,-2.644148066916097,-3.0,-3.0,10,5.3756504537048986e-05,0.8177815765707651,0.20162989721756333,2.1502601814819592e-05,0.049977422268094436
au25s__tu,float64,0.0008110648583322143,-6.0,5.0,11.0,2.1250086324116086,-1.8201361114694878,-3.0,-3.0,11,5.913215499075388e-05,0.6990872145529609,0.08305917516019438,1.0751300907409796e-05,0.06945877951232099
au24s__tu,float64,0.0008110648583322143,-6.0,5.0,11.0,1.983340194803398,-1.4505547671268224,-1.0,-3.0,11,5.913215499075388e-05,0.6470347912097364,0.03109276222422913,1.0751300907409796e-05,0.07433987012428504
bc30s__tu,float64,0.0008110648583322143,-5.0,100.0,105.0,40.30177843455589,18.39193329892917,-1.0,-3.0,54,0.0002902851245000645,0.7600524663484282,5.375650453704898e-06,0.18784672945426398,0.029775727863071432
bc31s__tu,float64,0.0008110648583322143,-5.0,100.0,105.0,38.61885068642296,16.579866038790694,-1.0,-3.0,52,0.00027953382359265474,0.7600524663484282,5.375650453704898e-06,0.16643013804670365,0.04462327441620436
bc32s__tu,float64,0.0008110648583322143,-4.0,577095.0,577099.0,2074.5159262141347,379.69517374102264,-1.0,-3.0,6227,0.0334741753752204,0.7600470906979745,0.031237904786479163,5.375650453704898e-06,0.01161140498000258
bc33s__tu,float64,0.0008110648583322143,-4.0,577233.0,577237.0,2946.8080468001667,566.1816217262289,-1.0,-3.0,7696,0.0413710058917129,0.7600470906979745,0.031237904786479163,5.375650453704898e-06,0.01161140498000258
bi27s__tu,float64,0.0008110648583322143,-6.0,39.0,45.0,2.2821423691728016,-1.4246602588913257,-1.0,-1.0,38,0.00020427471724078613,0.9148658237646755,0.029066142003182385,1.0751300907409796e-05,0.013514385240614114
bi25s__tu,float64,0.0008110648583322143,-6.0,39.0,45.0,2.322337495254713,-1.3061110394357718,-1.0,-1.0,39,0.00020965036769449104,0.901050402098654,0.015250720337160796,1.0751300907409796e-05,0.015535629811207156
bi24s__tu,float64,0.0008110648583322143,-6.0,39.0,45.0,2.33241949554618,-1.2412430654109148,-1.0,-1.0,40,0.00021502601814819594,0.8932395819894208,0.007439900227927579,1.0751300907409796e-05,0.016325850427901776
bi21s__tu,float64,0.0008110648583322143,-5.0,999.0,1004.0,49.54260315240149,28.79445662925214,-1.0,-1.0,377,0.0020266202210467467,0.6036317894465231,1.0751300907409796e-05,0.00014514256225003225,6.988345589816368e-05
bi20s__tu,float64,0.0008110648583322143,-5.0,551.0,556.0,61.92068639143891,41.1909538554165,-1.0,-1.0,399,0.0021448845310282545,0.6036317894465231,1.0751300907409796e-05,5.375650453704898e-06,0.00015589386315744205
bi12s__tu,float64,0.0008110648583322143,-4.0,39.0,43.0,2.427821990895176,-1.1324614028297424,-1.0,-1.0,39,0.00020965036769449104,0.8854717670838171,0.031237904786479163,1.0751300907409796e-05,0.0010213735862039308
bi09s__tu,float64,0.0008110648583322143,-5.0,20.0,25.0,1.0755176570105567,-0.5676794392121447,-1.0,-1.0,20,0.00010751300907409797,0.6036317894465231,1.0751300907409796e-05,5.375650453704898e-06,0.3274093665333505
bi06s__tu,float64,0.0008110648583322143,-5.0,10.0,15.0,0.8125343861588925,-0.6733701027824367,-1.0,-1.0,12,6.450780544445878e-05,0.6036317894465231,1.0751300907409796e-05,1.0751300907409796e-05,0.378698447512149
bi03s__tu,float64,0.0008110648583322143,-4.0,39.0,43.0,2.3354091111958857,-1.1797778781232529,-1.0,-1.0,40,0.00021502601814819594,0.8857889304605857,0.031237904786479163,1.0751300907409796e-05,0.016460241689244398
bi02s__tu,float64,0.0008110648583322143,-4.0,39.0,43.0,2.1370403842091465,-0.285339526082656,-1.0,-1.0,38,0.00020427471724078613,0.6036210381456156,0.031237904786479163,1.0751300907409796e-05,0.2819958715004516
bi01s__tu,float64,0.0008110648583322143,-4.0,113.0,117.0,3.7272237119872824,1.4723799079688642,0.0,0.0,59,0.000317163376768589,0.031237904786479163,0.031237904786479163,5.375650453704898e-06,0.5725282759213864
bc110s__tu,float64,0.0008110648583322143,-5.0,124629.0,124634.0,2277.4596449721453,487.008127983486,0.0,-1.0,7334,0.03942502042747172,0.47834687997247666,0.0012095213520836022,5.375650453704898e-06,0.2856943190126005
bc109s__tu,float64,0.0008110648583322143,-5.0,15.0,20.0,1.497539232217203,-0.34912699436631833,0.0,0.0,20,0.00010751300907409797,0.47834687997247666,0.0012095213520836022,5.375650453704898e-06,0.3089010020212446
bc108s__tu,float64,0.0008110648583322143,-4.0,482.0,486.0,21.803776119541087,9.710569603922075,0.0,-1.0,275,0.001478303874768847,0.33890788285382534,0.031237904786479163,1.0751300907409796e-05,0.20780114393841656
bc107s__tu,float64,0.0008110648583322143,-4.0,162.0,166.0,5.19696133700262,2.335741624736593,0.0,-1.0,77,0.0004139250849352772,0.33890788285382534,0.031237904786479163,1.0751300907409796e-05,0.1993022405711091
bc106s__tu,float64,0.0008110648583322143,-4.0,21.0,25.0,2.0094407453317906,0.6058089278802735,0.0,-1.0,22,0.00011826430998150777,0.33890788285382534,0.031237904786479163,5.375650453704898e-06,0.19170107082957039
bc104s__tu,float64,0.0008110648583322143,-5.0,758.0,763.0,42.96940283331601,19.548945297380982,-1.0,-3.0,289,0.0015535629811207156,0.7600524663484282,5.375650453704898e-06,5.375650453704898e-06,0.012046832666752678
bc103s__tu,float64,0.0008110648583322143,-5.0,288617.0,288622.0,1773.756533045766,600.3133896701501,-1.0,-1.0,7424,0.039908828968305166,0.6136627531931363,0.1365253945727433,5.375650453704898e-06,0.00014514256225003225
bc102s__tu,float64,0.0008110648583322143,-5.0,354806.0,354811.0,1698.5461321099226,356.8449124844106,-1.0,-3.0,2258,0.01213821872446566,0.7600524663484282,5.375650453704898e-06,5.375650453704898e-06,0.00014514256225003225
bc101s__tu,float64,0.0008110648583322143,-5.0,577233.0,577238.0,4795.809534397863,1384.2548058315056,0.0,-1.0,12421,0.06677095428546855,0.4778254418784673,0.000688083258074227,5.375650453704898e-06,0.1359824538769191
bc98a__tu,float64,0.0008110648583322143,-5.0,132379.0,132384.0,1651.009360362916,169.7592783726831,-1.0,-3.0,3426,0.018416978454392982,0.7600524663484282,5.375650453704898e-06,5.375650453704898e-06,0.10236313593944868
bc97b__tu,float64,0.0008110648583322143,-5.0,188160.0,188165.0,3599.667159028068,789.9188545564014,-1.0,-1.0,5815,0.03125940738829398,0.6588612222078871,0.0008923579753150131,5.375650453704898e-06,0.12057046402614717
bc97a__tu,float64,0.0008110648583322143,-4.0,132379.0,132383.0,1629.8997682687627,165.58181202425493,-1.0,-3.0,3382,0.018180449834429967,0.7618371822990582,0.031237904786479163,5.375650453704898e-06,0.1017449361372726
bc57s__tu,float64,0.0008110648583322143,-5.0,7068.0,7073.0,109.82642196919797,16.13350427901776,-1.0,-3.0,1195,0.006423902292177353,0.7601008472025115,5.3756504537048986e-05,5.375650453704898e-06,0.17327334107426998
bc36s__tu,float64,0.0008110648583322143,-4.0,999.0,1003.0,295.95813216375217,103.5691362404851,0.0,-1.0,99,0.0005321893949167849,0.33890788285382534,0.031237904786479163,0.09826689029372554,0.28143142820281253
bc35s__tu,float64,0.0008110648583322143,-4.0,288617.0,288621.0,1281.7646530097802,275.0543209478347,-1.0,-3.0,5071,0.02725992345073754,0.7600470906979745,0.031237904786479163,5.375650453704898e-06,0.01161140498000258
bc34s__tu,float64,0.0008110648583322143,-5.0,976.0,981.0,42.89711398478473,19.484265471122004,-1.0,-3.0,291,0.0015643142820281255,0.7600524663484282,5.375650453704898e-06,5.375650453704898e-06,0.012079086569474906
walshr05__tu,float64,0.0008110648583322143,-6.0,2.0,8.0,1.0609507706808086,-1.5688352040596911,-2.0,-2.0,6,3.225390272222939e-05,0.8775265557132413,0.0312701586892014,0.00017202081451855674,0.12023179804756376
walshr03__tu,float64,0.0008110648583322143,-6.0,7.0,13.0,1.150452758654073,-1.5021126306283061,-2.0,-2.0,11,5.913215499075388e-05,0.8604534898722745,0.0312701586892014,5.375650453704898e-06,0.1153507074355997
fi33s__tu,float64,0.0008110648583322143,-4.0,242350.0,242354.0,9481.353493235178,4935.173612007053,-1.0,-3.0,24573,0.13209585859889048,0.6309078398486216,0.031237904786479163,5.375650453704898e-06,0.00014514256225003225
agg405__tu,float64,0.0008110648583322143,-6.0,212335.0,212341.0,1752.7692117601375,305.6444813572442,0.0,-2.0,3578,0.019234077323356125,0.3129864963660603,0.0312701586892014,1.0751300907409796e-05,0.25541328000688085
agg418__tu,float64,0.0008110648583322143,-6.0,153199.0,153205.0,1911.601419313123,344.0421182213048,0.0,-2.0,4021,0.021615490474347396,0.3384670795166215,0.0312701586892014,5.375650453704898e-06,0.2300187072635789
agg417__tu,float64,0.0008110648583322143,-6.0,241704.0,241710.0,2049.4897639751694,335.1676074054961,0.0,-2.0,3958,0.02127682449576399,0.3378273771126306,0.0312701586892014,5.375650453704898e-06,0.23349137745667226
agg416__tu,float64,0.0008110648583322143,-6.0,201754.0,201760.0,2027.2787975140352,355.4109469745839,0.0,-2.0,4121,0.022153055519717885,0.3347148754999355,0.0312701586892014,5.375650453704898e-06,0.23462026405195027
agg415__tu,float64,0.0008110648583322143,-6.0,118869.0,118875.0,1811.0439128176226,340.1637046832667,0.0,-2.0,3989,0.02144346965982884,0.3320485528748979,0.0312701586892014,5.375650453704898e-06,0.23845310282544188
agg414__tu,float64,0.0008110648583322143,-6.0,132042.0,132048.0,1889.1047620440968,338.5130628306025,0.0,-2.0,3931,0.021131681933513956,0.33212918763170346,0.0312701586892014,5.375650453704898e-06,0.2372812110265342
agg413__tu,float64,0.0008110648583322143,-6.0,164274.0,164280.0,1899.4573306973753,340.15224379649936,0.0,-2.0,3997,0.021486474863458477,0.3282479680041285,0.0312701586892014,5.375650453704898e-06,0.23829183331183074
agg412__tu,float64,0.0008110648583322143,-6.0,144595.0,144601.0,1840.0154831131017,332.07921020943536,0.0,-2.0,3911,0.021024168924439857,0.32696318754569303,0.0312701586892014,5.375650453704898e-06,0.24027544832924783
agg411__tu,float64,0.0008110648583322143,-6.0,150401.0,150407.0,1778.3821288418487,329.32848987227453,0.0,-2.0,3889,0.020905904614458348,0.32584505225132243,0.0312701586892014,1.0751300907409796e-05,0.24129144626499807
agg410__tu,float64,0.0008110648583322143,-6.0,160091.0,160097.0,1817.7713345073666,323.81782995742486,0.0,-2.0,3815,0.02050810648088419,0.3222863716509698,0.0312701586892014,5.375650453704898e-06,0.2441835462090913
agg409__tu,float64,0.0008110648583322143,-6.0,150193.0,150199.0,1769.2400167911874,319.88905732593645,0.0,-2.0,3769,0.02026082656001376,0.32123811981249734,0.0312701586892014,1.0751300907409796e-05,0.24656495936008258
agg408__tu,float64,0.0008110648583322143,-6.0,121367.0,121373.0,1683.9342804736805,312.33659097750825,0.0,-2.0,3652,0.01963187545693029,0.32052315830215455,0.0312701586892014,5.375650453704898e-06,0.24742506343267534
agg407__tu,float64,0.0008110648583322143,-6.0,166186.0,166192.0,1695.697290573544,319.00245129660686,0.0,-2.0,3748,0.020147937900485958,0.3169483507504408,0.0312701586892014,5.375650453704898e-06,0.24786586676987915
agg406__tu,float64,0.0008110648583322143,-6.0,153660.0,153666.0,1649.180527393585,305.83754246763857,0.0,-2.0,3653,0.019637251107383992,0.3142175203199587,0.0312701586892014,5.375650453704898e-06,0.2510213735862039
agg404__tu,float64,0.0008110648583322143,-6.0,209271.0,209277.0,1723.7512676332753,302.7955640132456,0.0,-2.0,3553,0.019099686062013503,0.3103631789446523,0.0312701586892014,5.375650453704898e-06,0.2562948866812884
agg313__tu,float64,0.0008110648583322143,-6.0,296139.0,296145.0,6450.087586325333,1734.7290242119298,0.0,0.0,14492,0.07790392637509139,0.28561905990624864,0.0312701586892014,5.375650453704898e-06,0.36702791037715565
agg403__tu,float64,0.0008110648583322143,-6.0,264581.0,264587.0,1660.3250200239338,293.7328032941986,0.0,-2.0,3540,0.01902980260611534,0.30537995097406784,0.0312701586892014,5.375650453704898e-06,0.26332623747473444
agg402__tu,float64,0.0008110648583322143,-6.0,153450.0,153456.0,1506.194547290381,281.8558519330839,0.0,-2.0,3450,0.018545994065281898,0.3042080591751602,0.0312701586892014,5.375650453704898e-06,0.26574528017890164
agg401__tu,float64,0.0008110648583322143,-6.0,158433.0,158439.0,1524.1317032160844,301.8004236012558,0.0,0.0,3707,0.019927536231884056,0.2469412548918419,0.0312701586892014,5.375650453704898e-06,0.31865780759471896
agg324__tu,float64,0.0008110648583322143,-6.0,230044.0,230050.0,4446.099861665611,1031.6327678149055,0.0,0.0,11073,0.05952457747387434,0.3135348127123382,0.0312701586892014,5.375650453704898e-06,0.4187147894895282
agg323__tu,float64,0.0008110648583322143,-6.0,231106.0,231112.0,4631.67622184236,1088.4349868834129,0.0,0.0,11433,0.0614598116372081,0.3109061196404765,0.0312701586892014,5.375650453704898e-06,0.4144949038833699
agg322__tu,float64,0.0008110648583322143,-6.0,231907.0,231913.0,4807.34243419162,1143.845557562465,0.0,0.0,11653,0.06264245473702318,0.30800864404592954,0.0312701586892014,5.375650453704898e-06,0.4114307831247581
agg321__tu,float64,0.0008110648583322143,-6.0,232909.0,232915.0,4893.917482187429,1189.6415946329505,0.0,0.0,11957,0.06427665247494947,0.3038801444974842,0.0312701586892014,5.375650453704898e-06,0.40685610458865523
agg320__tu,float64,0.0008110648583322143,-6.0,256819.0,256825.0,5151.735815052267,1260.209774007655,0.0,0.0,12311,0.066179632735561,0.30342321420891927,0.0312701586892014,5.375650453704898e-06,0.39951296606889436
agg319__tu,float64,0.0008110648583322143,-6.0,293293.0,293299.0,5312.430091502986,1317.252795338236,0.0,0.0,12591,0.06768481486259838,0.3000419300735389,0.0312701586892014,5.375650453704898e-06,0.396841267793403
agg318__tu,float64,0.0008110648583322143,-6.0,293442.0,293448.0,5429.471323279429,1371.3060949124845,0.0,0.0,12814,0.06888358491377457,0.29889154087644604,0.0312701586892014,5.375650453704898e-06,0.3914548660387907
agg317__tu,float64,0.0008110648583322143,-6.0,293999.0,294005.0,5700.554294663706,1438.7399744119039,0.0,0.0,13130,0.07058229045714531,0.29734872919623273,0.0312701586892014,5.375650453704898e-06,0.3851761063088634
agg316__tu,float64,0.0008110648583322143,-6.0,294515.0,294521.0,5925.266725072154,1518.3623134649292,0.0,0.0,13457,0.07234012815550682,0.29451038575667654,0.0312701586892014,5.375650453704898e-06,0.3809239667999828
agg315__tu,float64,0.0008110648583322143,-6.0,945452.0,945458.0,6880.493836812407,1600.4167204231712,0.0,0.0,13817,0.07427536231884058,0.2904678966154905,0.0312701586892014,1.0751300907409796e-05,0.37723089493828754
agg419__tu,float64,0.0008110648583322143,-6.0,144472.0,144478.0,1739.726634829372,334.8908957983916,0.0,-2.0,4050,0.021771384337504838,0.33882187244656603,0.0312701586892014,5.375650453704898e-06,0.2287177998537823
agg420__tu,float64,0.0008110648583322143,-6.0,201823.0,201829.0,1911.926062341901,338.41290908699955,0.0,-2.0,4024,0.021631617425708512,0.34187524190427043,0.0312701586892014,5.375650453704898e-06,0.22987356470132886
agg421__tu,float64,0.0008110648583322143,-6.0,168079.0,168085.0,1936.265659555827,335.58775749365674,0.0,-2.0,4015,0.021583236571625166,0.3419021201565389,0.0312701586892014,1.0751300907409796e-05,0.22968004128499547
agg422__tu,float64,0.0008110648583322143,-6.0,334503.0,334509.0,2540.3472957524677,363.47439040123857,0.0,-2.0,4078,0.021921902550208577,0.3450791295746785,0.0312701586892014,1.0751300907409796e-05,0.22775555842256914
agg601__tu,float64,0.0008110648583322143,-6.0,148050.0,148056.0,3321.5843585696894,715.5940201264353,-1.0,-2.0,1721,0.00925149443082613,0.7555315443168623,0.0312701586892014,1.0751300907409796e-05,0.00014514256225003225
agg524__tu,float64,0.0008110648583322143,-6.0,115012.0,115018.0,3144.0964192302013,810.7637724164624,-1.0,-2.0,9659,0.051923407732335614,0.7287124242033286,0.0312701586892014,5.375650453704898e-06,0.017820281254031737
agg523__tu,float64,0.0008110648583322143,-6.0,114742.0,114748.0,3187.484299521154,824.8320216746226,-1.0,-2.0,9743,0.05237496237044682,0.7260514772287446,0.0312701586892014,5.375650453704898e-06,0.018277211542596653
agg522__tu,float64,0.0008110648583322143,-6.0,113915.0,113921.0,3217.8015537226115,838.273980776674,-1.0,-2.0,9819,0.05278351180492839,0.7236808153786608,0.0312701586892014,5.375650453704898e-06,0.01812131767943921
agg521__tu,float64,0.0008110648583322143,-6.0,113250.0,113256.0,3266.069424511201,850.8748172278846,-1.0,-2.0,9863,0.05302004042489141,0.7200576269728637,0.0312701586892014,5.375650453704898e-06,0.01873414183116157
agg520__tu,float64,0.0008110648583322143,-6.0,112782.0,112788.0,3284.762163742263,861.5756999096891,-1.0,-2.0,9923,0.05334257945211371,0.7175740764632521,0.0312701586892014,5.375650453704898e-06,0.01802993162172623
agg519__tu,float64,0.0008110648583322143,-6.0,112613.0,112619.0,3318.9060550658232,873.0543155721842,-1.0,-2.0,10007,0.05379413409022492,0.714531458306455,0.0312701586892014,5.375650453704898e-06,0.018212703737152197
agg518__tu,float64,0.0008110648583322143,-6.0,117127.0,117133.0,3343.1222514641117,884.6839601341762,-1.0,-2.0,10123,0.054417709542854686,0.7122951877177138,0.0312701586892014,5.375650453704898e-06,0.018137444630800328
agg517__tu,float64,0.0008110648583322143,-6.0,116133.0,116139.0,3368.243141991472,897.2933976261128,-1.0,-2.0,10196,0.05481013202597514,0.7085537350019352,0.0312701586892014,5.375650453704898e-06,0.01886315744205049
agg516__tu,float64,0.0008110648583322143,-6.0,120012.0,120018.0,3419.8805739941663,912.71777297553,-1.0,-2.0,10246,0.05507891454866039,0.7070861824280738,0.0312701586892014,5.375650453704898e-06,0.017642884789059475
agg515__tu,float64,0.0008110648583322143,-6.0,120209.0,120215.0,3464.0239079883345,925.792204231712,-1.0,-2.0,10306,0.055401453575882685,0.704113447727175,0.0312701586892014,5.375650453704898e-06,0.017616006536790952
agg514__tu,float64,0.0008110648583322143,-6.0,120413.0,120419.0,3476.662290457445,937.7245301681503,-1.0,-2.0,10418,0.056003526426697633,0.700178471595063,0.0312701586892014,5.375650453704898e-06,0.01886315744205049
agg513__tu,float64,0.0008110648583322143,-6.0,120820.0,120826.0,3537.9807624367,954.9922106824926,-1.0,-2.0,10457,0.05621317679439212,0.6988560615834516,0.0312701586892014,5.375650453704898e-06,0.017137573646411216
agg512__tu,float64,0.0008110648583322143,-6.0,120576.0,120582.0,3560.7586339857603,966.9630047735776,-1.0,-2.0,10527,0.05658947232615146,0.6952382488281083,0.0312701586892014,5.375650453704898e-06,0.017814905603578034
agg511__tu,float64,0.0008110648583322143,-6.0,122597.0,122603.0,3601.1353787381704,979.233792413882,-1.0,-2.0,10588,0.056917387003827466,0.6917440760332,0.0312701586892014,5.375650453704898e-06,0.01889003569431901
agg510__tu,float64,0.0008110648583322143,-6.0,121337.0,121343.0,3680.77507163887,998.9807067905217,-1.0,-2.0,10736,0.057712983270975786,0.6902388939061627,0.0312701586892014,5.375650453704898e-06,0.016750526813744462
agg509__tu,float64,0.0008110648583322143,-6.0,165121.0,165127.0,3728.2235053036406,1007.3855362748892,-1.0,-2.0,10740,0.057734485872790606,0.687045757536662,0.0312701586892014,1.0751300907409796e-05,0.01740635616909646
agg508__tu,float64,0.0008110648583322143,-6.0,193418.0,193424.0,3809.317698797462,1024.8141046316605,-1.0,-2.0,10805,0.05808390315228142,0.6808745108158087,0.0312701586892014,1.0751300907409796e-05,0.01991678493097665
agg507__tu,float64,0.0008110648583322143,-6.0,141029.0,141035.0,3829.3286240714087,1034.6512277985637,-1.0,-2.0,10863,0.05839569087859631,0.6794177095428546,0.0312701586892014,1.0751300907409796e-05,0.01725046230593902
agg506__tu,float64,0.0008110648583322143,-6.0,148392.0,148398.0,3865.305522979614,1049.8233830043434,-1.0,-2.0,10923,0.058718229905818604,0.6737410226637424,0.0312701586892014,5.375650453704898e-06,0.01807831247580957
agg505__tu,float64,0.0008110648583322143,-6.0,149525.0,149531.0,3914.3469425520034,1074.4706274459209,-1.0,-2.0,11058,0.059443942717068765,0.6664462649980648,0.0312701586892014,5.375650453704898e-06,0.019943663183245173
agg504__tu,float64,0.0008110648583322143,-6.0,150698.0,150704.0,4031.528912479344,1105.4739603492023,-1.0,-2.0,11180,0.06009977207242076,0.66329075818174,0.0312701586892014,5.375650453704898e-06,0.017852535156753967
agg503__tu,float64,0.0008110648583322143,-6.0,550077.0,550083.0,4236.660565513328,1119.2303573732422,-1.0,-2.0,11259,0.06052444845826345,0.6566357029200534,0.0312701586892014,5.375650453704898e-06,0.01979852062099514
agg502__tu,float64,0.0008110648583322143,-6.0,614685.0,614691.0,4311.8605696611985,1133.1674945168365,-1.0,-1.0,11309,0.060793230980948694,0.6437395174816153,0.0312701586892014,5.375650453704898e-06,0.025367694491033415
agg501__tu,float64,0.0008110648583322143,-6.0,577233.0,577239.0,4578.130627513118,1246.932121661721,-1.0,-1.0,11896,0.06394873779727347,0.5498269040553907,0.0312701586892014,5.375650453704898e-06,0.1019599621554208
agg424__tu,float64,0.0008110648583322143,-6.0,122694.0,122700.0,1821.9212173724377,337.6213123037888,0.0,-2.0,4023,0.021626241775254806,0.3516481744291059,0.0312701586892014,5.375650453704898e-06,0.22391734399862384
agg423__tu,float64,0.0008110648583322143,-6.0,143236.0,143242.0,1915.0192265810467,333.6763482131338,0.0,-2.0,3969,0.02133595665075474,0.34862705887412376,0.0312701586892014,5.375650453704898e-06,0.22658904227411517
agg314__tu,float64,0.0008110648583322143,-6.0,295283.0,295289.0,6316.766546678613,1663.191077495377,0.0,0.0,14201,0.07633961209306327,0.2901453575882682,0.0312701586892014,5.375650453704898e-06,0.3693985722272395
agg312__tu,float64,0.0008110648583322143,-6.0,296993.0,296999.0,6609.362145887828,1806.6761600653679,0.0,0.0,14745,0.07926396593987872,0.2835064292779426,0.0312701586892014,5.375650453704898e-06,0.3607437749967746
agg603__tu,float64,0.0008110648583322143,-6.0,169050.0,169056.0,3556.9968420236423,743.2443125618199,-1.0,-2.0,1733,0.009316002236270588,0.7730400378445792,0.0312701586892014,1.0751300907409796e-05,0.00014514256225003225
agg114__tu,float64,0.0008110648583322143,-6.0,1734887.0,1734893.0,24235.813002367213,13927.356367995528,4534.0,-2.0,42318,0.2274867758998839,0.28991958026921255,0.0312701586892014,5.375650453704898e-06,0.028404936997376683
agg203__tu,float64,0.0008110648583322143,-6.0,522968.0,522974.0,24136.450709863584,13804.32358190341,2301.0,-2.0,39512,0.21240270072678794,0.39879262890809786,0.0312701586892014,5.375650453704898e-06,0.00014514256225003225
agg202__tu,float64,0.0008110648583322143,-6.0,523118.0,523124.0,23782.85871369245,13550.658828968306,2059.0,-2.0,39169,0.21055885262116716,0.40020104932696854,0.0312701586892014,5.375650453704898e-06,0.00014514256225003225
agg201__tu,float64,0.0008110648583322143,-6.0,550896.0,550902.0,25523.776610070436,15242.73187868232,4540.5,-2.0,41871,0.2250838601470778,0.3617436459811637,0.0312701586892014,5.375650453704898e-06,0.00014514256225003225
agg124__tu,float64,0.0008110648583322143,-6.0,457861.0,457867.0,22200.775120655104,12847.329462865007,3554.0,-2.0,40737,0.21898787253257646,0.31346492925644004,0.0312701586892014,5.375650453704898e-06,0.029528447942201008
agg123__tu,float64,0.0008110648583322143,-6.0,468714.0,468720.0,22486.432811519862,13003.87608050574,3698.0,-2.0,40908,0.21990710876015998,0.31086849008730055,0.0312701586892014,5.375650453704898e-06,0.02884036468412678
agg122__tu,float64,0.0008110648583322143,-6.0,417904.0,417910.0,22732.514758304835,13200.570399518341,3847.0,-2.0,41275,0.22187997247666968,0.3079387605900314,0.0312701586892014,5.375650453704898e-06,0.02830279963875629
agg121__tu,float64,0.0008110648583322143,-6.0,421176.0,421182.0,22854.640186945533,13302.256972218638,3967.5,-2.0,41472,0.22293897561604953,0.30372425063432673,0.0312701586892014,1.0751300907409796e-05,0.028652216918247108
agg120__tu,float64,0.0008110648583322143,-6.0,491971.0,491977.0,22904.841422287063,13311.386675912785,4001.0,-2.0,41459,0.22286909216015138,0.30336945770438223,0.0312701586892014,5.375650453704898e-06,0.028351180492839634
agg119__tu,float64,0.0008110648583322143,-6.0,491971.0,491977.0,23256.30108549087,13527.781958241947,4201.0,-2.0,41603,0.2236431858254849,0.2999290414140111,0.0312701586892014,5.375650453704898e-06,0.028856491635487893
agg118__tu,float64,0.0008110648583322143,-6.0,491971.0,491977.0,23363.169778216175,13593.433863372467,4222.0,-2.0,41765,0.22451404119898508,0.2988270330710016,0.0312701586892014,5.375650453704898e-06,0.029351051477228746
agg117__tu,float64,0.0008110648583322143,-6.0,1734887.0,1734893.0,23750.278790410262,13589.873258289253,4225.0,-2.0,41838,0.22490646368210554,0.29724121618715865,0.0312701586892014,5.375650453704898e-06,0.029076893304089795
agg116__tu,float64,0.0008110648583322143,-6.0,1734887.0,1734893.0,24085.513669882013,13864.096611189954,4464.0,-2.0,42096,0.2262933814991614,0.2943759944953339,0.0312701586892014,5.375650453704898e-06,0.029248914118608353
agg115__tu,float64,0.0008110648583322143,-6.0,1734887.0,1734893.0,24151.593216325393,13881.031576570766,4568.0,-2.0,42106,0.22634713800369843,0.29039263750913863,0.0312701586892014,5.375650453704898e-06,0.028727476024598977
agg113__tu,float64,0.0008110648583322143,-6.0,1737074.0,1737080.0,24535.097481978075,14121.762616651615,4766.0,-2.0,42494,0.22843289037973594,0.28549541994581346,0.0312701586892014,5.375650453704898e-06,0.028399561346922977
agg311__tu,float64,0.0008110648583322143,-6.0,298124.0,298130.0,6785.058208294158,1878.5543585773878,0.0,0.0,15080,0.08106480884186987,0.28200124715090524,0.0312701586892014,5.375650453704898e-06,0.35464241173181954
agg112__tu,float64,0.0008110648583322143,-6.0,1737074.0,1737080.0,24357.0610623027,14145.54075280609,4877.5,-2.0,42529,0.22862103814561563,0.28330753021115557,0.0312701586892014,5.375650453704898e-06,0.028641465617339698
agg111__tu,float64,0.0008110648583322143,-6.0,1737074.0,1737080.0,24670.245680133805,14228.84135380381,4876.0,-2.0,42581,0.22890057196920827,0.28190448544273855,0.0312701586892014,5.375650453704898e-06,0.028641465617339698
agg110__tu,float64,0.0008110648583322143,-6.0,1737074.0,1737080.0,25009.119081282388,14478.454075818174,5083.0,-2.0,42987,0.23108308605341246,0.27850169870554337,0.0312701586892014,5.375650453704898e-06,0.02830279963875629
agg109__tu,float64,0.0008110648583322143,-6.0,1737074.0,1737080.0,25112.638800486664,14560.800783769837,5147.0,-2.0,43111,0.23174966670967187,0.27697501397669116,0.0312701586892014,5.375650453704898e-06,0.028152281426052552
agg108__tu,float64,0.0008110648583322143,-6.0,1737674.0,1737680.0,25575.438790253713,14664.666381757193,5153.0,-2.0,43117,0.2317819206123941,0.2753300649378575,0.0312701586892014,5.375650453704898e-06,0.02942631058358061
agg107__tu,float64,0.0008110648583322143,-6.0,1737674.0,1737680.0,25597.422162490428,14780.958435470691,5247.0,-2.0,43348,0.23302369586719993,0.2718197651915882,0.0312701586892014,5.375650453704898e-06,0.028791983830043437
agg106__tu,float64,0.0008110648583322143,-6.0,1738774.0,1738780.0,25608.90659026834,14875.405420805917,5333.0,-2.0,43534,0.23402356685158904,0.2685244914634671,0.0312701586892014,5.375650453704898e-06,0.02873285167505268
agg105__tu,float64,0.0008110648583322143,-6.0,3524444.0,3524450.0,27224.511749407397,14973.73967875113,5267.0,-2.0,43648,0.2346363910033114,0.26610007310884615,0.0312701586892014,5.375650453704898e-06,0.029259665419515763
agg104__tu,float64,0.0008110648583322143,-6.0,1738774.0,1738780.0,26351.334044405354,15164.282124887111,5399.5,-2.0,43959,0.23630821829441362,0.26190169010450265,0.0312701586892014,5.375650453704898e-06,0.029141401109534254
agg103__tu,float64,0.0008110648583322143,-6.0,1738774.0,1738780.0,26536.127024365258,15299.121828366233,5538.0,-2.0,44097,0.2370500580570249,0.2554885391132327,0.0312701586892014,5.375650453704898e-06,0.030275663355265988
agg102__tu,float64,0.0008110648583322143,-6.0,623020.0,623026.0,26227.46470415009,15231.097772330451,5479.0,-2.0,43882,0.23589429320947836,0.24668322367006407,0.0312701586892014,5.375650453704898e-06,0.035613684255794954
agg101__tu,float64,0.0008110648583322143,-6.0,625729.0,625735.0,28729.62834750714,17620.75768718015,7852.0,-2.0,47413,0.25487571496151035,0.13611684513826172,0.0312701586892014,5.375650453704898e-06,0.0940577559884746
trd__tu,float64,0.0008110648583322143,0.0,222.0,222.0,12.876833945599248,14.555729368253559,11.0,4.0,142,0.0007633423644260956,0.0,0.03141530125145143,5.375650453704898e-06,0.03141530125145143
agg204__tu,float64,0.0008110648583322143,-6.0,636937.0,636943.0,24310.023151231162,13854.758101105233,2320.5,-2.0,39580,0.21276824495763988,0.4013353115727003,0.0312701586892014,5.375650453704898e-06,0.00014514256225003225
agg205__tu,float64,0.0008110648583322143,-6.0,636937.0,636943.0,24276.852369055643,13828.912134993334,2240.0,-2.0,39484,0.2122521825140842,0.4042381628177009,0.0312701586892014,5.375650453704898e-06,0.00014514256225003225
agg206__tu,float64,0.0008110648583322143,-6.0,636937.0,636943.0,24191.61974817747,13904.967665462522,2400.0,-2.0,39557,0.21264460499720467,0.40366296821915454,0.0312701586892014,5.375650453704898e-06,0.00014514256225003225
agg207__tu,float64,0.0008110648583322143,-6.0,599461.0,599467.0,24244.181222511408,13927.055777749109,2426.0,-2.0,39603,0.2128918849180751,0.40463596095127513,0.0312701586892014,5.375650453704898e-06,0.00014514256225003225
agg310__tu,float64,0.0008110648583322143,-6.0,293810.0,293816.0,7031.48329440386,1972.622914247624,0.0,0.0,15424,0.08291403259794435,0.2786199630155249,0.0312701586892014,5.375650453704898e-06,0.3483744033027996
agg309__tu,float64,0.0008110648583322143,-6.0,360788.0,360794.0,7206.772827169746,2044.7907313034877,0.0,0.0,15811,0.08499440932352814,0.27706102438395047,0.0312701586892014,5.375650453704898e-06,0.34067647185309424
agg308__tu,float64,0.0008110648583322143,-6.0,412032.0,412038.0,7610.179077943107,2149.2190416290373,0.0,0.0,16067,0.0863705758396766,0.27544832924783896,0.0312701586892014,1.0751300907409796e-05,0.3339999139895927
agg307__tu,float64,0.0008110648583322143,-6.0,414095.0,414101.0,7748.759897401635,2222.402190039995,0.0,0.0,16388,0.08809615963531588,0.27188427299703266,0.0312701586892014,1.0751300907409796e-05,0.3303444716810734
agg306__tu,float64,0.0008110648583322143,-6.0,406036.0,406042.0,7903.7041105684875,2322.036065238894,0.0,0.0,16772,0.09016040940953855,0.26860512622027266,0.0312701586892014,1.0751300907409796e-05,0.32279168279361803
agg305__tu,float64,0.0008110648583322143,-6.0,397493.0,397499.0,8042.480261097705,2409.6164527157785,0.0,0.0,17170,0.09229991829011311,0.2662290887197351,0.0312701586892014,1.0751300907409796e-05,0.312244656603449
agg304__tu,float64,0.0008110648583322143,-6.0,399209.0,399215.0,8377.245197909426,2526.7002161011483,0.0,0.0,17474,0.09393411602803939,0.2619554466090397,0.0312701586892014,1.0751300907409796e-05,0.3059443942717069
agg303__tu,float64,0.0008110648583322143,-6.0,2089151.0,2089157.0,9908.60455729991,2643.841837612351,0.0,0.0,17811,0.09574571023093795,0.2555154173655012,0.0312701586892014,5.375650453704898e-06,0.29897755128370535
agg302__tu,float64,0.0008110648583322143,-6.0,1340199.0,1340205.0,9367.302728347218,2760.1729884316,0.0,0.0,18176,0.09770782264654024,0.24665634541779555,0.0312701586892014,5.375650453704898e-06,0.2953059820238249
agg301__tu,float64,0.0008110648583322143,-6.0,485123.0,485129.0,9193.799899569594,3072.491006536791,25.0,0.0,19236,0.10340601212746742,0.13561690964606718,0.0312701586892014,1.0751300907409796e-05,0.3624693587924139
agg224__tu,float64,0.0008110648583322143,-6.0,423829.0,423835.0,23432.113979581078,13735.333801014924,2372.0,-2.0,39972,0.21487549993549218,0.41276394443727693,0.0312701586892014,5.375650453704898e-06,0.00014514256225003225
agg223__tu,float64,0.0008110648583322143,-6.0,657001.0,657007.0,23719.184097268735,13825.309696598288,2498.0,-2.0,40119,0.2156657205521868,0.41104911194254506,0.0312701586892014,5.375650453704898e-06,0.00014514256225003225
agg222__tu,float64,0.0008110648583322143,-6.0,652001.0,652007.0,23790.047136915655,13929.896927278201,2525.0,-2.0,40222,0.2162194125489184,0.409173009934202,0.0312701586892014,5.375650453704898e-06,0.00014514256225003225
agg221__tu,float64,0.0008110648583322143,-6.0,632294.0,632300.0,23858.462467014353,13972.863205822905,2600.0,-2.0,40336,0.21683223670064078,0.407151765363609,0.0312701586892014,5.375650453704898e-06,0.00014514256225003225
agg220__tu,float64,0.0008110648583322143,-6.0,657001.0,657007.0,23805.694764548574,13898.505601427772,2500.0,-2.0,40230,0.21626241775254806,0.40797961553347956,0.0312701586892014,5.375650453704898e-06,0.00014514256225003225
agg219__tu,float64,0.0008110648583322143,-6.0,655996.0,656002.0,24046.4773680452,14001.099793575022,2600.0,-2.0,40353,0.21692362275835375,0.4074205478862942,0.0312701586892014,5.375650453704898e-06,0.00014514256225003225
agg218__tu,float64,0.0008110648583322143,-6.0,655996.0,656002.0,24070.429405670886,13997.115227067476,2500.0,-2.0,40276,0.2165096976734185,0.40843117017159075,0.0312701586892014,5.375650453704898e-06,0.00014514256225003225
agg217__tu,float64,0.0008110648583322143,-6.0,655996.0,656002.0,23986.45908725206,13897.699845181267,2475.0,-2.0,40125,0.21569797445490904,0.40860856663656303,0.0312701586892014,5.375650453704898e-06,0.00014514256225003225
agg216__tu,float64,0.0008110648583322143,-6.0,655996.0,656002.0,24179.812208073385,14038.91435513697,2583.0,-2.0,40124,0.21569259880445535,0.40700124715090524,0.0312701586892014,5.375650453704898e-06,0.00014514256225003225
agg215__tu,float64,0.0008110648583322143,-6.0,618520.0,618526.0,23995.13105990085,13955.018282587193,2560.0,-2.0,40011,0.21508515030318667,0.4060443813701458,0.0312701586892014,5.375650453704898e-06,0.00014514256225003225
agg214__tu,float64,0.0008110648583322143,-6.0,633968.0,633974.0,24106.700836201017,13895.738103685546,2450.0,-2.0,39814,0.21402614716380683,0.407662452156711,0.0312701586892014,5.375650453704898e-06,0.00014514256225003225
agg213__tu,float64,0.0008110648583322143,-6.0,671444.0,671450.0,24282.308072479613,13972.969294284609,2501.0,-2.0,39983,0.21493463209048294,0.4056197049843031,0.0312701586892014,5.375650453704898e-06,0.00014514256225003225
agg212__tu,float64,0.0008110648583322143,-6.0,636937.0,636943.0,23972.13192920382,13882.015589386316,2500.0,-2.0,39757,0.21371973508794564,0.40538317636434007,0.0312701586892014,5.375650453704898e-06,0.00014514256225003225
agg211__tu,float64,0.0008110648583322143,-6.0,671444.0,671450.0,24114.82686919277,13854.714794865178,2400.0,-2.0,39618,0.21297251967488065,0.4070335010536275,0.0312701586892014,5.375650453704898e-06,0.00014514256225003225
agg210__tu,float64,0.0008110648583322143,-6.0,633968.0,633974.0,24298.345121019378,13983.979545650023,2550.0,-2.0,39885,0.21440781834601988,0.4040822689545435,0.0312701586892014,5.375650453704898e-06,0.00014514256225003225
agg209__tu,float64,0.0008110648583322143,-6.0,636937.0,636943.0,24222.911959025136,13952.596605814304,2512.0,-2.0,39718,0.21351008472025115,0.40439405668085837,0.0312701586892014,5.375650453704898e-06,0.00014514256225003225
agg208__tu,float64,0.0008110648583322143,-6.0,599461.0,599467.0,24221.830580009722,13916.299300090312,2450.0,-2.0,39678,0.21329505870210294,0.405694964090655,0.0312701586892014,5.375650453704898e-06,0.00014514256225003225
agg602__tu,float64,0.0008110648583322143,-6.0,173350.0,173356.0,3405.61417138036,707.0466445189868,-1.0,-2.0,1711,0.009197737926289081,0.7707500107513009,0.0312701586892014,1.0751300907409796e-05,0.00014514256225003225
agg604__tu,float64,0.0008110648583322143,-6.0,179050.0,179056.0,3691.1012913397312,776.2114727131983,-1.0,-2.0,1784,0.009590160409409538,0.774464585214811,0.0312701586892014,1.0751300907409796e-05,0.00014514256225003225
walshr02__tu,float64,0.0008110648583322143,-6.0,4.0,10.0,1.075193595328039,-1.5622016513998194,-2.0,-2.0,8,4.3005203629639184e-05,0.8775265557132413,0.0312701586892014,1.6126951361114695e-05,0.11488302584612738
agg911__tu,float64,0.0008110648583322143,-6.0,5052.0,5058.0,72.29375759928838,49.808282103384514,-1.0,-1.0,12288,0.06605599277512579,0.5664591665591536,0.0312701586892014,1.0751300907409796e-05,0.015342106394873779
trv13__tu,float64,0.0008110648583322143,-6.0,23.0,29.0,2.0019089467885927,-0.8606577645895154,-1.0,-2.0,26,0.00013976691179632737,0.6833688126263278,0.0312701586892014,1.0751300907409796e-05,0.1212800498860362
trv12__tu,float64,0.0008110648583322143,-6.0,71.0,77.0,3.109029015146117,-0.2455059562207027,-1.0,-2.0,57,0.0003064120758611792,0.5734152582462478,0.0312701586892014,5.375650453704898e-06,0.20964499204403733
trv11__tu,float64,0.0008110648583322143,-6.0,25.0,31.0,1.7627983852297486,-0.813212273685116,-1.0,-2.0,25,0.00013439126134262246,0.595600567668688,0.0312701586892014,1.0751300907409796e-05,0.24741968778222165
trv10__tu,float64,0.0008110648583322143,-6.0,12.0,18.0,5.40782620552822,4.695813443426655,5.0,-2.0,16,8.601040725927837e-05,0.19416849438782094,0.0312701586892014,0.14777125532189395,0.12211865135681417
trv09__tu,float64,0.0008110648583322143,-6.0,25.0,31.0,2.102666162136468,-0.27911452285726573,0.0,-2.0,26,0.00013976691179632737,0.4114092805229433,0.0312701586892014,5.375650453704898e-06,0.2009364383090354
trv08__tu,float64,0.0008110648583322143,-6.0,76.0,82.0,4.374930291401618,1.7601008472025115,1.0,-2.0,63,0.00033866597858340857,0.255811078140455,0.0312701586892014,5.375650453704898e-06,0.19389433621468197
trv07__tu,float64,0.0008110648583322143,-6.0,24.0,30.0,2.1326276532419017,0.06860942674063562,0.0,0.0,26,0.00013976691179632737,0.29222573431385196,0.0312701586892014,5.375650453704898e-06,0.28166258117232185
trv06__tu,float64,0.0008110648583322143,-6.0,12.0,18.0,4.910302251564488,3.3546370360813658,2.0,0.0,16,8.601040725927837e-05,0.19416849438782094,0.0312701586892014,0.07861888788543414,0.20663462778996258
trv05__tu,float64,0.0008110648583322143,-6.0,41.0,47.0,2.649181884862371,-0.1780146647744377,0.0,-2.0,38,0.00020427471724078613,0.4114092805229433,0.0312701586892014,5.375650453704898e-06,0.3032296907925859
trv04__tu,float64,0.0008110648583322143,-6.0,105.0,111.0,6.176030266994331,2.07050165570034,0.0,0.0,85,0.00045693028856491635,0.255811078140455,0.0312701586892014,5.375650453704898e-06,0.2821732679654238
trv03__tu,float64,0.0008110648583322143,-6.0,38.0,44.0,2.755677521656057,0.23070679052165313,0.0,0.0,38,0.00020427471724078613,0.29222573431385196,0.0312701586892014,5.375650453704898e-06,0.358695652173913
trv02__tu,float64,0.0008110648583322143,-6.0,12.0,18.0,4.574751480794066,1.524244183546209,0.0,-1.0,16,8.601040725927837e-05,0.48277641594632953,0.0312701586892014,0.07261966197909947,0.17398292693415904
trv01__tu,float64,0.0008110648583322143,-6.0,999.0,1005.0,370.2499731220651,165.6572001462177,1.0,-1.0,28,0.00015051821270373715,0.44393196576785793,0.0312701586892014,0.1648335698619533,0.0
agg910__tu,float64,0.0008110648583322143,-6.0,3815.0,3821.0,63.929553703507395,40.343958467724605,-1.0,-1.0,12055,0.06480346621941255,0.6154582204446738,0.0312701586892014,1.0751300907409796e-05,0.0158044123338924
agg819__tu,float64,0.0008110648583322143,-6.0,24891.0,24897.0,301.43036465283416,34.73673289468026,-1.0,-2.0,1527,0.00820861824280738,0.7815228142605255,0.0312701586892014,1.0751300907409796e-05,0.08123145400593472
agg909__tu,float64,0.0008110648583322143,-6.0,12.0,18.0,4.9363532431219985,2.0819087859631016,1.0,-1.0,15,8.063475680557348e-05,0.4822280996000516,0.0312701586892014,0.12453231841052767,0.0
agg908__tu,float64,0.0008110648583322143,-6.0,614685.0,614691.0,4998.619049745913,1518.9226013847676,0.0,-1.0,12869,0.06917924568872834,0.4822280996000516,0.0312701586892014,5.375650453704898e-06,0.09853567281641079
agg907__tu,float64,0.0008110648583322143,-6.0,614685.0,614691.0,4705.382332756705,1329.8669795295232,-1.0,-1.0,12170,0.06542166602158861,0.5293618027781362,0.0312701586892014,5.375650453704898e-06,0.10077731905560573
agg906__tu,float64,0.0008110648583322143,-6.0,5052.0,5058.0,62.82051217831823,42.25447313249903,-1.0,-1.0,15388,0.08272050918161097,0.5664591665591536,0.0312701586892014,1.0751300907409796e-05,0.015347482045327484
agg905__tu,float64,0.0008110648583322143,-6.0,1755.89,1761.89,59.87486517898015,37.71445705930417,-1.0,-1.0,13803,0.07420010321248871,0.6154582204446738,0.0312701586892014,1.0751300907409796e-05,0.0158044123338924
agg904__tu,float64,0.0008110648583322143,-6.0,3.0,9.0,1.5323678683673518,-0.5272222938975616,0.0,0.0,7,3.762955317593429e-05,0.32235625510686794,0.0312701586892014,0.0048757149615103424,0.48271728379133877
agg903__tu,float64,0.0008110648583322143,-6.0,3.0,9.0,1.5630314757036958,-0.4870339311056638,0.0,0.0,7,3.762955317593429e-05,0.32235625510686794,0.0312701586892014,0.004241388207973165,0.45014621769234076
agg902__tu,float64,0.0008110648583322143,-6.0,3.0,9.0,1.7928690854324865,0.6502494301810519,1.0,0.0,7,3.762955317593429e-05,0.11923192706317465,0.0312701586892014,0.12117253687696211,0.3245011396378962
agg901__tu,float64,0.0008110648583322143,-6.0,3.0,9.0,1.7001092443499066,0.48454500494559843,1.0,0.0,7,3.762955317593429e-05,0.11923192706317465,0.0312701586892014,0.07545262976820195,0.36275426826646023
agg824__tu,float64,0.0008110648583322143,-6.0,23704.0,23710.0,283.5612344604035,34.718504063991745,-1.0,-2.0,1498,0.008052724379649937,0.7813346664946459,0.0312701586892014,5.375650453704898e-06,0.0763826172966929
agg823__tu,float64,0.0008110648583322143,-6.0,35728.0,35734.0,323.09797857235844,34.56767943921214,-1.0,-2.0,1488,0.00799896787511289,0.7816195759686922,0.0312701586892014,1.0751300907409796e-05,0.07787167247236916
agg822__tu,float64,0.0008110648583322143,-6.0,27117.0,27123.0,274.0821185824628,33.7737227454522,-1.0,-2.0,1468,0.00789145486603879,0.7809261170601642,0.0312701586892014,1.0751300907409796e-05,0.07963488582118436
agg821__tu,float64,0.0008110648583322143,-6.0,25179.0,25185.0,298.51019427126386,34.78218401926633,-1.0,-2.0,1485,0.007982840923751774,0.7817969724336645,0.0312701586892014,1.0751300907409796e-05,0.07830710015911925
trv14__tu,float64,0.0008110648583322143,-6.0,12.0,18.0,3.607737141190986,0.6573184105276738,-1.0,-2.0,16,8.601040725927837e-05,0.5163849825828926,0.0312701586892014,0.010563153141530125,0.1478303874768847
trv15__tu,float64,0.0008110648583322143,-6.0,4.0,10.0,1.154566193184836,-1.3668290113103685,-1.0,-2.0,7,3.762955317593429e-05,0.7795123209908399,0.0312701586892014,1.6126951361114695e-05,0.21245108158087128
trv16__tu,float64,0.0008110648583322143,-6.0,5.0,11.0,1.1947038233800429,-1.3138197221863845,-1.0,-2.0,9,4.838085408334408e-05,0.761385627660947,0.0312701586892014,1.6126951361114695e-05,0.21714940007740938
trv17__tu,float64,0.0008110648583322143,-6.0,8.0,14.0,1.1636407464119434,-1.494446953081323,-2.0,-2.0,12,6.450780544445878e-05,0.8615071173612007,0.0312701586892014,1.0751300907409796e-05,0.1023953898421709
walshr01__tu,float64,0.0008110648583322143,-6.0,3.0,9.0,1.0541015152237176,-1.5840536704941297,-2.0,-2.0,7,3.762955317593429e-05,0.8856545391992431,0.0312701586892014,5.375650453704898e-06,0.11103406012127467
rvlr33__tu,float64,0.0008110648583322143,-6.0,12508.0,12514.0,209.02420110495078,15.695829570378017,0.0,0.0,1284,0.006902335182557089,0.34015503375908485,0.0312701586892014,1.0751300907409796e-05,0.6442985851288006
rvlr32__tu,float64,0.0008110648583322143,-6.0,15496.0,15502.0,318.9220281640775,31.85128800584871,0.0,0.0,1881,0.010111598503418914,0.34015503375908485,0.0312701586892014,1.0751300907409796e-05,0.631741065668946
rvlr31__tu,float64,0.0008110648583322143,-6.0,24575.0,24581.0,486.69301404752275,64.87044682406571,0.0,0.0,2702,0.014525007525910636,0.34015503375908485,0.0312701586892014,5.375650453704898e-06,0.6061368425579495
rvlr30__tu,float64,0.0008110648583322143,-6.0,37524.0,37530.0,815.3178693586386,147.81947490646368,0.0,0.0,4004,0.021524104416634413,0.34015503375908485,0.0312701586892014,5.375650453704898e-06,0.5504397282071131
rvlr29__tu,float64,0.0008110648583322143,-6.0,577095.0,577101.0,2273.4883615578015,467.60710445963963,0.0,0.0,7030,0.037790822689545436,0.34015503375908485,0.0312701586892014,5.375650453704898e-06,0.41430675611749024
rvlr13__tu,float64,0.0008110648583322143,-6.0,16.0,22.0,1.3272871467134237,-0.37551068679310196,0.0,0.0,19,0.00010213735862039307,0.3748817356900185,0.0312701586892014,1.6126951361114695e-05,0.5324958069926461
rvlr12__tu,float64,0.0008110648583322143,-6.0,16.0,22.0,1.3008786449135936,-0.3927934030017632,0.0,0.0,19,0.00010213735862039307,0.3748817356900185,0.0312701586892014,5.375650453704898e-06,0.541989205693889
rvlr11__tu,float64,0.0008110648583322143,-6.0,14.0,20.0,1.2518607595285713,-0.4202522255192878,0.0,0.0,17,9.138605771298327e-05,0.3748817356900185,0.0312701586892014,5.375650453704898e-06,0.5545467251537436
rvlr10__tu,float64,0.0008110648583322143,-6.0,6.0,12.0,1.1322922718595443,-0.4560970627445921,0.0,0.0,9,4.838085408334408e-05,0.34015503375908485,0.0312701586892014,1.0751300907409796e-05,0.6254784328903797
rvlr09__tu,float64,0.0008110648583322143,-6.0,18.0,24.0,1.4286808575818037,-0.243624478561906,0.0,0.0,20,0.00010751300907409797,0.34015503375908485,0.0312701586892014,1.0751300907409796e-05,0.5112243581473358
rvlr08__tu,float64,0.0008110648583322143,-6.0,18.0,24.0,1.402435780494231,-0.26495505956220705,0.0,0.0,19,0.00010213735862039307,0.34015503375908485,0.0312701586892014,1.0751300907409796e-05,0.5224540919451254
rvlr07__tu,float64,0.0008110648583322143,-6.0,16.0,22.0,1.34456999199658,-0.3059766481744291,0.0,0.0,18,9.676170816668816e-05,0.34015503375908485,0.0312701586892014,1.0751300907409796e-05,0.5424407603320002
rvlr06__tu,float64,0.0008110648583322143,-6.0,100.0,106.0,23.101267207142612,4.466566303272695,-2.0,-2.0,3019,0.016229088719735087,0.8547983055949769,0.0312701586892014,0.043478260869565216,0.07463015524878511
rvlr05__tu,float64,0.0008110648583322143,-6.0,100.0,106.0,29.19334600386462,8.687509891196834,-1.0,-2.0,4433,0.023830258461273814,0.7765019567367651,0.0312701586892014,0.07201758912828453,0.10609383735431988
rvlr04__tu,float64,0.0008110648583322143,-6.0,39702.0,39708.0,830.6099139196422,135.61517868662108,0.0,0.0,4032,0.02167462262933815,0.42906829226336385,0.0312701586892014,5.375650453704898e-06,0.5003601685803982
rvlr03__tu,float64,0.0008110648583322143,-6.0,125078.0,125084.0,2231.5024827863854,388.0928159807337,0.0,0.0,6450,0.034672945426396595,0.4047434739603492,0.0312701586892014,1.0751300907409796e-05,0.4778523201307358
rvlr02__tu,float64,0.0008110648583322143,-6.0,745.33,751.33,23.082902819278623,4.277130639057327,-1.0,-2.0,5603,0.030119769492108546,0.8209532103384509,0.0312701586892014,5.375650453704898e-06,0.10857201221347783
rvlr01__tu,float64,0.0008110648583322143,-6.0,758.4,764.4,33.63767441692778,10.401515664645423,-1.0,-2.0,5109,0.027464198167978324,0.7555315443168623,0.0312701586892014,5.375650453704898e-06,0.12723627058874123
balmag02__tu,float64,0.0008110648583322143,-6.0,600.0,606.0,172.0536895067697,182.5438438051004,265.0,-1.0,580,0.003117877263148841,0.441926848148626,0.0312701586892014,0.0005644432976390143,0.00033329032812970367
balmag01__tu,float64,0.0008110648583322143,-6.0,600.0,606.0,133.20138880178337,226.20779039263752,254.0,-2.0,604,0.0032468928740377588,0.13889068077237346,0.0312701586892014,0.0008816066744076033,0.0022523975401023523
trv23__tu,float64,0.0008110648583322143,-6.0,4.0,10.0,1.0525099192935992,-1.2543220229647787,-1.0,-1.0,8,4.3005203629639184e-05,0.9473670064077754,0.0312701586892014,1.0751300907409796e-05,0.009036468412677934
trv22__tu,float64,0.0008110648583322143,-6.0,7.0,13.0,1.2176912904110906,-1.193931965767858,-1.0,-2.0,11,5.913215499075388e-05,0.6981142218208404,0.0312701586892014,1.0751300907409796e-05,0.29032812970369415
trv21__tu,float64,0.0008110648583322143,-6.0,6.0,12.0,1.083052613268472,-1.5342697716423688,-2.0,-2.0,9,4.838085408334408e-05,0.8615071173612007,0.0312701586892014,5.375650453704898e-06,0.13428374833354836
trv20__tu,float64,0.0008110648583322143,-6.0,3.0,9.0,1.1603954138537786,-1.334085924396852,-1.0,-2.0,7,3.762955317593429e-05,0.761385627660947,0.0312701586892014,9.138605771298327e-05,0.23458263449877434
trv19__tu,float64,0.0008110648583322143,-6.0,2.0,8.0,1.1432626181985608,-1.3735862039306757,-1.0,-2.0,6,3.225390272222939e-05,0.7795123209908399,0.0312701586892014,5.3756504537048986e-05,0.21890723777577087
trv18__tu,float64,0.0008110648583322143,-6.0,8.0,14.0,1.3526996689596202,-1.1136036210381457,-1.0,-2.0,12,6.450780544445878e-05,0.6981142218208404,0.0312701586892014,2.6878252268524493e-05,0.23567926719133014
agg820__tu,float64,0.0008110648583322143,-6.0,28836.0,28842.0,286.375115446599,33.72263793919064,-1.0,-2.0,1467,0.007886079215585085,0.7824635530899239,0.0312701586892014,1.0751300907409796e-05,0.08058637595149012
agg818__tu,float64,0.0008110648583322143,-6.0,30769.0,30775.0,296.1059289012547,33.20627445920957,-1.0,-2.0,1448,0.007783941856964693,0.782678579108072,0.0312701586892014,1.0751300907409796e-05,0.08005418655657334
agg605__tu,float64,0.0008110648583322143,-6.0,179050.0,179056.0,3786.524036760163,797.1591891368855,-1.0,-2.0,1800,0.009676170816668817,0.7762277985636262,0.0312701586892014,1.0751300907409796e-05,0.00014514256225003225
agg620__tu,float64,0.0008110648583322143,-6.0,178050.0,178056.0,4193.186648274238,919.5870317808455,-1.0,-2.0,2005,0.010778179159678321,0.7833989162688685,0.0312701586892014,1.0751300907409796e-05,0.00014514256225003225
agg709__tu,float64,0.0008110648583322143,-6.0,120576.0,120582.0,1450.1928634217031,230.82030275663357,-1.0,-2.0,5152,0.027695351137487636,0.6871317679439212,0.0312701586892014,5.375650453704898e-06,0.179557476454651
agg708__tu,float64,0.0008110648583322143,-6.0,120576.0,120582.0,1497.897111600555,244.56212639229346,-1.0,-2.0,5253,0.02823829183331183,0.6810089020771514,0.0312701586892014,5.375650453704898e-06,0.17971874596826215
agg707__tu,float64,0.0008110648583322143,-6.0,120576.0,120582.0,1540.0829706997938,256.6888089708855,-1.0,-2.0,5389,0.028969380295015695,0.6795144712510214,0.0312701586892014,5.375650453704898e-06,0.17640196963832624
agg706__tu,float64,0.0008110648583322143,-6.0,120576.0,120582.0,1573.1508877901854,269.3223616307573,-1.0,-2.0,5560,0.029888616522599235,0.6738485356728164,0.0312701586892014,5.375650453704898e-06,0.17765449619403947
agg705__tu,float64,0.0008110648583322143,-6.0,120576.0,120582.0,1647.1549273004428,289.78084548230333,-1.0,-2.0,5718,0.030737969294284608,0.6665860319098611,0.0312701586892014,5.375650453704898e-06,0.17337010278243667
agg704__tu,float64,0.0008110648583322143,-6.0,120576.0,120582.0,1734.4535774733051,312.46433255923966,-1.0,-2.0,5923,0.03183997763729411,0.6633606416376382,0.0312701586892014,5.375650453704898e-06,0.16828473745323183
agg703__tu,float64,0.0008110648583322143,-6.0,104228.0,104234.0,1778.6653353172915,328.81277684599837,-1.0,-2.0,6085,0.032710833010794305,0.6567432159291274,0.0312701586892014,5.375650453704898e-06,0.1680320818819077
agg702__tu,float64,0.0008110648583322143,-6.0,120576.0,120582.0,1869.0089950443823,355.8636788801445,-1.0,-1.0,6376,0.03427514729282243,0.6438792843934116,0.0312701586892014,5.375650453704898e-06,0.17039199243108416
agg701__tu,float64,0.0008110648583322143,-6.0,124629.0,124635.0,2061.544183047668,407.10294370618846,-1.0,-1.0,6784,0.03646841267793403,0.5493323442136498,0.0312701586892014,5.375650453704898e-06,0.25093536317894466
agg624__tu,float64,0.0008110648583322143,-6.0,178050.0,178056.0,4165.702190796595,906.8932825871931,-1.0,-2.0,2011,0.010810433062400551,0.7886616780630457,0.0312701586892014,1.0751300907409796e-05,0.00014514256225003225
agg623__tu,float64,0.0008110648583322143,-6.0,178050.0,178056.0,4184.310328969712,913.518175074184,-1.0,-2.0,2005,0.010778179159678321,0.7878230765922677,0.0312701586892014,1.0751300907409796e-05,0.00014514256225003225
agg622__tu,float64,0.0008110648583322143,-6.0,178050.0,178056.0,4174.639090026115,917.6019492108545,-1.0,-2.0,2012,0.010815808712854256,0.7862695136111469,0.0312701586892014,1.0751300907409796e-05,0.00014514256225003225
agg621__tu,float64,0.0008110648583322143,-6.0,178050.0,178056.0,4181.844067593139,918.3053584483722,-1.0,-2.0,2009,0.010799681761493141,0.7846944480282114,0.0312701586892014,1.0751300907409796e-05,0.00014514256225003225
agg619__tu,float64,0.0008110648583322143,-6.0,167150.0,167156.0,4171.472165116654,917.0496280049886,-1.0,-2.0,2033,0.010928697372382059,0.7822539027222294,0.0312701586892014,1.0751300907409796e-05,0.00014514256225003225
agg817__tu,float64,0.0008110648583322143,-6.0,20500.0,20506.0,263.5849869299027,31.911237259708425,-1.0,-2.0,1428,0.0076764288478905944,0.7820335010536275,0.0312701586892014,1.0751300907409796e-05,0.08387089837870382
agg618__tu,float64,0.0008110648583322143,-6.0,167150.0,167156.0,4175.944937127474,915.9440824839805,-1.0,-2.0,2007,0.010788930460585731,0.7812809099901088,0.0312701586892014,1.0751300907409796e-05,0.00014514256225003225
agg617__tu,float64,0.0008110648583322143,-6.0,178050.0,178056.0,4175.120430479625,915.5489614243323,-1.0,-2.0,2012,0.010815808712854256,0.7804906893734141,0.0312701586892014,1.0751300907409796e-05,0.00014514256225003225
agg616__tu,float64,0.0008110648583322143,-6.0,178050.0,178056.0,4189.860135625602,912.6367941770955,-1.0,-2.0,2020,0.010858813916483894,0.7808508579538124,0.0312701586892014,1.0751300907409796e-05,0.00014514256225003225
agg615__tu,float64,0.0008110648583322143,-6.0,178050.0,178056.0,4186.048570857357,909.7855814303531,-1.0,-2.0,2014,0.010826560013761664,0.7805229432761364,0.0312701586892014,1.0751300907409796e-05,0.00014514256225003225
agg614__tu,float64,0.0008110648583322143,-6.0,178050.0,178056.0,4184.645687337933,908.3982765664646,-1.0,-2.0,2017,0.01084268696512278,0.7799316217262289,0.0312701586892014,1.0751300907409796e-05,0.00014514256225003225
agg613__tu,float64,0.0008110648583322143,-6.0,178050.0,178056.0,4174.1014377334595,903.105368124543,-1.0,-2.0,1979,0.010638412247881994,0.7797542252612566,0.0312701586892014,1.0751300907409796e-05,0.00014514256225003225
agg612__tu,float64,0.0008110648583322143,-6.0,178050.0,178056.0,4122.054252450228,891.0959607362491,-1.0,-2.0,1975,0.010616909646067174,0.7797918548144326,0.0312701586892014,1.0751300907409796e-05,0.00014514256225003225
agg611__tu,float64,0.0008110648583322143,-6.0,178050.0,178056.0,4112.176337257467,881.9322936825356,-1.0,-2.0,1946,0.010461015782909732,0.7800660129875715,0.0312701586892014,1.0751300907409796e-05,0.00014514256225003225
agg610__tu,float64,0.0008110648583322143,-6.0,178050.0,178056.0,4107.70611606136,874.5203737152195,-1.0,-2.0,1963,0.010552401840622715,0.78009289123984,0.0312701586892014,1.0751300907409796e-05,0.00014514256225003225
agg609__tu,float64,0.0008110648583322143,-6.0,178050.0,178056.0,4023.874556842992,858.6463843375049,-1.0,-2.0,1910,0.010267492366576356,0.7804691867715994,0.0312701586892014,1.0751300907409796e-05,0.00014514256225003225
agg608__tu,float64,0.0008110648583322143,-6.0,178050.0,178056.0,3979.576851844311,844.5226314884101,-1.0,-2.0,1889,0.010154603707048553,0.7802434094525438,0.0312701586892014,1.0751300907409796e-05,0.00014514256225003225
agg607__tu,float64,0.0008110648583322143,-6.0,174350.0,174356.0,3929.9290705891844,828.1516686019008,-1.0,-2.0,1866,0.010030963746613341,0.779345675826775,0.0312701586892014,1.0751300907409796e-05,0.00014514256225003225
agg606__tu,float64,0.0008110648583322143,-6.0,179050.0,179056.0,3862.115590648272,812.3283071001591,-1.0,-2.0,1829,0.00983206467982626,0.7780286414656173,0.0312701586892014,1.0751300907409796e-05,0.00014514256225003225
agg710__tu,float64,0.0008110648583322143,-6.0,120576.0,120582.0,1429.5643225390215,220.85174493613727,-1.0,-2.0,4986,0.026802993162172623,0.6903356556143293,0.0312701586892014,5.375650453704898e-06,0.18191738700382745
agg711__tu,float64,0.0008110648583322143,-6.0,106975.0,106981.0,1363.596305169967,205.90815701199844,-1.0,-2.0,4814,0.02587838128413538,0.691835462090913,0.0312701586892014,5.375650453704898e-06,0.18584161183503203
agg712__tu,float64,0.0008110648583322143,-6.0,106648.0,106654.0,1325.5520956131556,194.21577860921172,-1.0,-2.0,4691,0.02521717627832968,0.6953242592353674,0.0312701586892014,5.375650453704898e-06,0.18706726013847674
agg713__tu,float64,0.0008110648583322143,-6.0,106283.0,106289.0,1324.0360067534596,186.60485206209952,-1.0,-2.0,4573,0.0245828495247925,0.698920569388896,0.0312701586892014,5.375650453704898e-06,0.18834666494645852
agg816__tu,float64,0.0008110648583322143,-6.0,40467.0,40473.0,305.51919749187226,32.88257966713972,-1.0,-2.0,1461,0.007853825312862857,0.7822324001204146,0.0312701586892014,1.0751300907409796e-05,0.08479013460628736
agg815__tu,float64,0.0008110648583322143,-6.0,24865.0,24871.0,268.0421828361466,31.35956113189696,-1.0,-2.0,1383,0.007434524577473874,0.7829581129316647,0.0312701586892014,1.0751300907409796e-05,0.0839461574850557
agg814__tu,float64,0.0008110648583322143,-6.0,45500.0,45506.0,316.78305699022894,31.89471788586419,-1.0,-2.0,1389,0.007466778480196104,0.7819904958499978,0.0312701586892014,1.0751300907409796e-05,0.08661785576054702
agg813__tu,float64,0.0008110648583322143,-6.0,20320.0,20326.0,248.90059474738786,30.618430955145573,-1.0,-2.0,1416,0.007611921042446136,0.7826517008558036,0.0312701586892014,1.0751300907409796e-05,0.08747795983313982
agg812__tu,float64,0.0008110648583322143,-6.0,41889.0,41895.0,271.2294184005993,29.777319055605727,-1.0,-2.0,1349,0.007251752462047908,0.7828344729712295,0.0312701586892014,5.375650453704898e-06,0.08780587451081581
agg811__tu,float64,0.0008110648583322143,-6.0,15070.0,15076.0,220.97283480191447,28.322587408076377,-1.0,-2.0,1334,0.0071711177052423344,0.7828505999225907,0.0312701586892014,5.375650453704898e-06,0.08952608265600137
agg810__tu,float64,0.0008110648583322143,-6.0,22370.0,22376.0,246.08982918854994,28.296816539801316,-1.0,-2.0,1341,0.007208747258418268,0.7834096675697759,0.0312701586892014,5.375650453704898e-06,0.09115490474347396
agg809__tu,float64,0.0008110648583322143,-6.0,64000.0,64006.0,280.5406373697518,27.36073839934632,-1.0,-2.0,1316,0.007074355997075646,0.7842482690405539,0.0312701586892014,5.375650453704898e-06,0.09265471122005763
agg808__tu,float64,0.0008110648583322143,-6.0,55236.0,55242.0,281.61157701519954,26.94246978884445,-1.0,-2.0,1259,0.006767943921214467,0.7832000172020814,0.0312701586892014,5.375650453704898e-06,0.09520276953511375
agg807__tu,float64,0.0008110648583322143,-6.0,51251.0,51257.0,286.47011940784205,27.828462994022278,-1.0,-2.0,1278,0.00687008127983486,0.7849417279490818,0.0312701586892014,5.375650453704898e-06,0.09468670709155808
agg806__tu,float64,0.0008110648583322143,-6.0,61679.0,61685.0,292.3089719195012,26.403071646669247,-1.0,-2.0,1267,0.006810949124844106,0.7814798090568958,0.0312701586892014,5.375650453704898e-06,0.09957854900442954
agg805__tu,float64,0.0008110648583322143,-6.0,22232.0,22238.0,231.817206375807,25.03179159678321,-1.0,-2.0,1255,0.006746441319399647,0.777980260611534,0.0312701586892014,1.0751300907409796e-05,0.10637874682836623
agg804__tu,float64,0.0008110648583322143,-6.0,30426.0,30432.0,236.93148991262154,24.89989463725111,-1.0,-2.0,1262,0.006784070872575582,0.7784963230550896,0.0312701586892014,5.375650453704898e-06,0.10686793101965338
agg803__tu,float64,0.0008110648583322143,-6.0,51792.0,51798.0,264.80141102733745,23.316287145744635,-1.0,-2.0,1188,0.006386272739001419,0.775539715305552,0.0312701586892014,5.375650453704898e-06,0.11099643056809874
agg802__tu,float64,0.0008110648583322143,-6.0,27498.0,27504.0,224.80220823615858,22.521905775598846,-1.0,-2.0,1184,0.006364770137186599,0.7715563583193566,0.0312701586892014,1.0751300907409796e-05,0.1172160581430353
agg801__tu,float64,0.0008110648583322143,-6.0,16623.0,16629.0,195.47219934322146,22.33570937083387,-1.0,-2.0,1189,0.006391648389455124,0.7467101019223326,0.0312701586892014,5.375650453704898e-06,0.14218595450049457
agg724__tu,float64,0.0008110648583322143,-6.0,103037.0,103043.0,909.5088959290873,104.07817808454823,-1.0,-2.0,3429,0.018433105405754095,0.728776932008773,0.0312701586892014,5.375650453704898e-06,0.19899045284479422
agg723__tu,float64,0.0008110648583322143,-6.0,103037.0,103043.0,927.9024845658606,108.19564679826259,-1.0,-2.0,3521,0.018927665247494948,0.7260944824323743,0.0312701586892014,5.375650453704898e-06,0.19900120414570163
agg722__tu,float64,0.0008110648583322143,-6.0,103037.0,103043.0,949.5577756482962,113.88139702403991,-1.0,-2.0,3625,0.019486732894680257,0.7237291962327441,0.0312701586892014,5.375650453704898e-06,0.19761966197909947
agg721__tu,float64,0.0008110648583322143,-6.0,103037.0,103043.0,952.7770430599709,119.05196103728551,-1.0,-2.0,3706,0.019922160581430353,0.720143637380123,0.0312701586892014,5.375650453704898e-06,0.19802283576312735
agg720__tu,float64,0.0008110648583322143,-6.0,103037.0,103043.0,991.8523165517369,124.74291489270202,-1.0,-2.0,3753,0.020174816152754484,0.7176170816668817,0.0312701586892014,5.375650453704898e-06,0.19737775770868274
agg719__tu,float64,0.0008110648583322143,-6.0,103037.0,103043.0,1032.1176580955998,132.71724078613514,-1.0,-2.0,3905,0.020991915021717628,0.7146282200146218,0.0312701586892014,5.375650453704898e-06,0.19702296477873824
agg718__tu,float64,0.0008110648583322143,-6.0,103037.0,103043.0,1064.0637323541403,138.969810347052,-1.0,-2.0,3973,0.02135745925256956,0.712327441620436,0.0312701586892014,5.375650453704898e-06,0.1959048294843676
agg717__tu,float64,0.0008110648583322143,-6.0,103037.0,103043.0,1124.9900652652707,148.32090482948436,-1.0,-2.0,4101,0.02204554251064379,0.7086236184578334,0.0312701586892014,5.375650453704898e-06,0.19517374102266374
agg716__tu,float64,0.0008110648583322143,-6.0,103037.0,103043.0,1162.4405386276947,158.4591611835032,-1.0,-2.0,4237,0.022776630972347653,0.7071345632821572,0.0312701586892014,5.375650453704898e-06,0.19302885649163548
agg715__tu,float64,0.0008110648583322143,-6.0,105927.0,105933.0,1229.9906313771098,165.71742355825054,-1.0,-2.0,4315,0.023195931707736636,0.7041349503289898,0.0312701586892014,5.375650453704898e-06,0.19226551412720938
agg714__tu,float64,0.0008110648583322143,-6.0,105927.0,105933.0,1262.2600794244215,174.67051025674107,-1.0,-2.0,4423,0.023776501956736765,0.700285984604137,0.0312701586892014,5.375650453704898e-06,0.191507547413237
fi32s__tu,float64,0.0008110648583322143,-4.0,216865.0,216869.0,7740.4074518536045,4317.307320560788,-1.0,-3.0,22864,0.12290887197350879,0.6309078398486216,0.031237904786479163,5.375650453704898e-06,0.00014514256225003225
fi09s__tu,float64,0.0008110648583322143,-5.0,59.0,64.0,2.203356289065211,0.5733722530426182,0.0,0.0,46,0.0002472799208704253,0.20300606373371177,0.00016664516406485183,5.375650453704898e-06,0.40948479766051693
fi34s__tu,float64,0.0008110648583322143,-5.0,516.0,521.0,40.94344409464493,26.774131294886683,-1.0,-3.0,206,0.001107383993463209,0.6309723476540662,6.450780544445878e-05,5.375650453704898e-06,0.0003279146776759988
pb01s__tu,float64,0.0008110648583322143,-4.0,14.0,18.0,0.8138767974648757,-0.055170300606373374,0.0,0.0,15,8.063475680557348e-05,0.031237904786479163,0.031237904786479163,5.375650453704898e-06,0.9251440674321593
pb30s__tu,float64,0.0008110648583322143,-4.0,100.0,104.0,7.060496959627808,-0.6634305250935363,-1.0,-1.0,13,6.988345589816368e-05,0.9918773921644519,0.031237904786479163,0.004789704554251064,0.0030909990108803167
pb29s__tu,float64,0.0008110648583322143,-4.0,7.0,11.0,0.6583799120649043,-1.1462284436416807,-1.0,-1.0,12,6.450780544445878e-05,0.9918773921644519,0.031237904786479163,1.0751300907409796e-05,0.0010751300907409797
pb28s__tu,float64,0.0008110648583322143,-4.0,126720.0,126724.0,2138.686712203193,160.80163849825828,-1.0,-1.0,312,0.0016772029415559283,0.9918773921644519,0.031237904786479163,1.0751300907409796e-05,0.00014514256225003225
pb27s__tu,float64,0.0008110648583322143,-6.0,5.0,11.0,0.6748707146256695,-1.1549047434739603,-1.0,-1.0,11,5.913215499075388e-05,0.9929578979056466,0.0012579022061669461,3.225390272222939e-05,0.001107383993463209
pb25s__tu,float64,0.0008110648583322143,-6.0,5.0,11.0,0.6636622433306656,-1.149426955661635,-1.0,-1.0,11,5.913215499075388e-05,0.9921623016384983,0.00046230593901862126,3.225390272222939e-05,0.00132778566206511
pb24s__tu,float64,0.0008110648583322143,-6.0,7.0,13.0,0.6589762040241034,-1.1469595321033845,-1.0,-1.0,12,6.450780544445878e-05,0.9918128843590074,0.00011288865952780286,1.0751300907409796e-05,0.0013815421666021589
pb21s__tu,float64,0.0008110648583322143,-4.0,999.0,1003.0,34.00078548697241,4.676724508665549,-1.0,-1.0,434,0.002333032296907926,0.9562368296563885,0.031237904786479163,0.00014514256225003225,0.0
pb20s__tu,float64,0.0008110648583322143,-4.0,650.0,654.0,37.75722896987688,5.78631789446523,-1.0,-1.0,464,0.002494301810519073,0.9562368296563885,0.031237904786479163,5.375650453704898e-06,0.00014514256225003225
pb12s__tu,float64,0.0008110648583322143,-4.0,7.0,11.0,0.663177607403771,-1.1406162645680127,-1.0,-1.0,11,5.913215499075388e-05,0.989689502429794,0.031237904786479163,2.1502601814819592e-05,0.002333032296907926
pb09s__tu,float64,0.0008110648583322143,-4.0,4.0,8.0,0.5780801529707464,-1.046397239065927,-1.0,-1.0,7,3.762955317593429e-05,0.9562368296563885,0.031237904786479163,1.0751300907409796e-05,0.04053778007138864
pb06s__tu,float64,0.0008110648583322143,-4.0,3.0,7.0,0.5687289937652105,-1.049638756289511,-1.0,-1.0,6,3.225390272222939e-05,0.9562368296563885,0.031237904786479163,1.0751300907409796e-05,0.043478260869565216
pb03s__tu,float64,0.0008110648583322143,-4.0,7.0,11.0,0.6574920949096335,-1.1461424332344214,-1.0,-1.0,11,5.913215499075388e-05,0.9916999956994796,0.031237904786479163,1.0751300907409796e-05,0.0013922934675095686
pb02s__tu,float64,0.0008110648583322143,-4.0,8.0,12.0,0.6046590524122146,-1.0378607061454437,-1.0,-1.0,11,5.913215499075388e-05,0.9562368296563885,0.031237904786479163,1.0751300907409796e-05,0.03359781533565562
of101s__tu,float64,0.0008110648583322143,-5.0,579642.0,579647.0,11040.408932763285,2244.520282329162,-1.0,-1.0,13969,0.07509246118780373,0.7736313593944867,0.0005321893949167849,1.0751300907409796e-05,0.05622392809529953
pb32s__tu,float64,0.0008110648583322143,-4.0,49319.0,49323.0,1186.478556364445,83.10731948565777,-1.0,-1.0,959,0.005155248785102998,0.9918773921644519,0.031237904786479163,1.0751300907409796e-05,0.0010751300907409797
of57s__tu,float64,0.0008110648583322143,-5.0,165996.0,166001.0,651.9943415463237,25.508579538124113,-1.0,-1.0,1700,0.009138605771298327,0.8935191158130134,2.6878252268524493e-05,1.0751300907409796e-05,0.0811992001032125
of36s__tu,float64,0.0008110648583322143,-4.0,999.0,1003.0,320.2072611495999,118.57831247580957,-1.0,-1.0,116,0.0006235754526297682,0.6628392035436288,0.031237904786479163,0.11669999569947964,0.04954199458134434
of35s__tu,float64,0.0008110648583322143,-5.0,364967.0,364972.0,5899.770710239292,1036.3317475164495,-1.0,-1.0,9463,0.050869780243409456,0.8935029888616522,1.0751300907409796e-05,1.0751300907409796e-05,0.0020911280264912053
of34s__tu,float64,0.0008110648583322143,-5.0,999.0,1004.0,24.78002727864887,6.251634197737927,-1.0,-1.0,171,0.0009192362275835377,0.8936320044725412,0.00013976691179632737,1.0751300907409796e-05,0.002166387132843074
of33s__tu,float64,0.0008110648583322143,-5.0,574677.0,574682.0,9594.525383818183,1628.3864662624178,-1.0,-1.0,10278,0.055250935363178946,0.8935029888616522,1.0751300907409796e-05,1.0751300907409796e-05,0.0020911280264912053
of32s__tu,float64,0.0008110648583322143,-5.0,573836.0,573841.0,7880.388130898024,1325.5123371177913,-1.0,-1.0,9966,0.05357373242162301,0.8935029888616522,1.0751300907409796e-05,1.0751300907409796e-05,0.0020911280264912053
of31s__tu,float64,0.0008110648583322143,-5.0,100.0,105.0,23.368362539082675,4.605481013202597,-1.0,-1.0,26,0.00013976691179632737,0.8936320044725412,0.00013976691179632737,0.05112243581473358,0.037581172321850945
of30s__tu,float64,0.0008110648583322143,-5.0,100.0,105.0,27.65194710225089,6.903055519717886,-1.0,-1.0,21,0.00011288865952780286,0.8936320044725412,0.00013976691179632737,0.07717821356384122,0.01806218552444846
of29s__tu,float64,0.0008110648583322143,-5.0,9.0,14.0,1.36182159766609,-1.2870274803251194,-1.0,-1.0,15,8.063475680557348e-05,0.8935029888616522,1.0751300907409796e-05,1.0751300907409796e-05,0.0020911280264912053
of28s__tu,float64,0.0008110648583322143,-5.0,605500.0,605505.0,11359.672932319912,2145.0607179718745,-1.0,-1.0,8709,0.04681653980131596,0.8936212531716338,0.00012901561088891756,1.0751300907409796e-05,0.00014514256225003225
of27s__tu,float64,0.0008110648583322143,-6.0,6.0,12.0,1.4865906925872532,-1.6705371349933342,-1.0,-1.0,13,6.988345589816368e-05,0.9408947232615147,0.047821786436158774,1.0751300907409796e-05,0.012089837870382316
of25s__tu,float64,0.0008110648583322143,-6.0,7.0,13.0,1.4077061497971721,-1.500274158173139,-1.0,-1.0,14,7.525910635186857e-05,0.9175375220401668,0.024631230378875844,4.3005203629639184e-05,0.01637423128198512
of24s__tu,float64,0.0008110648583322143,-6.0,7.0,13.0,1.3611877182664642,-1.4087590848492668,-1.0,-1.0,14,7.525910635186857e-05,0.9052917903066271,0.012460757751687954,6.450780544445878e-05,0.017771900399948394
pb31s__tu,float64,0.0008110648583322143,-4.0,100.0,104.0,6.612541271153635,-0.7229389756160496,-1.0,-1.0,12,6.450780544445878e-05,0.9918773921644519,0.031237904786479163,0.004176880402528706,0.0036715692598804457
pb33s__tu,float64,0.0008110648583322143,-4.0,107443.0,107447.0,1528.1428963295343,97.09773470089881,-1.0,-1.0,964,0.005182127037371522,0.9918773921644519,0.031237904786479163,1.0751300907409796e-05,0.0010751300907409797
lm10s__tu,float64,0.0008110648583322143,-4.0,47.0,51.0,1.0730050234369966,-0.998688341289296,-1.0,-1.0,37,0.00019889906678708123,0.9835397583107556,0.031237904786479163,5.375650453704898e-06,0.0012847804584354707
re27s__tu,float64,0.0008110648583322143,-6.0,29.0,35.0,2.4131046085300407,-2.198372253042618,-3.0,-3.0,31,0.00016664516406485183,0.8280544445877951,0.1416698920569389,5.375650453704898e-06,0.026410570679052166
rp01s__tu,float64,0.0008110648583322143,-4.0,12.0,16.0,0.8647507292437904,0.061217907366791384,0.0,0.0,9,4.838085408334408e-05,0.031237904786479163,0.031237904786479163,1.0751300907409796e-05,0.8105674536618931
re102s__tu,float64,0.0008110648583322143,-5.0,232200.0,232205.0,2083.1071367409577,457.9543876059003,-1.0,-3.0,3656,0.01965337805874511,0.6823528146905775,0.00012901561088891756,5.375650453704898e-06,0.00014514256225003225
re101s__tu,float64,0.0008110648583322143,-5.0,407032.0,407037.0,6948.33506642633,2076.0540360383607,0.0,-1.0,14917,0.08018857781791597,0.364178815636692,0.00046768158947232616,1.0751300907409796e-05,0.1670483378488797
re57s__tu,float64,0.0008110648583322143,-5.0,44822.0,44827.0,194.71484621293268,26.3937878983357,-1.0,-3.0,1483,0.007972089622844365,0.6822936825355868,6.988345589816368e-05,5.375650453704898e-06,0.22682019524362448
re36s__tu,float64,0.0008110648583322143,-4.0,999.0,1003.0,287.18647074339884,97.48080892788028,0.0,0.0,100,0.0005375650453704899,0.2403614587365071,0.031237904786479163,0.09191824710790006,0.3504171504752075
re35s__tu,float64,0.0008110648583322143,-5.0,247231.0,247236.0,1833.768451776007,318.9805616479594,-1.0,-3.0,4904,0.02636218982496882,0.6822345503805961,1.0751300907409796e-05,5.375650453704898e-06,0.030856233604266117
re34s__tu,float64,0.0008110648583322143,-5.0,976.0,981.0,44.022797756075335,22.73852298628134,-1.0,-3.0,328,0.0017632133488152066,0.682363565991485,0.00013976691179632737,5.375650453704898e-06,0.03140992560099772
re33s__tu,float64,0.0008110648583322143,-5.0,247231.0,247236.0,3952.0186805584053,870.2697340128155,-1.0,-3.0,9386,0.05045585515847417,0.6822345503805961,1.0751300907409796e-05,5.375650453704898e-06,0.030856233604266117
re32s__tu,float64,0.0008110648583322143,-5.0,247231.0,247236.0,2700.156195063024,530.5862630628307,-1.0,-3.0,7038,0.037833827893175076,0.6822345503805961,1.0751300907409796e-05,5.375650453704898e-06,0.030856233604266117
re31s__tu,float64,0.0008110648583322143,-5.0,100.0,105.0,38.64028617428119,18.47234765406614,-1.0,-3.0,92,0.0004945598417408506,0.682363565991485,0.00013976691179632737,0.1547488496108029,0.07977465273298069
re30s__tu,float64,0.0008110648583322143,-5.0,100.0,105.0,41.184090883573056,21.41514535758827,-1.0,-3.0,91,0.0004891841912871458,0.682363565991485,0.00013976691179632737,0.18798112071560658,0.05747107900055907
re29s__tu,float64,0.0008110648583322143,-5.0,31.0,36.0,2.5420435876343914,-0.9602416892443986,-1.0,-3.0,34,0.00018277211542596655,0.6822345503805961,1.0751300907409796e-05,5.375650453704898e-06,0.030856233604266117
re28s__tu,float64,0.0008110648583322143,-5.0,258359.0,258364.0,5179.16096367349,1233.0937835978154,-1.0,-3.0,4021,0.021615490474347396,0.6823528146905775,0.00012901561088891756,5.375650453704898e-06,0.00014514256225003225
re25s__tu,float64,0.0008110648583322143,-6.0,32.0,38.0,2.521429305552671,-1.7518062185524448,-3.0,-3.0,36,0.00019352341633337633,0.7718143895411345,0.0889992689115383,5.375650453704898e-06,0.035334150432202296
pb34s__tu,float64,0.0008110648583322143,-4.0,167.0,171.0,6.796914874652057,-0.6596568184750354,-1.0,-1.0,124,0.0006665806562594073,0.9918773921644519,0.031237904786479163,1.0751300907409796e-05,0.0012525265557132414
re24s__tu,float64,0.0008110648583322143,-6.0,33.0,39.0,2.5533534303624528,-1.4117156925988044,-2.0,-3.0,38,0.00020427471724078613,0.7293790048595881,0.04896679998279792,5.375650453704898e-06,0.04276867500967617
re21s__tu,float64,0.0008110648583322143,-5.0,999.0,1004.0,38.8176844196979,27.555417580527244,15.0,-1.0,397,0.0021341332301208446,0.24046359609512752,0.00010213735862039307,0.00014514256225003225,0.010127725454780028
re20s__tu,float64,0.0008110648583322143,-5.0,788.0,793.0,81.26070808543548,79.22814798090569,66.0,-1.0,604,0.0032468928740377588,0.24046359609512752,0.00010213735862039307,1.0751300907409796e-05,0.0012525265557132414
re12s__tu,float64,0.0008110648583322143,-4.0,35.0,39.0,2.751757653265921,-0.765411989850772,-1.0,-3.0,37,0.00019889906678708123,0.6425138691781705,0.031237904786479163,1.0751300907409796e-05,0.03985507246376811
re09s__tu,float64,0.0008110648583322143,-5.0,40.0,45.0,1.9712814921787254,0.5236206080935794,0.0,0.0,34,0.00018277211542596655,0.24046359609512752,0.00010213735862039307,5.375650453704898e-06,0.37979508020470476
re06s__tu,float64,0.0008110648583322143,-5.0,16.0,21.0,1.0437182360495434,-0.1439975487033931,0.0,0.0,19,0.00010213735862039307,0.24046359609512752,0.00010213735862039307,5.375650453704898e-06,0.6284672945426396
re03s__tu,float64,0.0008110648583322143,-4.0,35.0,39.0,2.5393522425725052,-0.9812981120715607,-1.0,-3.0,37,0.00019889906678708123,0.677444845826345,0.031237904786479163,5.375650453704898e-06,0.04496731604524148
re02s__tu,float64,0.0008110648583322143,-4.0,37.0,41.0,2.1666416280739265,0.5319206123940997,0.0,0.0,38,0.00020427471724078613,0.2403614587365071,0.031237904786479163,5.375650453704898e-06,0.40229755300391346
re01s__tu,float64,0.0008110648583322143,-4.0,80.0,84.0,5.664705759261887,4.183519330839031,2.0,0.0,65,0.0003494172794908184,0.031237904786479163,0.031237904786479163,1.0751300907409796e-05,0.20926869651227797
pb101s__tu,float64,0.0008110648583322143,-5.0,112104.0,112109.0,2646.74347009176,267.1712037156496,-1.0,-1.0,2158,0.01160065367909517,0.9729282243151421,8.063475680557348e-05,5.375650453704898e-06,0.010993205177826516
pb57s__tu,float64,0.0008110648583322143,-4.0,4059.0,4063.0,43.40582376535021,0.17685889992689116,-1.0,-1.0,193,0.0010375005375650454,0.9918773921644519,0.031237904786479163,5.375650453704898e-06,0.006692684814862598
pb36s__tu,float64,0.0008110648583322143,-4.0,999.0,1003.0,131.8897584389072,16.957360340601213,-1.0,-1.0,86,0.00046230593901862126,0.9562368296563885,0.031237904786479163,0.01770201694405023,0.011659785834085924
pb35s__tu,float64,0.0008110648583322143,-4.0,43936.0,43940.0,1122.9951104198503,78.9920225347267,-1.0,-1.0,957,0.005144497484195588,0.9918773921644519,0.031237904786479163,5.375650453704898e-06,0.0010751300907409797
of21s__tu,float64,0.0008110648583322143,-5.0,999.0,1004.0,38.57726676960682,17.732319485657765,-1.0,-1.0,343,0.00184384810562078,0.6628983356986196,5.913215499075388e-05,0.00014514256225003225,0.0002849094740463596
of20s__tu,float64,0.0008110648583322143,-5.0,474.0,479.0,51.16744402316739,27.676918032081883,-1.0,-1.0,407,0.0021878897346578937,0.6628983356986196,5.913215499075388e-05,5.375650453704898e-06,0.00024190427041672044
of12s__tu,float64,0.0008110648583322143,-4.0,9.0,13.0,1.3708227738358896,-1.2750182772115426,-1.0,-1.0,13,6.988345589816368e-05,0.8893637380122995,0.031237904786479163,1.0751300907409796e-05,0.004273642110695394
lm26s__tu,float64,0.0008110648583322143,-4.0,107.0,111.0,3.3450700490007277,-0.8399561346922978,-1.0,-1.0,95,0.0005106867931019654,0.989780888487507,0.031237904786479163,5.375650453704898e-06,0.0003762955317593429
lm39s__tu,float64,0.0008110648583322143,-4.0,358.0,362.0,12.800181625104612,0.11355524018406227,-1.0,-1.0,225,0.0012095213520836022,0.989780888487507,0.031237904786479163,1.0751300907409796e-05,0.00014514256225003225
lm38s__tu,float64,0.0008110648583322143,-4.0,361.0,365.0,9.311859330375759,-0.4174730142347224,-1.0,-1.0,201,0.0010805057411946845,0.993570722057369,0.031237904786479163,5.375650453704898e-06,0.00014514256225003225
lm37s__tu,float64,0.0008110648583322143,-4.0,361.0,365.0,15.747849242411025,0.784393411602804,-1.0,-1.0,249,0.0013385369629725196,0.9835397583107556,0.031237904786479163,5.375650453704898e-06,0.00014514256225003225
lm36s__tu,float64,0.0008110648583322143,-4.0,47.0,51.0,0.8192497015034893,-1.0453113576742785,-1.0,-1.0,32,0.00017202081451855674,0.989780888487507,0.031237904786479163,5.375650453704898e-06,0.0016288220874725841
lm35s__tu,float64,0.0008110648583322143,-4.0,47.0,51.0,0.8443226256015227,-1.0417849309766483,-1.0,-1.0,33,0.00017739646497226164,0.989780888487507,0.031237904786479163,5.375650453704898e-06,0.0013385369629725196
lm34s__tu,float64,0.0008110648583322143,-4.0,47.0,51.0,0.8935430951211324,-1.035667440760332,-1.0,-1.0,33,0.00017739646497226164,0.989780888487507,0.031237904786479163,5.375650453704898e-06,0.0008816066744076033
lm33s__tu,float64,0.0008110648583322143,-4.0,999.0,1003.0,33.6675503622423,0.18823377628693072,-1.0,-1.0,81,0.00043542768675009674,0.989780888487507,0.031237904786479163,0.0011288865952780286,0.0007848449662409151
lm32s__tu,float64,0.0008110648583322143,-4.0,2.0,6.0,0.5567009489357717,-1.075468756719563,-1.0,-1.0,5,2.6878252268524493e-05,0.989780888487507,0.031237904786479163,8.601040725927837e-05,0.0022792757923708767
lm31s__tu,float64,0.0008110648583322143,-4.0,2.0,6.0,0.5582047723383275,-1.0749365673246463,-1.0,-1.0,5,2.6878252268524493e-05,0.989780888487507,0.031237904786479163,8.601040725927837e-05,0.001747086397454092
lm30s__tu,float64,0.0008110648583322143,-4.0,2.0,6.0,0.5598593269524224,-1.0743559970756462,-1.0,-1.0,5,2.6878252268524493e-05,0.989780888487507,0.031237904786479163,9.676170816668816e-05,0.0011772674493613726
lm29s__tu,float64,0.0008110648583322143,-5.0,157.0,162.0,7.908286220328276,-0.4572958327957683,-1.0,-1.0,117,0.0006289511030834731,0.9928396335956651,0.003058745108158087,5.375650453704898e-06,0.00014514256225003225
lm28s__tu,float64,0.0008110648583322143,-4.0,1872000.0,1872004.0,18707.013382576224,1536.702973809831,-1.0,-1.0,1214,0.006526039650797746,0.989780888487507,0.031237904786479163,1.0751300907409796e-05,0.00014514256225003225
lm27s__tu,float64,0.0008110648583322143,-5.0,1956706.0,1956711.0,15174.472017904875,994.9971616565605,-1.0,-1.0,933,0.0050154818733066705,0.990399088289683,0.0006181998021760633,1.0751300907409796e-05,0.002521180062787597
lm25s__tu,float64,0.0008110648583322143,-4.0,2.0,6.0,0.7050429452945634,-0.11475401023523846,0.0,0.0,4,2.1502601814819592e-05,0.031237904786479163,0.031237904786479163,0.00012363996043521266,0.9586881262632778
of09s__tu,float64,0.0008110648583322143,-5.0,56.0,61.0,1.2393965669957077,-0.5622715348557176,-1.0,-1.0,36,0.00019352341633337633,0.6628983356986196,5.913215499075388e-05,5.375650453704898e-06,0.23564701328860793
lm24s__tu,float64,0.0008110648583322143,-4.0,32.0,36.0,0.744696364806715,-1.0622876618070787,-1.0,-1.0,31,0.00016664516406485183,0.993570722057369,0.031237904786479163,5.375650453704898e-06,0.00105362748892616
lm23s__tu,float64,0.0008110648583322143,-4.0,32.0,36.0,0.7614714706124279,-1.0602664172364855,-1.0,-1.0,31,0.00016664516406485183,0.993570722057369,0.031237904786479163,5.375650453704898e-06,0.0008654797230464886
lm22s__tu,float64,0.0008110648583322143,-4.0,33.0,37.0,0.7944587072940886,-1.0563583193566422,-1.0,-1.0,34,0.00018277211542596655,0.993570722057369,0.031237904786479163,5.375650453704898e-06,0.0005483163462778997
fi35s__tu,float64,0.0008110648583322143,-4.0,133444.0,133448.0,6804.169697487817,3795.55900313938,-1.0,-3.0,21262,0.11429707994667354,0.6309078398486216,0.031237904786479163,5.375650453704898e-06,0.00014514256225003225
lm20s__tu,float64,0.0008110648583322143,-4.0,2.0,6.0,0.5435383601055255,-1.0824140971057499,-1.0,-1.0,5,2.6878252268524493e-05,0.993570722057369,0.031237904786479163,2.1502601814819592e-05,0.0015804412333892401
lm19s__tu,float64,0.0008110648583322143,-4.0,2.0,6.0,0.5449916672903702,-1.0819141616135552,-1.0,-1.0,5,2.6878252268524493e-05,0.993570722057369,0.031237904786479163,2.1502601814819592e-05,0.0010805057411946845
lm18s__tu,float64,0.0008110648583322143,-4.0,2.0,6.0,0.5458958401968407,-1.0816023738872405,-1.0,-1.0,5,2.6878252268524493e-05,0.993570722057369,0.031237904786479163,2.1502601814819592e-05,0.0007687180148798005
lm17s__tu,float64,0.0008110648583322143,-5.0,181.0,186.0,6.433873698981474,-0.6574904313421924,-1.0,-1.0,100,0.0005375650453704899,0.9949200103212489,0.0013492882638799295,5.375650453704898e-06,0.00015589386315744205
lm16s__tu,float64,0.0008110648583322143,-4.0,792027.0,792031.0,14895.108206055886,1023.3036167376252,-1.0,-1.0,808,0.004343525566593558,0.993570722057369,0.031237904786479163,1.0751300907409796e-05,0.00014514256225003225
lm15s__tu,float64,0.0008110648583322143,-5.0,560040.0,560045.0,10935.930406041007,674.7924568872834,-1.0,-1.0,671,0.0036070614544359866,0.9939201393368597,0.0003494172794908184,1.0751300907409796e-05,0.001118135294370619
lm14s__tu,float64,0.0008110648583322143,-4.0,111.0,115.0,2.5629601177964654,-0.9487969294284608,-1.0,-1.0,93,0.0004999354921945556,0.993570722057369,0.031237904786479163,1.0751300907409796e-05,0.0003064120758611792
lm13s__tu,float64,0.0008110648583322143,-4.0,2.0,6.0,0.7015095874949271,-0.1186352298628134,0.0,0.0,4,2.1502601814819592e-05,0.031237904786479163,0.031237904786479163,3.225390272222939e-05,0.9624779598331398
lm12s__tu,float64,0.0008110648583322143,-4.0,47.0,51.0,0.9741647954229924,-1.0142400980518642,-1.0,-1.0,35,0.00018814776587967145,0.9835397583107556,0.031237904786479163,5.375650453704898e-06,0.002537307014148712
mt01s__tu,float64,0.0008110648583322143,-4.0,27.0,31.0,1.3121444455353684,0.3567012858555885,0.0,0.0,19,0.00010213735862039307,0.031237904786479163,0.031237904786479163,5.375650453704898e-06,0.7213155291790306
mt02s__tu,float64,0.0008110648583322143,-4.0,4.0,8.0,0.8408520744093041,-0.7704435986754398,-1.0,-1.0,7,3.762955317593429e-05,0.7524082914032598,0.031237904786479163,1.6126951361114695e-05,0.17378940351782565
mt03s__tu,float64,0.0008110648583322143,-4.0,4.0,8.0,1.0476792911494204,-1.3186900614974413,-1.0,-1.0,9,4.838085408334408e-05,0.9264664774437706,0.031237904786479163,5.375650453704898e-06,0.025270932782866726
mt06s__tu,float64,0.0008110648583322143,-5.0,3.0,8.0,0.7161277903339416,-0.843740592611706,-1.0,-1.0,7,3.762955317593429e-05,0.752440545305982,3.225390272222939e-05,5.375650453704898e-06,0.24521567109620265
of06s__tu,float64,0.0008110648583322143,-5.0,15.0,20.0,0.81275839448283,-0.7255031608824668,-1.0,-1.0,15,8.063475680557348e-05,0.6628983356986196,5.913215499075388e-05,5.375650453704898e-06,0.31252419042704166
of03s__tu,float64,0.0008110648583322143,-4.0,8.0,12.0,1.3075384787774205,-1.3137283361286716,-1.0,-1.0,13,6.988345589816368e-05,0.892761149099041,0.031237904786479163,3.225390272222939e-05,0.018003053369457706
of02s__tu,float64,0.0008110648583322143,-4.0,9.0,13.0,1.0653561104540583,-0.5889831419601772,-1.0,-1.0,12,6.450780544445878e-05,0.6628392035436288,0.031237904786479163,1.6126951361114695e-05,0.22666967703092075
of01s__tu,float64,0.0008110648583322143,-4.0,135.0,139.0,3.053017625913352,1.0033812841353804,0.0,0.0,75,0.00040317378402786737,0.031237904786479163,0.031237904786479163,1.0751300907409796e-05,0.6317464413193996
md106s__tu,float64,0.0008110648583322143,-4.0,63.0,67.0,0.5834132017356203,-1.0835053541478519,-1.0,-1.0,18,9.676170816668816e-05,0.9937803724250635,0.031237904786479163,5.375650453704898e-06,0.004268266460241689
md33s__tu,float64,0.0008110648583322143,-4.0,7301.0,7305.0,55.50660054337306,-0.06393798649636606,-1.0,-1.0,94,0.0005053111426482604,0.9991560228787684,0.031237904786479163,5.375650453704898e-06,0.00022577731905560572
md02s__tu,float64,0.0008110648583322143,-4.0,3.0,7.0,0.5322471436786774,-1.0864135810433062,-1.0,-1.0,6,3.225390272222939e-05,0.9937803724250635,0.031237904786479163,5.375650453704898e-06,0.005209005289640046
mt101s__tu,float64,0.0008110648583322143,-5.0,1956706.0,1956711.0,45946.29784844165,12330.521513353116,-1.0,-1.0,12331,0.0662871457446351,0.8588945512407001,0.0009353631789446523,1.0751300907409796e-05,0.04440287274760246
mt57s__tu,float64,0.0008110648583322143,-5.0,514222.0,514227.0,4117.444043729875,295.3563841224788,-1.0,-1.0,2920,0.015696899324818304,0.9272298198081967,2.6878252268524493e-05,5.375650453704898e-06,0.04813357416247366
mt47s__tu,float64,0.0008110648583322143,-4.0,4.0,8.0,0.9041373203179043,-0.7313303659742829,-1.0,-1.0,7,3.762955317593429e-05,0.7524082914032598,0.031237904786479163,4.3005203629639184e-05,0.14067539672300347
mt36s__tu,float64,0.0008110648583322143,-4.0,999.0,1003.0,239.9003806691967,64.04196232744162,-1.0,-1.0,114,0.0006128241517223584,0.7524082914032598,0.031237904786479163,0.061626456801272954,0.03639315357158216
mt35s__tu,float64,0.0008110648583322143,-4.0,1956706.0,1956710.0,39649.09734445189,9108.477427643746,-1.0,-1.0,9339,0.05020319958715005,0.9272029415559283,0.031237904786479163,1.0751300907409796e-05,0.00014514256225003225
mt34c__tu,float64,0.0008110648583322143,-5.0,999.0,1004.0,23.23928155788073,4.597680944394272,-1.0,-1.0,170,0.0009138605771298327,0.9327882423773276,3.225390272222939e-05,5.375650453704898e-06,0.00022577731905560572
mt34b__tu,float64,0.0008110648583322143,-4.0,999.0,1003.0,23.201112747262783,4.58409667569776,-1.0,-1.0,169,0.0009084849266761279,0.9330086440459295,0.031237904786479163,5.375650453704898e-06,0.00022577731905560572
mt34s__tu,float64,0.0008110648583322143,-4.0,999.0,1003.0,24.27890956531246,5.160393282587193,-1.0,-1.0,168,0.0009031092762224229,0.9272029415559283,0.031237904786479163,5.375650453704898e-06,0.00022577731905560572
mt33s__tu,float64,0.0008110648583322143,-4.0,1956706.0,1956710.0,40479.654082401576,9271.309728852191,-1.0,-1.0,9338,0.05019782393669634,0.9272029415559283,0.031237904786479163,1.0751300907409796e-05,0.00014514256225003225
mt32s__tu,float64,0.0008110648583322143,-4.0,1956706.0,1956710.0,39880.99052873227,9171.610356728164,-1.0,-1.0,9338,0.05019782393669634,0.9272029415559283,0.031237904786479163,1.0751300907409796e-05,0.00014514256225003225
mt31s__tu,float64,0.0008110648583322143,-4.0,100.0,104.0,24.802373615262045,5.014718530942244,-1.0,-1.0,9,4.838085408334408e-05,0.9272029415559283,0.031237904786479163,0.06366382832322712,0.008773061540446395
mt30s__tu,float64,0.0008110648583322143,-4.0,100.0,104.0,25.84391816195695,5.600487033931105,-1.0,-1.0,10,5.3756504537048986e-05,0.9272029415559283,0.031237904786479163,0.06959854642411732,0.0029942373027136283
mt29s__tu,float64,0.0008110648583322143,-4.0,4.0,8.0,1.090599426243233,-1.2949834429966025,-1.0,-1.0,9,4.838085408334408e-05,0.9272029415559283,0.031237904786479163,1.6126951361114695e-05,0.00014514256225003225
mt28s__tu,float64,0.0008110648583322143,-4.0,1872000.0,1872004.0,42760.048507299165,10053.314921730529,-1.0,-1.0,7167,0.038527286801703,0.9272029415559283,0.031237904786479163,1.0751300907409796e-05,0.00014514256225003225
mt25s__tu,float64,0.0008110648583322143,-6.0,4.0,10.0,1.0865942245517974,-1.3531963617597729,-1.0,-1.0,11,5.913215499075388e-05,0.9314658323657162,0.004999354921945556,5.375650453704898e-06,0.024598976476153615
mt24s__tu,float64,0.0008110648583322143,-6.0,4.0,10.0,1.0593660208063544,-1.329204833784888,-1.0,-1.0,11,5.913215499075388e-05,0.9279662839203544,0.0014998064765836666,5.375650453704898e-06,0.02520642497742227
mt21s__tu,float64,0.0008110648583322143,-5.0,999.0,1004.0,51.54930621309447,23.278184535328776,-1.0,-1.0,393,0.002112630628306025,0.752440545305982,3.225390272222939e-05,0.00014514256225003225,2.6878252268524493e-05
mt20s__tu,float64,0.0008110648583322143,-5.0,487.0,492.0,56.92863196893022,27.682567840708725,-1.0,-1.0,410,0.002204016686019008,0.752440545305982,3.225390272222939e-05,1.0751300907409796e-05,0.00016126951361114696
mt12s__tu,float64,0.0008110648583322143,-4.0,4.0,8.0,1.0912191371457398,-1.292682664602417,-1.0,-1.0,8,4.3005203629639184e-05,0.9260525523588354,0.031237904786479163,1.6126951361114695e-05,0.0012955317593428804
mt09s__tu,float64,0.0008110648583322143,-5.0,5.0,10.0,0.7652026844751209,-0.8207059304175806,-1.0,-1.0,9,4.838085408334408e-05,0.752440545305982,3.225390272222939e-05,1.6126951361114695e-05,0.22701909431041156
rp02s__tu,float64,0.0008110648583322143,-4.0,4.0,8.0,0.7551171798888291,-0.8897454091945125,-1.0,-1.0,7,3.762955317593429e-05,0.8416602158861223,0.031237904786479163,2.6878252268524493e-05,0.11550122564830345
rp03s__tu,float64,0.0008110648583322143,-4.0,5.0,9.0,0.8342007449111983,-0.8474282888229476,-1.0,-1.0,8,4.3005203629639184e-05,0.8416602158861223,0.031237904786479163,1.0751300907409796e-05,0.07776415946329505
rp04s__tu,float64,0.0008110648583322143,-5.0,999.0,1004.0,18.42643360344813,3.8192867586978023,-1.0,-1.0,97,0.0005214380940093751,0.8416655915365759,5.375650453704898e-06,0.00014514256225003225,0.0014675525738614373
g106s__tu,float64,0.0008110648583322143,0.0,999.0,999.0,108.69988430682919,248.93056272308948,251.0,242.0,701,0.0037683309680471336,0.0,0.00043542768675009674,1.0751300907409796e-05,0.00043542768675009674
st102s__tu,float64,0.0008110648583322143,-4.0,41.0,45.0,2.579290046808386,0.023857136713542337,-1.0,-1.0,39,0.00020965036769449104,0.5911764073452888,0.031237904786479163,5.375650453704898e-06,0.21441856964692727
g244b__tu,float64,0.0008110648583322143,-4.0,25.0,29.0,2.0125261976353355,-0.2117146174687137,0.0,-1.0,27,0.00014514256225003225,0.485190083000043,0.12198426009547156,5.375650453704898e-06,0.15295338235926548
g243b__tu,float64,0.0008110648583322143,-4.0,20.0,24.0,1.6753612178734358,-0.500709585859889,0.0,-1.0,21,0.00011288865952780286,0.485190083000043,0.12198426009547156,5.375650453704898e-06,0.2787328516750527
g242b__tu,float64,0.0008110648583322143,-4.0,13.0,17.0,1.5070614939747462,-0.6426267578376984,0.0,-1.0,16,8.601040725927837e-05,0.485190083000043,0.12198426009547156,1.6126951361114695e-05,0.35922246591837614
g244f__tu,float64,0.0008110648583322143,-4.0,74.0,78.0,3.8339827071183774,0.8754408033372038,0.0,-1.0,60,0.0003225390272222939,0.4104577903926375,0.12198426009547156,5.375650453704898e-06,0.15262546768158947
g243f__tu,float64,0.0008110648583322143,-4.0,68.0,72.0,2.9321997476864903,0.20798929170429623,0.0,-1.0,49,0.00026340687223154,0.4104577903926375,0.12198426009547156,5.375650453704898e-06,0.28137229604782177
g242f__tu,float64,0.0008110648583322143,-4.0,52.0,56.0,2.4174616978760026,-0.13240227067475163,0.0,0.0,41,0.00022040166860190082,0.4104577903926375,0.12198426009547156,5.375650453704898e-06,0.3668666408635445
g242s__tu,float64,0.0008110648583322143,-4.0,93.0,97.0,3.3920538270347604,0.9577581387347869,0.0,0.0,55,0.0002956607749537694,0.12198426009547156,0.12198426009547156,5.375650453704898e-06,0.4142153700597772
s204a__tu,float64,0.0008110648583322143,-5.0,265063.0,265068.0,4720.5725210284845,1544.7595632821572,200.0,-4.0,12361,0.06644841525824625,0.40020104932696854,0.00010213735862039307,1.0751300907409796e-05,0.049332344213649855
s204s__tu,float64,0.0008110648583322143,-5.0,265063.0,265068.0,5670.902909410659,2308.776550337591,660.0,-4.0,14845,0.07980153098524921,0.25675181696985333,8.601040725927837e-05,1.0751300907409796e-05,0.056175547241216185
s209a__tu,float64,0.0008110648583322143,-5.0,999.0,1004.0,20.0997439072198,10.002139508880575,5.0,-4.0,89,0.00047843289037973597,0.34030017632133486,0.0005644432976390143,0.00014514256225003225,0.00027415817313894983
s209s__tu,float64,0.0008110648583322143,-5.0,999.0,1004.0,19.25542060353605,10.290779684341805,5.0,-4.0,87,0.00046768158947232616,0.20474777448071216,0.0002902851245000645,0.00014514256225003225,0.000843977121231669
g099a__tu,float64,0.0008110648583322143,-4.0,65.0,69.0,3.7231372157885896,0.8304519846901475,-1.0,-1.0,48,0.0002580312217778351,0.6218283662323141,0.031237904786479163,5.375650453704898e-06,0.03271620866124801
s207a__tu,float64,0.0008110648583322143,-4.0,999.0,1003.0,97.48760292274552,13.622537952092204,-1.0,-1.0,86,0.00046230593901862126,0.6218283662323141,0.031237904786479163,0.009531028254418785,0.0804466090396938
st50s__tu,float64,0.0008110648583322143,-4.0,999.0,1003.0,53.858726383677,13.862351094482433,-1.0,-1.0,714,0.0038382144239452972,0.5911764073452888,0.031237904786479163,0.00016664516406485183,0.13798219584569732
s207s__tu,float64,0.0008110648583322143,-4.0,999.0,1003.0,26.844812416433985,9.35136326495506,-1.0,-4.0,124,0.0006665806562594073,0.5188577817915968,0.4065228142605255,0.00014514256225003225,0.06787296262847804
s208s__tu,float64,0.0008110648583322143,-4.0,109.0,113.0,2.2365684955081155,-1.4727078226465402,0.0,0.0,30,0.00016126951361114696,0.4065228142605255,0.4065228142605255,1.0751300907409796e-05,0.5064239022921774
s063a__tu,float64,0.0008110648583322143,-5.0,9999999.0,10000004.0,33827.656330741025,2129.929014535759,-4.0,-4.0,14484,0.07786092117146175,0.7348890465746355,0.32836623231411,5.375650453704898e-06,0.0009353631789446523
s063s__tu,float64,0.0008110648583322143,-5.0,1370641.0,1370646.0,5881.979573154099,305.8477615791511,-4.0,-4.0,5657,0.03041005461660861,0.9314120758611792,0.2357276480454135,5.375650453704898e-06,0.0002902851245000645
reap01__tu,float64,0.0008110648583322143,-4.0,45067.0,45071.0,321.87045932723373,74.67972949726916,0.0,-1.0,1771,0.009520276953511375,0.3637111340472197,0.031237904786479163,5.375650453704898e-06,0.174165699049585
mtap01__tu,float64,0.0008110648583322143,-4.0,28283.0,28287.0,303.1041155893269,70.22715348557175,-1.0,-1.0,2046,0.010998580828280221,0.9272029415559283,0.031237904786479163,5.375650453704898e-06,0.0004999354921945556
inap01__tu,float64,0.0008110648583322143,-4.0,42911.0,42915.0,421.99556400223537,262.6527974884961,72.0,-3.0,2316,0.012450006450780544,0.4219885606158345,0.031237904786479163,1.0751300907409796e-05,0.05183202167462263
hrap01__tu,float64,0.0008110648583322143,-4.0,45067.0,45071.0,137.83151173758856,1.033205392852535,-1.0,-1.0,353,0.001897604610157829,0.9932481830301466,0.031237904786479163,5.375650453704898e-06,0.002945856448630284
hiap01__tu,float64,0.0008110648583322143,-4.0,19044.0,19048.0,63.45391728397984,0.4729873564701329,-1.0,-1.0,409,0.0021986410355653036,0.9939147636864061,0.031237904786479163,5.375650453704898e-06,0.00022577731905560572
atap01__tu,float64,0.0008110648583322143,-4.0,577214.0,577218.0,2854.926458126574,524.4463026276179,195.0,-3.0,4511,0.024249559196662798,0.18114866898894766,0.031237904786479163,5.375650453704898e-06,0.11185115899023781
st101s__tu,float64,0.0008110648583322143,-5.0,615859.0,615864.0,27431.825182998127,10185.334978282372,-1.0,-1.0,32071,0.1724024857007698,0.6614576613770267,0.00044617898765750654,5.375650453704898e-06,0.052928654367178425
st99s__tu,float64,0.0008110648583322143,-5.0,508544.0,508549.0,18152.50457536201,4902.667112845655,-1.0,-1.0,21017,0.11298004558551585,0.6939050875155894,0.10272868017030061,1.0751300907409796e-05,0.12937577946931578
st60s__tu,float64,0.0008110648583322143,0.0,1.0,1.0,0.10557331231104303,0.011272739001419172,0.0,0.0,2,1.0751300907409796e-05,0.0,0.9887272609985809,0.011272739001419172,0.9887272609985809
st103s__tu,float64,0.0008110648583322143,-4.0,39.0,43.0,2.5455271820945455,-0.11239947533651572,-1.0,-1.0,40,0.00021502601814819594,0.5911764073452888,0.031237904786479163,1.0751300907409796e-05,0.2846568184750355
at01a__tu,float64,0.0008110648583322143,-4.0,24.0,28.0,1.0954936530254165,0.15666258117232185,0.0,0.0,21,0.00011288865952780286,0.031237904786479163,0.031237904786479163,1.0751300907409796e-05,0.799493613727261
us01s__tu,float64,0.0008110648583322143,-4.0,169.0,173.0,4.539486778858203,1.4766804283318282,0.0,0.0,102,0.0005483163462778997,0.031237904786479163,0.031237904786479163,5.375650453704898e-06,0.5909936352298628
us02s__tu,float64,0.0008110648583322143,-4.0,8.0,12.0,0.9890935694025609,-0.5800004300520363,-1.0,-1.0,11,5.913215499075388e-05,0.622086397454092,0.031237904786479163,5.375650453704898e-06,0.2739969036253387
se20s__tu,float64,0.0008110648583322143,-5.0,356.0,361.0,46.38022456586437,27.8167440760332,-1.0,-1.0,305,0.001639573388379994,0.612813400421451,5.3756504537048986e-05,5.375650453704898e-06,0.00043542768675009674
se12s__tu,float64,0.0008110648583322143,-4.0,7.0,11.0,1.329152064799546,-1.448501268653507,-1.0,-1.0,11,5.913215499075388e-05,0.901050402098654,0.031237904786479163,1.0751300907409796e-05,0.0007149615103427515
se09s__tu,float64,0.0008110648583322143,-5.0,25.0,30.0,1.4810068900869424,-0.3875897733625769,-1.0,-1.0,27,0.00014514256225003225,0.612813400421451,5.3756504537048986e-05,1.6126951361114695e-05,0.23638347740076548
se06s__tu,float64,0.0008110648583322143,-5.0,8.0,13.0,0.8783330631581613,-0.6430568098739947,-1.0,-1.0,12,6.450780544445878e-05,0.612813400421451,5.3756504537048986e-05,5.375650453704898e-06,0.33749946243495466
se03s__tu,float64,0.0008110648583322143,-4.0,6.0,10.0,1.2794951063759143,-1.47632025975143,-1.0,-1.0,11,5.913215499075388e-05,0.9012116716122651,0.031237904786479163,4.3005203629639184e-05,0.020540360383606418
se02s__tu,float64,0.0008110648583322143,-4.0,7.0,11.0,0.9654785189325903,-0.5827850169870554,-1.0,-1.0,10,5.3756504537048986e-05,0.612759643916914,0.031237904786479163,1.0751300907409796e-05,0.28843590074399
se01s__tu,float64,0.0008110648583322143,-4.0,116.0,120.0,3.901197142426361,1.3476648174429107,0.0,0.0,76,0.00040854943448157227,0.031237904786479163,0.031237904786479163,5.375650453704898e-06,0.5816668816926848
us101s__tu,float64,0.0008110648583322143,-5.0,148487.0,148492.0,2998.7465986031184,728.8599750569819,-1.0,-1.0,9549,0.05133208618242807,0.7750397798133574,0.00033866597858340857,5.375650453704898e-06,0.05631531415301252
us57s__tu,float64,0.0008110648583322143,-5.0,17584.0,17589.0,217.98656635237012,20.233899926891155,-1.0,-1.0,1615,0.00868167548273341,0.8966961252311529,1.6126951361114695e-05,5.375650453704898e-06,0.07574829054315572
us36s__tu,float64,0.0008110648583322143,-4.0,999.0,1003.0,359.78331005800885,156.31080398228187,-1.0,-1.0,96,0.0005160624435556702,0.622086397454092,0.031237904786479163,0.15404463940136756,0.025786995226422398
us35s__tu,float64,0.0008110648583322143,-4.0,102603.0,102607.0,1735.4650721700152,345.67820818819075,-1.0,-1.0,6512,0.0350062357545263,0.8966799982797918,0.031237904786479163,5.375650453704898e-06,0.00014514256225003225
us34s__tu,float64,0.0008110648583322143,-5.0,999.0,1004.0,26.340846636647793,6.638729411258763,-1.0,-1.0,212,0.0011396378961854383,0.8967660086870511,8.601040725927837e-05,1.0751300907409796e-05,0.0002472799208704253
us33s__tu,float64,0.0008110648583322143,-4.0,102603.0,102607.0,2289.392571953146,445.62443555670234,-1.0,-1.0,7224,0.03883369887756419,0.8966799982797918,0.031237904786479163,5.375650453704898e-06,0.00014514256225003225
us32s__tu,float64,0.0008110648583322143,-4.0,102603.0,102607.0,1923.481368898885,385.80428869393194,-1.0,-1.0,6816,0.036640433492452586,0.8966799982797918,0.031237904786479163,5.375650453704898e-06,0.00014514256225003225
us31s__tu,float64,0.0008110648583322143,-5.0,100.0,105.0,24.848992014262052,5.099804326323485,-1.0,-1.0,20,0.00010751300907409797,0.8967660086870511,8.601040725927837e-05,0.061088891755902465,0.03205500365544231
us30s__tu,float64,0.0008110648583322143,-5.0,100.0,105.0,28.430020746610438,7.156721713327313,-1.0,-1.0,17,9.138605771298327e-05,0.8967660086870511,8.601040725927837e-05,0.08386552272825012,0.013627273900141916
us29s__tu,float64,0.0008110648583322143,-4.0,8.0,12.0,1.3443551094010058,-1.4042811680213305,-1.0,-1.0,13,6.988345589816368e-05,0.8966799982797918,0.031237904786479163,5.375650453704898e-06,0.00014514256225003225
us28s__tu,float64,0.0008110648583322143,-5.0,102603.0,102608.0,2827.426125855831,566.0327000817099,-1.0,-1.0,6051,0.03252806089536834,0.8967660086870511,8.601040725927837e-05,5.375650453704898e-06,0.00014514256225003225
us27s__tu,float64,0.0008110648583322143,-6.0,3.0,9.0,1.5804366938770824,-2.046800412849955,-1.0,-1.0,10,5.3756504537048986e-05,0.9828785533049499,0.08661248011009332,2.1502601814819592e-05,0.00660667440760332
us25s__tu,float64,0.0008110648583322143,-6.0,4.0,10.0,1.5163815284852777,-1.8896970283404293,-1.0,-1.0,11,5.913215499075388e-05,0.9595536059863243,0.0633251623446437,1.6126951361114695e-05,0.014611017933169913
us24s__tu,float64,0.0008110648583322143,-6.0,6.0,12.0,1.428379147620615,-1.7087902636218983,-1.0,-1.0,13,6.988345589816368e-05,0.933309680471337,0.037113490732378615,1.0751300907409796e-05,0.02145422096073625
us21s__tu,float64,0.0008110648583322143,-5.0,999.0,1004.0,33.46155644846269,15.340069023351825,-1.0,-1.0,260,0.0013976691179632735,0.622140153958629,5.3756504537048986e-05,0.00014514256225003225,0.0003064120758611792
us20s__tu,float64,0.0008110648583322143,-5.0,468.0,473.0,43.04635378874464,25.519728637165098,-1.0,-1.0,311,0.0016718272911022234,0.622140153958629,5.3756504537048986e-05,5.375650453704898e-06,0.00022040166860190082
us12s__tu,float64,0.0008110648583322143,-4.0,8.0,12.0,1.3448003988265838,-1.402797488496108,-1.0,-1.0,12,6.450780544445878e-05,0.8959381585171806,0.031237904786479163,5.375650453704898e-06,0.0008869823248613082
us09s__tu,float64,0.0008110648583322143,-5.0,60.0,65.0,1.7821543159288347,-0.30677762009203113,-1.0,-1.0,44,0.00023652861996301553,0.622140153958629,5.3756504537048986e-05,5.375650453704898e-06,0.2136821055347697
us06s__tu,float64,0.0008110648583322143,-5.0,17.0,22.0,0.9362580063065816,-0.6293435255665936,-1.0,-1.0,18,9.676170816668816e-05,0.622140153958629,5.3756504537048986e-05,5.375650453704898e-06,0.3178998408807466
us03s__tu,float64,0.0008110648583322143,-4.0,8.0,12.0,1.2856589303241546,-1.4357018449232357,-1.0,-1.0,13,6.988345589816368e-05,0.8961370575839677,0.031237904786479163,5.375650453704898e-06,0.02287876833096805
st57s__tu,float64,0.0008110648583322143,-5.0,32883.0,32888.0,464.4877564487284,54.67101019223326,-1.0,-1.0,2708,0.014557261428632864,0.7578376983615017,8.063475680557348e-05,5.375650453704898e-06,0.20210833010794307
st45s__tu,float64,0.0008110648583322143,-5.0,999.0,1004.0,43.58870886126791,16.282549563497184,-1.0,-1.0,381,0.002048122822861566,0.8054605857308734,1.0751300907409796e-05,1.0751300907409796e-05,0.00015051821270373715
rp05s__tu,float64,0.0008110648583322143,-5.0,424072.0,424077.0,5184.612552212487,1421.8813002623317,-1.0,-1.0,12567,0.06755579925170946,0.8438696082225949,0.002209392336472713,5.375650453704898e-06,0.01966412935965252
rt28s__tu,float64,0.0008110648583322143,-5.0,49460.0,49465.0,1912.8719310041326,470.0354900442954,-1.0,-3.0,4182,0.022480970197393885,0.8229583279576829,0.00015051821270373715,1.0751300907409796e-05,0.00014514256225003225
s043s__tu,float64,0.0008110648583322143,-5.0,26.0,31.0,2.461234402703576,-1.168300864404593,-2.0,-3.0,31,0.00016664516406485183,0.6732679654238163,0.01555175676256827,5.375650453704898e-06,0.06042231109964306
s004s__tu,float64,0.0008110648583322143,-5.0,555.0,560.0,34.12106191848994,68.18247645465101,67.0,-4.0,347,0.0018653507074355997,0.03125940738829398,2.1502601814819592e-05,5.375650453704898e-06,0.00027953382359265474
rt201s__tu,float64,0.0008110648583322143,-5.0,25340.0,25345.0,1123.2059542669772,400.9021900399948,0.0,-1.0,6025,0.032388293983572014,0.3802412591923623,0.0022577731905560573,5.375650453704898e-06,0.336983399991399
rt101s__tu,float64,0.0008110648583322143,-5.0,53985.0,53990.0,1805.0144545073642,541.693673934546,-1.0,-1.0,7717,0.0414838945512407,0.5417419257730185,0.00027953382359265474,5.375650453704898e-06,0.2082043177224444
rt57s__tu,float64,0.0008110648583322143,-5.0,38211.0,38216.0,162.122653776207,10.12775770868275,-1.0,-3.0,1042,0.005601427772760504,0.8228508149486088,4.3005203629639184e-05,1.0751300907409796e-05,0.13417623532447426
rt36s__tu,float64,0.0008110648583322143,-4.0,999.0,1003.0,368.02290206985936,169.21297789532534,0.0,-1.0,105,0.0005644432976390143,0.3779834860018062,0.031237904786479163,0.1641669892056939,0.17263363867027912
rt35s__tu,float64,0.0008110648583322143,-5.0,25340.0,25345.0,569.0969343581319,131.44366318324518,-1.0,-3.0,3594,0.019320087730615405,0.8228185610458866,1.0751300907409796e-05,5.375650453704898e-06,0.03473207758138735
rt34s__tu,float64,0.0008110648583322143,-5.0,999.0,1004.0,30.376334467636603,8.648857136713543,-1.0,-3.0,308,0.0016557003397411087,0.8229690792585903,0.00016126951361114696,5.375650453704898e-06,0.03492560099772073
rt33s__tu,float64,0.0008110648583322143,-5.0,50027.0,50032.0,1155.7372905302927,253.3353008213994,-1.0,-3.0,5464,0.029372554079043565,0.8228185610458866,1.0751300907409796e-05,5.375650453704898e-06,0.03473207758138735
rt32s__tu,float64,0.0008110648583322143,-5.0,25340.0,25345.0,770.6467329106994,183.4185803982282,-1.0,-3.0,4521,0.024303315701199844,0.8228185610458866,1.0751300907409796e-05,5.375650453704898e-06,0.03473207758138735
rt31s__tu,float64,0.0008110648583322143,-5.0,100.0,105.0,25.660635000720184,5.895610243839505,-1.0,-3.0,69,0.000370919881305638,0.8229690792585903,0.00016126951361114696,0.05942781576570765,0.08237646755257386
rt30s__tu,float64,0.0008110648583322143,-5.0,100.0,105.0,29.41172908898845,8.282630198253988,-1.0,-3.0,73,0.00039242248312045756,0.8229690792585903,0.00016126951361114696,0.08254848836709242,0.05999225906334667
rt29s__tu,float64,0.0008110648583322143,-5.0,23.0,28.0,1.7589838151922368,-1.524357072205737,-1.0,-3.0,24,0.00012901561088891756,0.8228185610458866,1.0751300907409796e-05,5.375650453704898e-06,0.03473207758138735
rt27s__tu,float64,0.0008110648583322143,-6.0,17.0,23.0,1.853716014990458,-2.1425676256827075,-3.0,-3.0,24,0.00012901561088891756,0.9058293553519976,0.08316668816926848,5.375650453704898e-06,0.013283232271104804
st36s__tu,float64,0.0008110648583322143,-4.0,999.0,1003.0,300.3466770444407,104.89707779641337,-1.0,-1.0,117,0.0006289511030834731,0.5911764073452888,0.031237904786479163,0.10122887369371694,0.038484281598073364
rt25s__tu,float64,0.0008110648583322143,-6.0,19.0,25.0,1.8720816910164844,-1.8866974153872618,-2.0,-3.0,25,0.00013439126134262246,0.8714897002537307,0.05054724121618716,1.0751300907409796e-05,0.01985227712553219
rt24s__tu,float64,0.0008110648583322143,-6.0,21.0,27.0,1.8664986417408174,-1.6970337160796456,-1.0,-3.0,27,0.00014514256225003225,0.8461757622672343,0.02643744893132069,5.375650453704898e-06,0.024894637251107386
rt21s__tu,float64,0.0008110648583322143,-5.0,999.0,1004.0,44.196803059416844,28.786678063045628,13.0,-1.0,431,0.002316905345546811,0.37817163376768587,0.00018814776587967145,0.00014514256225003225,0.004580054186556573
rt20s__tu,float64,0.0008110648583322143,-5.0,788.0,793.0,73.22860661000963,58.91435513697157,38.0,-1.0,577,0.003101750311787726,0.37817163376768587,0.00018814776587967145,1.0751300907409796e-05,0.0012202726529910119
rt12s__tu,float64,0.0008110648583322143,-4.0,29.0,33.0,1.9536452790900178,-1.372322926074055,-1.0,-3.0,26,0.00013976691179632737,0.7894734012815551,0.031237904786479163,5.375650453704898e-06,0.033479551025674105
rt09s__tu,float64,0.0008110648583322143,-5.0,33.0,38.0,1.4796668261685384,-0.043354620909130004,0.0,0.0,28,0.00015051821270373715,0.37817163376768587,0.00018814776587967145,5.375650453704898e-06,0.3902345933857997
rt06s__tu,float64,0.0008110648583322143,-5.0,14.0,19.0,0.91571174876633,-0.393890035694319,0.0,0.0,17,9.138605771298327e-05,0.37817163376768587,0.00018814776587967145,1.0751300907409796e-05,0.5617447211112545
rt03s__tu,float64,0.0008110648583322143,-4.0,22.0,26.0,1.8427122764429682,-1.4835343826603018,-1.0,-3.0,26,0.00013976691179632737,0.8185126650324689,0.031237904786479163,1.0751300907409796e-05,0.026507332387218852
rt02s__tu,float64,0.0008110648583322143,-4.0,31.0,35.0,1.483726120009907,-0.07640411989850772,0.0,0.0,26,0.00013976691179632737,0.3779834860018062,0.031237904786479163,5.375650453704898e-06,0.4116350578419989
rt01s__tu,float64,0.0008110648583322143,-4.0,45.0,49.0,3.550122538102773,2.2081828151206295,1.0,0.0,45,0.00024190427041672044,0.031237904786479163,0.031237904786479163,5.375650453704898e-06,0.34689072377757707
rp08s__tu,float64,0.0008110648583322143,-4.0,6.0,10.0,0.691386495447365,-0.9207897905646584,-1.0,-1.0,7,3.762955317593429e-05,0.8416602158861223,0.031237904786479163,1.0751300907409796e-05,0.14415881821700427
rp07s__tu,float64,0.0008110648583322143,-5.0,368653.0,368658.0,3875.9179641178566,780.46196727304,-1.0,-1.0,8105,0.0435696469272782,0.9206446480024083,0.0013707908656947492,5.375650453704898e-06,0.006601298757149615
rp06s__tu,float64,0.0008110648583322143,-5.0,135353.0,135358.0,2891.3383527269366,448.81496473573304,-1.0,-1.0,4989,0.026819120113533736,0.957629123123898,0.0006128241517223584,1.0751300907409796e-05,0.003074872059519202
s061s__tu,float64,0.0008110648583322143,-4.0,999.0,1003.0,246.09694806206235,69.54144088934761,1.0,0.0,120,0.0006450780544445878,0.031237904786479163,0.031237904786479163,0.06537328516750526,0.45636584526727736
s062s__tu,float64,0.0008110648583322143,-4.0,999.0,1003.0,268.968612209292,83.73045413495034,1.0,0.0,122,0.0006558293553519976,0.031237904786479163,0.031237904786479163,0.0793446006966843,0.4411688814346536
s064a__tu,float64,0.0008110648583322143,-4.0,450042.0,450046.0,6395.21491259084,3160.3560938373544,1267.0,-4.0,17309,0.09304713370317809,0.2044574893562121,0.2044574893562121,5.375650453704898e-06,0.00016126951361114696
s064b__tu,float64,0.0008110648583322143,-4.0,265063.0,265067.0,4799.266027037057,1969.37997785232,537.0,-4.0,13745,0.07388831548617383,0.33973573302369586,0.2044574893562121,1.0751300907409796e-05,0.00017202081451855674
st35s__tu,float64,0.0008110648583322143,-4.0,549565.0,549569.0,14491.922604843789,3762.5307809744977,-1.0,-1.0,19083,0.10258353760805057,0.7577570636046962,0.031237904786479163,5.375650453704898e-06,0.00014514256225003225
st34s__tu,float64,0.0008110648583322143,-5.0,939.0,944.0,50.532471271380274,25.874983873048638,-1.0,-1.0,328,0.0017632133488152066,0.7577624392551499,5.375650453704898e-06,5.375650453704898e-06,0.00014514256225003225
st33s__tu,float64,0.0008110648583322143,-4.0,615859.0,615863.0,25042.364043550268,8580.933255923966,-1.0,-1.0,28141,0.15127617941770954,0.7577570636046962,0.031237904786479163,5.375650453704898e-06,0.00014514256225003225
st32s__tu,float64,0.0008110648583322143,-4.0,549565.0,549569.0,17394.971269005506,5021.713558465574,-1.0,-1.0,22056,0.11856534640691524,0.7577570636046962,0.031237904786479163,5.375650453704898e-06,0.00014514256225003225
st31s__tu,float64,0.0008110648583322143,-5.0,100.0,105.0,42.22080474773827,21.489495979013462,-1.0,-1.0,61,0.0003279146776759988,0.7577624392551499,5.375650453704898e-06,0.21665484023566853,0.011159850341891368
st30s__tu,float64,0.0008110648583322143,-5.0,100.0,105.0,42.895715197873216,22.28930675611749,-1.0,-1.0,48,0.0002580312217778351,0.7577624392551499,5.375650453704898e-06,0.22968004128499547,0.005343396550982669
st29s__tu,float64,0.0008110648583322143,-4.0,45.0,49.0,3.4463752483986583,-0.15529716595708082,-1.0,-1.0,45,0.00024190427041672044,0.7577570636046962,0.031237904786479163,5.375650453704898e-06,0.00014514256225003225
st28s__tu,float64,0.0008110648583322143,-5.0,549565.0,549570.0,21292.325960066377,7464.355153098525,-1.0,-1.0,24016,0.12910162129617683,0.7577624392551499,5.375650453704898e-06,5.375650453704898e-06,0.00014514256225003225
st27s__tu,float64,0.0008110648583322143,-6.0,45.0,51.0,3.1444614718981767,-0.6772728250118264,-1.0,-1.0,45,0.00024190427041672044,0.7945265127080376,0.03851115985034189,5.375650453704898e-06,0.029781103513525135
st25s__tu,float64,0.0008110648583322143,-6.0,45.0,51.0,3.237523305717832,-0.4612523115296951,-1.0,-1.0,46,0.0002472799208704253,0.7740775383821442,0.018255708940781833,5.375650453704898e-06,0.031743215929127426
st24s__tu,float64,0.0008110648583322143,-6.0,45.0,51.0,3.275259702477439,-0.3544918935191158,-1.0,-1.0,47,0.0002526555713241302,0.7639498129273642,0.008235496495075904,5.375650453704898e-06,0.032237775770868275
st21s__tu,float64,0.0008110648583322143,-5.0,999.0,1004.0,50.245652623613,26.058315056121792,-1.0,-1.0,413,0.002220143637380123,0.5911871586461962,1.0751300907409796e-05,0.00015589386315744205,0.00013439126134262246
st20s__tu,float64,0.0008110648583322143,-5.0,999.0,1004.0,71.82484535513771,47.814819593170775,-1.0,-1.0,451,0.0024244183546209093,0.5911871586461962,1.0751300907409796e-05,1.0751300907409796e-05,0.00016126951361114696
st12s__tu,float64,0.0008110648583322143,-4.0,45.0,49.0,3.4441331827687556,-0.14620156538941212,-1.0,-1.0,44,0.00023652861996301553,0.7532092633208618,0.031237904786479163,5.375650453704898e-06,0.0046929428460843765
st09s__tu,float64,0.0008110648583322143,-5.0,23.0,28.0,1.411228988687451,-0.41138777792112846,-1.0,-1.0,26,0.00013976691179632737,0.5911871586461962,1.0751300907409796e-05,5.375650453704898e-06,0.3016116200060207
st06s__tu,float64,0.0008110648583322143,-5.0,17.0,22.0,0.8844649369081958,-0.631612050058057,-1.0,-1.0,18,9.676170816668816e-05,0.5911871586461962,1.0751300907409796e-05,5.375650453704898e-06,0.37729540274373197
st05s__tu,float64,0.0008110648583322143,-4.0,9.0,13.0,0.5835348983938965,-1.063739087429579,-1.0,-1.0,12,6.450780544445878e-05,0.980507891454866,0.031237904786479163,5.375650453704898e-06,0.012487636003956479
st03s__tu,float64,0.0008110648583322143,-4.0,45.0,49.0,3.2929406057250077,-0.2697340128155507,-1.0,-1.0,44,0.00023652861996301553,0.7556175547241216,0.031237904786479163,5.375650453704898e-06,0.03209800885907195
st02s__tu,float64,0.0008110648583322143,-4.0,45.0,49.0,3.2293409725238313,0.3557551713757365,-1.0,-1.0,43,0.00023115296950931063,0.5911764073452888,0.031237904786479163,5.375650453704898e-06,0.16217799853782308
st01s__tu,float64,0.0008110648583322143,-4.0,103.0,107.0,7.055427663781968,3.376440674321593,0.0,0.0,85,0.00045693028856491635,0.031237904786479163,0.031237904786479163,5.375650453704898e-06,0.5600836451210597
s114s__tu,float64,0.0008110648583322143,-4.0,43.0,47.0,2.1380516864212527,0.23514170214595967,0.0,0.0,32,0.00017202081451855674,0.22754590805487465,0.12198426009547156,5.375650453704898e-06,0.3323442136498516
s073b__tu,float64,0.0008110648583322143,-5.0,89.0,94.0,3.1840829642893707,0.5873489442222509,1.0,1.0,48,0.0002580312217778351,0.33983249473186256,9.676170816668816e-05,5.375650453704898e-06,0.09364920655399303
s073a__tu,float64,0.0008110648583322143,-5.0,99.0,104.0,5.071853480136838,2.2378241517223585,2.0,-4.0,78,0.0004193007353889821,0.20452199716165656,6.450780544445878e-05,5.375650453704898e-06,0.10114286328645766
s071b__tu,float64,0.0008110648583322143,-5.0,94.0,99.0,2.9719506842652503,0.44486195329634887,1.0,1.0,46,0.0002472799208704253,0.3397733625768718,3.762955317593429e-05,5.375650453704898e-06,0.08371500451554638
s071a__tu,float64,0.0008110648583322143,-5.0,210.0,215.0,4.6405521660473665,2.002273900141917,2.0,-4.0,70,0.0003762955317593429,0.20448436760848063,2.6878252268524493e-05,5.375650453704898e-06,0.07488281082010924
s068b__tu,float64,0.0008110648583322143,-4.0,160.0,164.0,3.5142657350684003,1.1659033243022405,1.0,1.0,52,0.00027953382359265474,0.2044574893562121,0.2044574893562121,5.375650453704898e-06,0.1354233862297338
s068a__tu,float64,0.0008110648583322143,0.0,243.0,243.0,5.451916696217112,4.2553218939491675,3.0,0.0,86,0.00046230593901862126,0.0,0.20460263191846215,5.375650453704898e-06,0.20460263191846215
lm11s__tu,float64,0.0008110648583322143,-4.0,47.0,51.0,1.0076362260488059,-1.0087139293854557,-1.0,-1.0,35,0.00018814776587967145,0.9835397583107556,0.031237904786479163,5.375650453704898e-06,0.002058874123768976
lm21s__tu,float64,0.0008110648583322143,-4.0,999.0,1003.0,27.481242425835546,-0.256138992818131,-1.0,-1.0,71,0.0003816711822130478,0.993570722057369,0.031237904786479163,0.0007525910635186858,0.0008224745194168494
lm09s__tu,float64,0.0008110648583322143,-4.0,999.0,1003.0,41.604424692504686,0.8686997376682578,-1.0,-1.0,81,0.00043542768675009674,0.9835397583107556,0.031237904786479163,0.0017255837956392723,0.0016073194856577645
g217s__tu,float64,0.0008110648583322143,-5.0,2125588.0,2125593.0,12050.172941094334,3926.499075388122,313.0,0.0,21533,0.11575388121962757,0.08487076936309293,0.0013815421666021589,5.375650453704898e-06,0.3491377456672257
lm08s__tu,float64,0.0008110648583322143,-4.0,2.0,6.0,0.5765575861557442,-1.064357287231755,-1.0,-1.0,5,2.6878252268524493e-05,0.9835397583107556,0.031237904786479163,0.00013439126134262246,0.00369844751214897
g215a__tu,float64,0.0008110648583322143,-5.0,166.0,171.0,5.879333311104989,2.8325699909689073,2.0,-4.0,89,0.00047843289037973597,0.20452199716165656,6.450780544445878e-05,5.375650453704898e-06,0.07506020728508149
g213b__tu,float64,0.0008110648583322143,-5.0,261355.0,261360.0,3269.1049370182022,1038.559099901088,222.0,-4.0,9600,0.05160624435556702,0.37231755042360126,9.138605771298327e-05,1.0751300907409796e-05,0.05851395518857782
g213a__tu,float64,0.0008110648583322143,-5.0,261355.0,261360.0,3845.7099478828945,1371.0045047950803,497.0,-4.0,10718,0.0576162215628091,0.23219584569732937,7.525910635186857e-05,1.0751300907409796e-05,0.06379821958456973
g212s__tu,float64,0.0008110648583322143,-5.0,19.0,24.0,1.2037164701463101,-0.17605792800928913,0.0,0.0,21,0.00011288865952780286,0.3545940308777362,0.00010213735862039307,1.0751300907409796e-05,0.47129940222766953
g211s__tu,float64,0.0008110648583322143,-5.0,1726740.0,1726745.0,8374.509857424575,2664.3728013589644,0.0,-1.0,17490,0.09402012643529867,0.35537350019352343,0.0008816066744076033,5.375650453704898e-06,0.15436717842858985
g210s__tu,float64,0.0008110648583322143,-5.0,2111755.0,2111760.0,7882.953571662342,2179.4482271104803,-1.0,-1.0,16773,0.09016578505999226,0.5355169225476283,0.0021932653851115987,5.375650453704898e-06,0.09364920655399303
g209s__tu,float64,0.0008110648583322143,-5.0,999.0,1004.0,37.43486199946899,30.504881090611963,22.0,-1.0,337,0.0018115942028985507,0.3545940308777362,0.00010213735862039307,0.00014514256225003225,0.0
g208s__tu,float64,0.0008110648583322143,-5.0,100.0,105.0,47.05486923938164,51.055186427557736,56.0,100.0,103,0.0005536919967316045,0.22972842213907882,0.19849051735259968,0.4182471079000559,0.11178127553433966
g207s__tu,float64,0.0008110648583322143,-5.0,1000149.0,1000154.0,5379.197252413235,1829.066550552617,989.0,0.0,10408,0.05594976992216058,0.06076635272868017,0.029528447942201008,5.375650453704898e-06,0.03546854169354492
g206s__tu,float64,0.0008110648583322143,-5.0,531397.0,531402.0,2055.4204218242917,245.7442641809659,-1.0,-1.0,3165,0.017013933685976004,0.6671450995570464,0.06390035694319013,1.0751300907409796e-05,0.023754999354921945
g205s__tu,float64,0.0008110648583322143,-5.0,231352.0,231357.0,1612.0071428388003,423.5659646067174,147.0,-5.0,4078,0.021921902550208577,0.2696426267578377,0.1399335569603922,5.375650453704898e-06,0.07130262761794177
g202b__tu,float64,0.0008110648583322143,-5.0,351896.0,351901.0,1825.8756992188778,175.7268578247968,-1.0,0.0,4195,0.022550853653292048,0.643363221949856,0.2518814776587967,5.375650453704898e-06,0.26358964434696597
g202a__tu,float64,0.0008110648583322143,-5.0,241983.0,241988.0,2513.3224031321092,413.4060497570206,-2.0,-3.0,6155,0.03308712854255365,0.6732679654238163,0.01555175676256827,5.375650453704898e-06,0.09720251150389198
g201b__tu,float64,0.0008110648583322143,-5.0,351896.0,351901.0,1764.1563523714262,161.60443276136414,-2.0,0.0,4041,0.021723003483421495,0.6799982797918548,0.2194071732679654,5.375650453704898e-06,0.2334161183503204
g201a__tu,float64,0.0008110648583322143,-5.0,241983.0,241988.0,2469.8192728656545,396.23096482174344,-2.0,-3.0,5990,0.03220014621769234,0.6785522298198082,0.01508945082354965,5.375650453704898e-06,0.0970143637380123
g200s__tu,float64,0.0008110648583322143,-5.0,100.0,105.0,44.4936632349146,74.18326129961726,100.0,100.0,103,0.0005536919967316045,0.22972842213907882,0.19849051735259968,0.7114619618973896,0.008133359136455512
g199s__tu,float64,0.0008110648583322143,-5.0,531993.0,531998.0,2686.1052500705982,690.9845987614501,398.0,-5.0,5013,0.026948135724422655,0.18237431729239237,0.09607362490861394,1.0751300907409796e-05,0.05547671268223455
g105s__tu,float64,0.0008110648583322143,-4.0,999.0,1003.0,13.385587954221293,1.164511030834731,-1.0,-1.0,28,0.00015051821270373715,0.795886552272825,0.12198426009547156,0.00014514256225003225,0.010353502773835633
g102s__tu,float64,0.0008110648583322143,-4.0,999.0,1003.0,13.512834467863541,4.292559024641982,2.0,0.0,27,0.00014514256225003225,0.12198426009547156,0.12198426009547156,0.00014514256225003225,0.19541564529308048
g100s__tu,float64,0.0008110648583322143,-4.0,65.0,69.0,3.7790460958977516,1.722003612437105,0.0,0.0,51,0.00027415817313894983,0.031237904786479163,0.031237904786479163,5.375650453704898e-06,0.590735604008085
g099s__tu,float64,0.0008110648583322143,-4.0,6.0,10.0,2.2411396278049067,-1.4015503375908485,-1.0,-4.0,9,4.838085408334408e-05,0.5188577817915968,0.4065228142605255,1.6126951361114695e-05,0.15906012127467423
g095s__tu,float64,0.0008110648583322143,-4.0,999.0,1003.0,27.058552906963946,11.980040209865393,1.0,-4.0,124,0.0006665806562594073,0.4065228142605255,0.4065228142605255,0.00014514256225003225,0.06887283361286715
g216s__tu,float64,0.0008110648583322143,-5.0,68.0,73.0,4.232414095342183,2.058277426568615,1.0,-1.0,54,0.0002902851245000645,0.32139401367565473,2.1502601814819592e-05,5.375650453704898e-06,0.131230378875844
g218a__tu,float64,0.0008110648583322143,-4.0,16.0,20.0,1.0413966135126278,-0.05041284995484454,0.0,0.0,19,0.00010213735862039307,0.08348922719649078,0.031237904786479163,1.0751300907409796e-05,0.7875650453704899
g232s__tu,float64,0.0008110648583322143,0.0,173.0,173.0,8.665383048226342,7.008477400765493,4.0,1.0,124,0.0006665806562594073,0.0,0.12212940265772158,5.375650453704898e-06,0.12212940265772158
g218b__tu,float64,0.0008110648583322143,-4.0,67.0,71.0,3.9977995072411674,2.8164269126564316,2.0,1.0,51,0.00027415817313894983,0.08348922719649078,0.031237904786479163,5.375650453704898e-06,0.1431159420289855
g228s__tu,float64,0.0008110648583322143,-5.0,28.0,33.0,1.8753437417997958,-0.9682030275663355,-1.0,-1.0,27,0.00014514256225003225,0.6637691910721197,0.0007149615103427515,5.375650453704898e-06,0.1116092547198211
g227s__tu,float64,0.0008110648583322143,-5.0,22.0,27.0,1.4663964748878928,-1.8710488969165269,-3.0,-3.0,22,0.00011826430998150777,0.8733765535629812,0.00018277211542596655,5.375650453704898e-06,0.045569388896056426
g226s__tu,float64,0.0008110648583322143,-5.0,22.0,27.0,1.5357123281273968,-1.8277856620651098,-3.0,-3.0,22,0.00011826430998150777,0.8573463639100332,0.00018277211542596655,5.375650453704898e-06,0.04460177181438954
g225s__tu,float64,0.0008110648583322143,-5.0,2125588.0,2125593.0,12485.597039033171,4352.62666107599,428.0,0.0,22768,0.12239280952995313,0.1335526598718445,0.0024136670537134993,5.375650453704898e-06,0.290967832107685
g224c__tu,float64,0.0008110648583322143,-4.0,75.0,79.0,5.180959713953996,5.549004429535974,4.0,2.0,63,0.00033866597858340857,0.008622543327742658,0.008622543327742658,5.375650453704898e-06,0.08387089837870382
g224b__tu,float64,0.0008110648583322143,-4.0,73.0,77.0,4.508012598262068,4.279195157614072,3.0,1.0,55,0.0002956607749537694,0.008622543327742658,0.008622543327742658,5.375650453704898e-06,0.1307143164322883
g224a__tu,float64,0.0008110648583322143,-4.0,166.0,170.0,6.898102556432644,8.776512708037673,7.0,6.0,82,0.00044080333720380164,0.008622543327742658,0.008622543327742658,5.375650453704898e-06,0.03637165096976734
g223s__tu,float64,0.0008110648583322143,-4.0,50.0,54.0,2.005480773392596,0.1509052595364039,0.0,0.0,37,0.00019889906678708123,0.18457295832795767,0.031237904786479163,5.375650453704898e-06,0.6037500537565046
g222s__tu,float64,0.0008110648583322143,-4.0,51.0,55.0,2.1208870735525243,0.3952178213563841,0.0,0.0,38,0.00020427471724078613,0.1544316862340343,0.031237904786479163,5.375650453704898e-06,0.5275663355265987
g221d__tu,float64,0.0008110648583322143,-4.0,17.0,21.0,1.7926003950535794,-0.08064013245602718,0.0,-1.0,21,0.00011288865952780286,0.4771373586203931,0.031237904786479163,1.0751300907409796e-05,0.1918462133918204
g221c__tu,float64,0.0008110648583322143,-4.0,12.0,16.0,1.0244966585907695,-0.6553509224616179,0.0,0.0,15,8.063475680557348e-05,0.4771373586203931,0.031237904786479163,1.0751300907409796e-05,0.48643185825484886
g221b__tu,float64,0.0008110648583322143,-4.0,67.0,71.0,3.7971940103400317,2.4306971143508362,2.0,1.0,51,0.00027415817313894983,0.08348922719649078,0.031237904786479163,5.375650453704898e-06,0.19670042575151594
g221a__tu,float64,0.0008110648583322143,-4.0,41.0,45.0,1.294383113502323,-0.005144497484195588,0.0,0.0,30,0.00016126951361114696,0.08348922719649078,0.031237904786479163,5.375650453704898e-06,0.8029824108717155
g220d__tu,float64,0.0008110648583322143,-4.0,18.0,22.0,1.828562401084332,-0.05184277297553004,0.0,-1.0,22,0.00011826430998150777,0.4771373586203931,0.031237904786479163,5.375650453704898e-06,0.18223455038059605
g220c__tu,float64,0.0008110648583322143,-4.0,12.0,16.0,0.975412677467639,-0.6802831892659011,0.0,0.0,14,7.525910635186857e-05,0.4771373586203931,0.031237904786479163,5.375650453704898e-06,0.501548187330667
g220b__tu,float64,0.0008110648583322143,-4.0,67.0,71.0,3.861490865736704,2.529168279361803,2.0,1.0,51,0.00027415817313894983,0.08348922719649078,0.031237904786479163,5.375650453704898e-06,0.1846858469874855
g220a__tu,float64,0.0008110648583322143,-4.0,30.0,34.0,1.0132743982273096,-0.13098309895497356,0.0,0.0,27,0.00014514256225003225,0.08348922719649078,0.031237904786479163,5.375650453704898e-06,0.8565131380897089
g219d__tu,float64,0.0008110648583322143,-4.0,19.0,23.0,1.8714542826124465,-0.016229088719735087,0.0,-1.0,22,0.00011826430998150777,0.4771373586203931,0.031237904786479163,5.375650453704898e-06,0.17015008816066743
g219c__tu,float64,0.0008110648583322143,-4.0,10.0,14.0,0.9870287511947737,-0.6734668644906033,0.0,0.0,13,6.988345589816368e-05,0.4771373586203931,0.031237904786479163,5.375650453704898e-06,0.49696275749365676
g219b__tu,float64,0.0008110648583322143,-4.0,67.0,71.0,3.9194713181269796,2.6373854986453362,2.0,1.0,51,0.00027415817313894983,0.08348922719649078,0.031237904786479163,5.375650453704898e-06,0.16991893519115814
g219a__tu,float64,0.0008110648583322143,-4.0,22.0,26.0,0.9753710623126203,-0.12123704468240658,0.0,0.0,20,0.00010751300907409797,0.08348922719649078,0.031237904786479163,5.375650453704898e-06,0.8411118995398443
g218d__tu,float64,0.0008110648583322143,-4.0,19.0,23.0,1.9248720562591286,0.03024340945254376,0.0,-1.0,22,0.00011826430998150777,0.4771373586203931,0.031237904786479163,5.375650453704898e-06,0.15392099944093235
g218c__tu,float64,0.0008110648583322143,-4.0,12.0,16.0,1.0053513328498433,-0.6626080505741194,0.0,0.0,15,8.063475680557348e-05,0.4771373586203931,0.031237904786479163,5.375650453704898e-06,0.48886165225992345
g094s__tu,float64,0.0008110648583322143,-4.0,9.0,13.0,2.514079353165597,-1.0325388121962757,0.0,-4.0,11,5.913215499075388e-05,0.4065228142605255,0.4065228142605255,2.6878252268524493e-05,0.11248011009332129
g093s__tu,float64,0.0008110648583322143,0.0,114.0,114.0,1.5920999967646887,1.1333752634068723,1.0,0.0,39,0.00020965036769449104,0.0,0.40666795682277557,1.0751300907409796e-05,0.40666795682277557
g071s__tu,float64,0.0008110648583322143,-4.0,74.0,78.0,4.683900250595509,3.8785694319012602,3.0,1.0,60,0.0003225390272222939,0.031237904786479163,0.031237904786479163,5.375650453704898e-06,0.14656173396981034
g069s__tu,float64,0.0008110648583322143,-4.0,72.0,76.0,4.235077422609424,3.200237603750054,2.0,0.0,52,0.00027953382359265474,0.031237904786479163,0.031237904786479163,5.375650453704898e-06,0.19122263793919064
fr36s__tu,float64,0.0008110648583322143,-4.0,999.0,1003.0,270.5176771648687,80.2652453446867,-1.0,-1.0,92,0.0004945598417408506,0.8170827420117834,0.031237904786479163,0.07971552057798993,0.030275663355265988
fr35s__tu,float64,0.0008110648583322143,-4.0,181674.0,181678.0,687.5609605129865,37.769664129359654,-1.0,-1.0,1957,0.010520147937900485,0.965316303272696,0.031237904786479163,5.375650453704898e-06,0.008816066744076033
fr34s__tu,float64,0.0008110648583322143,-5.0,565.0,570.0,14.173433565076461,0.685003010364254,-1.0,-1.0,207,0.001112759643916914,0.9653216789231497,5.375650453704898e-06,5.375650453704898e-06,0.008848320646798262
fr33s__tu,float64,0.0008110648583322143,-4.0,181674.0,181678.0,790.325571857305,43.94171719778093,-1.0,-1.0,2071,0.011132972089622844,0.965316303272696,0.031237904786479163,5.375650453704898e-06,0.008816066744076033
fr32s__tu,float64,0.0008110648583322143,-4.0,181674.0,181678.0,769.6641910857327,41.08705865909775,-1.0,-1.0,2014,0.010826560013761664,0.965316303272696,0.031237904786479163,5.375650453704898e-06,0.008816066744076033
fr31s__tu,float64,0.0008110648583322143,-5.0,100.0,105.0,12.490523780002622,0.22199286113619748,-1.0,-1.0,14,7.525910635186857e-05,0.9653216789231497,5.375650453704898e-06,0.014955059562207027,0.018201952436244787
fr30s__tu,float64,0.0008110648583322143,-5.0,100.0,105.0,14.104216348348563,0.6566303272695996,-1.0,-1.0,14,7.525910635186857e-05,0.9653216789231497,5.375650453704898e-06,0.019244828624263535,0.013842299918290113
fr29s__tu,float64,0.0008110648583322143,-4.0,5.0,9.0,0.9392817483843188,-1.3203887670408119,-1.0,-1.0,10,5.3756504537048986e-05,0.965316303272696,0.031237904786479163,1.6126951361114695e-05,0.008816066744076033
fr28s__tu,float64,0.0008110648583322143,-5.0,150615.0,150620.0,836.686242669605,80.6928944652303,-1.0,-1.0,395,0.0021233819292134346,0.9653216789231497,5.375650453704898e-06,5.375650453704898e-06,0.00014514256225003225
fr27s__tu,float64,0.0008110648583322143,-6.0,6.0,12.0,1.1014776738097956,-1.4574355997075645,-1.0,-1.0,11,5.913215499075388e-05,0.9852922203586634,0.02038984217090268,5.375650453704898e-06,0.0022631488410097622
fr25s__tu,float64,0.0008110648583322143,-6.0,6.0,12.0,1.050439339176519,-1.4065658194641553,-1.0,-1.0,12,6.450780544445878e-05,0.9778953253343654,0.013046703651141788,5.375650453704898e-06,0.0038973465789360513
fr24s__tu,float64,0.0008110648583322143,-6.0,6.0,12.0,1.0050287046954243,-1.3641841912871457,-1.0,-1.0,12,6.450780544445878e-05,0.9717778351180493,0.006972218638455253,5.375650453704898e-06,0.005069238377843719
fr21s__tu,float64,0.0008110648583322143,-5.0,999.0,1004.0,30.24732993128415,9.391616135552402,-1.0,-1.0,236,0.001268653507074356,0.8172870167290243,0.00020427471724078613,0.00014514256225003225,0.0005536919967316045
fr20s__tu,float64,0.0008110648583322143,-5.0,410.0,415.0,31.93476885109017,11.254956349718316,-1.0,-1.0,259,0.0013922934675095686,0.8172870167290243,0.00020427471724078613,1.0751300907409796e-05,0.0005375650453704899
fr12s__tu,float64,0.0008110648583322143,-4.0,6.0,10.0,0.9657601813277585,-1.2976121360684643,-1.0,-1.0,10,5.3756504537048986e-05,0.9591934374059261,0.031237904786479163,5.375650453704898e-06,0.006268008429019911
fr09s__tu,float64,0.0008110648583322143,-5.0,6.0,11.0,0.7992045108550654,-0.8540618414828194,-1.0,-1.0,10,5.3756504537048986e-05,0.8172870167290243,0.00020427471724078613,1.0751300907409796e-05,0.13332150690233519
fr06s__tu,float64,0.0008110648583322143,-5.0,3.0,8.0,0.7027384238394236,-0.900082785016987,-1.0,-1.0,7,3.762955317593429e-05,0.8172870167290243,0.00020427471724078613,3.225390272222939e-05,0.17169289984088074
fr03s__tu,float64,0.0008110648583322143,-4.0,6.0,10.0,0.949424427642815,-1.3148410957725885,-1.0,-1.0,11,5.913215499075388e-05,0.9647787382273255,0.031237904786479163,5.375650453704898e-06,0.005725067733195716
fr02s__tu,float64,0.0008110648583322143,-4.0,6.0,10.0,0.7731740734403025,-0.864651872876618,-1.0,-1.0,9,4.838085408334408e-05,0.8170827420117834,0.031237904786479163,5.375650453704898e-06,0.1422558379563927
fr01s__tu,float64,0.0008110648583322143,-4.0,17.0,21.0,0.9965277711946462,0.1397024039908829,0.0,0.0,13,6.988345589816368e-05,0.031237904786479163,0.031237904786479163,5.375650453704898e-06,0.7859899797875542
fi101s__tu,float64,0.0008110648583322143,-5.0,242350.0,242355.0,11050.753037656226,6987.649894637251,288.0,-2.0,29368,0.15787210252440545,0.3823538898206683,0.001639573388379994,5.375650453704898e-06,0.1095127510428762
fi57s__tu,float64,0.0008110648583322143,-5.0,56832.0,56837.0,534.547276694915,92.61099105491765,-1.0,-3.0,2865,0.015401238549864534,0.6310422311099643,0.00013439126134262246,5.375650453704898e-06,0.27551821270373716
fi36s__tu,float64,0.0008110648583322143,-4.0,999.0,1003.0,380.90148573785024,185.8266729024212,1.0,1.0,124,0.0006665806562594073,0.20283941856964693,0.031237904786479163,0.17970261901690104,0.09346643443856707
fr57s__tu,float64,0.0008110648583322143,-5.0,44822.0,44827.0,111.63029653188154,0.7520534984733153,-1.0,-1.0,395,0.0021233819292134346,0.9653270545736035,1.0751300907409796e-05,5.375650453704898e-06,0.02856620651098783
fr101s__tu,float64,0.0008110648583322143,-5.0,189193.0,189198.0,1447.3051418055684,107.4554466090397,-1.0,-1.0,3344,0.01797617511718918,0.8776018148195932,0.00011288865952780286,1.0751300907409796e-05,0.07586117920268352
g001s__tu,float64,0.0008110648583322143,-4.0,61.0,65.0,3.4746232319340233,1.4728529652087903,0.0,0.0,49,0.00026340687223154,0.08348922719649078,0.031237904786479163,1.0751300907409796e-05,0.5001182643099815
g043s__tu,float64,0.0008110648583322143,-4.0,81.0,85.0,5.736464706427653,5.5690932352814695,4.0,2.0,71,0.0003816711822130478,0.031237904786479163,0.031237904786479163,5.375650453704898e-06,0.07933922504623059
g068s__tu,float64,0.0008110648583322143,-4.0,68.0,72.0,3.888106955977718,2.739522857265729,2.0,0.0,52,0.00027953382359265474,0.031237904786479163,0.031237904786479163,5.375650453704898e-06,0.22798671139207843
g066s__tu,float64,0.0008110648583322143,-4.0,74.0,78.0,4.759371430284746,4.087687610200835,3.0,1.0,61,0.0003279146776759988,0.031237904786479163,0.031237904786479163,5.375650453704898e-06,0.1277254547800284
g064s__tu,float64,0.0008110648583322143,-4.0,72.0,76.0,4.304882570724533,3.3706349718315916,2.0,1.0,53,0.0002849094740463596,0.031237904786479163,0.031237904786479163,5.375650453704898e-06,0.17136498516320475
g063s__tu,float64,0.0008110648583322143,-4.0,68.0,72.0,3.955709643239097,2.8826603018965296,2.0,0.0,52,0.00027953382359265474,0.031237904786479163,0.031237904786479163,5.375650453704898e-06,0.2083064550810648
g061s__tu,float64,0.0008110648583322143,-4.0,77.0,81.0,4.870934748504305,4.440647443340644,3.0,1.0,62,0.00033329032812970367,0.031237904786479163,0.031237904786479163,5.375650453704898e-06,0.1001913731561519
g059s__tu,float64,0.0008110648583322143,-4.0,74.0,78.0,4.40412439253587,3.66551090181912,3.0,1.0,53,0.0002849094740463596,0.031237904786479163,0.031237904786479163,5.375650453704898e-06,0.13862727390014193
g058s__tu,float64,0.0008110648583322143,-4.0,68.0,72.0,4.049589201708561,3.136256612050058,2.0,1.0,52,0.00027953382359265474,0.031237904786479163,0.031237904786479163,5.375650453704898e-06,0.1729292994452329
g057s__tu,float64,0.0008110648583322143,-4.0,68.0,72.0,3.792784710661126,2.7781576570765063,2.0,1.0,50,0.00026878252268524493,0.031237904786479163,0.031237904786479163,5.375650453704898e-06,0.20320496280049885
g051s__tu,float64,0.0008110648583322143,-4.0,100.0,104.0,27.845183884052364,49.85284156882983,50.0,100.0,101,0.0005429406958241947,0.031237904786479163,0.031237904786479163,0.08076377241646239,0.04655313292908442
g043c__tu,float64,0.0008110648583322143,-4.0,16.0,20.0,1.1092142670157443,-0.6095235023437836,-1.0,-1.0,15,8.063475680557348e-05,0.7440814088504709,0.031237904786479163,5.375650453704898e-06,0.08881112114565863
g042c__tu,float64,0.0008110648583322143,-4.0,17.0,21.0,1.135295175018278,-0.5928536102868447,-1.0,-1.0,16,8.601040725927837e-05,0.7440814088504709,0.031237904786479163,5.375650453704898e-06,0.07960263191846213
g001b__tu,float64,0.0008110648583322143,-4.0,532.0,536.0,23.14330446195085,15.34074097965854,9.0,0.0,304,0.001634197737926289,0.08348922719649078,0.031237904786479163,5.375650453704898e-06,0.1553025416075345
g042s__tu,float64,0.0008110648583322143,-4.0,81.0,85.0,5.858825208759244,5.905974497914247,5.0,2.0,74,0.00039779813357416246,0.031237904786479163,0.031237904786479163,5.375650453704898e-06,0.06536790951705157
g041c__tu,float64,0.0008110648583322143,-4.0,18.0,22.0,1.1811832653114993,-0.562465058272051,-1.0,-1.0,16,8.601040725927837e-05,0.7440814088504709,0.031237904786479163,5.375650453704898e-06,0.06322840063647701
g041s__tu,float64,0.0008110648583322143,-4.0,81.0,85.0,6.053015808150906,6.493764245473702,5.0,2.0,73,0.00039242248312045756,0.031237904786479163,0.031237904786479163,5.375650453704898e-06,0.04655313292908442
g020s__tu,float64,0.0008110648583322143,-4.0,79.0,83.0,5.328290192621823,3.4718692211757625,2.0,1.0,67,0.0003601685803982282,0.06605061712467208,0.031237904786479163,5.375650453704898e-06,0.18213778867242936
g003c__tu,float64,0.0008110648583322143,-4.0,48.0,52.0,1.7704021370557483,-0.8011761923192706,-1.0,-1.0,33,0.00017739646497226164,0.8509117103169483,0.031237904786479163,1.0751300907409796e-05,0.08463961639358362
g003s__tu,float64,0.0008110648583322143,-4.0,530.0,534.0,21.313033799374843,12.670316733324732,5.0,0.0,298,0.0016019438352040598,0.08348922719649078,0.031237904786479163,5.375650453704898e-06,0.22631488410097622
g002c__tu,float64,0.0008110648583322143,-4.0,48.0,52.0,1.8970415961327316,-0.7582301208446222,-1.0,-1.0,33,0.00017739646497226164,0.8509117103169483,0.031237904786479163,1.0751300907409796e-05,0.07734485872790607
g002b__tu,float64,0.0008110648583322143,-4.0,530.0,534.0,22.037011336390293,13.63843375048381,6.0,0.0,296,0.0015911925342966498,0.08348922719649078,0.031237904786479163,5.375650453704898e-06,0.19902270674751646
g002s__tu,float64,0.0008110648583322143,-4.0,51.0,55.0,2.4178320887786815,0.7386627531931363,0.0,0.0,42,0.00022577731905560572,0.08348922719649078,0.031237904786479163,5.375650453704898e-06,0.5921977809314927
g001c__tu,float64,0.0008110648583322143,-4.0,48.0,52.0,2.1899121420586436,-0.6497333677374962,-1.0,-1.0,35,0.00018814776587967145,0.8509117103169483,0.031237904786479163,1.0751300907409796e-05,0.06193824452758784
g230s__tu,float64,0.0008110648583322143,-5.0,28.0,33.0,1.9537069129047298,-0.8961908140885048,-1.0,-1.0,28,0.00015051821270373715,0.6436051262202727,0.000741839762611276,5.375650453704898e-06,0.10860426611620005
g215b__tu,float64,0.0008110648583322143,-5.0,157.0,162.0,3.380123691034335,0.7407861351223498,1.0,-4.0,51,0.00027415817313894983,0.33983249473186256,9.676170816668816e-05,5.375650453704898e-06,0.07343676084806261
g234s__tu,float64,0.0008110648583322143,-4.0,15.0,19.0,1.5780725067933086,-0.1959209564357287,0.0,0.0,15,8.063475680557348e-05,0.12198426009547156,0.12198426009547156,1.0751300907409796e-05,0.6752085752376038
hr06s__tu,float64,0.0008110648583322143,-4.0,1.0,5.0,0.5439895151888658,-1.0736195329634886,-1.0,-1.0,4,2.1502601814819592e-05,0.9799595751085881,0.031237904786479163,5.3756504537048986e-05,0.019986668386874813
hr34s__tu,float64,0.0008110648583322143,-5.0,121.0,126.0,3.8524458619723783,-0.9780565948479766,-1.0,-1.0,54,0.0002902851245000645,0.9981991570980089,1.6126951361114695e-05,1.0751300907409796e-05,0.00017202081451855674
hr33s__tu,float64,0.0008110648583322143,-5.0,247231.0,247236.0,2069.970628285939,59.671354233862296,-1.0,-1.0,217,0.001166516148453963,0.9981937814475551,1.0751300907409796e-05,5.375650453704898e-06,0.00017202081451855674
hr32s__tu,float64,0.0008110648583322143,-5.0,247231.0,247236.0,2067.7191073687513,59.583376338536965,-1.0,-1.0,217,0.001166516148453963,0.9981937814475551,1.0751300907409796e-05,5.375650453704898e-06,0.00017202081451855674
hr31s__tu,float64,0.0008110648583322143,-5.0,100.0,105.0,3.824120613041584,-0.9876145013546639,-1.0,-1.0,8,4.3005203629639184e-05,0.9981991570980089,1.6126951361114695e-05,0.0013976691179632735,0.00039779813357416246
hr30s__tu,float64,0.0008110648583322143,-5.0,100.0,105.0,4.045224003949474,-0.9706812024254935,-1.0,-1.0,7,3.762955317593429e-05,0.9981991570980089,1.6126951361114695e-05,0.0015696899324818302,0.00023115296950931063
hr29s__tu,float64,0.0008110648583322143,-5.0,2.0,7.0,0.5854488293704577,-1.125983744033028,-1.0,-1.0,8,4.3005203629639184e-05,0.9981937814475551,1.0751300907409796e-05,5.375650453704898e-06,0.00017202081451855674
hr28s__tu,float64,0.0008110648583322143,-5.0,232200.0,232205.0,2193.241730810462,65.35863652001892,-1.0,-1.0,130,0.0006988345589816368,0.9981884057971014,5.375650453704898e-06,5.375650453704898e-06,0.00014514256225003225
hr27s__tu,float64,0.0008110648583322143,-6.0,2.0,8.0,0.5894831385478372,-1.1279996129531673,-1.0,-1.0,8,4.3005203629639184e-05,0.9984410613684256,0.00027953382359265474,1.0751300907409796e-05,0.0003655442308519331
hr25s__tu,float64,0.0008110648583322143,-6.0,2.0,8.0,0.5867010382772276,-1.1268545994065282,-1.0,-1.0,8,4.3005203629639184e-05,0.9982744162043607,0.00011288865952780286,1.0751300907409796e-05,0.00038704683266675265
hr24s__tu,float64,0.0008110648583322143,-6.0,2.0,8.0,0.585554796535954,-1.1263654152152411,-1.0,-1.0,8,4.3005203629639184e-05,0.9982045327484625,4.3005203629639184e-05,1.0751300907409796e-05,0.00038704683266675265
hr21s__tu,float64,0.0008110648583322143,-4.0,999.0,1003.0,20.453506549911385,1.2871349933341933,-1.0,-1.0,226,0.0012148970025373071,0.9799595751085881,0.031237904786479163,0.00014514256225003225,0.0
hr20s__tu,float64,0.0008110648583322143,-4.0,315.0,319.0,17.223280558097162,1.2452963058530082,-1.0,-1.0,231,0.0012417752548058315,0.9799595751085881,0.031237904786479163,5.375650453704898e-06,0.00014514256225003225
hr12s__tu,float64,0.0008110648583322143,-4.0,2.0,6.0,0.585757956746482,-1.124344170644648,-1.0,-1.0,6,3.225390272222939e-05,0.9974089364813142,0.031237904786479163,5.375650453704898e-06,0.0009192362275835377
hr09s__tu,float64,0.0008110648583322143,-4.0,2.0,6.0,0.5453447320372482,-1.07315722702447,-1.0,-1.0,5,2.6878252268524493e-05,0.9799595751085881,0.031237904786479163,1.0751300907409796e-05,0.0195351137487636
hr03s__tu,float64,0.0008110648583322143,-4.0,2.0,6.0,0.5848480970202405,-1.1260643787898337,-1.0,-1.0,7,3.762955317593429e-05,0.9981615275448329,0.031237904786479163,1.0751300907409796e-05,0.00038704683266675265
hi24s__tu,float64,0.0008110648583322143,-6.0,2.0,8.0,0.6652134629430492,-1.1691609684771858,-1.0,-1.0,9,4.838085408334408e-05,0.9939792714918505,0.00013439126134262246,2.1502601814819592e-05,0.0022470218896486474
hr02s__tu,float64,0.0008110648583322143,-4.0,3.0,7.0,0.5513220124560817,-1.0711306068034232,-1.0,-1.0,6,3.225390272222939e-05,0.9799595751085881,0.031237904786479163,5.375650453704898e-06,0.017594503934976132
hr01s__tu,float64,0.0008110648583322143,-4.0,7.0,11.0,0.7287591638626993,-0.09926676127811465,0.0,0.0,9,4.838085408334408e-05,0.031237904786479163,0.031237904786479163,1.0751300907409796e-05,0.948866812884359
hi101s__tu,float64,0.0008110648583322143,-5.0,297251.0,297256.0,3580.6734645169604,246.53664043349247,-1.0,-1.0,1238,0.006655055261686664,0.9857168967445061,0.00010213735862039307,5.375650453704898e-06,0.004451038575667656
hi57s__tu,float64,0.0008110648583322143,-4.0,107238.0,107242.0,644.7845808124202,11.76234786909216,-1.0,-1.0,278,0.0014944308261299617,0.9939147636864061,0.031237904786479163,5.375650453704898e-06,0.004015610888917559
hi36s__tu,float64,0.0008110648583322143,-4.0,999.0,1003.0,154.1244222492094,23.873602330882036,-1.0,-1.0,95,0.0005106867931019654,0.9515277598589429,0.031237904786479163,0.02434094525437578,0.0023545348987227452
hi35s__tu,float64,0.0008110648583322143,-4.0,297251.0,297255.0,2479.0081267953487,128.52896400464456,-1.0,-1.0,764,0.004106996946630542,0.9939147636864061,0.031237904786479163,5.375650453704898e-06,0.00014514256225003225
hi34s__tu,float64,0.0008110648583322143,-5.0,299.0,304.0,6.619505403604456,-0.6975497785232013,-1.0,-1.0,118,0.000634326753537178,0.994059906248656,0.00014514256225003225,5.375650453704898e-06,0.00014514256225003225
hi33s__tu,float64,0.0008110648583322143,-4.0,297251.0,297255.0,2499.371238816953,129.61918892185955,-1.0,-1.0,765,0.004112372597084247,0.9939147636864061,0.031237904786479163,5.375650453704898e-06,0.00014514256225003225
hi32s__tu,float64,0.0008110648583322143,-4.0,297251.0,297255.0,2489.5280316905782,129.1291123725971,-1.0,-1.0,765,0.004112372597084247,0.9939147636864061,0.031237904786479163,5.375650453704898e-06,0.00014514256225003225
g235s__tu,float64,0.0008110648583322143,-4.0,21.0,25.0,0.9695846745867218,-0.11650109663269255,0.0,0.0,24,0.00012901561088891756,0.1311443684685847,0.031237904786479163,2.1502601814819592e-05,0.8070571539156238
hi30s__tu,float64,0.0008110648583322143,-5.0,100.0,105.0,7.3346034285526915,-0.6488732636649035,-1.0,-1.0,7,3.762955317593429e-05,0.994059906248656,0.00014514256225003225,0.005241259192362276,0.0006988345589816368
hi29s__tu,float64,0.0008110648583322143,-4.0,2.0,6.0,0.6684962481696817,-1.1662688685330924,-1.0,-1.0,7,3.762955317593429e-05,0.9939147636864061,0.031237904786479163,6.450780544445878e-05,0.00014514256225003225
hi28s__tu,float64,0.0008110648583322143,-5.0,306000.0,306005.0,2834.130321395656,150.83884875069884,-1.0,-1.0,602,0.003236141573130349,0.994059906248656,0.00014514256225003225,5.375650453704898e-06,0.00014514256225003225
hi27s__tu,float64,0.0008110648583322143,-6.0,2.0,8.0,0.6789660397364936,-1.1758482776415946,-1.0,-1.0,9,4.838085408334408e-05,0.9949522642239711,0.001107383993463209,1.6126951361114695e-05,0.00211800627875973
hr35s__tu,float64,0.0008110648583322143,-5.0,247231.0,247236.0,2066.3260174512016,59.50689158388165,-1.0,-1.0,217,0.001166516148453963,0.9981937814475551,1.0751300907409796e-05,5.375650453704898e-06,0.00017202081451855674
hr36s__tu,float64,0.0008110648583322143,-4.0,999.0,1003.0,106.81579039992101,10.615979658538683,-1.0,-1.0,87,0.00046768158947232616,0.9799595751085881,0.031237904786479163,0.011536145873650712,0.0011987700511761922
hr57s__tu,float64,0.0008110648583322143,-5.0,44822.0,44827.0,128.6282649522648,-0.3026867500967617,-1.0,-1.0,40,0.00021502601814819594,0.9981937814475551,1.0751300907409796e-05,5.375650453704898e-06,0.0015750655829355352
hr101s__tu,float64,0.0008110648583322143,-5.0,407032.0,407037.0,3654.297565847425,155.0049832279706,-1.0,-1.0,528,0.0028383434395561863,0.9933019395346837,5.3756504537048986e-05,1.0751300907409796e-05,0.0026770739259450393
lm07s__tu,float64,0.0008110648583322143,-4.0,2.0,6.0,0.5793503485802666,-1.0633251623446438,-1.0,-1.0,5,2.6878252268524493e-05,0.9835397583107556,0.031237904786479163,0.00013439126134262246,0.0026663226250376293
lm06s__tu,float64,0.0008110648583322143,-4.0,2.0,6.0,0.5817711226606259,-1.0624328043693287,-1.0,-1.0,5,2.6878252268524493e-05,0.9835397583107556,0.031237904786479163,0.00014514256225003225,0.0017847159506300262
lm05s__tu,float64,0.0008110648583322143,-5.0,181.0,186.0,10.149078398544422,-0.022303573732421623,-1.0,-1.0,132,0.0007095858598890466,0.9879209134305251,0.004381155119769492,5.375650453704898e-06,0.00015589386315744205
lm04s__tu,float64,0.0008110648583322143,-4.0,1872000.0,1872004.0,23873.546430515722,2561.10011611405,-1.0,-1.0,1941,0.010434137530641208,0.9835397583107556,0.031237904786479163,1.0751300907409796e-05,0.00014514256225003225
lm03s__tu,float64,0.0008110648583322143,-5.0,1956706.0,1956711.0,18684.46137399997,1670.8831709886897,-1.0,-1.0,1591,0.008552659871844493,0.9845019997419687,0.0009622414312131768,1.0751300907409796e-05,0.0034780458435470694
lm02s__tu,float64,0.0008110648583322143,-4.0,111.0,115.0,4.1714081950443385,-0.695770438223025,-1.0,-1.0,104,0.0005590676471853095,0.9835397583107556,0.031237904786479163,1.0751300907409796e-05,0.0005375650453704899
lm01s__tu,float64,0.0008110648583322143,-4.0,2.0,6.0,0.7106069727861691,-0.1084376209521352,0.0,0.0,4,2.1502601814819592e-05,0.031237904786479163,0.031237904786479163,0.00019889906678708123,0.9524469960865265
in101s__tu,float64,0.0008110648583322143,-5.0,1726740.0,1726745.0,32102.756818282767,20043.928638240228,9448.0,-2.0,50746,0.2727927579237088,0.18521803638240228,0.001263277856620651,5.375650453704898e-06,0.10368017030060638
in57s__tu,float64,0.0008110648583322143,-5.0,56832.0,56837.0,819.1358196880975,190.9819216875242,0.0,0.0,4232,0.02274975272007913,0.42212832752763085,0.00013976691179632737,5.375650453704898e-06,0.4174138820797316
in36s__tu,float64,0.0008110648583322143,-4.0,999.0,1003.0,322.1306173673192,126.20496280049886,1.0,1.0,125,0.0006719563067131123,0.07152302928654367,0.031237904786479163,0.11966735474992474,0.17374639831419603
in35s__tu,float64,0.0008110648583322143,-4.0,515358.0,515362.0,12105.261616112226,6605.362942416033,2497.0,-3.0,27196,0.14619618973895843,0.4219885606158345,0.031237904786479163,5.375650453704898e-06,0.00014514256225003225
in34s__tu,float64,0.0008110648583322143,-5.0,939.0,944.0,49.22412984664254,48.6979099471036,56.0,-3.0,303,0.0016288220874725841,0.4220638197221864,7.525910635186857e-05,5.375650453704898e-06,0.0003655442308519331
in33s__tu,float64,0.0008110648583322143,-4.0,615859.0,615863.0,29150.65576671417,15777.237345718831,3856.0,-3.0,44205,0.23763062830602502,0.4219885606158345,0.031237904786479163,5.375650453704898e-06,0.00014514256225003225
in32s__tu,float64,0.0008110648583322143,-4.0,549565.0,549569.0,18394.17205857462,9777.796402614716,3215.0,-3.0,33895,0.18220767212832753,0.4219885606158345,0.031237904786479163,5.375650453704898e-06,0.00014514256225003225
in31s__tu,float64,0.0008110648583322143,-5.0,100.0,105.0,47.328461465977895,39.66278007138864,0.0,-3.0,70,0.0003762955317593429,0.4220638197221864,7.525910635186857e-05,0.3250602072850815,0.11689351911581301
in30s__tu,float64,0.0008110648583322143,-5.0,100.0,105.0,49.726609629604525,49.01202533006494,50.0,100.0,58,0.0003117877263148841,0.4220638197221864,7.525910635186857e-05,0.45459725626800845,0.04887003827463123
in29s__tu,float64,0.0008110648583322143,-4.0,46.0,50.0,4.012342821328676,0.5368984647142304,1.0,-3.0,46,0.0002472799208704253,0.4219885606158345,0.031237904786479163,5.375650453704898e-06,0.00014514256225003225
in28s__tu,float64,0.0008110648583322143,-5.0,550646.0,550651.0,27821.991365436457,16979.552106179846,6333.0,-3.0,44759,0.24060873865737753,0.4220638197221864,7.525910635186857e-05,5.375650453704898e-06,0.00014514256225003225
in27s__tu,float64,0.0008110648583322143,-6.0,46.0,52.0,3.98447468028739,-1.6363748763600396,-3.0,-3.0,46,0.0002472799208704253,0.6410140627015869,0.22099836580226206,5.375650453704898e-06,0.06520126435298672
in25s__tu,float64,0.0008110648583322143,-6.0,46.0,52.0,3.9424438081385786,-0.6938997118651357,-1.0,-3.0,46,0.0002472799208704253,0.5244430826129962,0.10501333161312519,5.375650453704898e-06,0.07706532490431342
in24s__tu,float64,0.0008110648583322143,-6.0,46.0,52.0,3.8620911988706257,-0.1911742570851073,0.0,-3.0,47,0.0002526555713241302,0.4663107986066314,0.04714445447899196,5.375650453704898e-06,0.07766202210467467
in21s__tu,float64,0.0008110648583322143,-5.0,999.0,1004.0,33.09342381619443,27.845337160796458,18.0,-1.0,303,0.0016288220874725841,0.07156065883971961,3.762955317593429e-05,0.00014514256225003225,0.0014675525738614373
in20s__tu,float64,0.0008110648583322143,-5.0,999.0,1004.0,59.36175581843997,105.14160538425149,110.0,-1.0,452,0.0024297940050746142,0.07156065883971961,3.762955317593429e-05,1.0751300907409796e-05,0.00019352341633337633
in12s__tu,float64,0.0008110648583322143,-4.0,46.0,50.0,4.008037825596492,0.548090568958844,1.0,-3.0,45,0.00024190427041672044,0.4163925084935277,0.031237904786479163,5.375650453704898e-06,0.005741194684556831
in09s__tu,float64,0.0008110648583322143,-5.0,61.0,66.0,2.6688616968303167,1.2973541048466863,1.0,0.0,53,0.0002849094740463596,0.07156065883971961,3.762955317593429e-05,5.375650453704898e-06,0.39766374231281987
in06s__tu,float64,0.0008110648583322143,-5.0,17.0,22.0,1.0605046372334133,0.10794306111039435,0.0,0.0,20,0.00010751300907409797,0.07156065883971961,3.762955317593429e-05,5.375650453704898e-06,0.7479196232744162
in03s__tu,float64,0.0008110648583322143,-4.0,46.0,50.0,3.779512638873551,0.2670085580355223,1.0,-3.0,44,0.00023652861996301553,0.41891368855631533,0.031237904786479163,5.375650453704898e-06,0.07101771814389542
in02s__tu,float64,0.0008110648583322143,-4.0,46.0,50.0,3.2957397852674326,1.604325248355051,1.0,0.0,44,0.00023652861996301553,0.07152302928654367,0.031237904786479163,5.375650453704898e-06,0.3450146217692341
in01s__tu,float64,0.0008110648583322143,-4.0,208.0,212.0,10.364188336822098,9.154910119124414,6.0,2.0,139,0.0007472154130649808,0.031237904786479163,0.031237904786479163,5.375650453704898e-06,0.04043026706231454
hi25s__tu,float64,0.0008110648583322143,-6.0,2.0,8.0,0.6695813272208341,-1.171268223455038,-1.0,-1.0,9,4.838085408334408e-05,0.9942856835677117,0.00044080333720380164,2.1502601814819592e-05,0.002209392336472713
hi31s__tu,float64,0.0008110648583322143,-5.0,100.0,105.0,6.565991142249922,-0.7542360125575195,-1.0,-1.0,7,3.762955317593429e-05,0.994059906248656,0.00014514256225003225,0.004187631703436116,0.0017524620479077969
g313s__tu,float64,0.0008110648583322143,-4.0,10.0,14.0,1.038852302795998,-0.9946351008472025,-1.0,-1.0,11,5.913215499075388e-05,0.9799595751085881,0.031237904786479163,0.004284393411602804,0.00026340687223154
g312s__tu,float64,0.0008110648583322143,-4.0,10.0,14.0,0.8681755961095924,-1.058567711693115,-1.0,-1.0,12,6.450780544445878e-05,0.9932481830301466,0.031237904786479163,0.002940480798176579,0.00016126951361114696
hi03s__tu,float64,0.0008110648583322143,-4.0,2.0,6.0,0.6632605676610849,-1.1681987270459726,-1.0,-1.0,7,3.762955317593429e-05,0.9938395045800542,0.031237904786479163,2.1502601814819592e-05,0.0022577731905560573
hi02s__tu,float64,0.0008110648583322143,-4.0,2.0,6.0,0.5887639492752587,-1.0391024814002494,-1.0,-1.0,5,2.6878252268524493e-05,0.9515277598589429,0.031237904786479163,6.988345589816368e-05,0.04240313077882424
hi01s__tu,float64,0.0008110648583322143,-4.0,10.0,14.0,0.780853335678389,-0.05933105405754096,0.0,0.0,11,5.913215499075388e-05,0.031237904786479163,0.031237904786479163,1.0751300907409796e-05,0.9204349976347138
g990s__tu,float64,0.0008110648583322143,-4.0,58.0,62.0,3.529693118349993,2.005192878338279,2.0,1.0,49,0.00026340687223154,0.12198426009547156,0.12198426009547156,5.375650453704898e-06,0.11880187502687825
g241s__tu,float64,0.0008110648583322143,-4.0,16.0,20.0,1.2926350074726336,-1.0689427170687653,-1.0,-1.0,19,0.00010213735862039307,0.795886552272825,0.12198426009547156,2.6878252268524493e-05,0.13569754440287274
g250a__tu,float64,0.0008110648583322143,-4.0,166.0,170.0,7.120739241410504,9.701183718229906,8.0,7.0,80,0.0004300520362963919,0.008622543327742658,0.008622543327742658,5.375650453704898e-06,0.023163677805014406
g980s__tu,float64,0.0008110648583322143,-4.0,48.0,52.0,2.536304848462086,0.8996742355825055,1.0,0.0,34,0.00018277211542596655,0.12198426009547156,0.12198426009547156,5.375650453704898e-06,0.27528705973422785
g250b__tu,float64,0.0008110648583322143,-4.0,75.0,79.0,4.653345584905289,4.744468455683138,4.0,2.0,55,0.0002956607749537694,0.008622543327742658,0.008622543327742658,5.375650453704898e-06,0.09812174773147551
g960s__tu,float64,0.0008110648583322143,-4.0,96.0,100.0,5.297721711684535,4.034420289855072,3.0,1.0,73,0.00039242248312045756,0.12198426009547156,0.12198426009547156,5.375650453704898e-06,0.00014514256225003225
g315s__tu,float64,0.0008110648583322143,-4.0,10.0,14.0,1.544034785436429,-0.8348438911108244,-1.0,-1.0,11,5.913215499075388e-05,0.9515277598589429,0.031237904786479163,0.010966326925557993,0.0005644432976390143
g314s__tu,float64,0.0008110648583322143,-4.0,10.0,14.0,1.145033780361299,-1.022093923364727,-1.0,-1.0,12,6.450780544445878e-05,0.9856147593858857,0.031237904786479163,0.006214251924482862,0.00020427471724078613
g250c__tu,float64,0.0008110648583322143,-4.0,78.0,82.0,5.328718854790698,6.111082440975358,5.0,3.0,66,0.0003547929299445233,0.008622543327742658,0.008622543327742658,5.375650453704898e-06,0.059718100890207716
g311s__tu,float64,0.0008110648583322143,-4.0,10.0,14.0,3.2153515953695253,8.149340945254377,9.0,9.0,10,5.3756504537048986e-05,0.031237904786479163,0.031237904786479163,0.37802649120543586,0.00043542768675009674
g251a__tu,float64,0.0008110648583322143,-4.0,166.0,170.0,6.989466905038189,9.113393970670451,8.0,7.0,80,0.0004300520362963919,0.008622543327742658,0.008622543327742658,5.375650453704898e-06,0.030748720595192017
g310s__tu,float64,0.0008110648583322143,-4.0,10.0,14.0,4.13489166381983,7.058771986410355,9.0,9.0,11,5.913215499075388e-05,0.08348922719649078,0.031237904786479163,0.33249473186255535,0.0003816711822130478
g309s__tu,float64,0.0008110648583322143,-4.0,10.0,14.0,3.441716139881448,0.520384466520449,-1.0,-1.0,11,5.913215499075388e-05,0.7524082914032598,0.031237904786479163,0.08607491506472283,0.0016449490388336988
g308s__tu,float64,0.0008110648583322143,-4.0,10.0,14.0,2.8927509430236014,-0.24563497183159164,-1.0,-1.0,12,6.450780544445878e-05,0.8579591880617554,0.031237904786479163,0.05900313937986496,0.0006988345589816368
g307s__tu,float64,0.0008110648583322143,-4.0,10.0,14.0,4.595617395721214,4.775098911968348,3.0,10.0,11,5.913215499075388e-05,0.18335806132542037,0.031237904786479163,0.23024986023308822,0.0015911925342966498
g306s__tu,float64,0.0008110648583322143,-4.0,10.0,14.0,4.857095688504331,3.079000559067647,1.0,-2.0,12,6.450780544445878e-05,0.3650120414570163,0.031237904786479163,0.17596116630112243,0.0009998709843891112
g305s__tu,float64,0.0008110648583322143,-4.0,10.0,14.0,4.086263366493501,6.5626424547370235,9.0,9.0,11,5.913215499075388e-05,0.07152302928654367,0.031237904786479163,0.30116544101836323,0.000741839762611276
g304s__tu,float64,0.0008110648583322143,-4.0,10.0,14.0,4.765294023623938,4.952672773405582,5.0,10.0,12,6.450780544445878e-05,0.1839547585257816,0.031237904786479163,0.24191502171762783,0.0006504537048982927
g303s__tu,float64,0.0008110648583322143,-4.0,10.0,14.0,4.80656614935124,5.5645078054444586,9.0,9.0,11,5.913215499075388e-05,0.2403614587365071,0.031237904786479163,0.24382875327914677,0.0004193007353889821
g302s__tu,float64,0.0008110648583322143,-4.0,10.0,14.0,5.119827375918679,3.9863834774007656,2.0,9.0,12,6.450780544445878e-05,0.3637111340472197,0.031237904786479163,0.20975788070356513,0.00023115296950931063
g301s__tu,float64,0.0008110648583322143,-4.0,10.0,14.0,4.962036942586531,4.4611394228701675,5.0,-1.0,10,5.3756504537048986e-05,0.33890788285382534,0.031237904786479163,0.19364168064335785,0.0003494172794908184
g300s__tu,float64,0.0008110648583322143,-4.0,10.0,14.0,4.998853589230049,2.9230905689588442,1.0,-1.0,11,5.913215499075388e-05,0.4771373586203931,0.031237904786479163,0.16068356771169312,0.00018814776587967145
g251c__tu,float64,0.0008110648583322143,-4.0,75.0,79.0,5.243208319895685,5.758122607835548,5.0,2.0,65,0.0003494172794908184,0.008622543327742658,0.008622543327742658,5.375650453704898e-06,0.07411946845568314
hi06s__tu,float64,0.0008110648583322143,-5.0,1.0,6.0,0.5730193687102523,-1.0451447125102138,-1.0,-1.0,5,2.6878252268524493e-05,0.951543886810304,1.6126951361114695e-05,0.00017739646497226164,0.04827871672472369
g240s__tu,float64,0.0008110648583322143,-4.0,26.0,30.0,1.7775636455140733,-0.11330258461273814,0.0,0.0,26,0.00013976691179632737,0.12198426009547156,0.12198426009547156,5.375650453704898e-06,0.6740474347396035
g251b__tu,float64,0.0008110648583322143,-4.0,73.0,77.0,4.570033863367868,4.449592525695609,3.0,1.0,55,0.0002956607749537694,0.008622543327742658,0.008622543327742658,5.375650453704898e-06,0.11844170644648003
hi20s__tu,float64,0.0008110648583322143,-5.0,388.0,393.0,25.34980994052093,4.294246978884445,-1.0,-1.0,259,0.0013922934675095686,0.951543886810304,1.6126951361114695e-05,5.375650453704898e-06,0.00014514256225003225
hi09s__tu,float64,0.0008110648583322143,-5.0,3.0,8.0,0.5775871754805628,-1.0435266417236486,-1.0,-1.0,7,3.762955317593429e-05,0.951543886810304,1.6126951361114695e-05,5.375650453704898e-06,0.04678428589859373
hi12s__tu,float64,0.0008110648583322143,-4.0,2.0,6.0,0.6685603733528099,-1.1660108373113147,-1.0,-1.0,6,3.225390272222939e-05,0.9937857480755171,0.031237904786479163,6.450780544445878e-05,0.00027415817313894983
g237s__tu,float64,0.0008110648583322143,-4.0,97.0,101.0,4.382442866807027,1.7998054014535758,1.0,0.0,72,0.00038704683266675265,0.12198426009547156,0.12198426009547156,5.375650453704898e-06,0.27528705973422785
hi21s__tu,float64,0.0008110648583322143,-5.0,999.0,1004.0,27.272113477444044,4.2279974626929855,-1.0,-1.0,253,0.0013600395647873392,0.951543886810304,1.6126951361114695e-05,0.00014514256225003225,0.0
g238s__tu,float64,0.0008110648583322143,-4.0,110.0,114.0,6.187028962436551,3.4786640433492453,2.0,1.0,96,0.0005160624435556702,0.12198426009547156,0.12198426009547156,5.375650453704898e-06,0.11880187502687825
fltapproveddebttoincome__app,float64,0.0004243319457499664,1.92,139.06,137.14000000000001,8.691019242068581,37.79586503740005,38.04,32.0,4535,0.02436914280801307,0.0,5.373570630212363e-06,5.373570630212363e-06,0.0
dti__app,float64,0.0001289109708607493,0.019195169072085,58.395174262734585,58.3759790936625,0.20127476618336115,0.37889588865047397,0.3793994990337785,0.32,146089,0.7847876186536736,0.0,5.371982960070051e-06,5.371982960070051e-06,0.0
inttermbump__app,float64,6.445548543037465e-05,0.0,54.0,54.0,3.996528157394741,4.486267410817402,6.0,6.0,19,0.0001020610969956436,0.0,0.37778720798440074,5.3716366839812425e-06,0.37778720798440074
confirmationsubjectfound__ln,float64,5.3712904525312205e-05,0.0,1.0,1.0,0.03029358378602911,0.9990814599951656,1.0,1.0,2,1.0743157951279779e-05,0.0,0.0009185400048344211,0.9990814599951656,0.0009185400048344211
alertregulatorycondition__ln,float64,5.3712904525312205e-05,0.0,3.0,3.0,0.5039201115334874,1.5485939892031262,2.0,2.0,4,2.1486315902559557e-05,0.0,0.0009185400048344211,0.002229205274890554,0.0009185400048344211
dtmapproved__app,object,4.297032362024976e-05,,,,,,,2013-10-01 12:15:08,146052,0.7845214243125795,,,,
strvehicletype__app,object,4.297032362024976e-05,,,,,,,auto,4,2.148608507415385e-05,,,,
approvaldate__app,float64,4.297032362024976e-05,20131001.0,20200311.0,69310.0,18061.619672371296,20163858.29558407,20160922.0,20161219.0,2293,0.012316898268758696,0.0,0.000440464744020154,5.371521268538463e-06,0.0
linkf001__tu,object,2.148516181012488e-05,,,,,,,CLEAR,2,1.0742811716110458e-05,,,,
miles_odometer__app,float64,1.074258090506244e-05,1.0,227586.0,227585.0,22372.56016394201,40384.162118030006,39515.0,10.0,63110,0.3389857820414346,0.0,0.00029005280035236046,5.371348154673342e-06,0.0
pti__app,float64,0.0,0.0055701384867261,0.9725512387031604,0.9669811002164344,0.03289384159898038,0.10126520570058156,0.1019279455853791,0.12,145392,0.7809426614744193,0.0,5.37129045253122e-06,5.37129045253122e-06,0.0
bitgap__app,int64,0.0,0,1,1,0.4991992760125252,0.5283093863300657,1.0,1,2,1.074258090506244e-05,0.0,0.4716906136699342,0.5283093863300657,0.4716906136699342
fltadvance__app,float64,0.0,0.0110757659823685,1.9601930036188175,1.949117237636449,0.12119340043199336,1.135786183184303,1.149920424403183,1.15,119134,0.6399033167718544,0.0,5.37129045253122e-06,5.37129045253122e-06,0.0
bitservicecontract__app,int64,0.0,0,1,1,0.49512310904030504,0.43032630589499127,0.0,0,2,1.074258090506244e-05,0.0,0.5696736941050087,0.43032630589499127,0.5696736941050087
dealerstampcreation__app,datetime64[ns],0.0,2003-07-08 14:32:29.097000,2020-01-03 12:53:30.433000,6022 days 22:21:01.336000,,2012-02-03 19:09:41.989780224,,2003-07-08 14:32:29.097000,3432,0.018434268833087148,,0.035284006982677585,5.37129045253122e-06,
RunningNetLoss,float64,0.0,-5312.41,34578.72,39891.130000000005,3805.766775310791,1186.571288787431,0.0,0.0,16680,0.08959312474822076,0.00046193097891768497,5.37129045253122e-06,5.37129045253122e-06,0.888937827313012
bitdebtor__app,int64,0.0,0,1,1,0.410772669709532,0.7850731838324158,1.0,1,2,1.074258090506244e-05,0.0,0.21492681616758427,0.7850731838324158,0.21492681616758427
payment__app,float64,0.0,74.69,1116.12,1041.4299999999998,101.6191323518,440.77460075735195,433.21,450.0,39464,0.2119726064186921,0.0,5.37129045253122e-06,5.37129045253122e-06,0.0
bigdebtorid__app,int64,0.0,1756440,7229870,5473430,1259409.992793164,3735212.3287014905,3594707.0,1756440,186175,1.0,0.0,5.37129045253122e-06,5.37129045253122e-06,0.0
bookvalue__app,float64,0.0,2284.0,1622100.0,1619816.0,6018.454401927692,14256.433190099584,13450.0,12125.0,19713,0.10588424869074796,0.0,5.37129045253122e-06,5.37129045253122e-06,0.0
vehiclemake__app,object,0.0,,,,,,,Nissan,38,0.00020410903719618638,,,,
bigaccountid__app,int64,0.0,1337511,4812577,3475066,996786.8978667972,2893819.8874983215,2776279.0,1545261,146161,0.7850731838324158,0.0,1.074258090506244e-05,5.37129045253122e-06,0.0
vehicleyear__app,int64,0.0,0,2020,2020,5.3287886940503295,2013.662478850544,2014.0,2013,23,0.0001235396804082181,0.0,5.37129045253122e-06,0.0016060158453068349,5.37129045253122e-06
intterm__app,int64,0.0,12,84,72,5.449130941299428,69.41958372498993,72.0,72,41,0.00022022290855378004,0.0,5.37129045253122e-06,0.0026480461930978917,0.0
amtfinanced__app,float64,0.0,2677.45,42276.28,39598.83,4618.467275298899,18491.795213052243,18022.34,30000.0,128529,0.6903665905733852,0.0,5.37129045253122e-06,5.37129045253122e-06,0.0
runningnetloss__app,float64,0.0,-15634.56,34578.72,50213.28,4703.98182845348,2469.1146298912313,0.0,0.0,44691,0.2400483416140728,0.014357459379615953,5.37129045253122e-06,5.37129045253122e-06,0.6980743923727676
monthonbooks__app,int64,0.0,43,72,29,8.006785520105316,67.15158318786088,72.0,72,30,0.0001611387135759366,0.0,2.148516181012488e-05,0.6677373438968712,0.0
dtmfunded__app,object,0.0,,,,,,,2016-11-29 00:00:00.000,1664,0.00893782731301195,,,,
uniqueid__app,int64,0.0,133751117564401,481257761300951,347506643736550,99678702380579.28,289382026100589.1,277627935944481.0,154526120218651,146161,0.7850731838324158,0.0,1.074258090506244e-05,5.37129045253122e-06,0.0
fltdowncash__app,float64,0.0,-6700.0,34500.0,41200.0,993.1766905169357,686.7664197233786,500.0,0.0,2634,0.014147979051967236,2.148516181012488e-05,5.37129045253122e-06,5.37129045253122e-06,0.3920182623875386
fltinsureddisabilitypremium__app,float64,0.0,0.0,0.0,0.0,0.0,0.0,0.0,0.0,1,5.37129045253122e-06,0.0,1.0,1.0,1.0
fltinsureddisabilityamount__app,float64,0.0,0.0,2252.22,2252.22,39.87849191716878,1.2294485833221434,0.0,0.0,160,0.0008594064724049953,0.0,0.9988559151336108,5.37129045253122e-06,0.9988559151336108
bitapproved__app,float64,0.0,0.0,1.0,1.0,0.1280819509539938,0.983316771854438,1.0,1.0,2,1.074258090506244e-05,0.0,0.01668322814556197,0.983316771854438,0.01668322814556197
fltinsuredlifepremium__app,float64,0.0,0.0,0.0,0.0,0.0,0.0,0.0,0.0,1,5.37129045253122e-06,0.0,1.0,1.0,1.0
fltinsuredunemploymentamount__app,float64,0.0,0.0,0.0,0.0,0.0,0.0,0.0,0.0,1,5.37129045253122e-06,0.0,1.0,1.0,1.0
fltinsuredunemploymentpremium__app,float64,0.0,0.0,0.0,0.0,0.0,0.0,0.0,0.0,1,5.37129045253122e-06,0.0,1.0,1.0,1.0
flttaxgrossreceipts__app,float64,0.0,0.0,3903.21,3903.21,470.6457963706985,1024.406228311824,1035.65,0.0,75560,0.405854706593259,0.0,0.06176446891365651,5.37129045253122e-06,0.06176446891365651
bitdealertrack__app,float64,0.0,0.0,1.0,1.0,0.4385516279299927,0.7401530817778972,1.0,1.0,2,1.074258090506244e-05,0.0,0.2598469182221029,0.7401530817778972,0.2598469182221029
bitrouteone__app,float64,0.0,0.0,1.0,1.0,0.42299153106337245,0.2333933127433866,0.0,0.0,2,1.074258090506244e-05,0.0,0.7666066872566134,0.2333933127433866,0.7666066872566134
intservicecontractmileageaddon__app,float64,0.0,0.0,10000000.0,10000000.0,61894.84076131041,10596.9179750235,0.0,0.0,249,0.001337451322680274,0.0,0.754569625352491,5.37129045253122e-06,0.754569625352491
bitmaintenanceagreement__app,float64,0.0,0.0,1.0,1.0,0.2943133906889991,0.09579696522089431,0.0,0.0,2,1.074258090506244e-05,0.0,0.9042030347791057,0.09579696522089431,0.9042030347791057
fltapprovedapr_contract__app,float64,0.0,0.0,12707.0,12707.0,37.69886750971341,19.004397422854844,19.49,20.49,817,0.004388344299718007,0.0,0.00013965355176581172,5.37129045253122e-06,0.00013965355176581172
fltallowance__app,float64,0.0,-14100.0,21000.0,35100.0,1058.8602409744726,-10.7353424466228,0.0,0.0,7013,0.03766885994360145,0.04730495501544246,5.37129045253122e-06,1.074258090506244e-05,0.8407358667919967
fltaddfee__app,float64,0.0,0.0,0.0,0.0,0.0,0.0,0.0,0.0,1,5.37129045253122e-06,0.0,1.0,1.0,1.0
fltacquisitionfee__app,float64,0.0,0.0,4065.34,4065.34,308.14906082880174,350.2570808110649,249.0,249.0,2299,0.012348596750369277,0.0,0.09346582516449577,5.37129045253122e-06,0.09346582516449577
strdealershiptrackertype__app,object,0.0,,,,,,,Franchise,4,2.148516181012488e-05,,,,
bitdealerapplicantsamezip__app,float64,0.0,0.0,1.0,1.0,0.21568249269911824,0.048910970860749296,0.0,0.0,2,1.074258090506244e-05,0.0,0.9510890291392508,0.048910970860749296,0.9510890291392508
bitdealerapplicantsamecity__app,float64,0.0,0.0,1.0,1.0,0.3922711830468022,0.18996105814421915,0.0,0.0,2,1.074258090506244e-05,0.0,0.8100389418557808,0.18996105814421915,0.8100389418557808
bitdealerapplicantsamestate__app,float64,0.0,0.0,1.0,1.0,0.34146254359004813,0.8652450651268967,1.0,1.0,2,1.074258090506244e-05,0.0,0.13475493487310325,0.8652450651268967,0.13475493487310325
dealerzip__app,object,0.0,,,,,,,60126,2361,0.012681616758426212,,,,
dealercity__app,object,0.0,,,,,,,COLUMBUS,1292,0.006939707264670337,,,,
bitlhmgroup__app,object,0.0,,,,,,,False,6,3.222774271518733e-05,,,,
dealerstate__app,object,0.0,,,,,,,Ohio,43,0.00023096548945884248,,,,
bigdealertypeid__app,float64,0.0,1.0,5.0,4.0,0.4121970389280679,1.1438753860615012,1.0,1.0,3,1.6113871357593664e-05,0.0,0.8678071706727541,0.003894185578085135,0.0
bitrolled__app,object,0.0,,,,,,,True,4,2.148516181012488e-05,,,,
bigdealerid__app,float64,0.0,17.0,6035.0,6018.0,1408.1308277469893,2542.8910218880087,2423.0,2296.0,3473,0.018654491741640928,0.0,2.6856452262656103e-05,5.37129045253122e-06,0.0
applicationdayofweek__app,float64,0.0,1.0,7.0,6.0,1.8449392372078,4.628591379078824,5.0,7.0,7,3.759903316771854e-05,0.0,0.020432388881428763,0.22124345373976098,0.0
applicationquarter__app,float64,0.0,1.0,4.0,3.0,1.1194673186697213,2.574566939707265,3.0,4.0,4,2.148516181012488e-05,0.0,0.22582516449577011,0.2785551228682691,0.0
applicationmonth__app,float64,0.0,1.0,12.0,11.0,3.4335975179942686,6.714779105680139,7.0,10.0,12,6.445548543037465e-05,0.0,0.07752383510138311,0.08770243050892977,0.0
dtmstampcreation__app,object,0.0,,,,,,,2016-02-27,64258,0.3451483818987512,,,,
fundeddate__app,float64,0.0,20131004.0,20200330.0,69326.0,18093.05871020863,20164281.04261582,20161005.0,20161129.0,1664,0.00893782731301195,0.0,2.148516181012488e-05,5.37129045253122e-06,0.0
bitfunded__app,float64,0.0,1.0,1.0,0.0,0.0,1.0,1.0,1.0,1,5.37129045253122e-06,0.0,1.0,1.0,0.0
bitTarget24Months,int64,0.0,0,1,1,0.3130160878520687,0.11010071169598495,0.0,0,2,1.074258090506244e-05,0.0,0.889899288304015,0.11010071169598495,0.889899288304015
