accountid,request_datetime,bitdebtor,best_features,worst_features,list_pmt_hx_closed__tu_pmthx,list_pmt_hx_open__tu_pmthx,amtfinanced__app,bookvalue__app,flt_payment_open__tu_pmthx,ENG-bk,ENG-franchise,ENG-wtd_avg,fltgrossmonthly__income_sum,ENG-loan_to_value,miles_odometer__app,PD,LGD,ECNL,Tier,g106s__tu,has_inst_tag,rev326__tu,au20s__tu,linkt001__tu,balmag01__tu,br109s__tu,int_n_months_open__tu_pmthx,rtl_trd__tu,trv10__tu,trv13__tu,cv15__tu,rp01s__tu,jt20s__tu,linkt003__tu,g002s__tu,g407s__tu,g232s__tu,flt_wtd_avg_closed__tu_pmthx,linkf098__tu,linka003__tu,in30s__tu,linka006__tu,per235__tu,co01s__tu,st20s__tu,fi36s__tu,fi25s__tu,in21s__tu,aut252__tu,flt_wtd_avg_open__tu_pmthx,s068b__tu,rev326__tu_binned,au20s__tu_binned,linkt001__tu_binned,miles_odometer__app_binned,balmag01__tu_binned,fltgrossmonthly__income_sum_binned,br109s__tu_binned,int_n_months_open__tu_pmthx_binned,rtl_trd__tu_binned,ENG-loan_to_value_binned,trv10__tu_binned,trv13__tu_binned,cv15__tu_binned,rp01s__tu_binned,jt20s__tu_binned,linkt003__tu_binned,g002s__tu_binned,g407s__tu_binned,g232s__tu_binned,flt_wtd_avg_closed__tu_pmthx_binned,linkf098__tu_binned,linka003__tu_binned,in30s__tu_binned,linka006__tu_binned,per235__tu_binned,co01s__tu_binned,st20s__tu_binned,fi36s__tu_binned,fi25s__tu_binned,in21s__tu_binned,aut252__tu_binned,flt_wtd_avg_open__tu_pmthx_binned,s068b__tu_binned
8480757,2024-12-12 06:31:29+00:00,1,"['ENG-loan_to_value', 'g232s__tu', 'int_n_months_open__tu_pmthx', 'rev326__tu', 'br109s__tu']","['linkt001__tu', 'miles_odometer__app', 'linkt003__tu', 'jt20s__tu', 'st20s__tu']","[1, 1, 1, 1, 1, 1, 1, 1, 1, 1, 1, 1, 1, 1, 1, 1, 1, 1, 1, 1]","[1, 1, 1, 1, 1, 1, 1, 1, 1, 1, 1, 1, 1, 1, 1, 1, 1, 1, 1, 1, 1, 1, 1, 1, 1, 1, 1, 1, 1, 1, 1, 1, 1, 1, 1, 1, 1, 1, 1, 1, 1, 1, 1, 1]",10759.0,16650.0,423.0,0,1,1.0,4600.0,0.6461861861861862,87000.0,0.011208913304223142,0.5981905993444799,0.014811223844842207,A1,420.0,0,3048.0,65.0,10.0,180.0,0.0,44.0,5.0,12.0,6.0,0.0,0.0,1.0,1.0,0.0,0.0,2.0,1.0,0.0,0.0,0.0,4.0,0.0,0.0,1.0,999.0,1.0,47.0,0.0,1.0,18.0,0.3303293790064903,0.033099809731701964,-0.1766968871060351,-0.1480339008089022,0.22104746807346873,0.042980995456956494,0.2314914514296855,0.5817814468856474,0.2777036275647463,2.14714080533484,0.31726334943275103,0.19406097154440893,0.14740821351253497,0.03786678728154346,-0.10500822076779938,-0.1769148916433367,0.058713379170451635,0.1104556316405929,0.30264780780246364,0.22712633194820106,-0.015913935680823343,0.019263520896334846,0.2637365348807015,0.008716344988479816,-0.01720820228607994,0.07953789465473228,-0.03870947070341893,0.14394674830626408,0.2495240819192867,0.15397777142898117,-0.021987076259449127,0.19250785953917285,-0.01257544680360656
8617132,2025-02-04 01:08:08+00:00,1,"['ENG-loan_to_value', 'balmag01__tu', 'rtl_trd__tu', 'rev326__tu', 'au20s__tu']","['in21s__tu', 'linka006__tu', 'int_n_months_open__tu_pmthx', 'jt20s__tu', 'linka003__tu']","[1, 1, 1, 1, 1, 1, 1, 1, 1, 1, 1, 1, 1, 1, 1, 1, 1, 1, 1, 1, 1, 1, 1, 1, 1]","[1, 1, 1, 1, 1]",9914.8,27725.0,467.0,0,1,1.0,5832.67,0.35761226330027046,50000.0,0.012339156000328689,0.5981905993444799,0.016304702928555882,A1,265.0,0,35480.0,130.0,2.0,36.0,0.0,5.0,7.0,12.0,1.0,0.0,0.0,1.0,0.0,0.0,1.0,5.0,1.0,0.0,9.0,100.0,162.0,0.0,0.0,160.0,999.0,0.0,7.0,0.0,1.0,18.0,0.3303293790064903,0.34454722637988666,-0.018806864018595396,0.021624315630355516,0.3920629027413897,0.1215463073269011,0.2314914514296855,-0.09024169234603532,0.5169626501490205,2.14714080533484,0.31726334943275103,0.09589342920214582,0.14740821351253497,0.03786678728154346,-0.10500822076779938,0.06970520921885669,0.058713379170451635,0.005844930426972595,0.11093565458187296,0.22712633194820106,-0.015913935680823343,-0.06407911841772129,-0.031869433385888345,-0.06725758467036477,-0.01720820228607994,0.07953789465473228,0.10354191472936843,0.14394674830626408,-0.04861627180127161,-0.08335890504326564,-0.021987076259449127,0.19250785953917285,-0.01257544680360656
8474622,2024-12-10 02:31:55+00:00,1,"['ENG-loan_to_value', 'linkt001__tu', 'fltgrossmonthly__income_sum', 'rev326__tu', 'jt20s__tu']","['g407s__tu', 'g232s__tu', 'miles_odometer__app', 'cv15__tu', 'in21s__tu']","[1, 1, 1, 1, 1, 1, 1, 1, 1, 0, 1, 1, 1, 1, 1, 1]",[],22169.23,31425.0,669.0,0,1,0.9264705882352942,9000.0,0.7054647573587908,75000.0,0.01360843435516763,0.5981905993444799,0.017981900826754417,A1,289.0,0,463.0,125.0,0.0,245.0,0.0,0.0,5.0,12.0,4.0,5.0,0.0,222.0,0.0,0.0,6.0,22.0,0.9264705882352942,0.0,0.0,67.0,5.0,0.0,0.0,1.0,3.0,2.0,1.0,17072.0,0.0,18.0,0.3303293790064903,0.34454722637988666,0.4427367774168985,-0.10497479844572186,0.04097619351425082,0.42054655071960684,0.2314914514296855,-0.09024169234603532,0.2777036275647463,2.14714080533484,0.31726334943275103,0.19406097154440893,-0.1350249190907034,0.03786678728154346,0.566822986834768,0.06970520921885669,0.058713379170451635,-0.1904138962100055,-0.11857182263499148,0.22712633194820106,-0.015913935680823343,0.019263520896334846,0.2637365348807015,0.008716344988479816,-0.01720820228607994,0.07953789465473228,-0.03870947070341893,-0.02528638501619581,0.2495240819192867,-0.08335890504326564,0.24031466002796428,-0.09517110639155442,-0.01257544680360656
8516913,2024-12-23 21:12:21+00:00,1,"['ENG-loan_to_value', 'g232s__tu', 'fltgrossmonthly__income_sum', 'rev326__tu', 'br109s__tu']","['au20s__tu', 'in21s__tu', 'fi36s__tu', 'linka006__tu', 'int_n_months_open__tu_pmthx']",,"[1, 1, 1, 1, 1, 1, 1]",23584.0,32400.0,399.0,0,1,1.0,7666.0,0.7279012345679012,68562.0,0.017255240480342847,0.5981905993444799,0.022800714245389857,A1,194.0,0,38272.0,9.0,2.0,184.0,0.0,7.0,3.0,12.0,1.0,1.0,0.0,1.0,0.0,0.0,0.0,2.0,0.0,0.0,9.0,100.0,162.0,0.0,0.0,144.0,0.0,0.0,9.0,0.0,1.0,18.0,0.3303293790064903,-0.18920492071603767,-0.018806864018595396,-0.041515013036585294,0.22104746807346873,0.42054655071960684,0.2314914514296855,-0.09024169234603532,0.19764150432143243,2.14714080533484,0.31726334943275103,0.09589342920214582,0.14740821351253497,0.03786678728154346,-0.10500822076779938,0.06970520921885669,0.058713379170451635,0.1104556316405929,0.30264780780246364,-0.10772340600119266,-0.015913935680823343,-0.06407911841772129,-0.031869433385888345,-0.06725758467036477,-0.01720820228607994,0.07953789465473228,0.10354191472936843,-0.15167903806065022,-0.04861627180127161,-0.08335890504326564,-0.021987076259449127,0.19250785953917285,-0.01257544680360656
8470764,2024-12-08 00:10:21+00:00,1,"['ENG-loan_to_value', 'balmag01__tu', 'fltgrossmonthly__income_sum', 'br109s__tu', 'rtl_trd__tu']","['g232s__tu', 'in21s__tu', 'g407s__tu', 'co01s__tu', 'int_n_months_open__tu_pmthx']","[1, 1, 1, 1, 1, 1, 1, 1, 1, 1, 1, 1, 1, 1, 1, 1, 1, 1, 1, 1, 1, 1, 1, 1, 1, 1, 1, 1, 1, 1, 1, 1, 1, 1, 1, 1, 1, 1, 1, 1, 1, 1, 1, 1, 1, 1, 1, 1, 1, 1, 1, 1, 1, 1, 1, 1, 1, 1, 1, 1, 1, 1, 1, 1, 1, 1, 1, 1, 1, 1]","[1, 1, 1, 1, 1, 1, 1]",25000.0,33000.0,696.0,0,1,1.0,9000.0,0.7575757575757576,54000.0,0.01824173731797917,0.5981905993444799,0.02410425055510113,A1,278.0,0,141.0,91.0,2.0,114.0,0.0,7.0,4.0,12.0,0.0,1.0,0.0,88.0,0.0,0.0,3.0,14.0,1.0,0.0,0.0,100.0,3.0,0.0,2.0,1.0,999.0,1.0,8.0,4.0,1.0,6.0,0.1402491111383294,0.23248092831857015,-0.018806864018595396,0.021624315630355516,0.3079638557493251,0.42054655071960684,0.2314914514296855,-0.09024169234603532,0.2777036275647463,2.14714080533484,0.31726334943275103,-0.03114305560493474,0.14740821351253497,0.03786678728154346,0.2541763056483385,0.06970520921885669,0.058713379170451635,-0.060274266703106295,-0.11857182263499148,0.22712633194820106,-0.015913935680823343,0.019263520896334846,-0.031869433385888345,0.06369334380641194,-0.01720820228607994,-0.044196768556027305,-0.03870947070341893,0.14394674830626408,0.2495240819192867,-0.08335890504326564,0.1555126911470646,0.19250785953917285,-0.01257544680360656
8536040,2025-01-02 21:29:10+00:00,1,"['ENG-loan_to_value', 'miles_odometer__app', 'linkt001__tu', 'au20s__tu', 'rtl_trd__tu']","['co01s__tu', 'g002s__tu', 'br109s__tu', 'in21s__tu', 'rev326__tu']","[1, 1, 1, 1, 1, 1, 1, 1, 1, 1, 1, 1, 1, 1, 1, 1, 1, 1, 1, 1, 1, 1, 1, 1, 1, 1, 1, 1]","[1, 1]",50000.0,58550.0,1283.0,0,1,1.0,9083.0,0.8539709649871904,7500.0,0.023091908893576367,0.6052616798997871,0.03087385541405991,A1,349.0,0,29.0,139.0,0.0,210.0,2.0,2.0,6.0,12.0,4.0,1.0,0.0,52.0,0.0,3.0,2.0,8.0,1.0,0.0,0.0,67.0,2.0,0.0,3.0,241.0,10.0,2.0,4.0,1.0,1.0,18.0,-0.09331006418892002,0.5922503391999676,0.4427367774168985,0.6039820585160945,0.18836648636270167,0.42054655071960684,-0.0882551120007139,-0.09024169234603532,0.5169626501490205,1.0342990275627653,0.31726334943275103,0.19406097154440893,0.14740821351253497,0.03786678728154346,0.07115391723174808,0.06970520921885669,-0.10294473825256342,-0.060274266703106295,0.010140983831605175,0.22712633194820106,-0.015913935680823343,0.019263520896334846,0.2637365348807015,0.12769107527841583,-0.01720820228607994,-0.07981889261212467,0.2865005910986188,0.10569468094821943,0.2495240819192867,-0.08335890504326564,0.1555126911470646,0.19250785953917285,-0.01257544680360656
8549150,2025-01-08 04:40:41+00:00,1,"['ENG-loan_to_value', 'linkt001__tu', 'au20s__tu', 'g232s__tu', 'balmag01__tu']","['g002s__tu', 'in21s__tu', 'co01s__tu', 'fltgrossmonthly__income_sum', 'linka006__tu']","[1, 1, 1, 1, 1, 1, 1, 1, 1, 1, 1, 1, 1, 1, 1, 1, 1, 1, 1, 0, 0, 0, 1, 1, 1, 1, 1, 1, 1, 0, 1, 0, 1, 1, 0, 0, 0, 0, 0, 0, 0, 0, 0]","[1, 1, 1, 1, 1, 1, 1, 1, 1, 1, 1, 1, 1, 1, 1, 1, 1, 1, 1, 1, 1, 1, 1, 1, 1, 1, 1, 1, 1, 1, 1, 1, 1, 1, 1, 1]",24997.0,28025.0,469.0,0,1,1.0,3330.0,0.8919536128456735,45000.0,0.02396910858383306,0.6052616798997871,0.03204667038275992,A1,460.0,0,15944.0,177.0,0.0,118.0,0.0,36.0,2.0,12.0,0.0,0.0,0.0,531.0,0.0,3.0,1.0,1.0,0.49682875264270615,0.0,9.0,67.0,162.0,0.0,1.0,1.0,3.0,1.0,8.0,0.0,1.0,18.0,0.3303293790064903,0.5922503391999676,0.4427367774168985,0.057591744291193035,0.3079638557493251,-0.08813657991152038,0.2314914514296855,0.30040752540194077,0.14246534705327502,1.0342990275627653,0.31726334943275103,-0.03114305560493474,0.14740821351253497,0.03786678728154346,0.566822986834768,0.06970520921885669,-0.10294473825256342,0.005844930426972595,0.30264780780246364,0.10884211278369073,-0.015913935680823343,-0.06407911841772129,0.2637365348807015,-0.06725758467036477,-0.01720820228607994,-0.03838335303415237,-0.03870947070341893,-0.02528638501619581,0.2495240819192867,-0.08335890504326564,-0.021987076259449127,0.19250785953917285,-0.01257544680360656
8590217,2025-01-24 06:18:23+00:00,1,"['ENG-loan_to_value', 'miles_odometer__app', 'fltgrossmonthly__income_sum', 'rev326__tu', 'br109s__tu']","['linkt001__tu', 'au20s__tu', 'linkt003__tu', 'cv15__tu', 'balmag01__tu']",[],[1],16779.0,32675.0,301.0,0,1,1.0,10000.0,0.5135118592195869,12000.0,0.027833938002909803,0.5981905993444799,0.036779184123873425,A1,136.0,0,25661.0,4.0,8.0,298.0,0.0,1.0,3.0,12.0,2.0,4.0,0.0,1.0,1.0,0.0,3.0,11.0,0.0,0.0,0.0,100.0,1.0,0.0,0.0,70.0,0.0,0.0,2.0,30.0,1.0,18.0,0.3303293790064903,-0.18920492071603767,-0.1766968871060351,0.32412879260268035,-0.0821067315682433,0.42054655071960684,0.2314914514296855,-0.09024169234603532,0.19764150432143243,2.14714080533484,0.31726334943275103,0.19406097154440893,-0.1350249190907034,0.03786678728154346,-0.10500822076779938,-0.1769148916433367,0.058713379170451635,-0.060274266703106295,0.010140983831605175,-0.10772340600119266,-0.015913935680823343,0.019263520896334846,-0.031869433385888345,0.16263034302206456,-0.01720820228607994,0.07953789465473228,-0.03870947070341893,-0.15167903806065022,-0.04861627180127161,-0.08335890504326564,0.1555126911470646,0.19250785953917285,-0.01257544680360656
8524559,2024-12-28 01:56:25+00:00,1,"['ENG-loan_to_value', 'rtl_trd__tu', 'miles_odometer__app', 'rev326__tu', 'br109s__tu']","['in21s__tu', 'int_n_months_open__tu_pmthx', 'st20s__tu', 'linkf098__tu', 'fi25s__tu']","[1, 1, 1, 1, 1, 1, 1, 1, 1, 1, 1, 1, 1, 1, 1, 1, 1, 1, 1, 1, 1, 1, 1, 1, 1, 1, 1, 1, 1, 1, 1, 1, 1]","[1, 1, 1, 1, 1, 1, 1, 1]",23754.97,30275.0,785.0,0,1,1.0,5417.0,0.7846398018166805,18000.0,0.027838578358786205,0.5981905993444799,0.03678531579317443,A1,146.0,0,64706.0,94.0,1.0,196.0,0.0,8.0,9.0,12.0,3.0,1.0,0.0,78.0,0.0,0.0,1.0,8.0,1.0,0.0,0.0,100.0,3.0,0.0,0.0,1.0,999.0,0.0,9.0,0.0,1.0,18.0,0.3303293790064903,0.23248092831857015,0.10035386170314806,0.32412879260268035,0.22104746807346873,0.1215463073269011,0.2314914514296855,-0.09024169234603532,0.5169626501490205,1.0342990275627653,0.31726334943275103,0.19406097154440893,0.14740821351253497,0.03786678728154346,0.08627948092271391,0.06970520921885669,0.058713379170451635,0.005844930426972595,0.010140983831605175,0.22712633194820106,-0.015913935680823343,0.019263520896334846,-0.031869433385888345,0.06369334380641194,-0.01720820228607994,0.07953789465473228,-0.03870947070341893,0.14394674830626408,-0.04861627180127161,-0.08335890504326564,-0.021987076259449127,0.19250785953917285,-0.01257544680360656
8464710,2024-12-05 22:01:31+00:00,1,"['ENG-loan_to_value', 'rtl_trd__tu', 'au20s__tu', 'balmag01__tu', 'miles_odometer__app']","['g232s__tu', 'g002s__tu', 'br109s__tu', 'in21s__tu', 'g407s__tu']","[1, 1, 1, 1, 1, 1, 1, 1, 1, 1, 1, 1, 1, 1, 1, 1, 1, 1, 1, 1, 1, 1, 1, 0, 0, 0, 0]","[1, 1, 1, 1]",12209.61,50500.0,1288.0,0,1,1.0,4280.0,0.24177445544554457,33700.0,0.03069508996427541,0.5981905993444799,0.04055985054565127,A1,219.0,0,61.0,126.0,2.0,200.0,1.0,4.0,7.0,4.0,0.0,2.0,0.0,75.0,0.0,1.0,2.0,13.0,0.7301587301587301,0.0,0.0,100.0,14.0,0.0,0.0,120.0,7.0,0.0,5.0,94.0,1.0,18.0,0.03536532950450431,0.34454722637988666,-0.018806864018595396,0.13886964189649717,0.22104746807346873,0.042980995456956494,-0.0882551120007139,-0.09024169234603532,0.5169626501490205,2.14714080533484,-0.11478435367028723,-0.03114305560493474,0.011519414019293055,0.03786678728154346,0.08627948092271391,0.06970520921885669,-0.10294473825256342,-0.060274266703106295,-0.11857182263499148,0.10884211278369073,-0.015913935680823343,0.019263520896334846,-0.031869433385888345,-0.06725758467036477,-0.01720820228607994,0.07953789465473228,0.10354191472936843,0.10569468094821943,-0.04861627180127161,-0.08335890504326564,0.1555126911470646,0.19250785953917285,-0.01257544680360656
8583396,2025-01-22 00:13:57+00:00,1,"['ENG-loan_to_value', 'rtl_trd__tu', 'rev326__tu', 'br109s__tu', 'co01s__tu']","['miles_odometer__app', 'g232s__tu', 'linkt001__tu', 'balmag01__tu', 'in21s__tu']","[1, 1, 1, 1, 1, 1, 1, 1, 1, 1, 1, 1, 1, 1, 1, 1, 1, 1, 1, 1, 1, 1, 1, 1, 1, 1, 1, 1, 1, 1, 1, 1, 1, 1, 1, 1, 1, 1, 1, 1, 1, 1, 1, 1, 1, 1, 1, 1, 1, 1, 1, 1, 1, 1, 1, 1, 1, 1, 1, 1, 1, 1, 1, 1, 1, 1, 1, 1, 1, 1, 1, 1]","[1, 1]",18575.0,56600.0,378.0,0,1,1.0,7000.0,0.3281802120141343,83000.0,0.031095244045384808,0.5981905993444799,0.041088605787741095,A1,92.0,0,20322.0,84.0,5.0,450.0,0.0,2.0,12.0,10.0,5.0,2.0,0.0,1.0,0.0,0.0,2.0,13.0,1.0,0.0,0.0,100.0,8.0,0.0,0.0,1.0,999.0,0.0,3.0,378.0,1.0,18.0,0.3303293790064903,0.033099809731701964,-0.11863334655000428,-0.1480339008089022,-0.115666012319273,0.1215463073269011,0.2314914514296855,-0.09024169234603532,0.5169626501490205,2.14714080533484,0.20206341135887976,0.19406097154440893,0.011519414019293055,0.03786678728154346,-0.10500822076779938,0.06970520921885669,0.058713379170451635,-0.060274266703106295,-0.11857182263499148,0.22712633194820106,-0.015913935680823343,0.019263520896334846,-0.031869433385888345,-0.06725758467036477,-0.01720820228607994,0.07953789465473228,-0.03870947070341893,0.14394674830626408,-0.04861627180127161,-0.08335890504326564,0.24031466002796428,0.19250785953917285,-0.01257544680360656
8570330,2025-02-03 23:05:06+00:00,1,"['ENG-loan_to_value', 'au20s__tu', 'rtl_trd__tu', 'rev326__tu', 'br109s__tu']","['miles_odometer__app', 'balmag01__tu', 'in21s__tu', 'g407s__tu', 'linkt001__tu']","[1, 1, 1, 1, 1, 1, 1, 1, 1, 1, 1, 1, 1, 1, 1, 1, 1, 1, 1, 0, 0, 1, 1, 0]","[1, 1, 1, 1, 1, 1, 1, 1, 1, 1, 1, 1, 1, 1, 1, 1, 1, 1, 1, 1, 1, 1, 1, 1, 1, 1, 1, 1, 1, 1]",10066.32,11575.0,283.0,0,1,1.0,7060.07,0.869660475161987,80000.0,0.03268466165597875,0.6052616798997871,0.04369935473393733,A1,242.0,0,55466.0,134.0,3.0,410.0,0.0,30.0,6.0,12.0,3.0,1.0,0.0,1.0,0.0,0.0,2.0,5.0,0.7833333333333333,0.0,0.0,100.0,3.0,4816.0,0.0,244.0,999.0,1.0,6.0,0.0,1.0,18.0,0.3303293790064903,0.5922503391999676,-0.04993376262551217,-0.1480339008089022,-0.115666012319273,0.1215463073269011,0.2314914514296855,0.30040752540194077,0.5169626501490205,1.0342990275627653,0.31726334943275103,0.19406097154440893,0.14740821351253497,0.03786678728154346,-0.10500822076779938,0.06970520921885669,0.058713379170451635,-0.060274266703106295,0.11093565458187296,0.10884211278369073,-0.015913935680823343,0.019263520896334846,-0.031869433385888345,0.06369334380641194,0.19170173293364837,0.07953789465473228,0.2865005910986188,0.14394674830626408,0.2495240819192867,-0.08335890504326564,-0.021987076259449127,0.19250785953917285,-0.01257544680360656
8620423,2025-02-05 00:48:19+00:00,1,"['au20s__tu', 'balmag01__tu', 'miles_odometer__app', 'fltgrossmonthly__income_sum', 'rev326__tu']","['co01s__tu', 'linkt001__tu', 'st20s__tu', 'linkf098__tu', 'trv13__tu']","[1, 1, 1, 1, 1, 1, 1, 1, 1, 1, 1, 1, 1, 1, 1, 1]","[1, 1, 1, 1, 1, 1, 1, 1, 1, 1, 1, 0, 0, 0, 0, 0, 0, 0, 0, 0, 0, 1, 1, 1, 1, 1, 0, 1, 1, 1, 1]",31126.0,25875.0,839.0,0,1,0.6129032258064516,9167.0,1.2029371980676329,22000.0,0.035203529375030636,0.6154742159583763,0.04786123731752616,A1,249.0,0,413.0,141.0,2.0,6.0,0.0,31.0,4.0,11.0,0.0,1.0,0.0,209.0,0.0,0.0,0.0,3.0,1.0,0.0,0.0,67.0,3.0,0.0,4.0,1.0,7.0,3.0,34.0,0.0,0.6129032258064516,7.0,0.3303293790064903,0.5922503391999676,-0.018806864018595396,0.32412879260268035,0.3920629027413897,0.42054655071960684,0.2314914514296855,0.30040752540194077,0.2777036275647463,0.041781171001579714,0.20206341135887976,-0.03114305560493474,0.14740821351253497,0.03786678728154346,0.566822986834768,0.06970520921885669,0.058713379170451635,0.1104556316405929,0.21229951852229634,0.22712633194820106,-0.015913935680823343,0.019263520896334846,0.2637365348807015,0.06369334380641194,-0.01720820228607994,-0.10351188077213397,-0.03870947070341893,0.10569468094821943,0.2495240819192867,0.07695469362916456,-0.021987076259449127,0.11821491604874346,-0.01257544680360656
8604060,2025-01-29 23:07:01+00:00,1,"['linkt001__tu', 'au20s__tu', 'g232s__tu', 'miles_odometer__app', 'balmag01__tu']","['ENG-loan_to_value', 'in21s__tu', 'int_n_months_open__tu_pmthx', 'st20s__tu', 'linkf098__tu']","[1, 1, 1, 1, 1, 1, 1, 1, 1, 1, 1, 1, 1, 1, 1, 1, 1, 1]","[1, 1, 1, 1, 1, 1, 1, 1, 1, 1, 1, 1]",44102.58,30175.0,829.0,0,1,1.0,6667.0,1.461560231980116,20000.0,0.039552176669304814,0.6536030123642623,0.05710475673604339,A1,314.0,0,10481.0,144.0,0.0,120.0,0.0,12.0,4.0,12.0,0.0,1.0,0.0,116.0,0.0,0.0,1.0,2.0,1.0,0.0,0.0,100.0,2.0,0.0,0.0,1.0,999.0,1.0,10.0,0.0,1.0,18.0,0.3303293790064903,0.5922503391999676,0.4427367774168985,0.32412879260268035,0.3079638557493251,0.1215463073269011,0.2314914514296855,-0.09024169234603532,0.2777036275647463,-0.11900476184721898,0.31726334943275103,-0.03114305560493474,0.14740821351253497,0.03786678728154346,0.3858805028330724,0.06970520921885669,0.058713379170451635,0.005844930426972595,0.30264780780246364,0.22712633194820106,-0.015913935680823343,0.019263520896334846,-0.031869433385888345,0.12769107527841583,-0.01720820228607994,0.07953789465473228,-0.03870947070341893,0.14394674830626408,0.2495240819192867,-0.08335890504326564,-0.021987076259449127,0.19250785953917285,-0.01257544680360656
8481892,2024-12-13 00:37:11+00:00,1,"['ENG-loan_to_value', 'miles_odometer__app', 'rev326__tu', 'br109s__tu', 'rtl_trd__tu']","['co01s__tu', 'au20s__tu', 'balmag01__tu', 'g002s__tu', 'in21s__tu']",,"[1, 1, 1]",26725.28,39025.0,910.0,0,1,1.0,5917.0,0.684824599615631,23000.0,0.035304131421381904,0.5981905993444799,0.0599573935658198,A1,182.0,1,2192.0,4.0,2.0,300.0,0.0,3.0,4.0,8.0,0.0,2.0,0.0,34.0,0.0,2.0,2.0,4.0,0.0,0.0,5.0,100.0,21.0,0.0,5.0,93.0,999.0,0.0,4.0,303.0,1.0,2.0,0.3303293790064903,-0.18920492071603767,-0.018806864018595396,0.32412879260268035,-0.115666012319273,0.1215463073269011,0.2314914514296855,-0.09024169234603532,0.2777036275647463,2.14714080533484,-0.008653803370520737,-0.03114305560493474,0.011519414019293055,0.03786678728154346,-0.10500822076779938,0.06970520921885669,-0.10294473825256342,-0.060274266703106295,0.13674290816118406,-0.10772340600119266,-0.015913935680823343,-0.06407911841772129,-0.031869433385888345,-0.06725758467036477,-0.01720820228607994,-0.10351188077213397,-0.03870947070341893,0.14394674830626408,-0.04861627180127161,-0.08335890504326564,0.24031466002796428,0.19250785953917285,-0.01257544680360656
8621758,2025-02-05 05:34:15+00:00,1,"['ENG-loan_to_value', 'miles_odometer__app', 'fltgrossmonthly__income_sum', 'rev326__tu', 'au20s__tu']","['balmag01__tu', 'in21s__tu', 'int_n_months_open__tu_pmthx', 'jt20s__tu', 'st20s__tu']","[1, 1, 1, 1, 1, 1, 1, 1, 1, 1, 1, 1, 1, 1, 1, 1, 1, 1, 1, 1, 1, 1, 1, 1, 1, 1, 1, 1, 1, 1, 1, 1, 1, 1, 1, 1]","[1, 1, 1, 1, 1]",48661.0,50375.0,930.0,0,1,1.0,11742.160000000047,0.9659751861042184,15000.0,0.04581508467502515,0.6052616798997871,0.061254715084776576,A1,225.0,0,47537.0,121.0,1.0,478.0,0.0,5.0,3.0,12.0,2.0,2.0,0.0,1.0,0.0,0.0,1.0,6.0,1.0,0.0,0.0,100.0,1.0,0.0,0.0,1.0,999.0,0.0,6.0,90.0,1.0,18.0,0.3303293790064903,0.34454722637988666,0.10035386170314806,0.32412879260268035,-0.115666012319273,0.42054655071960684,0.2314914514296855,-0.09024169234603532,0.19764150432143243,0.6243896472613216,0.31726334943275103,0.19406097154440893,0.011519414019293055,0.03786678728154346,-0.10500822076779938,0.06970520921885669,0.058713379170451635,0.005844930426972595,0.11093565458187296,0.22712633194820106,-0.015913935680823343,0.019263520896334846,-0.031869433385888345,0.16263034302206456,-0.01720820228607994,0.07953789465473228,-0.03870947070341893,0.14394674830626408,-0.04861627180127161,-0.08335890504326564,0.1555126911470646,0.19250785953917285,-0.01257544680360656
8502606,2024-12-17 05:34:50+00:00,1,"['au20s__tu', 'ENG-loan_to_value', 'rev326__tu', 'g232s__tu', 'br109s__tu']","['miles_odometer__app', 'in21s__tu', 'int_n_months_open__tu_pmthx', 'jt20s__tu', 'st20s__tu']","[1, 1, 1, 1, 1, 1, 1, 1, 1, 1, 1, 1, 1, 1, 1, 1, 1, 1, 1, 1]","[1, 1]",25000.0,23350.0,675.0,0,1,1.0,6000.0,1.0706638115631693,86000.0,0.05387723935425733,0.6052616798997871,0.07203380654228887,A1,392.0,0,23737.0,133.0,1.0,184.0,0.0,2.0,5.0,12.0,3.0,0.0,0.0,1.0,0.0,0.0,0.0,3.0,1.0,0.0,0.0,50.0,2.0,0.0,0.0,1.0,999.0,0.0,3.0,18.0,1.0,18.0,0.3303293790064903,0.5922503391999676,0.10035386170314806,-0.1480339008089022,0.22104746807346873,0.1215463073269011,0.2314914514296855,-0.09024169234603532,0.2777036275647463,0.21535953634601085,0.31726334943275103,0.19406097154440893,0.14740821351253497,0.03786678728154346,-0.10500822076779938,0.06970520921885669,0.058713379170451635,0.1104556316405929,0.21229951852229634,0.22712633194820106,-0.015913935680823343,0.019263520896334846,0.2637365348807015,0.12769107527841583,-0.01720820228607994,0.07953789465473228,-0.03870947070341893,0.14394674830626408,-0.04861627180127161,-0.08335890504326564,0.1555126911470646,0.19250785953917285,-0.01257544680360656
8585972,2025-01-23 00:50:23+00:00,1,"['ENG-loan_to_value', 'linkt001__tu', 'fltgrossmonthly__income_sum', 'rev326__tu', 'au20s__tu']","['balmag01__tu', 'g002s__tu', 'in21s__tu', 'int_n_months_open__tu_pmthx', 'jt20s__tu']","[1, 1, 1, 1, 1, 1, 1, 1, 1, 1, 1, 1, 1, 1, 1, 1, 1, 1, 1, 1, 0, 0, 0, 0, 0, 0, 0, 0, 0, 0, 0, 0, 0, 0, 0, 0, 0, 0, 0, 0, 0, 0, 0, 0, 0, 0, 0, 0, 0, 0, 0, 0, 0, 0, 0, 0, 0, 0, 0, 0, 0, 0, 0, 0, 0, 0, 0, 0, 0, 0, 0, 0, 0, 0, 0, 0, 0, 0, 0]","[1, 1]",33719.0,35800.0,733.0,0,1,1.0,9167.0,0.9418715083798883,69000.0,0.06064864229539109,0.6052616798997871,0.0810871644226787,A,246.0,0,2019.0,102.0,0.0,392.0,0.0,2.0,2.0,10.0,2.0,2.0,0.0,1.0,0.0,1.0,1.0,10.0,0.06645569620253164,0.0,0.0,100.0,2.0,127.0,0.0,1.0,999.0,0.0,3.0,0.0,1.0,18.0,0.3303293790064903,0.34454722637988666,0.4427367774168985,-0.041515013036585294,-0.115666012319273,0.42054655071960684,0.2314914514296855,-0.09024169234603532,0.14246534705327502,0.6243896472613216,0.20206341135887976,0.19406097154440893,0.011519414019293055,0.03786678728154346,-0.10500822076779938,0.06970520921885669,-0.10294473825256342,0.005844930426972595,0.010140983831605175,-0.10772340600119266,-0.015913935680823343,0.019263520896334846,-0.031869433385888345,0.12769107527841583,0.19170173293364837,0.07953789465473228,-0.03870947070341893,0.14394674830626408,-0.04861627180127161,-0.08335890504326564,-0.021987076259449127,0.19250785953917285,-0.01257544680360656
8589796,2025-01-24 04:44:42+00:00,0,"['ENG-loan_to_value', 'linkt001__tu', 'balmag01__tu', 'rev326__tu', 'au20s__tu']","['g232s__tu', 'br109s__tu', 'in21s__tu', 'cv15__tu', 'co01s__tu']","[1, 1, 1, 1, 1, 1, 1, 1, 1, 1, 1, 1, 1, 1, 1, 1, 1, 1, 1, 1, 1, 1, 1, 1, 1, 1, 1, 1, 1, 1, 1, 1, 1, 1, 1, 1, 1, 1, 1, 1, 1, 1, 1, 1, 1, 1, 1, 1, 1, 1, 1, 1, 1, 1, 1, 1, 1, 1, 1, 1, 1, 1, 1, 1, 1, 1, 1, 1, 1, 1, 1, 1, 1, 1, 1, 1, 1, 1]","[1, 1, 1, 1, 1, 1]",24800.0,25800.0,477.0,0,1,1.0,4000.0,0.9612403100775194,40500.0,0.06221873931502556,0.6052616798997871,0.08318638231729483,A,328.0,0,762.0,87.0,0.0,94.0,1.0,6.0,2.0,12.0,2.0,3.0,0.0,7.0,0.0,0.0,1.0,14.0,1.0,0.0,0.0,67.0,2.0,0.0,1.0,1.0,18.0,2.0,7.0,0.0,1.0,1.0,0.3303293790064903,0.23248092831857015,0.4427367774168985,0.13886964189649717,0.3920629027413897,0.03450951651705543,-0.0882551120007139,-0.09024169234603532,0.14246534705327502,0.6243896472613216,0.31726334943275103,0.19406097154440893,-0.1312885948550934,0.03786678728154346,-0.10500822076779938,0.06970520921885669,0.058713379170451635,0.005844930426972595,-0.11857182263499148,0.22712633194820106,-0.015913935680823343,0.019263520896334846,0.2637365348807015,0.12769107527841583,-0.01720820228607994,-0.03838335303415237,-0.03870947070341893,0.14394674830626408,0.2495240819192867,-0.08335890504326564,-0.021987076259449127,0.19250785953917285,-0.01257544680360656
8529985,2024-12-30 20:31:53+00:00,1,"['au20s__tu', 'balmag01__tu', 'ENG-loan_to_value', 'fltgrossmonthly__income_sum', 'rev326__tu']","['miles_odometer__app', 'linkt001__tu', 'in21s__tu', 'co01s__tu', 'st20s__tu']","[1, 1, 1, 1, 1, 1, 1, 1, 1, 1, 1]","[1, 1, 1, 1, 1, 1, 1, 1, 1, 1, 1, 1, 1, 1, 1, 1, 1, 1, 1, 1, 1, 1, 1, 1, 1]",10318.0,9650.0,281.0,0,1,1.0,8833.0,1.069222797927461,90000.0,0.052396378032111654,0.6052616798997871,0.09003721976079446,A,166.0,1,12352.0,138.0,4.0,132.0,0.0,25.0,4.0,12.0,0.0,2.0,0.0,138.0,0.0,0.0,0.0,6.0,1.0,0.0,0.0,67.0,1.0,0.0,2.0,100.0,999.0,1.0,8.0,0.0,1.0,1.0,0.3303293790064903,0.5922503391999676,-0.08445504272173737,-0.1480339008089022,0.3079638557493251,0.42054655071960684,0.2314914514296855,0.16898341204685105,0.2777036275647463,0.21535953634601085,0.31726334943275103,-0.03114305560493474,0.011519414019293055,0.03786678728154346,0.566822986834768,0.06970520921885669,0.058713379170451635,0.1104556316405929,0.11093565458187296,0.22712633194820106,-0.015913935680823343,0.019263520896334846,0.2637365348807015,0.16263034302206456,-0.01720820228607994,-0.044196768556027305,-0.03870947070341893,0.14394674830626408,0.2495240819192867,-0.08335890504326564,-0.021987076259449127,0.19250785953917285,-0.01257544680360656
8623295,2025-02-06 01:06:53+00:00,1,"['linkt001__tu', 'miles_odometer__app', 'fltgrossmonthly__income_sum', 'rev326__tu', 'au20s__tu']","['ENG-loan_to_value', 'co01s__tu', 'in21s__tu', 'g407s__tu', 'int_n_months_open__tu_pmthx']","[1, 1, 1]",[],24000.0,15000.0,820.0,0,1,1.0,11742.160000000047,1.6,13000.0,0.06513245428296308,0.6637057085458945,0.0954906496664597,A,328.0,0,1860.0,127.0,0.0,192.0,0.0,0.0,3.0,12.0,0.0,1.0,0.0,105.0,0.0,0.0,2.0,7.0,1.0,0.0,0.0,100.0,1.0,0.0,3.0,1.0,999.0,0.0,2.0,15053.0,0.0,2.0,0.3303293790064903,0.34454722637988666,0.4427367774168985,0.32412879260268035,0.22104746807346873,0.42054655071960684,0.2314914514296855,-0.09024169234603532,0.19764150432143243,-0.11900476184721898,0.31726334943275103,-0.03114305560493474,0.14740821351253497,0.03786678728154346,0.3858805028330724,0.06970520921885669,0.058713379170451635,-0.060274266703106295,0.020564533232433003,0.22712633194820106,-0.015913935680823343,0.019263520896334846,-0.031869433385888345,0.16263034302206456,-0.01720820228607994,-0.07981889261212467,-0.03870947070341893,0.14394674830626408,-0.04861627180127161,-0.08335890504326564,0.24031466002796428,-0.09517110639155442,-0.01257544680360656
8601631,2025-01-29 00:28:46+00:00,1,"['linkt001__tu', 'au20s__tu', 'miles_odometer__app', 'rev326__tu', 'jt20s__tu']","['g232s__tu', 'cv15__tu', 'in21s__tu', 'g407s__tu', 'co01s__tu']","[1, 1, 1, 1, 1, 1, 1, 1, 1, 1, 1, 1, 1, 1, 1, 1, 1, 1, 1, 1, 1, 1, 1]","[1, 1, 1, 1, 1, 1, 1, 1]",47445.0,38350.0,795.0,0,1,1.0,4833.0,1.2371577574967405,21250.0,0.07169007216409211,0.6356838066052604,0.10066720660496987,A,290.0,0,320.0,143.0,0.0,186.0,0.0,8.0,4.0,12.0,1.0,4.0,0.0,249.0,0.0,0.0,3.0,23.0,1.0,0.0,0.0,100.0,13.0,0.0,1.0,1.0,999.0,0.0,9.0,13.0,1.0,1.0,0.3303293790064903,0.5922503391999676,0.4427367774168985,0.32412879260268035,0.22104746807346873,0.042980995456956494,0.2314914514296855,-0.09024169234603532,0.2777036275647463,0.041781171001579714,0.31726334943275103,0.09589342920214582,-0.1350249190907034,0.03786678728154346,0.566822986834768,0.06970520921885669,0.058713379170451635,-0.060274266703106295,-0.11857182263499148,0.22712633194820106,-0.015913935680823343,0.019263520896334846,-0.031869433385888345,-0.06725758467036477,-0.01720820228607994,-0.03838335303415237,-0.03870947070341893,0.14394674830626408,-0.04861627180127161,-0.08335890504326564,0.1555126911470646,0.19250785953917285,-0.01257544680360656
8509228,2024-12-20 01:01:21+00:00,1,"['linkt001__tu', 'balmag01__tu', 'ENG-loan_to_value', 'fltgrossmonthly__income_sum', 'rev326__tu']","['miles_odometer__app', 'co01s__tu', 'g002s__tu', 'br109s__tu', 'in21s__tu']","[1, 1, 1, 1, 1, 1, 1, 1, 1, 1, 1, 1, 1, 1, 1, 1, 1, 1, 1, 1, 1, 1, 1, 1, 1, 1, 1, 1, 1, 1, 1, 1, 1, 1, 1, 1, 1, 1, 1, 1, 1, 1, 1, 1, 1, 1, 1, 1, 1, 1]","[1, 1, 1, 1]",32137.0,28600.0,714.0,0,1,1.0,10833.0,1.1236713286713287,92000.0,0.07467786262230768,0.6154742159583763,0.10152887988177108,A,280.0,0,369.0,119.0,0.0,74.0,2.0,4.0,3.0,12.0,0.0,3.0,0.0,119.0,0.0,1.0,4.0,8.0,1.0,0.0,0.0,60.0,1.0,0.0,3.0,208.0,14.0,1.0,6.0,250.0,1.0,2.0,0.3303293790064903,0.34454722637988666,0.4427367774168985,-0.1480339008089022,0.3920629027413897,0.42054655071960684,-0.0882551120007139,-0.09024169234603532,0.19764150432143243,0.21535953634601085,0.31726334943275103,-0.03114305560493474,-0.1312885948550934,0.03786678728154346,0.3858805028330724,0.06970520921885669,-0.10294473825256342,-0.060274266703106295,0.010140983831605175,0.22712633194820106,-0.015913935680823343,0.019263520896334846,0.2637365348807015,0.16263034302206456,-0.01720820228607994,-0.07981889261212467,0.2865005910986188,0.10569468094821943,0.2495240819192867,-0.08335890504326564,0.24031466002796428,0.19250785953917285,-0.01257544680360656
8611791,2025-02-01 04:38:00+00:00,1,"['linkt001__tu', 'ENG-loan_to_value', 'rev326__tu', 'br109s__tu', 'balmag01__tu']","['au20s__tu', 'in21s__tu', 'fi36s__tu', 'int_n_months_open__tu_pmthx', 'jt20s__tu']",,"[1, 1, 1, 1]",39758.0,37625.0,822.0,0,1,1.0,6992.0,1.0566910299003323,46120.0,0.07677992776706312,0.6052616798997871,0.10265467439297263,A,464.0,0,34099.0,5.0,0.0,194.0,0.0,4.0,4.0,12.0,1.0,1.0,0.0,1.0,0.0,0.0,1.0,5.0,0.0,0.0,0.0,100.0,1.0,0.0,0.0,1.0,0.0,0.0,5.0,33.0,1.0,18.0,0.3303293790064903,-0.18920492071603767,0.4427367774168985,0.057591744291193035,0.22104746807346873,0.1215463073269011,0.2314914514296855,-0.09024169234603532,0.2777036275647463,0.21535953634601085,0.31726334943275103,0.09589342920214582,0.14740821351253497,0.03786678728154346,-0.10500822076779938,0.06970520921885669,0.058713379170451635,0.005844930426972595,0.11093565458187296,-0.10772340600119266,-0.015913935680823343,0.019263520896334846,-0.031869433385888345,0.16263034302206456,-0.01720820228607994,0.07953789465473228,-0.03870947070341893,-0.15167903806065022,-0.04861627180127161,-0.08335890504326564,0.1555126911470646,0.19250785953917285,-0.01257544680360656
8547473,2025-01-07 10:58:24+00:00,1,"['au20s__tu', 'rtl_trd__tu', 'fltgrossmonthly__income_sum', 'rev326__tu', 'jt20s__tu']","['ENG-loan_to_value', 'in21s__tu', 'cv15__tu', 'linkt001__tu', 'st20s__tu']","[1, 1, 1, 1]","[1, 1, 1, 1, 1, 1, 1, 1, 1, 1, 1, 1, 0, 0]",28200.0,20925.0,614.0,0,1,0.7428571428571429,7417.0,1.3476702508960574,41109.0,0.0732190815512363,0.6453188404962024,0.10437259306861674,A,212.0,0,3110.0,151.0,3.0,232.0,0.0,14.0,6.0,12.0,1.0,3.0,0.0,151.0,0.0,0.0,1.0,12.0,1.0,0.0,0.0,50.0,4.0,0.0,0.0,1.0,1.0,0.0,16.0,65.0,0.7428571428571429,1.0,0.3303293790064903,0.5922503391999676,-0.04993376262551217,0.057591744291193035,0.18836648636270167,0.42054655071960684,0.2314914514296855,0.009386984627154335,0.5169626501490205,-0.1034032771581637,0.31726334943275103,0.09589342920214582,-0.1312885948550934,0.03786678728154346,0.566822986834768,0.06970520921885669,0.058713379170451635,0.005844930426972595,0.010140983831605175,0.22712633194820106,-0.015913935680823343,0.019263520896334846,0.2637365348807015,0.008716344988479816,-0.01720820228607994,0.07953789465473228,-0.03870947070341893,-0.02528638501619581,-0.04861627180127161,-0.08335890504326564,0.1555126911470646,0.11821491604874346,-0.01257544680360656
8619975,2025-02-04 23:10:49+00:00,1,"['ENG-loan_to_value', 'miles_odometer__app', 'rev326__tu', 'br109s__tu', 'balmag01__tu']","['au20s__tu', 'rtl_trd__tu', 'cv15__tu', 'jt20s__tu', 'flt_wtd_avg_closed__tu_pmthx']",,"[1, 1, 1, 1, 1, 1, 1, 1, 1, 1, 1, 1, 1, 1, 1]",23425.0,23825.0,604.0,0,1,1.0,6667.0,0.9832109129066107,20000.0,0.07817801200603519,0.6052616798997871,0.10452391139930375,A,25.0,0,947.0,17.0,1.0,149.0,0.0,15.0,0.0,11.0,0.0,3.0,0.0,1.0,0.0,0.0,1.0,7.0,0.0,0.0,0.0,100.0,3.0,0.0,0.0,1.0,999.0,1.0,17.0,0.0,1.0,18.0,0.3303293790064903,-0.18920492071603767,0.10035386170314806,0.32412879260268035,0.22104746807346873,0.1215463073269011,0.2314914514296855,0.009386984627154335,-0.13664116069610954,0.6243896472613216,0.20206341135887976,-0.03114305560493474,-0.1312885948550934,0.03786678728154346,-0.10500822076779938,0.06970520921885669,0.058713379170451635,0.005844930426972595,0.020564533232433003,-0.10772340600119266,-0.015913935680823343,0.019263520896334846,-0.031869433385888345,0.06369334380641194,-0.01720820228607994,0.07953789465473228,-0.03870947070341893,0.14394674830626408,0.2495240819192867,0.005617409643594694,-0.021987076259449127,0.19250785953917285,-0.01257544680360656
8523522,2024-12-27 22:15:07+00:00,1,"['ENG-loan_to_value', 'br109s__tu', 'balmag01__tu', 'g407s__tu', 'co01s__tu']","['miles_odometer__app', 'rtl_trd__tu', 'in21s__tu', 'int_n_months_open__tu_pmthx', 'jt20s__tu']","[1, 1, 1, 1, 1, 1, 1, 1, 1, 1, 1, 1, 1, 1, 1, 1, 1, 1, 1, 1, 1, 1, 1]","[1, 1, 1, 1, 1, 1, 1, 1, 1]",26278.17,26225.0,613.0,0,1,1.0,5416.0,1.0020274547187797,78000.0,0.08120370504078916,0.6052616798997871,0.10856925947827127,A,74.0,0,272.0,56.0,2.0,170.0,0.0,9.0,0.0,12.0,2.0,1.0,0.0,10.0,0.0,0.0,0.0,7.0,1.0,0.0,0.0,50.0,2.0,0.0,0.0,1.0,999.0,0.0,10.0,404.0,1.0,18.0,0.1402491111383294,0.033099809731701964,-0.018806864018595396,-0.1480339008089022,0.22104746807346873,0.1215463073269011,0.2314914514296855,-0.09024169234603532,-0.13664116069610954,0.6243896472613216,0.31726334943275103,0.19406097154440893,0.14740821351253497,0.03786678728154346,-0.10500822076779938,0.06970520921885669,0.058713379170451635,0.1104556316405929,0.020564533232433003,0.22712633194820106,-0.015913935680823343,0.019263520896334846,0.2637365348807015,0.12769107527841583,-0.01720820228607994,0.07953789465473228,-0.03870947070341893,0.14394674830626408,-0.04861627180127161,-0.08335890504326564,0.24031466002796428,0.19250785953917285,-0.01257544680360656
8481107,2024-12-12 08:31:11+00:00,1,"['miles_odometer__app', 'balmag01__tu', 'ENG-loan_to_value', 'g232s__tu', 'br109s__tu']","['au20s__tu', 'rtl_trd__tu', 'in21s__tu', 'co01s__tu', 'int_n_months_open__tu_pmthx']",,"[1, 1, 1, 1, 1]",33680.0,30825.0,765.0,0,1,1.0,6000.0,1.0926196269261963,6700.0,0.09093689092355016,0.6052616798997871,0.12158251771722632,A,169.0,0,255.0,8.0,1.0,130.0,0.0,5.0,0.0,12.0,0.0,1.0,0.0,1.0,0.0,0.0,1.0,3.0,0.0,0.0,0.0,100.0,3.0,0.0,1.0,1.0,999.0,0.0,8.0,4.0,1.0,18.0,0.1402491111383294,-0.18920492071603767,0.10035386170314806,0.6039820585160945,0.3079638557493251,0.1215463073269011,0.2314914514296855,-0.09024169234603532,-0.13664116069610954,0.21535953634601085,0.31726334943275103,-0.03114305560493474,0.14740821351253497,0.03786678728154346,-0.10500822076779938,0.06970520921885669,0.058713379170451635,0.005844930426972595,0.21229951852229634,-0.10772340600119266,-0.015913935680823343,0.019263520896334846,-0.031869433385888345,0.06369334380641194,-0.01720820228607994,-0.03838335303415237,-0.03870947070341893,0.14394674830626408,-0.04861627180127161,-0.08335890504326564,0.1555126911470646,0.19250785953917285,-0.01257544680360656
8505648,2024-12-18 07:40:35+00:00,1,"['au20s__tu', 'miles_odometer__app', 'fltgrossmonthly__income_sum', 'rev326__tu', 'g232s__tu']","['balmag01__tu', 'br109s__tu', 'in21s__tu', 'co01s__tu', 'int_n_months_open__tu_pmthx']","[1, 1, 1, 1, 1, 1, 1, 1, 1, 1, 1, 1, 1, 1, 1, 1, 1, 1, 1, 1, 1, 1, 1, 1, 1, 1, 1, 1, 1, 1, 1, 1, 1, 1, 1, 1, 1, 1, 1, 1, 1, 1, 1, 1, 1, 1, 1, 1, 1, 1, 1, 1, 1, 1, 1, 1, 1, 1, 1, 1, 1]","[1, 1, 1, 1, 1, 1, 1, 1, 1]",35000.0,28800.0,868.0,0,1,1.0,9167.0,1.2152777777777777,21000.0,0.08940406085687884,0.6356838066052604,0.12554119132426597,A,336.0,0,4394.0,134.0,1.0,472.0,1.0,9.0,1.0,12.0,0.0,1.0,0.0,49.0,0.0,0.0,1.0,3.0,1.0,0.0,0.0,100.0,2.0,0.0,2.0,143.0,999.0,1.0,12.0,0.0,1.0,18.0,0.3303293790064903,0.5922503391999676,0.10035386170314806,0.32412879260268035,-0.115666012319273,0.42054655071960684,-0.0882551120007139,-0.09024169234603532,-0.003177477004452432,0.041781171001579714,0.31726334943275103,-0.03114305560493474,0.14740821351253497,0.03786678728154346,0.07115391723174808,0.06970520921885669,0.058713379170451635,0.005844930426972595,0.21229951852229634,0.22712633194820106,-0.015913935680823343,0.019263520896334846,-0.031869433385888345,0.12769107527841583,-0.01720820228607994,-0.044196768556027305,0.10354191472936843,0.14394674830626408,0.2495240819192867,-0.08335890504326564,-0.021987076259449127,0.19250785953917285,-0.01257544680360656
8487138,2024-12-14 20:56:52+00:00,1,"['balmag01__tu', 'g232s__tu', 'rev326__tu', 'br109s__tu', 'au20s__tu']","['ENG-loan_to_value', 'miles_odometer__app', 'linkt001__tu', 'fi36s__tu', 'st20s__tu']","[1, 1, 1, 1, 1, 1, 1, 1, 1, 1, 1, 1]","[1, 1, 1, 1, 1, 1, 1, 1, 1, 1, 1, 1, 1, 1, 1, 1, 1]",33741.0,21350.0,631.0,0,1,1.0,6250.0,1.5803747072599532,80000.0,0.10005916638616343,0.6637057085458945,0.14669667999595698,B,90.0,0,8927.0,90.0,4.0,70.0,0.0,17.0,1.0,12.0,0.0,1.0,0.0,90.0,0.0,0.0,0.0,2.0,1.0,0.0,0.0,100.0,3.0,0.0,0.0,1.0,0.0,0.0,18.0,0.0,1.0,18.0,0.3303293790064903,0.23248092831857015,-0.08445504272173737,-0.1480339008089022,0.3920629027413897,0.1215463073269011,0.2314914514296855,0.009386984627154335,-0.003177477004452432,-0.11900476184721898,0.31726334943275103,-0.03114305560493474,0.14740821351253497,0.03786678728154346,0.2541763056483385,0.06970520921885669,0.058713379170451635,0.1104556316405929,0.30264780780246364,0.22712633194820106,-0.015913935680823343,0.019263520896334846,-0.031869433385888345,0.06369334380641194,-0.01720820228607994,0.07953789465473228,-0.03870947070341893,-0.15167903806065022,-0.04861627180127161,0.005617409643594694,-0.021987076259449127,0.19250785953917285,-0.01257544680360656
8473449,2024-12-09 21:38:30+00:00,1,"['linkt001__tu', 'balmag01__tu', 'br109s__tu', 'rtl_trd__tu', 'miles_odometer__app']","['ENG-loan_to_value', 'co01s__tu', 'jt20s__tu', 'st20s__tu', 'linkf098__tu']","[1, 1, 1, 1, 1, 1, 1, 1, 1, 1, 1, 1, 1, 1, 1, 1, 1, 1, 1, 1, 1, 1, 1, 1, 0]","[1, 1, 1, 1, 1, 1, 1, 1, 1, 1, 1, 1, 1, 1, 1]",32380.28,20775.0,580.0,0,1,1.0,6250.0,1.5586175691937425,39000.0,0.1004711331569982,0.6637057085458945,0.14730066421582225,B,415.0,0,115.0,53.0,0.0,138.0,0.0,15.0,5.0,11.0,0.0,2.0,0.0,1.0,0.0,0.0,1.0,9.0,0.9230769230769231,0.0,0.0,100.0,1.0,0.0,1.0,1.0,29.0,1.0,17.0,30.0,1.0,2.0,0.03536532950450431,0.033099809731701964,0.4427367774168985,0.13886964189649717,0.3079638557493251,0.1215463073269011,0.2314914514296855,0.009386984627154335,0.2777036275647463,-0.11900476184721898,0.20206341135887976,-0.03114305560493474,0.011519414019293055,0.03786678728154346,-0.10500822076779938,0.06970520921885669,0.058713379170451635,0.005844930426972595,0.010140983831605175,0.22712633194820106,-0.015913935680823343,0.019263520896334846,-0.031869433385888345,0.16263034302206456,-0.01720820228607994,-0.03838335303415237,-0.03870947070341893,0.14394674830626408,0.2495240819192867,0.005617409643594694,0.1555126911470646,0.19250785953917285,-0.01257544680360656
8587746,2025-01-23 08:34:18+00:00,0,"['au20s__tu', 'rtl_trd__tu', 'miles_odometer__app', 'balmag01__tu', 'rev326__tu']","['co01s__tu', 'ENG-loan_to_value', 'br109s__tu', 'in21s__tu', 'cv15__tu']","[1, 1, 1, 1, 1, 1, 1, 1, 1, 1, 1, 1, 1, 1, 1, 1, 1, 1, 1, 1, 1, 1, 1, 1, 1, 1, 1, 1, 1, 1, 1, 1, 1, 1, 1, 1, 1, 1, 1, 1, 1, 1, 1, 1, 1, 1, 1, 1, 1, 1, 1, 1]","[1, 1, 1, 1, 1, 1, 1, 1]",44649.0,32125.0,602.0,0,1,1.0,1300.0,1.389852140077821,10000.0,0.10396713646843715,0.6453188404962024,0.14820343819167053,B,360.0,0,350.0,168.0,1.0,138.0,2.0,8.0,12.0,12.0,1.0,3.0,0.0,168.0,0.0,0.0,3.0,7.0,1.0,0.0,0.0,100.0,8.0,0.0,4.0,1.0,999.0,1.0,10.0,18.0,1.0,1.0,0.3303293790064903,0.5922503391999676,0.10035386170314806,0.32412879260268035,0.3079638557493251,-0.11205834465656199,-0.0882551120007139,-0.09024169234603532,0.5169626501490205,-0.11900476184721898,0.31726334943275103,0.09589342920214582,-0.1312885948550934,0.03786678728154346,0.566822986834768,0.06970520921885669,0.058713379170451635,-0.060274266703106295,0.020564533232433003,0.22712633194820106,-0.015913935680823343,0.019263520896334846,-0.031869433385888345,-0.06725758467036477,-0.01720820228607994,-0.10351188077213397,-0.03870947070341893,0.14394674830626408,0.2495240819192867,-0.08335890504326564,0.1555126911470646,0.19250785953917285,-0.01257544680360656
8529439,2024-12-29 10:43:32+00:00,1,"['ENG-loan_to_value', 'rtl_trd__tu', 'rev326__tu', 'jt20s__tu', 'au20s__tu']","['g232s__tu', 'g407s__tu', 'cv15__tu', 'miles_odometer__app', 'g002s__tu']","[1, 1, 0, 1, 1, 1, 0, 1, 1, 0, 0, 0, 0, 0, 0, 0, 0, 0, 0, 0, 0, 1, 1, 1, 1, 0, 0, 0, 0, 0, 0, 0, 0, 0, 0]","[0, 0, 1, 1, 1, 1, 1, 1, 1, 1, 1, 1, 1, 1, 1, 1, 1, 1, 1, 1, 1, 1, 1, 1, 1, 1, 1, 1]",10445.0,12875.0,425.0,0,1,0.9926108374384236,5000.0,0.8112621359223301,83000.0,0.09314589428150682,0.6052616798997871,0.16006063144479082,B,448.0,1,45580.0,130.0,1.0,290.0,0.0,28.0,13.0,12.0,0.0,8.0,0.0,170.0,0.0,4.0,6.0,35.0,0.20476190476190476,0.0,0.0,100.0,16.0,9.0,2.0,1.0,0.0,0.0,30.0,0.0,0.9926108374384236,18.0,0.3303293790064903,0.34454722637988666,0.10035386170314806,-0.1480339008089022,-0.0821067315682433,0.05343808535863555,0.2314914514296855,0.16898341204685105,0.5169626501490205,1.0342990275627653,0.31726334943275103,-0.03114305560493474,-0.2782711354419625,0.03786678728154346,0.566822986834768,0.06970520921885669,-0.10294473825256342,-0.1904138962100055,-0.2883839414548278,0.007323925150342305,-0.015913935680823343,0.019263520896334846,-0.031869433385888345,-0.06725758467036477,0.19170173293364837,-0.044196768556027305,-0.03870947070341893,-0.15167903806065022,-0.04861627180127161,0.005617409643594694,-0.021987076259449127,0.19250785953917285,-0.01257544680360656
8473639,2024-12-10 03:26:04+00:00,0,"['linkt001__tu', 'au20s__tu', 'jt20s__tu', 'rtl_trd__tu', 'balmag01__tu']","['miles_odometer__app', 'co01s__tu', 'ENG-loan_to_value', 'g002s__tu', 'br109s__tu']","[1, 1, 1, 1, 1, 1, 1, 1, 1, 1, 1, 1, 1, 1, 1, 1, 1, 1, 1, 1, 1, 1, 1, 1, 1, 1, 1, 1, 1, 1, 1, 1, 1, 1, 1, 1, 1, 1, 1, 1, 1, 1, 1, 1, 1, 1, 1, 1, 1, 1, 1, 1, 1, 1, 1, 1, 1, 1, 1, 1, 1, 1, 1, 1, 1, 1, 1, 1, 1, 1, 1, 1, 1, 1]","[1, 1, 1]",25345.0,16150.0,673.0,0,1,1.0,3850.0,1.5693498452012384,99865.0,0.1154931247333185,0.6637057085458945,0.1693243964810768,B,554.0,0,0.0,171.0,0.0,218.0,1.0,3.0,4.0,12.0,4.0,1.0,0.0,180.0,0.0,4.0,0.0,5.0,1.0,0.0,0.0,33.0,1.0,0.0,4.0,1.0,999.0,2.0,5.0,0.0,1.0,2.0,-0.09331006418892002,0.5922503391999676,0.4427367774168985,-0.2679280215006448,0.18836648636270167,0.03450951651705543,-0.0882551120007139,-0.09024169234603532,0.2777036275647463,-0.11900476184721898,0.31726334943275103,0.19406097154440893,0.14740821351253497,0.03786678728154346,0.566822986834768,0.06970520921885669,-0.10294473825256342,0.1104556316405929,0.11093565458187296,0.22712633194820106,-0.015913935680823343,0.019263520896334846,0.2637365348807015,0.16263034302206456,-0.01720820228607994,-0.10351188077213397,-0.03870947070341893,0.14394674830626408,0.2495240819192867,-0.08335890504326564,-0.021987076259449127,0.19250785953917285,-0.01257544680360656
8587890,2025-01-23 21:04:37+00:00,1,"['miles_odometer__app', 'au20s__tu', 'br109s__tu', 'co01s__tu', 'rev326__tu']","['ENG-loan_to_value', 'g232s__tu', 'in21s__tu', 'g407s__tu', 'fltgrossmonthly__income_sum']","[1, 1, 1, 1, 1, 1, 1, 1, 1, 1, 1, 1, 1, 1]","[1, 1, 1]",31062.0,22175.0,657.0,0,1,1.0,3583.0,1.4007666290868095,5350.0,0.12635308287307437,0.6453188404962024,0.18011423555549805,B,365.0,0,242.0,104.0,2.0,259.0,0.0,3.0,2.0,12.0,4.0,1.0,0.0,1.0,0.0,0.0,3.0,21.0,1.0,1.0,2.0,50.0,33.0,0.0,0.0,1.0,78.0,1.0,4.0,0.0,1.0,1.0,0.1402491111383294,0.34454722637988666,-0.018806864018595396,0.6039820585160945,0.04097619351425082,-0.08813657991152038,0.2314914514296855,-0.09024169234603532,0.14246534705327502,-0.11900476184721898,0.31726334943275103,0.19406097154440893,0.14740821351253497,0.03786678728154346,-0.10500822076779938,0.06970520921885669,0.058713379170451635,-0.060274266703106295,-0.11857182263499148,0.22712633194820106,-0.015913935680823343,-0.06407911841772129,0.2637365348807015,-0.06725758467036477,-0.01720820228607994,0.07953789465473228,-0.03870947070341893,0.14394674830626408,0.2495240819192867,-0.08335890504326564,-0.021987076259449127,0.19250785953917285,-0.01257544680360656
8431447,2024-11-30 01:19:29+00:00,1,"['miles_odometer__app', 'rtl_trd__tu', 'fltgrossmonthly__income_sum', 'rev326__tu', 'jt20s__tu']","['g407s__tu', 'co01s__tu', 'g232s__tu', 'ENG-loan_to_value', 'br109s__tu']","[1, 1, 1, 1, 1, 1, 1, 1]","[1, 1, 1]",44477.0,35200.0,970.0,0,1,1.0,11742.160000000047,1.2635511363636365,3550.0,0.12852129236237284,0.6356838066052604,0.18046961177228393,B,359.0,0,6789.0,84.0,2.0,254.0,1.0,3.0,13.0,12.0,5.0,4.0,0.0,109.0,0.0,0.0,7.0,20.0,1.0,1.0,0.0,100.0,6.0,170.0,6.0,182.0,1.0,4.0,2.0,0.0,1.0,18.0,0.3303293790064903,0.033099809731701964,-0.018806864018595396,0.6039820585160945,0.04097619351425082,0.42054655071960684,-0.0882551120007139,-0.09024169234603532,0.5169626501490205,-0.1034032771581637,0.31726334943275103,0.19406097154440893,-0.1350249190907034,0.03786678728154346,0.3858805028330724,0.06970520921885669,0.058713379170451635,-0.1904138962100055,-0.11857182263499148,0.22712633194820106,-0.015913935680823343,0.019263520896334846,-0.031869433385888345,0.008716344988479816,0.19170173293364837,-0.10351188077213397,0.13029271559890934,-0.02528638501619581,0.2495240819192867,-0.08335890504326564,-0.021987076259449127,0.19250785953917285,-0.01257544680360656
8611969,2025-02-01 05:17:19+00:00,1,"['balmag01__tu', 'miles_odometer__app', 'fltgrossmonthly__income_sum', 'rev326__tu', 'g232s__tu']","['co01s__tu', 'ENG-loan_to_value', 'br109s__tu', 'in21s__tu', 'linkt001__tu']","[1, 1, 1, 1, 1, 1, 1, 1, 1, 1, 1]","[1, 1, 1, 1, 1, 1, 1]",49190.0,36700.0,987.0,0,1,1.0,11742.160000000047,1.3403269754768392,19429.0,0.12675464803351127,0.6453188404962024,0.18068666006824596,B,336.0,0,2619.0,81.0,3.0,90.0,2.0,7.0,1.0,12.0,1.0,1.0,0.0,1.0,0.0,0.0,1.0,5.0,1.0,0.0,0.0,100.0,6.0,0.0,5.0,1.0,38.0,1.0,8.0,2.0,1.0,18.0,0.3303293790064903,0.033099809731701964,-0.04993376262551217,0.32412879260268035,0.3920629027413897,0.42054655071960684,-0.0882551120007139,-0.09024169234603532,-0.003177477004452432,-0.1034032771581637,0.31726334943275103,0.09589342920214582,0.14740821351253497,0.03786678728154346,-0.10500822076779938,0.06970520921885669,0.058713379170451635,0.005844930426972595,0.11093565458187296,0.22712633194820106,-0.015913935680823343,0.019263520896334846,-0.031869433385888345,0.008716344988479816,-0.01720820228607994,-0.10351188077213397,-0.03870947070341893,0.14394674830626408,0.2495240819192867,-0.08335890504326564,0.1555126911470646,0.19250785953917285,-0.01257544680360656
8618465,2025-02-04 04:49:06+00:00,1,"['au20s__tu', 'rev326__tu', 'br109s__tu', 'balmag01__tu', 'rtl_trd__tu']","['linkt001__tu', 'ENG-loan_to_value', 'linkt003__tu', 'in21s__tu', 'fltgrossmonthly__income_sum']","[1, 1, 1, 1, 1, 1, 1, 1, 1, 1, 1, 1, 1, 1, 1, 1, 0, 0, 1, 0, 0, 0]","[1, 1, 1, 1, 1, 1, 1, 0, 1, 1, 1, 1, 1, 1, 1, 1, 1]",46153.0,36500.0,999.0,0,1,0.9477124183006536,375.0,1.2644657534246575,33970.0,0.12991934480429407,0.6356838066052604,0.18243275715304644,B,244.0,0,2692.0,149.0,7.0,156.0,0.0,17.0,5.0,12.0,5.0,1.0,0.0,7.0,1.0,0.0,2.0,12.0,0.6126482213438735,0.0,0.0,100.0,4.0,0.0,1.0,192.0,12.0,1.0,7.0,0.0,0.9477124183006536,18.0,0.3303293790064903,0.5922503391999676,-0.14652199065887564,0.13886964189649717,0.22104746807346873,-0.11205834465656199,0.2314914514296855,0.009386984627154335,0.2777036275647463,-0.1034032771581637,0.31726334943275103,0.19406097154440893,0.14740821351253497,0.03786678728154346,-0.10500822076779938,-0.1769148916433367,0.058713379170451635,-0.060274266703106295,0.010140983831605175,0.10884211278369073,-0.015913935680823343,0.019263520896334846,-0.031869433385888345,0.008716344988479816,-0.01720820228607994,-0.03838335303415237,0.13029271559890934,0.10569468094821943,0.2495240819192867,-0.08335890504326564,-0.021987076259449127,0.19250785953917285,-0.01257544680360656
8510859,2024-12-20 07:24:54+00:00,1,"['rev326__tu', 'br109s__tu', 'au20s__tu', 'rtl_trd__tu', 'miles_odometer__app']","['linkt001__tu', 'ENG-loan_to_value', 'in21s__tu', 'g407s__tu', 'int_n_months_open__tu_pmthx']","[1, 1, 1, 1, 1, 1, 1, 1, 1, 1, 1, 1, 1, 1, 1, 1, 1, 1, 1, 1, 1, 1, 1, 1, 1, 1, 1, 1, 1, 1, 1, 1, 1, 1, 1, 1, 1, 1, 1, 1]","[1, 1, 1, 1, 1, 1]",30861.0,20875.0,585.0,0,1,1.0,6666.0,1.4783712574850298,40000.0,0.12790136289434723,0.6536030123642623,0.1846618019371443,B,101.0,0,7160.0,87.0,9.0,250.0,0.0,6.0,3.0,11.0,2.0,1.0,0.0,87.0,0.0,0.0,2.0,9.0,1.0,0.0,0.0,100.0,1.0,0.0,0.0,1.0,999.0,0.0,10.0,0.0,1.0,18.0,0.3303293790064903,0.23248092831857015,-0.1766968871060351,0.13886964189649717,0.04097619351425082,0.1215463073269011,0.2314914514296855,-0.09024169234603532,0.19764150432143243,-0.11900476184721898,0.20206341135887976,0.19406097154440893,0.14740821351253497,0.03786678728154346,0.2541763056483385,0.06970520921885669,0.058713379170451635,-0.060274266703106295,0.010140983831605175,0.22712633194820106,-0.015913935680823343,0.019263520896334846,-0.031869433385888345,0.16263034302206456,-0.01720820228607994,0.07953789465473228,-0.03870947070341893,0.14394674830626408,-0.04861627180127161,-0.08335890504326564,-0.021987076259449127,0.19250785953917285,-0.01257544680360656
8542342,2025-01-05 00:25:12+00:00,1,"['rtl_trd__tu', 'balmag01__tu', 'rev326__tu', 'au20s__tu', 'br109s__tu']","['cv15__tu', 'ENG-loan_to_value', 'g232s__tu', 'in21s__tu', 'g407s__tu']","[1, 1, 1, 1, 1]","[1, 1, 1, 1, 1, 1, 0, 0, 1, 1, 1, 1, 1, 1, 1, 1, 1, 1, 1, 0, 1, 1, 1]",57371.0,39475.0,1214.0,0,1,0.8731884057971014,5000.0,1.453350221659278,28000.0,0.12797470223241425,0.6536030123642623,0.18476768802009028,B,163.0,0,3543.0,125.0,2.0,144.0,0.0,23.0,12.0,12.0,0.0,8.0,0.0,125.0,0.0,0.0,3.0,31.0,1.0,0.0,0.0,100.0,27.0,0.0,1.0,1.0,1.0,1.0,10.0,0.0,0.8731884057971014,18.0,0.3303293790064903,0.34454722637988666,-0.018806864018595396,0.13886964189649717,0.3079638557493251,0.05343808535863555,0.2314914514296855,0.16898341204685105,0.5169626501490205,-0.11900476184721898,0.31726334943275103,-0.03114305560493474,-0.2782711354419625,0.03786678728154346,0.3858805028330724,0.06970520921885669,0.058713379170451635,-0.060274266703106295,-0.11857182263499148,0.22712633194820106,-0.015913935680823343,0.019263520896334846,-0.031869433385888345,-0.06725758467036477,-0.01720820228607994,-0.03838335303415237,-0.03870947070341893,-0.02528638501619581,0.2495240819192867,-0.08335890504326564,-0.021987076259449127,0.19250785953917285,-0.01257544680360656
8546024,2025-01-07 02:31:19+00:00,1,"['fltgrossmonthly__income_sum', 'rev326__tu', 'br109s__tu', 'au20s__tu', 'co01s__tu']","['ENG-loan_to_value', 'g232s__tu', 'miles_odometer__app', 'in21s__tu', 'g407s__tu']","[1, 1, 1, 1, 1, 1, 1, 1, 1, 1, 1, 1]","[1, 1, 1, 1, 1, 1, 1, 1, 1]",23327.0,16875.0,188.0,0,1,1.0,11742.160000000047,1.3823407407407406,75000.0,0.13191927972150244,0.6453188404962024,0.1880487573535387,B,110.0,0,1560.0,94.0,1.0,236.0,0.0,9.0,2.0,12.0,3.0,2.0,0.0,33.0,0.0,0.0,3.0,17.0,1.0,0.0,4.0,78.0,18.0,15.0,0.0,1.0,999.0,2.0,2.0,712.0,1.0,1.0,0.3303293790064903,0.23248092831857015,0.10035386170314806,-0.10497479844572186,0.04097619351425082,0.42054655071960684,0.2314914514296855,-0.09024169234603532,0.14246534705327502,-0.11900476184721898,0.31726334943275103,0.19406097154440893,0.011519414019293055,0.03786678728154346,-0.10500822076779938,0.06970520921885669,0.058713379170451635,-0.060274266703106295,-0.11857182263499148,0.22712633194820106,-0.015913935680823343,-0.06407911841772129,0.2637365348807015,-0.06725758467036477,0.19170173293364837,0.07953789465473228,-0.03870947070341893,0.14394674830626408,0.2495240819192867,-0.08335890504326564,0.24031466002796428,0.19250785953917285,-0.01257544680360656
8621072,2025-02-05 03:16:23+00:00,1,"['miles_odometer__app', 'rev326__tu', 'br109s__tu', 'balmag01__tu', 'co01s__tu']","['ENG-loan_to_value', 'g232s__tu', 'linkt001__tu', 'cv15__tu', 'in21s__tu']","[1, 1, 1, 1, 1, 1, 1, 1, 1, 1, 1, 1, 1, 1, 1, 1, 1, 1, 1, 1, 1, 1, 1, 1]","[1, 1, 1, 1, 1, 1, 1, 1, 1, 1]",47964.0,32100.0,951.0,0,1,1.0,6667.0,1.4942056074766354,7500.0,0.13167475261970152,0.6536030123642623,0.19010975753610554,B,180.0,0,4743.0,49.0,5.0,166.0,0.0,10.0,1.0,12.0,8.0,5.0,0.0,12.0,0.0,0.0,5.0,17.0,1.0,0.0,0.0,80.0,3.0,0.0,0.0,1.0,999.0,4.0,12.0,0.0,1.0,18.0,0.3303293790064903,-0.10631982308481627,-0.11863334655000428,0.6039820585160945,0.22104746807346873,0.1215463073269011,0.2314914514296855,-0.09024169234603532,-0.003177477004452432,-0.11900476184721898,0.31726334943275103,0.19406097154440893,-0.1350249190907034,0.03786678728154346,-0.10500822076779938,0.06970520921885669,0.058713379170451635,-0.060274266703106295,-0.11857182263499148,0.22712633194820106,-0.015913935680823343,0.019263520896334846,0.2637365348807015,0.06369334380641194,-0.01720820228607994,0.07953789465473228,-0.03870947070341893,0.14394674830626408,0.2495240819192867,-0.08335890504326564,-0.021987076259449127,0.19250785953917285,-0.01257544680360656
8520380,2024-12-26 04:09:35+00:00,1,"['au20s__tu', 'rev326__tu', 'br109s__tu', 'miles_odometer__app', 'co01s__tu']","['ENG-loan_to_value', 'balmag01__tu', 'in21s__tu', 'g407s__tu', 'jt20s__tu']","[1, 1, 1, 1, 1, 1, 1, 1, 1, 1, 1, 1, 1, 1, 1, 1, 1, 1, 1, 1, 1, 1, 1, 0, 1, 1, 1, 1, 1, 1, 1, 1, 1, 1, 1]","[1, 1, 1, 1, 1, 1, 1, 1, 1, 1, 1, 1, 1, 1]",48468.0,32175.0,935.0,0,1,1.0,5333.0,1.5063869463869464,27500.0,0.13403583073785252,0.6536030123642623,0.1935186417727206,B,223.0,0,2815.0,144.0,2.0,382.0,0.0,14.0,1.0,11.0,4.0,2.0,0.0,1.0,0.0,0.0,3.0,7.0,0.9619047619047619,0.0,0.0,100.0,6.0,0.0,0.0,1.0,999.0,2.0,14.0,1.0,1.0,1.0,0.3303293790064903,0.5922503391999676,-0.018806864018595396,0.13886964189649717,-0.115666012319273,0.1215463073269011,0.2314914514296855,0.009386984627154335,-0.003177477004452432,-0.11900476184721898,0.20206341135887976,0.19406097154440893,0.011519414019293055,0.03786678728154346,-0.10500822076779938,0.06970520921885669,0.058713379170451635,-0.060274266703106295,0.020564533232433003,0.22712633194820106,-0.015913935680823343,0.019263520896334846,-0.031869433385888345,0.008716344988479816,-0.01720820228607994,0.07953789465473228,-0.03870947070341893,0.14394674830626408,0.2495240819192867,-0.08335890504326564,0.1555126911470646,0.19250785953917285,-0.01257544680360656
8508820,2024-12-19 23:18:14+00:00,1,"['ENG-loan_to_value', 'rev326__tu', 'br109s__tu', 'g232s__tu', 'g407s__tu']","['au20s__tu', 'balmag01__tu', 'in21s__tu', 'int_n_months_open__tu_pmthx', 'jt20s__tu']","[1, 1, 1, 1]","[1, 1]",23421.0,21575.0,408.0,0,1,1.0,6295.0,1.0855619930475087,55788.0,0.14650552247651388,0.6052616798997871,0.1958777136679004,B,11.0,0,3345.0,8.0,2.0,281.0,0.0,2.0,1.0,7.0,0.0,2.0,0.0,1.0,0.0,0.0,0.0,6.0,1.0,0.0,0.0,100.0,3.0,0.0,0.0,1.0,999.0,0.0,4.0,0.0,1.0,18.0,0.3303293790064903,-0.18920492071603767,-0.018806864018595396,0.021624315630355516,-0.0821067315682433,0.1215463073269011,0.2314914514296855,-0.09024169234603532,-0.003177477004452432,0.21535953634601085,-0.008653803370520737,-0.03114305560493474,0.011519414019293055,0.03786678728154346,-0.10500822076779938,0.06970520921885669,0.058713379170451635,0.1104556316405929,0.11093565458187296,0.22712633194820106,-0.015913935680823343,0.019263520896334846,-0.031869433385888345,0.06369334380641194,-0.01720820228607994,0.07953789465473228,-0.03870947070341893,0.14394674830626408,-0.04861627180127161,-0.08335890504326564,-0.021987076259449127,0.19250785953917285,-0.01257544680360656
8425528,2024-11-26 21:36:06+00:00,1,"['au20s__tu', 'rtl_trd__tu', 'rev326__tu', 'balmag01__tu', 'trv13__tu']","['co01s__tu', 'g232s__tu', 'br109s__tu', 'cv15__tu', 'g407s__tu']","[1, 1, 1, 1, 1, 1, 1, 1, 1, 1, 1, 1, 1, 1, 1, 1, 1, 1, 1, 1, 1, 1, 1, 1, 1, 1, 1, 1, 1, 1, 1, 1, 1, 1, 1, 1, 1, 1, 1, 1, 1, 1, 1, 0, 1, 1, 1, 1, 1, 1, 1, 1, 1, 1, 1, 1]","[1, 1, 1, 1, 1, 1, 1, 1, 1, 1, 1, 1, 1, 1, 1, 1, 1, 1, 1]",24137.0,21100.0,588.0,0,1,1.0,4083.0,1.1439336492890995,57000.0,0.1446125126381997,0.6154742159583763,0.19660908747887737,B,387.0,0,10582.0,142.0,2.0,210.0,1.0,19.0,11.0,12.0,6.0,4.0,0.0,1.0,0.0,0.0,3.0,21.0,0.9724310776942355,0.0,0.0,100.0,7.0,0.0,9.0,1.0,58.0,1.0,20.0,0.0,1.0,18.0,0.3303293790064903,0.5922503391999676,-0.018806864018595396,0.021624315630355516,0.18836648636270167,0.03450951651705543,-0.0882551120007139,0.009386984627154335,0.5169626501490205,0.041781171001579714,0.31726334943275103,0.19406097154440893,-0.1350249190907034,0.03786678728154346,-0.10500822076779938,0.06970520921885669,0.058713379170451635,-0.060274266703106295,-0.11857182263499148,0.22712633194820106,-0.015913935680823343,0.019263520896334846,-0.031869433385888345,-0.06725758467036477,-0.01720820228607994,-0.10351188077213397,-0.03870947070341893,0.14394674830626408,0.2495240819192867,0.005617409643594694,-0.021987076259449127,0.19250785953917285,-0.01257544680360656
8607171,2025-01-30 23:52:18+00:00,1,"['balmag01__tu', 'ENG-loan_to_value', 'br109s__tu', 'g232s__tu', 'co01s__tu']","['miles_odometer__app', 'au20s__tu', 'rtl_trd__tu', 'in21s__tu', 'rev326__tu']","[1, 1, 1, 1, 1]","[1, 1, 1, 1, 1, 1, 1, 1, 1, 1, 1, 1, 1, 1, 1, 1, 1, 1, 1, 1, 1, 1]",20326.0,19650.0,566.0,0,1,1.0,5000.0,1.0344020356234096,97000.0,0.149496334567692,0.6052616798997871,0.19987642596575386,B,34.0,0,0.0,34.0,1.0,111.0,0.0,22.0,0.0,11.0,1.0,2.0,0.0,34.0,0.0,0.0,2.0,5.0,1.0,0.0,0.0,100.0,3.0,866.0,0.0,1.0,999.0,0.0,4.0,189.0,1.0,18.0,-0.09331006418892002,-0.18920492071603767,0.10035386170314806,-0.2679280215006448,0.3079638557493251,0.05343808535863555,0.2314914514296855,0.16898341204685105,-0.13664116069610954,0.21535953634601085,0.20206341135887976,0.09589342920214582,0.011519414019293055,0.03786678728154346,-0.10500822076779938,0.06970520921885669,0.058713379170451635,-0.060274266703106295,0.11093565458187296,0.22712633194820106,-0.015913935680823343,0.019263520896334846,-0.031869433385888345,0.06369334380641194,0.19170173293364837,0.07953789465473228,-0.03870947070341893,0.14394674830626408,-0.04861627180127161,-0.08335890504326564,0.24031466002796428,0.19250785953917285,-0.01257544680360656
8625821,2025-02-07 00:22:50+00:00,0,"['au20s__tu', 'miles_odometer__app', 'rev326__tu', 'jt20s__tu', 'br109s__tu']","['rp01s__tu', 'ENG-loan_to_value', 'co01s__tu', 'linkt001__tu', 'balmag01__tu']","[1, 1, 1, 1, 1, 1, 1, 1, 1, 1, 1, 1, 1, 1]","[1, 1, 1, 1]",35051.0,26850.0,977.0,0,1,1.0,6667.0,1.3054376163873371,11500.0,0.14896403002851083,0.6356838066052604,0.2091753060767608,B,534.0,0,312.0,138.0,4.0,277.0,0.0,4.0,4.0,8.0,0.0,3.0,1.0,138.0,0.0,0.0,3.0,10.0,1.0,0.0,0.0,100.0,13.0,1680.0,3.0,205.0,12.0,0.0,6.0,957.0,1.0,18.0,0.3303293790064903,0.5922503391999676,-0.08445504272173737,0.32412879260268035,-0.0821067315682433,0.1215463073269011,0.2314914514296855,-0.09024169234603532,0.2777036275647463,-0.1034032771581637,-0.008653803370520737,-0.03114305560493474,-0.1312885948550934,-0.22875708311654333,0.566822986834768,0.06970520921885669,0.058713379170451635,-0.060274266703106295,0.010140983831605175,0.22712633194820106,-0.015913935680823343,0.019263520896334846,-0.031869433385888345,-0.06725758467036477,0.19170173293364837,-0.07981889261212467,0.2865005910986188,0.10569468094821943,-0.04861627180127161,-0.08335890504326564,0.24031466002796428,0.19250785953917285,-0.01257544680360656
8485583,2024-12-14 02:53:34+00:00,1,"['rtl_trd__tu', 'rev326__tu', 'au20s__tu', 'br109s__tu', 'trv13__tu']","['ENG-loan_to_value', 'linkt001__tu', 'balmag01__tu', 'miles_odometer__app', 'in21s__tu']","[1, 1]","[1, 1, 1, 1, 1, 1]",31484.0,22250.0,667.0,0,1,1.0,4166.0,1.4150112359550562,77000.0,0.14818253800738151,0.6536030123642623,0.21394341596395777,B,145.0,0,16615.0,124.0,7.0,308.0,0.0,6.0,8.0,12.0,8.0,2.0,0.0,81.0,0.0,0.0,1.0,9.0,1.0,0.0,0.0,83.0,3.0,0.0,1.0,114.0,999.0,0.0,8.0,249.0,1.0,18.0,0.3303293790064903,0.34454722637988666,-0.14652199065887564,-0.10497479844572186,-0.115666012319273,0.042980995456956494,0.2314914514296855,-0.09024169234603532,0.5169626501490205,-0.11900476184721898,0.31726334943275103,0.19406097154440893,0.011519414019293055,0.03786678728154346,0.08627948092271391,0.06970520921885669,0.058713379170451635,0.005844930426972595,0.010140983831605175,0.22712633194820106,-0.015913935680823343,0.019263520896334846,0.2637365348807015,0.06369334380641194,-0.01720820228607994,-0.03838335303415237,-0.03870947070341893,0.14394674830626408,-0.04861627180127161,-0.08335890504326564,0.24031466002796428,0.19250785953917285,-0.01257544680360656
8591170,2025-01-24 23:21:44+00:00,1,"['rev326__tu', 'br109s__tu', 'balmag01__tu', 'g232s__tu', 'g407s__tu']","['miles_odometer__app', 'ENG-loan_to_value', 'au20s__tu', 'rtl_trd__tu', 'in21s__tu']",,"[1, 1, 1, 1, 1]",43372.0,33600.0,1084.0,0,1,1.0,4583.0,1.2908333333333333,87345.0,0.1526426480932878,0.6356838066052604,0.21434082193647505,B,25.0,0,836.0,6.0,1.0,159.0,0.0,5.0,0.0,10.0,1.0,1.0,0.0,22.0,0.0,0.0,0.0,6.0,0.0,0.0,0.0,50.0,6.0,0.0,0.0,1.0,999.0,0.0,6.0,542.0,1.0,18.0,0.3303293790064903,-0.18920492071603767,0.10035386170314806,-0.1480339008089022,0.22104746807346873,0.042980995456956494,0.2314914514296855,-0.09024169234603532,-0.13664116069610954,-0.1034032771581637,0.20206341135887976,0.09589342920214582,0.14740821351253497,0.03786678728154346,-0.10500822076779938,0.06970520921885669,0.058713379170451635,0.1104556316405929,0.11093565458187296,-0.10772340600119266,-0.015913935680823343,0.019263520896334846,0.2637365348807015,0.008716344988479816,-0.01720820228607994,0.07953789465473228,-0.03870947070341893,0.14394674830626408,-0.04861627180127161,-0.08335890504326564,0.24031466002796428,0.19250785953917285,-0.01257544680360656
8501142,2024-12-17 00:30:17+00:00,1,"['ENG-loan_to_value', 'br109s__tu', 'balmag01__tu', 'g232s__tu', 'co01s__tu']","['miles_odometer__app', 'au20s__tu', 'rtl_trd__tu', 'linkt003__tu', 'linkt001__tu']",,"[1, 1, 1]",21996.0,21750.0,538.0,0,1,1.0,6666.0,1.0113103448275862,91729.0,0.16302533750834164,0.6052616798997871,0.21796468720959586,B,119.0,0,171.0,5.0,4.0,230.0,0.0,3.0,0.0,7.0,0.0,2.0,0.0,1.0,1.0,0.0,2.0,6.0,0.0,0.0,1.0,100.0,5.0,0.0,0.0,1.0,999.0,0.0,5.0,0.0,1.0,18.0,0.1402491111383294,-0.18920492071603767,-0.08445504272173737,-0.1480339008089022,0.18836648636270167,0.1215463073269011,0.2314914514296855,-0.09024169234603532,-0.13664116069610954,0.6243896472613216,-0.008653803370520737,-0.03114305560493474,0.011519414019293055,0.03786678728154346,-0.10500822076779938,-0.1769148916433367,0.058713379170451635,-0.060274266703106295,0.11093565458187296,-0.10772340600119266,-0.015913935680823343,-0.06407911841772129,-0.031869433385888345,0.008716344988479816,-0.01720820228607994,0.07953789465473228,-0.03870947070341893,0.14394674830626408,-0.04861627180127161,-0.08335890504326564,-0.021987076259449127,0.19250785953917285,-0.01257544680360656
8617713,2025-02-04 02:29:32+00:00,0,"['miles_odometer__app', 'linkf098__tu', 'rev326__tu', 'br109s__tu', 'au20s__tu']","['g232s__tu', 'linkt001__tu', 'balmag01__tu', 'rtl_trd__tu', 'linkt003__tu']","[1, 1, 1, 1, 1, 0, 1, 1, 1, 1, 1, 1, 1, 1, 1, 0, 1, 1, 0, 0, 0, 0, 0, 0, 0, 0, 0, 0, 1, 0, 0, 1, 0, 1, 1, 0, 1, 1, 1, 1, 1, 1, 1]","[1, 1, 1, 1, 1, 1, 1, 1]",47977.0,42125.0,1134.0,0,1,1.0,5417.0,1.138919881305638,17000.0,0.16203081227298027,0.6154742159583763,0.22029027477140253,B,364.0,0,422.0,90.0,5.0,308.0,0.0,8.0,0.0,12.0,2.0,2.0,0.0,55.0,1.0,0.0,3.0,21.0,0.5909090909090909,10.0,3.0,100.0,14.0,111.0,1.0,1.0,2.0,1.0,3.0,0.0,1.0,2.0,0.3303293790064903,0.23248092831857015,-0.11863334655000428,0.32412879260268035,-0.115666012319273,0.1215463073269011,0.2314914514296855,-0.09024169234603532,-0.13664116069610954,0.041781171001579714,0.31726334943275103,0.19406097154440893,0.011519414019293055,0.03786678728154346,0.07115391723174808,-0.1769148916433367,0.058713379170451635,-0.060274266703106295,-0.11857182263499148,0.10884211278369073,0.2789036945977446,-0.06407911841772129,-0.031869433385888345,-0.06725758467036477,0.19170173293364837,-0.03838335303415237,-0.03870947070341893,-0.02528638501619581,0.2495240819192867,-0.08335890504326564,-0.021987076259449127,0.19250785953917285,-0.01257544680360656
8625665,2025-02-06 23:46:00+00:00,1,"['rev326__tu', 'au20s__tu', 'br109s__tu', 'rtl_trd__tu', 'st20s__tu']","['ENG-loan_to_value', 'g232s__tu', 'balmag01__tu', 'cv15__tu', 'in21s__tu']","[1, 1, 1, 1, 1, 1, 1, 1, 1, 1, 1, 1, 1, 1, 1, 1, 1, 1, 1, 1, 1, 1, 1, 1, 1, 1]","[1, 1, 1, 1, 1]",27747.0,20125.0,694.0,0,1,1.0,6226.0,1.3787329192546585,42000.0,0.1574833962446101,0.6453188404962024,0.22448998380019805,B,340.0,0,1684.0,129.0,1.0,355.0,0.0,5.0,3.0,12.0,3.0,4.0,0.0,1.0,0.0,0.0,3.0,20.0,1.0,0.0,0.0,100.0,19.0,0.0,0.0,341.0,19.0,0.0,7.0,0.0,1.0,18.0,0.3303293790064903,0.34454722637988666,0.10035386170314806,0.057591744291193035,-0.115666012319273,0.1215463073269011,0.2314914514296855,-0.09024169234603532,0.19764150432143243,-0.11900476184721898,0.31726334943275103,0.19406097154440893,-0.1350249190907034,0.03786678728154346,-0.10500822076779938,0.06970520921885669,0.058713379170451635,-0.060274266703106295,-0.11857182263499148,0.22712633194820106,-0.015913935680823343,0.019263520896334846,-0.031869433385888345,-0.06725758467036477,-0.01720820228607994,0.07953789465473228,0.2865005910986188,0.14394674830626408,-0.04861627180127161,-0.08335890504326564,-0.021987076259449127,0.19250785953917285,-0.01257544680360656
8619711,2025-02-04 21:30:13+00:00,1,"['rtl_trd__tu', 'fltgrossmonthly__income_sum', 'rev326__tu', 'br109s__tu', 'miles_odometer__app']","['ENG-loan_to_value', 'g232s__tu', 'balmag01__tu', 'g002s__tu', 'cv15__tu']","[1, 1, 1, 1, 1, 1, 1, 1, 1, 1, 1, 1, 1, 1, 1, 1, 1, 1, 1, 1]","[1, 1, 1, 1]",60628.0,41850.0,470.0,0,1,1.0,9583.0,1.4486977299880526,28500.0,0.15720602575750026,0.6536030123642623,0.22697137336790754,B,63.0,0,15399.0,49.0,3.0,342.0,0.0,4.0,9.0,12.0,2.0,4.0,0.0,49.0,0.0,6.0,2.0,19.0,1.0,0.0,0.0,100.0,2.0,0.0,0.0,1.0,999.0,0.0,6.0,4.0,1.0,18.0,0.3303293790064903,-0.10631982308481627,-0.04993376262551217,0.13886964189649717,-0.115666012319273,0.42054655071960684,0.2314914514296855,-0.09024169234603532,0.5169626501490205,-0.11900476184721898,0.31726334943275103,0.19406097154440893,-0.1350249190907034,0.03786678728154346,0.07115391723174808,0.06970520921885669,-0.10294473825256342,-0.060274266703106295,-0.11857182263499148,0.22712633194820106,-0.015913935680823343,0.019263520896334846,-0.031869433385888345,0.12769107527841583,-0.01720820228607994,0.07953789465473228,-0.03870947070341893,0.14394674830626408,-0.04861627180127161,-0.08335890504326564,0.1555126911470646,0.19250785953917285,-0.01257544680360656
8532811,2024-12-31 07:59:00+00:00,1,"['au20s__tu', 'fltgrossmonthly__income_sum', 'balmag01__tu', 'rtl_trd__tu', 'jt20s__tu']","['co01s__tu', 'ENG-loan_to_value', 'g232s__tu', 'br109s__tu', 'cv15__tu']","[1, 1, 1, 1, 1, 1, 1, 1, 1, 1, 1, 1, 1, 1, 1, 1, 0, 1, 1, 1, 1, 1, 1, 1, 1, 1, 1, 1, 1, 1, 1, 1, 1, 1, 1, 1, 1, 1, 1, 1, 1, 1, 1, 1, 1, 1, 1, 1, 0, 0, 1, 1, 1, 0, 1, 1, 1, 1, 1, 0, 0, 0, 0, 0, 1, 1, 1, 1, 1, 1, 1, 1, 0, 1, 0, 0, 0, 0, 0]","[1, 1, 1]",23050.0,15150.0,633.0,0,1,1.0,11000.0,1.5214521452145215,48000.0,0.15717961199877611,0.6637057085458945,0.23044092886288178,B,299.0,0,84.0,134.0,2.0,182.0,1.0,3.0,5.0,12.0,1.0,3.0,0.0,134.0,0.0,0.0,4.0,20.0,0.7031645569620253,2.0,0.0,33.0,65.0,0.0,4.0,169.0,1.0,1.0,17.0,0.0,1.0,1.0,0.03536532950450431,0.5922503391999676,-0.018806864018595396,0.057591744291193035,0.22104746807346873,0.42054655071960684,-0.0882551120007139,-0.09024169234603532,0.2777036275647463,-0.11900476184721898,0.31726334943275103,0.09589342920214582,-0.1312885948550934,0.03786678728154346,0.3858805028330724,0.06970520921885669,0.058713379170451635,-0.060274266703106295,-0.11857182263499148,0.10884211278369073,-0.015913935680823343,0.019263520896334846,0.2637365348807015,-0.06725758467036477,-0.01720820228607994,-0.10351188077213397,0.13029271559890934,-0.02528638501619581,0.2495240819192867,0.005617409643594694,-0.021987076259449127,0.19250785953917285,-0.01257544680360656
8545568,2025-01-07 01:01:13+00:00,1,"['linkf098__tu', 'jt20s__tu', 'br109s__tu', 'rtl_trd__tu', 'au20s__tu']","['miles_odometer__app', 'g232s__tu', 'g002s__tu', 'linkt003__tu', 'linkt001__tu']","[1, 1, 1, 1, 1]","[1, 1, 1, 1, 1, 0, 0, 0, 0, 0, 0, 1, 1, 1, 1, 1, 1, 1, 1]",30315.0,26250.0,902.0,0,1,0.7315789473684211,5000.0,1.1548571428571428,80000.0,0.1707231122949723,0.6154742159583763,0.23210796014481225,B,350.0,0,67.0,88.0,4.0,276.0,0.0,19.0,5.0,12.0,1.0,3.0,0.0,424.0,1.0,3.0,5.0,23.0,1.0,8.0,2.0,100.0,45.0,2451.0,0.0,1.0,11.0,1.0,2.0,110.0,0.7315789473684211,18.0,0.03536532950450431,0.23248092831857015,-0.08445504272173737,-0.1480339008089022,-0.0821067315682433,0.05343808535863555,0.2314914514296855,0.009386984627154335,0.2777036275647463,0.041781171001579714,0.31726334943275103,0.09589342920214582,-0.1312885948550934,0.03786678728154346,0.566822986834768,-0.1769148916433367,-0.10294473825256342,-0.060274266703106295,-0.11857182263499148,0.22712633194820106,0.2789036945977446,-0.06407911841772129,-0.031869433385888345,-0.06725758467036477,0.19170173293364837,0.07953789465473228,-0.03870947070341893,0.10569468094821943,0.2495240819192867,-0.08335890504326564,0.24031466002796428,0.11821491604874346,-0.01257544680360656
8583166,2025-01-21 22:58:41+00:00,1,"['fltgrossmonthly__income_sum', 'br109s__tu', 'miles_odometer__app', 'g407s__tu', 'co01s__tu']","['ENG-loan_to_value', 'balmag01__tu', 'linkt001__tu', 'in21s__tu', 'int_n_months_open__tu_pmthx']",,"[1, 1, 1, 1, 1]",24930.0,16800.0,666.0,0,1,1.0,9375.0,1.4839285714285715,32500.0,0.16088965782509607,0.6536030123642623,0.23228973839453818,B,201.0,0,180.0,67.0,4.0,320.0,0.0,5.0,1.0,8.0,1.0,1.0,0.0,67.0,0.0,0.0,0.0,8.0,0.0,0.0,1.0,100.0,6.0,0.0,0.0,135.0,999.0,0.0,4.0,222.0,1.0,18.0,0.1402491111383294,0.033099809731701964,-0.08445504272173737,0.13886964189649717,-0.115666012319273,0.42054655071960684,0.2314914514296855,-0.09024169234603532,-0.003177477004452432,-0.11900476184721898,-0.008653803370520737,0.09589342920214582,0.14740821351253497,0.03786678728154346,0.08627948092271391,0.06970520921885669,0.058713379170451635,0.1104556316405929,0.010140983831605175,-0.10772340600119266,-0.015913935680823343,-0.06407911841772129,-0.031869433385888345,0.008716344988479816,-0.01720820228607994,0.07953789465473228,0.10354191472936843,0.14394674830626408,-0.04861627180127161,-0.08335890504326564,0.24031466002796428,0.19250785953917285,-0.01257544680360656
8520392,2024-12-26 06:11:43+00:00,1,"['miles_odometer__app', 'fltgrossmonthly__income_sum', 'rev326__tu', 'au20s__tu', 'br109s__tu']","['g232s__tu', 'g407s__tu', 'cv15__tu', 'ENG-loan_to_value', 'balmag01__tu']","[1, 1]",[1],43210.0,32450.0,903.0,0,1,1.0,8583.0,1.3315870570107857,1234.0,0.1635418511639969,0.6453188404962024,0.2331262113590377,B,219.0,0,532.0,109.0,1.0,300.0,0.0,1.0,1.0,1.0,0.0,7.0,0.0,109.0,0.0,0.0,10.0,49.0,1.0,0.0,4.0,100.0,36.0,0.0,0.0,1.0,19.0,0.0,1.0,0.0,1.0,18.0,0.3303293790064903,0.34454722637988666,0.10035386170314806,0.6039820585160945,-0.115666012319273,0.42054655071960684,0.2314914514296855,-0.09024169234603532,-0.003177477004452432,-0.1034032771581637,-0.11478435367028723,-0.03114305560493474,-0.2782711354419625,0.03786678728154346,0.3858805028330724,0.06970520921885669,0.058713379170451635,-0.1904138962100055,-0.2883839414548278,0.22712633194820106,-0.015913935680823343,-0.06407911841772129,-0.031869433385888345,-0.06725758467036477,-0.01720820228607994,0.07953789465473228,-0.03870947070341893,0.14394674830626408,-0.04861627180127161,-0.08335890504326564,-0.021987076259449127,0.19250785953917285,-0.01257544680360656
8513786,2024-12-21 11:26:33+00:00,1,"['au20s__tu', 'rtl_trd__tu', 'fltgrossmonthly__income_sum', 'jt20s__tu', 'balmag01__tu']","['co01s__tu', 'linkt001__tu', 'g232s__tu', 'ENG-loan_to_value', 'linkt003__tu']","[1, 1, 1, 1, 1, 1, 1, 1, 1, 1, 1, 1, 1, 1, 1, 1, 1, 1, 1, 1, 1, 1, 1, 1, 1, 1, 1, 1, 1, 1, 1, 1, 1, 1, 1, 1, 1, 1, 1, 1, 1, 1, 1, 1, 1, 1]",[1],38953.0,30425.0,859.0,0,1,1.0,8250.0,1.2802958093672967,68000.0,0.16949482509618763,0.6356838066052604,0.2380046505934109,B,300.0,0,0.0,166.0,7.0,204.0,3.0,1.0,12.0,12.0,2.0,4.0,0.0,166.0,1.0,0.0,3.0,15.0,1.0,0.0,0.0,100.0,10.0,3984.0,12.0,195.0,12.0,0.0,2.0,5457.0,1.0,5.0,-0.09331006418892002,0.5922503391999676,-0.14652199065887564,-0.041515013036585294,0.22104746807346873,0.42054655071960684,-0.0882551120007139,-0.09024169234603532,0.5169626501490205,-0.1034032771581637,0.31726334943275103,0.19406097154440893,-0.1350249190907034,0.03786678728154346,0.566822986834768,-0.1769148916433367,0.058713379170451635,-0.060274266703106295,-0.11857182263499148,0.22712633194820106,-0.015913935680823343,0.019263520896334846,-0.031869433385888345,-0.06725758467036477,0.19170173293364837,-0.10351188077213397,0.13029271559890934,0.10569468094821943,-0.04861627180127161,-0.08335890504326564,0.24031466002796428,0.19250785953917285,-0.01257544680360656
8510737,2024-12-20 06:46:08+00:00,1,"['miles_odometer__app', 'linkt001__tu', 'balmag01__tu', 'co01s__tu', 'trv10__tu']","['cv15__tu', 'ENG-loan_to_value', 'g232s__tu', 'br109s__tu', 'in21s__tu']","[1, 1, 1, 1]","[1, 1, 1, 1, 1]",39899.0,28050.0,764.0,0,1,1.0,5041.0,1.4224242424242424,9000.0,0.17048920994497008,0.6536030123642623,0.2461494076907112,B,214.0,0,0.0,72.0,0.0,182.0,11.0,5.0,1.0,12.0,0.0,7.0,0.0,12.0,0.0,0.0,4.0,27.0,1.0,0.0,0.0,100.0,10.0,0.0,0.0,103.0,57.0,1.0,3.0,0.0,1.0,2.0,-0.09331006418892002,0.033099809731701964,0.4427367774168985,0.6039820585160945,0.22104746807346873,0.05343808535863555,-0.0882551120007139,-0.09024169234603532,-0.003177477004452432,-0.11900476184721898,0.31726334943275103,-0.03114305560493474,-0.2782711354419625,0.03786678728154346,-0.10500822076779938,0.06970520921885669,0.058713379170451635,-0.060274266703106295,-0.11857182263499148,0.22712633194820106,-0.015913935680823343,0.019263520896334846,-0.031869433385888345,-0.06725758467036477,-0.01720820228607994,0.07953789465473228,-0.03870947070341893,0.14394674830626408,0.2495240819192867,-0.08335890504326564,-0.021987076259449127,0.19250785953917285,-0.01257544680360656
8430326,2024-11-29 08:35:27+00:00,1,"['fltgrossmonthly__income_sum', 'rev326__tu', 'au20s__tu', 'g232s__tu', 'linkt001__tu']","['balmag01__tu', 'br109s__tu', 'in21s__tu', 'g407s__tu', 'co01s__tu']","[1, 1, 1, 1, 1, 1, 1, 1, 1, 1, 1, 1, 1, 1, 1, 1, 1, 1, 1, 1, 1, 1, 1, 1, 1, 1, 1, 1]",[],25932.0,22400.0,664.0,0,1,1.0,8583.0,1.1576785714285713,65000.0,0.18330576261304005,0.6154742159583763,0.24921480209071198,B,241.0,0,2227.0,99.0,1.0,340.0,1.0,0.0,1.0,11.0,1.0,2.0,0.0,1.0,0.0,0.0,2.0,6.0,1.0,0.0,1.0,100.0,4.0,0.0,1.0,1.0,999.0,0.0,1.0,0.0,0.0,1.0,0.3303293790064903,0.23248092831857015,0.10035386170314806,-0.041515013036585294,-0.115666012319273,0.42054655071960684,-0.0882551120007139,-0.09024169234603532,-0.003177477004452432,0.041781171001579714,0.20206341135887976,0.09589342920214582,0.011519414019293055,0.03786678728154346,-0.10500822076779938,0.06970520921885669,0.058713379170451635,-0.060274266703106295,0.11093565458187296,0.22712633194820106,-0.015913935680823343,-0.06407911841772129,-0.031869433385888345,0.008716344988479816,-0.01720820228607994,-0.03838335303415237,-0.03870947070341893,0.14394674830626408,-0.04861627180127161,-0.08335890504326564,-0.021987076259449127,-0.09517110639155442,-0.01257544680360656
8542106,2025-01-07 23:08:01+00:00,1,"['ENG-loan_to_value', 'balmag01__tu', 'co01s__tu', 'g002s__tu', 'flt_wtd_avg_closed__tu_pmthx']","['miles_odometer__app', 'g232s__tu', 'rtl_trd__tu', 'linkt003__tu', 'br109s__tu']","[1, 1, 1, 1, 1, 1, 1, 1, 1, 1, 1, 1, 1, 1, 1, 1, 1]","[1, 1, 1, 1, 1, 1, 0, 1]",45000.0,48325.0,1118.0,0,1,0.8055555555555556,4685.0,0.9311950336264874,83650.0,0.19160375385756526,0.6052616798997871,0.25617399672987456,B,262.0,0,0.0,49.0,2.0,90.0,11.0,8.0,0.0,11.0,0.0,2.0,0.0,49.0,1.0,0.0,2.0,13.0,1.0,0.0,0.0,100.0,6.0,0.0,0.0,74.0,3.0,1.0,10.0,0.0,0.8055555555555556,18.0,-0.09331006418892002,-0.10631982308481627,-0.018806864018595396,-0.1480339008089022,0.3920629027413897,0.042980995456956494,-0.0882551120007139,-0.09024169234603532,-0.13664116069610954,0.6243896472613216,0.20206341135887976,-0.03114305560493474,0.011519414019293055,0.03786678728154346,0.07115391723174808,-0.1769148916433367,0.058713379170451635,-0.060274266703106295,-0.11857182263499148,0.22712633194820106,-0.015913935680823343,0.019263520896334846,-0.031869433385888345,0.008716344988479816,-0.01720820228607994,0.07953789465473228,-0.03870947070341893,-0.02528638501619581,0.2495240819192867,-0.08335890504326564,-0.021987076259449127,0.11821491604874346,-0.01257544680360656
8590046,2025-01-24 05:39:37+00:00,1,"['ENG-loan_to_value', 'br109s__tu', 'balmag01__tu', 'miles_odometer__app', 'co01s__tu']","['au20s__tu', 'g002s__tu', 'rtl_trd__tu', 'linkt003__tu', 'in21s__tu']",,"[1, 1, 1, 1, 1, 1, 1, 1, 1, 1, 1, 1, 1, 1, 1, 1, 1, 1, 1, 1]",42284.0,37675.0,1024.0,0,1,1.0,7083.0,1.1223357664233578,32000.0,0.1908814818755375,0.6154742159583763,0.2595144312446717,B,92.0,0,98.0,22.0,2.0,187.0,0.0,20.0,0.0,12.0,1.0,1.0,0.0,22.0,1.0,2.0,3.0,7.0,0.0,0.0,1.0,100.0,10.0,0.0,0.0,75.0,0.0,0.0,10.0,425.0,1.0,18.0,0.03536532950450431,-0.18920492071603767,-0.018806864018595396,0.13886964189649717,0.22104746807346873,0.1215463073269011,0.2314914514296855,0.16898341204685105,-0.13664116069610954,0.21535953634601085,0.31726334943275103,0.09589342920214582,0.14740821351253497,0.03786678728154346,-0.10500822076779938,-0.1769148916433367,-0.10294473825256342,-0.060274266703106295,0.020564533232433003,-0.10772340600119266,-0.015913935680823343,-0.06407911841772129,-0.031869433385888345,-0.06725758467036477,-0.01720820228607994,0.07953789465473228,-0.03870947070341893,-0.15167903806065022,-0.04861627180127161,-0.08335890504326564,0.24031466002796428,0.19250785953917285,-0.01257544680360656
8597334,2025-01-26 15:25:11+00:00,1,"['miles_odometer__app', 'linkf098__tu', 'br109s__tu', 'rtl_trd__tu', 'co01s__tu']","['ENG-loan_to_value', 'g232s__tu', 'balmag01__tu', 'in21s__tu', 'cv15__tu']","[1, 1, 1, 1, 1, 1, 1, 1, 1, 1, 1, 1, 1, 1, 1, 1, 1, 1, 1, 1, 1, 1, 1, 1, 1, 1, 1, 1, 1, 1, 1, 1, 1, 1, 1, 1, 1, 1, 1, 1, 1, 1, 1, 1, 1, 1, 1, 1, 1, 1, 1]",[],31015.0,22200.0,670.0,0,1,1.0,3500.0,1.3970720720720722,15800.0,0.1826134777040951,0.6453188404962024,0.2603125004226799,B,453.0,0,214.0,73.0,1.0,289.0,0.0,0.0,3.0,6.0,0.0,3.0,0.0,1.0,0.0,0.0,2.0,19.0,1.0,6.0,3.0,100.0,25.0,0.0,0.0,1.0,5.0,1.0,1.0,0.0,0.0,18.0,0.1402491111383294,0.033099809731701964,0.10035386170314806,0.32412879260268035,-0.0821067315682433,-0.08813657991152038,0.2314914514296855,-0.09024169234603532,0.19764150432143243,-0.11900476184721898,-0.008653803370520737,-0.03114305560493474,-0.1312885948550934,0.03786678728154346,-0.10500822076779938,0.06970520921885669,0.058713379170451635,-0.060274266703106295,-0.11857182263499148,0.22712633194820106,0.2789036945977446,-0.06407911841772129,-0.031869433385888345,-0.06725758467036477,-0.01720820228607994,0.07953789465473228,-0.03870947070341893,0.10569468094821943,0.2495240819192867,-0.08335890504326564,-0.021987076259449127,-0.09517110639155442,-0.01257544680360656
8483826,2024-12-13 07:44:11+00:00,1,"['linkt001__tu', 'miles_odometer__app', 'jt20s__tu', 'br109s__tu', 'st20s__tu']","['g232s__tu', 'ENG-loan_to_value', 'au20s__tu', 'in21s__tu', 'cv15__tu']",,"[1, 1, 1, 1]",27429.0,21350.0,665.0,0,1,1.0,1147.0,1.2847306791569086,10300.0,0.18955479952507395,0.6356838066052604,0.2661728687213119,C,422.0,0,0.0,5.0,0.0,250.0,0.0,4.0,2.0,4.0,0.0,3.0,0.0,221.0,0.0,0.0,3.0,16.0,0.0,0.0,0.0,100.0,8.0,0.0,2.0,203.0,999.0,0.0,5.0,0.0,1.0,3.0,-0.09331006418892002,-0.18920492071603767,0.4427367774168985,0.32412879260268035,0.04097619351425082,-0.11205834465656199,0.2314914514296855,-0.09024169234603532,0.14246534705327502,-0.1034032771581637,-0.11478435367028723,-0.03114305560493474,-0.1312885948550934,0.03786678728154346,0.566822986834768,0.06970520921885669,0.058713379170451635,-0.060274266703106295,-0.11857182263499148,-0.10772340600119266,-0.015913935680823343,0.019263520896334846,-0.031869433385888345,-0.06725758467036477,-0.01720820228607994,-0.044196768556027305,0.2865005910986188,0.14394674830626408,-0.04861627180127161,-0.08335890504326564,-0.021987076259449127,0.19250785953917285,-0.01257544680360656
8425859,2024-11-26 23:42:50+00:00,1,"['linkt001__tu', 'g232s__tu', 'balmag01__tu', 'fltgrossmonthly__income_sum', 'rev326__tu']","['ENG-loan_to_value', 'g002s__tu', 'rtl_trd__tu', 'jt20s__tu', 'miles_odometer__app']","[1, 1, 1, 1]","[1, 1, 1, 1, 1, 1, 1, 1, 1, 1, 1, 1, 1, 1, 1, 1, 1, 1, 1, 1, 1, 1, 0, 1, 1, 1, 1, 1, 1, 1]",30060.0,17100.0,839.0,0,1,0.9505376344086022,8333.0,1.7578947368421052,71000.0,0.17426764737249198,0.7067715717469841,0.2720719019584132,C,95.0,0,2100.0,53.0,0.0,126.0,0.0,30.0,0.0,12.0,4.0,1.0,0.0,1.0,0.0,2.0,1.0,2.0,1.0,0.0,1.0,100.0,2.0,0.0,0.0,1.0,8.0,1.0,19.0,0.0,0.9505376344086022,18.0,0.3303293790064903,0.033099809731701964,0.4427367774168985,-0.041515013036585294,0.3079638557493251,0.42054655071960684,0.2314914514296855,0.30040752540194077,-0.13664116069610954,-1.2651064125139004,0.31726334943275103,0.19406097154440893,0.14740821351253497,0.03786678728154346,-0.10500822076779938,0.06970520921885669,-0.10294473825256342,0.005844930426972595,0.30264780780246364,0.22712633194820106,-0.015913935680823343,-0.06407911841772129,-0.031869433385888345,0.12769107527841583,-0.01720820228607994,0.07953789465473228,-0.03870947070341893,0.10569468094821943,0.2495240819192867,0.005617409643594694,-0.021987076259449127,0.19250785953917285,-0.01257544680360656
8508675,2024-12-19 22:29:01+00:00,1,"['fltgrossmonthly__income_sum', 'br109s__tu', 'rtl_trd__tu', 'co01s__tu', 'rev326__tu']","['ENG-loan_to_value', 'linkt001__tu', 'g232s__tu', 'au20s__tu', 'in21s__tu']",[1],"[1, 1, 1, 1, 1, 1, 1, 1, 1, 1, 1, 1, 1, 1, 1, 1, 1]",29260.0,20775.0,662.0,0,1,1.0,10833.0,1.4084235860409147,69000.0,0.1933481928479335,0.6453188404962024,0.2756146598007832,C,136.0,0,249.0,20.0,6.0,234.0,0.0,17.0,3.0,12.0,0.0,2.0,0.0,33.0,0.0,0.0,3.0,16.0,1.0,0.0,0.0,100.0,6.0,8809.0,0.0,127.0,999.0,1.0,2.0,0.0,1.0,18.0,0.1402491111383294,-0.18920492071603767,-0.14652199065887564,-0.041515013036585294,0.04097619351425082,0.42054655071960684,0.2314914514296855,0.009386984627154335,0.19764150432143243,-0.11900476184721898,0.31726334943275103,-0.03114305560493474,0.011519414019293055,0.03786678728154346,-0.10500822076779938,0.06970520921885669,0.058713379170451635,-0.060274266703106295,-0.11857182263499148,0.22712633194820106,-0.015913935680823343,0.019263520896334846,-0.031869433385888345,0.008716344988479816,0.19170173293364837,0.07953789465473228,0.10354191472936843,0.14394674830626408,0.2495240819192867,-0.08335890504326564,-0.021987076259449127,0.19250785953917285,-0.01257544680360656
8603773,2025-01-29 19:04:18+00:00,1,"['miles_odometer__app', 'rev326__tu', 'jt20s__tu', 'au20s__tu', 'rtl_trd__tu']","['g407s__tu', 'g232s__tu', 'ENG-loan_to_value', 'balmag01__tu', 'linkt001__tu']","[1, 1, 1, 1, 1]","[1, 1, 1, 1, 1, 1, 1, 1]",34114.0,25100.0,803.0,0,1,1.0,1900.0,1.3591235059760955,14000.0,0.20203917299456836,0.6453188404962024,0.28800350864993723,C,445.0,0,548.0,118.0,4.0,314.0,2.0,8.0,5.0,12.0,2.0,5.0,0.0,152.0,0.0,0.0,10.0,23.0,1.0,0.0,0.0,100.0,26.0,5774.0,2.0,1.0,999.0,0.0,6.0,0.0,1.0,18.0,0.3303293790064903,0.34454722637988666,-0.08445504272173737,0.32412879260268035,-0.115666012319273,-0.11205834465656199,-0.0882551120007139,-0.09024169234603532,0.2777036275647463,-0.1034032771581637,0.31726334943275103,0.19406097154440893,-0.1350249190907034,0.03786678728154346,0.566822986834768,0.06970520921885669,0.058713379170451635,-0.1904138962100055,-0.11857182263499148,0.22712633194820106,-0.015913935680823343,0.019263520896334846,-0.031869433385888345,-0.06725758467036477,0.19170173293364837,-0.044196768556027305,-0.03870947070341893,0.14394674830626408,-0.04861627180127161,-0.08335890504326564,-0.021987076259449127,0.19250785953917285,-0.01257544680360656
8505127,2024-12-18 05:19:00+00:00,1,"['ENG-loan_to_value', 'fltgrossmonthly__income_sum', 'balmag01__tu', 'g407s__tu', 'co01s__tu']","['au20s__tu', 'rtl_trd__tu', 'linkt003__tu', 'br109s__tu', 'in21s__tu']",,"[1, 1, 1, 1, 1, 1, 1, 1]",20739.0,18775.0,507.0,0,1,1.0,7416.0,1.104607190412783,44820.0,0.21625477277542407,0.6052616798997871,0.28913238043850514,C,49.0,0,0.0,9.0,3.0,172.0,11.0,8.0,0.0,7.0,0.0,2.0,0.0,1.0,1.0,0.0,0.0,9.0,0.0,0.0,1.0,100.0,4.0,0.0,0.0,1.0,999.0,0.0,9.0,0.0,1.0,18.0,-0.09331006418892002,-0.18920492071603767,-0.04993376262551217,0.057591744291193035,0.22104746807346873,0.42054655071960684,-0.0882551120007139,-0.09024169234603532,-0.13664116069610954,0.21535953634601085,-0.008653803370520737,-0.03114305560493474,0.011519414019293055,0.03786678728154346,-0.10500822076779938,-0.1769148916433367,0.058713379170451635,0.1104556316405929,0.010140983831605175,-0.10772340600119266,-0.015913935680823343,-0.06407911841772129,-0.031869433385888345,0.008716344988479816,-0.01720820228607994,0.07953789465473228,-0.03870947070341893,0.14394674830626408,-0.04861627180127161,-0.08335890504326564,-0.021987076259449127,0.19250785953917285,-0.01257544680360656
8503001,2024-12-17 07:06:38+00:00,1,"['linkt001__tu', 'au20s__tu', 'g407s__tu', 'co01s__tu', 'linka006__tu']","['ENG-loan_to_value', 'miles_odometer__app', 'rtl_trd__tu', 'br109s__tu', 'balmag01__tu']","[1, 1, 1, 1, 1]","[1, 1, 1, 1, 1]",40974.0,27425.0,891.0,0,1,1.0,2250.0,1.4940382862351869,89000.0,0.20150783886717066,0.6536030123642623,0.29093357402617664,C,131.0,0,0.0,103.0,0.0,274.0,11.0,5.0,0.0,3.0,0.0,1.0,0.0,65.0,0.0,0.0,0.0,7.0,1.0,0.0,0.0,100.0,2.0,0.0,0.0,1.0,999.0,0.0,6.0,59.0,1.0,1.0,-0.09331006418892002,0.34454722637988666,0.4427367774168985,-0.1480339008089022,-0.0821067315682433,-0.11205834465656199,-0.0882551120007139,-0.09024169234603532,-0.13664116069610954,-0.11900476184721898,-0.11478435367028723,-0.03114305560493474,0.14740821351253497,0.03786678728154346,0.08627948092271391,0.06970520921885669,0.058713379170451635,0.1104556316405929,0.020564533232433003,0.22712633194820106,-0.015913935680823343,0.019263520896334846,-0.031869433385888345,0.12769107527841583,-0.01720820228607994,0.07953789465473228,-0.03870947070341893,0.14394674830626408,-0.04861627180127161,-0.08335890504326564,0.1555126911470646,0.19250785953917285,-0.01257544680360656
8483181,2024-12-13 05:03:47+00:00,1,"['rtl_trd__tu', 'jt20s__tu', 'au20s__tu', 'balmag01__tu', 'g407s__tu']","['co01s__tu', 'miles_odometer__app', 'br109s__tu', 'in21s__tu', 'rev326__tu']","[1, 1, 1, 1]","[1, 1, 1, 1]",17821.0,15200.0,608.0,0,1,1.0,6667.0,1.1724342105263157,77000.0,0.16934648121122242,0.6154742159583763,0.29591274528522626,C,200.0,1,0.0,105.0,2.0,231.0,4.0,4.0,6.0,8.0,0.0,2.0,0.0,139.0,0.0,0.0,0.0,7.0,1.0,1.0,0.0,100.0,5.0,0.0,11.0,1.0,1.0,0.0,3.0,0.0,1.0,11.0,-0.09331006418892002,0.34454722637988666,-0.018806864018595396,-0.10497479844572186,0.18836648636270167,0.1215463073269011,-0.0882551120007139,-0.09024169234603532,0.5169626501490205,0.041781171001579714,-0.008653803370520737,-0.03114305560493474,0.011519414019293055,0.03786678728154346,0.566822986834768,0.06970520921885669,0.058713379170451635,0.1104556316405929,0.020564533232433003,0.22712633194820106,-0.015913935680823343,0.019263520896334846,-0.031869433385888345,0.008716344988479816,-0.01720820228607994,-0.10351188077213397,-0.03870947070341893,-0.02528638501619581,-0.04861627180127161,-0.08335890504326564,-0.021987076259449127,0.19250785953917285,-0.01257544680360656
8603763,2025-01-29 14:50:47+00:00,1,"['ENG-loan_to_value', 'au20s__tu', 'br109s__tu', 'balmag01__tu', 'jt20s__tu']","['miles_odometer__app', 'rtl_trd__tu', 'in21s__tu', 'rev326__tu', 'g407s__tu']","[1, 1, 1, 1, 1, 1, 1, 1, 0, 0, 0, 0, 0, 0, 0, 0, 0, 0, 0, 0, 0, 0, 0, 0, 0, 0, 0, 0, 0, 0, 0, 0, 0, 0, 0, 0, 0, 0, 0, 0, 0, 0, 0, 0, 0, 0, 0, 0, 0, 0, 0, 0, 0, 0, 0]","[1, 1, 1, 1, 1, 1, 1, 1, 1]",11150.0,10750.0,359.0,0,1,1.0,4475.0,1.0372093023255815,88222.0,0.18345746854893918,0.6052616798997871,0.3152508061220692,C,139.0,1,26.0,107.0,3.0,172.0,0.0,9.0,0.0,11.0,1.0,2.0,0.0,107.0,0.0,0.0,5.0,9.0,0.023376623376623377,0.0,1.0,100.0,5.0,0.0,1.0,106.0,30.0,0.0,8.0,0.0,1.0,2.0,-0.09331006418892002,0.34454722637988666,-0.04993376262551217,-0.1480339008089022,0.22104746807346873,0.042980995456956494,0.2314914514296855,-0.09024169234603532,-0.13664116069610954,0.21535953634601085,0.20206341135887976,0.09589342920214582,0.011519414019293055,0.03786678728154346,0.3858805028330724,0.06970520921885669,0.058713379170451635,-0.060274266703106295,0.010140983831605175,-0.10772340600119266,-0.015913935680823343,-0.06407911841772129,-0.031869433385888345,0.008716344988479816,-0.01720820228607994,-0.03838335303415237,-0.03870947070341893,0.14394674830626408,-0.04861627180127161,-0.08335890504326564,-0.021987076259449127,0.19250785953917285,-0.01257544680360656
8428160,2024-11-27 22:09:26+00:00,1,"['rev326__tu', 'br109s__tu', 'au20s__tu', 'co01s__tu', 'linkt001__tu']","['ENG-loan_to_value', 'g002s__tu', 'linkt003__tu', 'cv15__tu', 'balmag01__tu']","[1, 1, 1, 1, 1, 1, 1, 1, 1, 1, 1, 1, 1, 1, 1, 1, 1, 1, 1, 1, 1, 1, 1, 1, 1, 1, 1, 1, 1, 1, 1, 1, 1, 1, 1, 1, 1, 1, 1, 1, 1, 1, 1, 1, 1, 1, 1, 1, 1, 1, 1, 1, 1, 1, 1, 1, 1, 1, 1, 1, 0]","[1, 1]",30038.0,23450.0,747.0,0,1,1.0,5679.0,1.2809381663113006,43138.0,0.18149265439192974,0.6356838066052604,0.3275501714318021,D,201.0,1,2483.0,90.0,1.0,276.0,0.0,2.0,1.0,12.0,1.0,5.0,0.0,2.0,1.0,1.0,5.0,11.0,0.967741935483871,0.0,0.0,88.0,5.0,0.0,0.0,38.0,9.0,3.0,2.0,787.0,1.0,1.0,0.3303293790064903,0.23248092831857015,0.10035386170314806,0.057591744291193035,-0.0821067315682433,0.1215463073269011,0.2314914514296855,-0.09024169234603532,-0.003177477004452432,-0.1034032771581637,0.31726334943275103,0.09589342920214582,-0.1350249190907034,0.03786678728154346,-0.10500822076779938,-0.1769148916433367,-0.10294473825256342,-0.060274266703106295,0.010140983831605175,0.22712633194820106,-0.015913935680823343,0.019263520896334846,0.2637365348807015,0.008716344988479816,-0.01720820228607994,0.07953789465473228,-0.03870947070341893,0.10569468094821943,0.2495240819192867,-0.08335890504326564,0.24031466002796428,0.19250785953917285,-0.01257544680360656
8531109,2024-12-31 02:02:12+00:00,1,"['au20s__tu', 'fltgrossmonthly__income_sum', 'g232s__tu', 'co01s__tu', 'linkt001__tu']","['ENG-loan_to_value', 'balmag01__tu', 'br109s__tu', 'in21s__tu', 'g407s__tu']","[1, 1, 1]","[1, 1, 1, 1]",20749.0,13250.0,564.0,0,1,1.0,8250.0,1.5659622641509434,58716.0,0.1758794344754537,0.6637057085458945,0.3314120108732945,D,138.0,1,85.0,138.0,1.0,306.0,11.0,4.0,2.0,6.0,0.0,1.0,0.0,1.0,0.0,0.0,2.0,4.0,1.0,0.0,9.0,100.0,162.0,0.0,0.0,1.0,999.0,0.0,5.0,0.0,1.0,18.0,0.03536532950450431,0.5922503391999676,0.10035386170314806,0.021624315630355516,-0.115666012319273,0.42054655071960684,-0.0882551120007139,-0.09024169234603532,0.14246534705327502,-0.11900476184721898,-0.008653803370520737,-0.03114305560493474,0.14740821351253497,0.03786678728154346,-0.10500822076779938,0.06970520921885669,0.058713379170451635,-0.060274266703106295,0.13674290816118406,0.22712633194820106,-0.015913935680823343,-0.06407911841772129,-0.031869433385888345,-0.06725758467036477,-0.01720820228607994,0.07953789465473228,-0.03870947070341893,0.14394674830626408,-0.04861627180127161,-0.08335890504326564,-0.021987076259449127,0.19250785953917285,-0.01257544680360656
8600995,2025-01-28 15:08:12+00:00,1,"['balmag01__tu', 'rev326__tu', 'g232s__tu', 'g407s__tu', 'co01s__tu']","['ENG-loan_to_value', 'g002s__tu', 'miles_odometer__app', 'rtl_trd__tu', 'br109s__tu']","[1, 1, 1, 1, 1, 1, 1, 1, 1, 1, 1, 1, 1, 1, 1, 1, 1, 1, 1, 1, 1, 1, 1, 1, 1, 1, 1, 1, 1, 1]","[1, 1, 1, 1, 1, 1, 1, 1]",20193.39,15800.0,544.0,0,1,1.0,4083.0,1.278062658227848,74000.0,0.18511102716940914,0.6356838066052604,0.3340804556878698,D,84.0,1,409.0,83.0,3.0,72.0,11.0,8.0,0.0,12.0,0.0,1.0,0.0,1.0,0.0,1.0,0.0,4.0,1.0,0.0,0.0,100.0,3.0,0.0,0.0,1.0,999.0,0.0,9.0,0.0,1.0,18.0,0.3303293790064903,0.033099809731701964,-0.04993376262551217,-0.10497479844572186,0.3920629027413897,0.03450951651705543,-0.0882551120007139,-0.09024169234603532,-0.13664116069610954,-0.1034032771581637,0.31726334943275103,-0.03114305560493474,0.14740821351253497,0.03786678728154346,-0.10500822076779938,0.06970520921885669,-0.10294473825256342,0.1104556316405929,0.13674290816118406,0.22712633194820106,-0.015913935680823343,0.019263520896334846,-0.031869433385888345,0.06369334380641194,-0.01720820228607994,0.07953789465473228,-0.03870947070341893,0.14394674830626408,-0.04861627180127161,-0.08335890504326564,-0.021987076259449127,0.19250785953917285,-0.01257544680360656
8509865,2024-12-20 03:23:43+00:00,1,"['rev326__tu', 'br109s__tu', 'linka006__tu', 'trv13__tu', 'trv10__tu']","['rp01s__tu', 'ENG-loan_to_value', 'rtl_trd__tu', 'linkt001__tu', 'balmag01__tu']","[1, 1, 1, 1, 0, 0, 1, 1, 1, 1, 1, 1, 1, 1, 1, 1, 1, 1, 1, 1, 1, 1, 1, 1, 1, 1, 1, 1, 1, 1, 1, 1, 1, 1, 1, 1, 1, 1, 1, 1, 1, 1, 1]","[1, 1, 1, 1, 1, 1, 1, 1, 1, 1, 1, 1, 1, 1, 1, 1]",30886.0,20150.0,699.0,0,1,1.0,7166.0,1.5328039702233252,55000.0,0.2303206109085207,0.6637057085458945,0.3376729006968103,D,131.0,0,13749.0,81.0,4.0,296.0,0.0,16.0,0.0,12.0,2.0,3.0,1.0,81.0,0.0,0.0,1.0,9.0,0.9883720930232558,0.0,0.0,100.0,1.0,0.0,1.0,133.0,1.0,1.0,17.0,0.0,1.0,18.0,0.3303293790064903,0.033099809731701964,-0.08445504272173737,0.021624315630355516,-0.0821067315682433,0.1215463073269011,0.2314914514296855,0.009386984627154335,-0.13664116069610954,-0.11900476184721898,0.31726334943275103,0.19406097154440893,-0.1312885948550934,-0.22875708311654333,0.08627948092271391,0.06970520921885669,0.058713379170451635,0.005844930426972595,0.010140983831605175,0.22712633194820106,-0.015913935680823343,0.019263520896334846,-0.031869433385888345,0.16263034302206456,-0.01720820228607994,-0.03838335303415237,0.10354191472936843,-0.02528638501619581,0.2495240819192867,0.005617409643594694,-0.021987076259449127,0.19250785953917285,-0.01257544680360656
8539386,2025-01-04 00:36:57+00:00,1,"['miles_odometer__app', 'rev326__tu', 'br109s__tu', 'co01s__tu', 'fltgrossmonthly__income_sum']","['g232s__tu', 'ENG-loan_to_value', 'au20s__tu', 'rtl_trd__tu', 'linkt003__tu']",,"[1, 1, 1, 1, 1, 1, 1]",35321.0,27325.0,838.0,0,1,1.0,6233.0,1.292625800548948,17500.0,0.2515085775758179,0.6356838066052604,0.3531683701446807,Decline,34.0,0,1609.0,9.0,2.0,288.0,0.0,7.0,0.0,9.0,1.0,3.0,0.0,1.0,1.0,0.0,1.0,15.0,0.0,0.0,0.0,100.0,6.0,0.0,0.0,1.0,0.0,0.0,9.0,419.0,1.0,18.0,0.3303293790064903,-0.18920492071603767,-0.018806864018595396,0.32412879260268035,-0.0821067315682433,0.1215463073269011,0.2314914514296855,-0.09024169234603532,-0.13664116069610954,-0.1034032771581637,-0.008653803370520737,0.09589342920214582,-0.1312885948550934,0.03786678728154346,-0.10500822076779938,-0.1769148916433367,0.058713379170451635,0.005844930426972595,-0.11857182263499148,-0.10772340600119266,-0.015913935680823343,0.019263520896334846,-0.031869433385888345,0.008716344988479816,-0.01720820228607994,0.07953789465473228,-0.03870947070341893,-0.15167903806065022,-0.04861627180127161,-0.08335890504326564,0.24031466002796428,0.19250785953917285,-0.01257544680360656
8426846,2024-11-27 03:29:17+00:00,1,"['balmag01__tu', 'int_n_months_open__tu_pmthx', 'g232s__tu', 'linka006__tu', 'co01s__tu']","['miles_odometer__app', 'ENG-loan_to_value', 'au20s__tu', 'rtl_trd__tu', 'linkt003__tu']",,"[1, 1, 1, 1, 1, 1, 1, 1, 1, 1, 1, 1, 1, 1, 1, 1, 1, 1, 1, 1, 1, 1, 1, 1, 1, 1, 1, 1, 1, 1]",10813.0,8300.0,438.0,0,1,1.0,4267.0,1.3027710843373494,88000.0,0.2571656286073408,0.6356838066052604,0.36111200177698943,Decline,75.0,0,0.0,32.0,3.0,142.0,11.0,30.0,0.0,8.0,0.0,2.0,0.0,1.0,1.0,0.0,3.0,5.0,0.0,0.0,0.0,100.0,1.0,0.0,0.0,1.0,22.0,1.0,27.0,0.0,1.0,1.0,-0.09331006418892002,-0.18920492071603767,-0.04993376262551217,-0.1480339008089022,0.3079638557493251,0.042980995456956494,-0.0882551120007139,0.30040752540194077,-0.13664116069610954,-0.1034032771581637,-0.008653803370520737,-0.03114305560493474,0.011519414019293055,0.03786678728154346,-0.10500822076779938,-0.1769148916433367,0.058713379170451635,-0.060274266703106295,0.11093565458187296,-0.10772340600119266,-0.015913935680823343,0.019263520896334846,-0.031869433385888345,0.16263034302206456,-0.01720820228607994,0.07953789465473228,-0.03870947070341893,0.14394674830626408,0.2495240819192867,0.005617409643594694,-0.021987076259449127,0.19250785953917285,-0.01257544680360656
8532205,2024-12-31 05:22:18+00:00,1,"['ENG-loan_to_value', 'fltgrossmonthly__income_sum', 'co01s__tu', 'linkt001__tu', 'in30s__tu']","['cv15__tu', 'miles_odometer__app', 'g232s__tu', 'au20s__tu', 'rtl_trd__tu']",,"[1, 1, 1, 1, 1, 1, 1]",17799.0,17000.0,541.0,0,1,1.0,9583.0,1.047,82500.0,0.2751541835314402,0.6052616798997871,0.36788082432139346,Decline,138.0,0,0.0,14.0,1.0,236.0,11.0,7.0,0.0,7.0,0.0,7.0,0.0,1.0,0.0,0.0,4.0,16.0,0.0,0.0,1.0,50.0,8.0,0.0,0.0,1.0,999.0,1.0,8.0,310.0,1.0,18.0,-0.09331006418892002,-0.18920492071603767,0.10035386170314806,-0.1480339008089022,0.04097619351425082,0.42054655071960684,-0.0882551120007139,-0.09024169234603532,-0.13664116069610954,0.21535953634601085,-0.008653803370520737,-0.03114305560493474,-0.2782711354419625,0.03786678728154346,-0.10500822076779938,0.06970520921885669,0.058713379170451635,-0.060274266703106295,-0.11857182263499148,-0.10772340600119266,-0.015913935680823343,-0.06407911841772129,0.2637365348807015,-0.06725758467036477,-0.01720820228607994,0.07953789465473228,-0.03870947070341893,0.14394674830626408,0.2495240819192867,-0.08335890504326564,0.24031466002796428,0.19250785953917285,-0.01257544680360656
8520453,2024-12-26 12:21:53+00:00,1,"['balmag01__tu', 'co01s__tu', 'rev326__tu', 'trv10__tu', 'fi36s__tu']","['miles_odometer__app', 'g232s__tu', 'au20s__tu', 'br109s__tu', 'cv15__tu']",,"[1, 1, 1, 1, 1, 1, 1, 1, 1, 1, 1, 1]",23983.0,20475.0,605.0,0,1,1.0,3608.0,1.1713308913308913,91978.0,0.2786892568487491,0.6154742159583763,0.37889418750563497,Decline,77.0,0,147.0,13.0,2.0,100.0,11.0,12.0,1.0,12.0,0.0,5.0,0.0,1.0,0.0,0.0,4.0,16.0,0.0,0.0,0.0,100.0,4.0,0.0,0.0,36.0,999.0,1.0,13.0,0.0,1.0,1.0,0.1402491111383294,-0.18920492071603767,-0.018806864018595396,-0.1480339008089022,0.3079638557493251,-0.08813657991152038,-0.0882551120007139,-0.09024169234603532,-0.003177477004452432,0.041781171001579714,0.31726334943275103,-0.03114305560493474,-0.1350249190907034,0.03786678728154346,-0.10500822076779938,0.06970520921885669,0.058713379170451635,-0.060274266703106295,-0.11857182263499148,-0.10772340600119266,-0.015913935680823343,0.019263520896334846,-0.031869433385888345,0.008716344988479816,-0.01720820228607994,0.07953789465473228,-0.03870947070341893,0.14394674830626408,0.2495240819192867,-0.08335890504326564,-0.021987076259449127,0.19250785953917285,-0.01257544680360656
8586517,2025-01-23 03:00:57+00:00,1,"['ENG-loan_to_value', 'rev326__tu', 'br109s__tu', 'co01s__tu', 'rtl_trd__tu']","['cv15__tu', 'g232s__tu', 'au20s__tu', 'linkt001__tu', 'balmag01__tu']",,"[1, 1, 1, 1, 1]",25156.0,22325.0,699.0,0,1,1.0,7083.0,1.126808510638298,70496.0,0.22502087957895706,0.6154742159583763,0.39319710540459024,Decline,47.0,1,1624.0,6.0,4.0,292.0,0.0,5.0,2.0,12.0,1.0,6.0,0.0,6.0,0.0,0.0,4.0,28.0,0.0,0.0,1.0,100.0,22.0,0.0,0.0,1.0,999.0,0.0,3.0,0.0,1.0,18.0,0.3303293790064903,-0.18920492071603767,-0.08445504272173737,-0.041515013036585294,-0.0821067315682433,0.1215463073269011,0.2314914514296855,-0.09024169234603532,0.14246534705327502,0.21535953634601085,0.31726334943275103,0.09589342920214582,-0.2782711354419625,0.03786678728154346,-0.10500822076779938,0.06970520921885669,0.058713379170451635,-0.060274266703106295,-0.11857182263499148,-0.10772340600119266,-0.015913935680823343,-0.06407911841772129,-0.031869433385888345,-0.06725758467036477,-0.01720820228607994,0.07953789465473228,-0.03870947070341893,0.14394674830626408,-0.04861627180127161,-0.08335890504326564,-0.021987076259449127,0.19250785953917285,-0.01257544680360656
8460164,2024-12-04 00:15:52+00:00,1,"['ENG-loan_to_value', 'g232s__tu', 'balmag01__tu', 'rtl_trd__tu', 'jt20s__tu']","['linkt001__tu', 'miles_odometer__app', 'au20s__tu', 'co01s__tu', 'br109s__tu']",,"[1, 1, 1, 1, 1, 1]",29145.0,27350.0,759.0,0,1,1.0,3833.0,1.0656307129798903,89500.0,0.23628341803141847,0.6052616798997871,0.40602619559100656,Decline,379.0,1,0.0,8.0,9.0,222.0,11.0,6.0,3.0,7.0,0.0,2.0,0.0,88.0,0.0,0.0,1.0,3.0,0.0,2.0,0.0,100.0,3.0,0.0,3.0,1.0,1.0,0.0,8.0,1.0,1.0,2.0,-0.09331006418892002,-0.18920492071603767,-0.1766968871060351,-0.1480339008089022,0.18836648636270167,0.03450951651705543,-0.0882551120007139,-0.09024169234603532,0.19764150432143243,0.21535953634601085,-0.008653803370520737,-0.03114305560493474,0.011519414019293055,0.03786678728154346,0.2541763056483385,0.06970520921885669,0.058713379170451635,0.005844930426972595,0.21229951852229634,-0.10772340600119266,-0.015913935680823343,0.019263520896334846,-0.031869433385888345,0.06369334380641194,-0.01720820228607994,-0.07981889261212467,-0.03870947070341893,-0.02528638501619581,-0.04861627180127161,-0.08335890504326564,0.1555126911470646,0.19250785953917285,-0.01257544680360656
8533893,2025-01-01 01:15:46+00:00,1,"['rev326__tu', 'miles_odometer__app', 'linka006__tu', 'rtl_trd__tu', 'cv15__tu']","['co01s__tu', 'ENG-loan_to_value', 'br109s__tu', 'balmag01__tu', 'in21s__tu']","[1, 1, 1, 0, 0, 0, 0, 0, 0, 0, 0, 0, 0, 0, 0, 0, 0, 0, 0, 0, 0, 0]","[1, 1, 1, 1, 1]",30724.0,22700.0,733.0,0,1,1.0,6903.0,1.3534801762114537,40236.0,0.22223787585023644,0.6453188404962024,0.40716463779146916,Decline,167.0,1,18778.0,65.0,3.0,282.0,1.0,5.0,2.0,10.0,1.0,1.0,0.0,65.0,0.0,0.0,1.0,9.0,0.023715415019762844,0.0,0.0,100.0,2.0,0.0,4.0,123.0,0.0,0.0,6.0,0.0,1.0,4.0,0.3303293790064903,0.033099809731701964,-0.04993376262551217,0.13886964189649717,-0.0821067315682433,0.1215463073269011,-0.0882551120007139,-0.09024169234603532,0.14246534705327502,-0.1034032771581637,0.20206341135887976,0.09589342920214582,0.14740821351253497,0.03786678728154346,0.08627948092271391,0.06970520921885669,0.058713379170451635,0.005844930426972595,0.010140983831605175,-0.10772340600119266,-0.015913935680823343,0.019263520896334846,-0.031869433385888345,0.12769107527841583,-0.01720820228607994,-0.10351188077213397,0.10354191472936843,-0.15167903806065022,-0.04861627180127161,-0.08335890504326564,-0.021987076259449127,0.19250785953917285,-0.01257544680360656
8524298,2024-12-28 01:35:31+00:00,1,"['balmag01__tu', 'rtl_trd__tu', 'in30s__tu', 'trv10__tu', 'fltgrossmonthly__income_sum']","['linkt001__tu', 'miles_odometer__app', 'co01s__tu', 'br109s__tu', 'in21s__tu']","[1, 1, 1, 1, 1, 1, 1, 1, 1, 1, 1, 1, 1, 1, 1, 1, 1, 1, 1, 1, 1, 1, 1, 1, 1, 1, 1, 1, 0, 0, 0, 0, 0, 0, 1, 1, 1, 1, 1, 1, 1, 1, 1, 1, 1, 1, 1, 1, 1, 1, 1, 1, 1]","[1, 1]",26977.04,23550.0,765.0,0,1,1.0,5917.0,1.1455218683651804,90000.0,0.2374690797097902,0.6154742159583763,0.41494884803442555,Decline,133.0,1,0.0,82.0,6.0,142.0,1.0,2.0,5.0,12.0,0.0,3.0,0.0,1.0,0.0,0.0,2.0,7.0,0.8679245283018868,0.0,1.0,75.0,6.0,0.0,3.0,134.0,23.0,0.0,4.0,325.0,1.0,18.0,-0.09331006418892002,0.033099809731701964,-0.14652199065887564,-0.1480339008089022,0.3079638557493251,0.1215463073269011,-0.0882551120007139,-0.09024169234603532,0.2777036275647463,0.041781171001579714,0.31726334943275103,-0.03114305560493474,-0.1312885948550934,0.03786678728154346,-0.10500822076779938,0.06970520921885669,0.058713379170451635,-0.060274266703106295,0.020564533232433003,0.22712633194820106,-0.015913935680823343,-0.06407911841772129,0.2637365348807015,0.008716344988479816,-0.01720820228607994,-0.07981889261212467,0.10354191472936843,0.14394674830626408,-0.04861627180127161,-0.08335890504326564,0.24031466002796428,0.19250785953917285,-0.01257544680360656
8512773,2024-12-21 04:10:41+00:00,1,"['balmag01__tu', 'rev326__tu', 'miles_odometer__app', 'trv13__tu', 'trv10__tu']","['ENG-loan_to_value', 'co01s__tu', 'g002s__tu', 'br109s__tu', 'in21s__tu']","[1, 1, 1, 1, 1, 1, 1, 1, 1, 1, 1, 1, 1, 1, 1]","[1, 1, 1, 1, 1, 1, 1, 1, 1, 1, 1, 1, 1, 1]",82767.0,51150.0,1527.0,0,1,1.0,6666.0,1.6181231671554253,33000.0,0.2666324968554843,0.7067715717469841,0.41627468802819867,Decline,285.0,0,603.0,64.0,3.0,84.0,2.0,14.0,1.0,12.0,5.0,3.0,0.0,1.0,0.0,5.0,1.0,12.0,1.0,0.0,0.0,100.0,9.0,0.0,4.0,1.0,999.0,0.0,15.0,0.0,1.0,18.0,0.3303293790064903,0.033099809731701964,-0.04993376262551217,0.13886964189649717,0.3920629027413897,0.1215463073269011,-0.0882551120007139,0.009386984627154335,-0.003177477004452432,-0.41780855212669693,0.31726334943275103,0.19406097154440893,-0.1312885948550934,0.03786678728154346,-0.10500822076779938,0.06970520921885669,-0.10294473825256342,0.005844930426972595,0.010140983831605175,0.22712633194820106,-0.015913935680823343,0.019263520896334846,-0.031869433385888345,-0.06725758467036477,-0.01720820228607994,-0.10351188077213397,-0.03870947070341893,0.14394674830626408,-0.04861627180127161,-0.08335890504326564,-0.021987076259449127,0.19250785953917285,-0.01257544680360656
8545001,2025-01-06 22:05:52+00:00,1,"['balmag01__tu', 'g232s__tu', 'co01s__tu', 'cv15__tu', 'fi36s__tu']","['ENG-loan_to_value', 'miles_odometer__app', 'au20s__tu', 'rtl_trd__tu', 'linkt003__tu']",,"[1, 1, 1, 1, 1, 1, 1, 1]",17642.0,11750.0,486.0,0,1,1.0,4000.0,1.5014468085106383,80000.0,0.2947433630585416,0.6536030123642623,0.42554543047648585,Decline,176.0,0,0.0,10.0,4.0,144.0,11.0,8.0,0.0,8.0,0.0,1.0,0.0,10.0,1.0,0.0,2.0,3.0,0.0,0.0,0.0,100.0,3.0,0.0,0.0,1.0,999.0,0.0,10.0,0.0,1.0,0.0,-0.09331006418892002,-0.18920492071603767,-0.08445504272173737,-0.1480339008089022,0.3079638557493251,0.03450951651705543,-0.0882551120007139,-0.09024169234603532,-0.13664116069610954,-0.11900476184721898,-0.008653803370520737,-0.03114305560493474,0.14740821351253497,0.03786678728154346,-0.10500822076779938,-0.1769148916433367,0.058713379170451635,-0.060274266703106295,0.21229951852229634,-0.10772340600119266,-0.015913935680823343,0.019263520896334846,-0.031869433385888345,0.06369334380641194,-0.01720820228607994,0.07953789465473228,-0.03870947070341893,0.14394674830626408,-0.04861627180127161,-0.08335890504326564,-0.021987076259449127,0.19250785953917285,0.08053818026610574
8474741,2024-12-10 02:56:52+00:00,1,"['rev326__tu', 'br109s__tu', 'co01s__tu', 'fi36s__tu', 'g002s__tu']","['miles_odometer__app', 'ENG-loan_to_value', 'au20s__tu', 'balmag01__tu', 'rtl_trd__tu']",,"[1, 1, 1, 1, 1]",36932.0,24000.0,723.0,0,1,1.0,5000.0,1.5388333333333333,93899.0,0.2915464273401664,0.6637057085458945,0.4274360311020856,Decline,51.0,0,337.0,7.0,3.0,373.0,0.0,5.0,0.0,8.0,1.0,3.0,0.0,1.0,0.0,0.0,1.0,10.0,0.0,0.0,0.0,100.0,8.0,0.0,0.0,1.0,999.0,0.0,7.0,9.0,1.0,18.0,0.3303293790064903,-0.18920492071603767,-0.04993376262551217,-0.18396533830432713,-0.115666012319273,0.05343808535863555,0.2314914514296855,-0.09024169234603532,-0.13664116069610954,-0.11900476184721898,-0.008653803370520737,0.09589342920214582,-0.1312885948550934,0.03786678728154346,-0.10500822076779938,0.06970520921885669,0.058713379170451635,0.005844930426972595,0.010140983831605175,-0.10772340600119266,-0.015913935680823343,0.019263520896334846,-0.031869433385888345,-0.06725758467036477,-0.01720820228607994,0.07953789465473228,-0.03870947070341893,0.14394674830626408,-0.04861627180127161,-0.08335890504326564,0.1555126911470646,0.19250785953917285,-0.01257544680360656
8602868,2025-01-29 04:51:15+00:00,1,"['rtl_trd__tu', 'rev326__tu', 'br109s__tu', 'balmag01__tu', 'au20s__tu']","['g232s__tu', 'g407s__tu', 'cv15__tu', 'ENG-loan_to_value', 'g002s__tu']","[1, 1, 1, 1, 1, 1, 1, 1, 1, 1, 1, 0, 0, 0, 0, 0, 0, 0, 0, 0]","[1, 1, 1, 1, 0, 0, 1]",33875.0,24225.0,575.0,0,1,0.6071428571428571,5583.0,1.3983488132094943,42800.0,0.2343688681499767,0.6453188404962024,0.42938997209543533,Decline,302.0,1,480.0,89.0,1.0,160.0,0.0,7.0,24.0,11.0,0.0,19.0,0.0,89.0,0.0,2.0,12.0,116.0,0.3142857142857143,0.0,1.0,100.0,57.0,0.0,2.0,1.0,0.0,0.0,8.0,0.0,0.6071428571428571,18.0,0.3303293790064903,0.23248092831857015,0.10035386170314806,0.057591744291193035,0.22104746807346873,0.1215463073269011,0.2314914514296855,-0.09024169234603532,0.5169626501490205,-0.11900476184721898,0.20206341135887976,-0.03114305560493474,-0.2782711354419625,0.03786678728154346,0.2541763056483385,0.06970520921885669,-0.10294473825256342,-0.1904138962100055,-0.2883839414548278,0.007323925150342305,-0.015913935680823343,-0.06407911841772129,-0.031869433385888345,-0.06725758467036477,-0.01720820228607994,-0.044196768556027305,-0.03870947070341893,-0.15167903806065022,-0.04861627180127161,-0.08335890504326564,-0.021987076259449127,0.11821491604874346,-0.01257544680360656
8600967,2025-01-28 12:08:03+00:00,1,"['linkf098__tu', 'rev326__tu', 'br109s__tu', 'balmag01__tu', 'co01s__tu']","['ENG-loan_to_value', 'g232s__tu', 'g407s__tu', 'au20s__tu', 'linkt003__tu']",,"[1, 1, 1, 1, 1, 1, 1, 1, 1, 1, 1, 1, 1, 1, 1, 1, 1, 1, 1, 1]",20189.0,11925.0,537.0,0,1,1.0,5417.0,1.6929979035639413,55000.0,0.224925613044189,0.7067715717469841,0.45133146917627026,Decline,32.0,1,547.0,22.0,2.0,206.0,0.0,20.0,2.0,12.0,3.0,4.0,0.0,22.0,1.0,0.0,7.0,34.0,0.0,3.0,1.0,50.0,9.0,0.0,0.0,1.0,999.0,1.0,19.0,4.0,1.0,1.0,0.3303293790064903,-0.18920492071603767,-0.018806864018595396,0.021624315630355516,0.22104746807346873,0.1215463073269011,0.2314914514296855,0.16898341204685105,0.14246534705327502,-0.41780855212669693,0.31726334943275103,0.19406097154440893,-0.1350249190907034,0.03786678728154346,-0.10500822076779938,-0.1769148916433367,0.058713379170451635,-0.1904138962100055,-0.2883839414548278,-0.10772340600119266,0.2789036945977446,-0.06407911841772129,0.2637365348807015,-0.06725758467036477,-0.01720820228607994,0.07953789465473228,-0.03870947070341893,0.14394674830626408,0.2495240819192867,0.005617409643594694,0.1555126911470646,0.19250785953917285,-0.01257544680360656
8500468,2024-12-16 12:24:24+00:00,1,"['balmag01__tu', 'g407s__tu', 'cv15__tu', 'trv10__tu', 'fltgrossmonthly__income_sum']","['rp01s__tu', 'co01s__tu', 'ENG-loan_to_value', 'linkt001__tu', 'rtl_trd__tu']","[1, 1, 1, 1, 1, 1, 1, 1, 1, 1, 1, 1, 1, 1, 1, 1, 1, 1, 1, 1, 1, 1, 1, 0, 0, 0, 0, 0, 0, 0, 0, 0, 0, 0, 0, 0, 0, 0]","[1, 1, 1, 1, 1, 1, 1, 1, 1, 1, 1, 1, 1, 1, 1, 1, 1, 1]",21845.0,14925.0,475.0,0,1,1.0,5417.0,1.4636515912897823,54851.0,0.31697960115193136,0.6536030123642623,0.4576497310226859,Decline,309.0,0,0.0,65.0,6.0,120.0,2.0,18.0,0.0,12.0,0.0,1.0,1.0,54.0,0.0,0.0,0.0,10.0,0.3724696356275304,0.0,1.0,100.0,12.0,0.0,5.0,71.0,3.0,1.0,19.0,0.0,1.0,6.0,-0.09331006418892002,0.033099809731701964,-0.14652199065887564,0.021624315630355516,0.3079638557493251,0.1215463073269011,-0.0882551120007139,0.009386984627154335,-0.13664116069610954,-0.11900476184721898,0.31726334943275103,-0.03114305560493474,0.14740821351253497,-0.22875708311654333,0.07115391723174808,0.06970520921885669,0.058713379170451635,0.1104556316405929,0.010140983831605175,0.007323925150342305,-0.015913935680823343,-0.06407911841772129,-0.031869433385888345,-0.06725758467036477,-0.01720820228607994,-0.10351188077213397,-0.03870947070341893,-0.02528638501619581,0.2495240819192867,0.005617409643594694,-0.021987076259449127,0.19250785953917285,-0.01257544680360656
8519243,2024-12-24 08:34:49+00:00,1,"['miles_odometer__app', 'fltgrossmonthly__income_sum', 'co01s__tu', 'fi36s__tu', 'aut252__tu']","['ENG-loan_to_value', 'g232s__tu', 'au20s__tu', 'balmag01__tu', 'br109s__tu']",,"[1, 1, 1, 1, 1, 1, 1, 1, 1]",18056.0,12625.0,532.0,0,1,1.0,7500.0,1.4301782178217821,11350.0,0.2633050421930785,0.6536030123642623,0.4885970620333424,Decline,265.0,1,80.0,26.0,2.0,300.0,11.0,9.0,1.0,10.0,0.0,2.0,0.0,26.0,0.0,0.0,4.0,13.0,0.0,1.0,1.0,100.0,23.0,0.0,0.0,1.0,999.0,1.0,1.0,323.0,1.0,18.0,0.03536532950450431,-0.18920492071603767,-0.018806864018595396,0.32412879260268035,-0.115666012319273,0.42054655071960684,-0.0882551120007139,-0.09024169234603532,-0.003177477004452432,-0.11900476184721898,0.20206341135887976,-0.03114305560493474,0.011519414019293055,0.03786678728154346,-0.10500822076779938,0.06970520921885669,0.058713379170451635,-0.060274266703106295,-0.11857182263499148,-0.10772340600119266,-0.015913935680823343,-0.06407911841772129,-0.031869433385888345,-0.06725758467036477,-0.01720820228607994,0.07953789465473228,-0.03870947070341893,0.14394674830626408,0.2495240819192867,-0.08335890504326564,0.24031466002796428,0.19250785953917285,-0.01257544680360656
8622581,2025-02-05 21:34:20+00:00,1,"['ENG-loan_to_value', 'fltgrossmonthly__income_sum', 'rev326__tu', 'rtl_trd__tu', 'aut252__tu']","['miles_odometer__app', 'co01s__tu', 'g232s__tu', 'g002s__tu', 'linkt003__tu']",,"[1, 1, 1, 1, 1, 1]",17715.0,16575.0,489.0,0,1,1.0,8500.0,1.0687782805429864,97000.0,0.295354845129634,0.6052616798997871,0.5075337284202072,Decline,190.0,1,2883.0,67.0,2.0,295.0,3.0,6.0,2.0,11.0,0.0,2.0,0.0,9.0,1.0,1.0,3.0,14.0,0.0,1.0,0.0,100.0,13.0,0.0,4.0,162.0,4.0,0.0,9.0,120.0,1.0,4.0,0.3303293790064903,0.033099809731701964,-0.018806864018595396,-0.2679280215006448,-0.0821067315682433,0.42054655071960684,-0.0882551120007139,-0.09024169234603532,0.14246534705327502,0.21535953634601085,0.20206341135887976,-0.03114305560493474,0.011519414019293055,0.03786678728154346,-0.10500822076779938,-0.1769148916433367,-0.10294473825256342,-0.060274266703106295,-0.11857182263499148,-0.10772340600119266,-0.015913935680823343,0.019263520896334846,-0.031869433385888345,-0.06725758467036477,-0.01720820228607994,-0.10351188077213397,0.10354191472936843,-0.02528638501619581,-0.04861627180127161,-0.08335890504326564,0.24031466002796428,0.19250785953917285,-0.01257544680360656
8479875,2024-12-12 02:54:24+00:00,1,"['fltgrossmonthly__income_sum', 'miles_odometer__app', 'co01s__tu', 'linkt001__tu', 'fi36s__tu']","['g232s__tu', 'ENG-loan_to_value', 'au20s__tu', 'br109s__tu', 'in21s__tu']",,"[1, 1, 1, 1]",32657.0,25000.0,705.0,0,1,1.0,7333.0,1.30628,30000.0,0.2816769030484008,0.6356838066052604,0.5083584136834651,Decline,128.0,1,0.0,6.0,1.0,237.0,11.0,4.0,1.0,3.0,0.0,3.0,0.0,1.0,0.0,0.0,1.0,15.0,0.0,0.0,0.0,100.0,8.0,0.0,0.0,1.0,999.0,0.0,6.0,95.0,1.0,18.0,-0.09331006418892002,-0.18920492071603767,0.10035386170314806,0.13886964189649717,0.04097619351425082,0.42054655071960684,-0.0882551120007139,-0.09024169234603532,-0.003177477004452432,-0.1034032771581637,-0.11478435367028723,-0.03114305560493474,-0.1312885948550934,0.03786678728154346,-0.10500822076779938,0.06970520921885669,0.058713379170451635,0.005844930426972595,-0.11857182263499148,-0.10772340600119266,-0.015913935680823343,0.019263520896334846,-0.031869433385888345,-0.06725758467036477,-0.01720820228607994,0.07953789465473228,-0.03870947070341893,0.14394674830626408,-0.04861627180127161,-0.08335890504326564,0.1555126911470646,0.19250785953917285,-0.01257544680360656
8519615,2024-12-24 23:48:13+00:00,1,"['rev326__tu', 'trv13__tu', 'fltgrossmonthly__income_sum', 'fi36s__tu', 'aut252__tu']","['co01s__tu', 'miles_odometer__app', 'g232s__tu', 'au20s__tu', 'balmag01__tu']",,[],28249.0,23325.0,681.0,0,1,0.0,7000.0,1.2111039657020364,87000.0,0.3894381205026477,0.6356838066052604,0.5468490483139363,Decline,128.0,0,158.0,5.0,3.0,327.0,3.0,0.0,1.0,6.0,2.0,3.0,0.0,43.0,0.0,1.0,2.0,25.0,0.0,0.0,0.0,100.0,16.0,0.0,4.0,1.0,999.0,0.0,1.0,253.0,0.0,18.0,0.1402491111383294,-0.18920492071603767,-0.04993376262551217,-0.1480339008089022,-0.115666012319273,0.1215463073269011,-0.0882551120007139,-0.09024169234603532,-0.003177477004452432,0.041781171001579714,-0.008653803370520737,0.19406097154440893,-0.1312885948550934,0.03786678728154346,0.07115391723174808,0.06970520921885669,-0.10294473825256342,-0.060274266703106295,-0.11857182263499148,-0.10772340600119266,-0.015913935680823343,0.019263520896334846,-0.031869433385888345,-0.06725758467036477,-0.01720820228607994,-0.10351188077213397,-0.03870947070341893,0.14394674830626408,-0.04861627180127161,-0.08335890504326564,0.24031466002796428,-0.09517110639155442,-0.01257544680360656
8431566,2024-11-30 01:36:07+00:00,1,"['rev326__tu', 'au20s__tu', 'linkt001__tu', 'trv13__tu', 'fltgrossmonthly__income_sum']","['rp01s__tu', 'g232s__tu', 'co01s__tu', 'balmag01__tu', 'g002s__tu']",[],"[1, 1, 1, 1, 1, 1, 1]",26622.0,22675.0,711.0,0,1,1.0,5319.0,1.1740683572216097,51000.0,0.3241239315578047,0.6154742159583763,0.566367849594,Decline,174.0,1,960.0,118.0,1.0,330.0,1.0,7.0,1.0,10.0,2.0,4.0,1.0,1.0,0.0,1.0,2.0,27.0,0.0,0.0,2.0,100.0,28.0,0.0,3.0,1.0,54.0,0.0,9.0,1.0,1.0,18.0,0.3303293790064903,0.34454722637988666,0.10035386170314806,0.021624315630355516,-0.115666012319273,0.1215463073269011,-0.0882551120007139,-0.09024169234603532,-0.003177477004452432,0.041781171001579714,0.20206341135887976,0.19406097154440893,-0.1350249190907034,-0.22875708311654333,-0.10500822076779938,0.06970520921885669,-0.10294473825256342,-0.060274266703106295,-0.11857182263499148,-0.10772340600119266,-0.015913935680823343,-0.06407911841772129,-0.031869433385888345,-0.06725758467036477,-0.01720820228607994,-0.07981889261212467,-0.03870947070341893,0.14394674830626408,-0.04861627180127161,-0.08335890504326564,0.1555126911470646,0.19250785953917285,-0.01257544680360656
8534274,2025-01-01 02:36:24+00:00,1,"['miles_odometer__app', 'g002s__tu', 'st20s__tu', 'linkt003__tu', 'fltgrossmonthly__income_sum']","['rp01s__tu', 'cv15__tu', 'g232s__tu', 'ENG-loan_to_value', 'balmag01__tu']","[1, 1, 0, 0, 0, 0, 0, 0, 0, 0, 0, 0, 0, 0, 0, 0, 0, 0, 0, 0, 0, 0, 0, 0, 0, 0, 0, 0, 0, 0]",[],24130.0,18975.0,582.0,0,1,0.0064516129032258064,4448.0,1.27167325428195,17800.0,0.47717812266658566,0.6356838066052604,0.6700535682527746,Decline,208.0,0,0.0,63.0,4.0,444.0,1.0,0.0,0.0,0.0,0.0,6.0,2.0,1.0,0.0,0.0,3.0,24.0,0.0064516129032258064,0.0,1.0,100.0,16.0,0.0,2.0,135.0,1.0,0.0,1.0,0.0,0.0,5.0,-0.09331006418892002,0.033099809731701964,-0.08445504272173737,0.32412879260268035,-0.115666012319273,0.042980995456956494,-0.0882551120007139,-0.09024169234603532,-0.13664116069610954,-0.1034032771581637,-0.11478435367028723,-0.03114305560493474,-0.2782711354419625,-0.22875708311654333,-0.10500822076779938,0.06970520921885669,0.058713379170451635,-0.060274266703106295,-0.11857182263499148,-0.10772340600119266,-0.015913935680823343,-0.06407911841772129,-0.031869433385888345,-0.06725758467036477,-0.01720820228607994,-0.044196768556027305,0.10354191472936843,-0.02528638501619581,-0.04861627180127161,-0.08335890504326564,-0.021987076259449127,-0.09517110639155442,-0.01257544680360656
8624057,2025-02-06 03:56:58+00:00,1,"['balmag01__tu', 'int_n_months_open__tu_pmthx', 'per235__tu', 'rp01s__tu', 'linka006__tu']","['linkt001__tu', 'ENG-loan_to_value', 'au20s__tu', 'g002s__tu', 'miles_odometer__app']",,"[1, 1, 1, 1, 1, 1, 1, 1, 1, 1, 1, 1, 0, 0, 1, 1, 0, 1, 1, 1, 1, 1, 1, 1, 0, 1]",21193.0,16325.0,587.0,0,1,0.8034188034188035,4583.0,1.2981929555895866,76000.0,0.4003855086355492,0.6356838066052604,0.7225986221413433,Decline,88.0,1,0.0,29.0,7.0,230.0,11.0,26.0,0.0,8.0,0.0,3.0,0.0,1.0,0.0,3.0,3.0,8.0,0.0,0.0,3.0,100.0,3.0,1100.0,2.0,89.0,2.0,0.0,4.0,0.0,0.8034188034188035,7.0,-0.09331006418892002,-0.18920492071603767,-0.14652199065887564,-0.10497479844572186,0.18836648636270167,0.042980995456956494,-0.0882551120007139,0.16898341204685105,-0.13664116069610954,-0.1034032771581637,-0.008653803370520737,-0.03114305560493474,-0.1312885948550934,0.03786678728154346,-0.10500822076779938,0.06970520921885669,-0.10294473825256342,-0.060274266703106295,0.010140983831605175,-0.10772340600119266,-0.015913935680823343,-0.06407911841772129,-0.031869433385888345,0.06369334380641194,0.19170173293364837,-0.044196768556027305,-0.03870947070341893,-0.02528638501619581,-0.04861627180127161,-0.08335890504326564,-0.021987076259449127,0.11821491604874346,-0.01257544680360656
8611628,2025-02-01 04:07:25+00:00,1,"['au20s__tu', 'rtl_trd__tu', 'linkf098__tu', 'fltgrossmonthly__income_sum', 'jt20s__tu']","['ENG-loan_to_value', 'rp01s__tu', 'miles_odometer__app', 'co01s__tu', 'linkt001__tu']","[1, 1, 1, 1, 1, 1, 1, 1, 1, 1, 1, 1, 1, 1, 1, 1, 1, 1, 1, 1, 1, 1, 1, 1, 1, 1, 0, 0, 0, 0, 0, 0, 0, 0, 0, 0, 0, 0]","[1, 1, 1, 1, 1, 1, 1, 1, 1, 1, 1, 1, 1, 0, 0, 1, 1, 1, 1, 1, 1, 1, 1]",26493.0,14125.0,705.0,0,1,0.894927536231884,8125.0,1.8756106194690265,100000.0,0.38385989587054603,0.7067715717469841,0.7702459867345888,Decline,346.0,1,0.0,136.0,5.0,180.0,2.0,23.0,7.0,11.0,0.0,1.0,1.0,330.0,1.0,1.0,0.0,8.0,0.47368421052631576,3.0,2.0,100.0,46.0,0.0,4.0,158.0,1.0,1.0,24.0,0.0,0.894927536231884,4.0,-0.09331006418892002,0.5922503391999676,-0.11863334655000428,-0.2679280215006448,0.22104746807346873,0.42054655071960684,-0.0882551120007139,0.16898341204685105,0.5169626501490205,-1.2651064125139004,0.20206341135887976,-0.03114305560493474,0.14740821351253497,-0.22875708311654333,0.566822986834768,-0.1769148916433367,-0.10294473825256342,0.1104556316405929,0.010140983831605175,0.10884211278369073,0.2789036945977446,-0.06407911841772129,-0.031869433385888345,-0.06725758467036477,-0.01720820228607994,-0.10351188077213397,0.10354191472936843,-0.02528638501619581,0.2495240819192867,0.005617409643594694,-0.021987076259449127,0.19250785953917285,-0.01257544680360656
8599910,2025-01-28 04:48:44+00:00,0,"['rev326__tu', 'au20s__tu', 'rtl_trd__tu', 'int_n_months_open__tu_pmthx', 'trv10__tu']","['rp01s__tu', 'linkt001__tu', 'co01s__tu', 'ENG-loan_to_value', 'g232s__tu']","[1, 1, 1, 1, 1, 1, 1, 1, 1, 1, 1, 1, 0, 1, 0, 0, 0, 0, 0, 0, 0, 0, 0, 0, 0, 0, 0, 0, 0, 0, 0, 0]","[1, 1, 1, 1, 1, 1, 1, 1, 1, 1, 1, 1, 1, 1, 1, 1, 1, 1, 1, 1, 1]",31041.0,22250.0,1021.0,0,1,1.0,5106.0,1.3951011235955055,60165.0,0.4250412688368473,0.6453188404962024,0.7787231299358068,Decline,103.0,1,1506.0,87.0,9.0,284.0,11.0,21.0,3.0,12.0,0.0,5.0,1.0,22.0,2.0,4.0,2.0,17.0,0.17424242424242425,0.0,0.0,100.0,15.0,0.0,4.0,41.0,1.0,1.0,8.0,0.0,1.0,1.0,0.3303293790064903,0.23248092831857015,-0.1766968871060351,-0.026562264122875795,-0.0821067315682433,0.05343808535863555,-0.0882551120007139,0.16898341204685105,0.19764150432143243,-0.11900476184721898,0.31726334943275103,-0.03114305560493474,-0.1350249190907034,-0.22875708311654333,-0.10500822076779938,-0.23292531881912387,-0.10294473825256342,-0.060274266703106295,-0.11857182263499148,0.007323925150342305,-0.015913935680823343,0.019263520896334846,-0.031869433385888345,-0.06725758467036477,-0.01720820228607994,-0.10351188077213397,-0.03870947070341893,-0.02528638501619581,0.2495240819192867,-0.08335890504326564,-0.021987076259449127,0.19250785953917285,-0.01257544680360656
8478648,2024-12-11 13:48:22+00:00,0,"['co01s__tu', 'fi36s__tu', 'g002s__tu', 'rp01s__tu', 'trv10__tu']","['cv15__tu', 'linkt001__tu', 'g232s__tu', 'ENG-loan_to_value', 'au20s__tu']",,"[1, 1, 1, 1, 1]",20333.0,16275.0,495.0,0,1,1.0,3667.0,1.2493394777265745,70600.0,0.49336332574488917,0.6356838066052604,0.8904010053042029,Decline,36.0,1,0.0,7.0,6.0,274.0,11.0,5.0,0.0,10.0,0.0,6.0,0.0,7.0,2.0,0.0,4.0,15.0,0.0,0.0,3.0,100.0,12.0,0.0,0.0,1.0,999.0,0.0,7.0,0.0,1.0,1.0,-0.09331006418892002,-0.18920492071603767,-0.14652199065887564,-0.041515013036585294,-0.0821067315682433,-0.08813657991152038,-0.0882551120007139,-0.09024169234603532,-0.13664116069610954,-0.1034032771581637,0.20206341135887976,-0.03114305560493474,-0.2782711354419625,0.03786678728154346,-0.10500822076779938,-0.23292531881912387,0.058713379170451635,-0.060274266703106295,-0.11857182263499148,-0.10772340600119266,-0.015913935680823343,-0.06407911841772129,-0.031869433385888345,-0.06725758467036477,-0.01720820228607994,0.07953789465473228,-0.03870947070341893,0.14394674830626408,-0.04861627180127161,-0.08335890504326564,-0.021987076259449127,0.19250785953917285,-0.01257544680360656
8505865,2024-12-19 03:14:20+00:00,1,"['balmag01__tu', 'rev326__tu', 'br109s__tu', 'co01s__tu', 'trv10__tu']","['ENG-loan_to_value', 'miles_odometer__app', 'g232s__tu', 'au20s__tu', 'g002s__tu']",,"[1, 1, 1, 1]",28273.0,10750.0,500.0,0,1,1.0,5000.0,2.630046511627907,97000.0,0.5601767914869248,0.8703323201613054,1.0769562846987806,Decline,18.0,0,621.0,18.0,3.0,124.0,0.0,4.0,0.0,12.0,0.0,3.0,0.0,17.0,0.0,2.0,2.0,15.0,0.0,0.0,0.0,100.0,8.0,0.0,0.0,1.0,999.0,1.0,9.0,158.0,1.0,18.0,0.3303293790064903,-0.18920492071603767,-0.04993376262551217,-0.2679280215006448,0.3079638557493251,0.05343808535863555,0.2314914514296855,-0.09024169234603532,-0.13664116069610954,-1.3828894481702836,0.31726334943275103,-0.03114305560493474,-0.1312885948550934,0.03786678728154346,-0.10500822076779938,0.06970520921885669,-0.10294473825256342,-0.060274266703106295,-0.11857182263499148,-0.10772340600119266,-0.015913935680823343,0.019263520896334846,-0.031869433385888345,-0.06725758467036477,-0.01720820228607994,0.07953789465473228,-0.03870947070341893,0.14394674830626408,0.2495240819192867,-0.08335890504326564,0.24031466002796428,0.19250785953917285,-0.01257544680360656
