accountid,request_datetime,bitdebtor,best_features,worst_features,list_pmt_hx_closed__tu_pmthx,list_pmt_hx_open__tu_pmthx,amtfinanced__app,bookvalue__app,flt_payment_open__tu_pmthx,ENG-bk,ENG-franchise,ENG-wtd_avg,fltgrossmonthly__income_sum,ENG-loan_to_value,miles_odometer__app,PD,LGD,ECNL,Tier,g106s__tu,has_inst_tag,rev326__tu,au20s__tu,linkt001__tu,balmag01__tu,br109s__tu,int_n_months_open__tu_pmthx,rtl_trd__tu,trv10__tu,trv13__tu,cv15__tu,rp01s__tu,jt20s__tu,linkt003__tu,g002s__tu,g407s__tu,g232s__tu,flt_wtd_avg_closed__tu_pmthx,linkf098__tu,linka003__tu,in30s__tu,linka006__tu,per235__tu,co01s__tu,st20s__tu,fi36s__tu,fi25s__tu,in21s__tu,aut252__tu,flt_wtd_avg_open__tu_pmthx,s068b__tu,rev326__tu_binned,au20s__tu_binned,linkt001__tu_binned,miles_odometer__app_binned,balmag01__tu_binned,fltgrossmonthly__income_sum_binned,br109s__tu_binned,int_n_months_open__tu_pmthx_binned,rtl_trd__tu_binned,ENG-loan_to_value_binned,trv10__tu_binned,trv13__tu_binned,cv15__tu_binned,rp01s__tu_binned,jt20s__tu_binned,linkt003__tu_binned,g002s__tu_binned,g407s__tu_binned,g232s__tu_binned,flt_wtd_avg_closed__tu_pmthx_binned,linkf098__tu_binned,linka003__tu_binned,in30s__tu_binned,linka006__tu_binned,per235__tu_binned,co01s__tu_binned,st20s__tu_binned,fi36s__tu_binned,fi25s__tu_binned,in21s__tu_binned,aut252__tu_binned,flt_wtd_avg_open__tu_pmthx_binned,s068b__tu_binned
8619663,2025-02-04 20:13:34+00:00,1,"['ENG-loan_to_value', 'au20s__tu', 'rtl_trd__tu', 'fltgrossmonthly__income_sum', 'rev326__tu']","['balmag01__tu', 'br109s__tu', 'in21s__tu', 'linka006__tu', 'int_n_months_open__tu_pmthx']","[1, 1, 1, 1, 1, 1, 1, 1, 1, 1, 1, 1, 1, 1, 1, 1, 1, 1, 1, 1]",[1],15752.0,23350.0,436.0,0,1,1.0,8583.0,0.6746038543897216,57600.0,0.01573485384880695,0.5981905993444799,0.020791707116937938,A1,414.0,0,10864.0,139.0,1.0,316.0,11.0,1.0,10.0,11.0,1.0,1.0,0.0,1.0,0.0,0.0,1.0,7.0,1.0,0.0,9.0,100.0,162.0,735.0,0.0,192.0,77.0,0.0,3.0,0.0,1.0,18.0,0.3303293790064903,0.5922503391999676,0.10035386170314806,0.021624315630355516,-0.115666012319273,0.42054655071960684,-0.0882551120007139,-0.09024169234603532,0.5169626501490205,2.14714080533484,0.20206341135887976,0.09589342920214582,0.14740821351253497,0.03786678728154346,-0.10500822076779938,0.06970520921885669,0.058713379170451635,0.005844930426972595,0.020564533232433003,0.22712633194820106,-0.015913935680823343,-0.06407911841772129,-0.031869433385888345,-0.06725758467036477,0.19170173293364837,0.07953789465473228,0.13029271559890934,0.14394674830626408,-0.04861627180127161,-0.08335890504326564,-0.021987076259449127,0.19250785953917285,-0.01257544680360656
8476069,2024-12-10 09:07:38+00:00,1,"['ENG-loan_to_value', 'linkt001__tu', 'balmag01__tu', 'miles_odometer__app', 'rev326__tu']","['rtl_trd__tu', 'br109s__tu', 'cv15__tu', 'g407s__tu', 'co01s__tu']","[1, 1, 1, 1, 1, 1, 1, 1, 1, 1, 1, 1, 1, 1, 1, 1, 1, 1, 1, 1, 1, 1, 1, 1, 1, 1, 1, 1, 1, 1, 1]","[1, 1, 1, 1, 1, 1, 1, 1, 1, 1, 1, 1, 1, 1, 1, 1]",19154.03,28225.0,709.0,0,1,1.0,3810.0,0.6786193091231177,28000.0,0.022558957615004566,0.5981905993444799,0.029808935253005566,A1,156.0,0,170.0,52.0,0.0,112.0,1.0,16.0,0.0,12.0,3.0,3.0,0.0,52.0,0.0,0.0,2.0,12.0,1.0,0.0,0.0,100.0,5.0,0.0,1.0,1.0,999.0,1.0,19.0,0.0,1.0,18.0,0.1402491111383294,0.033099809731701964,0.4427367774168985,0.13886964189649717,0.3079638557493251,0.03450951651705543,-0.0882551120007139,0.009386984627154335,-0.13664116069610954,2.14714080533484,0.31726334943275103,0.19406097154440893,-0.1312885948550934,0.03786678728154346,0.07115391723174808,0.06970520921885669,0.058713379170451635,-0.060274266703106295,0.010140983831605175,0.22712633194820106,-0.015913935680823343,0.019263520896334846,-0.031869433385888345,0.008716344988479816,-0.01720820228607994,-0.03838335303415237,-0.03870947070341893,0.14394674830626408,0.2495240819192867,0.005617409643594694,-0.021987076259449127,0.19250785953917285,-0.01257544680360656
8513319,2024-12-21 06:12:55+00:00,1,"['ENG-loan_to_value', 'linkt001__tu', 'au20s__tu', 'rtl_trd__tu', 'miles_odometer__app']","['in21s__tu', 'g407s__tu', 'linka006__tu', 'int_n_months_open__tu_pmthx', 'linka003__tu']","[1, 1, 1, 1, 1, 1, 1, 1, 1, 1, 1, 1, 1, 1, 1, 1, 1, 1, 1, 1, 1, 1, 1, 1, 1, 1, 1, 1, 1, 1, 1, 1, 1, 1, 1, 1, 1, 1, 1, 1, 1, 1, 1, 1, 1, 1, 1, 1, 1, 1]","[1, 1, 1, 1]",60000.0,62425.0,1388.0,0,1,1.0,11742.160000000047,0.961153384060873,20000.0,0.024503356452921454,0.6052616798997871,0.03276095916423407,A1,487.0,0,40076.0,146.0,0.0,176.0,0.0,4.0,17.0,12.0,3.0,1.0,0.0,79.0,0.0,0.0,2.0,4.0,1.0,0.0,9.0,100.0,162.0,0.0,0.0,1.0,999.0,0.0,6.0,0.0,1.0,18.0,0.3303293790064903,0.5922503391999676,0.4427367774168985,0.32412879260268035,0.22104746807346873,0.42054655071960684,0.2314914514296855,-0.09024169234603532,0.5169626501490205,0.6243896472613216,0.31726334943275103,0.19406097154440893,0.14740821351253497,0.03786678728154346,0.08627948092271391,0.06970520921885669,0.058713379170451635,-0.060274266703106295,0.13674290816118406,0.22712633194820106,-0.015913935680823343,-0.06407911841772129,-0.031869433385888345,-0.06725758467036477,-0.01720820228607994,0.07953789465473228,-0.03870947070341893,0.14394674830626408,-0.04861627180127161,-0.08335890504326564,-0.021987076259449127,0.19250785953917285,-0.01257544680360656
8585606,2025-01-23 01:30:28+00:00,1,"['ENG-loan_to_value', 'rtl_trd__tu', 'rev326__tu', 'balmag01__tu', 'au20s__tu']","['miles_odometer__app', 'g232s__tu', 'br109s__tu', 'cv15__tu', 'in21s__tu']","[1, 1, 1, 1, 1, 1, 1, 0]","[1, 1, 1, 1, 1, 1, 1, 1]",8086.59,27975.0,671.0,0,1,1.0,4395.0,0.2890648793565684,92500.0,0.02888565053428387,0.5981905993444799,0.03816889508869442,A1,396.0,0,4606.0,90.0,3.0,198.0,1.0,8.0,7.0,12.0,2.0,5.0,0.0,90.0,0.0,0.0,1.0,23.0,0.7777777777777778,0.0,0.0,100.0,8.0,520.0,1.0,1.0,1.0,2.0,10.0,0.0,1.0,18.0,0.3303293790064903,0.23248092831857015,-0.04993376262551217,-0.18396533830432713,0.22104746807346873,0.042980995456956494,-0.0882551120007139,-0.09024169234603532,0.5169626501490205,2.14714080533484,0.31726334943275103,0.19406097154440893,-0.1350249190907034,0.03786678728154346,0.2541763056483385,0.06970520921885669,0.058713379170451635,0.005844930426972595,-0.11857182263499148,0.10884211278369073,-0.015913935680823343,0.019263520896334846,-0.031869433385888345,-0.06725758467036477,0.19170173293364837,-0.03838335303415237,-0.03870947070341893,-0.02528638501619581,0.2495240819192867,-0.08335890504326564,-0.021987076259449127,0.19250785953917285,-0.01257544680360656
8546726,2025-01-07 06:13:32+00:00,1,"['ENG-loan_to_value', 'miles_odometer__app', 'fltgrossmonthly__income_sum', 'rev326__tu', 'au20s__tu']","['g232s__tu', 'rp01s__tu', 'g407s__tu', 'cv15__tu', 'in21s__tu']","[1, 1]",[],49958.0,64825.0,699.0,0,1,1.0,11742.160000000047,0.7706594677979175,469.0,0.030875568302625347,0.5981905993444799,0.04079833085109166,A1,422.0,0,7406.0,110.0,2.0,212.0,0.0,0.0,1.0,12.0,2.0,16.0,2.0,30.0,0.0,0.0,11.0,92.0,1.0,0.0,1.0,100.0,85.0,0.0,2.0,1.0,3.0,1.0,2.0,2521.0,0.0,18.0,0.3303293790064903,0.34454722637988666,-0.018806864018595396,0.6039820585160945,0.18836648636270167,0.42054655071960684,0.2314914514296855,-0.09024169234603532,-0.003177477004452432,2.14714080533484,0.31726334943275103,0.19406097154440893,-0.2782711354419625,-0.22875708311654333,-0.10500822076779938,0.06970520921885669,0.058713379170451635,-0.1904138962100055,-0.2883839414548278,0.22712633194820106,-0.015913935680823343,-0.06407911841772129,-0.031869433385888345,-0.06725758467036477,-0.01720820228607994,-0.044196768556027305,-0.03870947070341893,-0.02528638501619581,0.2495240819192867,-0.08335890504326564,0.24031466002796428,-0.09517110639155442,-0.01257544680360656
8536494,2025-01-03 00:16:55+00:00,1,"['ENG-loan_to_value', 'au20s__tu', 'linkf098__tu', 'rev326__tu', 'br109s__tu']","['g002s__tu', 'in21s__tu', 'g407s__tu', 'int_n_months_open__tu_pmthx', 'miles_odometer__app']","[1, 1, 1, 1, 1, 1, 1, 1, 1, 1, 1, 1, 1, 1, 1, 1, 1, 1, 1, 1, 1, 1, 1, 1, 1, 1, 1]","[1, 1, 1, 1, 1, 1, 1, 1, 1]",8086.59,10125.0,358.0,0,1,1.0,4529.0,0.7986755555555556,66125.0,0.031474558693650456,0.5981905993444799,0.04158982423868347,A1,472.0,0,9487.0,166.0,1.0,174.0,0.0,9.0,4.0,11.0,3.0,2.0,0.0,40.0,0.0,4.0,4.0,5.0,1.0,10.0,0.0,100.0,3.0,4117.0,0.0,1.0,999.0,0.0,11.0,0.0,1.0,18.0,0.3303293790064903,0.5922503391999676,0.10035386170314806,-0.041515013036585294,0.22104746807346873,0.042980995456956494,0.2314914514296855,-0.09024169234603532,0.2777036275647463,1.0342990275627653,0.20206341135887976,0.19406097154440893,0.011519414019293055,0.03786678728154346,0.07115391723174808,0.06970520921885669,-0.10294473825256342,-0.060274266703106295,0.11093565458187296,0.22712633194820106,0.2789036945977446,0.019263520896334846,-0.031869433385888345,0.06369334380641194,0.19170173293364837,0.07953789465473228,-0.03870947070341893,0.14394674830626408,-0.04861627180127161,-0.08335890504326564,-0.021987076259449127,0.19250785953917285,-0.01257544680360656
8502358,2024-12-17 04:40:20+00:00,1,"['ENG-loan_to_value', 'balmag01__tu', 'rev326__tu', 'au20s__tu', 'br109s__tu']","['co01s__tu', 'jt20s__tu', 'st20s__tu', 'linkf098__tu', 'in30s__tu']","[1, 1, 1, 1, 1, 1, 1, 1, 1]","[1, 1, 1, 1, 1, 1, 1, 1, 1, 1, 1, 1, 1, 1, 1, 1, 1, 1, 1, 1, 1, 1, 1, 1, 1, 1, 1, 1, 1, 1, 1, 1, 1, 1]",25527.0,28725.0,716.0,0,1,1.0,5319.0,0.888668407310705,52347.0,0.03142122984200223,0.6052616798997871,0.042010147863686544,A1,247.0,0,935.0,127.0,1.0,12.0,0.0,34.0,1.0,12.0,4.0,1.0,0.0,1.0,0.0,0.0,1.0,11.0,1.0,0.0,0.0,100.0,1.0,0.0,1.0,1.0,999.0,1.0,35.0,0.0,1.0,18.0,0.3303293790064903,0.34454722637988666,0.10035386170314806,0.021624315630355516,0.3920629027413897,0.1215463073269011,0.2314914514296855,0.30040752540194077,-0.003177477004452432,1.0342990275627653,0.31726334943275103,0.19406097154440893,0.14740821351253497,0.03786678728154346,-0.10500822076779938,0.06970520921885669,0.058713379170451635,0.005844930426972595,0.010140983831605175,0.22712633194820106,-0.015913935680823343,0.019263520896334846,-0.031869433385888345,0.16263034302206456,-0.01720820228607994,-0.03838335303415237,-0.03870947070341893,0.14394674830626408,0.2495240819192867,0.07695469362916456,-0.021987076259449127,0.19250785953917285,-0.01257544680360656
8616446,2025-02-03 21:22:34+00:00,1,"['ENG-loan_to_value', 'balmag01__tu', 'fltgrossmonthly__income_sum', 'rev326__tu', 'g232s__tu']","['linkt001__tu', 'co01s__tu', 'au20s__tu', 'linkt003__tu', 'rtl_trd__tu']",,"[1, 1, 1, 1, 1, 1, 1, 1, 1, 1, 1, 1]",13980.0,24850.0,384.0,0,1,1.0,10000.0,0.5625754527162978,60000.0,0.03538570116913347,0.5981905993444799,0.04675792618765862,A1,114.0,0,1059.0,14.0,10.0,126.0,4.0,12.0,0.0,10.0,0.0,2.0,0.0,67.0,2.0,0.0,1.0,3.0,0.0,0.0,0.0,100.0,2.0,0.0,6.0,1.0,999.0,1.0,14.0,0.0,1.0,18.0,0.3303293790064903,-0.18920492071603767,-0.1766968871060351,-0.026562264122875795,0.3079638557493251,0.42054655071960684,-0.0882551120007139,-0.09024169234603532,-0.13664116069610954,2.14714080533484,0.20206341135887976,-0.03114305560493474,0.011519414019293055,0.03786678728154346,0.08627948092271391,-0.23292531881912387,0.058713379170451635,0.005844930426972595,0.21229951852229634,-0.10772340600119266,-0.015913935680823343,0.019263520896334846,-0.031869433385888345,0.12769107527841583,-0.01720820228607994,-0.10351188077213397,-0.03870947070341893,0.14394674830626408,0.2495240819192867,-0.08335890504326564,-0.021987076259449127,0.19250785953917285,-0.01257544680360656
8466655,2024-12-06 06:01:03+00:00,1,"['ENG-loan_to_value', 'miles_odometer__app', 'rtl_trd__tu', 'fltgrossmonthly__income_sum', 'rev326__tu']","['co01s__tu', 'g002s__tu', 'br109s__tu', 'in21s__tu', 'g407s__tu']","[1, 1, 1, 1, 1, 1, 1, 1, 1, 1, 1, 1, 1, 1, 1, 1, 1, 1, 1, 1, 1, 1, 1, 1, 1, 1, 1, 1, 1, 1, 1, 1, 1]","[1, 1, 1, 1, 1, 1, 1, 1, 1]",35000.0,42800.0,1255.0,0,1,1.0,11742.160000000047,0.8177570093457944,7711.0,0.03703591410895379,0.6052616798997871,0.04951697421798939,A1,271.0,0,281.0,106.0,2.0,234.0,5.0,9.0,7.0,12.0,3.0,1.0,0.0,54.0,0.0,5.0,4.0,9.0,1.0,0.0,0.0,75.0,8.0,13577.0,6.0,1.0,12.0,1.0,5.0,1.0,1.0,2.0,0.3303293790064903,0.34454722637988666,-0.018806864018595396,0.6039820585160945,0.04097619351425082,0.42054655071960684,-0.0882551120007139,-0.09024169234603532,0.5169626501490205,1.0342990275627653,0.31726334943275103,0.19406097154440893,0.14740821351253497,0.03786678728154346,0.07115391723174808,0.06970520921885669,-0.10294473825256342,-0.060274266703106295,0.010140983831605175,0.22712633194820106,-0.015913935680823343,0.019263520896334846,0.2637365348807015,-0.06725758467036477,0.19170173293364837,-0.10351188077213397,-0.03870947070341893,0.10569468094821943,0.2495240819192867,-0.08335890504326564,0.1555126911470646,0.19250785953917285,-0.01257544680360656
8484133,2024-12-13 21:01:20+00:00,1,"['ENG-loan_to_value', 'g232s__tu', 'rev326__tu', 'br109s__tu', 'int_n_months_open__tu_pmthx']","['balmag01__tu', 'rtl_trd__tu', 'fi36s__tu', 'au20s__tu', 'linkt001__tu']","[1, 1, 1, 1, 1, 1, 1, 1, 1, 1, 1, 1]","[1, 1, 1, 1, 1, 1, 1, 1, 1, 1, 1, 1, 1, 1, 1, 1, 1, 1, 1, 1, 1, 1, 1, 1, 1, 1, 1, 1, 1, 1, 1, 1, 1]",20561.0,25075.0,471.0,0,1,1.0,5575.0,0.8199800598205383,41000.0,0.047347563944732864,0.6052616798997871,0.063303638091361,A1,75.0,0,2186.0,48.0,3.0,302.0,0.0,33.0,0.0,12.0,1.0,1.0,0.0,1.0,0.0,0.0,0.0,2.0,1.0,0.0,0.0,100.0,1.0,0.0,0.0,76.0,0.0,0.0,35.0,0.0,1.0,18.0,0.3303293790064903,-0.10631982308481627,-0.04993376262551217,0.057591744291193035,-0.115666012319273,0.1215463073269011,0.2314914514296855,0.30040752540194077,-0.13664116069610954,1.0342990275627653,0.31726334943275103,0.09589342920214582,0.14740821351253497,0.03786678728154346,-0.10500822076779938,0.06970520921885669,0.058713379170451635,0.1104556316405929,0.30264780780246364,0.22712633194820106,-0.015913935680823343,0.019263520896334846,-0.031869433385888345,0.16263034302206456,-0.01720820228607994,0.07953789465473228,-0.03870947070341893,-0.15167903806065022,-0.04861627180127161,0.07695469362916456,-0.021987076259449127,0.19250785953917285,-0.01257544680360656
8616270,2025-02-03 07:29:55+00:00,1,"['au20s__tu', 'rtl_trd__tu', 'fltgrossmonthly__income_sum', 'rev326__tu', 'jt20s__tu']","['in21s__tu', 'cv15__tu', 'g407s__tu', 'linkf098__tu', 'fi25s__tu']","[1, 1, 1, 1, 1, 1, 1, 1, 1, 1, 1]","[1, 1, 1, 1, 1, 1, 1, 1, 1, 1, 1, 1, 1, 1, 1]",50000.0,40300.0,994.0,0,1,1.0,11742.160000000047,1.2406947890818858,30000.0,0.05127617713122547,0.6356838066052604,0.07200201312905842,A1,246.0,0,107618.0,167.0,1.0,206.0,0.0,15.0,16.0,12.0,1.0,3.0,0.0,167.0,0.0,0.0,3.0,7.0,1.0,0.0,0.0,83.0,3.0,0.0,0.0,127.0,999.0,0.0,5.0,0.0,1.0,1.0,0.3303293790064903,0.5922503391999676,0.10035386170314806,0.13886964189649717,0.22104746807346873,0.42054655071960684,0.2314914514296855,0.009386984627154335,0.5169626501490205,0.041781171001579714,0.31726334943275103,0.09589342920214582,-0.1312885948550934,0.03786678728154346,0.566822986834768,0.06970520921885669,0.058713379170451635,-0.060274266703106295,0.020564533232433003,0.22712633194820106,-0.015913935680823343,0.019263520896334846,0.2637365348807015,0.06369334380641194,-0.01720820228607994,0.07953789465473228,0.10354191472936843,0.14394674830626408,-0.04861627180127161,-0.08335890504326564,-0.021987076259449127,0.19250785953917285,-0.01257544680360656
8517942,2024-12-24 02:34:42+00:00,1,"['ENG-loan_to_value', 'miles_odometer__app', 'rev326__tu', 'au20s__tu', 'br109s__tu']","['co01s__tu', 'linkt003__tu', 'in21s__tu', 'g407s__tu', 'st20s__tu']","[1, 1, 1, 1, 1, 1, 1, 1, 1, 1, 1, 1, 1, 1, 1, 1, 1, 1, 1, 1, 1, 1, 1, 1, 1, 1, 1, 1, 1, 1, 1, 1, 1, 1, 1, 1, 1, 1, 1, 1, 1, 1, 1, 1, 1, 1, 1, 1, 1, 1, 1, 1, 1, 1, 1, 1, 1, 1, 1, 1, 1, 1, 1, 1, 1, 1, 1, 1, 1, 1, 1, 1, 0, 1, 1]","[1, 1, 1, 1, 1, 1, 1, 1, 1, 1, 1, 1, 1, 1, 1, 1, 1, 1, 1, 1, 1, 1, 1, 1, 1, 1, 1]",21120.0,23375.0,590.0,0,1,1.0,4417.0,0.9035294117647059,18000.0,0.04326149823108678,0.6052616798997871,0.07433996718296829,A1,150.0,1,1312.0,104.0,1.0,220.0,0.0,27.0,4.0,12.0,2.0,2.0,0.0,99.0,1.0,0.0,3.0,5.0,0.9743859649122807,0.0,0.0,100.0,1.0,74.0,6.0,99.0,999.0,1.0,2.0,25.0,1.0,18.0,0.3303293790064903,0.34454722637988666,0.10035386170314806,0.32412879260268035,0.18836648636270167,0.042980995456956494,0.2314914514296855,0.16898341204685105,0.2777036275647463,0.6243896472613216,0.31726334943275103,0.19406097154440893,0.011519414019293055,0.03786678728154346,0.2541763056483385,-0.1769148916433367,0.058713379170451635,-0.060274266703106295,0.11093565458187296,0.22712633194820106,-0.015913935680823343,0.019263520896334846,-0.031869433385888345,0.16263034302206456,0.19170173293364837,-0.10351188077213397,-0.03870947070341893,0.14394674830626408,0.2495240819192867,-0.08335890504326564,0.1555126911470646,0.19250785953917285,-0.01257544680360656
8528214,2024-12-29 03:17:47+00:00,1,"['ENG-loan_to_value', 'balmag01__tu', 'rev326__tu', 'rtl_trd__tu', 'fi36s__tu']","['co01s__tu', 'au20s__tu', 'linkt003__tu', 'linkt001__tu', 'br109s__tu']",,"[1, 1, 1, 1, 1, 1]",17867.72,40125.0,854.0,0,1,1.0,3750.0,0.44530143302180686,66000.0,0.04498696373065558,0.5981905993444799,0.07640185386621806,A,122.0,1,581.0,7.0,4.0,146.0,3.0,6.0,3.0,11.0,1.0,2.0,0.0,1.0,1.0,0.0,2.0,9.0,0.0,0.0,0.0,100.0,3.0,0.0,6.0,123.0,72.0,0.0,7.0,0.0,1.0,5.0,0.3303293790064903,-0.18920492071603767,-0.08445504272173737,-0.041515013036585294,0.3079638557493251,-0.08813657991152038,-0.0882551120007139,-0.09024169234603532,0.19764150432143243,2.14714080533484,0.20206341135887976,0.09589342920214582,0.011519414019293055,0.03786678728154346,-0.10500822076779938,-0.1769148916433367,0.058713379170451635,-0.060274266703106295,0.010140983831605175,-0.10772340600119266,-0.015913935680823343,0.019263520896334846,-0.031869433385888345,0.06369334380641194,-0.01720820228607994,-0.10351188077213397,0.10354191472936843,0.14394674830626408,-0.04861627180127161,-0.08335890504326564,-0.021987076259449127,0.19250785953917285,-0.01257544680360656
8474371,2024-12-10 01:39:27+00:00,1,"['linkt001__tu', 'au20s__tu', 'rtl_trd__tu', 'linkf098__tu', 'fltgrossmonthly__income_sum']","['co01s__tu', 'ENG-loan_to_value', 'in21s__tu', 'jt20s__tu', 'miles_odometer__app']","[1, 1, 1, 1, 1, 1, 1, 1, 1, 1, 1, 1, 1, 1, 1, 1, 1, 1, 1, 1, 1, 1, 1, 1, 1, 1, 1, 1, 1, 1, 1, 1, 1, 1, 1, 1, 1, 1, 1, 1, 1, 1, 1, 1, 1, 1, 1, 1, 1, 1, 1, 1, 1, 1, 1, 1, 1, 1, 1, 1, 0, 1, 1, 1]","[1, 1, 1, 1, 1, 1, 1, 1, 1, 1, 1, 1, 1]",37120.0,23200.0,171.0,0,1,1.0,11742.160000000047,1.6,63000.0,0.052210565192971466,0.6637057085458945,0.07654587631644029,A,289.0,0,8733.0,135.0,0.0,174.0,0.0,13.0,12.0,12.0,4.0,2.0,0.0,15.0,0.0,0.0,1.0,8.0,0.9706730769230769,5.0,0.0,80.0,6.0,33537.0,5.0,1.0,15.0,4.0,2.0,0.0,1.0,1.0,0.3303293790064903,0.5922503391999676,0.4427367774168985,-0.026562264122875795,0.22104746807346873,0.42054655071960684,0.2314914514296855,0.009386984627154335,0.5169626501490205,-0.11900476184721898,0.31726334943275103,0.19406097154440893,0.011519414019293055,0.03786678728154346,-0.10500822076779938,0.06970520921885669,0.058713379170451635,0.005844930426972595,0.010140983831605175,0.22712633194820106,0.2789036945977446,0.019263520896334846,0.2637365348807015,0.008716344988479816,0.19170173293364837,-0.10351188077213397,-0.03870947070341893,0.10569468094821943,0.2495240819192867,-0.08335890504326564,-0.021987076259449127,0.19250785953917285,-0.01257544680360656
8529985,2024-12-30 20:31:53+00:00,1,"['au20s__tu', 'balmag01__tu', 'ENG-loan_to_value', 'fltgrossmonthly__income_sum', 'rev326__tu']","['miles_odometer__app', 'linkt001__tu', 'in21s__tu', 'co01s__tu', 'st20s__tu']","[1, 1, 1, 1, 1, 1, 1, 1, 1, 1, 1]","[1, 1, 1, 1, 1, 1, 1, 1, 1, 1, 1, 1, 1, 1, 1, 1, 1, 1, 1, 1, 1, 1, 1, 1, 1]",10318.0,9650.0,281.0,0,1,1.0,8833.0,1.069222797927461,90000.0,0.052396378032111654,0.6052616798997871,0.09003721976079446,A,166.0,1,12352.0,138.0,4.0,132.0,0.0,25.0,4.0,12.0,0.0,2.0,0.0,138.0,0.0,0.0,0.0,6.0,1.0,0.0,0.0,67.0,1.0,0.0,2.0,100.0,999.0,1.0,8.0,0.0,1.0,1.0,0.3303293790064903,0.5922503391999676,-0.08445504272173737,-0.1480339008089022,0.3079638557493251,0.42054655071960684,0.2314914514296855,0.16898341204685105,0.2777036275647463,0.21535953634601085,0.31726334943275103,-0.03114305560493474,0.011519414019293055,0.03786678728154346,0.566822986834768,0.06970520921885669,0.058713379170451635,0.1104556316405929,0.11093565458187296,0.22712633194820106,-0.015913935680823343,0.019263520896334846,0.2637365348807015,0.16263034302206456,-0.01720820228607994,-0.044196768556027305,-0.03870947070341893,0.14394674830626408,0.2495240819192867,-0.08335890504326564,-0.021987076259449127,0.19250785953917285,-0.01257544680360656
8619975,2025-02-04 23:10:49+00:00,1,"['ENG-loan_to_value', 'miles_odometer__app', 'rev326__tu', 'br109s__tu', 'balmag01__tu']","['au20s__tu', 'rtl_trd__tu', 'cv15__tu', 'jt20s__tu', 'flt_wtd_avg_closed__tu_pmthx']",,"[1, 1, 1, 1, 1, 1, 1, 1, 1, 1, 1, 1, 1, 1, 1]",23425.0,23825.0,604.0,0,1,1.0,6667.0,0.9832109129066107,20000.0,0.07817801200603519,0.6052616798997871,0.10452391139930375,A,25.0,0,947.0,17.0,1.0,149.0,0.0,15.0,0.0,11.0,0.0,3.0,0.0,1.0,0.0,0.0,1.0,7.0,0.0,0.0,0.0,100.0,3.0,0.0,0.0,1.0,999.0,1.0,17.0,0.0,1.0,18.0,0.3303293790064903,-0.18920492071603767,0.10035386170314806,0.32412879260268035,0.22104746807346873,0.1215463073269011,0.2314914514296855,0.009386984627154335,-0.13664116069610954,0.6243896472613216,0.20206341135887976,-0.03114305560493474,-0.1312885948550934,0.03786678728154346,-0.10500822076779938,0.06970520921885669,0.058713379170451635,0.005844930426972595,0.020564533232433003,-0.10772340600119266,-0.015913935680823343,0.019263520896334846,-0.031869433385888345,0.06369334380641194,-0.01720820228607994,0.07953789465473228,-0.03870947070341893,0.14394674830626408,0.2495240819192867,0.005617409643594694,-0.021987076259449127,0.19250785953917285,-0.01257544680360656
8475128,2024-12-10 04:24:18+00:00,1,"['miles_odometer__app', 'au20s__tu', 'rtl_trd__tu', 'ENG-loan_to_value', 'fltgrossmonthly__income_sum']","['g232s__tu', 'g407s__tu', 'co01s__tu', 'cv15__tu', 'balmag01__tu']",[],"[1, 1]",35000.0,33250.0,,0,1,1.0,11103.0,1.0526315789473684,6602.0,0.0808914561542859,0.6052616798997871,0.10815178307909043,A,356.0,0,3365.0,136.0,1.0,274.0,0.0,2.0,8.0,12.0,1.0,5.0,0.0,136.0,0.0,0.0,15.0,49.0,0.0,0.0,0.0,100.0,17.0,13375.0,3.0,1.0,73.0,0.0,3.0,0.0,1.0,2.0,0.3303293790064903,0.5922503391999676,0.10035386170314806,0.6039820585160945,-0.0821067315682433,0.42054655071960684,0.2314914514296855,-0.09024169234603532,0.5169626501490205,0.21535953634601085,0.31726334943275103,0.09589342920214582,-0.1350249190907034,0.03786678728154346,0.566822986834768,0.06970520921885669,0.058713379170451635,-0.1904138962100055,-0.2883839414548278,-0.10772340600119266,-0.015913935680823343,0.019263520896334846,-0.031869433385888345,-0.06725758467036477,0.19170173293364837,-0.07981889261212467,-0.03870947070341893,0.14394674830626408,-0.04861627180127161,-0.08335890504326564,-0.021987076259449127,0.19250785953917285,-0.01257544680360656
8625409,2025-02-06 22:33:11+00:00,1,"['miles_odometer__app', 'g232s__tu', 'ENG-loan_to_value', 'fltgrossmonthly__income_sum', 'rev326__tu']","['au20s__tu', 'linkt001__tu', 'in21s__tu', 'int_n_months_open__tu_pmthx', 'jt20s__tu']",,"[1, 1, 1]",32871.0,30700.0,693.0,0,1,1.0,8333.0,1.0707166123778502,4920.0,0.08268273078320454,0.6052616798997871,0.11054671518084887,A,42.0,0,23712.0,5.0,5.0,254.0,0.0,3.0,1.0,12.0,1.0,2.0,0.0,1.0,0.0,0.0,1.0,2.0,0.0,0.0,1.0,100.0,3.0,0.0,0.0,1.0,999.0,0.0,5.0,0.0,1.0,18.0,0.3303293790064903,-0.18920492071603767,-0.11863334655000428,0.6039820585160945,0.04097619351425082,0.42054655071960684,0.2314914514296855,-0.09024169234603532,-0.003177477004452432,0.21535953634601085,0.31726334943275103,0.09589342920214582,0.011519414019293055,0.03786678728154346,-0.10500822076779938,0.06970520921885669,0.058713379170451635,0.005844930426972595,0.30264780780246364,-0.10772340600119266,-0.015913935680823343,-0.06407911841772129,-0.031869433385888345,0.06369334380641194,-0.01720820228607994,0.07953789465473228,-0.03870947070341893,0.14394674830626408,-0.04861627180127161,-0.08335890504326564,-0.021987076259449127,0.19250785953917285,-0.01257544680360656
8589179,2025-01-24 02:40:29+00:00,1,"['linkt001__tu', 'au20s__tu', 'balmag01__tu', 'fltgrossmonthly__income_sum', 'rev326__tu']","['rp01s__tu', 'ENG-loan_to_value', 'br109s__tu', 'in21s__tu', 'co01s__tu']","[1, 1, 1, 1, 1, 1, 1, 1, 1, 1, 1, 1, 1, 0, 0, 1, 0, 1, 0, 0, 1, 1, 1, 1, 1, 1, 1, 1, 0, 0, 0, 0, 0, 0, 0, 1, 0, 0, 0, 0, 1, 1, 1, 1, 1, 1, 1, 1, 0, 0, 0, 0]","[1, 1]",34913.57,23675.0,898.0,0,1,1.0,7416.0,1.4747020063357972,32000.0,0.0804626442333249,0.6536030123642623,0.11617059065294631,A,548.0,0,1998.0,158.0,0.0,92.0,1.0,2.0,2.0,12.0,0.0,0.0,1.0,115.0,0.0,0.0,1.0,4.0,0.5174165457184325,0.0,0.0,100.0,2.0,1.0,2.0,1.0,26.0,1.0,3.0,16.0,1.0,3.0,0.3303293790064903,0.5922503391999676,0.4427367774168985,0.13886964189649717,0.3920629027413897,0.42054655071960684,-0.0882551120007139,-0.09024169234603532,0.14246534705327502,-0.11900476184721898,0.31726334943275103,-0.03114305560493474,0.14740821351253497,-0.22875708311654333,0.3858805028330724,0.06970520921885669,0.058713379170451635,0.005844930426972595,0.13674290816118406,0.10884211278369073,-0.015913935680823343,0.019263520896334846,-0.031869433385888345,0.12769107527841583,-0.01720820228607994,-0.044196768556027305,-0.03870947070341893,0.14394674830626408,0.2495240819192867,-0.08335890504326564,0.1555126911470646,0.19250785953917285,-0.01257544680360656
8459732,2024-12-03 20:34:09+00:00,1,"['miles_odometer__app', 'balmag01__tu', 'ENG-loan_to_value', 'fltgrossmonthly__income_sum', 'rev326__tu']","['au20s__tu', 'fi36s__tu', 'g407s__tu', 'linka006__tu', 'jt20s__tu']",,"[0, 0, 1, 1, 1, 1, 1, 1, 1, 1, 1, 1, 1, 1, 1, 1, 1, 1, 1, 1, 1, 1, 1, 1, 1, 1, 1, 1, 1, 1, 1, 1]",35000.0,32350.0,1231.0,0,1,0.9943181818181818,11742.160000000047,1.0819165378670788,25000.0,0.08835146169618603,0.6052616798997871,0.11812580183822297,A,83.0,0,6145.0,35.0,2.0,134.0,0.0,32.0,3.0,12.0,0.0,2.0,0.0,35.0,0.0,0.0,2.0,10.0,0.0,0.0,0.0,100.0,7.0,0.0,0.0,1.0,0.0,0.0,35.0,0.0,0.9943181818181818,18.0,0.3303293790064903,-0.18920492071603767,-0.018806864018595396,0.32412879260268035,0.3079638557493251,0.42054655071960684,0.2314914514296855,0.30040752540194077,0.19764150432143243,0.21535953634601085,0.31726334943275103,-0.03114305560493474,0.011519414019293055,0.03786678728154346,-0.10500822076779938,0.06970520921885669,0.058713379170451635,-0.060274266703106295,0.010140983831605175,-0.10772340600119266,-0.015913935680823343,0.019263520896334846,-0.031869433385888345,-0.06725758467036477,-0.01720820228607994,0.07953789465473228,-0.03870947070341893,-0.15167903806065022,-0.04861627180127161,0.07695469362916456,-0.021987076259449127,0.19250785953917285,-0.01257544680360656
8600990,2025-01-28 14:24:31+00:00,0,"['balmag01__tu', 'rtl_trd__tu', 'miles_odometer__app', 'ENG-loan_to_value', 'rev326__tu']","['g232s__tu', 'cv15__tu', 'fltgrossmonthly__income_sum', 'g407s__tu', 'co01s__tu']","[1, 1, 1, 1, 1, 1, 1, 1, 1, 1, 1, 1, 1, 1, 1, 1, 0, 0, 0, 0, 0, 0, 0, 0, 0, 0, 0, 0, 0, 0, 0, 0]","[1, 1, 1, 1, 1, 1, 1, 1, 1, 1, 1, 1, 1, 1, 1, 1, 1, 1, 1, 1, 1, 1, 1]",43725.0,42275.0,488.0,0,1,1.0,2500.0,1.0342992312241277,16000.0,0.09075977637971744,0.6052616798997871,0.12134571577749845,A,155.0,0,1395.0,112.0,2.0,40.0,0.0,23.0,11.0,12.0,1.0,15.0,0.0,112.0,0.0,0.0,4.0,91.0,0.25757575757575757,0.0,4.0,100.0,54.0,1348.0,2.0,1.0,65.0,0.0,18.0,0.0,1.0,1.0,0.3303293790064903,0.34454722637988666,-0.018806864018595396,0.32412879260268035,0.3920629027413897,-0.11205834465656199,0.2314914514296855,0.16898341204685105,0.5169626501490205,0.21535953634601085,0.31726334943275103,0.09589342920214582,-0.2782711354419625,0.03786678728154346,0.3858805028330724,0.06970520921885669,0.058713379170451635,-0.060274266703106295,-0.2883839414548278,0.007323925150342305,-0.015913935680823343,-0.06407911841772129,-0.031869433385888345,-0.06725758467036477,0.19170173293364837,-0.044196768556027305,-0.03870947070341893,0.14394674830626408,-0.04861627180127161,0.005617409643594694,-0.021987076259449127,0.19250785953917285,-0.01257544680360656
8437519,2024-12-03 00:39:26+00:00,1,"['ENG-loan_to_value', 'au20s__tu', 'br109s__tu', 'rtl_trd__tu', 'linka006__tu']","['linkt001__tu', 'in21s__tu', 'g407s__tu', 'int_n_months_open__tu_pmthx', 'jt20s__tu']","[1, 1, 1, 1, 1, 1, 1, 1, 1, 1, 1, 1, 1, 1, 1, 1, 1, 1, 1, 1, 1, 1, 1, 1, 1, 1, 1, 1, 1, 1, 1, 1, 1, 1, 1, 1, 1, 1, 0, 0, 0, 0, 0, 0, 0, 0, 0, 0, 0, 0, 0, 0, 0, 0, 0, 0, 0, 0, 0, 0, 0]","[1, 1, 1, 1, 1, 1, 1]",20418.0,20825.0,457.0,0,1,1.0,6042.0,0.9804561824729892,72006.0,0.09342284611775506,0.6052616798997871,0.12490623692924277,A,442.0,0,56.0,105.0,5.0,257.0,0.0,7.0,3.0,11.0,2.0,1.0,0.0,1.0,0.0,0.0,2.0,9.0,0.39185616076150187,0.0,0.0,100.0,1.0,0.0,0.0,1.0,999.0,0.0,9.0,0.0,1.0,18.0,0.03536532950450431,0.34454722637988666,-0.11863334655000428,-0.041515013036585294,0.04097619351425082,0.1215463073269011,0.2314914514296855,-0.09024169234603532,0.19764150432143243,0.6243896472613216,0.20206341135887976,0.19406097154440893,0.14740821351253497,0.03786678728154346,-0.10500822076779938,0.06970520921885669,0.058713379170451635,-0.060274266703106295,0.010140983831605175,0.10884211278369073,-0.015913935680823343,0.019263520896334846,-0.031869433385888345,0.16263034302206456,-0.01720820228607994,0.07953789465473228,-0.03870947070341893,0.14394674830626408,-0.04861627180127161,-0.08335890504326564,-0.021987076259449127,0.19250785953917285,-0.01257544680360656
8511187,2024-12-20 21:19:33+00:00,1,"['ENG-loan_to_value', 'rev326__tu', 'br109s__tu', 'g232s__tu', 'linka006__tu']","['au20s__tu', 'balmag01__tu', 'in21s__tu', 'g407s__tu', 'fltgrossmonthly__income_sum']",,"[1, 1, 1, 1, 1, 1, 1]",14691.24,16025.0,429.0,0,1,1.0,3500.0,0.916770046801872,53000.0,0.09388604553942159,0.6052616798997871,0.12552553401889943,A,49.0,0,799.0,9.0,1.0,314.0,0.0,7.0,1.0,12.0,2.0,2.0,0.0,1.0,0.0,0.0,2.0,5.0,0.0,0.0,0.0,75.0,1.0,0.0,0.0,50.0,999.0,1.0,9.0,215.0,1.0,18.0,0.3303293790064903,-0.18920492071603767,0.10035386170314806,0.021624315630355516,-0.115666012319273,-0.08813657991152038,0.2314914514296855,-0.09024169234603532,-0.003177477004452432,0.6243896472613216,0.31726334943275103,0.19406097154440893,0.011519414019293055,0.03786678728154346,-0.10500822076779938,0.06970520921885669,0.058713379170451635,-0.060274266703106295,0.11093565458187296,-0.10772340600119266,-0.015913935680823343,0.019263520896334846,0.2637365348807015,0.16263034302206456,-0.01720820228607994,0.07953789465473228,-0.03870947070341893,0.14394674830626408,0.2495240819192867,-0.08335890504326564,0.24031466002796428,0.19250785953917285,-0.01257544680360656
8437020,2024-12-02 22:00:04+00:00,1,"['linkt001__tu', 'rtl_trd__tu', 'int_n_months_open__tu_pmthx', 'rev326__tu', 'br109s__tu']","['co01s__tu', 'ENG-loan_to_value', 'miles_odometer__app', 'flt_wtd_avg_closed__tu_pmthx', 'st20s__tu']",,"[1, 1, 1, 1, 1, 1, 1, 1, 1, 1, 1, 1, 1, 1, 1, 1, 1, 1, 1, 1, 1, 1, 1, 1, 1, 1, 1, 1, 1, 1, 1, 1, 1, 1, 1, 1, 1, 1, 1, 1, 1, 0, 0, 1, 1, 0, 0, 1, 1, 0, 1, 0, 0, 1, 1, 0, 0, 1, 1, 0, 1, 1, 1, 1, 1, 0, 1, 1, 1, 1, 0, 1, 1, 1, 1, 1, 1, 1, 1, 1]",12440.0,7775.0,614.0,0,1,0.8015432098765433,5382.0,1.6,89000.0,0.06996936800309847,0.6637057085458945,0.13184423192284428,A,437.0,1,910.0,82.0,0.0,244.0,0.0,80.0,16.0,12.0,2.0,0.0,0.0,82.0,0.0,0.0,0.0,7.0,0.0,0.0,0.0,100.0,2.0,0.0,5.0,1.0,999.0,1.0,82.0,3.0,0.8015432098765433,6.0,0.3303293790064903,0.033099809731701964,0.4427367774168985,-0.1480339008089022,0.04097619351425082,0.1215463073269011,0.2314914514296855,0.5817814468856474,0.5169626501490205,-0.11900476184721898,0.31726334943275103,0.19406097154440893,0.14740821351253497,0.03786678728154346,0.08627948092271391,0.06970520921885669,0.058713379170451635,0.1104556316405929,0.020564533232433003,-0.10772340600119266,-0.015913935680823343,0.019263520896334846,-0.031869433385888345,0.12769107527841583,-0.01720820228607994,-0.10351188077213397,-0.03870947070341893,0.14394674830626408,0.2495240819192867,0.15397777142898117,0.1555126911470646,0.11821491604874346,-0.01257544680360656
8487038,2024-12-14 08:51:48+00:00,1,"['linkt001__tu', 'balmag01__tu', 'rev326__tu', 'br109s__tu', 'st20s__tu']","['ENG-loan_to_value', 'au20s__tu', 'in21s__tu', 'jt20s__tu', 'flt_wtd_avg_closed__tu_pmthx']",,"[1, 1, 1, 1, 1, 1, 1, 1, 1, 1, 1, 1, 1, 1, 1, 1, 1, 1, 1, 1]",36097.0,25225.0,820.0,0,1,1.0,5000.0,1.4310009910802775,47869.0,0.07664955225685793,0.6536030123642623,0.14223330372613885,B,215.0,1,778.0,21.0,0.0,132.0,0.0,20.0,2.0,11.0,0.0,1.0,0.0,1.0,0.0,0.0,1.0,6.0,0.0,0.0,0.0,93.0,4.0,308.0,0.0,216.0,50.0,1.0,10.0,411.0,1.0,18.0,0.3303293790064903,-0.18920492071603767,0.4427367774168985,0.057591744291193035,0.3079638557493251,0.05343808535863555,0.2314914514296855,0.16898341204685105,0.14246534705327502,-0.11900476184721898,0.20206341135887976,-0.03114305560493474,0.14740821351253497,0.03786678728154346,-0.10500822076779938,0.06970520921885669,0.058713379170451635,0.005844930426972595,0.11093565458187296,-0.10772340600119266,-0.015913935680823343,0.019263520896334846,0.2637365348807015,0.008716344988479816,0.19170173293364837,0.07953789465473228,0.2865005910986188,0.14394674830626408,0.2495240819192867,-0.08335890504326564,0.24031466002796428,0.19250785953917285,-0.01257544680360656
8600988,2025-01-28 13:47:41+00:00,1,"['ENG-loan_to_value', 'fltgrossmonthly__income_sum', 'rev326__tu', 'br109s__tu', 'g407s__tu']","['au20s__tu', 'rtl_trd__tu', 'linkt003__tu', 'balmag01__tu', 'in21s__tu']",,"[1, 1, 1, 1, 1, 1, 1, 1]",38710.0,41650.0,918.0,0,1,1.0,11742.160000000047,0.9294117647058824,57349.0,0.1075980982493182,0.6052616798997871,0.14385853259196588,B,336.0,0,3326.0,10.0,3.0,297.0,0.0,8.0,0.0,10.0,1.0,1.0,0.0,21.0,1.0,0.0,0.0,7.0,0.0,0.0,0.0,100.0,4.0,0.0,0.0,1.0,999.0,0.0,10.0,415.0,1.0,18.0,0.3303293790064903,-0.18920492071603767,-0.04993376262551217,0.021624315630355516,-0.0821067315682433,0.42054655071960684,0.2314914514296855,-0.09024169234603532,-0.13664116069610954,0.6243896472613216,0.20206341135887976,0.09589342920214582,0.14740821351253497,0.03786678728154346,-0.10500822076779938,-0.1769148916433367,0.058713379170451635,0.1104556316405929,0.020564533232433003,-0.10772340600119266,-0.015913935680823343,0.019263520896334846,-0.031869433385888345,0.008716344988479816,-0.01720820228607994,0.07953789465473228,-0.03870947070341893,0.14394674830626408,-0.04861627180127161,-0.08335890504326564,0.24031466002796428,0.19250785953917285,-0.01257544680360656
8539375,2025-01-04 00:35:19+00:00,1,"['rtl_trd__tu', 'balmag01__tu', 'rev326__tu', 'jt20s__tu', 'au20s__tu']","['ENG-loan_to_value', 'g002s__tu', 'linkt003__tu', 'in21s__tu', 'fltgrossmonthly__income_sum']","[1, 1, 1, 1, 1, 1, 1, 1, 1, 1, 1, 1, 1, 1, 1, 1, 1, 1, 1, 1, 1, 1, 1, 1, 1, 1, 1, 1, 1, 1, 1]","[1, 1]",25440.0,19425.0,592.0,0,1,1.0,1218.0,1.3096525096525096,38000.0,0.10720305734973039,0.6356838066052604,0.15053454400503619,B,520.0,0,2692.0,111.0,1.0,110.0,0.0,2.0,9.0,12.0,1.0,2.0,0.0,160.0,1.0,5.0,1.0,10.0,1.0,0.0,0.0,100.0,6.0,0.0,2.0,1.0,999.0,0.0,4.0,296.0,1.0,18.0,0.3303293790064903,0.34454722637988666,0.10035386170314806,0.13886964189649717,0.3079638557493251,-0.11205834465656199,0.2314914514296855,-0.09024169234603532,0.5169626501490205,-0.1034032771581637,0.31726334943275103,0.09589342920214582,0.011519414019293055,0.03786678728154346,0.566822986834768,-0.1769148916433367,-0.10294473825256342,0.005844930426972595,0.010140983831605175,0.22712633194820106,-0.015913935680823343,0.019263520896334846,-0.031869433385888345,0.008716344988479816,-0.01720820228607994,-0.044196768556027305,-0.03870947070341893,0.14394674830626408,-0.04861627180127161,-0.08335890504326564,0.24031466002796428,0.19250785953917285,-0.01257544680360656
8620077,2025-02-04 23:34:59+00:00,1,"['linkt001__tu', 'au20s__tu', 'miles_odometer__app', 'fltgrossmonthly__income_sum', 'rev326__tu']","['co01s__tu', 'g232s__tu', 'rtl_trd__tu', 'cv15__tu', 'in21s__tu']","[1, 0, 0, 0, 0]","[1, 1, 1, 1, 1, 1, 1, 1, 1, 1, 1, 1, 1, 1, 1]",45000.0,36900.0,1200.0,0,1,1.0,8167.0,1.2195121951219512,13360.0,0.08392126674059663,0.6356838066052604,0.15145750884383297,B,259.0,1,494.0,151.0,0.0,254.0,0.0,15.0,0.0,12.0,1.0,4.0,0.0,151.0,0.0,0.0,2.0,17.0,0.06666666666666667,1.0,0.0,75.0,10.0,0.0,6.0,185.0,2.0,1.0,9.0,0.0,1.0,4.0,0.3303293790064903,0.5922503391999676,0.4427367774168985,0.32412879260268035,0.04097619351425082,0.42054655071960684,0.2314914514296855,0.009386984627154335,-0.13664116069610954,0.041781171001579714,0.31726334943275103,0.09589342920214582,-0.1350249190907034,0.03786678728154346,0.566822986834768,0.06970520921885669,0.058713379170451635,-0.060274266703106295,-0.11857182263499148,-0.10772340600119266,-0.015913935680823343,0.019263520896334846,0.2637365348807015,-0.06725758467036477,-0.01720820228607994,-0.10351188077213397,0.13029271559890934,-0.02528638501619581,0.2495240819192867,-0.08335890504326564,-0.021987076259449127,0.19250785953917285,-0.01257544680360656
8517171,2024-12-23 23:23:27+00:00,1,"['balmag01__tu', 'linkf098__tu', 'fltgrossmonthly__income_sum', 'rev326__tu', 'br109s__tu']","['linkt001__tu', 'rtl_trd__tu', 'in21s__tu', 'cv15__tu', 'au20s__tu']","[1, 1, 1, 1, 0, 0, 1, 1, 1, 1, 1, 1, 1, 1, 1, 1, 1, 1, 1, 0, 0, 0, 0, 1, 1]","[1, 1, 1, 1, 1, 1, 1, 1, 1, 1, 1, 1, 1, 1]",41379.0,33575.0,999.0,0,1,1.0,7500.0,1.2324348473566642,58000.0,0.10915774086210082,0.6356838066052604,0.15327931079138737,B,123.0,0,2418.0,47.0,5.0,90.0,0.0,14.0,0.0,12.0,1.0,3.0,0.0,47.0,0.0,0.0,1.0,9.0,0.7015384615384616,3.0,1.0,67.0,4.0,0.0,1.0,124.0,24.0,2.0,15.0,0.0,1.0,3.0,0.3303293790064903,-0.10631982308481627,-0.11863334655000428,0.021624315630355516,0.3920629027413897,0.42054655071960684,0.2314914514296855,0.009386984627154335,-0.13664116069610954,0.041781171001579714,0.31726334943275103,0.09589342920214582,-0.1312885948550934,0.03786678728154346,0.07115391723174808,0.06970520921885669,0.058713379170451635,0.005844930426972595,0.010140983831605175,0.10884211278369073,0.2789036945977446,-0.06407911841772129,0.2637365348807015,0.008716344988479816,-0.01720820228607994,-0.03838335303415237,0.10354191472936843,0.14394674830626408,0.2495240819192867,-0.08335890504326564,-0.021987076259449127,0.19250785953917285,-0.01257544680360656
8528525,2024-12-29 04:17:23+00:00,1,"['linkt001__tu', 'rev326__tu', 'br109s__tu', 'balmag01__tu', 'au20s__tu']","['ENG-loan_to_value', 'g232s__tu', 'cv15__tu', 'in21s__tu', 'g407s__tu']","[1, 1, 1, 1, 1, 1, 1, 1, 1, 0]","[1, 1, 1, 1, 1, 1, 1, 1, 1, 1, 1, 1, 1]",32778.0,21100.0,761.0,0,1,1.0,6300.0,1.5534597156398104,27776.0,0.11152345366839828,0.6637057085458945,0.1635044642656477,B,439.0,0,737.0,94.0,0.0,220.0,0.0,13.0,3.0,12.0,2.0,5.0,0.0,1.0,0.0,0.0,4.0,30.0,0.8181818181818182,0.0,0.0,100.0,12.0,101.0,1.0,1.0,13.0,2.0,4.0,39.0,1.0,1.0,0.3303293790064903,0.23248092831857015,0.4427367774168985,0.13886964189649717,0.18836648636270167,0.1215463073269011,0.2314914514296855,0.009386984627154335,0.19764150432143243,-0.11900476184721898,0.31726334943275103,0.19406097154440893,-0.1350249190907034,0.03786678728154346,-0.10500822076779938,0.06970520921885669,0.058713379170451635,-0.060274266703106295,-0.11857182263499148,0.22712633194820106,-0.015913935680823343,0.019263520896334846,-0.031869433385888345,-0.06725758467036477,0.19170173293364837,-0.03838335303415237,-0.03870947070341893,0.10569468094821943,0.2495240819192867,-0.08335890504326564,0.1555126911470646,0.19250785953917285,-0.01257544680360656
8520542,2024-12-26 21:40:29+00:00,1,"['au20s__tu', 'fltgrossmonthly__income_sum', 'rev326__tu', 'br109s__tu', 'co01s__tu']","['g232s__tu', 'balmag01__tu', 'in21s__tu', 'g407s__tu', 'int_n_months_open__tu_pmthx']","[1, 0, 1, 1, 1, 1, 1, 1, 1, 1, 1, 1, 1, 0, 0, 1, 1, 1, 1, 1, 1, 1, 1, 1, 1, 1, 1, 1, 1, 1, 1, 1, 1, 1, 1, 1, 1, 1, 1, 1, 1, 1, 1, 0, 1]","[1, 1, 1, 1, 1]",23291.0,18800.0,603.0,0,1,1.0,11742.160000000047,1.2388829787234044,48892.0,0.11698993919102094,0.6356838066052604,0.1642772844793455,B,397.0,0,701.0,171.0,2.0,362.0,0.0,5.0,2.0,12.0,6.0,2.0,0.0,9.0,0.0,0.0,2.0,17.0,0.927536231884058,0.0,1.0,100.0,4.0,0.0,0.0,1.0,68.0,2.0,6.0,201.0,1.0,18.0,0.3303293790064903,0.5922503391999676,-0.018806864018595396,0.057591744291193035,-0.115666012319273,0.42054655071960684,0.2314914514296855,-0.09024169234603532,0.14246534705327502,0.041781171001579714,0.31726334943275103,0.19406097154440893,0.011519414019293055,0.03786678728154346,-0.10500822076779938,0.06970520921885669,0.058713379170451635,-0.060274266703106295,-0.11857182263499148,0.22712633194820106,-0.015913935680823343,-0.06407911841772129,-0.031869433385888345,0.008716344988479816,-0.01720820228607994,0.07953789465473228,-0.03870947070341893,0.14394674830626408,0.2495240819192867,-0.08335890504326564,0.24031466002796428,0.19250785953917285,-0.01257544680360656
8437271,2024-12-02 23:37:18+00:00,1,"['rtl_trd__tu', 'miles_odometer__app', 'balmag01__tu', 'au20s__tu', 'st20s__tu']","['co01s__tu', 'ENG-loan_to_value', 'br109s__tu', 'in21s__tu', 'cv15__tu']","[1, 1, 1, 1, 1, 1, 1, 1, 1, 1, 1, 1, 1, 1, 1, 1, 1, 1, 1, 1, 1, 1, 1, 1]","[1, 1, 1, 1, 1, 1, 1, 1, 1, 1, 1, 1, 1]",35203.0,25050.0,849.0,0,1,1.0,5417.0,1.405309381237525,16253.0,0.1171294469997329,0.6453188404962024,0.16696609475359928,B,431.0,0,112.0,93.0,1.0,188.0,3.0,13.0,14.0,12.0,1.0,3.0,0.0,93.0,0.0,0.0,0.0,8.0,1.0,1.0,0.0,100.0,9.0,0.0,7.0,281.0,58.0,1.0,15.0,0.0,1.0,3.0,0.03536532950450431,0.23248092831857015,0.10035386170314806,0.32412879260268035,0.22104746807346873,0.1215463073269011,-0.0882551120007139,0.009386984627154335,0.5169626501490205,-0.11900476184721898,0.31726334943275103,0.09589342920214582,-0.1312885948550934,0.03786678728154346,0.2541763056483385,0.06970520921885669,0.058713379170451635,0.1104556316405929,0.010140983831605175,0.22712633194820106,-0.015913935680823343,0.019263520896334846,-0.031869433385888345,-0.06725758467036477,-0.01720820228607994,-0.10351188077213397,0.2865005910986188,0.14394674830626408,0.2495240819192867,-0.08335890504326564,-0.021987076259449127,0.19250785953917285,-0.01257544680360656
8467324,2024-12-06 22:02:41+00:00,1,"['rtl_trd__tu', 'fltgrossmonthly__income_sum', 'rev326__tu', 'jt20s__tu', 'au20s__tu']","['rp01s__tu', 'g232s__tu', 'ENG-loan_to_value', 'co01s__tu', 'in21s__tu']","[1, 1, 1, 1, 1, 1, 1, 1, 1, 1, 1, 1, 1, 1, 1, 1, 1, 1, 1, 1, 1, 0, 0, 0, 0, 0, 0, 0, 0, 0, 0, 0, 0, 0]","[1, 1, 1, 1, 1, 1, 1, 1, 1, 1, 1, 1, 1]",35000.0,26225.0,1079.0,0,1,1.0,10333.0,1.334604385128694,41000.0,0.1209553292136994,0.6453188404962024,0.17241982674513426,B,336.0,0,13585.0,111.0,1.0,216.0,0.0,13.0,6.0,12.0,1.0,2.0,1.0,203.0,0.0,0.0,2.0,18.0,0.38823529411764707,0.0,0.0,50.0,6.0,0.0,3.0,1.0,1.0,2.0,2.0,0.0,1.0,18.0,0.3303293790064903,0.34454722637988666,0.10035386170314806,0.057591744291193035,0.18836648636270167,0.42054655071960684,0.2314914514296855,0.009386984627154335,0.5169626501490205,-0.1034032771581637,0.31726334943275103,0.09589342920214582,0.011519414019293055,-0.22875708311654333,0.566822986834768,0.06970520921885669,0.058713379170451635,-0.060274266703106295,-0.11857182263499148,0.10884211278369073,-0.015913935680823343,0.019263520896334846,0.2637365348807015,0.008716344988479816,-0.01720820228607994,-0.07981889261212467,-0.03870947070341893,-0.02528638501619581,0.2495240819192867,-0.08335890504326564,-0.021987076259449127,0.19250785953917285,-0.01257544680360656
8546331,2025-01-07 03:44:53+00:00,1,"['ENG-loan_to_value', 'balmag01__tu', 'g232s__tu', 'au20s__tu', 'rtl_trd__tu']","['co01s__tu', 'miles_odometer__app', 'linkt003__tu', 'br109s__tu', 'in21s__tu']","[1, 1, 1, 1, 1, 1, 1, 1, 1, 1, 1, 1, 1, 1, 1, 1, 1, 1, 1, 1, 1, 1, 1, 1, 1, 1, 1, 1, 1, 1, 1, 1, 1, 1, 1, 0, 0, 0, 0, 0, 0, 0, 0, 0, 0, 1, 1, 1, 1]","[1, 1]",23127.0,24675.0,530.0,0,1,1.0,3667.0,0.9372644376899696,85600.0,0.13122221253170613,0.6052616798997871,0.17544394599373825,B,381.0,0,123.0,101.0,1.0,220.0,4.0,2.0,3.0,11.0,0.0,1.0,0.0,1.0,1.0,0.0,1.0,4.0,0.6693877551020408,0.0,0.0,100.0,3.0,0.0,6.0,221.0,1.0,0.0,4.0,0.0,1.0,1.0,0.03536532950450431,0.23248092831857015,0.10035386170314806,-0.1480339008089022,0.18836648636270167,-0.08813657991152038,-0.0882551120007139,-0.09024169234603532,0.19764150432143243,0.6243896472613216,0.20206341135887976,-0.03114305560493474,0.14740821351253497,0.03786678728154346,-0.10500822076779938,-0.1769148916433367,0.058713379170451635,0.005844930426972595,0.13674290816118406,0.10884211278369073,-0.015913935680823343,0.019263520896334846,-0.031869433385888345,0.06369334380641194,-0.01720820228607994,-0.10351188077213397,0.2865005910986188,-0.02528638501619581,-0.04861627180127161,-0.08335890504326564,-0.021987076259449127,0.19250785953917285,-0.01257544680360656
8538859,2025-01-03 22:13:11+00:00,1,"['au20s__tu', 'balmag01__tu', 'rev326__tu', 'jt20s__tu', 'br109s__tu']","['ENG-loan_to_value', 'g232s__tu', 'linkt003__tu', 'in21s__tu', 'cv15__tu']","[1, 1, 1, 1, 1, 1, 0, 0, 1, 1, 0, 1, 1, 1, 0, 1, 1, 1, 1, 1, 1, 1, 1, 1, 1, 1, 1, 1, 1, 1, 1, 1, 0, 1, 1, 1, 1, 1, 1]",[],24943.0,17550.0,705.0,0,1,0.9051282051282051,7000.0,1.4212535612535613,56000.0,0.1225649581678198,0.6536030123642623,0.17695719199111534,B,228.0,0,1941.0,172.0,3.0,114.0,0.0,0.0,2.0,12.0,2.0,3.0,0.0,172.0,1.0,0.0,5.0,13.0,0.9051282051282051,0.0,0.0,50.0,4.0,0.0,2.0,1.0,9.0,1.0,2.0,10060.0,0.0,6.0,0.3303293790064903,0.5922503391999676,-0.04993376262551217,0.021624315630355516,0.3079638557493251,0.1215463073269011,0.2314914514296855,-0.09024169234603532,0.14246534705327502,-0.11900476184721898,0.31726334943275103,0.19406097154440893,-0.1312885948550934,0.03786678728154346,0.566822986834768,-0.1769148916433367,0.058713379170451635,-0.060274266703106295,-0.11857182263499148,0.22712633194820106,-0.015913935680823343,0.019263520896334846,0.2637365348807015,0.008716344988479816,-0.01720820228607994,-0.044196768556027305,-0.03870947070341893,0.10569468094821943,0.2495240819192867,-0.08335890504326564,0.24031466002796428,-0.09517110639155442,-0.01257544680360656
8486592,2024-12-14 06:15:54+00:00,1,"['fltgrossmonthly__income_sum', 'rev326__tu', 'br109s__tu', 'rtl_trd__tu', 'g232s__tu']","['ENG-loan_to_value', 'au20s__tu', 'balmag01__tu', 'g407s__tu', 'linkt001__tu']",,"[1, 1, 1, 1, 1, 1, 1, 1, 1, 1, 1, 1, 1, 1, 1, 1, 1, 1, 1, 1]",16204.0,11425.0,404.0,0,1,1.0,8333.0,1.418293216630197,65000.0,0.12361020402267255,0.6536030123642623,0.17846630009330092,B,113.0,0,11872.0,21.0,3.0,398.0,0.0,20.0,4.0,12.0,3.0,1.0,0.0,1.0,0.0,0.0,2.0,5.0,0.0,0.0,0.0,67.0,2.0,0.0,0.0,1.0,999.0,2.0,21.0,0.0,1.0,18.0,0.3303293790064903,-0.18920492071603767,-0.04993376262551217,-0.041515013036585294,-0.115666012319273,0.42054655071960684,0.2314914514296855,0.16898341204685105,0.2777036275647463,-0.11900476184721898,0.31726334943275103,0.19406097154440893,0.14740821351253497,0.03786678728154346,-0.10500822076779938,0.06970520921885669,0.058713379170451635,-0.060274266703106295,0.11093565458187296,-0.10772340600119266,-0.015913935680823343,0.019263520896334846,0.2637365348807015,0.12769107527841583,-0.01720820228607994,0.07953789465473228,-0.03870947070341893,0.14394674830626408,0.2495240819192867,0.005617409643594694,-0.021987076259449127,0.19250785953917285,-0.01257544680360656
8484064,2024-12-13 12:09:18+00:00,1,"['ENG-loan_to_value', 'rtl_trd__tu', 'fltgrossmonthly__income_sum', 'rev326__tu', 'br109s__tu']","['g232s__tu', 'linkt001__tu', 'g002s__tu', 'cv15__tu', 'balmag01__tu']","[1, 1, 0, 1, 1, 1, 1, 0, 1, 0, 1, 0, 1, 0, 1, 1, 1, 1, 1, 1]",[],22245.0,22425.0,510.0,0,1,0.7761904761904762,8750.0,0.9919732441471572,33000.0,0.1061848142893892,0.6052616798997871,0.18246653334651453,B,131.0,1,3554.0,91.0,8.0,292.0,0.0,0.0,8.0,12.0,1.0,5.0,0.0,82.0,0.0,1.0,4.0,35.0,0.7761904761904762,1.0,0.0,100.0,41.0,42.0,1.0,122.0,23.0,1.0,1.0,0.0,0.0,18.0,0.3303293790064903,0.23248092831857015,-0.1766968871060351,0.13886964189649717,-0.0821067315682433,0.42054655071960684,0.2314914514296855,-0.09024169234603532,0.5169626501490205,0.6243896472613216,0.31726334943275103,0.09589342920214582,-0.1350249190907034,0.03786678728154346,0.08627948092271391,0.06970520921885669,-0.10294473825256342,-0.060274266703106295,-0.2883839414548278,0.10884211278369073,-0.015913935680823343,0.019263520896334846,-0.031869433385888345,-0.06725758467036477,0.19170173293364837,-0.03838335303415237,0.10354191472936843,0.14394674830626408,0.2495240819192867,-0.08335890504326564,-0.021987076259449127,-0.09517110639155442,-0.01257544680360656
8610554,2025-02-01 01:04:50+00:00,1,"['miles_odometer__app', 'rev326__tu', 'br109s__tu', 'balmag01__tu', 'co01s__tu']","['g232s__tu', 'ENG-loan_to_value', 'cv15__tu', 'g407s__tu', 'linka006__tu']","[1, 1, 1, 1, 1, 1, 1, 1, 1, 1, 1]","[1, 1, 1, 1, 1, 1, 1, 1, 1, 1, 1, 1, 1, 1, 1, 1]",29239.0,21400.0,787.0,0,1,1.0,5292.0,1.3663084112149533,11334.0,0.12902023660063483,0.6453188404962024,0.18391621920184184,B,93.0,0,2680.0,72.0,1.0,226.0,0.0,16.0,1.0,12.0,1.0,4.0,0.0,65.0,0.0,0.0,2.0,20.0,1.0,0.0,1.0,100.0,7.0,0.0,0.0,1.0,999.0,1.0,17.0,262.0,1.0,18.0,0.3303293790064903,0.033099809731701964,0.10035386170314806,0.32412879260268035,0.18836648636270167,0.1215463073269011,0.2314914514296855,0.009386984627154335,-0.003177477004452432,-0.1034032771581637,0.31726334943275103,0.09589342920214582,-0.1350249190907034,0.03786678728154346,0.08627948092271391,0.06970520921885669,0.058713379170451635,-0.060274266703106295,-0.11857182263499148,0.22712633194820106,-0.015913935680823343,-0.06407911841772129,-0.031869433385888345,-0.06725758467036477,-0.01720820228607994,0.07953789465473228,-0.03870947070341893,0.14394674830626408,0.2495240819192867,0.005617409643594694,0.24031466002796428,0.19250785953917285,-0.01257544680360656
8481452,2024-12-12 22:47:38+00:00,1,"['g232s__tu', 'rev326__tu', 'au20s__tu', 'int_n_months_open__tu_pmthx', 'g407s__tu']","['miles_odometer__app', 'ENG-loan_to_value', 'br109s__tu', 'balmag01__tu', 'jt20s__tu']","[1, 1, 0, 0, 0, 0, 0, 0, 1, 1, 1, 1, 1, 1, 1, 1, 1, 1, 0, 1, 1, 1, 1, 1, 1, 1, 1, 1, 1, 1, 1, 1, 1, 1, 1, 1, 1, 1, 1, 1, 1, 1, 1, 1, 1, 1, 1, 1, 1]","[1, 1, 1, 1, 1, 1, 1, 1, 1, 1, 1, 1, 1, 1, 1, 1, 1, 1, 1, 1, 1, 1, 1, 1, 1, 1, 1, 1, 1, 1, 1]",12480.0,7800.0,422.0,0,1,1.0,3933.0,1.6,100000.0,0.12709192336950442,0.6637057085458945,0.18632938776097016,B,451.0,0,681.0,117.0,2.0,274.0,11.0,31.0,1.0,11.0,1.0,0.0,0.0,1.0,0.0,0.0,0.0,1.0,0.9575510204081633,0.0,0.0,100.0,3.0,784.0,0.0,151.0,33.0,1.0,32.0,0.0,1.0,18.0,0.3303293790064903,0.34454722637988666,-0.018806864018595396,-0.2679280215006448,-0.0821067315682433,0.03450951651705543,-0.0882551120007139,0.30040752540194077,-0.003177477004452432,-0.11900476184721898,0.20206341135887976,0.09589342920214582,0.14740821351253497,0.03786678728154346,-0.10500822076779938,0.06970520921885669,0.058713379170451635,0.1104556316405929,0.30264780780246364,0.22712633194820106,-0.015913935680823343,0.019263520896334846,-0.031869433385888345,0.06369334380641194,0.19170173293364837,0.07953789465473228,0.10354191472936843,0.14394674830626408,0.2495240819192867,0.005617409643594694,-0.021987076259449127,0.19250785953917285,-0.01257544680360656
8537019,2025-01-03 02:12:31+00:00,1,"['miles_odometer__app', 'balmag01__tu', 'ENG-loan_to_value', 'co01s__tu', 'fltgrossmonthly__income_sum']","['rtl_trd__tu', 'br109s__tu', 'in21s__tu', 'rev326__tu', 'g407s__tu']","[1, 1, 1, 1, 1, 1, 1, 1, 1, 1, 1, 1, 1, 1, 1, 1, 1, 1, 1, 1, 1]","[1, 1, 1, 1]",39222.0,38000.0,759.0,0,1,1.0,6650.0,1.0321578947368422,8000.0,0.14370126738108047,0.6052616798997871,0.192128427857032,B,50.0,0,0.0,50.0,2.0,125.0,11.0,4.0,0.0,9.0,0.0,2.0,0.0,50.0,0.0,0.0,2.0,10.0,1.0,0.0,1.0,100.0,3.0,0.0,0.0,24.0,999.0,0.0,6.0,328.0,1.0,1.0,-0.09331006418892002,-0.10631982308481627,-0.018806864018595396,0.6039820585160945,0.3079638557493251,0.1215463073269011,-0.0882551120007139,-0.09024169234603532,-0.13664116069610954,0.21535953634601085,-0.008653803370520737,-0.03114305560493474,0.011519414019293055,0.03786678728154346,0.07115391723174808,0.06970520921885669,0.058713379170451635,-0.060274266703106295,0.010140983831605175,0.22712633194820106,-0.015913935680823343,-0.06407911841772129,-0.031869433385888345,0.06369334380641194,-0.01720820228607994,0.07953789465473228,-0.03870947070341893,0.14394674830626408,-0.04861627180127161,-0.08335890504326564,0.24031466002796428,0.19250785953917285,-0.01257544680360656
8430151,2024-11-28 07:20:30+00:00,1,"['miles_odometer__app', 'au20s__tu', 'rev326__tu', 'br109s__tu', 'rtl_trd__tu']","['cv15__tu', 'co01s__tu', 'g232s__tu', 'ENG-loan_to_value', 'balmag01__tu']",[],"[1, 1, 1, 1, 1, 1, 1]",93553.0,74300.0,1732.0,0,1,1.0,6083.0,1.2591251682368776,8000.0,0.13835868486016029,0.6356838066052604,0.19428327931556996,B,457.0,0,1252.0,133.0,2.0,306.0,0.0,7.0,4.0,12.0,6.0,6.0,0.0,133.0,0.0,0.0,3.0,27.0,0.0,1.0,0.0,100.0,12.0,0.0,9.0,1.0,1.0,0.0,9.0,1.0,1.0,18.0,0.3303293790064903,0.5922503391999676,-0.018806864018595396,0.6039820585160945,-0.115666012319273,0.1215463073269011,0.2314914514296855,-0.09024169234603532,0.2777036275647463,-0.1034032771581637,0.31726334943275103,0.19406097154440893,-0.2782711354419625,0.03786678728154346,0.3858805028330724,0.06970520921885669,0.058713379170451635,-0.060274266703106295,-0.11857182263499148,-0.10772340600119266,-0.015913935680823343,0.019263520896334846,-0.031869433385888345,-0.06725758467036477,-0.01720820228607994,-0.10351188077213397,-0.03870947070341893,-0.02528638501619581,-0.04861627180127161,-0.08335890504326564,0.1555126911470646,0.19250785953917285,-0.01257544680360656
8484023,2024-12-13 09:58:44+00:00,1,"['miles_odometer__app', 'rev326__tu', 'br109s__tu', 'balmag01__tu', 'g232s__tu']","['ENG-loan_to_value', 'au20s__tu', 'linkt001__tu', 'rtl_trd__tu', 'g407s__tu']",,"[1, 1, 1, 1, 1, 1, 1, 1, 1, 1, 1, 1, 1, 1, 1, 1, 1, 1, 1, 1, 1, 1, 1, 1]",20766.0,15100.0,629.0,0,1,1.0,5000.0,1.3752317880794702,22280.0,0.1371510131566808,0.6453188404962024,0.19550650707266404,B,27.0,0,12625.0,25.0,5.0,152.0,0.0,24.0,0.0,12.0,4.0,2.0,0.0,1.0,0.0,0.0,3.0,4.0,0.0,0.0,0.0,100.0,4.0,0.0,0.0,1.0,999.0,1.0,25.0,0.0,1.0,18.0,0.3303293790064903,-0.18920492071603767,-0.11863334655000428,0.32412879260268035,0.22104746807346873,0.05343808535863555,0.2314914514296855,0.16898341204685105,-0.13664116069610954,-0.11900476184721898,0.31726334943275103,0.19406097154440893,0.011519414019293055,0.03786678728154346,-0.10500822076779938,0.06970520921885669,0.058713379170451635,-0.060274266703106295,0.13674290816118406,-0.10772340600119266,-0.015913935680823343,0.019263520896334846,-0.031869433385888345,0.008716344988479816,-0.01720820228607994,0.07953789465473228,-0.03870947070341893,0.14394674830626408,0.2495240819192867,0.005617409643594694,-0.021987076259449127,0.19250785953917285,-0.01257544680360656
8474608,2024-12-10 02:28:48+00:00,1,"['miles_odometer__app', 'balmag01__tu', 'fltgrossmonthly__income_sum', 'rev326__tu', 'br109s__tu']","['linkt001__tu', 'g232s__tu', 'ENG-loan_to_value', 'linkt003__tu', 'g002s__tu']","[1, 1, 1, 1, 1, 1, 1, 1, 1, 1, 1, 1, 1, 1, 1, 1, 1, 1, 1, 1, 1, 1, 1, 1, 1, 1]","[1, 1, 1, 1, 1, 1, 1, 1, 1, 1, 1, 1]",42057.0,33450.0,979.0,0,1,1.0,11250.0,1.2573094170403587,9300.0,0.1397187883188504,0.6356838066052604,0.19619313673022978,B,97.0,0,6374.0,79.0,11.0,126.0,0.0,12.0,5.0,12.0,2.0,3.0,0.0,1.0,2.0,1.0,3.0,29.0,1.0,0.0,0.0,100.0,11.0,1096.0,0.0,1.0,999.0,1.0,2.0,309.0,1.0,18.0,0.3303293790064903,0.033099809731701964,-0.1766968871060351,0.32412879260268035,0.3079638557493251,0.42054655071960684,0.2314914514296855,-0.09024169234603532,0.2777036275647463,-0.1034032771581637,0.31726334943275103,0.19406097154440893,-0.1312885948550934,0.03786678728154346,-0.10500822076779938,-0.23292531881912387,-0.10294473825256342,-0.060274266703106295,-0.11857182263499148,0.22712633194820106,-0.015913935680823343,0.019263520896334846,-0.031869433385888345,-0.06725758467036477,0.19170173293364837,0.07953789465473228,-0.03870947070341893,0.14394674830626408,0.2495240819192867,-0.08335890504326564,0.24031466002796428,0.19250785953917285,-0.01257544680360656
8604443,2025-01-30 00:35:54+00:00,1,"['miles_odometer__app', 'ENG-loan_to_value', 'rev326__tu', 'br109s__tu', 'co01s__tu']","['g232s__tu', 'au20s__tu', 'balmag01__tu', 'in21s__tu', 'cv15__tu']",,"[1, 1, 1, 1, 1, 1]",50979.0,47275.0,1199.0,0,1,1.0,4167.0,1.0783500793231096,15000.0,0.14876228764648072,0.6052616798997871,0.19889500608327212,B,33.0,0,848.0,7.0,1.0,287.0,0.0,6.0,1.0,11.0,2.0,3.0,0.0,1.0,0.0,0.0,1.0,15.0,0.0,0.0,0.0,100.0,5.0,0.0,0.0,1.0,999.0,0.0,7.0,1.0,1.0,18.0,0.3303293790064903,-0.18920492071603767,0.10035386170314806,0.32412879260268035,-0.0821067315682433,0.042980995456956494,0.2314914514296855,-0.09024169234603532,-0.003177477004452432,0.21535953634601085,0.20206341135887976,0.19406097154440893,-0.1312885948550934,0.03786678728154346,-0.10500822076779938,0.06970520921885669,0.058713379170451635,0.005844930426972595,-0.11857182263499148,-0.10772340600119266,-0.015913935680823343,0.019263520896334846,-0.031869433385888345,0.008716344988479816,-0.01720820228607994,0.07953789465473228,-0.03870947070341893,0.14394674830626408,-0.04861627180127161,-0.08335890504326564,0.1555126911470646,0.19250785953917285,-0.01257544680360656
8503115,2024-12-17 07:49:37+00:00,1,"['miles_odometer__app', 'linkt001__tu', 'linkf098__tu', 'br109s__tu', 'balmag01__tu']","['co01s__tu', 'ENG-loan_to_value', 'au20s__tu', 'rtl_trd__tu', 'in21s__tu']",,"[1, 1, 1]",29174.0,22325.0,730.0,0,1,1.0,4458.0,1.3067861142217245,2380.0,0.14248599017807417,0.6356838066052604,0.20007884186165334,B,384.0,0,0.0,5.0,0.0,220.0,0.0,3.0,0.0,9.0,0.0,2.0,0.0,1.0,0.0,0.0,1.0,9.0,0.0,3.0,0.0,100.0,9.0,0.0,5.0,1.0,7.0,1.0,5.0,0.0,1.0,1.0,-0.09331006418892002,-0.18920492071603767,0.4427367774168985,0.6039820585160945,0.18836648636270167,0.042980995456956494,0.2314914514296855,-0.09024169234603532,-0.13664116069610954,-0.1034032771581637,-0.008653803370520737,-0.03114305560493474,0.011519414019293055,0.03786678728154346,-0.10500822076779938,0.06970520921885669,0.058713379170451635,0.005844930426972595,0.010140983831605175,-0.10772340600119266,0.2789036945977446,0.019263520896334846,-0.031869433385888345,-0.06725758467036477,-0.01720820228607994,-0.10351188077213397,-0.03870947070341893,0.10569468094821943,0.2495240819192867,-0.08335890504326564,-0.021987076259449127,0.19250785953917285,-0.01257544680360656
8535143,2025-01-01 07:00:31+00:00,1,"['g232s__tu', 'rev326__tu', 'br109s__tu', 'balmag01__tu', 'linka006__tu']","['ENG-loan_to_value', 'miles_odometer__app', 'rtl_trd__tu', 'in21s__tu', 'co01s__tu']","[1, 1, 1, 1, 1, 1, 1, 1, 1, 1, 1, 1, 1, 1, 1, 1, 1, 1, 1, 1, 1, 1, 1, 1, 1, 1, 1, 1, 1, 1]","[1, 1, 1, 1, 1, 1, 1, 1]",19097.0,13375.0,456.0,0,1,1.0,5167.0,1.4278130841121495,85000.0,0.1412680594822917,0.6536030123642623,0.20396041003654242,B,196.0,0,1789.0,60.0,1.0,180.0,0.0,8.0,0.0,11.0,1.0,1.0,0.0,60.0,0.0,0.0,1.0,2.0,1.0,0.0,0.0,100.0,2.0,0.0,1.0,88.0,1.0,0.0,9.0,9.0,1.0,18.0,0.3303293790064903,0.033099809731701964,0.10035386170314806,-0.1480339008089022,0.22104746807346873,0.05343808535863555,0.2314914514296855,-0.09024169234603532,-0.13664116069610954,-0.11900476184721898,0.20206341135887976,0.09589342920214582,0.14740821351253497,0.03786678728154346,0.08627948092271391,0.06970520921885669,0.058713379170451635,0.005844930426972595,0.30264780780246364,0.22712633194820106,-0.015913935680823343,0.019263520896334846,-0.031869433385888345,0.12769107527841583,-0.01720820228607994,-0.03838335303415237,-0.03870947070341893,-0.02528638501619581,-0.04861627180127161,-0.08335890504326564,0.1555126911470646,0.19250785953917285,-0.01257544680360656
8430276,2024-11-28 10:19:00+00:00,1,"['linkt001__tu', 'miles_odometer__app', 'rev326__tu', 'au20s__tu', 'rtl_trd__tu']","['rp01s__tu', 'co01s__tu', 'br109s__tu', 'cv15__tu', 'in21s__tu']","[1, 1, 1, 1, 1, 1, 1, 1, 1, 1, 1, 1, 1, 1]","[1, 1, 1, 1, 1, 1, 1, 1, 1, 1]",25291.0,20300.0,690.0,0,1,1.0,4166.0,1.2458620689655173,12000.0,0.117906367914053,0.6356838066052604,0.21279236425596343,B,263.0,1,280.0,116.0,0.0,254.0,1.0,10.0,4.0,12.0,1.0,5.0,1.0,116.0,0.0,0.0,2.0,12.0,1.0,0.0,0.0,100.0,3.0,0.0,6.0,220.0,1.0,2.0,12.0,599.0,1.0,3.0,0.3303293790064903,0.34454722637988666,0.4427367774168985,0.32412879260268035,0.04097619351425082,0.042980995456956494,-0.0882551120007139,-0.09024169234603532,0.2777036275647463,0.041781171001579714,0.31726334943275103,0.09589342920214582,-0.1350249190907034,-0.22875708311654333,0.3858805028330724,0.06970520921885669,0.058713379170451635,-0.060274266703106295,0.010140983831605175,0.22712633194820106,-0.015913935680823343,0.019263520896334846,-0.031869433385888345,0.06369334380641194,-0.01720820228607994,-0.10351188077213397,0.2865005910986188,-0.02528638501619581,0.2495240819192867,-0.08335890504326564,0.24031466002796428,0.19250785953917285,-0.01257544680360656
8547197,2025-01-07 07:15:49+00:00,1,"['balmag01__tu', 'fltgrossmonthly__income_sum', 'rev326__tu', 'br109s__tu', 'g407s__tu']","['miles_odometer__app', 'g232s__tu', 'ENG-loan_to_value', 'in21s__tu', 'cv15__tu']","[1, 1]","[1, 1, 1, 1, 1, 1]",39156.0,28925.0,653.0,0,1,1.0,7500.0,1.3537078651685392,91000.0,0.1521413127680566,0.6453188404962024,0.21687493191721677,B,130.0,0,3273.0,58.0,2.0,144.0,0.0,6.0,2.0,12.0,0.0,3.0,0.0,58.0,0.0,0.0,0.0,21.0,1.0,0.0,0.0,100.0,16.0,0.0,0.0,1.0,999.0,0.0,8.0,0.0,1.0,18.0,0.3303293790064903,0.033099809731701964,-0.018806864018595396,-0.1480339008089022,0.3079638557493251,0.42054655071960684,0.2314914514296855,-0.09024169234603532,0.14246534705327502,-0.1034032771581637,0.31726334943275103,-0.03114305560493474,-0.1312885948550934,0.03786678728154346,0.08627948092271391,0.06970520921885669,0.058713379170451635,0.1104556316405929,-0.11857182263499148,0.22712633194820106,-0.015913935680823343,0.019263520896334846,-0.031869433385888345,-0.06725758467036477,-0.01720820228607994,0.07953789465473228,-0.03870947070341893,0.14394674830626408,-0.04861627180127161,-0.08335890504326564,-0.021987076259449127,0.19250785953917285,-0.01257544680360656
8433671,2024-11-30 10:31:24+00:00,1,"['balmag01__tu', 'fltgrossmonthly__income_sum', 'rev326__tu', 'g232s__tu', 'linka006__tu']","['co01s__tu', 'g002s__tu', 'miles_odometer__app', 'br109s__tu', 'in21s__tu']",,"[1, 1, 1, 1, 1, 1, 1, 1, 1]",22253.0,17975.0,603.0,0,1,1.0,8333.0,1.2379972183588317,76080.0,0.15765275853982685,0.6356838066052604,0.22137601953372454,B,340.0,0,8254.0,46.0,3.0,84.0,3.0,9.0,2.0,12.0,0.0,2.0,0.0,39.0,0.0,1.0,2.0,3.0,0.0,0.0,0.0,67.0,2.0,0.0,4.0,1.0,1.0,2.0,10.0,118.0,1.0,1.0,0.3303293790064903,-0.10631982308481627,-0.04993376262551217,-0.10497479844572186,0.3920629027413897,0.42054655071960684,-0.0882551120007139,-0.09024169234603532,0.14246534705327502,0.041781171001579714,0.31726334943275103,-0.03114305560493474,0.011519414019293055,0.03786678728154346,0.07115391723174808,0.06970520921885669,-0.10294473825256342,-0.060274266703106295,0.21229951852229634,-0.10772340600119266,-0.015913935680823343,0.019263520896334846,0.2637365348807015,0.12769107527841583,-0.01720820228607994,-0.10351188077213397,-0.03870947070341893,-0.02528638501619581,0.2495240819192867,-0.08335890504326564,0.24031466002796428,0.19250785953917285,-0.01257544680360656
8478540,2024-12-11 08:34:35+00:00,1,"['linkt001__tu', 'balmag01__tu', 'int_n_months_open__tu_pmthx', 'cv15__tu', 'fi36s__tu']","['miles_odometer__app', 'rtl_trd__tu', 'br109s__tu', 'in21s__tu', 'rev326__tu']",,"[1, 1, 1, 1, 1, 1, 1, 1, 1, 1, 1, 1, 0, 1, 1, 1, 0, 0, 0, 0, 1, 1, 1, 1, 1, 1, 1, 1, 1, 1, 1, 1, 1, 1, 1, 1, 1, 1, 1, 1, 1, 1, 1, 1]",14585.0,12275.0,532.0,0,1,0.9121212121212121,3833.0,1.1881873727087577,78000.0,0.16595017474935841,0.6154742159583763,0.22561887508351763,B,246.0,0,0.0,46.0,0.0,88.0,11.0,44.0,0.0,10.0,0.0,1.0,0.0,1.0,0.0,0.0,1.0,8.0,0.0,0.0,0.0,100.0,19.0,0.0,2.0,90.0,26.0,1.0,1.0,1.0,0.9121212121212121,4.0,-0.09331006418892002,-0.10631982308481627,0.4427367774168985,-0.1480339008089022,0.3920629027413897,0.03450951651705543,-0.0882551120007139,0.5817814468856474,-0.13664116069610954,0.041781171001579714,0.20206341135887976,-0.03114305560493474,0.14740821351253497,0.03786678728154346,-0.10500822076779938,0.06970520921885669,0.058713379170451635,0.005844930426972595,0.010140983831605175,-0.10772340600119266,-0.015913935680823343,0.019263520896334846,-0.031869433385888345,-0.06725758467036477,-0.01720820228607994,-0.044196768556027305,-0.03870947070341893,0.14394674830626408,0.2495240819192867,-0.08335890504326564,0.1555126911470646,0.19250785953917285,-0.01257544680360656
8612971,2025-02-01 22:23:03+00:00,1,"['ENG-loan_to_value', 'balmag01__tu', 'rtl_trd__tu', 'miles_odometer__app', 'fi36s__tu']","['co01s__tu', 'au20s__tu', 'br109s__tu', 'cv15__tu', 'in21s__tu']",,"[1, 1, 1, 1, 1, 1, 1, 1, 1]",26956.0,27175.0,706.0,0,1,1.0,4000.0,0.9919411223551058,30000.0,0.1692107469637099,0.6052616798997871,0.2262345724790169,B,392.0,0,116.0,11.0,2.0,216.0,1.0,9.0,3.0,10.0,0.0,4.0,0.0,1.0,0.0,0.0,3.0,10.0,0.0,0.0,0.0,100.0,6.0,0.0,7.0,161.0,27.0,0.0,11.0,0.0,1.0,3.0,0.03536532950450431,-0.18920492071603767,-0.018806864018595396,0.13886964189649717,0.18836648636270167,0.03450951651705543,-0.0882551120007139,-0.09024169234603532,0.19764150432143243,0.6243896472613216,0.20206341135887976,-0.03114305560493474,-0.1350249190907034,0.03786678728154346,-0.10500822076779938,0.06970520921885669,0.058713379170451635,-0.060274266703106295,0.010140983831605175,-0.10772340600119266,-0.015913935680823343,0.019263520896334846,-0.031869433385888345,0.008716344988479816,-0.01720820228607994,-0.10351188077213397,0.10354191472936843,0.14394674830626408,-0.04861627180127161,-0.08335890504326564,-0.021987076259449127,0.19250785953917285,-0.01257544680360656
8585384,2025-01-22 20:40:26+00:00,1,"['miles_odometer__app', 'rev326__tu', 'br109s__tu', 'co01s__tu', 'linkt001__tu']","['ENG-loan_to_value', 'au20s__tu', 'balmag01__tu', 'rtl_trd__tu', 'in21s__tu']",,"[1, 1, 1, 1, 1, 1]",27989.0,19950.0,664.0,0,1,1.0,6666.0,1.4029573934837092,12000.0,0.16133464669133987,0.6453188404962024,0.22997987778911091,B,321.0,0,376.0,8.0,1.0,354.0,0.0,6.0,0.0,12.0,2.0,1.0,0.0,1.0,0.0,0.0,1.0,11.0,0.0,0.0,0.0,100.0,4.0,0.0,0.0,1.0,999.0,0.0,8.0,124.0,1.0,1.0,0.3303293790064903,-0.18920492071603767,0.10035386170314806,0.32412879260268035,-0.115666012319273,0.1215463073269011,0.2314914514296855,-0.09024169234603532,-0.13664116069610954,-0.11900476184721898,0.31726334943275103,0.19406097154440893,0.14740821351253497,0.03786678728154346,-0.10500822076779938,0.06970520921885669,0.058713379170451635,0.005844930426972595,0.010140983831605175,-0.10772340600119266,-0.015913935680823343,0.019263520896334846,-0.031869433385888345,0.008716344988479816,-0.01720820228607994,0.07953789465473228,-0.03870947070341893,0.14394674830626408,-0.04861627180127161,-0.08335890504326564,0.24031466002796428,0.19250785953917285,-0.01257544680360656
8520097,2024-12-25 03:18:31+00:00,1,"['ENG-loan_to_value', 'rev326__tu', 'miles_odometer__app', 'g407s__tu', 'per235__tu']","['au20s__tu', 'linkt003__tu', 'br109s__tu', 'balmag01__tu', 'in21s__tu']",,"[1, 1, 1, 1, 1, 1, 1, 1, 1, 1]",15497.0,17175.0,409.0,0,1,1.0,7083.0,0.9022998544395925,29449.0,0.13760971870050534,0.6052616798997871,0.23646665951347187,B,127.0,1,25724.0,11.0,2.0,280.0,1.0,10.0,1.0,12.0,1.0,1.0,0.0,1.0,1.0,0.0,0.0,9.0,0.0,0.0,0.0,100.0,4.0,25.0,2.0,73.0,22.0,0.0,11.0,0.0,1.0,18.0,0.3303293790064903,-0.18920492071603767,-0.018806864018595396,0.13886964189649717,-0.0821067315682433,0.1215463073269011,-0.0882551120007139,-0.09024169234603532,-0.003177477004452432,0.6243896472613216,0.31726334943275103,0.09589342920214582,0.14740821351253497,0.03786678728154346,-0.10500822076779938,-0.1769148916433367,0.058713379170451635,0.1104556316405929,0.010140983831605175,-0.10772340600119266,-0.015913935680823343,0.019263520896334846,-0.031869433385888345,0.008716344988479816,0.19170173293364837,-0.044196768556027305,-0.03870947070341893,0.14394674830626408,-0.04861627180127161,-0.08335890504326564,-0.021987076259449127,0.19250785953917285,-0.01257544680360656
8593469,2025-01-25 06:41:25+00:00,1,"['rev326__tu', 'br109s__tu', 'balmag01__tu', 'rtl_trd__tu', 'co01s__tu']","['au20s__tu', 'g002s__tu', 'in21s__tu', 'g407s__tu', 'linka006__tu']",,"[1, 1, 1, 1, 1, 1, 1, 1, 1, 1, 1]",35920.0,30125.0,863.0,0,1,1.0,4649.0,1.1923651452282158,60000.0,0.1776895808892569,0.6154742159583763,0.24157927772505014,B,45.0,0,425.0,13.0,3.0,197.0,0.0,11.0,3.0,12.0,3.0,2.0,0.0,13.0,0.0,2.0,2.0,11.0,0.0,0.0,0.0,100.0,7.0,0.0,0.0,1.0,999.0,2.0,13.0,0.0,1.0,18.0,0.3303293790064903,-0.18920492071603767,-0.04993376262551217,-0.026562264122875795,0.22104746807346873,0.042980995456956494,0.2314914514296855,-0.09024169234603532,0.19764150432143243,0.041781171001579714,0.31726334943275103,0.19406097154440893,0.011519414019293055,0.03786678728154346,-0.10500822076779938,0.06970520921885669,-0.10294473825256342,-0.060274266703106295,0.010140983831605175,-0.10772340600119266,-0.015913935680823343,0.019263520896334846,-0.031869433385888345,-0.06725758467036477,-0.01720820228607994,0.07953789465473228,-0.03870947070341893,0.14394674830626408,0.2495240819192867,-0.08335890504326564,-0.021987076259449127,0.19250785953917285,-0.01257544680360656
8535872,2025-01-02 07:31:45+00:00,1,"['g232s__tu', 'rev326__tu', 'br109s__tu', 'linka006__tu', 'g407s__tu']","['ENG-loan_to_value', 'au20s__tu', 'linkt001__tu', 'balmag01__tu', 'in21s__tu']",,"[1, 1, 1, 1, 1, 1, 1]",12783.0,8850.0,290.0,0,1,1.0,6250.0,1.444406779661017,67000.0,0.1716312229515971,0.6536030123642623,0.24779822655289646,B,108.0,0,36811.0,9.0,4.0,298.0,0.0,7.0,1.0,11.0,1.0,0.0,0.0,1.0,0.0,0.0,0.0,2.0,0.0,0.0,0.0,100.0,1.0,0.0,0.0,1.0,0.0,0.0,9.0,0.0,1.0,18.0,0.3303293790064903,-0.18920492071603767,-0.08445504272173737,-0.041515013036585294,-0.0821067315682433,0.1215463073269011,0.2314914514296855,-0.09024169234603532,-0.003177477004452432,-0.11900476184721898,0.20206341135887976,0.09589342920214582,0.14740821351253497,0.03786678728154346,-0.10500822076779938,0.06970520921885669,0.058713379170451635,0.1104556316405929,0.30264780780246364,-0.10772340600119266,-0.015913935680823343,0.019263520896334846,-0.031869433385888345,0.16263034302206456,-0.01720820228607994,0.07953789465473228,-0.03870947070341893,-0.15167903806065022,-0.04861627180127161,-0.08335890504326564,-0.021987076259449127,0.19250785953917285,-0.01257544680360656
8507137,2024-12-19 03:08:17+00:00,1,"['miles_odometer__app', 'balmag01__tu', 'co01s__tu', 'linkt001__tu', 'in30s__tu']","['ENG-loan_to_value', 'rtl_trd__tu', 'br109s__tu', 'cv15__tu', 'in21s__tu']","[1, 1, 1, 1, 1, 1, 1, 1, 1, 1, 1, 1, 1, 1, 1, 1, 1]","[1, 1, 1, 1, 1, 1, 1, 1]",33640.0,25950.0,904.0,0,1,1.0,4166.0,1.296339113680154,13000.0,0.18131107776626654,0.6356838066052604,0.2545970337913616,B,261.0,0,0.0,52.0,1.0,110.0,11.0,8.0,0.0,12.0,0.0,4.0,0.0,10.0,0.0,0.0,1.0,9.0,1.0,0.0,0.0,50.0,3.0,0.0,0.0,1.0,999.0,1.0,10.0,0.0,1.0,18.0,-0.09331006418892002,0.033099809731701964,0.10035386170314806,0.32412879260268035,0.3079638557493251,0.042980995456956494,-0.0882551120007139,-0.09024169234603532,-0.13664116069610954,-0.1034032771581637,0.31726334943275103,-0.03114305560493474,-0.1350249190907034,0.03786678728154346,-0.10500822076779938,0.06970520921885669,0.058713379170451635,0.005844930426972595,0.010140983831605175,0.22712633194820106,-0.015913935680823343,0.019263520896334846,0.2637365348807015,0.06369334380641194,-0.01720820228607994,0.07953789465473228,-0.03870947070341893,0.14394674830626408,0.2495240819192867,-0.08335890504326564,-0.021987076259449127,0.19250785953917285,-0.01257544680360656
8503328,2024-12-17 13:11:43+00:00,1,"['miles_odometer__app', 'balmag01__tu', 'rev326__tu', 'br109s__tu', 'co01s__tu']","['g232s__tu', 'ENG-loan_to_value', 'au20s__tu', 'in21s__tu', 'cv15__tu']","[1, 1, 1, 1, 1, 1, 1]","[1, 1, 1, 1, 1, 1, 1]",58812.0,44925.0,1128.0,0,1,1.0,4166.0,1.3091151919866444,6000.0,0.14202032700807796,0.6356838066052604,0.25631220510908476,B,16.0,1,355.0,15.0,1.0,137.0,0.0,7.0,1.0,12.0,1.0,3.0,0.0,1.0,0.0,0.0,2.0,15.0,1.0,0.0,1.0,100.0,10.0,0.0,0.0,1.0,999.0,0.0,8.0,0.0,1.0,18.0,0.3303293790064903,-0.18920492071603767,0.10035386170314806,0.6039820585160945,0.3079638557493251,0.042980995456956494,0.2314914514296855,-0.09024169234603532,-0.003177477004452432,-0.1034032771581637,0.31726334943275103,0.09589342920214582,-0.1312885948550934,0.03786678728154346,-0.10500822076779938,0.06970520921885669,0.058713379170451635,-0.060274266703106295,-0.11857182263499148,0.22712633194820106,-0.015913935680823343,-0.06407911841772129,-0.031869433385888345,-0.06725758467036477,-0.01720820228607994,0.07953789465473228,-0.03870947070341893,0.14394674830626408,-0.04861627180127161,-0.08335890504326564,-0.021987076259449127,0.19250785953917285,-0.01257544680360656
8425822,2024-11-26 23:29:52+00:00,1,"['br109s__tu', 'balmag01__tu', 'g232s__tu', 'co01s__tu', 'linka006__tu']","['miles_odometer__app', 'rtl_trd__tu', 'linkt003__tu', 'linkt001__tu', 'fi36s__tu']","[1, 1, 1, 1, 1, 1, 1]","[1, 1, 1, 1, 1, 1, 1, 1, 1, 1, 1, 1, 1, 1, 1, 1, 1, 1, 1]",12007.0,9925.0,391.0,0,1,1.0,3880.0,1.2097732997481108,86000.0,0.18964315797348721,0.6154742159583763,0.2578308581710574,B,131.0,0,61.0,44.0,4.0,150.0,0.0,19.0,0.0,12.0,4.0,0.0,0.0,1.0,1.0,0.0,4.0,6.0,1.0,0.0,0.0,100.0,2.0,0.0,0.0,1.0,0.0,0.0,20.0,34.0,1.0,2.0,0.03536532950450431,-0.10631982308481627,-0.08445504272173737,-0.1480339008089022,0.22104746807346873,0.03450951651705543,0.2314914514296855,0.009386984627154335,-0.13664116069610954,0.041781171001579714,0.31726334943275103,0.19406097154440893,0.14740821351253497,0.03786678728154346,-0.10500822076779938,-0.1769148916433367,0.058713379170451635,-0.060274266703106295,0.11093565458187296,0.22712633194820106,-0.015913935680823343,0.019263520896334846,-0.031869433385888345,0.12769107527841583,-0.01720820228607994,0.07953789465473228,-0.03870947070341893,-0.15167903806065022,-0.04861627180127161,0.005617409643594694,0.1555126911470646,0.19250785953917285,-0.01257544680360656
8428846,2024-11-28 01:09:26+00:00,1,"['miles_odometer__app', 'rev326__tu', 'au20s__tu', 'rtl_trd__tu', 'trv13__tu']","['co01s__tu', 'g232s__tu', 'ENG-loan_to_value', 'balmag01__tu', 'br109s__tu']","[1, 1, 1, 1, 1, 1, 1, 1, 1]","[1, 1, 1, 1, 1, 1, 1, 1, 1, 1, 1, 1, 1]",24862.0,19650.0,699.0,0,1,1.0,5000.0,1.2652417302798982,19900.0,0.18831154403790729,0.6356838066052604,0.2644270892401182,B,477.0,0,4310.0,108.0,2.0,344.0,2.0,13.0,2.0,12.0,9.0,5.0,0.0,1.0,0.0,0.0,5.0,14.0,1.0,0.0,0.0,100.0,4.0,2024.0,6.0,1.0,999.0,1.0,23.0,0.0,1.0,18.0,0.3303293790064903,0.34454722637988666,-0.018806864018595396,0.32412879260268035,-0.115666012319273,0.05343808535863555,-0.0882551120007139,0.009386984627154335,0.14246534705327502,-0.1034032771581637,0.31726334943275103,0.19406097154440893,-0.1350249190907034,0.03786678728154346,-0.10500822076779938,0.06970520921885669,0.058713379170451635,-0.060274266703106295,-0.11857182263499148,0.22712633194820106,-0.015913935680823343,0.019263520896334846,-0.031869433385888345,0.008716344988479816,0.19170173293364837,-0.10351188077213397,-0.03870947070341893,0.14394674830626408,0.2495240819192867,0.005617409643594694,-0.021987076259449127,0.19250785953917285,-0.01257544680360656
8430862,2024-11-29 23:42:22+00:00,1,"['linkt001__tu', 'rtl_trd__tu', 'rev326__tu', 'au20s__tu', 'br109s__tu']","['g232s__tu', 'rp01s__tu', 'g407s__tu', 'cv15__tu', 'ENG-loan_to_value']","[1, 1]","[1, 1, 1, 1, 1, 1, 1, 1, 1, 1, 1]",57428.0,39750.0,1222.0,0,1,1.0,6450.0,1.4447295597484278,46000.0,0.18407699751884254,0.6536030123642623,0.26576722317718965,C,457.0,0,10849.0,124.0,0.0,306.0,0.0,11.0,22.0,12.0,5.0,8.0,1.0,65.0,0.0,0.0,9.0,48.0,1.0,0.0,0.0,100.0,21.0,6973.0,1.0,1.0,40.0,3.0,3.0,188.0,1.0,2.0,0.3303293790064903,0.34454722637988666,0.4427367774168985,0.057591744291193035,-0.115666012319273,0.1215463073269011,0.2314914514296855,-0.09024169234603532,0.5169626501490205,-0.11900476184721898,0.31726334943275103,0.19406097154440893,-0.2782711354419625,-0.22875708311654333,0.08627948092271391,0.06970520921885669,0.058713379170451635,-0.1904138962100055,-0.2883839414548278,0.22712633194820106,-0.015913935680823343,0.019263520896334846,-0.031869433385888345,-0.06725758467036477,0.19170173293364837,-0.03838335303415237,-0.03870947070341893,0.14394674830626408,0.2495240819192867,-0.08335890504326564,0.24031466002796428,0.19250785953917285,-0.01257544680360656
8503109,2024-12-17 07:45:31+00:00,1,"['rtl_trd__tu', 'rev326__tu', 'au20s__tu', 'br109s__tu', 'jt20s__tu']","['g407s__tu', 'ENG-loan_to_value', 'miles_odometer__app', 'g232s__tu', 'balmag01__tu']","[1, 1, 1, 1, 1]","[1, 1, 1]",38265.0,25475.0,819.0,0,1,1.0,5321.0,1.5020608439646712,86528.0,0.1848423414577641,0.6536030123642623,0.2668722136766238,C,224.0,0,8843.0,120.0,4.0,348.0,0.0,3.0,8.0,12.0,2.0,5.0,0.0,120.0,0.0,0.0,9.0,23.0,1.0,0.0,0.0,100.0,14.0,11084.0,1.0,1.0,999.0,0.0,5.0,296.0,1.0,1.0,0.3303293790064903,0.34454722637988666,-0.08445504272173737,-0.1480339008089022,-0.115666012319273,0.1215463073269011,0.2314914514296855,-0.09024169234603532,0.5169626501490205,-0.11900476184721898,0.31726334943275103,0.19406097154440893,-0.1350249190907034,0.03786678728154346,0.3858805028330724,0.06970520921885669,0.058713379170451635,-0.1904138962100055,-0.11857182263499148,0.22712633194820106,-0.015913935680823343,0.019263520896334846,-0.031869433385888345,-0.06725758467036477,0.19170173293364837,-0.03838335303415237,-0.03870947070341893,0.14394674830626408,-0.04861627180127161,-0.08335890504326564,0.24031466002796428,0.19250785953917285,-0.01257544680360656
8610614,2025-02-01 01:12:45+00:00,1,"['ENG-loan_to_value', 'br109s__tu', 'co01s__tu', 'linkt001__tu', 'rtl_trd__tu']","['g232s__tu', 'balmag01__tu', 'in21s__tu', 'cv15__tu', 'rev326__tu']","[1, 1, 1, 1, 1, 1, 1, 1, 1, 1, 1, 1, 1, 1, 1, 1, 1, 1, 1]",[],23491.0,22325.0,559.0,0,1,1.0,6666.0,1.052228443449048,63000.0,0.20797466849471527,0.6052616798997871,0.2780618906165461,C,146.0,0,0.0,82.0,1.0,264.0,0.0,0.0,2.0,0.0,0.0,3.0,0.0,82.0,0.0,0.0,1.0,13.0,1.0,0.0,9.0,100.0,162.0,0.0,0.0,105.0,999.0,0.0,1.0,0.0,0.0,18.0,-0.09331006418892002,0.033099809731701964,0.10035386170314806,-0.026562264122875795,-0.0821067315682433,0.1215463073269011,0.2314914514296855,-0.09024169234603532,0.14246534705327502,0.21535953634601085,-0.11478435367028723,-0.03114305560493474,-0.1312885948550934,0.03786678728154346,0.08627948092271391,0.06970520921885669,0.058713379170451635,0.005844930426972595,-0.11857182263499148,0.22712633194820106,-0.015913935680823343,-0.06407911841772129,-0.031869433385888345,-0.06725758467036477,-0.01720820228607994,0.07953789465473228,-0.03870947070341893,0.14394674830626408,-0.04861627180127161,-0.08335890504326564,-0.021987076259449127,-0.09517110639155442,-0.01257544680360656
8547414,2025-01-07 09:13:39+00:00,1,"['br109s__tu', 'g407s__tu', 'co01s__tu', 'rev326__tu', 'linka006__tu']","['au20s__tu', 'rtl_trd__tu', 'linkt003__tu', 'in21s__tu', 'fltgrossmonthly__income_sum']",,"[1, 1, 1, 1, 1, 1]",19094.32,15975.0,739.0,0,1,1.0,3583.0,1.1952625978090767,66000.0,0.20904229510633232,0.6154742159583763,0.28420510878039773,C,12.0,0,177.0,8.0,1.0,257.0,0.0,6.0,0.0,9.0,0.0,1.0,0.0,1.0,1.0,0.0,0.0,7.0,0.0,0.0,0.0,100.0,2.0,0.0,0.0,1.0,999.0,0.0,8.0,0.0,1.0,18.0,0.1402491111383294,-0.18920492071603767,0.10035386170314806,-0.041515013036585294,0.04097619351425082,-0.08813657991152038,0.2314914514296855,-0.09024169234603532,-0.13664116069610954,0.041781171001579714,-0.008653803370520737,-0.03114305560493474,0.14740821351253497,0.03786678728154346,-0.10500822076779938,-0.1769148916433367,0.058713379170451635,0.1104556316405929,0.020564533232433003,-0.10772340600119266,-0.015913935680823343,0.019263520896334846,-0.031869433385888345,0.12769107527841583,-0.01720820228607994,0.07953789465473228,-0.03870947070341893,0.14394674830626408,-0.04861627180127161,-0.08335890504326564,-0.021987076259449127,0.19250785953917285,-0.01257544680360656
8482481,2024-12-13 02:39:23+00:00,1,"['balmag01__tu', 'rev326__tu', 'jt20s__tu', 'au20s__tu', 'st20s__tu']","['co01s__tu', 'g232s__tu', 'linkt003__tu', 'g002s__tu', 'linkt001__tu']","[1, 1, 1, 1, 1, 1, 1, 0, 1, 1, 1, 1, 1, 1, 1, 1, 1, 1, 1, 1, 1, 1, 1, 1, 1, 1, 1, 1, 1, 0, 0, 1]","[1, 1, 1, 1]",35764.0,28950.0,913.0,0,1,1.0,4166.0,1.2353713298791018,38000.0,0.20402419152755788,0.6356838066052604,0.286490790438957,C,428.0,0,2369.0,97.0,4.0,146.0,1.0,4.0,1.0,12.0,0.0,2.0,0.0,113.0,2.0,3.0,3.0,14.0,0.8693181818181818,0.0,0.0,100.0,13.0,0.0,4.0,320.0,6.0,0.0,7.0,1119.0,1.0,2.0,0.3303293790064903,0.23248092831857015,-0.08445504272173737,0.13886964189649717,0.3079638557493251,0.042980995456956494,-0.0882551120007139,-0.09024169234603532,-0.003177477004452432,0.041781171001579714,0.31726334943275103,-0.03114305560493474,0.011519414019293055,0.03786678728154346,0.3858805028330724,-0.23292531881912387,-0.10294473825256342,-0.060274266703106295,-0.11857182263499148,0.22712633194820106,-0.015913935680823343,0.019263520896334846,-0.031869433385888345,-0.06725758467036477,-0.01720820228607994,-0.10351188077213397,0.2865005910986188,0.10569468094821943,-0.04861627180127161,-0.08335890504326564,0.24031466002796428,0.19250785953917285,-0.01257544680360656
8587619,2025-01-23 07:40:23+00:00,1,"['rev326__tu', 'br109s__tu', 'balmag01__tu', 'linka006__tu', 'g407s__tu']","['ENG-loan_to_value', 'miles_odometer__app', 'in21s__tu', 'co01s__tu', 'linkt001__tu']",,"[1, 1, 1, 1, 1]",21419.0,12650.0,496.0,0,1,1.0,3822.0,1.693201581027668,78000.0,0.1843390238377036,0.7067715717469841,0.287795638357817,C,65.0,0,1761.0,51.0,3.0,188.0,0.0,5.0,2.0,12.0,1.0,1.0,0.0,1.0,0.0,0.0,0.0,8.0,0.0,0.0,0.0,50.0,1.0,0.0,1.0,1.0,999.0,1.0,5.0,8.0,1.0,18.0,0.3303293790064903,0.033099809731701964,-0.04993376262551217,-0.1480339008089022,0.22104746807346873,0.03450951651705543,0.2314914514296855,-0.09024169234603532,0.14246534705327502,-0.41780855212669693,0.31726334943275103,0.09589342920214582,0.14740821351253497,0.03786678728154346,-0.10500822076779938,0.06970520921885669,0.058713379170451635,0.1104556316405929,0.010140983831605175,-0.10772340600119266,-0.015913935680823343,0.019263520896334846,0.2637365348807015,0.16263034302206456,-0.01720820228607994,-0.03838335303415237,-0.03870947070341893,0.14394674830626408,0.2495240819192867,-0.08335890504326564,0.1555126911470646,0.19250785953917285,-0.01257544680360656
8533489,2024-12-31 23:48:13+00:00,1,"['miles_odometer__app', 'br109s__tu', 'balmag01__tu', 'co01s__tu', 'rev326__tu']","['ENG-loan_to_value', 'g232s__tu', 'linkt001__tu', 'rtl_trd__tu', 'linkt003__tu']","[1, 1, 1, 1, 1, 1, 1, 1, 1, 1, 1, 1, 1, 1, 1, 1, 1, 1, 1, 1, 1, 1, 1, 1, 1, 1, 1, 1, 1, 1, 1, 1, 1, 1, 1, 1]","[1, 1, 1, 1, 1]",34841.0,22300.0,871.0,0,1,1.0,4356.0,1.5623766816143498,6000.0,0.19880688250294512,0.6637057085458945,0.29147064358874486,C,77.0,0,184.0,42.0,5.0,198.0,0.0,5.0,0.0,12.0,0.0,3.0,0.0,12.0,1.0,0.0,3.0,17.0,1.0,0.0,0.0,100.0,8.0,0.0,0.0,59.0,999.0,1.0,6.0,1.0,1.0,1.0,0.1402491111383294,-0.10631982308481627,-0.11863334655000428,0.6039820585160945,0.22104746807346873,0.042980995456956494,0.2314914514296855,-0.09024169234603532,-0.13664116069610954,-0.11900476184721898,0.31726334943275103,-0.03114305560493474,-0.1312885948550934,0.03786678728154346,-0.10500822076779938,-0.1769148916433367,0.058713379170451635,-0.060274266703106295,-0.11857182263499148,0.22712633194820106,-0.015913935680823343,0.019263520896334846,-0.031869433385888345,-0.06725758467036477,-0.01720820228607994,0.07953789465473228,-0.03870947070341893,0.14394674830626408,0.2495240819192867,-0.08335890504326564,0.1555126911470646,0.19250785953917285,-0.01257544680360656
8545773,2025-01-07 01:44:10+00:00,1,"['au20s__tu', 'balmag01__tu', 'rev326__tu', 'br109s__tu', 'int_n_months_open__tu_pmthx']","['miles_odometer__app', 'ENG-loan_to_value', 'rtl_trd__tu', 'co01s__tu', 'linkt001__tu']",[],"[1, 1, 1, 1, 1, 1, 1, 1, 1, 0, 1, 1, 1, 1, 1, 1, 1, 1, 1, 1, 1, 1, 1, 1, 1, 1, 1]",19303.0,13925.0,565.0,0,1,0.9735449735449735,5083.0,1.3862118491921005,99432.0,0.16061999366258772,0.6453188404962024,0.29427378790178454,C,299.0,1,640.0,154.0,3.0,142.0,0.0,27.0,0.0,11.0,0.0,2.0,0.0,1.0,0.0,0.0,1.0,8.0,0.0,0.0,0.0,100.0,4.0,0.0,1.0,1.0,19.0,1.0,29.0,7.0,0.9735449735449735,1.0,0.3303293790064903,0.5922503391999676,-0.04993376262551217,-0.2679280215006448,0.3079638557493251,0.05343808535863555,0.2314914514296855,0.16898341204685105,-0.13664116069610954,-0.11900476184721898,0.20206341135887976,-0.03114305560493474,0.011519414019293055,0.03786678728154346,-0.10500822076779938,0.06970520921885669,0.058713379170451635,0.005844930426972595,0.010140983831605175,-0.10772340600119266,-0.015913935680823343,0.019263520896334846,-0.031869433385888345,0.008716344988479816,-0.01720820228607994,-0.03838335303415237,-0.03870947070341893,0.14394674830626408,0.2495240819192867,0.005617409643594694,0.1555126911470646,0.19250785953917285,-0.01257544680360656
8542988,2025-01-05 02:23:05+00:00,1,"['fltgrossmonthly__income_sum', 'rev326__tu', 'br109s__tu', 'g232s__tu', 'co01s__tu']","['ENG-loan_to_value', 'miles_odometer__app', 'au20s__tu', 'balmag01__tu', 'in21s__tu']",,"[1, 1]",15926.0,10475.0,357.0,0,1,1.0,9167.0,1.520381861575179,82300.0,0.21042693468817325,0.6637057085458945,0.30850679468332814,C,27.0,0,24492.0,4.0,3.0,266.0,0.0,2.0,1.0,11.0,2.0,2.0,0.0,1.0,0.0,0.0,2.0,6.0,0.0,0.0,1.0,100.0,4.0,0.0,0.0,5.0,999.0,0.0,2.0,0.0,1.0,18.0,0.3303293790064903,-0.18920492071603767,-0.04993376262551217,-0.1480339008089022,-0.0821067315682433,0.42054655071960684,0.2314914514296855,-0.09024169234603532,-0.003177477004452432,-0.11900476184721898,0.20206341135887976,0.19406097154440893,0.011519414019293055,0.03786678728154346,-0.10500822076779938,0.06970520921885669,0.058713379170451635,-0.060274266703106295,0.11093565458187296,-0.10772340600119266,-0.015913935680823343,-0.06407911841772129,-0.031869433385888345,0.008716344988479816,-0.01720820228607994,0.07953789465473228,-0.03870947070341893,0.14394674830626408,-0.04861627180127161,-0.08335890504326564,-0.021987076259449127,0.19250785953917285,-0.01257544680360656
8523595,2024-12-27 22:38:09+00:00,0,"['miles_odometer__app', 'balmag01__tu', 'br109s__tu', 'cv15__tu', 'in30s__tu']","['co01s__tu', 'g232s__tu', 'au20s__tu', 'linkt001__tu', 'rtl_trd__tu']","[1, 1, 1, 1, 1, 1, 1, 1, 1, 1, 1, 1, 1, 1, 1, 1, 1, 1, 1, 1, 1, 1, 1, 1]",[1],34471.0,28575.0,895.0,0,1,1.0,3500.0,1.206334208223972,19000.0,0.22764777156340568,0.6154742159583763,0.3095003317289593,C,306.0,0,0.0,40.0,5.0,106.0,0.0,1.0,0.0,11.0,0.0,1.0,0.0,40.0,0.0,0.0,3.0,16.0,1.0,1.0,1.0,50.0,18.0,0.0,4.0,1.0,1.0,1.0,3.0,7416.0,1.0,5.0,-0.09331006418892002,-0.18920492071603767,-0.11863334655000428,0.32412879260268035,0.3079638557493251,-0.08813657991152038,0.2314914514296855,-0.09024169234603532,-0.13664116069610954,0.041781171001579714,0.20206341135887976,-0.03114305560493474,0.14740821351253497,0.03786678728154346,0.07115391723174808,0.06970520921885669,0.058713379170451635,-0.060274266703106295,-0.11857182263499148,0.22712633194820106,-0.015913935680823343,-0.06407911841772129,0.2637365348807015,-0.06725758467036477,-0.01720820228607994,-0.10351188077213397,-0.03870947070341893,-0.02528638501619581,0.2495240819192867,-0.08335890504326564,0.24031466002796428,0.19250785953917285,-0.01257544680360656
8504418,2024-12-18 02:31:35+00:00,1,"['miles_odometer__app', 'balmag01__tu', 'co01s__tu', 'fi36s__tu', 'st20s__tu']","['ENG-loan_to_value', 'rtl_trd__tu', 'br109s__tu', 'in21s__tu', 'rev326__tu']","[1, 1, 1, 1, 1, 1, 1, 1, 1, 1, 1, 1, 1, 1, 1, 1, 1, 1, 1, 1, 1, 1, 1, 1, 1, 1, 1, 1, 1, 1, 1, 0, 1, 0, 0]","[1, 1, 1, 1, 1, 1, 1, 1, 1]",27376.0,21600.0,832.0,0,1,1.0,5000.0,1.2674074074074073,13360.0,0.2232274236896146,0.6356838066052604,0.31345597098886896,C,169.0,0,0.0,80.0,3.0,154.0,11.0,9.0,0.0,9.0,0.0,2.0,0.0,80.0,0.0,0.0,1.0,9.0,0.8396825396825397,0.0,1.0,100.0,9.0,0.0,0.0,171.0,27.0,0.0,9.0,0.0,1.0,1.0,-0.09331006418892002,0.033099809731701964,-0.04993376262551217,0.32412879260268035,0.22104746807346873,0.05343808535863555,-0.0882551120007139,-0.09024169234603532,-0.13664116069610954,-0.1034032771581637,-0.008653803370520737,-0.03114305560493474,0.011519414019293055,0.03786678728154346,0.08627948092271391,0.06970520921885669,0.058713379170451635,0.005844930426972595,0.010140983831605175,0.22712633194820106,-0.015913935680823343,-0.06407911841772129,-0.031869433385888345,-0.06725758467036477,-0.01720820228607994,0.07953789465473228,0.13029271559890934,0.14394674830626408,-0.04861627180127161,-0.08335890504326564,-0.021987076259449127,0.19250785953917285,-0.01257544680360656
8548277,2025-01-08 01:19:16+00:00,1,"['g232s__tu', 'int_n_months_open__tu_pmthx', 'balmag01__tu', 'in21s__tu', 'linka006__tu']","['miles_odometer__app', 'linkt001__tu', 'rtl_trd__tu', 'linkt003__tu', 'br109s__tu']",,"[1, 1, 1, 1, 1, 1, 1, 1, 1, 1, 1, 1, 1, 1, 1, 1, 1, 1, 1, 1, 1, 1, 1, 1, 1, 1, 1, 1, 1, 1, 1, 1, 1, 1, 1, 1, 1, 1, 1, 1, 1, 1, 1]",12914.0,10875.0,529.0,0,1,1.0,5000.0,1.1874942528735632,91000.0,0.18027250266651415,0.6154742159583763,0.31500466252351844,C,268.0,1,0.0,45.0,5.0,174.0,11.0,43.0,0.0,8.0,0.0,1.0,0.0,1.0,1.0,0.0,1.0,1.0,0.0,0.0,0.0,100.0,1.0,0.0,0.0,1.0,0.0,0.0,45.0,608.0,1.0,3.0,-0.09331006418892002,-0.10631982308481627,-0.11863334655000428,-0.1480339008089022,0.22104746807346873,0.05343808535863555,-0.0882551120007139,0.5817814468856474,-0.13664116069610954,0.041781171001579714,-0.008653803370520737,-0.03114305560493474,0.14740821351253497,0.03786678728154346,-0.10500822076779938,-0.1769148916433367,0.058713379170451635,0.005844930426972595,0.30264780780246364,-0.10772340600119266,-0.015913935680823343,0.019263520896334846,-0.031869433385888345,0.16263034302206456,-0.01720820228607994,0.07953789465473228,-0.03870947070341893,-0.15167903806065022,-0.04861627180127161,0.15397777142898117,0.24031466002796428,0.19250785953917285,-0.01257544680360656
8549180,2025-01-08 04:47:58+00:00,1,"['balmag01__tu', 'fltgrossmonthly__income_sum', 'rev326__tu', 'br109s__tu', 'co01s__tu']","['miles_odometer__app', 'ENG-loan_to_value', 'g232s__tu', 'au20s__tu', 'in21s__tu']",,"[1, 1, 1, 1, 1, 1, 1, 1]",59518.0,39325.0,1333.0,0,1,1.0,10000.0,1.5134901462174188,97000.0,0.21780765707546731,0.6637057085458945,0.31932766706606663,C,11.0,0,1076.0,12.0,1.0,141.0,0.0,8.0,1.0,10.0,0.0,3.0,0.0,1.0,0.0,0.0,4.0,26.0,0.0,0.0,4.0,100.0,9.0,0.0,0.0,1.0,999.0,1.0,7.0,0.0,1.0,18.0,0.3303293790064903,-0.18920492071603767,0.10035386170314806,-0.2679280215006448,0.3079638557493251,0.42054655071960684,0.2314914514296855,-0.09024169234603532,-0.003177477004452432,-0.11900476184721898,0.20206341135887976,-0.03114305560493474,-0.1312885948550934,0.03786678728154346,-0.10500822076779938,0.06970520921885669,0.058713379170451635,-0.060274266703106295,-0.11857182263499148,-0.10772340600119266,-0.015913935680823343,-0.06407911841772129,-0.031869433385888345,-0.06725758467036477,-0.01720820228607994,0.07953789465473228,-0.03870947070341893,0.14394674830626408,0.2495240819192867,-0.08335890504326564,-0.021987076259449127,0.19250785953917285,-0.01257544680360656
8523993,2024-12-28 00:07:47+00:00,0,"['balmag01__tu', 'miles_odometer__app', 'g232s__tu', 'g407s__tu', 'cv15__tu']","['au20s__tu', 'linkt003__tu', 'br109s__tu', 'in21s__tu', 'rev326__tu']",,"[1, 1, 1, 1, 1, 1, 1, 1, 1]",30468.0,26550.0,883.0,0,1,1.0,4160.0,1.1475706214689265,29300.0,0.25357524910360796,0.6154742159583763,0.34475023927023607,D,50.0,0,0.0,10.0,2.0,152.0,11.0,9.0,1.0,8.0,0.0,1.0,0.0,10.0,1.0,0.0,0.0,6.0,0.0,0.0,1.0,100.0,9.0,0.0,1.0,1.0,999.0,0.0,10.0,0.0,1.0,18.0,-0.09331006418892002,-0.18920492071603767,-0.018806864018595396,0.13886964189649717,0.22104746807346873,0.042980995456956494,-0.0882551120007139,-0.09024169234603532,-0.003177477004452432,0.041781171001579714,-0.008653803370520737,-0.03114305560493474,0.14740821351253497,0.03786678728154346,-0.10500822076779938,-0.1769148916433367,0.058713379170451635,0.1104556316405929,0.11093565458187296,-0.10772340600119266,-0.015913935680823343,-0.06407911841772129,-0.031869433385888345,-0.06725758467036477,-0.01720820228607994,-0.03838335303415237,-0.03870947070341893,0.14394674830626408,-0.04861627180127161,-0.08335890504326564,-0.021987076259449127,0.19250785953917285,-0.01257544680360656
8533053,2024-12-31 20:08:51+00:00,1,"['rtl_trd__tu', 'rev326__tu', 'au20s__tu', 'br109s__tu', 'co01s__tu']","['ENG-loan_to_value', 'balmag01__tu', 'miles_odometer__app', 'in21s__tu', 'cv15__tu']","[1, 1, 1, 1, 1, 1, 1, 1, 1, 1, 1, 1, 1, 1, 1, 1, 1, 1, 1, 1, 1, 1, 1, 1, 1, 1, 0, 0, 0, 0, 0, 0, 0, 0, 0, 0, 0, 0, 0, 0, 0, 0, 0, 0, 0, 0, 0, 0, 0, 0, 0, 0, 0, 0, 0, 0, 0, 0, 0, 0, 0, 0, 0, 0, 0, 0, 0, 0, 0, 0, 0, 0, 0, 0, 0, 0, 0, 0, 0, 0, 0, 0]","[1, 1]",19077.0,11775.0,439.0,0,1,1.0,6666.0,1.6201273885350318,74370.0,0.22198717912639432,0.7067715717469841,0.3465730727758399,D,408.0,0,6316.0,122.0,2.0,350.0,0.0,2.0,9.0,5.0,0.0,3.0,0.0,1.0,0.0,0.0,4.0,9.0,0.10314428445489274,0.0,0.0,100.0,10.0,201.0,0.0,162.0,5.0,0.0,4.0,0.0,1.0,18.0,0.3303293790064903,0.34454722637988666,-0.018806864018595396,-0.10497479844572186,-0.115666012319273,0.1215463073269011,0.2314914514296855,-0.09024169234603532,0.5169626501490205,-0.41780855212669693,-0.11478435367028723,-0.03114305560493474,-0.1312885948550934,0.03786678728154346,-0.10500822076779938,0.06970520921885669,0.058713379170451635,-0.060274266703106295,0.010140983831605175,-0.10772340600119266,-0.015913935680823343,0.019263520896334846,-0.031869433385888345,-0.06725758467036477,0.19170173293364837,0.07953789465473228,0.10354191472936843,0.10569468094821943,-0.04861627180127161,-0.08335890504326564,-0.021987076259449127,0.19250785953917285,-0.01257544680360656
8601007,2025-01-28 17:36:38+00:00,1,"['miles_odometer__app', 'rev326__tu', 'br109s__tu', 'rtl_trd__tu', 'co01s__tu']","['g232s__tu', 'ENG-loan_to_value', 'au20s__tu', 'linkt003__tu', 'cv15__tu']","[1, 1, 1, 1, 1, 1]","[1, 1, 1, 1]",33862.0,25650.0,670.0,0,1,1.0,7083.0,1.3201559454191034,6789.0,0.18936045498783732,0.6453188404962024,0.3469295266262713,D,16.0,1,19893.0,8.0,3.0,288.0,0.0,4.0,4.0,9.0,0.0,4.0,0.0,1.0,1.0,0.0,5.0,29.0,1.0,0.0,6.0,100.0,15.0,0.0,0.0,1.0,999.0,0.0,5.0,10324.0,1.0,18.0,0.3303293790064903,-0.18920492071603767,-0.04993376262551217,0.6039820585160945,-0.0821067315682433,0.1215463073269011,0.2314914514296855,-0.09024169234603532,0.2777036275647463,-0.1034032771581637,-0.008653803370520737,-0.03114305560493474,-0.1350249190907034,0.03786678728154346,-0.10500822076779938,-0.1769148916433367,0.058713379170451635,-0.060274266703106295,-0.11857182263499148,0.22712633194820106,-0.015913935680823343,-0.06407911841772129,-0.031869433385888345,-0.06725758467036477,-0.01720820228607994,0.07953789465473228,-0.03870947070341893,0.14394674830626408,-0.04861627180127161,-0.08335890504326564,0.24031466002796428,0.19250785953917285,-0.01257544680360656
8508566,2024-12-19 21:28:26+00:00,1,"['fltgrossmonthly__income_sum', 'rev326__tu', 'balmag01__tu', 'trv10__tu', 'fi36s__tu']","['linkt001__tu', 'ENG-loan_to_value', 'au20s__tu', 'co01s__tu', 'rtl_trd__tu']",,"[1, 1, 1, 1, 1, 1, 1, 1, 1, 1, 1, 1]",33389.0,23950.0,895.0,0,1,1.0,11742.160000000047,1.3941127348643005,55000.0,0.25390301712999513,0.6453188404962024,0.36193456301768573,Decline,139.0,0,16990.0,14.0,8.0,218.0,2.0,12.0,0.0,12.0,1.0,2.0,0.0,14.0,0.0,0.0,1.0,9.0,0.0,0.0,1.0,100.0,11.0,0.0,3.0,134.0,999.0,1.0,14.0,0.0,1.0,18.0,0.3303293790064903,-0.18920492071603767,-0.1766968871060351,0.021624315630355516,0.18836648636270167,0.42054655071960684,-0.0882551120007139,-0.09024169234603532,-0.13664116069610954,-0.11900476184721898,0.31726334943275103,0.09589342920214582,0.011519414019293055,0.03786678728154346,-0.10500822076779938,0.06970520921885669,0.058713379170451635,0.005844930426972595,0.010140983831605175,-0.10772340600119266,-0.015913935680823343,-0.06407911841772129,-0.031869433385888345,-0.06725758467036477,-0.01720820228607994,-0.07981889261212467,0.10354191472936843,0.14394674830626408,0.2495240819192867,-0.08335890504326564,-0.021987076259449127,0.19250785953917285,-0.01257544680360656
8469411,2024-12-07 05:43:50+00:00,1,"['miles_odometer__app', 'balmag01__tu', 'rtl_trd__tu', 'st20s__tu', 'int_n_months_open__tu_pmthx']","['co01s__tu', 'g232s__tu', 'br109s__tu', 'cv15__tu', 'rev326__tu']","[1, 1, 1, 1, 1, 1, 1, 1, 1, 1, 1, 1, 1, 1, 1, 1, 1, 1, 1, 1, 1, 1, 1, 1, 1, 1, 1, 1]","[1, 1, 1, 1, 1, 1, 1, 1, 1, 1, 1, 1, 1, 1, 1, 1, 1, 1, 1, 1, 1, 1, 1, 1]",15784.0,13400.0,449.0,0,1,1.0,3722.0,1.1779104477611941,9312.0,0.20956287828329406,0.6154742159583763,0.3661860947989616,Decline,412.0,1,0.0,67.0,3.0,137.0,1.0,24.0,3.0,6.0,0.0,4.0,0.0,1.0,0.0,0.0,4.0,18.0,1.0,0.0,3.0,100.0,14.0,0.0,4.0,280.0,41.0,1.0,26.0,0.0,1.0,2.0,-0.09331006418892002,0.033099809731701964,-0.04993376262551217,0.32412879260268035,0.3079638557493251,-0.08813657991152038,-0.0882551120007139,0.16898341204685105,0.19764150432143243,0.041781171001579714,-0.008653803370520737,-0.03114305560493474,-0.1350249190907034,0.03786678728154346,-0.10500822076779938,0.06970520921885669,0.058713379170451635,-0.060274266703106295,-0.11857182263499148,0.22712633194820106,-0.015913935680823343,-0.06407911841772129,-0.031869433385888345,-0.06725758467036477,-0.01720820228607994,-0.10351188077213397,0.2865005910986188,0.14394674830626408,0.2495240819192867,0.005617409643594694,-0.021987076259449127,0.19250785953917285,-0.01257544680360656
8607144,2025-01-30 23:47:37+00:00,1,"['linkt001__tu', 'int_n_months_open__tu_pmthx', 'balmag01__tu', 'in21s__tu', 'g002s__tu']","['miles_odometer__app', 'ENG-loan_to_value', 'br109s__tu', 'cv15__tu', 'rev326__tu']",,"[1, 1, 1, 1, 1, 1, 1, 1, 1, 1, 1, 1, 0, 1, 1, 1, 1, 1, 1, 1, 1, 1, 1, 1, 1, 1, 1, 1, 1, 0, 1, 1, 1, 1, 1, 1, 0, 1, 1, 1, 1]",24660.0,18325.0,593.0,0,1,0.9070847851335656,4100.0,1.3457025920873125,100000.0,0.20345613616645788,0.6453188404962024,0.37275439063543186,Decline,141.0,1,0.0,42.0,0.0,137.0,11.0,41.0,1.0,9.0,0.0,4.0,0.0,42.0,0.0,0.0,2.0,9.0,0.0,0.0,0.0,100.0,8.0,0.0,2.0,1.0,6.0,1.0,42.0,0.0,0.9070847851335656,4.0,-0.09331006418892002,-0.10631982308481627,0.4427367774168985,-0.2679280215006448,0.3079638557493251,0.03450951651705543,-0.0882551120007139,0.5817814468856474,-0.003177477004452432,-0.1034032771581637,-0.008653803370520737,-0.03114305560493474,-0.1350249190907034,0.03786678728154346,0.07115391723174808,0.06970520921885669,0.058713379170451635,-0.060274266703106295,0.010140983831605175,-0.10772340600119266,-0.015913935680823343,0.019263520896334846,-0.031869433385888345,-0.06725758467036477,-0.01720820228607994,-0.044196768556027305,-0.03870947070341893,0.10569468094821943,0.2495240819192867,0.15397777142898117,-0.021987076259449127,0.19250785953917285,-0.01257544680360656
8617059,2025-02-04 00:27:54+00:00,1,"['g232s__tu', 'br109s__tu', 'miles_odometer__app', 'linka006__tu', 'g407s__tu']","['ENG-loan_to_value', 'au20s__tu', 'rtl_trd__tu', 'balmag01__tu', 'in21s__tu']",,"[1, 1, 1]",29755.0,22450.0,728.0,0,1,1.0,3640.0,1.3253897550111358,32000.0,0.2035576289767637,0.6453188404962024,0.3729403368121963,Decline,138.0,1,15.0,5.0,2.0,284.0,0.0,3.0,0.0,7.0,0.0,0.0,0.0,1.0,0.0,0.0,0.0,1.0,0.0,0.0,0.0,100.0,1.0,0.0,0.0,78.0,999.0,0.0,5.0,0.0,1.0,2.0,-0.09331006418892002,-0.18920492071603767,-0.018806864018595396,0.13886964189649717,-0.0821067315682433,-0.08813657991152038,0.2314914514296855,-0.09024169234603532,-0.13664116069610954,-0.1034032771581637,-0.008653803370520737,-0.03114305560493474,0.14740821351253497,0.03786678728154346,-0.10500822076779938,0.06970520921885669,0.058713379170451635,0.1104556316405929,0.30264780780246364,-0.10772340600119266,-0.015913935680823343,0.019263520896334846,-0.031869433385888345,0.16263034302206456,-0.01720820228607994,0.07953789465473228,-0.03870947070341893,0.14394674830626408,-0.04861627180127161,-0.08335890504326564,-0.021987076259449127,0.19250785953917285,-0.01257544680360656
8476756,2024-12-11 00:44:18+00:00,1,"['rev326__tu', 'br109s__tu', 'rtl_trd__tu', 'co01s__tu', 'trv13__tu']","['g407s__tu', 'cv15__tu', 'ENG-loan_to_value', 'g232s__tu', 'au20s__tu']",,"[1, 1, 1, 1, 1, 1, 1, 1, 1, 1, 1, 1, 1, 1, 1, 1, 1, 1, 1]",19474.0,12925.0,514.0,0,1,1.0,4333.0,1.5066924564796904,61000.0,0.2664598535453532,0.6536030123642623,0.38471018280108704,Decline,93.0,0,442.0,20.0,5.0,270.0,0.0,19.0,3.0,12.0,3.0,8.0,0.0,17.0,1.0,0.0,7.0,14.0,0.0,0.0,0.0,100.0,5.0,0.0,0.0,1.0,999.0,1.0,20.0,257.0,1.0,18.0,0.3303293790064903,-0.18920492071603767,-0.11863334655000428,-0.026562264122875795,-0.0821067315682433,0.042980995456956494,0.2314914514296855,0.009386984627154335,0.19764150432143243,-0.11900476184721898,0.31726334943275103,0.19406097154440893,-0.2782711354419625,0.03786678728154346,-0.10500822076779938,-0.1769148916433367,0.058713379170451635,-0.1904138962100055,-0.11857182263499148,-0.10772340600119266,-0.015913935680823343,0.019263520896334846,-0.031869433385888345,0.008716344988479816,-0.01720820228607994,0.07953789465473228,-0.03870947070341893,0.14394674830626408,0.2495240819192867,0.005617409643594694,0.24031466002796428,0.19250785953917285,-0.01257544680360656
8622530,2025-02-05 20:14:04+00:00,1,"['au20s__tu', 'br109s__tu', 'balmag01__tu', 'co01s__tu', 'linkt001__tu']","['g407s__tu', 'cv15__tu', 'ENG-loan_to_value', 'g232s__tu', 'linkt003__tu']","[1, 1, 1, 1, 1, 1, 1]","[1, 1, 1, 1, 1, 1, 1, 1, 1]",22053.0,14425.0,619.0,0,1,1.0,3667.0,1.5288041594454074,70456.0,0.2638408416828038,0.6637057085458945,0.38681688964738803,Decline,372.0,0,83.0,108.0,1.0,224.0,0.0,9.0,1.0,11.0,3.0,7.0,0.0,1.0,1.0,0.0,6.0,19.0,1.0,0.0,2.0,100.0,28.0,0.0,0.0,1.0,14.0,0.0,11.0,0.0,1.0,18.0,0.03536532950450431,0.34454722637988666,0.10035386170314806,-0.041515013036585294,0.18836648636270167,-0.08813657991152038,0.2314914514296855,-0.09024169234603532,-0.003177477004452432,-0.11900476184721898,0.20206341135887976,0.19406097154440893,-0.2782711354419625,0.03786678728154346,-0.10500822076779938,-0.1769148916433367,0.058713379170451635,-0.1904138962100055,-0.11857182263499148,0.22712633194820106,-0.015913935680823343,-0.06407911841772129,-0.031869433385888345,-0.06725758467036477,-0.01720820228607994,0.07953789465473228,-0.03870947070341893,0.10569468094821943,-0.04861627180127161,-0.08335890504326564,-0.021987076259449127,0.19250785953917285,-0.01257544680360656
8532928,2024-12-31 09:01:00+00:00,1,"['g232s__tu', 'balmag01__tu', 'jt20s__tu', 'int_n_months_open__tu_pmthx', 'cv15__tu']","['miles_odometer__app', 'linkt001__tu', 'au20s__tu', 'co01s__tu', 'rtl_trd__tu']",,"[1, 1, 1, 1, 1, 1, 1, 1, 1, 1, 1, 1, 1, 1, 1, 1, 1, 1, 1, 1, 1, 1, 1]",17713.0,14900.0,579.0,0,1,1.0,3750.0,1.1887919463087249,97088.0,0.2856783282159862,0.6154742159583763,0.3883962348649466,Decline,164.0,0,7.0,25.0,9.0,180.0,1.0,23.0,0.0,12.0,0.0,1.0,0.0,120.0,1.0,0.0,1.0,3.0,0.0,0.0,8.0,100.0,14.0,0.0,3.0,131.0,1.0,1.0,21.0,0.0,1.0,3.0,-0.09331006418892002,-0.18920492071603767,-0.1766968871060351,-0.2679280215006448,0.22104746807346873,-0.08813657991152038,-0.0882551120007139,0.16898341204685105,-0.13664116069610954,0.041781171001579714,0.31726334943275103,-0.03114305560493474,0.14740821351253497,0.03786678728154346,0.3858805028330724,-0.1769148916433367,0.058713379170451635,0.005844930426972595,0.21229951852229634,-0.10772340600119266,-0.015913935680823343,-0.06407911841772129,-0.031869433385888345,-0.06725758467036477,-0.01720820228607994,-0.07981889261212467,0.10354191472936843,-0.02528638501619581,0.2495240819192867,0.005617409643594694,-0.021987076259449127,0.19250785953917285,-0.01257544680360656
8534929,2025-01-01 05:30:52+00:00,1,"['fltgrossmonthly__income_sum', 'rev326__tu', 'g407s__tu', 'co01s__tu', 'linkt001__tu']","['ENG-loan_to_value', 'g232s__tu', 'br109s__tu', 'in21s__tu', 'linka006__tu']","[1, 1, 1, 1, 1, 1, 1, 1, 1, 1, 1, 1, 1, 1, 1, 1, 1, 1, 1, 1, 1, 1, 1, 1, 1]","[1, 1, 1]",47235.0,27700.0,1187.0,0,1,1.0,7304.0,1.7052346570397112,64771.0,0.20889081576121454,0.7067715717469841,0.41915634906557503,Decline,61.0,1,2452.0,53.0,1.0,252.0,1.0,3.0,2.0,12.0,3.0,2.0,0.0,53.0,0.0,0.0,0.0,26.0,1.0,0.0,0.0,100.0,10.0,0.0,0.0,27.0,999.0,0.0,5.0,0.0,1.0,18.0,0.3303293790064903,0.033099809731701964,0.10035386170314806,-0.041515013036585294,0.04097619351425082,0.42054655071960684,-0.0882551120007139,-0.09024169234603532,0.14246534705327502,-0.41780855212669693,0.31726334943275103,0.19406097154440893,0.011519414019293055,0.03786678728154346,0.07115391723174808,0.06970520921885669,0.058713379170451635,0.1104556316405929,-0.11857182263499148,0.22712633194820106,-0.015913935680823343,0.019263520896334846,-0.031869433385888345,-0.06725758467036477,-0.01720820228607994,0.07953789465473228,-0.03870947070341893,0.14394674830626408,-0.04861627180127161,-0.08335890504326564,-0.021987076259449127,0.19250785953917285,-0.01257544680360656
8438307,2024-12-03 03:35:45+00:00,0,"['int_n_months_open__tu_pmthx', 'miles_odometer__app', 'co01s__tu', 'per235__tu', 'cv15__tu']","['ENG-loan_to_value', 'au20s__tu', 'balmag01__tu', 'rtl_trd__tu', 'linkt003__tu']",,"[1, 1, 1, 1, 1, 0, 0, 0, 0, 1, 0, 1, 1, 0, 0, 0, 1, 0, 0, 0, 0, 0, 0, 1, 1, 0, 0, 0, 0, 0, 1, 1, 0, 0, 0, 0, 0, 0]",21890.0,16775.0,439.0,0,1,0.24156545209176788,5000.0,1.3049180327868852,32000.0,0.30389067291387384,0.6356838066052604,0.42672331373195344,Decline,376.0,0,0.0,1.0,3.0,304.0,11.0,38.0,0.0,7.0,0.0,0.0,0.0,1.0,1.0,0.0,5.0,7.0,0.0,0.0,0.0,100.0,9.0,497.0,0.0,1.0,999.0,1.0,2.0,0.0,0.24156545209176788,18.0,-0.09331006418892002,-0.18920492071603767,-0.04993376262551217,0.13886964189649717,-0.115666012319273,0.05343808535863555,-0.0882551120007139,0.30040752540194077,-0.13664116069610954,-0.1034032771581637,-0.008653803370520737,-0.03114305560493474,0.14740821351253497,0.03786678728154346,-0.10500822076779938,-0.1769148916433367,0.058713379170451635,-0.060274266703106295,0.020564533232433003,-0.10772340600119266,-0.015913935680823343,0.019263520896334846,-0.031869433385888345,-0.06725758467036477,0.19170173293364837,0.07953789465473228,-0.03870947070341893,0.14394674830626408,0.2495240819192867,-0.08335890504326564,-0.021987076259449127,0.11821491604874346,-0.01257544680360656
8585262,2025-01-22 09:30:46+00:00,1,"['rtl_trd__tu', 'rev326__tu', 'au20s__tu', 'per235__tu', 'fltgrossmonthly__income_sum']","['g407s__tu', 'co01s__tu', 'g232s__tu', 'balmag01__tu', 'g002s__tu']","[1, 1, 1, 1, 1, 1, 1, 1, 1, 1, 1, 1, 1, 1, 1, 1, 1, 1, 1, 1, 1, 1, 1, 1, 1, 1, 1, 1, 1, 1, 1, 1, 1, 1, 1, 0, 1, 1, 1, 1, 1, 1]","[1, 1, 1]",17272.0,15150.0,395.0,0,1,1.0,7166.0,1.14006600660066,51000.0,0.2538646272160076,0.6154742159583763,0.4435981086409555,Decline,348.0,1,599.0,107.0,2.0,374.0,3.0,3.0,6.0,8.0,1.0,4.0,0.0,1.0,0.0,2.0,10.0,18.0,0.9601328903654485,2.0,0.0,100.0,34.0,12306.0,9.0,1.0,2.0,0.0,3.0,3.0,1.0,18.0,0.3303293790064903,0.34454722637988666,-0.018806864018595396,0.021624315630355516,-0.115666012319273,0.1215463073269011,-0.0882551120007139,-0.09024169234603532,0.5169626501490205,0.041781171001579714,-0.008653803370520737,0.09589342920214582,-0.1350249190907034,0.03786678728154346,-0.10500822076779938,0.06970520921885669,-0.10294473825256342,-0.1904138962100055,-0.11857182263499148,0.22712633194820106,-0.015913935680823343,0.019263520896334846,-0.031869433385888345,-0.06725758467036477,0.19170173293364837,-0.10351188077213397,-0.03870947070341893,-0.02528638501619581,-0.04861627180127161,-0.08335890504326564,0.1555126911470646,0.19250785953917285,-0.01257544680360656
8427565,2024-11-27 21:44:41+00:00,1,"['fltgrossmonthly__income_sum', 'rev326__tu', 'au20s__tu', 'linkt001__tu', 'trv13__tu']","['rp01s__tu', 'miles_odometer__app', 'co01s__tu', 'ENG-loan_to_value', 'g232s__tu']","[1, 1, 1, 1, 1, 1, 1, 1, 1]","[1, 1, 1, 1, 1, 1, 1, 1, 1, 1, 1]",14941.0,9525.0,526.0,0,1,1.0,11742.160000000047,1.5686089238845145,97000.0,0.30693530047771206,0.6637057085458945,0.44999764819016375,Decline,443.0,0,679.0,128.0,1.0,350.0,1.0,11.0,1.0,12.0,10.0,3.0,1.0,1.0,0.0,0.0,5.0,17.0,1.0,0.0,0.0,100.0,3.0,0.0,7.0,1.0,63.0,2.0,13.0,0.0,1.0,2.0,0.3303293790064903,0.34454722637988666,0.10035386170314806,-0.2679280215006448,-0.115666012319273,0.42054655071960684,-0.0882551120007139,-0.09024169234603532,-0.003177477004452432,-0.11900476184721898,0.31726334943275103,0.19406097154440893,-0.1312885948550934,-0.22875708311654333,-0.10500822076779938,0.06970520921885669,0.058713379170451635,-0.060274266703106295,-0.11857182263499148,0.22712633194820106,-0.015913935680823343,0.019263520896334846,-0.031869433385888345,0.06369334380641194,-0.01720820228607994,-0.10351188077213397,-0.03870947070341893,0.14394674830626408,0.2495240819192867,-0.08335890504326564,-0.021987076259449127,0.19250785953917285,-0.01257544680360656
8425502,2024-11-26 20:58:56+00:00,1,"['linkf098__tu', 'miles_odometer__app', 'rtl_trd__tu', 'trv10__tu', 'fltgrossmonthly__income_sum']","['linkt001__tu', 'g232s__tu', 'au20s__tu', 'balmag01__tu', 'g002s__tu']",,"[1, 1, 1, 1, 1, 1]",34401.0,29475.0,785.0,0,1,1.0,5583.0,1.1671246819338423,28000.0,0.33275483476183726,0.6154742159583763,0.4523994723775232,Decline,82.0,0,36.0,7.0,6.0,344.0,11.0,6.0,2.0,12.0,1.0,2.0,0.0,7.0,0.0,1.0,2.0,21.0,0.0,6.0,0.0,100.0,13.0,0.0,1.0,1.0,0.0,0.0,3.0,0.0,1.0,1.0,-0.09331006418892002,-0.18920492071603767,-0.14652199065887564,0.13886964189649717,-0.115666012319273,0.1215463073269011,-0.0882551120007139,-0.09024169234603532,0.14246534705327502,0.041781171001579714,0.31726334943275103,0.09589342920214582,0.011519414019293055,0.03786678728154346,-0.10500822076779938,0.06970520921885669,-0.10294473825256342,-0.060274266703106295,-0.11857182263499148,-0.10772340600119266,0.2789036945977446,0.019263520896334846,-0.031869433385888345,-0.06725758467036477,-0.01720820228607994,-0.03838335303415237,-0.03870947070341893,-0.15167903806065022,-0.04861627180127161,-0.08335890504326564,-0.021987076259449127,0.19250785953917285,-0.01257544680360656
8484715,2024-12-14 00:21:54+00:00,1,"['fltgrossmonthly__income_sum', 'au20s__tu', 'g002s__tu', 'flt_wtd_avg_closed__tu_pmthx', 'rp01s__tu']","['ENG-loan_to_value', 'miles_odometer__app', 'balmag01__tu', 'br109s__tu', 'cv15__tu']","[1, 1, 1, 1, 1, 1, 1, 1, 1, 1, 1, 1, 1, 1, 1, 1, 1, 1, 1, 1, 1, 0]","[1, 1, 1, 1, 1]",24606.0,16550.0,646.0,0,1,1.0,7917.0,1.4867673716012084,82000.0,0.3174067001418817,0.6536030123642623,0.45826636924533654,Decline,232.0,0,120.0,124.0,3.0,392.0,1.0,5.0,1.0,5.0,0.0,5.0,0.0,1.0,0.0,0.0,2.0,12.0,0.9130434782608695,0.0,0.0,100.0,16.0,0.0,2.0,1.0,6.0,0.0,7.0,0.0,1.0,6.0,0.03536532950450431,0.34454722637988666,-0.04993376262551217,-0.1480339008089022,-0.115666012319273,0.42054655071960684,-0.0882551120007139,-0.09024169234603532,-0.003177477004452432,-0.11900476184721898,-0.11478435367028723,-0.03114305560493474,-0.1350249190907034,0.03786678728154346,-0.10500822076779938,0.06970520921885669,0.058713379170451635,-0.060274266703106295,0.010140983831605175,0.22712633194820106,-0.015913935680823343,0.019263520896334846,-0.031869433385888345,-0.06725758467036477,-0.01720820228607994,-0.044196768556027305,-0.03870947070341893,0.10569468094821943,-0.04861627180127161,-0.08335890504326564,-0.021987076259449127,0.19250785953917285,-0.01257544680360656
8476723,2024-12-11 00:35:47+00:00,1,"['au20s__tu', 'ENG-loan_to_value', 'jt20s__tu', 'rtl_trd__tu', 'g002s__tu']","['g407s__tu', 'cv15__tu', 'co01s__tu', 'g232s__tu', 'linkt003__tu']","[1, 1, 1, 1, 1, 0, 0, 0, 0, 0, 0, 0, 0, 0, 0, 0, 0, 0, 0, 0, 0, 0, 0, 0, 0, 0, 0, 0, 0, 0, 0, 0, 0, 0, 0, 0, 0, 0, 0, 0, 0, 0]","[1, 1, 1, 1]",21399.0,20775.0,578.0,0,1,1.0,4782.0,1.0300361010830326,74000.0,0.3450156378859907,0.6052616798997871,0.46128550778428096,Decline,257.0,0,0.0,164.0,4.0,386.0,2.0,4.0,2.0,4.0,0.0,6.0,0.0,164.0,2.0,0.0,7.0,26.0,0.016611295681063124,0.0,1.0,100.0,36.0,0.0,5.0,1.0,2.0,0.0,5.0,0.0,1.0,2.0,-0.09331006418892002,0.5922503391999676,-0.08445504272173737,-0.10497479844572186,-0.115666012319273,0.042980995456956494,-0.0882551120007139,-0.09024169234603532,0.14246534705327502,0.21535953634601085,-0.11478435367028723,-0.03114305560493474,-0.2782711354419625,0.03786678728154346,0.566822986834768,-0.23292531881912387,0.058713379170451635,-0.1904138962100055,-0.11857182263499148,-0.10772340600119266,-0.015913935680823343,-0.06407911841772129,-0.031869433385888345,-0.06725758467036477,-0.01720820228607994,-0.10351188077213397,-0.03870947070341893,-0.02528638501619581,-0.04861627180127161,-0.08335890504326564,-0.021987076259449127,0.19250785953917285,-0.01257544680360656
8617408,2025-02-04 01:37:59+00:00,1,"['g232s__tu', 'linkt001__tu', 'fi36s__tu', 'g002s__tu', 'rp01s__tu']","['au20s__tu', 'balmag01__tu', 'rtl_trd__tu', 'linkt003__tu', 'br109s__tu']",,[],20416.0,17550.0,600.0,0,1,0.0,3666.0,1.1633048433048434,73000.0,0.34306908359243565,0.6154742159583763,0.4664222911061313,Decline,127.0,0,0.0,3.0,1.0,600.0,11.0,0.0,0.0,0.0,0.0,2.0,0.0,3.0,1.0,0.0,2.0,3.0,0.0,0.0,0.0,100.0,3.0,0.0,1.0,1.0,58.0,0.0,3.0,0.0,0.0,3.0,-0.09331006418892002,-0.18920492071603767,0.10035386170314806,-0.041515013036585294,-0.115666012319273,-0.08813657991152038,-0.0882551120007139,-0.09024169234603532,-0.13664116069610954,0.041781171001579714,-0.11478435367028723,-0.03114305560493474,0.011519414019293055,0.03786678728154346,-0.10500822076779938,-0.1769148916433367,0.058713379170451635,-0.060274266703106295,0.21229951852229634,-0.10772340600119266,-0.015913935680823343,0.019263520896334846,-0.031869433385888345,0.06369334380641194,-0.01720820228607994,-0.03838335303415237,-0.03870947070341893,0.14394674830626408,-0.04861627180127161,-0.08335890504326564,-0.021987076259449127,-0.09517110639155442,-0.01257544680360656
8606383,2025-01-30 07:38:00+00:00,1,"['rev326__tu', 'balmag01__tu', 'fi36s__tu', 'g002s__tu', 'rp01s__tu']","['ENG-loan_to_value', 'au20s__tu', 'linkt001__tu', 'br109s__tu', 'co01s__tu']",,"[1, 1, 1, 1, 1, 1, 1, 1, 1, 1, 1, 1, 0, 0, 1, 1, 1, 1, 0]",16618.0,12700.0,569.0,0,1,0.7578947368421053,4508.0,1.308503937007874,70000.0,0.264861008161312,0.6356838066052604,0.4780098066200047,Decline,112.0,1,500.0,21.0,4.0,176.0,11.0,19.0,1.0,7.0,0.0,2.0,0.0,1.0,0.0,0.0,1.0,8.0,0.0,0.0,1.0,100.0,7.0,0.0,1.0,1.0,999.0,1.0,21.0,0.0,0.7578947368421053,1.0,0.3303293790064903,-0.18920492071603767,-0.08445504272173737,-0.041515013036585294,0.22104746807346873,0.042980995456956494,-0.0882551120007139,0.009386984627154335,-0.003177477004452432,-0.1034032771581637,-0.008653803370520737,-0.03114305560493474,0.011519414019293055,0.03786678728154346,-0.10500822076779938,0.06970520921885669,0.058713379170451635,0.005844930426972595,0.010140983831605175,-0.10772340600119266,-0.015913935680823343,-0.06407911841772129,-0.031869433385888345,-0.06725758467036477,-0.01720820228607994,-0.03838335303415237,-0.03870947070341893,0.14394674830626408,0.2495240819192867,0.005617409643594694,-0.021987076259449127,0.11821491604874346,-0.01257544680360656
8617055,2025-02-04 00:27:10+00:00,1,"['rtl_trd__tu', 'rev326__tu', 'au20s__tu', 'st20s__tu', 'aut252__tu']","['co01s__tu', 'linkt001__tu', 'g232s__tu', 'ENG-loan_to_value', 'balmag01__tu']","[1, 1, 1, 1, 1, 1, 0, 0, 1, 1, 1, 1, 1, 1, 0, 1, 1, 1, 1, 1]",[],18862.0,14850.0,458.0,0,1,0.8571428571428571,4890.0,1.27016835016835,68000.0,0.2707113945255533,0.6356838066052604,0.48856833342633665,Decline,299.0,1,1132.0,125.0,6.0,306.0,1.0,0.0,9.0,11.0,1.0,3.0,0.0,1.0,0.0,4.0,5.0,26.0,0.8571428571428571,0.0,2.0,100.0,19.0,0.0,5.0,217.0,7.0,0.0,2.0,4106.0,0.0,4.0,0.3303293790064903,0.34454722637988666,-0.14652199065887564,-0.041515013036585294,-0.115666012319273,0.05343808535863555,-0.0882551120007139,-0.09024169234603532,0.5169626501490205,-0.1034032771581637,0.20206341135887976,0.09589342920214582,-0.1312885948550934,0.03786678728154346,-0.10500822076779938,0.06970520921885669,-0.10294473825256342,-0.060274266703106295,-0.11857182263499148,0.22712633194820106,-0.015913935680823343,-0.06407911841772129,-0.031869433385888345,-0.06725758467036477,-0.01720820228607994,-0.10351188077213397,0.2865005910986188,0.10569468094821943,-0.04861627180127161,-0.08335890504326564,0.24031466002796428,-0.09517110639155442,-0.01257544680360656
8438104,2024-12-03 02:50:44+00:00,1,"['balmag01__tu', 'int_n_months_open__tu_pmthx', 'linka006__tu', 'co01s__tu', 'jt20s__tu']","['rp01s__tu', 'ENG-loan_to_value', 'miles_odometer__app', 'rtl_trd__tu', 'br109s__tu']",,"[1, 1, 1, 1, 1, 0, 0, 1, 1, 1, 1, 1, 1, 1, 1, 1, 1, 1, 1, 1, 1, 1, 1, 1, 1, 1, 1, 1, 1, 1, 1, 1, 1, 1, 1, 1, 1, 1, 1]",14914.0,9875.0,486.0,0,1,0.9833333333333333,2667.0,1.5102784810126582,85500.0,0.2602788617568512,0.6637057085458945,0.4904469997866007,Decline,113.0,1,0.0,41.0,1.0,142.0,11.0,39.0,0.0,10.0,0.0,2.0,1.0,100.0,0.0,0.0,2.0,9.0,0.0,0.0,0.0,100.0,1.0,0.0,0.0,1.0,34.0,1.0,41.0,0.0,0.9833333333333333,1.0,-0.09331006418892002,-0.10631982308481627,0.10035386170314806,-0.1480339008089022,0.3079638557493251,-0.11205834465656199,-0.0882551120007139,0.30040752540194077,-0.13664116069610954,-0.11900476184721898,0.20206341135887976,-0.03114305560493474,0.011519414019293055,-0.22875708311654333,0.2541763056483385,0.06970520921885669,0.058713379170451635,-0.060274266703106295,0.010140983831605175,-0.10772340600119266,-0.015913935680823343,0.019263520896334846,-0.031869433385888345,0.16263034302206456,-0.01720820228607994,0.07953789465473228,-0.03870947070341893,0.14394674830626408,0.2495240819192867,0.07695469362916456,-0.021987076259449127,0.19250785953917285,-0.01257544680360656
8533551,2025-01-01 04:02:45+00:00,1,"['fltgrossmonthly__income_sum', 'rev326__tu', 'au20s__tu', 'miles_odometer__app', 'per235__tu']","['linkt001__tu', 'co01s__tu', 'ENG-loan_to_value', 'g232s__tu', 'linkt003__tu']","[1, 1, 1, 1, 1, 1, 1, 1, 0, 0, 0, 0, 0, 0, 0, 0, 0, 0, 0, 0, 0, 0, 0, 0, 0, 0, 0, 0, 0, 0, 0, 0, 0, 0, 0, 0, 0, 0, 0, 0, 0, 0, 0, 0, 0, 0, 0, 0, 0, 0, 0, 0, 0, 0, 0, 0, 0]",[1],25902.32,17875.0,444.0,0,1,1.0,8332.0,1.4490808391608392,27000.0,0.2788869899064451,0.6536030123642623,0.5175114109956587,Decline,152.0,1,991.0,90.0,8.0,281.0,1.0,1.0,0.0,6.0,0.0,5.0,0.0,78.0,2.0,0.0,2.0,23.0,0.021778584392014518,0.0,0.0,91.0,3.0,553.0,4.0,111.0,999.0,0.0,2.0,1712.0,1.0,1.0,0.3303293790064903,0.23248092831857015,-0.1766968871060351,0.13886964189649717,-0.0821067315682433,0.42054655071960684,-0.0882551120007139,-0.09024169234603532,-0.13664116069610954,-0.11900476184721898,-0.008653803370520737,-0.03114305560493474,-0.1350249190907034,0.03786678728154346,0.08627948092271391,-0.23292531881912387,0.058713379170451635,-0.060274266703106295,-0.11857182263499148,-0.10772340600119266,-0.015913935680823343,0.019263520896334846,0.2637365348807015,0.06369334380641194,0.19170173293364837,-0.10351188077213397,-0.03870947070341893,0.14394674830626408,-0.04861627180127161,-0.08335890504326564,0.24031466002796428,0.19250785953917285,-0.01257544680360656
8520491,2024-12-26 20:22:16+00:00,1,"['miles_odometer__app', 'co01s__tu', 'linka006__tu', 'fi36s__tu', 'g002s__tu']","['ENG-loan_to_value', 'au20s__tu', 'balmag01__tu', 'rtl_trd__tu', 'linkt003__tu']",,"[1, 1, 1, 1]",30188.0,23025.0,900.0,0,1,1.0,4300.0,1.3110966340933767,9700.0,0.32355168401742457,0.6453188404962024,0.5927828626230742,Decline,386.0,1,0.0,5.0,2.0,368.0,11.0,4.0,0.0,5.0,0.0,2.0,0.0,1.0,1.0,0.0,2.0,8.0,0.0,0.0,0.0,100.0,2.0,0.0,0.0,1.0,999.0,0.0,5.0,0.0,1.0,18.0,-0.09331006418892002,-0.18920492071603767,-0.018806864018595396,0.32412879260268035,-0.115666012319273,0.042980995456956494,-0.0882551120007139,-0.09024169234603532,-0.13664116069610954,-0.1034032771581637,-0.11478435367028723,-0.03114305560493474,0.011519414019293055,0.03786678728154346,-0.10500822076779938,-0.1769148916433367,0.058713379170451635,-0.060274266703106295,0.010140983831605175,-0.10772340600119266,-0.015913935680823343,0.019263520896334846,-0.031869433385888345,0.12769107527841583,-0.01720820228607994,0.07953789465473228,-0.03870947070341893,0.14394674830626408,-0.04861627180127161,-0.08335890504326564,-0.021987076259449127,0.19250785953917285,-0.01257544680360656
8435855,2024-12-01 04:50:36+00:00,1,"['balmag01__tu', 'g232s__tu', 'fi36s__tu', 'aut252__tu', 'g002s__tu']","['ENG-loan_to_value', 'au20s__tu', 'rtl_trd__tu', 'linkt003__tu', 'br109s__tu']",,"[1, 1, 1, 1, 1, 1, 1, 1, 1, 1, 1]",19769.0,11500.0,461.0,0,1,1.0,4375.0,1.7190434782608697,61403.0,0.38888639167089745,0.7067715717469841,0.607141152261557,Decline,334.0,0,0.0,12.0,3.0,208.0,1.0,11.0,0.0,9.0,0.0,2.0,0.0,12.0,1.0,0.0,1.0,6.0,0.0,0.0,1.0,100.0,6.0,0.0,1.0,1.0,999.0,1.0,12.0,200.0,1.0,18.0,-0.09331006418892002,-0.18920492071603767,-0.04993376262551217,-0.026562264122875795,0.22104746807346873,0.042980995456956494,-0.0882551120007139,-0.09024169234603532,-0.13664116069610954,-0.41780855212669693,-0.008653803370520737,-0.03114305560493474,0.011519414019293055,0.03786678728154346,-0.10500822076779938,-0.1769148916433367,0.058713379170451635,0.005844930426972595,0.11093565458187296,-0.10772340600119266,-0.015913935680823343,-0.06407911841772129,-0.031869433385888345,0.008716344988479816,-0.01720820228607994,-0.03838335303415237,-0.03870947070341893,0.14394674830626408,0.2495240819192867,-0.08335890504326564,0.24031466002796428,0.19250785953917285,-0.01257544680360656
8487413,2024-12-14 22:55:57+00:00,1,"['balmag01__tu', 'rtl_trd__tu', 'au20s__tu', 'br109s__tu', 'co01s__tu']","['ENG-loan_to_value', 'g232s__tu', 'cv15__tu', 'g002s__tu', 'miles_odometer__app']",[],"[1, 1, 1, 1, 1, 1, 1, 1, 1, 1, 1, 1, 1, 1, 1, 1, 1]",29133.0,15875.0,787.0,0,1,1.0,5554.0,1.8351496062992125,74000.0,0.40292159283741236,0.7067715717469841,0.629053331219138,Decline,294.0,0,72.0,117.0,4.0,42.0,0.0,17.0,6.0,12.0,1.0,6.0,0.0,63.0,0.0,2.0,1.0,34.0,0.0,0.0,0.0,100.0,8.0,0.0,0.0,1.0,2.0,1.0,19.0,0.0,1.0,18.0,0.03536532950450431,0.34454722637988666,-0.08445504272173737,-0.10497479844572186,0.3920629027413897,0.1215463073269011,0.2314914514296855,0.009386984627154335,0.5169626501490205,-1.2651064125139004,0.31726334943275103,0.09589342920214582,-0.2782711354419625,0.03786678728154346,0.08627948092271391,0.06970520921885669,-0.10294473825256342,0.005844930426972595,-0.2883839414548278,-0.10772340600119266,-0.015913935680823343,0.019263520896334846,-0.031869433385888345,-0.06725758467036477,-0.01720820228607994,0.07953789465473228,-0.03870947070341893,-0.02528638501619581,0.2495240819192867,0.005617409643594694,-0.021987076259449127,0.19250785953917285,-0.01257544680360656
8505796,2024-12-18 09:13:45+00:00,1,"['balmag01__tu', 'br109s__tu', 'co01s__tu', 'rev326__tu', 'int_n_months_open__tu_pmthx']","['ENG-loan_to_value', 'miles_odometer__app', 'au20s__tu', 'rtl_trd__tu', 'in21s__tu']",,"[1, 1, 1, 1, 1, 1, 1, 1, 1, 1, 1, 1, 1, 1, 1, 1, 1, 1, 1, 1, 1, 1, 1, 1, 1]",20008.0,9850.0,620.0,0,1,1.0,4649.0,2.0312690355329948,95000.0,0.4551808492289354,0.7067715717469841,0.7106420569278341,Decline,39.0,0,240.0,26.0,3.0,112.0,0.0,25.0,0.0,12.0,1.0,3.0,0.0,26.0,0.0,0.0,4.0,11.0,0.0,0.0,0.0,100.0,4.0,0.0,0.0,1.0,999.0,1.0,4.0,0.0,1.0,18.0,0.1402491111383294,-0.18920492071603767,-0.04993376262551217,-0.18396533830432713,0.3079638557493251,0.042980995456956494,0.2314914514296855,0.16898341204685105,-0.13664116069610954,-1.2651064125139004,0.31726334943275103,0.09589342920214582,-0.1312885948550934,0.03786678728154346,-0.10500822076779938,0.06970520921885669,0.058713379170451635,-0.060274266703106295,0.010140983831605175,-0.10772340600119266,-0.015913935680823343,0.019263520896334846,-0.031869433385888345,0.008716344988479816,-0.01720820228607994,0.07953789465473228,-0.03870947070341893,0.14394674830626408,0.2495240819192867,-0.08335890504326564,-0.021987076259449127,0.19250785953917285,-0.01257544680360656
8604624,2025-01-30 01:13:24+00:00,1,"['balmag01__tu', 'trv10__tu', 'fi36s__tu', 'g002s__tu', 'ENG-loan_to_value']","['rp01s__tu', 'miles_odometer__app', 'au20s__tu', 'rtl_trd__tu', 'linkt003__tu']","[1, 1, 1, 0, 0, 0, 0, 0, 0, 0, 0, 0, 0, 0, 0, 0, 0, 0, 0, 0, 0, 0, 0, 0, 0, 0, 0, 0, 0, 0, 0, 0, 0]","[1, 1, 1, 1, 1, 1, 1]",18207.0,15325.0,327.0,0,1,1.0,4252.0,1.188058727569331,96875.0,0.4280781102953448,0.6154742159583763,0.7480153582642779,Decline,35.0,1,0.0,36.0,4.0,118.0,11.0,7.0,0.0,12.0,0.0,4.0,1.0,36.0,1.0,0.0,4.0,11.0,0.0106951871657754,0.0,2.0,100.0,20.0,0.0,1.0,1.0,999.0,1.0,8.0,0.0,1.0,1.0,-0.09331006418892002,-0.18920492071603767,-0.08445504272173737,-0.18396533830432713,0.3079638557493251,0.042980995456956494,-0.0882551120007139,-0.09024169234603532,-0.13664116069610954,0.041781171001579714,0.31726334943275103,-0.03114305560493474,-0.1350249190907034,-0.22875708311654333,-0.10500822076779938,-0.1769148916433367,0.058713379170451635,-0.060274266703106295,0.010140983831605175,-0.10772340600119266,-0.015913935680823343,-0.06407911841772129,-0.031869433385888345,-0.06725758467036477,-0.01720820228607994,-0.03838335303415237,-0.03870947070341893,0.14394674830626408,0.2495240819192867,-0.08335890504326564,-0.021987076259449127,0.19250785953917285,-0.01257544680360656
8616577,2025-02-03 22:40:19+00:00,1,"['rtl_trd__tu', 'rev326__tu', 'br109s__tu', 'linkt001__tu', 'trv13__tu']","['ENG-loan_to_value', 'miles_odometer__app', 'g232s__tu', 'in21s__tu', 'fltgrossmonthly__income_sum']","[1, 1, 1, 1, 1, 1]","[1, 1, 1, 1, 1, 1, 1, 1, 1]",13365.0,7050.0,465.0,0,1,1.0,725.0,1.8957446808510638,100000.0,0.38038735451971134,0.7067715717469841,0.7632780511205167,Decline,218.0,1,959.0,57.0,1.0,236.0,0.0,9.0,6.0,12.0,4.0,2.0,0.0,57.0,0.0,0.0,3.0,14.0,1.0,0.0,0.0,67.0,9.0,82.0,1.0,1.0,2.0,2.0,11.0,466.0,1.0,18.0,0.3303293790064903,0.033099809731701964,0.10035386170314806,-0.2679280215006448,0.04097619351425082,-0.11205834465656199,0.2314914514296855,-0.09024169234603532,0.5169626501490205,-1.2651064125139004,0.31726334943275103,0.19406097154440893,0.011519414019293055,0.03786678728154346,0.08627948092271391,0.06970520921885669,0.058713379170451635,-0.060274266703106295,-0.11857182263499148,0.22712633194820106,-0.015913935680823343,0.019263520896334846,0.2637365348807015,-0.06725758467036477,0.19170173293364837,-0.03838335303415237,-0.03870947070341893,-0.02528638501619581,0.2495240819192867,-0.08335890504326564,0.24031466002796428,0.19250785953917285,-0.01257544680360656
