feature,dtype,propna,min,max,range,std,mean,median,mode,n_unique,prop_unique,prop_negative,prop_min,prop_max,prop_zero
uniqueid__app_x,object,0.0,,,,,,,0__0__20221001,12370,0.1737628004326511,,,,
agg122__tu,float64,0.0,-6.0,936401.0,936407.0,30060.472361191125,14794.886555507172,2748.0,-2.0,27858,0.3913245023809858,0.3050752222955794,0.005815505204455744,1.4047114020424503e-05,0.02673165798086783
agg211__tu,float64,0.0,-6.0,698211.0,698217.0,26561.148158728036,14581.42527637697,2200.0,-2.0,25052,0.3519083004396747,0.3720518619449634,0.005815505204455744,1.4047114020424503e-05,0.0003792720785514616
agg210__tu,float64,0.0,-6.0,698211.0,698217.0,26811.766695996597,14677.639902232086,2300.0,-2.0,25138,0.3531163522454312,0.36783772773883605,0.005815505204455744,1.4047114020424503e-05,0.0003792720785514616
agg209__tu,float64,0.0,-6.0,698211.0,698217.0,26907.965619814055,14735.986346205173,2400.0,-2.0,25198,0.35395917908665664,0.3647895039964039,0.005815505204455744,1.4047114020424503e-05,0.0003792720785514616
agg208__tu,float64,0.0,-6.0,698211.0,698217.0,26903.878248503202,14748.005099102389,2400.0,-2.0,25192,0.3538748964025341,0.3635112166205453,0.005815505204455744,1.4047114020424503e-05,0.0003792720785514616
agg207__tu,float64,0.0,-6.0,698211.0,698217.0,26942.29152222659,14814.807048841816,2500.0,-2.0,25158,0.3533972945258397,0.36021014482574554,0.005815505204455744,1.4047114020424503e-05,0.0003792720785514616
agg206__tu,float64,0.0,-6.0,698211.0,698217.0,27073.7163616395,14915.676930424645,2580.0,-2.0,25386,0.35660003652249644,0.3561786231018837,0.005815505204455744,1.4047114020424503e-05,0.0003792720785514616
agg205__tu,float64,0.0,-6.0,698211.0,698217.0,27118.523400508442,14976.970107741365,2651.0,-2.0,25414,0.35699335571506835,0.35103737937040835,0.005815505204455744,1.4047114020424503e-05,0.0003792720785514616
agg204__tu,float64,0.0,-6.0,698211.0,698217.0,27266.13595545237,15084.663627807668,2706.0,-2.0,25464,0.3576957114160896,0.34689348073438314,0.005815505204455744,1.4047114020424503e-05,0.0003792720785514616
agg203__tu,float64,0.0,-6.0,698211.0,698217.0,27123.520396799424,15088.526120608522,2750.0,-2.0,25396,0.3567405076627007,0.3426512523002149,0.005815505204455744,1.4047114020424503e-05,0.0003792720785514616
agg202__tu,float64,0.0,-6.0,626806.0,626812.0,27517.86517242806,15676.188161092303,3550.0,-2.0,26224,0.36837151807161217,0.3232662349520291,0.005815505204455744,1.4047114020424503e-05,0.0003792720785514616
agg201__tu,float64,0.0,-6.0,643157.0,643163.0,26183.883582165152,14511.951284608576,2442.0,-2.0,24784,0.3481436738822009,0.3236455070305806,0.005815505204455744,1.4047114020424503e-05,0.0003792720785514616
agg124__tu,float64,0.0,-6.0,936785.0,936791.0,29724.352065399038,14521.396030285578,2458.0,-2.0,27421,0.38518591355406034,0.31732430572138953,0.005815505204455744,1.4047114020424503e-05,0.026366433016336795
agg123__tu,float64,0.0,-6.0,937656.0,937662.0,30042.210045934415,14703.153464720674,2600.0,-2.0,27832,0.3909592774164548,0.31093286884209637,0.005815505204455744,1.4047114020424503e-05,0.026225961876132547
agg121__tu,float64,0.0,-6.0,936582.0,936588.0,30069.094987104523,14915.283049347512,2895.0,-2.0,27977,0.39299610894941633,0.29979350742389976,0.005815505204455744,1.4047114020424503e-05,0.026942364691174198
agg213__tu,float64,0.0,-6.0,698211.0,698217.0,26429.37601561991,14394.109778196069,2000.0,-2.0,24934,0.3502507409852646,0.3795670679458905,0.005815505204455744,1.4047114020424503e-05,0.0003792720785514616
agg120__tu,float64,0.0,-6.0,936717.0,936723.0,30318.077733511825,15075.0272514012,2974.0,-2.0,28095,0.39465366840382643,0.295663655901895,0.005815505204455744,1.4047114020424503e-05,0.02760257905013415
agg119__tu,float64,0.0,-6.0,938676.0,938682.0,30449.001834272505,15241.993088819901,3144.0,-2.0,28287,0.3973507142957479,0.28871033446178485,0.005815505204455744,1.4047114020424503e-05,0.02844540589135962
agg118__tu,float64,0.0,-6.0,939063.0,939069.0,30467.50984293256,15374.98414080827,3250.0,-2.0,28467,0.39987919481942436,0.2838359858966975,0.005815505204455744,1.4047114020424503e-05,0.029232044276503392
agg117__tu,float64,0.0,-6.0,910067.0,910073.0,30575.935185942493,15524.069519167288,3429.0,-2.0,28496,0.4002865611260167,0.27830142297265026,0.005815505204455744,1.4047114020424503e-05,0.029920352863504193
agg116__tu,float64,0.0,-6.0,910431.0,910437.0,30638.704271184473,15624.609855455197,3537.0,-2.0,28703,0.40319431372824455,0.2720645043475818,0.005815505204455744,1.4047114020424503e-05,0.0304962845383416
agg115__tu,float64,0.0,-6.0,698211.0,698217.0,30618.832139235827,15766.190057452697,3708.0,-2.0,28836,0.405062579892961,0.26586972706457457,0.005815505204455744,1.4047114020424503e-05,0.030735085476688816
agg114__tu,float64,0.0,-6.0,698211.0,698217.0,30716.496716891987,15836.619772717695,3787.0,-2.0,28950,0.40666395089128937,0.2616836870864881,0.005815505204455744,1.4047114020424503e-05,0.03195718439646575
agg113__tu,float64,0.0,-6.0,698211.0,698217.0,30810.587560597934,15963.916082540842,3897.0,-2.0,29108,0.40888339490651643,0.2576802595906671,0.005815505204455744,1.4047114020424503e-05,0.032224079562853815
agg112__tu,float64,0.0,-6.0,698211.0,698217.0,30828.0864938763,16043.663515430755,4009.0,-2.0,29267,0.41111688603576396,0.2533958898144376,0.005815505204455744,1.4047114020424503e-05,0.0333057073424265
agg111__tu,float64,0.0,-6.0,904012.0,904018.0,31041.413139939108,16192.037814830943,4107.0,-2.0,29372,0.4125918330079085,0.24852154124935033,0.005815505204455744,1.4047114020424503e-05,0.03343213136861032
agg110__tu,float64,0.0,-6.0,904408.0,904414.0,31296.950056094873,16315.958237930017,4213.0,-2.0,29560,0.41523269044374833,0.24287460141313966,0.005815505204455744,1.4047114020424503e-05,0.034541853376223855
agg109__tu,float64,0.0,-6.0,904512.0,904518.0,31353.680000611985,16386.241526078466,4355.0,-2.0,29522,0.4146989001109722,0.23906783351360464,0.005815505204455744,1.4047114020424503e-05,0.03412043995561112
agg108__tu,float64,0.0,-6.0,876269.0,876275.0,31328.880930280033,16413.98550337833,4362.0,-2.0,29618,0.41604742305693293,0.23653935298992823,0.005815505204455744,1.4047114020424503e-05,0.03510373793704084
agg212__tu,float64,0.0,-6.0,698211.0,698217.0,26407.837911313698,14474.841801401903,2100.0,-2.0,25104,0.35263875036873676,0.3757041115902738,0.005815505204455744,1.4047114020424503e-05,0.0003792720785514616
agg214__tu,float64,0.0,-6.0,698211.0,698217.0,26378.812645549242,14306.396465746113,1992.0,-2.0,24767,0.3479048729438537,0.3819129359873014,0.005815505204455744,1.4047114020424503e-05,0.0003792720785514616
rev112__tu,float64,0.0,-6.0,12.0,18.0,4.3316643103325925,1.6443973085729537,0.0,-2.0,16,0.00022475382432679206,0.46970739861495453,0.005815505204455744,0.056708199300453725,0.10355532455856944
agg306__tu,float64,0.0,-6.0,441652.0,441658.0,8890.217433538268,2362.021773026732,0.0,0.0,11068,0.15547345797805842,0.23034457570692102,0.005815505204455744,1.4047114020424503e-05,0.3622329292446867
agg319__tu,float64,0.0,-6.0,389976.0,389982.0,8566.58908497958,1983.046762842574,0.0,0.0,9604,0.13490848305215694,0.29359873014089255,0.005815505204455744,1.4047114020424503e-05,0.39890994395201507
agg318__tu,float64,0.0,-6.0,389976.0,389982.0,8696.564556189636,2026.848052367641,0.0,0.0,9718,0.13650985405048532,0.2888227113739482,0.005815505204455744,1.4047114020424503e-05,0.3989801795221172
agg317__tu,float64,0.0,-6.0,389976.0,389982.0,8674.809831311679,2047.7909929904902,0.0,0.0,9852,0.13839216732922222,0.28327410133588055,0.005815505204455744,1.4047114020424503e-05,0.39837615361923895
agg316__tu,float64,0.0,-6.0,389976.0,389982.0,8683.847053988007,2085.89703465423,0.0,0.0,10024,0.14080827094073523,0.27730407787720013,0.005815505204455744,1.4047114020424503e-05,0.39626908651617526
agg315__tu,float64,0.0,-6.0,389976.0,389982.0,8789.617740166195,2130.381842700417,0.0,0.0,10129,0.1422832179128798,0.2712076303923359,0.005815505204455744,1.4047114020424503e-05,0.3955386365871132
agg314__tu,float64,0.0,-6.0,389976.0,389982.0,8773.591574585755,2146.234671086825,0.0,0.0,10222,0.14358959951677927,0.26704968464229023,0.005815505204455744,1.4047114020424503e-05,0.39264493109890575
agg313__tu,float64,0.0,-6.0,552992.0,552998.0,9066.333480173036,2193.2421862928263,0.0,0.0,10362,0.14555619547963872,0.26299006869038755,0.005815505204455744,1.4047114020424503e-05,0.38795319501608394
agg312__tu,float64,0.0,-6.0,563302.0,563308.0,9188.893131742396,2214.970248212505,0.0,0.0,10477,0.14717161359198752,0.25869165180013765,0.005815505204455744,1.4047114020424503e-05,0.38496115972973355
agg311__tu,float64,0.0,-6.0,570992.0,570998.0,9179.434321627914,2228.0563008329937,0.0,0.0,10505,0.1475649327845594,0.25380325612102994,0.005815505204455744,1.4047114020424503e-05,0.38246077343409796
agg310__tu,float64,0.0,-6.0,435423.0,435429.0,8951.602422550393,2252.447667476717,0.0,0.0,10591,0.14877298459031593,0.24798775091657418,0.005815505204455744,1.4047114020424503e-05,0.37769880178117404
agg309__tu,float64,0.0,-6.0,436994.0,437000.0,8931.495823751078,2268.4274958209835,0.0,0.0,10703,0.15034626136060347,0.24422312435910043,0.005815505204455744,1.4047114020424503e-05,0.3723889926814536
agg308__tu,float64,0.0,-6.0,438513.0,438519.0,8935.792798846369,2301.4720673137704,0.0,0.0,10832,0.15215833906923823,0.24141370155501551,0.005815505204455744,1.4047114020424503e-05,0.3678658219668769
agg307__tu,float64,0.0,-6.0,440082.0,440088.0,8877.334026990287,2318.012768826645,0.0,0.0,10903,0.15315568416468836,0.2360196097711725,0.005815505204455744,1.4047114020424503e-05,0.3637359704448721
agg305__tu,float64,0.0,-6.0,443069.0,443075.0,8861.442552296045,2386.6122434645804,0.0,0.0,11154,0.15668150978381493,0.22562474539605837,0.005815505204455744,1.4047114020424503e-05,0.35523746646251525
agg215__tu,float64,0.0,-6.0,698211.0,698217.0,26219.07476223908,14253.061062804647,1900.0,-2.0,24760,0.3478065431457107,0.3848909241596314,0.005815505204455744,1.4047114020424503e-05,0.0003792720785514616
agg304__tu,float64,0.0,-6.0,444638.0,444644.0,8878.530017985926,2415.780738597255,0.0,0.0,11244,0.15794575004565312,0.22006208824397028,0.005815505204455744,1.4047114020424503e-05,0.348213909452303
agg303__tu,float64,0.0,-6.0,446158.0,446164.0,8762.448932627773,2441.4609419994663,0.0,0.0,11382,0.1598842517804717,0.21379707539086096,0.005815505204455744,1.4047114020424503e-05,0.3421736504235205
agg302__tu,float64,0.0,-6.0,457491.0,457497.0,8503.507861902703,2444.957226537808,0.0,0.0,11442,0.16072707862169716,0.20691398952085294,0.005815505204455744,1.4047114020424503e-05,0.3386337776903735
agg301__tu,float64,0.0,-6.0,375039.0,375045.0,8151.126502788604,2266.3960162384637,0.0,0.0,10859,0.1525376111477897,0.22531570888760905,0.005815505204455744,1.4047114020424503e-05,0.3257525741336442
agg224__tu,float64,0.0,-6.0,663493.0,663499.0,25480.697182021133,13334.21445728975,1000.0,-2.0,23756,0.33370324066920454,0.42183483403334787,0.005815505204455744,1.4047114020424503e-05,0.0003792720785514616
agg223__tu,float64,0.0,-6.0,663493.0,663499.0,25727.47813665933,13477.985419095647,1100.0,-2.0,23897,0.3356838837460844,0.4165812133897091,0.005815505204455744,1.4047114020424503e-05,0.0003792720785514616
agg222__tu,float64,0.0,-6.0,663493.0,663499.0,25708.892082688886,13544.557375437216,1208.0,-2.0,24032,0.3375802441388417,0.4128165868322353,0.005815505204455744,1.4047114020424503e-05,0.0003792720785514616
agg221__tu,float64,0.0,-6.0,663493.0,663499.0,25722.084719840877,13654.956903454186,1321.0,-2.0,24180,0.3396592170138645,0.40816699209147483,0.005815505204455744,1.4047114020424503e-05,0.0003792720785514616
agg220__tu,float64,0.0,-6.0,663493.0,663499.0,25896.680318113045,13753.914481169844,1369.0,-2.0,24258,0.3407548919074576,0.40681846914551406,0.005815505204455744,1.4047114020424503e-05,0.0003792720785514616
agg219__tu,float64,0.0,-6.0,663493.0,663499.0,26091.826007723223,13878.883942743963,1477.0,-2.0,24382,0.34249673404599024,0.4033488319824692,0.005815505204455744,1.4047114020424503e-05,0.0003792720785514616
agg218__tu,float64,0.0,-6.0,663493.0,663499.0,26069.267023327266,13970.89496972847,1515.0,-2.0,24489,0.3439997752461757,0.39913469777634186,0.005815505204455744,1.4047114020424503e-05,0.0003792720785514616
agg217__tu,float64,0.0,-6.0,666993.0,666999.0,26089.45919134837,14076.490693786962,1700.0,-2.0,24635,0.34605065389315764,0.39435867900939753,0.005815505204455744,1.4047114020424503e-05,0.0003792720785514616
agg216__tu,float64,0.0,-6.0,666993.0,666999.0,26104.74997317195,14136.264352638751,1775.0,-2.0,24623,0.34588208852491253,0.38917529393586087,0.005815505204455744,1.4047114020424503e-05,0.0003792720785514616
agg107__tu,float64,0.0,-6.0,876756.0,876762.0,31324.23787280556,16505.45970585343,4521.0,-2.0,29703,0.417241427748669,0.23141215637247328,0.005815505204455744,1.4047114020424503e-05,0.03577799941002121
agg106__tu,float64,0.0,-6.0,905214.0,905220.0,31518.383244358854,16646.210959558357,4613.0,-2.0,29854,0.4193625419657531,0.22596187613254856,0.005815505204455744,1.4047114020424503e-05,0.03593251766424588
agg105__tu,float64,0.0,-6.0,877625.0,877631.0,31676.431379824287,16723.25768025959,4706.0,-2.0,30009,0.4215398446389189,0.22142465830395144,0.005815505204455744,1.4047114020424503e-05,0.03521611484920423
bkc83__tu,float64,0.0,-6.0,999.0,1005.0,220.96730126355456,52.225399991571734,0.0,0.0,28,0.0003933191925718861,0.48890980348087487,0.005815505204455744,0.051637191139080475,0.28585877031563867
ret14__tu,float64,0.0,-6.0,84.0,90.0,3.017573597119558,-0.4960878787453118,-1.0,-1.0,55,0.0007725912711233477,0.7789967551166613,0.005815505204455744,1.4047114020424503e-05,0.10254393234909888
ret13__tu,float64,0.0,-6.0,101.0,107.0,4.012107629292553,-0.1731868687578137,-1.0,-1.0,70,0.0009832979814297152,0.7789967551166613,0.005815505204455744,1.4047114020424503e-05,0.08306058520277008
ret12__tu,float64,0.0,-6.0,140.0,146.0,5.044750659856313,0.21202713902428746,-1.0,-1.0,83,0.0011659104636952337,0.7789967551166613,0.005815505204455744,1.4047114020424503e-05,0.06190563148801079
ret11__tu,float64,0.0,-6.0,164.0,170.0,5.866035537910008,0.5264015508013878,-1.0,-1.0,93,0.001306381603899479,0.7789967551166613,0.005815505204455744,1.4047114020424503e-05,0.0474090098189327
bkc162__tu,float64,0.0,-6.0,12.0,18.0,2.603423817236106,0.11605725603674726,-1.0,-2.0,16,0.00022475382432679206,0.5378780429560747,0.005815505204455744,0.0017418421385326384,0.20858559608928345
bkc152__tu,float64,0.0,-6.0,12.0,18.0,4.31880864317744,1.5064686960064055,-1.0,-2.0,16,0.00022475382432679206,0.5378780429560747,0.005815505204455744,0.036171318602593094,0.08366461110564835
bkc142__tu,float64,0.0,-6.0,12.0,18.0,4.772628476047894,1.9727205045723357,-1.0,-2.0,16,0.00022475382432679206,0.5378780429560747,0.005815505204455744,0.06257989296099116,0.056132267625616315
bkc132__tu,float64,0.0,-6.0,12.0,18.0,5.062011615472656,2.2993299526612256,-1.0,-2.0,16,0.00022475382432679206,0.5378780429560747,0.005815505204455744,0.0870780598126115,0.03839076261782017
bkc122__tu,float64,0.0,-6.0,12.0,18.0,4.98102798573502,2.204329320541095,-1.0,-2.0,16,0.00022475382432679206,0.5378780429560747,0.005815505204455744,0.0948742080939471,0.031198640239362824
bkc112__tu,float64,0.0,-6.0,12.0,18.0,3.5795733274121866,0.7617890404416413,-1.0,-2.0,16,0.00022475382432679206,0.5378780429560747,0.005815505204455744,0.028768489513829383,0.12208346795150936
bkc102__tu,float64,0.0,-6.0,12.0,18.0,3.0428062451463487,0.2994563766874096,-1.0,-2.0,16,0.00022475382432679206,0.5378780429560747,0.005815505204455744,0.018823132787368836,0.17922712778659625
bkc92__tu,float64,0.0,-6.0,12.0,18.0,2.627399695064558,-0.01871075587520544,-1.0,-2.0,16,0.00022475382432679206,0.5378780429560747,0.005815505204455744,0.013499276573627948,0.23219879475761704
bkc84__tu,float64,0.0,-6.0,999.0,1005.0,257.2224674665926,72.11291070249617,0.0,-1.0,28,0.0003933191925718861,0.48890980348087487,0.005815505204455744,0.0714857632499403,0.24963126325696386
bkc82__tu,float64,0.0,-6.0,999.0,1005.0,184.57338310261224,35.97485566590344,0.0,0.0,28,0.0003933191925718861,0.48890980348087487,0.005815505204455744,0.035412774445490174,0.31354563204989533
agg104__tu,float64,0.0,-6.0,878036.0,878042.0,31883.11480855644,16834.845748640942,4749.0,-2.0,30008,0.4215257975248985,0.21655030973886416,0.005815505204455744,1.4047114020424503e-05,0.0361151301465114
bkc81__tu,float64,0.0,-6.0,999.0,1005.0,150.4237533968345,23.780850974167357,0.0,0.0,28,0.0003933191925718861,0.48890980348087487,0.005815505204455744,0.023219879475761703,0.33158212645212043
bkc54__tu,float64,0.0,-6.0,20.0,26.0,2.2329929376086763,0.060585202770090885,-1.0,-2.0,24,0.0003371307364901881,0.5378780429560747,0.005815505204455744,1.4047114020424503e-05,0.07301689867816658
bkc53__tu,float64,0.0,-6.0,23.0,29.0,2.3140387165479215,0.12788492604194468,-1.0,-2.0,26,0.0003652249645310371,0.5378780429560747,0.005815505204455744,1.4047114020424503e-05,0.05194622764752981
bkc52__tu,float64,0.0,-6.0,23.0,29.0,2.368050915958443,0.17910070376041243,-1.0,-2.0,25,0.0003511778505106126,0.5378780429560747,0.005815505204455744,2.8094228040849007e-05,0.03496326679683659
bkc51__tu,float64,0.0,-6.0,24.0,30.0,2.4049395630619306,0.21558105887145487,-1.0,-2.0,27,0.0003792720785514616,0.5378780429560747,0.005815505204455744,1.4047114020424503e-05,0.022910842967312366
bkc14__tu,float64,0.0,-6.0,165.0,171.0,10.796646727527127,4.024020564974926,-1.0,-2.0,125,0.001755889252553063,0.5378780429560747,0.005815505204455744,1.4047114020424503e-05,0.07301689867816658
bkc13__tu,float64,0.0,-6.0,208.0,214.0,13.040309191985454,5.232086417845454,-1.0,-2.0,148,0.0020789728750228264,0.5378780429560747,0.005815505204455744,1.4047114020424503e-05,0.05194622764752981
bkc12__tu,float64,0.0,-6.0,218.0,224.0,14.451846959394636,6.090617932545759,-1.0,-2.0,163,0.002289679585329194,0.5378780429560747,0.005815505204455744,1.4047114020424503e-05,0.03496326679683659
bkc11__tu,float64,0.0,-6.0,220.0,226.0,15.233446739027865,6.6337495961454715,-1.0,-2.0,169,0.002373962269451741,0.5378780429560747,0.005815505204455744,1.4047114020424503e-05,0.022910842967312366
rev162__tu,float64,0.0,-6.0,12.0,18.0,2.4309377557483467,0.06905561252440687,0.0,0.0,16,0.00022475382432679206,0.46970739861495453,0.005815505204455744,0.001418758516062875,0.291660228406074
rev152__tu,float64,0.0,-6.0,12.0,18.0,4.008459350842072,1.3399963477503547,0.0,-2.0,16,0.00022475382432679206,0.46970739861495453,0.005815505204455744,0.026394527244377644,0.1487027490202138
rev142__tu,float64,0.0,-6.0,12.0,18.0,4.504842205168233,1.8729579007992807,0.0,-2.0,16,0.00022475382432679206,0.46970739861495453,0.005815505204455744,0.04849063759850539,0.10768517608057425
rev132__tu,float64,0.0,-6.0,12.0,18.0,4.850826647926155,2.295242242481282,0.0,-2.0,16,0.00022475382432679206,0.46970739861495453,0.005815505204455744,0.07152790459200158,0.07931000575931675
ret51__tu,float64,0.0,-6.0,20.0,26.0,1.3926039010563187,-0.8658641082189664,-1.0,-1.0,18,0.00025284805236764106,0.7789967551166613,0.005815505204455744,1.4047114020424503e-05,0.0474090098189327
ret52__tu,float64,0.0,-6.0,20.0,26.0,1.3282936595735138,-0.8978072455014118,-1.0,-1.0,18,0.00025284805236764106,0.7789967551166613,0.005815505204455744,1.4047114020424503e-05,0.06190563148801079
ret53__tu,float64,0.0,-6.0,18.0,24.0,1.2516076821592272,-0.9381365098540505,-1.0,-1.0,17,0.00023880093834721656,0.7789967551166613,0.005815505204455744,1.4047114020424503e-05,0.08306058520277008
ret54__tu,float64,0.0,-6.0,16.0,22.0,1.1817151959462249,-0.9731138237649075,-1.0,-1.0,15,0.00021070671030636756,0.7789967551166613,0.005815505204455744,1.4047114020424503e-05,0.10254393234909888
agg103__tu,float64,0.0,-6.0,879505.0,879511.0,31829.71258628674,16832.220511595893,4788.0,-2.0,29968,0.42096391296408153,0.21100169970079646,0.005815505204455744,1.4047114020424503e-05,0.03662082625124668
agg102__tu,float64,0.0,-6.0,907999.0,908005.0,31493.7326673725,16695.294511792552,4734.0,-2.0,30011,0.42156793886695976,0.20549523100479006,0.005815505204455744,1.4047114020424503e-05,0.03590442343620503
agg101__tu,float64,0.0,-6.0,641971.0,641977.0,27235.742317308548,13104.127084240543,2253.0,-2.0,26315,0.36964980544747084,0.22530166177358862,0.005815505204455744,1.4047114020424503e-05,0.04301226313053983
rtl_trd__tu,float64,0.0,-6.0,188.0,194.0,2.9107447837119467,1.6940819508631952,1.0,0.0,41,0.0005759316748374046,0.005815505204455744,0.005815505204455744,1.4047114020424503e-05,0.4348143673882201
rev_trd__tu,float64,0.0,-6.0,232.0,238.0,5.0763283502000816,4.1134725870569895,3.0,0.0,64,0.0008990152973071682,0.005815505204455744,0.005815505204455744,1.4047114020424503e-05,0.19414516287628708
nomt_trd__tu,float64,0.0,-6.0,239.0,245.0,11.943447337784287,12.462430993552374,9.0,1.0,123,0.001727795024512214,0.005815505204455744,0.005815505204455744,1.4047114020424503e-05,0.001615418112348818
inst_trd__tu,float64,0.0,-6.0,150.0,156.0,9.283577540644242,7.884869853488601,5.0,1.0,110,0.0015451825422466954,0.005815505204455744,0.005815505204455744,1.4047114020424503e-05,0.07548919074576128
bc_trd__tu,float64,0.0,-6.0,42.0,48.0,3.02126050698751,2.475677422073635,2.0,0.0,36,0.0005056961047352821,0.005815505204455744,0.005815505204455744,1.4047114020424503e-05,0.271938080321398
trd__tu,float64,0.0,0.0,240.0,240.0,12.044216919373369,12.703114245178329,9.0,1.0,125,0.001755889252553063,0.0,0.0061947772830072065,1.4047114020424503e-05,0.0061947772830072065
aggs911__tu,float64,0.0,-9.0,841.0,850.0,48.593498237731744,27.709098315751028,-1.0,-2.0,300,0.004214134206127351,0.6767337650479709,0.01543777830844653,1.4047114020424503e-05,0.01191195268931998
aggs910__tu,float64,0.0,0.0,84945.0,84945.0,1690.4266293128433,565.7137297842145,0.0,0.0,8403,0.11803789911362711,0.0,0.5577687564089958,1.4047114020424503e-05,0.5577687564089958
aggs909__tu,float64,0.0,0.0,56313.0,56313.0,1280.1937068325803,406.9085838267449,0.0,0.0,7232,0.10158872859571001,0.0,0.6025790501341499,1.4047114020424503e-05,0.6025790501341499
aggs908__tu,float64,0.0,-9.0,578.0,587.0,24.801627824663687,9.836477545688238,-1.0,-1.0,306,0.004298416890249898,0.5508013878548652,0.01543777830844653,2.8094228040849007e-05,0.0003792720785514616
aggs907__tu,float64,0.0,0.0,130437.0581983245,130437.0581983245,1963.7961857975727,646.9689194755749,0.0,0.0,9674,0.13589178103358665,0.0,0.5511806599334167,1.4047114020424503e-05,0.5511806599334167
aggs906__tu,float64,0.0,0.0,78133.5,78133.5,1924.3517879965625,540.6527831480602,0.0,0.0,1087,0.015269212940201435,0.0,0.5827304780232901,1.4047114020424503e-05,0.5827304780232901
ret162__tu,float64,0.0,-6.0,12.0,18.0,1.3926339093412523,-0.9586172020958295,-1.0,-1.0,16,0.00022475382432679206,0.7789967551166613,0.005815505204455744,0.0003652249645310371,0.1568360280380396
ret152__tu,float64,0.0,-6.0,12.0,18.0,2.25139058912704,-0.63103850313953,-1.0,-1.0,16,0.00022475382432679206,0.7789967551166613,0.005815505204455744,0.005211479301577491,0.10510050710081614
ret142__tu,float64,0.0,-6.0,12.0,18.0,2.7426531096612194,-0.40121367065136465,-1.0,-1.0,16,0.00022475382432679206,0.7789967551166613,0.005815505204455744,0.011982188259422101,0.08022306817064434
ret132__tu,float64,0.0,-6.0,12.0,18.0,3.1083034890311314,-0.20615544536375002,-1.0,-1.0,16,0.00022475382432679206,0.7789967551166613,0.005815505204455744,0.019174310637879447,0.06217252665439885
ret122__tu,float64,0.0,-6.0,12.0,18.0,4.044551444778695,0.39152116197727177,-1.0,-1.0,16,0.00022475382432679206,0.7789967551166613,0.005815505204455744,0.054573037969349196,0.012080518057565073
ret112__tu,float64,0.0,-6.0,12.0,18.0,3.5486921770648507,0.06033235471772325,-1.0,-1.0,16,0.00022475382432679206,0.7789967551166613,0.005815505204455744,0.03416258129767239,0.034583994718285126
ret102__tu,float64,0.0,-6.0,12.0,18.0,3.1820025189520793,-0.17384708311677366,-1.0,-1.0,16,0.00022475382432679206,0.7789967551166613,0.005815505204455744,0.024413884167497787,0.05666605795839245
ret92__tu,float64,0.0,-6.0,12.0,18.0,2.839712452975519,-0.3722625686552698,-1.0,-1.0,16,0.00022475382432679206,0.7789967551166613,0.005815505204455744,0.01748865695542851,0.07888859233870402
ret84__tu,float64,0.0,-6.0,999.0,1005.0,318.58034242579373,114.83619660340783,-1.0,-1.0,28,0.0003933191925718861,0.7227380634648611,0.005815505204455744,0.11489134557305201,0.04898228658922024
ret83__tu,float64,0.0,-6.0,999.0,1005.0,288.78039137723835,92.07959094803972,-1.0,-1.0,28,0.0003933191925718861,0.7227380634648611,0.005815505204455744,0.09203669106182134,0.0667237915970164
ret82__tu,float64,0.0,-6.0,999.0,1005.0,252.06454258322646,68.45939681692396,-1.0,-1.0,28,0.0003933191925718861,0.7227380634648611,0.005815505204455744,0.06833920970936522,0.08686735310230513
ret81__tu,float64,0.0,-6.0,999.0,1005.0,223.21611848294694,52.86632766298164,-1.0,-1.0,28,0.0003933191925718861,0.7227380634648611,0.005815505204455744,0.05270477180463274,0.10092851423675006
agg320__tu,float64,0.0,-6.0,389976.0,389982.0,8557.28570589573,1948.502015760862,0.0,0.0,9514,0.13364424279031872,0.3005099102389414,0.005815505204455744,1.4047114020424503e-05,0.3982637767070755
agg321__tu,float64,0.0,-6.0,389976.0,389982.0,8439.701327241624,1903.9734088131593,0.0,0.0,9367,0.13157931702931633,0.30452738484878283,0.005815505204455744,1.4047114020424503e-05,0.3989942266361376
agg322__tu,float64,0.0,-6.0,389976.0,389982.0,8482.532398160683,1882.212420458217,0.0,0.0,9284,0.1304134065656211,0.3099214766326258,0.005815505204455744,1.4047114020424503e-05,0.39958420542499545
agg705__tu,float64,0.0,0.0,53910.64317083071,53910.64317083071,1528.1798533688927,341.2596239179543,0.0,0.0,6794,0.09543609265476408,0.0,0.7632077989577042,1.4047114020424503e-05,0.7632077989577042
agg718__tu,float64,0.0,0.0,53910.64317083071,53910.64317083071,1283.3079583611736,220.5111711100058,0.0,0.0,5222,0.07335402941465675,0.0,0.8570565677281603,1.4047114020424503e-05,0.8570565677281603
agg717__tu,float64,0.0,0.0,53910.64317083071,53910.64317083071,1292.4684976016079,225.42286660518016,0.0,0.0,5286,0.07425304471196392,0.0,0.8519996066808074,1.4047114020424503e-05,0.8519996066808074
agg716__tu,float64,0.0,0.0,53910.64317083071,53910.64317083071,1297.6513920307048,232.4329440779404,0.0,0.0,5421,0.07614940510472124,0.0,0.846226242818413,1.4047114020424503e-05,0.846226242818413
agg715__tu,float64,0.0,0.0,53910.64317083071,53910.64317083071,1308.961654830613,239.45112120101456,0.0,0.0,5493,0.0771607973141918,0.0,0.8413378471393053,1.4047114020424503e-05,0.8413378471393053
agg714__tu,float64,0.0,0.0,64551.07222201718,64551.07222201718,1344.4233061513874,247.06534316973318,0.0,0.0,5637,0.07918358173313293,0.0,0.8350587871721755,1.4047114020424503e-05,0.8350587871721755
agg713__tu,float64,0.0,0.0,53910.64317083071,53910.64317083071,1340.50144730361,253.99110862555304,0.0,0.0,5740,0.08063043447723665,0.0,0.8280352301619632,1.4047114020424503e-05,0.8280352301619632
agg712__tu,float64,0.0,0.0,53910.64317083071,53910.64317083071,1339.832434110055,260.1856018114412,0.0,0.0,5896,0.08282178426442287,0.0,0.8226411383781203,1.4047114020424503e-05,0.8226411383781203
agg711__tu,float64,0.0,0.0,53910.64317083071,53910.64317083071,1385.5154866410119,272.25509327251825,0.0,0.0,5985,0.08407197741224065,0.0,0.8149433198949276,1.4047114020424503e-05,0.8149433198949276
agg710__tu,float64,0.0,0.0,55698.0,55698.0,1405.969835895059,282.7473191289734,0.0,0.0,6136,0.08619309162932476,0.0,0.8060795909480397,1.4047114020424503e-05,0.8060795909480397
agg709__tu,float64,0.0,0.0,53910.64317083071,53910.64317083071,1440.6342576725974,293.3525252083657,0.0,0.0,6233,0.08755566168930594,0.0,0.7991262695079296,1.4047114020424503e-05,0.7991262695079296
agg708__tu,float64,0.0,0.0,53910.64317083071,53910.64317083071,1453.8462028535619,303.1441010258508,0.0,0.0,6379,0.08960654033628791,0.0,0.7911194145162876,1.4047114020424503e-05,0.7911194145162876
agg707__tu,float64,0.0,0.0,53910.64317083071,53910.64317083071,1471.8390976403075,314.71148321494576,0.0,0.0,6495,0.09123600556265715,0.0,0.7825647220778491,1.4047114020424503e-05,0.7825647220778491
agg706__tu,float64,0.0,0.0,53910.64317083071,53910.64317083071,1509.5862567051272,328.07265441533474,0.0,0.0,6635,0.09320260152551658,0.0,0.7762716149966989,1.4047114020424503e-05,0.7762716149966989
agg704__tu,float64,0.0,0.0,54161.20950658743,54161.20950658743,1563.2000811699797,358.4478332166593,0.0,0.0,6976,0.09799266740648134,0.0,0.751590835662813,1.4047114020424503e-05,0.751590835662813
agg613__tu,float64,0.0,0.0,97485.0,97485.0,2830.3822024919077,724.8377674561191,0.0,0.0,1721,0.02417508322915057,0.0,0.7079043110592929,1.4047114020424503e-05,0.7079043110592929
agg703__tu,float64,0.0,0.0,54993.91056205483,54993.91056205483,1607.924044636495,376.9437570259475,0.0,0.0,7168,0.10068971329840284,0.0,0.7408166992091475,1.4047114020424503e-05,0.7408166992091475
agg702__tu,float64,0.0,0.0,55827.69164483152,55827.69164483152,1637.749808032284,395.47370446234873,0.0,0.0,7423,0.1042717273736111,0.0,0.7324727134810153,1.4047114020424503e-05,0.7324727134810153
agg701__tu,float64,0.0,0.0,56605.311307524804,56605.311307524804,1619.1862750120897,403.9667344739925,0.0,0.0,7559,0.10618213488038883,0.0,0.7242270575510261,1.4047114020424503e-05,0.7242270575510261
agg624__tu,float64,0.0,0.0,91257.59999999999,91257.59999999999,2727.457790350122,602.5288162009563,0.0,0.0,1537,0.021590414249392464,0.0,0.7640787200269704,1.4047114020424503e-05,0.7640787200269704
agg623__tu,float64,0.0,0.0,93600.0,93600.0,2748.273356068163,615.12238960891,0.0,0.0,1560,0.021913497871862225,0.0,0.7588531936113725,1.4047114020424503e-05,0.7588531936113725
agg622__tu,float64,0.0,0.0,98480.0,98480.0,2793.745998702598,628.5289102759413,0.0,0.0,1571,0.022068016126086894,0.0,0.7542176459846325,1.4047114020424503e-05,0.7542176459846325
agg621__tu,float64,0.0,0.0,93600.0,93600.0,2784.9036393595848,637.1815486250935,0.0,0.0,1618,0.02272823048504685,0.0,0.7494978156737698,1.4047114020424503e-05,0.7494978156737698
agg620__tu,float64,0.0,0.0,92130.59999999999,92130.59999999999,2797.0907391082264,649.5987274202407,0.0,0.0,1613,0.022657994914944725,0.0,0.7450729747573361,1.4047114020424503e-05,0.7450729747573361
agg619__tu,float64,0.0,0.0,92130.59999999999,92130.59999999999,2797.702349307812,655.8335052630123,0.0,0.0,1608,0.0225877593448426,0.0,0.7389905743864923,1.4047114020424503e-05,0.7389905743864923
agg618__tu,float64,0.0,0.0,87700.0,87700.0,2762.1236520404977,662.2328787291817,0.0,0.0,1622,0.022784418941128544,0.0,0.7348326286364466,1.4047114020424503e-05,0.7348326286364466
agg617__tu,float64,0.0,0.0,136000.0,136000.0,2801.653646681875,674.2377895036392,0.0,0.0,1648,0.023149643905659583,0.0,0.7299863742994002,1.4047114020424503e-05,0.7299863742994002
agg616__tu,float64,0.0,0.0,136000.0,136000.0,2833.7443867360066,687.8048956788358,0.0,0.0,1681,0.023613198668333592,0.0,0.7238899268145359,1.4047114020424503e-05,0.7238899268145359
agg615__tu,float64,0.0,0.0,136000.0,136000.0,2842.9290635415477,699.6056861549389,0.0,0.0,1693,0.023781764036578685,0.0,0.7191981907317142,1.4047114020424503e-05,0.7191981907317142
agg719__tu,float64,0.0,0.0,53910.64317083071,53910.64317083071,1260.7646069515383,214.10542405451596,0.0,0.0,5126,0.07200550646869601,0.0,0.8607790529435727,1.4047114020424503e-05,0.8607790529435727
agg720__tu,float64,0.0,0.0,53910.64317083071,53910.64317083071,1249.413816559413,208.20546351632584,0.0,0.0,5046,0.07088173734706205,0.0,0.8648386688954754,1.4047114020424503e-05,0.8648386688954754
agg721__tu,float64,0.0,0.0,53910.64317083071,53910.64317083071,1222.1968466623646,201.32081204458953,0.0,0.0,4897,0.0687887173580188,0.0,0.8700361010830325,1.4047114020424503e-05,0.8700361010830325
agg722__tu,float64,0.0,0.0,53910.64317083071,53910.64317083071,1201.972836809135,195.97263548489815,0.0,0.0,4803,0.06746828864009889,0.0,0.8744749891134866,1.4047114020424503e-05,0.8744749891134866
agg901__tu,float64,0.0,-6.0,3.0,9.0,1.4725855477812426,0.45702285465451126,1.0,0.0,7,9.832979814297153e-05,0.16769444717582774,0.005815505204455744,0.0579583924482715,0.31478177808369273
agg824__tu,float64,0.0,0.0,12251.0,12251.0,184.69531055152348,29.651441669868618,0.0,0.0,1886,0.026492857042520614,0.0,0.8817935355181278,1.4047114020424503e-05,0.8817935355181278
agg823__tu,float64,0.0,0.0,12166.71,12166.71,214.46993803446804,31.972839649625296,0.0,0.0,1933,0.027153071401480565,0.0,0.878590793521471,1.4047114020424503e-05,0.878590793521471
agg822__tu,float64,0.0,0.0,17646.0,17646.0,198.63412183384148,31.498976053376126,0.0,0.0,1950,0.02739187233982778,0.0,0.8752335332705895,1.4047114020424503e-05,0.8752335332705895
agg821__tu,float64,0.0,0.0,19512.85339705502,19512.85339705502,204.8670058732549,32.58408121882385,0.0,0.0,1964,0.027588531936113724,0.0,0.8712160586607481,1.4047114020424503e-05,0.8712160586607481
agg820__tu,float64,0.0,0.0,26567.329999999998,26567.329999999998,221.32885922859901,34.26802379357581,0.0,0.0,2047,0.02875444239980896,0.0,0.8682942589444999,1.4047114020424503e-05,0.8682942589444999
agg819__tu,float64,0.0,0.0,19335.01,19335.01,218.6340044287327,35.79368957468365,0.0,0.0,2092,0.02938656253072806,0.0,0.8634480046074534,1.4047114020424503e-05,0.8634480046074534
agg818__tu,float64,0.0,0.0,31883.899999999998,31883.899999999998,257.41840930646504,37.77059619527834,0.0,0.0,2137,0.030018682661647166,0.0,0.860259309724817,1.4047114020424503e-05,0.860259309724817
agg817__tu,float64,0.0,0.0,20643.641989888176,20643.641989888176,233.80926251717125,38.49573747720042,0.0,0.0,2180,0.030622708564525418,0.0,0.8560311284046692,1.4047114020424503e-05,0.8560311284046692
agg816__tu,float64,0.0,0.0,24343.0,24343.0,253.87548297491827,41.74720302104055,0.0,0.0,2261,0.0317605248001798,0.0,0.8496537386393965,1.4047114020424503e-05,0.8496537386393965
agg815__tu,float64,0.0,0.0,20088.507952909913,20088.507952909913,256.49846855716584,41.78239769984964,0.0,0.0,2267,0.03184480748430235,0.0,0.8471954936858223,1.4047114020424503e-05,0.8471954936858223
agg814__tu,float64,0.0,0.0,23777.88124146584,23777.88124146584,234.11453776775926,43.001972761120264,0.0,0.0,2337,0.03282810546573207,0.0,0.8420121086122856,1.4047114020424503e-05,0.8420121086122856
agg813__tu,float64,0.0,0.0,17359.278942318335,17359.278942318335,245.87693048448583,43.81788515032818,0.0,0.0,2382,0.03346022559665117,0.0,0.8398629001671607,1.4047114020424503e-05,0.8398629001671607
agg812__tu,float64,0.0,0.0,20868.28767022179,20868.28767022179,232.3269835477862,44.82686472846874,0.0,0.0,2404,0.033769262105100506,0.0,0.8343845256991951,1.4047114020424503e-05,0.8343845256991951
agg811__tu,float64,0.0,0.0,26385.067166106943,26385.067166106943,251.75104518446486,45.61211114652038,0.0,0.0,2390,0.03357260250881457,0.0,0.8322774585961314,1.4047114020424503e-05,0.8322774585961314
agg810__tu,float64,0.0,0.0,13903.191552570392,13903.191552570392,232.2181995220801,46.3429281110472,0.0,0.0,2436,0.03421876975375409,0.0,0.8260124457430221,1.4047114020424503e-05,0.8260124457430221
agg809__tu,float64,0.0,0.0,24250.0,24250.0,260.90815517278156,48.82420622860004,0.0,0.0,2476,0.03478065431457107,0.0,0.8232732585090393,1.4047114020424503e-05,0.8232732585090393
agg808__tu,float64,0.0,0.0,18444.55,18444.55,243.99621982833023,49.213504108952954,0.0,0.0,2544,0.03573585806795994,0.0,0.8199019511441374,1.4047114020424503e-05,0.8199019511441374
agg807__tu,float64,0.0,0.0,22364.32,22364.32,277.93424186416,52.71407910690969,0.0,0.0,2634,0.03700009832979814,0.0,0.8149011785528664,1.4047114020424503e-05,0.8149011785528664
agg806__tu,float64,0.0,0.0,16417.49512861202,16417.49512861202,255.92417250370946,53.87144191351712,0.0,0.0,2669,0.037491747320513004,0.0,0.81039205495231,1.4047114020424503e-05,0.81039205495231
agg805__tu,float64,0.0,0.0,21315.0,21315.0,258.3509891652681,54.862874394908054,0.0,0.0,2732,0.038376715503799744,0.0,0.8053491410189777,1.4047114020424503e-05,0.8053491410189777
agg804__tu,float64,0.0,0.0,14246.39,14246.39,258.75004960302266,56.83582892690386,0.0,0.0,2745,0.03855932798606526,0.0,0.8017811740577898,1.4047114020424503e-05,0.8017811740577898
agg803__tu,float64,0.0,0.0,13214.0,13214.0,266.626590031498,60.42289135855173,0.0,0.0,2870,0.04031521723861833,0.0,0.7938726488642909,1.4047114020424503e-05,0.7938726488642909
agg802__tu,float64,0.0,0.0,12110.0,12110.0,280.9066938675345,63.39744876276281,0.0,0.0,2981,0.041874446894885446,0.0,0.7897568444563065,1.4047114020424503e-05,0.7897568444563065
agg801__tu,float64,0.0,0.0,32483.981381702764,32483.981381702764,321.8332422477418,68.82335536065825,0.0,0.0,3100,0.04354605346331596,0.0,0.7813566702720925,1.4047114020424503e-05,0.7813566702720925
agg724__tu,float64,0.0,0.0,53910.64317083071,53910.64317083071,1174.1425090971125,185.1800248463416,0.0,0.0,4632,0.0650662321426063,0.0,0.8824818441051286,1.4047114020424503e-05,0.8824818441051286
agg723__tu,float64,0.0,0.0,53910.64317083071,53910.64317083071,1186.8997851590696,190.21464974067587,0.0,0.0,4697,0.06597929455393389,0.0,0.8788998300299203,1.4047114020424503e-05,0.8788998300299203
agg614__tu,float64,0.0,0.0,97485.0,97485.0,2814.9730931945637,712.6190486583035,0.0,0.0,1717,0.024118894773068875,0.0,0.7132422143870542,1.4047114020424503e-05,0.7132422143870542
agg612__tu,float64,0.0,0.0,97485.0,97485.0,2834.620491132491,733.35041312722,0.0,0.0,1744,0.024498166851620335,0.0,0.7031985278624506,1.4047114020424503e-05,0.7031985278624506
agg323__tu,float64,0.0,-6.0,389976.0,389982.0,8350.667121065382,1840.6578965851465,0.0,0.0,9143,0.12843276348874125,0.3155122280127548,0.005815505204455744,1.4047114020424503e-05,0.40129795333548723
agg414__tu,float64,0.0,-6.0,109195.0,109201.0,2026.3885201987375,404.4420345839947,0.0,-2.0,3248,0.04562502633833879,0.2991473401789602,0.005815505204455744,1.4047114020424503e-05,0.2201885122701541
agg503__tu,float64,0.0,0.0,110682.0,110682.0,2737.1392922035407,1030.486627481671,0.0,0.0,12566,0.1765160347806543,0.0,0.5288036072988804,1.4047114020424503e-05,0.5288036072988804
agg502__tu,float64,0.0,0.0,79394.0,79394.0,2745.1900097379835,1051.724010384739,0.0,0.0,12769,0.1793675989268005,0.0,0.518001376617174,1.4047114020424503e-05,0.518001376617174
agg501__tu,float64,0.0,0.0,83596.0,83596.0,2723.008584750696,1063.8303514663253,0.0,0.0,12901,0.18122181797749654,0.0,0.5075503237859782,1.4047114020424503e-05,0.5075503237859782
agg424__tu,float64,0.0,-6.0,134858.0,134864.0,1793.8930166416467,330.8632232507831,0.0,-2.0,2951,0.04145303347427271,0.35282136285100224,0.005815505204455744,1.4047114020424503e-05,0.21942996811305118
agg423__tu,float64,0.0,-6.0,122278.0,122284.0,1689.5932358093748,342.99230218151683,0.0,-2.0,3045,0.042773462192192614,0.34627540771748444,0.005815505204455744,1.4047114020424503e-05,0.2194440152270716
agg422__tu,float64,0.0,-6.0,67331.0,67337.0,1724.3916026323259,350.96056975094467,0.0,-2.0,3016,0.0423660958856003,0.34093750438972314,0.005815505204455744,1.4047114020424503e-05,0.21757574906235513
agg421__tu,float64,0.0,-6.0,146204.0,146210.0,1693.3737495865378,341.7825928163059,0.0,-2.0,2993,0.04204301226313054,0.3353186587815533,0.005815505204455744,1.4047114020424503e-05,0.2157777184677408
agg420__tu,float64,0.0,-6.0,117889.0,117895.0,1821.6252700333637,363.70210285296884,0.0,-2.0,3075,0.04319487561280535,0.33103428900532383,0.005815505204455744,1.4047114020424503e-05,0.2184185759035806
agg419__tu,float64,0.0,-6.0,111758.0,111764.0,1707.9106376642108,364.6764106814255,0.0,-2.0,3147,0.044206267822275915,0.3244742867577856,0.005815505204455744,1.4047114020424503e-05,0.21792692691286575
agg418__tu,float64,0.0,-6.0,72027.0,72033.0,1830.053011746647,380.7803312309486,0.0,-2.0,3163,0.0444310216466027,0.31989492758712723,0.005815505204455744,1.4047114020424503e-05,0.21837643456151934
agg417__tu,float64,0.0,-6.0,108847.0,108853.0,1878.5283135522193,385.2562474539606,0.0,-2.0,3206,0.04503504754948096,0.3139108570144264,0.005815505204455744,1.4047114020424503e-05,0.21959853348129627
agg416__tu,float64,0.0,-6.0,107925.0,107931.0,2037.2470437602667,401.2591692536768,0.0,-2.0,3237,0.04547050808411412,0.30883984885305316,0.005815505204455744,1.4047114020424503e-05,0.2218601188385846
agg415__tu,float64,0.0,-6.0,96605.0,96611.0,1861.437397562218,395.01990476056693,0.0,-2.0,3202,0.044978859093399264,0.30272935425416847,0.005815505204455744,1.4047114020424503e-05,0.2187557066400708
agg413__tu,float64,0.0,-6.0,190894.0,190900.0,2047.0298867214244,402.45115116099396,0.0,-2.0,3234,0.04542836674205285,0.2952422424812822,0.005815505204455744,1.4047114020424503e-05,0.21865737684192782
agg611__tu,float64,0.0,0.0,97485.0,97485.0,2843.007499332557,742.5382208747722,0.0,0.0,1755,0.024652685105845003,0.0,0.6985348860076698,1.4047114020424503e-05,0.6985348860076698
agg412__tu,float64,0.0,-6.0,91626.0,91632.0,1816.2722857045965,398.7299161387293,0.0,-2.0,3257,0.045751450364522606,0.29083144867886895,0.005815505204455744,1.4047114020424503e-05,0.2184607172456419
agg411__tu,float64,0.0,-6.0,97585.0,97591.0,1794.5740341645314,396.7079043110593,0.0,-2.0,3246,0.04559693211029794,0.28629423085027184,0.005815505204455744,1.4047114020424503e-05,0.21746337215019174
agg410__tu,float64,0.0,-6.0,178443.0,178449.0,2000.675514263049,406.05635702144997,1.0,-2.0,3225,0.04530194271586902,0.2804927727598365,0.005815505204455744,1.4047114020424503e-05,0.21947210945511245
agg409__tu,float64,0.0,-6.0,80808.0,80814.0,1680.0332776873388,393.00854064532444,20.0,-2.0,3236,0.0454564609700937,0.27696694714070996,0.005815505204455744,1.4047114020424503e-05,0.2140077821011673
agg408__tu,float64,0.0,-6.0,74857.0,74863.0,1617.7219158123298,392.7504811136552,21.0,-2.0,3260,0.04579359170658388,0.27536557614238155,0.005815505204455744,1.4047114020424503e-05,0.21374088693477925
agg407__tu,float64,0.0,-6.0,79900.0,79906.0,1581.3744280445594,399.9428141988229,26.0,-2.0,3345,0.04698759639831997,0.2698169661043139,0.005815505204455744,1.4047114020424503e-05,0.2128418716374721
agg406__tu,float64,0.0,-6.0,153355.0,153361.0,1892.7791202385347,417.0454564609701,30.0,-2.0,3381,0.04749329250305525,0.26439478009243,0.005815505204455744,1.4047114020424503e-05,0.21211142170841002
agg405__tu,float64,0.0,-6.0,356471.0,356477.0,2155.1460290551972,414.6354212027139,34.0,-2.0,3358,0.047170208880585485,0.25967494978156735,0.005815505204455744,1.4047114020424503e-05,0.213600415794575
agg404__tu,float64,0.0,-6.0,87755.0,87761.0,1498.197998070646,400.72757027068786,38.0,-2.0,3332,0.04680498391605445,0.2548286954445209,0.005815505204455744,1.4047114020424503e-05,0.21305257834777844
agg403__tu,float64,0.0,-6.0,80061.0,80067.0,1584.2283040841735,418.9101125173833,41.0,-2.0,3447,0.04842040202840327,0.2488586719858405,0.005815505204455744,1.4047114020424503e-05,0.21414825324137157
agg402__tu,float64,0.0,-6.0,101530.0,101536.0,1663.9568804142868,422.6714239559482,46.0,-2.0,3441,0.04833611934428072,0.2426077062467516,0.005815505204455744,1.4047114020424503e-05,0.21659245108092542
agg401__tu,float64,0.0,-6.0,230323.0,230329.0,1915.5563758191483,407.3414572476085,4.0,-2.0,3416,0.047984941493770104,0.2689039036929863,0.005815505204455744,1.4047114020424503e-05,0.22788633075334672
agg324__tu,float64,0.0,-6.0,389976.0,389982.0,8300.806985579642,1803.7357597381617,0.0,0.0,8961,0.12587618873702397,0.3219036648920479,0.005815505204455744,1.4047114020424503e-05,0.39954206408293413
agg504__tu,float64,0.0,0.0,98680.0,98680.0,2688.493981349143,996.4170022167601,0.0,0.0,12350,0.17348185815224262,0.0,0.5401677225414039,1.4047114020424503e-05,0.5401677225414039
agg505__tu,float64,0.0,0.0,124674.0,124674.0,2652.372718344413,958.5810457259026,0.0,0.0,12120,0.170251021927545,0.0,0.5508154349688856,1.4047114020424503e-05,0.5508154349688856
agg506__tu,float64,0.0,0.0,102336.0,102336.0,2620.228707199189,927.5147132069542,0.0,0.0,11827,0.16613521751956062,0.0,0.5609153099495708,1.4047114020424503e-05,0.5609153099495708
agg507__tu,float64,0.0,0.0,83034.0,83034.0,2592.8206153892343,903.2648647180052,0.0,0.0,11708,0.1644636109511301,0.0,0.5708185253339702,1.4047114020424503e-05,0.5708185253339702
agg610__tu,float64,0.0,0.0,97485.0,97485.0,2867.167535849931,754.0478449924716,0.0,0.0,1766,0.024807203360069675,0.0,0.6926772394611527,1.4047114020424503e-05,0.6926772394611527
agg609__tu,float64,0.0,0.0,97485.0,97485.0,2837.0720867917935,753.2401982054112,0.0,0.0,1758,0.024694826447906278,0.0,0.6873674303614322,1.4047114020424503e-05,0.6873674303614322
agg608__tu,float64,0.0,0.0,100201.0,100201.0,2852.8932524465504,759.3258919448172,0.0,0.0,1758,0.024694826447906278,0.0,0.6837994634002444,1.4047114020424503e-05,0.6837994634002444
agg607__tu,float64,0.0,0.0,102335.0,102335.0,2830.189014236817,761.8843606906751,0.0,0.0,1779,0.024989815842335193,0.0,0.6791498686594839,1.4047114020424503e-05,0.6791498686594839
agg606__tu,float64,0.0,0.0,102335.0,102335.0,2836.7288049973995,770.6438142445545,0.0,0.0,1780,0.025003862956355618,0.0,0.6727443846661704,1.4047114020424503e-05,0.6727443846661704
agg605__tu,float64,0.0,0.0,102335.0,102335.0,2846.3833594568687,782.9925245997007,0.0,0.0,1802,0.025312899464804955,0.0,0.6649060950427734,1.4047114020424503e-05,0.6649060950427734
agg604__tu,float64,0.0,0.0,102335.0,102335.0,2865.4583281194687,795.2740732389256,0.0,0.0,1831,0.025720265771397268,0.0,0.658303951453174,1.4047114020424503e-05,0.658303951453174
agg603__tu,float64,0.0,0.0,102335.0,102335.0,2859.9021386273607,802.028004081349,0.0,0.0,1817,0.025523606175111322,0.0,0.651954655915942,1.4047114020424503e-05,0.651954655915942
agg602__tu,float64,0.0,0.0,102335.0,102335.0,2879.9361146140864,810.5473383766613,0.0,0.0,1829,0.02569217154335642,0.0,0.6444534970290354,1.4047114020424503e-05,0.6444534970290354
agg601__tu,float64,0.0,0.0,102335.0,102335.0,2902.012308004946,844.767941816553,0.0,0.0,1895,0.026619281068704436,0.0,0.626936745845566,1.4047114020424503e-05,0.626936745845566
agg524__tu,float64,0.0,0.0,92092.77,92092.77,2162.440354441802,588.0366611650765,0.0,0.0,9165,0.12874179999719057,0.0,0.6985629802357106,1.4047114020424503e-05,0.6985629802357106
agg523__tu,float64,0.0,0.0,95873.83,95873.83,2192.3850403747006,602.302452269391,0.0,0.0,9193,0.12913511918976248,0.0,0.6912163396030285,1.4047114020424503e-05,0.6912163396030285
agg522__tu,float64,0.0,0.0,96000.9,96000.9,2228.8985519937155,619.8248280124095,0.0,0.0,9425,0.13239404964250095,0.0,0.6844456306451839,1.4047114020424503e-05,0.6844456306451839
agg521__tu,float64,0.0,0.0,96600.36,96600.36,2243.4542195277777,635.0541682645651,0.0,0.0,9537,0.1339673264127885,0.0,0.6774782620910534,1.4047114020424503e-05,0.6774782620910534
agg520__tu,float64,0.0,0.0,97558.72,97558.72,2275.712959103154,651.6741050979689,0.0,0.0,9627,0.13523156667462669,0.0,0.6698787734060038,1.4047114020424503e-05,0.6698787734060038
agg519__tu,float64,0.0,0.0,97704.22,97704.22,2283.5116711618166,664.0931832082241,0.0,0.0,9820,0.13794265968056862,0.0,0.6632485355883634,1.4047114020424503e-05,0.6632485355883634
agg518__tu,float64,0.0,0.0,65659.3,65659.3,2297.090838115555,677.5621934203017,0.0,0.0,9876,0.1387292980657124,0.0,0.6568851929371111,1.4047114020424503e-05,0.6568851929371111
agg517__tu,float64,0.0,0.0,59831.54,59831.54,2296.891876397467,691.283112960933,0.0,0.0,10039,0.1410189776510416,0.0,0.6502409080054503,1.4047114020424503e-05,0.6502409080054503
agg516__tu,float64,0.0,0.0,66323.75,66323.75,2302.603441587283,709.1075114144569,0.0,0.0,10220,0.14356150528873843,0.0,0.6410821896641336,1.4047114020424503e-05,0.6410821896641336
agg515__tu,float64,0.0,0.0,61945.17,61945.17,2318.5061721241373,729.202839599164,0.0,0.0,10417,0.14632878675076205,0.0,0.6338619730576354,1.4047114020424503e-05,0.6338619730576354
agg514__tu,float64,0.0,0.0,91473.0,91473.0,2368.478441716113,751.6909053412938,0.0,0.0,10475,0.14714351936394668,0.0,0.6263186728286674,1.4047114020424503e-05,0.6263186728286674
agg513__tu,float64,0.0,0.0,54999.0,54999.0,2400.0260549483787,775.8402091582203,0.0,0.0,10762,0.15117504108780852,0.0,0.6181713466968212,1.4047114020424503e-05,0.6181713466968212
agg512__tu,float64,0.0,0.0,74171.95549322802,74171.95549322802,2428.8000569072988,794.7566496014198,0.0,0.0,10904,0.15316973127870878,0.0,0.6118501453876302,1.4047114020424503e-05,0.6118501453876302
agg511__tu,float64,0.0,0.0,107843.0,107843.0,2501.2760787751895,820.5209926350276,0.0,0.0,11055,0.1552908454957929,0.0,0.6026633328182724,1.4047114020424503e-05,0.6026633328182724
agg510__tu,float64,0.0,0.0,74171.95549322802,74171.95549322802,2511.992023865174,846.1938421636615,0.0,0.0,11284,0.1585076346064701,0.0,0.5940384048097318,1.4047114020424503e-05,0.5940384048097318
agg509__tu,float64,0.0,0.0,74171.95549322802,74171.95549322802,2532.2002887806293,864.7998549027574,0.0,0.0,11428,0.16053041902541124,0.0,0.586200115186335,1.4047114020424503e-05,0.586200115186335
agg508__tu,float64,0.0,0.0,76037.33,76037.33,2554.834116790112,883.5674890569798,0.0,0.0,11491,0.16141538720869797,0.0,0.5787270505274691,1.4047114020424503e-05,0.5787270505274691
rev122__tu,float64,0.0,-6.0,12.0,18.0,5.371727784490874,3.025017910070376,1.0,-2.0,16,0.00022475382432679206,0.46970739861495453,0.005815505204455744,0.138715250951692,0.028417311663318772
rev102__tu,float64,0.0,-6.0,12.0,18.0,3.8423781330084212,1.0864178454536515,0.0,-2.0,16,0.00022475382432679206,0.46970739861495453,0.005815505204455744,0.03813791456545253,0.15818455098400033
revs114__tu,float64,0.0,0.0,22252.88268073956,22252.88268073956,392.50006944225646,93.4432315212347,0.0,0.0,3595,0.05049937490342609,0.0,0.7193667560999593,1.4047114020424503e-05,0.7193667560999593
aggs902__tu,float64,0.0,0.0,106027.36098092038,106027.36098092038,1622.209395867334,554.5816557449676,0.0,0.0,9503,0.13348972453609406,0.0,0.593181530854486,1.4047114020424503e-05,0.593181530854486
rle902__tu,float64,0.0,-6.0,20.0,26.0,0.9517413534922489,-0.9567629830451334,-1.0,-1.0,19,0.00026689516638806556,0.9527736026633328,0.005815505204455744,1.4047114020424503e-05,0.017053196420795346
rle901__tu,float64,0.0,-6.0,9.0,15.0,0.6956886563758068,-1.0113922094705643,-1.0,-1.0,13,0.00018261248226551856,0.9569455955273989,0.005815505204455744,1.4047114020424503e-05,0.021379707539086096
walshrs2__tu,float64,0.0,-9.0,100.0,109.0,38.55324323417998,23.12079113346163,-1.0,-2.0,105,0.001474946972144573,0.636699490089761,0.008807540490806164,0.14719970782002836,0.0004635547626740086
walshrs1__tu,float64,0.0,-9.0,100.0,109.0,41.596289968260464,24.617623509250024,-1.0,-2.0,94,0.0013204287179199034,0.6841084999086937,0.056216550309738864,0.17251260728483334,0.0003792720785514616
indexq4__tu,float64,0.0,-9.0,100.0,109.0,21.35208396074174,9.466448468162216,-1.0,-2.0,105,0.001474946972144573,0.6511539704167779,0.00894801163101041,0.015803003272977567,0.0162244166935903
indexq3__tu,float64,0.0,-9.0,100.0,109.0,22.620191750846544,10.302799589824271,-1.0,-2.0,105,0.001474946972144573,0.6511539704167779,0.009032294315132956,0.01786792903397997,0.015423731194426105
indexq2__tu,float64,0.0,-9.0,100.0,109.0,23.35993037926322,10.78787453117757,-1.0,-2.0,105,0.001474946972144573,0.6539914874489037,0.007416876202784138,0.021295424854963548,0.01372403039795474
indexq1__tu,float64,0.0,-9.0,100.0,109.0,20.489049419176567,8.615109075840369,-1.0,-2.0,105,0.001474946972144573,0.6606357723805644,0.007065698352273525,0.015451825422466954,0.01855623762098077
index02__tu,float64,0.0,-9.0,999.0,1008.0,157.21624092573916,43.98055879419573,-1.0,-2.0,921,0.012937392012810968,0.7682085715489753,0.16852322690303279,0.014903987975670399,0.009706555788113332
index01__tu,float64,0.0,-9.0,999.0,1008.0,172.17543611266547,59.532849176136764,-1.0,-1.0,959,0.013471182345587099,0.696989703465423,0.16096587956004438,0.01712343199089747,0.00595597634465999
aggs905__tu,float64,0.0,-9.0,12.0,21.0,4.8320099401370955,1.8549495006250967,-1.0,-1.0,17,0.00023880093834721656,0.5513070839596005,0.01528326005422186,0.04770399921336162,0.0003792720785514616
aggs904__tu,float64,0.0,0.0,62235.49367088606,62235.49367088606,840.6466894038429,326.21713751165015,0.0,0.0,6795,0.0954501397687845,0.0,0.551686356038152,1.4047114020424503e-05,0.551686356038152
aggs903__tu,float64,0.0,0.0,202448.0,202448.0,2868.421739526732,1025.3780584805436,0.0,0.0,12991,0.18248605823933473,0.0,0.551686356038152,1.4047114020424503e-05,0.551686356038152
aggs901__tu,float64,0.0,0.0,62235.49367088606,62235.49367088606,919.8746435173848,293.8355144606003,0.0,0.0,6774,0.09515515037435558,0.0,0.6232564019722148,1.4047114020424503e-05,0.6232564019722148
rle904__tu,float64,0.0,0.0,563899.5386205114,563899.5386205114,6888.8205718035015,229.9333568937465,0.0,0.0,862,0.012108612285605922,0.0,0.9844217505513492,1.4047114020424503e-05,0.9844217505513492
aggs124__tu,float64,0.0,0.0,20436.0,20436.0,292.51892465401295,53.394596446271535,0.0,0.0,2709,0.03805363188132998,0.0,0.8160109005604799,1.4047114020424503e-05,0.8160109005604799
aggs123__tu,float64,0.0,0.0,17467.28167324796,17467.28167324796,292.8896403283471,54.841049908435,0.0,0.0,2791,0.03920549523100479,0.0,0.8118950961524954,1.4047114020424503e-05,0.8118950961524954
aggs122__tu,float64,0.0,0.0,38854.0,38854.0,335.46120956504194,57.37741192984778,0.0,0.0,2785,0.03912121254688224,0.0,0.8064167216845299,1.4047114020424503e-05,0.8064167216845299
aggs121__tu,float64,0.0,0.0,31444.0,31444.0,316.01911591699866,59.82045907789244,0.0,0.0,2868,0.04028712301057748,0.0,0.7999269550070938,1.4047114020424503e-05,0.7999269550070938
aggs120__tu,float64,0.0,0.0,22031.0,22031.0,330.45535293932943,60.54196429451091,0.0,0.0,2891,0.04061020663304724,0.0,0.7963308938178651,1.4047114020424503e-05,0.7963308938178651
aggs119__tu,float64,0.0,0.0,28903.09,28903.09,314.6462157487329,61.48520473023794,0.0,0.0,2888,0.040568065290985965,0.0,0.791231791428451,1.4047114020424503e-05,0.791231791428451
aggs118__tu,float64,0.0,0.0,39786.0,39786.0,336.65339948111955,63.548434630816075,0.0,0.0,2940,0.04129851522004804,0.0,0.7861748303810983,1.4047114020424503e-05,0.7861748303810983
aggs117__tu,float64,0.0,0.0,34794.0,34794.0,344.60501186985005,65.58941828098365,0.0,0.0,3002,0.04216943628931436,0.0,0.781005492421582,1.4047114020424503e-05,0.781005492421582
aggs116__tu,float64,0.0,0.0,21231.0,21231.0,327.13449105217256,69.02064904505521,0.0,0.0,3098,0.043517959235275114,0.0,0.7735886162187978,1.4047114020424503e-05,0.7735886162187978
aggs115__tu,float64,0.0,0.0,19776.0,19776.0,344.8607782330503,73.93718912954016,0.0,0.0,3217,0.04518956580370563,0.0,0.7665229178665243,1.4047114020424503e-05,0.7665229178665243
aggs114__tu,float64,0.0,0.0,22741.055024541456,22741.055024541456,368.0642267456922,75.78019828260638,0.0,0.0,3211,0.04510528311958308,0.0,0.7619014173538047,1.4047114020424503e-05,0.7619014173538047
aggs113__tu,float64,0.0,0.0,19844.0,19844.0,352.7481194392303,76.7338940889583,0.0,0.0,3268,0.04590596861874728,0.0,0.7573922937532483,1.4047114020424503e-05,0.7573922937532483
aggs112__tu,float64,0.0,0.0,20399.555817987228,20399.555817987228,342.6677036609829,75.62797644167047,0.0,0.0,3229,0.04535813117195072,0.0,0.7530095941788759,1.4047114020424503e-05,0.7530095941788759
rle903__tu,float64,0.0,-6.0,36.0,42.0,1.4755844168051904,-0.8487828175701302,-1.0,-1.0,32,0.0004495076486535841,0.9452443495483853,0.005815505204455744,1.4047114020424503e-05,0.013625700599811769
rle905__tu,float64,0.0,0.0,612709.23,612709.23,11982.576973919475,614.7724587290313,0.0,0.0,1184,0.01663178300018261,0.0,0.9801514278891402,1.4047114020424503e-05,0.9801514278891402
rev92__tu,float64,0.0,-6.0,12.0,18.0,3.418172550798418,0.6607481492927278,0.0,-2.0,16,0.00022475382432679206,0.46970739861495453,0.005815505204455744,0.02722330697158269,0.2123361755327368
rev328__tu,float64,0.0,-6.0,112228.0,112234.0,2305.5350657337754,560.0459200157328,35.0,-2.0,4937,0.06935060191883577,0.4113697340881316,0.005815505204455744,1.4047114020424503e-05,0.021716838275576283
bkc327__tu,float64,0.0,-6.0,102214.0,102220.0,1922.9047593370578,324.25258115720123,-1.0,-2.0,3503,0.04920704041354704,0.5378780429560747,0.005815505204455744,1.4047114020424503e-05,0.03572181095393951
bkc326__tu,float64,0.0,-6.0,104402.0,104408.0,1922.0227761531833,302.3653935298993,-1.0,-2.0,3370,0.047338774248830574,0.5786708620713874,0.005815505204455744,1.4047114020424503e-05,0.0495301240360168
bkc325__tu,float64,0.0,-6.0,104357.0,104363.0,1921.2792384530453,290.37279635898807,-1.0,-2.0,3284,0.04613072244307407,0.6040820913343353,0.005815505204455744,1.4047114020424503e-05,0.06721544058773125
bkc324__tu,float64,0.0,0.0,73909.0,73909.0,1332.6137978011147,147.82617836017405,0.0,0.0,2952,0.04146708058829313,0.0,0.8141988228518451,1.4047114020424503e-05,0.8141988228518451
bkc323__tu,float64,0.0,0.0,95523.66,95523.66,1478.5225039746322,172.0588918220137,0.0,0.0,3295,0.04628524069729874,0.0,0.8020902105662392,1.4047114020424503e-05,0.8020902105662392
bkc322__tu,float64,0.0,0.0,100771.36,100771.36,1650.6232865233494,202.21997845101583,0.0,0.0,3751,0.05269072469061231,0.0,0.7851634381716276,1.4047114020424503e-05,0.7851634381716276
bkc321__tu,float64,0.0,0.0,100771.36,100771.36,1773.6403043669898,231.565783790173,0.0,0.0,4178,0.05868884237733358,0.0,0.7629549509053365,1.4047114020424503e-05,0.7629549509053365
bkc320__tu,float64,0.0,-6.0,23.0,29.0,5.274346520514503,1.3495483852842434,0.0,-1.0,27,0.0003792720785514616,0.48890980348087487,0.005815505204455744,0.008737304920704042,0.2428324600710784
bkc319__tu,float64,0.0,0.0,129586.0,129586.0,2994.898836564344,752.3100469587656,0.0,0.0,8939,0.12556715222857465,0.0,0.5087443284777142,1.4047114020424503e-05,0.5087443284777142
bkc318__tu,float64,0.0,0.0,101862.61,101862.61,2515.817463352518,556.549350680524,0.0,0.0,7667,0.10769922319459467,0.0,0.571577069491073,1.4047114020424503e-05,0.571577069491073
bkc317__tu,float64,0.0,0.0,101862.61,101862.61,2246.1211274377733,428.6005400081597,0.0,0.0,6600,0.09271095253480173,0.0,0.6265293795389737,1.4047114020424503e-05,0.6265293795389737
bkc316__tu,float64,0.0,0.0,101862.61,101862.61,2098.6072062071294,353.7089554082606,0.0,0.0,5792,0.08136088440629873,0.0,0.6700754330022897,1.4047114020424503e-05,0.6700754330022897
bkc315__tu,float64,0.0,-6.0,23.0,29.0,7.834355611747942,4.0320274199665675,-1.0,-1.0,28,0.0003933191925718861,0.5083650563991627,0.005815505204455744,0.026984506033235472,0.06085209793647895
rev327__tu,float64,0.0,-6.0,118948.0,118954.0,2250.959148530585,498.6027476155024,0.0,-2.0,4627,0.06499599657250418,0.46970739861495453,0.005815505204455744,1.4047114020424503e-05,0.03299667083397716
rle906__tu,float64,0.0,0.0,948305.95,948305.95,20895.32199592955,1661.2079681169266,0.0,0.0,1672,0.02348677464214977,0.0,0.9727766930284173,2.8094228040849007e-05,0.9727766930284173
rev326__tu,float64,0.0,-6.0,118322.0,118328.0,2219.8497704471115,459.65463765469383,-1.0,-2.0,4435,0.06229895068058267,0.5157959797159674,0.005815505204455744,1.4047114020424503e-05,0.04600429841689025
rev325__tu,float64,0.0,-6.0,112873.0,112879.0,2200.631622455022,433.61318462121955,-1.0,-2.0,4315,0.060613296998131734,0.5475986458582084,0.005815505204455744,1.4047114020424503e-05,0.061203275786989565
rev324__tu,float64,0.0,0.0,85506.47,85506.47,1512.5919249073036,219.00415097117673,0.0,0.0,4033,0.056652010844372026,0.0,0.7336667181727514,1.4047114020424503e-05,0.7336667181727514
rev323__tu,float64,0.0,0.0,109378.17,109378.17,1685.6592828165528,260.8613841069862,0.0,0.0,4650,0.06531908019497394,0.0,0.7243534815772099,1.4047114020424503e-05,0.7243534815772099
rev322__tu,float64,0.0,0.0,109378.17,109378.17,1870.7834049334974,308.0752571581659,0.0,0.0,5271,0.07404233800165756,0.0,0.7108682521176024,1.4047114020424503e-05,0.7108682521176024
rev321__tu,float64,0.0,0.0,109378.17,109378.17,2020.1843173410552,348.8785566840576,0.0,0.0,5823,0.08179634494093188,0.0,0.6952478613268904,1.4047114020424503e-05,0.6952478613268904
rev320__tu,float64,0.0,-6.0,23.0,29.0,5.9984037336613865,2.0859121493489163,0.0,0.0,27,0.0003792720785514616,0.4113697340881316,0.005815505204455744,0.013780218854036437,0.2684543960443327
rev319__tu,float64,0.0,0.0,129586.0,129586.0,3603.2039735564886,1102.48938671028,134.0,0.0,11427,0.16051637191139081,0.0,0.43159757827754286,1.4047114020424503e-05,0.43159757827754286
rev318__tu,float64,0.0,0.0,120351.78,120351.78,2993.2591505139917,823.0430103811635,0.0,0.0,9855,0.13843430867128348,0.0,0.5010886513365829,1.4047114020424503e-05,0.5010886513365829
rev317__tu,float64,0.0,0.0,120351.78,120351.78,2627.7319706931503,636.1811570971788,0.0,0.0,8605,0.12087541614575285,0.0,0.5603393782747335,1.4047114020424503e-05,0.5603393782747335
rev316__tu,float64,0.0,0.0,109691.48,109691.48,2408.6862953367718,520.9490657987739,0.0,0.0,7669,0.10772731742263551,0.0,0.6077483880936662,1.4047114020424503e-05,0.6077483880936662
rev315__tu,float64,0.0,-6.0,23.0,29.0,8.118125039676247,4.856873955245895,0.0,-2.0,28,0.0003933191925718861,0.43121830619899143,0.005815505204455744,0.03341808425458989,0.0722302602930228
rle907__tu,float64,0.0,-6.0,999.0,1005.0,257.8389972248178,70.9669190464819,-1.0,-1.0,27,0.0003792720785514616,0.8868364494514602,0.005815505204455744,0.0716543286181854,0.00623691862506848
aggs111__tu,float64,0.0,0.0,46758.0,46758.0,382.7479592975461,77.49357441215885,0.0,0.0,3247,0.045610979224318365,0.0,0.7472924187725631,1.4047114020424503e-05,0.7472924187725631
aggs110__tu,float64,0.0,0.0,23045.26,23045.26,356.3164464560784,78.53546862229133,0.0,0.0,3260,0.04579359170658388,0.0,0.7429097191981907,1.4047114020424503e-05,0.7429097191981907
aggs109__tu,float64,0.0,0.0,17161.633944717123,17161.633944717123,332.5814709549976,79.69214633063486,0.0,0.0,3309,0.046481900293584684,0.0,0.7370801668797146,1.4047114020424503e-05,0.7370801668797146
rvdex01__tu,float64,0.0,-9.0,999.0,1008.0,186.44197725410055,69.86927755692592,-1.0,-2.0,962,0.013513323687648373,0.6458863026591187,0.1696189017966259,0.02111281237269803,0.01188385846127913
cv06__tu,float64,0.0,-6.0,2.0,8.0,0.4694413700253402,-0.023683434238435712,0.0,0.0,4,5.6188456081698014e-05,0.005815505204455744,0.005815505204455744,0.00018261248226551856,0.983157510289511
cv05__tu,float64,0.0,-6.0,82.0,88.0,16.807045610000227,6.467740802652095,-1.0,-6.0,85,0.0011940046917360827,0.5114273272556153,0.40388262231524535,8.428268412254703e-05,0.0003933191925718861
cv04__tu,float64,0.0,-6.0,999.0,1005.0,77.39633191426809,13.212912107207574,4.0,-6.0,85,0.0011940046917360827,0.40388262231524535,0.40388262231524535,0.005843599432496594,0.0004635547626740086
cv03__tu,float64,0.0,-6.0,82.0,88.0,14.55525656877521,3.424447597241147,-1.0,-1.0,85,0.0011940046917360827,0.8934245459270392,0.005815505204455744,0.0003090365084493391,0.0005899787888578291
cv02__tu,float64,0.0,-6.0,74.0,80.0,2.7105097455936846,-0.8728174296590765,-1.0,-1.0,73,0.0010254393234909887,0.9954627821714029,0.005815505204455744,1.4047114020424503e-05,0.0003792720785514616
cv01__tu,float64,0.0,-6.0,82.0,88.0,20.904838535435452,13.940594754807625,2.0,-1.0,85,0.0011940046917360827,0.45286490890446557,0.005815505204455744,0.00021070671030636756,0.010661759541502199
walsrvs2__tu,float64,0.0,-9.0,100.0,109.0,37.66209201118812,23.08398769472812,-1.0,-2.0,105,0.001474946972144573,0.6036044894576409,0.012108612285605922,0.13319473514166513,0.0005337903327761311
walsrvs1__tu,float64,0.0,-9.0,100.0,109.0,41.88478641356174,26.40899577181868,-1.0,-2.0,97,0.001362570059981177,0.6509994521625532,0.0595035749905182,0.17182429869783253,0.0003792720785514616
rvdexq4__tu,float64,0.0,-9.0,100.0,109.0,21.88332307287045,10.466476562390257,-1.0,-2.0,105,0.001474946972144573,0.6077062467516049,0.015760861930916293,0.01597156864122266,0.021126859486718455
rvdexq3__tu,float64,0.0,-9.0,100.0,109.0,22.75685134548294,11.012726685302505,-1.0,-2.0,105,0.001474946972144573,0.6092233350658107,0.016196322465549452,0.017825787691918695,0.02105662391661633
rvdexq2__tu,float64,0.0,-9.0,100.0,109.0,24.339276618578292,12.302083187009229,-1.0,-2.0,105,0.001474946972144573,0.6003877003469638,0.017109384876877045,0.023163691019680008,0.02045259801373808
rvdexq1__tu,float64,0.0,-9.0,100.0,109.0,21.603878693897244,10.061175181558948,-1.0,-2.0,105,0.001474946972144573,0.6049249181755608,0.016645830114203036,0.017207714675020018,0.024680779333885853
rvdex02__tu,float64,0.0,-9.0,999.0,1008.0,168.62058945950346,51.163915773504336,-2.0,-2.0,928,0.01303572181095394,0.7310680020789728,0.17728862605177767,0.01758698675357148,0.013232381407239882
revs905__tu,float64,0.0,-9.0,12.0,21.0,5.1376622631143185,2.111491943980109,-1.0,-2.0,17,0.00023880093834721656,0.50496565480622,0.028698253943727263,0.053884729382348395,0.0003792720785514616
aggs108__tu,float64,0.0,0.0,14021.994556592977,14021.994556592977,319.1654256715837,79.16699911686179,0.0,0.0,3298,0.046327382039360016,0.0,0.7321074885164843,1.4047114020424503e-05,0.7321074885164843
revs904__tu,float64,0.0,0.0,29685.0,29685.0,872.783917667319,380.74596456176636,0.0,0.0,7323,0.10286701597156864,0.0,0.5053449268847715,1.4047114020424503e-05,0.5053449268847715
revs903__tu,float64,0.0,0.0,128784.61641510128,128784.61641510128,3079.037401860271,1225.085063575607,0.0,0.0,14209,0.19959544311621177,0.0,0.5053449268847715,1.4047114020424503e-05,0.5053449268847715
revs902__tu,float64,0.0,0.0,52930.96,52930.96,1682.2142217252006,640.7533029016209,0.0,0.0,10345,0.1453173945412915,0.0,0.5522903819410302,1.4047114020424503e-05,0.5522903819410302
revs901__tu,float64,0.0,0.0,35103.0,35103.0,931.6715084599283,331.32360326562156,0.0,0.0,7250,0.10184157664807765,0.0,0.5865091516947843,1.4047114020424503e-05,0.5865091516947843
revs124__tu,float64,0.0,0.0,20436.0,20436.0,327.5521220734255,69.71680014285351,0.0,0.0,3127,0.04392532554186742,0.0,0.7713129837474891,1.4047114020424503e-05,0.7713129837474891
revs123__tu,float64,0.0,0.0,17467.28167324796,17467.28167324796,342.00900378338673,71.27707228938135,0.0,0.0,3165,0.04445911587464355,0.0,0.7665510120945652,1.4047114020424503e-05,0.7665510120945652
revs122__tu,float64,0.0,0.0,39039.0,39039.0,374.47324414140235,74.99402276281924,0.0,0.0,3218,0.04520361291772605,0.0,0.7623228307744174,1.4047114020424503e-05,0.7623228307744174
revs121__tu,float64,0.0,0.0,18734.153707052435,18734.153707052435,338.5141825539776,77.1362784852988,0.0,0.0,3264,0.04584978016266558,0.0,0.7560156765792468,1.4047114020424503e-05,0.7560156765792468
revs120__tu,float64,0.0,0.0,21377.829999999998,21377.829999999998,366.2222940510795,78.07873498070575,0.0,0.0,3303,0.046397617609462136,0.0,0.751127280900139,1.4047114020424503e-05,0.751127280900139
revs119__tu,float64,0.0,0.0,28921.52,28921.52,353.92220132142774,78.37725196827856,0.0,0.0,3269,0.0459200157327677,0.0,0.7465479217294807,1.4047114020424503e-05,0.7465479217294807
revs118__tu,float64,0.0,0.0,18142.88,18142.88,345.7178494423781,80.00097611984758,0.0,0.0,3301,0.046369523381421286,0.0,0.7424461644355167,1.4047114020424503e-05,0.7424461644355167
revs117__tu,float64,0.0,0.0,22183.899999999998,22183.899999999998,351.1806679559389,81.489292523445,0.0,0.0,3374,0.04739496270491227,0.0,0.7382601244574302,1.4047114020424503e-05,0.7382601244574302
revs116__tu,float64,0.0,0.0,16571.48,16571.48,366.253497990792,86.57916321357851,0.0,0.0,3485,0.04895419236117939,0.0,0.7312084732191771,1.4047114020424503e-05,0.7312084732191771
cv07__tu,float64,0.0,-6.0,635030.0,635036.0,11730.109982410682,699.1855904704379,-1.0,-1.0,326,0.004579359170658388,0.9918807680961946,0.005815505204455744,1.4047114020424503e-05,0.003202741996656787
cv08__tu,float64,0.0,-6.0,703340.0,703346.0,18657.50742211538,1725.6200677070897,-1.0,-1.0,681,0.009566084647909086,0.9885937434154153,0.005815505204455744,1.4047114020424503e-05,0.0003792720785514616
cv09__tu,float64,0.0,-6.0,2.0,8.0,0.42914895808557035,-1.0078523367374173,-1.0,-1.0,5,7.023557010212251e-05,0.987357597381618,0.005815505204455744,0.00022475382432679206,0.004284369776229474
cv10__tu,float64,0.0,-6.0,69.0,75.0,5.882422346498804,5.823596342131509,4.0,1.0,60,0.0008428268412254702,0.005815505204455744,0.005815505204455744,1.4047114020424503e-05,0.08818778182022503
aggs107__tu,float64,0.0,0.0,33658.0,33658.0,338.2402774428764,80.28023781195868,0.0,0.0,3306,0.046439758951523406,0.0,0.7273033755214992,1.4047114020424503e-05,0.7273033755214992
aggs106__tu,float64,0.0,0.0,24158.0,24158.0,341.6458599882795,83.55767111908064,0.0,0.0,3350,0.04705783196842209,0.0,0.7199005464327354,1.4047114020424503e-05,0.7199005464327354
aggs105__tu,float64,0.0,0.0,26788.997379783734,26788.997379783734,371.60796412721743,87.50680931883252,0.0,0.0,3454,0.04851873182654624,0.0,0.7128208009664414,1.4047114020424503e-05,0.7128208009664414
aggs104__tu,float64,0.0,0.0,14517.02,14517.02,337.47634876514724,89.68166084645422,0.0,0.0,3555,0.04993749034260911,0.0,0.7042942027560438,1.4047114020424503e-05,0.7042942027560438
aggs103__tu,float64,0.0,0.0,14595.0,14595.0,343.9749326120477,93.15842101811178,0.0,0.0,3625,0.050920788324038825,0.0,0.6974111168860357,1.4047114020424503e-05,0.6974111168860357
aggs102__tu,float64,0.0,0.0,14959.34,14959.34,349.406218634645,97.74130200874048,0.0,0.0,3754,0.05273286603267359,0.0,0.689010942701822,1.4047114020424503e-05,0.689010942701822
aggs101__tu,float64,0.0,0.0,62235.49367088606,62235.49367088606,433.54156143214226,102.93579143374807,0.0,0.0,3794,0.053294750593490564,0.0,0.6844877719872452,1.4047114020424503e-05,0.6844877719872452
cv30__tu,float64,0.0,-7.0,999.0,1006.0,217.0580254165652,949.6439899422663,999.0,999.0,34,0.0004776018766944331,0.041958729579007994,0.036143224374552245,0.9508351009285142,0.0012080518057565072
cv29__tu,float64,0.0,-6.0,10.0,16.0,0.4724320552424481,-0.027897568444563065,0.0,0.0,10,0.00014047114020424503,0.005815505204455744,0.005815505204455744,1.4047114020424503e-05,0.9890292039500485
cv28__tu,float64,0.0,-7.0,100.0,107.0,14.15328051540479,2.6463217631937517,0.0,0.0,53,0.0007444970430824987,0.32562615010746043,0.04853277894056666,0.01319024006517861,0.5926617876357302
cv27__tu,float64,0.0,-7.0,100.0,107.0,16.500732149612798,3.948475185773083,0.0,0.0,58,0.0008147326131846212,0.32562615010746043,0.04853277894056666,0.017474609841408084,0.5641742404023093
cv26__tu,float64,0.0,-7.0,100.0,107.0,13.574866628197999,6.083692705333689,0.0,0.0,75,0.0010535335515318377,0.06128755847111211,0.055472053266656364,0.007683771369172204,0.5511104243633146
cv25__tu,float64,0.0,-7.0,100.0,107.0,10.109061889430828,2.434378906853587,0.0,0.0,62,0.0008709210692663192,0.06128755847111211,0.055472053266656364,0.004649594740760511,0.7614097683630898
cv24__tu,float64,0.0,0.0,32483.981381702764,32483.981381702764,328.6133276070724,71.92891277947112,0.0,0.0,3166,0.04447316298866398,0.0,0.7749230920507382,1.4047114020424503e-05,0.7749230920507382
cv23__tu,float64,0.0,0.0,4211.0,4211.0,81.20646796962606,35.73600754448893,0.0,0.0,1541,0.02164660270547416,0.0,0.624618972032196,1.4047114020424503e-05,0.624618972032196
cv22__tu,float64,0.0,0.0,83596.0,83596.0,2819.5884709234806,1105.2165879176634,4.0,0.0,13111,0.18417171192178566,0.0,0.4987287361811516,1.4047114020424503e-05,0.4987287361811516
cv21__tu,float64,0.0,0.0,392310.68,392310.68,5560.421380531833,838.507512842315,98.94,0.0,8753,0.12295438902077568,0.0,0.41902541122926296,1.4047114020424503e-05,0.41902541122926296
cv20__tu,float64,0.0,0.0,52165.63,52165.63,566.8229773614456,327.55120459428315,87.48221205299478,0.0,5880,0.08259703044009609,0.0,0.3620222225343803,1.4047114020424503e-05,0.3620222225343803
cv19__tu,float64,0.0,0.0,1004449.0,1004449.0,52094.79145000948,25666.226339729295,7570.991438166585,0.0,42959,0.6034499712034163,0.0,0.20073325935186617,1.4047114020424503e-05,0.20073325935186617
cv18__tu,float64,0.0,-7.0,36.0,43.0,2.7904288620670483,-0.1948615656913287,0.0,0.0,33,0.0004635547626740086,0.19930045372178287,0.08424054278048575,1.4047114020424503e-05,0.5842335192234756
cv17__tu,float64,0.0,-7.0,36.0,43.0,2.844538366727684,0.09827360968688983,0.0,0.0,33,0.0004635547626740086,0.16886035763952295,0.07523634269339365,1.4047114020424503e-05,0.5099664273974912
cv16__tu,float64,0.0,-6.0,13.0,19.0,0.8958829646314251,0.25350826672660104,0.0,0.0,15,0.00021070671030636756,0.006068353256823386,0.006068353256823386,1.4047114020424503e-05,0.8067959937630814
cv15__tu,float64,0.0,-6.0,35.0,41.0,1.94487273717842,2.2645492983466546,2.0,1.0,29,0.0004073663065923106,0.006068353256823386,0.006068353256823386,1.4047114020424503e-05,0.02036831532961553
cv14__tu,float64,0.0,0.0,88.0,88.0,5.880781725443406,6.985910744637514,5.0,3.0,69,0.0009692508674092907,0.0,0.006447625335374847,1.4047114020424503e-05,0.006447625335374847
cv13__tu,float64,0.0,-6.0,100.0,106.0,28.861511015334965,49.62383233364705,50.0,100.0,100,0.0014047114020424504,0.005815505204455744,0.005815505204455744,0.09835789237101238,0.08818778182022503
cv12__tu,float64,0.0,-6.0,67.0,73.0,5.5380297544640396,4.9858966975234935,3.0,1.0,59,0.0008287797272050457,0.005815505204455744,0.005815505204455744,1.4047114020424503e-05,0.1293739201281097
cv11__tu,float64,0.0,-6.0,67.0,73.0,5.657637284168427,5.308797707510992,4.0,1.0,59,0.0008287797272050457,0.005815505204455744,0.005815505204455744,1.4047114020424503e-05,0.10962367781539283
bkc328__tu,float64,0.0,-6.0,94511.0,94517.0,1936.3256999287044,362.8450603323547,0.0,-1.0,3806,0.05346331596173566,0.48890980348087487,0.005815505204455744,1.4047114020424503e-05,0.021688744047535433
ret315__tu,float64,0.0,-6.0,23.0,29.0,6.660672213626936,1.7110649117138883,-1.0,-1.0,28,0.0003933191925718861,0.7345657334700586,0.005815505204455744,0.01753079829748978,0.03836266838977932
ret316__tu,float64,0.0,0.0,57583.08,57583.08,849.0297847178707,157.57455896245733,0.0,0.0,4170,0.05857646546517018,0.0,0.8565227773953841,1.4047114020424503e-05,0.8565227773953841
ret204__tu,float64,0.0,-6.0,50.0,56.0,2.149923687673594,-0.8760464397589516,-1.0,-1.0,1139,0.01599966286926351,0.8468724100633525,0.005815505204455744,0.00015451825422466955,0.0004073663065923106
aut224__tu,float64,0.0,-6.0,50.0,56.0,3.3589430314664925,-0.2260396971442217,-1.0,-2.0,1621,0.02277037182710812,0.63401649131186,0.005815505204455744,0.0005197432187557066,0.0005337903327761311
aut223__tu,float64,0.0,-6.0,50.0,56.0,3.090169834097566,-0.45465760159575214,-1.0,-2.0,1507,0.021169000828779726,0.6691061821348804,0.005815505204455744,0.0003511778505106126,0.0004916489907148576
aut222__tu,float64,0.0,-6.0,50.0,56.0,2.9376241597301833,-0.6221722457121185,-1.0,-2.0,1309,0.018387672252735677,0.7022011827670005,0.005815505204455744,0.00015451825422466955,0.0005056961047352821
aut205__tu,float64,0.0,-6.0,50.0,56.0,3.5287238768771934,0.1336736012586214,-1.0,-2.0,1792,0.02517242832460071,0.5667027209259857,0.005815505204455744,0.0005618845608169801,0.0006602143589599517
aut204__tu,float64,0.0,-6.0,50.0,56.0,3.3976480732670185,-0.21878871735801883,-1.0,-2.0,1682,0.023627245782354016,0.63401649131186,0.005815505204455744,0.0005197432187557066,0.0005337903327761311
aut203__tu,float64,0.0,-6.0,50.0,56.0,3.104906166091044,-0.45193021393754645,-1.0,-2.0,1568,0.022025874784025623,0.6691061821348804,0.005815505204455744,0.0003511778505106126,0.0004916489907148576
aut202__tu,float64,0.0,-6.0,50.0,56.0,2.951999848400546,-0.6207137338633777,-1.0,-2.0,1313,0.018443860708817372,0.7022011827670005,0.005815505204455744,0.00018261248226551856,0.0004916489907148576
aut201__tu,float64,0.0,-6.0,50.0,56.0,2.824416924749776,-1.0389547542457402,-2.0,-2.0,812,0.011406256584584697,0.8130188652741295,0.005815505204455744,0.00025284805236764106,0.0005056961047352821
ret225__tu,float64,0.0,-6.0,50.0,56.0,2.3207048837169073,-0.6086104594810996,-1.0,-1.0,1305,0.018331483796653978,0.797552992737642,0.005815505204455744,7.023557010212251e-05,0.0004073663065923106
ret224__tu,float64,0.0,-6.0,50.0,56.0,2.064623285598697,-0.8747250277430502,-1.0,-1.0,1151,0.016168228237508603,0.8468724100633525,0.005815505204455744,5.6188456081698014e-05,0.0004073663065923106
ret223__tu,float64,0.0,-6.0,50.0,56.0,1.8516926979101467,-1.0384861425220187,-1.0,-1.0,1043,0.014651139923302758,0.8786329348635323,0.005815505204455744,5.6188456081698014e-05,0.0004073663065923106
ret222__tu,float64,0.0,-6.0,50.0,56.0,1.7151478953018893,-1.1508023711528466,-1.0,-2.0,923,0.012965486240851818,0.9017685316551715,0.005815505204455744,9.832979814297153e-05,0.0003933191925718861
ret205__tu,float64,0.0,-6.0,50.0,56.0,2.4265185687961,-0.6139813735268089,-1.0,-1.0,1290,0.01812077708634761,0.797552992737642,0.005815505204455744,0.00018261248226551856,0.0004073663065923106
ret203__tu,float64,0.0,-6.0,50.0,56.0,1.912772155545243,-1.0370664007079746,-1.0,-1.0,1033,0.014510668783098512,0.8786329348635323,0.005815505204455744,9.832979814297153e-05,0.0003933191925718861
per252__tu,float64,0.0,-6.0,9818.0,9824.0,161.8188624340978,10.771397266431611,-1.0,-1.0,707,0.009931309612440124,0.8163480312969701,0.005815505204455744,1.4047114020424503e-05,0.13711387995336358
ret202__tu,float64,0.0,-6.0,50.0,56.0,1.7466981520346359,-1.1495405189003922,-1.0,-2.0,921,0.012937392012810968,0.9017685316551715,0.005815505204455744,0.00011237691216339603,0.0003933191925718861
ret201__tu,float64,0.0,-6.0,50.0,56.0,1.4919482894563807,-1.2936574470774977,-1.0,-2.0,741,0.010408911489134557,0.9332762084029836,0.005815505204455744,7.023557010212251e-05,0.0003792720785514616
rev225__tu,float64,0.0,-6.0,50.0,56.0,4.6536684755419655,1.3546619562010984,0.14,-2.0,2418,0.03396592170138645,0.4989534900054784,0.005815505204455744,0.0003933191925718861,0.0003933191925718861
rev224__tu,float64,0.0,-6.0,50.0,56.0,4.561639599296062,0.903097669583784,-1.0,-2.0,2355,0.033080953518099705,0.559960106196182,0.005815505204455744,0.0004776018766944331,0.0003933191925718861
rev223__tu,float64,0.0,-6.0,50.0,56.0,4.533413899123409,0.5673191082892021,-1.0,-2.0,2317,0.03254716318532357,0.6101644917051792,0.005815505204455744,0.0005618845608169801,0.0003933191925718861
rev222__tu,float64,0.0,-6.0,50.0,56.0,4.559183708036288,0.27447470817120617,-1.0,-2.0,2246,0.031549818089873435,0.6587815533298684,0.005815505204455744,0.0009130624113275927,0.0003933191925718861
rev205__tu,float64,0.0,-6.0,50.0,56.0,5.053686080255012,1.3515009341330824,0.14,-2.0,2434,0.03419067552571324,0.4989534900054784,0.005815505204455744,0.001896360392757308,0.0003933191925718861
rev204__tu,float64,0.0,-6.0,50.0,56.0,4.980211887150541,0.9331476773096968,-1.0,-2.0,2361,0.033165236202222254,0.559960106196182,0.005815505204455744,0.0019385017348185814,0.0003792720785514616
rev203__tu,float64,0.0,-6.0,50.0,56.0,4.8685540273059615,0.6037615361923893,-1.0,-2.0,2305,0.03237859781707848,0.6101644917051792,0.005815505204455744,0.0020227844189411284,0.0003792720785514616
rev202__tu,float64,0.0,-6.0,50.0,56.0,4.777169505845341,0.30385340431808283,-1.0,-2.0,2218,0.03115649889730155,0.6587815533298684,0.005815505204455744,0.002064925761002402,0.0003933191925718861
rev201__tu,float64,0.0,-6.0,50.0,56.0,4.435239368136001,-0.22864094171852392,-2.0,-2.0,1978,0.027785191532399667,0.7440053940917838,0.005815505204455744,0.0018823132787368834,0.0003792720785514616
per255__tu,float64,0.0,-6.0,18905.0,18911.0,257.1679294088853,29.127224711682985,-1.0,-1.0,1204,0.016912725280591102,0.739046762842574,0.005815505204455744,1.4047114020424503e-05,0.14544381856747532
per254__tu,float64,0.0,-6.0,23618.0,23624.0,260.2009626054433,22.616654258382614,-1.0,-1.0,1051,0.014763516835466154,0.774389301717962,0.005815505204455744,1.4047114020424503e-05,0.1389540518900392
aut225__tu,float64,0.0,-6.0,50.0,56.0,3.446354740885566,0.1180348087485426,-1.0,-2.0,1736,0.024385789939456937,0.5667027209259857,0.005815505204455744,0.0005337903327761311,0.0006602143589599517
std201__tu,float64,0.0,-6.0,50.0,56.0,0.7057323391644673,-1.3847501720771465,-1.0,-1.0,128,0.0017980305946143364,0.994142353453483,0.005815505204455744,2.8094228040849007e-05,0.0004635547626740086
std202__tu,float64,0.0,-6.0,50.0,56.0,0.9837378612036608,-1.3662192192614027,-1.0,-1.0,189,0.002654904549860231,0.9913048364213572,0.005815505204455744,0.00016856536824509406,0.0005197432187557066
std203__tu,float64,0.0,-6.0,50.0,56.0,1.1800770455960838,-1.3511668937616768,-1.0,-1.0,236,0.003315118908820183,0.9893382404584978,0.005815505204455744,0.0003090365084493391,0.0005759316748374046
rev84__tu,float64,0.0,-6.0,999.0,1005.0,304.55491672587954,104.80067145205018,0.0,0.0,28,0.0003933191925718861,0.4113697340881316,0.005815505204455744,0.10392054952310048,0.27255615333829664
rev83__tu,float64,0.0,-6.0,999.0,1005.0,270.5227974864015,80.69207321355827,0.0,0.0,28,0.0003933191925718861,0.4113697340881316,0.005815505204455744,0.07982974897807245,0.3121409206478529
rev82__tu,float64,0.0,-6.0,999.0,1005.0,235.0748227952715,59.77240865864108,0.0,0.0,28,0.0003933191925718861,0.4113697340881316,0.005815505204455744,0.058927643315680796,0.3438873983340123
rev81__tu,float64,0.0,-6.0,999.0,1005.0,202.6094218598845,43.894211184312184,0.0,0.0,28,0.0003933191925718861,0.4113697340881316,0.005815505204455744,0.04304035735858068,0.36507044627681245
rev54__tu,float64,0.0,-6.0,24.0,30.0,2.4959975136353156,0.31457107137338636,0.0,-2.0,28,0.0003933191925718861,0.46970739861495453,0.005815505204455744,4.2141342061273514e-05,0.10414530334742728
rev53__tu,float64,0.0,-6.0,28.0,34.0,2.6272792820307713,0.4165952605037295,0.0,-2.0,31,0.0004354605346331596,0.46970739861495453,0.005815505204455744,1.4047114020424503e-05,0.07989998454817458
rev52__tu,float64,0.0,-6.0,29.0,35.0,2.7351109048761537,0.5073115228476309,0.0,-2.0,33,0.0004635547626740086,0.46970739861495453,0.005815505204455744,1.4047114020424503e-05,0.05814100493053702
rev51__tu,float64,0.0,-6.0,29.0,35.0,2.8195108671462275,0.57809493039655,0.0,-2.0,33,0.0004635547626740086,0.46970739861495453,0.005815505204455744,1.4047114020424503e-05,0.042801556420233464
rev14__tu,float64,0.0,-6.0,196.0,202.0,12.047555871106892,4.846689797581087,0.0,-2.0,143,0.002008737304920704,0.46970739861495453,0.005815505204455744,1.4047114020424503e-05,0.10414530334742728
rev13__tu,float64,0.0,-6.0,229.0,235.0,14.863332971071918,6.379412549691666,0.0,-2.0,168,0.0023599151554313164,0.46970739861495453,0.005815505204455744,1.4047114020424503e-05,0.07989998454817458
rev12__tu,float64,0.0,-6.0,246.0,252.0,16.90918652388674,7.6146876624197555,0.0,-2.0,185,0.002598716093778533,0.46970739861495453,0.005815505204455744,2.8094228040849007e-05,0.05814100493053702
rev11__tu,float64,0.0,-6.0,260.0,266.0,18.236560065932313,8.476014552810126,0.0,-2.0,199,0.002795375690064476,0.46970739861495453,0.005815505204455744,1.4047114020424503e-05,0.042801556420233464
per225__tu,float64,0.0,-6.0,50.0,56.0,2.016496007197124,-0.5906383008610882,-1.0,-1.0,1076,0.015114694685976766,0.7716782087120201,0.005815505204455744,9.832979814297153e-05,0.0005618845608169801
per224__tu,float64,0.0,-6.0,50.0,56.0,1.9475108621552826,-0.7661790445153044,-1.0,-1.0,984,0.013822360196097712,0.8168537274017054,0.005815505204455744,0.00016856536824509406,0.0005337903327761311
per223__tu,float64,0.0,-6.0,50.0,56.0,1.8101192530542876,-0.9100112376912164,-1.0,-1.0,880,0.012361460337973564,0.8515079576900926,0.005815505204455744,0.00015451825422466955,0.0005337903327761311
per222__tu,float64,0.0,-6.0,50.0,56.0,1.5983318229311456,-1.0189405666605795,-1.0,-1.0,750,0.010535335515318378,0.8753178159547121,0.005815505204455744,0.00011237691216339603,0.0004916489907148576
per205__tu,float64,0.0,-6.0,50.0,56.0,2.076718919877472,-0.5957919060529013,-1.0,-1.0,1033,0.014510668783098512,0.7716782087120201,0.005815505204455744,0.0003652249645310371,0.0005618845608169801
per204__tu,float64,0.0,-6.0,50.0,56.0,1.9770183563095647,-0.772156091530995,-1.0,-1.0,965,0.013555465029709645,0.8168537274017054,0.005815505204455744,0.0003230836224697636,0.0005337903327761311
per203__tu,float64,0.0,-6.0,50.0,56.0,1.8330820405166541,-0.9146257146469257,-1.0,-1.0,878,0.012333366109932714,0.8515079576900926,0.005815505204455744,0.00025284805236764106,0.0005337903327761311
per202__tu,float64,0.0,-6.0,50.0,56.0,1.6067625924630662,-1.0216525024933627,-1.0,-1.0,737,0.010352723033052859,0.8753178159547121,0.005815505204455744,0.00015451825422466955,0.0004916489907148576
per201__tu,float64,0.0,-6.0,50.0,56.0,1.2805499389428014,-1.2098457626880559,-1.0,-1.0,482,0.006770708957844611,0.9232325218783801,0.005815505204455744,8.428268412254703e-05,0.0005056961047352821
std225__tu,float64,0.0,-6.0,50.0,56.0,1.48845906555328,-1.2872220427313208,-1.0,-1.0,392,0.005506468696006406,0.9754596918063184,0.005815505204455744,0.0004776018766944331,0.001250193147817781
std224__tu,float64,0.0,-6.0,50.0,56.0,1.2477099797647522,-1.3364316116253916,-1.0,-1.0,305,0.004284369776229474,0.9865850061104946,0.005815505204455744,0.0003371307364901881,0.0006602143589599517
std223__tu,float64,0.0,-6.0,50.0,56.0,1.0624133241164893,-1.3558135386084929,-1.0,-1.0,243,0.0034134487069631546,0.9893382404584978,0.005815505204455744,0.00022475382432679206,0.0005759316748374046
std222__tu,float64,0.0,-6.0,50.0,56.0,0.8975478499187389,-1.3686784475129588,-1.0,-1.0,181,0.002542527637696835,0.9913048364213572,0.005815505204455744,0.00011237691216339603,0.0005197432187557066
std205__tu,float64,0.0,-6.0,50.0,56.0,2.069364042662784,-1.2474691314669402,-1.0,-1.0,428,0.006012164800741688,0.9754596918063184,0.005815505204455744,0.0012220989197769317,0.0012642402618382054
std204__tu,float64,0.0,-6.0,50.0,56.0,1.527752666277396,-1.3217172596889968,-1.0,-1.0,300,0.004214134206127351,0.9865850061104946,0.005815505204455744,0.0006180730168986782,0.0006602143589599517
per253__tu,float64,0.0,-6.0,10790.0,10796.0,199.72755268469467,15.626374861284749,-1.0,-1.0,874,0.012277177653851017,0.8000252848052367,0.005815505204455744,1.4047114020424503e-05,0.1349506243942182
per235__tu,float64,0.0,0.0,116485.36,116485.36,2083.015321626339,246.5004471898774,0.0,0.0,4483,0.06297321215356305,0.0,0.8829875402098639,2.8094228040849007e-05,0.8829875402098639
ret317__tu,float64,0.0,0.0,57583.08,57583.08,991.1945910914962,202.41234996514655,0.0,0.0,4662,0.06548764556321904,0.0,0.8315329615530489,1.4047114020424503e-05,0.8315329615530489
all234__tu,float64,0.0,0.0,673262.45,673262.45,14624.76581764967,2308.4278745025717,0.0,0.0,12607,0.17709196645549172,0.0,0.6508449339083285,1.4047114020424503e-05,0.6508449339083285
rev254__tu,float64,0.0,-6.0,37543.0,37549.0,332.6673055862357,64.91913076458441,-1.0,-2.0,1486,0.020874011434350814,0.515486943207518,0.005815505204455744,1.4047114020424503e-05,0.1819522679065586
rev253__tu,float64,0.0,-6.0,23585.0,23591.0,290.43515873840204,60.391872339827785,-1.0,-2.0,1493,0.020972341232493783,0.5605922263271012,0.005815505204455744,1.4047114020424503e-05,0.16645830114203036
rev252__tu,float64,0.0,-6.0,20523.0,20529.0,295.83696762724145,57.730449929062075,-1.0,-2.0,1529,0.021478037337229066,0.5982103976737979,0.005815505204455744,1.4047114020424503e-05,0.15967354507016535
rev235__tu,float64,0.0,0.0,245637.09111709776,245637.09111709776,3569.7398188376737,856.8014231247699,0.0,0.0,10717,0.1505429209568894,0.0,0.655227633482701,1.4047114020424503e-05,0.655227633482701
rev234__tu,float64,0.0,0.0,76669.77,76669.77,1960.4392822154516,473.12154648011574,0.0,0.0,8333,0.11705460113219739,0.0,0.6967509025270758,1.4047114020424503e-05,0.6967509025270758
rev233__tu,float64,0.0,0.0,45753.93,45753.93,1082.4327721523,257.1194314240425,0.0,0.0,6308,0.08860919524083777,0.0,0.7264324544522328,1.4047114020424503e-05,0.7264324544522328
rev232__tu,float64,0.0,0.0,44329.720910063836,44329.720910063836,653.1153721919375,139.6307099626614,0.0,0.0,4589,0.06446220623972805,0.0,0.7573361052971667,1.4047114020424503e-05,0.7573361052971667
rev231__tu,float64,0.0,0.0,32000.129147138054,32000.129147138054,326.4370886381087,52.417054942157165,0.0,0.0,2733,0.03839076261782017,0.0,0.8229782691146104,1.4047114020424503e-05,0.8229782691146104
all255__tu,float64,0.0,-6.0,321447.0,321453.0,2947.9697935011195,397.85003301071794,0.0,0.0,4037,0.056708199300453725,0.1927825928163059,0.005815505204455744,1.4047114020424503e-05,0.396128615375971
all254__tu,float64,0.0,-6.0,327417.0,327423.0,3324.4843052155434,345.44446473472027,0.0,0.0,3606,0.05065389315765076,0.25175237747404794,0.005815505204455744,1.4047114020424503e-05,0.40086249280085406
all253__tu,float64,0.0,-6.0,201391.0,201397.0,2598.273942043819,257.6044332691848,0.0,0.0,3112,0.04371461883156105,0.29872592675834747,0.005815505204455744,1.4047114020424503e-05,0.403475256008653
all252__tu,float64,0.0,-6.0,134236.0,134242.0,1985.7555635290491,207.18688280492773,0.0,0.0,2692,0.03781483094298276,0.3348691511328997,0.005815505204455744,1.4047114020424503e-05,0.41162258214049924
all235__tu,float64,0.0,0.0,1046424.36,1046424.36,25805.714168897808,5048.540047576678,0.0,0.0,17535,0.24631614434814367,0.0,0.5872817429659076,1.4047114020424503e-05,0.5872817429659076
all233__tu,float64,0.0,0.0,599101.9487397127,599101.9487397127,8667.553366574584,1056.8119213521613,0.0,0.0,8738,0.12274368231046931,0.0,0.7004874348565088,1.4047114020424503e-05,0.7004874348565088
per234__tu,float64,0.0,0.0,60290.35,60290.35,1138.3396592876784,120.33565613472133,0.0,0.0,3201,0.044964811979378835,0.0,0.9120931604601834,1.4047114020424503e-05,0.9120931604601834
all232__tu,float64,0.0,0.0,390627.73,390627.73,5111.328159451767,516.0656435362946,0.0,0.0,6079,0.08539240613016055,0.0,0.7453820112657854,1.4047114020424503e-05,0.7453820112657854
all231__tu,float64,0.0,0.0,344975.0,344975.0,2725.0752676898787,195.53549451302968,0.0,0.0,3395,0.04768995209934119,0.0,0.8124007922572307,1.4047114020424503e-05,0.8124007922572307
ret328__tu,float64,0.0,-6.0,45543.0,45549.0,996.3279125293549,238.5920999030749,-1.0,-1.0,3403,0.047802329011504587,0.7227380634648611,0.005815505204455744,1.4047114020424503e-05,0.012347413223953139
ret327__tu,float64,0.0,-6.0,41029.0,41035.0,884.5419395442578,189.7182289398643,-1.0,-1.0,3018,0.04239419011364115,0.7789967551166613,0.005815505204455744,1.4047114020424503e-05,0.013709983283934316
ret326__tu,float64,0.0,-6.0,34556.0,34562.0,810.6214350314361,158.04589192150473,-1.0,-1.0,2786,0.039135259660902665,0.8157440053940918,0.005815505204455744,1.4047114020424503e-05,0.015985615755243085
ret325__tu,float64,0.0,-6.0,59273.0,59279.0,790.3006203887409,138.01129387967242,-1.0,-1.0,2577,0.036199412830633944,0.8391605444661394,0.005815505204455744,1.4047114020424503e-05,0.017474609841408084
ret324__tu,float64,0.0,0.0,43201.09237184927,43201.09237184927,631.5825241084888,115.47046603718844,0.0,0.0,3237,0.04547050808411412,0.0,0.8246077343409797,1.4047114020424503e-05,0.8246077343409797
ret323__tu,float64,0.0,0.0,24050.18,24050.18,640.6634857413659,114.91878174294543,0.0,0.0,3341,0.04693140794223827,0.0,0.848642346429926,1.4047114020424503e-05,0.848642346429926
ret322__tu,float64,0.0,0.0,24515.78,24515.78,669.6867688472988,117.5164496474106,0.0,0.0,3426,0.04812541263397435,0.0,0.8644874910449648,1.4047114020424503e-05,0.8644874910449648
ret321__tu,float64,0.0,0.0,57402.659999999996,57402.659999999996,733.1438242104404,120.44355207965293,0.0,0.0,3519,0.049431794237873826,0.0,0.8738990574386493,1.4047114020424503e-05,0.8738990574386493
ret320__tu,float64,0.0,-6.0,23.0,29.0,4.249795055408641,0.07966118360982737,-1.0,-1.0,27,0.0003792720785514616,0.7227380634648611,0.005815505204455744,0.006784756071865035,0.15677983958195787
ret319__tu,float64,0.0,0.0,63470.009999999995,63470.009999999995,1485.5938344011229,388.5662103746288,0.0,0.0,6465,0.09081459214204442,0.0,0.7349450055486101,1.4047114020424503e-05,0.7349450055486101
ret318__tu,float64,0.0,0.0,63470.009999999995,63470.009999999995,1210.7688843234207,274.5740524386527,0.0,0.0,5410,0.07599488685049656,0.0,0.7924117490061667,1.4047114020424503e-05,0.7924117490061667
rev255__tu,float64,0.0,-6.0,27369.0,27375.0,327.8189011183582,70.87652586776046,0.0,-2.0,1511,0.021225189284861425,0.4605767745016786,0.005815505204455744,1.4047114020424503e-05,0.195367261796064
ret231__tu,float64,0.0,0.0,4822.0,4822.0,59.32020802557229,4.833804636643837,0.0,0.0,826,0.011602916180870641,0.0,0.9581536473331554,1.4047114020424503e-05,0.9581536473331554
ret232__tu,float64,0.0,0.0,8258.0,8258.0,125.88669766828252,12.885960507584807,0.0,0.0,1334,0.018738850103246288,0.0,0.9355939822163537,1.4047114020424503e-05,0.9355939822163537
ret233__tu,float64,0.0,0.0,14446.445289146397,14446.445289146397,213.5510886442641,24.769731502995015,0.0,0.0,1877,0.026366433016336795,0.0,0.9216030566520108,1.4047114020424503e-05,0.9216030566520108
per233__tu,float64,0.0,0.0,34805.54,34805.54,595.5311276550974,53.973860089302164,0.0,0.0,2180,0.030622708564525418,0.0,0.9338661871918414,1.4047114020424503e-05,0.9338661871918414
per232__tu,float64,0.0,0.0,15858.529999999999,15858.529999999999,310.16343956765,23.984987881998947,0.0,0.0,1457,0.0204666451277585,0.0,0.9530264507157005,1.4047114020424503e-05,0.9530264507157005
per231__tu,float64,0.0,0.0,13503.0,13503.0,142.29572960484444,6.003332245916225,0.0,0.0,721,0.010127969208726066,0.0,0.9781005492421582,2.8094228040849007e-05,0.9781005492421582
std255__tu,float64,0.0,-6.0,321447.0,321453.0,4813.596663325847,257.8086642599278,-1.0,-1.0,1020,0.014328056300832994,0.9210833134332551,0.005815505204455744,1.4047114020424503e-05,0.04923513464158789
std254__tu,float64,0.0,-6.0,327417.0,327423.0,4075.518202002157,171.89088201828935,-1.0,-1.0,664,0.00932728370956187,0.9451881610923036,0.005815505204455744,1.4047114020424503e-05,0.03907907120482097
std253__tu,float64,0.0,-6.0,197148.0,197154.0,2498.6400533773713,75.67041256373878,-1.0,-1.0,396,0.005562657152088104,0.9541502198373344,0.005815505204455744,1.4047114020424503e-05,0.03694390987371644
std252__tu,float64,0.0,-6.0,197148.0,197154.0,1736.124976617666,36.57722400932728,-1.0,-1.0,260,0.003652249645310371,0.9589402857182991,0.005815505204455744,1.4047114020424503e-05,0.035384680217449324
std235__tu,float64,0.0,0.0,454064.00134701247,454064.00134701247,6751.495656124369,374.56712709356657,0.0,0.0,1525,0.021421848881147367,0.0,0.9702903538468022,1.4047114020424503e-05,0.9702903538468022
std234__tu,float64,0.0,0.0,454064.00134701247,454064.00134701247,5195.940630786059,222.40353303851694,0.0,0.0,943,0.013246428521260307,0.0,0.9842391380690837,1.4047114020424503e-05,0.9842391380690837
std233__tu,float64,0.0,0.0,327121.83,327121.83,3032.916754292322,92.67490257106628,0.0,0.0,543,0.007627582913090506,0.0,0.9910519883689896,1.4047114020424503e-05,0.9910519883689896
std232__tu,float64,0.0,0.0,327121.83,327121.83,2343.092821489466,45.88382138030401,0.0,0.0,345,0.004846254337046454,0.0,0.9942968717077076,1.4047114020424503e-05,0.9942968717077076
std231__tu,float64,0.0,0.0,107398.0,107398.0,630.6899398790293,8.11552722010455,0.0,0.0,153,0.002149208445124949,0.0,0.9974293781342624,1.4047114020424503e-05,0.9974293781342624
aut255__tu,float64,0.0,-6.0,54965.0,54971.0,1563.3840817013731,298.7184817879167,-1.0,-2.0,3953,0.05552824172273806,0.5276236497211648,0.005815505204455744,1.4047114020424503e-05,0.24523451656857098
aut254__tu,float64,0.0,-6.0,54965.0,54971.0,1611.687889067212,238.49107305904002,-1.0,-2.0,3266,0.04587787439070643,0.5834749750663726,0.005815505204455744,1.4047114020424503e-05,0.24451811375352933
aut253__tu,float64,0.0,-6.0,150863.0,150869.0,1560.1330939040624,176.92321847476435,-1.0,-2.0,2399,0.033699026534998386,0.616345221874166,0.005815505204455744,1.4047114020424503e-05,0.24682184045287894
aut252__tu,float64,0.0,-6.0,78077.0,78083.0,1357.8695741938861,144.54488755285226,-1.0,-2.0,1784,0.025060051412437313,0.6430066442849317,0.005815505204455744,1.4047114020424503e-05,0.25154167076374156
aut235__tu,float64,0.0,0.0,587201.14,587201.14,10122.210839923524,2391.769637158633,0.0,0.0,11250,0.15803003272977567,0.0,0.769191869530405,1.4047114020424503e-05,0.769191869530405
aut234__tu,float64,0.0,0.0,253053.6,253053.6,5789.032558620503,1124.8702811141613,0.0,0.0,7172,0.10074590175448454,0.0,0.8236525305875908,1.4047114020424503e-05,0.8236525305875908
aut233__tu,float64,0.0,0.0,146337.11,146337.11,3629.20787525249,540.9927614591855,0.0,0.0,4595,0.06454648892385059,0.0,0.8592760117433873,1.4047114020424503e-05,0.8592760117433873
aut232__tu,float64,0.0,0.0,93283.93,93283.93,2426.769558562308,281.458515642182,0.0,0.0,3044,0.04275941507817219,0.0,0.8927502844540589,1.4047114020424503e-05,0.8927502844540589
aut231__tu,float64,0.0,0.0,67074.0,67074.0,1454.3197609942413,112.39940293264145,0.0,0.0,1613,0.022657994914944725,0.0,0.9419994662096672,2.8094228040849007e-05,0.9419994662096672
ret255__tu,float64,0.0,-6.0,11308.0,11314.0,95.55131677701283,11.36202222253438,-1.0,-1.0,663,0.009313236595541447,0.7662841169281771,0.005815505204455744,1.4047114020424503e-05,0.10524097824102038
ret254__tu,float64,0.0,-6.0,5250.0,5256.0,73.3946625698012,7.768082147522791,-1.0,-1.0,587,0.008245655929989184,0.8129767239320681,0.005815505204455744,1.4047114020424503e-05,0.09066007388781974
ret253__tu,float64,0.0,-6.0,5468.0,5474.0,67.30256490716505,6.005703128292292,-1.0,-1.0,542,0.007613535799070081,0.841759260559918,0.005815505204455744,1.4047114020424503e-05,0.08040568065290986
ret252__tu,float64,0.0,-6.0,5468.0,5474.0,63.65876344108078,4.912739327705123,-1.0,-1.0,511,0.007178075264436921,0.8620151989773701,0.005815505204455744,1.4047114020424503e-05,0.07385972551939204
ret235__tu,float64,0.0,0.0,61134.945842713205,61134.945842713205,658.4141213067038,97.30491449004539,0.0,0.0,3719,0.05224121704195873,0.0,0.870682268327972,1.4047114020424503e-05,0.870682268327972
ret234__tu,float64,0.0,0.0,30767.81798723105,30767.81798723105,369.05339906962064,47.43279723149853,0.0,0.0,2593,0.03642416665496074,0.0,0.9029203950048462,1.4047114020424503e-05,0.9029203950048462
agg902__tu,float64,0.0,-6.0,3.0,9.0,1.6396868849671653,0.7717484442821222,1.0,2.0,7,9.832979814297153e-05,0.16769444717582774,0.005815505204455744,0.13518942533256542,0.21885403643821377
agg903__tu,float64,0.0,-6.0,3.0,9.0,1.284988177547205,-0.13906642880220257,0.0,0.0,7,9.832979814297153e-05,0.23975614210060542,0.005815505204455744,0.007585441571029232,0.47350011940046915
agg904__tu,float64,0.0,-6.0,3.0,9.0,1.2634755419721555,-0.16433718692494628,0.0,0.0,7,9.832979814297153e-05,0.23975614210060542,0.005815505204455744,0.0061385888269255085,0.4892750284454059
linkf082__tu,float64,0.0,0.0,80.0,80.0,1.9283768195593287,0.3215524870415373,0.0,0.0,58,0.0008147326131846212,0.0,0.892651954655916,1.4047114020424503e-05,0.892651954655916
linkf095__tu,float64,0.0,0.0,42.0,42.0,0.984304704541206,0.13112980938066274,0.0,0.0,36,0.0005056961047352821,0.0,0.9467614378625911,1.4047114020424503e-05,0.9467614378625911
linkf094__tu,float64,0.0,0.0,40.0,40.0,0.7391601951116353,0.09164337186924947,0.0,0.0,28,0.0003933191925718861,0.0,0.9586312492098499,2.8094228040849007e-05,0.9586312492098499
linkf093__tu,float64,0.0,0.0,36.0,36.0,0.47715762143886015,0.05273286603267359,0.0,0.0,18,0.00025284805236764106,0.0,0.9725800334321314,1.4047114020424503e-05,0.9725800334321314
linkf092__tu,float64,0.0,0.0,11.0,11.0,0.23650326472478805,0.021913497871862225,0.0,0.0,11,0.00015451825422466955,0.0,0.9863883465142087,1.4047114020424503e-05,0.9863883465142087
linkf091__tu,float64,0.0,0.0,197.0,197.0,5.11266960936796,1.087822556855694,0.0,0.0,117,0.001643512340389667,0.0,0.7919762884715336,1.4047114020424503e-05,0.7919762884715336
linkf090__tu,float64,0.0,0.0,158.0,158.0,6.375468057247387,2.8488530531402323,0.0,0.0,91,0.00127828737585863,0.0,0.5533579626065824,1.4047114020424503e-05,0.5533579626065824
linkf089__tu,float64,0.0,0.0,149.0,149.0,5.224679948005615,2.2022222534380314,0.0,0.0,79,0.0011097220076135357,0.0,0.6024666732219865,1.4047114020424503e-05,0.6024666732219865
linkf088__tu,float64,0.0,0.0,146.0,146.0,3.9475776220158716,1.509460731292756,0.0,0.0,69,0.0009692508674092907,0.0,0.669555689783534,1.4047114020424503e-05,0.669555689783534
linkf087__tu,float64,0.0,0.0,126.0,126.0,3.1770676984780395,1.1159729733526247,0.0,0.0,61,0.0008568739552458947,0.0,0.7182289398643049,1.4047114020424503e-05,0.7182289398643049
linkf086__tu,float64,0.0,0.0,103.0,103.0,2.3200635776509912,0.7326131846212196,0.0,0.0,51,0.0007164028150416497,0.0,0.7792496031690289,1.4047114020424503e-05,0.7792496031690289
linkf085__tu,float64,0.0,0.0,51.0,51.0,1.3294989068554113,0.356122434645802,0.0,0.0,32,0.0004495076486535841,0.0,0.8588265040947337,1.4047114020424503e-05,0.8588265040947337
linkf084__tu,float64,0.0,0.0,34.0,34.0,0.9805078105085824,0.23283091488853616,0.0,0.0,28,0.0003933191925718861,0.0,0.8935369228392027,1.4047114020424503e-05,0.8935369228392027
linkf083__tu,float64,0.0,0.0,21.0,21.0,0.6196525045922412,0.11993425950638441,0.0,0.0,19,0.00026689516638806556,0.0,0.9351023332256387,2.8094228040849007e-05,0.9351023332256387
linkf081__tu,float64,0.0,0.0,2484.0,2484.0,392.7016992148068,114.3671915604939,0.0,0.0,2269,0.0318729017123432,0.0,0.8926800488839568,1.4047114020424503e-05,0.8926800488839568
linkf097__tu,float64,0.0,0.0,76.0,76.0,1.919567344803615,0.2877832249364368,0.0,0.0,60,0.0008428268412254702,0.0,0.9124021969686328,1.4047114020424503e-05,0.9124021969686328
linkf080__tu,float64,0.0,0.0,27461.67,27461.67,164.36888067322332,6.8160064524666835,0.0,0.0,386,0.005422186011883858,0.0,0.9942266361376055,1.4047114020424503e-05,0.9942266361376055
linkf079__tu,float64,0.0,0.0,233445.0,233445.0,3787.475974982032,675.2854368845228,0.0,0.0,7830,0.10998890277992386,0.0,0.8381351051426484,1.4047114020424503e-05,0.8381351051426484
linkf078__tu,float64,0.0,0.0,255.0,255.0,4.018968147916822,0.42038798128924415,0.0,0.0,81,0.0011378162356543847,0.0,0.9448088890137522,1.4047114020424503e-05,0.9448088890137522
linkf077__tu,float64,0.0,0.0,178.0,178.0,1.1770159410817904,0.04993749034260911,0.0,0.0,25,0.0003511778505106126,0.0,0.9767801205242383,1.4047114020424503e-05,0.9767801205242383
linkf076__tu,float64,0.0,0.0,102175.98359597001,102175.98359597001,477.35928323162864,27.802795924298376,0.0,0.0,1122,0.015760861930916293,0.0,0.982328730562306,1.4047114020424503e-05,0.982328730562306
linkf075__tu,float64,0.0,0.0,215.0,215.0,3.5331201269187678,0.6975375409122195,0.0,0.0,84,0.0011799575777156582,0.0,0.8281335599601062,1.4047114020424503e-05,0.8281335599601062
linkf074__tu,float64,0.0,0.0,40.0,40.0,0.9905537128490367,0.1311017151526219,0.0,0.0,36,0.0005056961047352821,0.0,0.9471126157131018,2.8094228040849007e-05,0.9471126157131018
linkf073__tu,float64,0.0,0.0,4.0,4.0,0.1406847909482842,0.01591538018514096,0.0,0.0,5,7.023557010212251e-05,0.0,0.9858545561814325,1.4047114020424503e-05,0.9858545561814325
linkf072__tu,float64,0.0,0.0,3.0,3.0,0.08189566436487114,0.005984070572700838,0.0,0.0,4,5.6188456081698014e-05,0.0,0.9943530601637893,4.2141342061273514e-05,0.9943530601637893
linkf071__tu,float64,0.0,0.0,23.0,23.0,1.1323179823289857,0.42579612018710755,0.0,0.0,19,0.00026689516638806556,0.0,0.793380999873576,1.4047114020424503e-05,0.793380999873576
linkf070__tu,float64,0.0,0.0,135.0,135.0,0.7921730745810753,0.030173200915871834,0.0,0.0,15,0.00021070671030636756,0.0,0.9811909143266516,1.4047114020424503e-05,0.9811909143266516
linkf069__tu,float64,0.0,0.0,85.0,85.0,1.8317244607998475,0.6999536445237327,0.0,0.0,44,0.0006180730168986782,0.0,0.7049263228869629,2.8094228040849007e-05,0.7049263228869629
linkf068__tu,float64,0.0,0.0,999.0,999.0,14.260590710715935,7.570214499431092,2.0,0.0,156,0.0021913497871862224,0.0,0.36383430024301505,1.4047114020424503e-05,0.36383430024301505
linkf096__tu,float64,0.0,0.0,70.0,70.0,1.454751289289399,0.20910533930803915,0.0,0.0,46,0.0006461672449395272,0.0,0.9280787762154266,1.4047114020424503e-05,0.9280787762154266
linkf098__tu,float64,0.0,0.0,178.0,178.0,4.3136128354853085,0.7705263453623453,0.0,0.0,106,0.0014889940861649974,0.0,0.838682942589445,2.8094228040849007e-05,0.838682942589445
agg905__tu,float64,0.0,-6.0,869.0,875.0,57.92182270840671,48.90992231945947,3.29,-1.0,12141,0.1705460113219739,0.4728679992695501,0.005815505204455744,1.4047114020424503e-05,0.023163691019680008
linkf114__tu,float64,0.0,0.0,35.0,35.0,2.8370790869733846,1.475775751871778,0.0,0.0,31,0.0004354605346331596,0.0,0.6024666732219865,1.4047114020424503e-05,0.6024666732219865
linkf127__tu,float64,0.0,0.0,48.0,48.0,0.7559172584427611,0.05774768573796513,0.0,0.0,32,0.0004495076486535841,0.0,0.9885235078453132,1.4047114020424503e-05,0.9885235078453132
linkf126__tu,float64,0.0,0.0,42.0,42.0,0.3095888674445192,0.012965486240851818,0.0,0.0,18,0.00025284805236764106,0.0,0.9959965725041791,1.4047114020424503e-05,0.9959965725041791
linkf125__tu,float64,0.0,0.0,302.0,302.0,9.097488228091317,1.6004860301451067,0.0,0.0,167,0.002345868041410892,0.0,0.8901234741322396,1.4047114020424503e-05,0.8901234741322396
linkf124__tu,float64,0.0,0.0,128884.0,128884.0,1999.6594461526897,308.73818165121423,0.0,0.0,5121,0.07193527089859389,0.0,0.892651954655916,1.4047114020424503e-05,0.892651954655916
linkf123__tu,float64,0.0,0.0,46054.5,46054.5,516.8120233181795,114.05778196069616,0.0,0.0,4138,0.0581269578165166,0.0,0.892651954655916,1.4047114020424503e-05,0.892651954655916
linkf122__tu,float64,0.0,0.0,302.0,302.0,6.3506642318861815,0.858601750270407,0.0,0.0,121,0.001699700796471365,0.0,0.9192431414965795,1.4047114020424503e-05,0.9192431414965795
linkf121__tu,float64,0.0,0.0,302.0,302.0,5.069878280449204,0.6173706611976569,0.0,0.0,95,0.001334475831940328,0.0,0.9328126536403096,1.4047114020424503e-05,0.9328126536403096
linkf120__tu,float64,0.0,0.0,246.0,246.0,2.9285644291503297,0.3417803312309486,0.0,0.0,70,0.0009832979814297152,0.0,0.9505120173060445,1.4047114020424503e-05,0.9505120173060445
linkf119__tu,float64,0.0,0.0,81.0,81.0,1.670161047672763,0.20966722386885614,0.0,0.0,47,0.0006602143589599517,0.0,0.9617778027504249,1.4047114020424503e-05,0.9617778027504249
linkf118__tu,float64,0.0,0.0,50.0,50.0,0.9772726987977484,0.10494598884659147,0.0,0.0,32,0.0004495076486535841,0.0,0.9744763938248887,1.4047114020424503e-05,0.9744763938248887
linkf117__tu,float64,0.0,0.0,43.0,43.0,0.4251700811561774,0.032322409360996784,0.0,0.0,19,0.00026689516638806556,0.0,0.9877368694601694,1.4047114020424503e-05,0.9877368694601694
linkf116__tu,float64,0.0,0.0,317.0,317.0,11.426426307094268,2.5802862801837363,0.0,0.0,192,0.002697045891921505,0.0,0.814395482448131,1.4047114020424503e-05,0.814395482448131
linkf115__tu,float64,0.0,0.0,36.0,36.0,3.340134948996438,1.8482209330093133,0.0,0.0,32,0.0004495076486535841,0.0,0.5533579626065824,1.4047114020424503e-05,0.5533579626065824
linkf113__tu,float64,0.0,0.0,26.0,26.0,2.2533815121525604,1.0598126114989674,0.0,0.0,26,0.0003652249645310371,0.0,0.669555689783534,2.8094228040849007e-05,0.669555689783534
linkf099__tu,float64,0.0,0.0,18.0,18.0,0.661283465698737,0.14201632274649173,0.0,0.0,17,0.00023880093834721656,0.0,0.9252974476393825,1.4047114020424503e-05,0.9252974476393825
linkf112__tu,float64,0.0,0.0,23.0,23.0,1.8714977933778671,0.8081304695950217,0.0,0.0,23,0.0003230836224697636,0.0,0.7182289398643049,1.4047114020424503e-05,0.7182289398643049
linkf111__tu,float64,0.0,0.0,19.0,19.0,1.4495499340147313,0.5526556069055613,0.0,0.0,20,0.00028094228040849006,0.0,0.7792496031690289,2.8094228040849007e-05,0.7792496031690289
linkf110__tu,float64,0.0,0.0,14.0,14.0,0.9498255359901118,0.29005885740774556,0.0,0.0,15,0.00021070671030636756,0.0,0.8588265040947337,4.2141342061273514e-05,0.8588265040947337
linkf109__tu,float64,0.0,0.0,13.0,13.0,0.7353594353202126,0.19625222997935074,0.0,0.0,14,0.00019665959628594306,0.0,0.8935369228392027,2.8094228040849007e-05,0.8935369228392027
linkf108__tu,float64,0.0,0.0,11.0,11.0,0.5042957057338537,0.10646307716079731,0.0,0.0,12,0.00016856536824509406,0.0,0.9351023332256387,1.4047114020424503e-05,0.9351023332256387
linkf107__tu,float64,0.0,0.0,80.0,80.0,7.351861924907325,4.9341611765862705,2.0,0.0,71,0.0009973450954501397,0.0,0.3622188821306663,1.4047114020424503e-05,0.3622188821306663
linkf106__tu,float64,0.0,0.0,2498.0,2498.0,832.3745646839513,410.1604461363413,0.0,0.0,2109,0.029625363469075277,0.0,0.7897849386843473,2.8094228040849007e-05,0.7897849386843473
linkf105__tu,float64,0.0,0.0,2495.0,2495.0,523.040704194508,345.169899844077,76.0,0.0,2439,0.03426091109581537,0.0,0.3706050092008597,1.4047114020424503e-05,0.3706050092008597
linkf104__tu,float64,0.0,0.0,4.0,4.0,0.05602693401694434,0.002753234348003203,0.0,0.0,4,5.6188456081698014e-05,0.0,0.9974012839062215,1.4047114020424503e-05,0.9974012839062215
linkf103__tu,float64,0.0,0.0,5.0,5.0,0.08378838436759854,0.005590751380128952,0.0,0.0,5,7.023557010212251e-05,0.0,0.9949430389526471,2.8094228040849007e-05,0.9949430389526471
linkf102__tu,float64,0.0,0.0,8.0,8.0,0.13902229959123508,0.013583559257750495,0.0,0.0,8,0.00011237691216339603,0.0,0.9884673193892315,1.4047114020424503e-05,0.9884673193892315
linkf101__tu,float64,0.0,0.0,15.0,15.0,0.21455601460988594,0.026211914762112123,0.0,0.0,9,0.00012642402618382053,0.0,0.9798704856087317,1.4047114020424503e-05,0.9798704856087317
linkf100__tu,float64,0.0,0.0,15.0,15.0,0.33651437144571184,0.05489612159181896,0.0,0.0,11,0.00015451825422466955,0.0,0.9623256401972214,1.4047114020424503e-05,0.9623256401972214
linkf067__tu,float64,0.0,0.0,17.0,17.0,0.3097081527660906,0.0396128615375971,0.0,0.0,14,0.00019665959628594306,0.0,0.97385832080799,1.4047114020424503e-05,0.97385832080799
linkf066__tu,float64,0.0,0.0,11.0,11.0,0.22332245733453482,0.023599151554313167,0.0,0.0,12,0.00016856536824509406,0.0,0.9831996516315723,1.4047114020424503e-05,0.9831996516315723
linkf065__tu,float64,0.0,0.0,11.0,11.0,0.1475695655630648,0.012291224767871442,0.0,0.0,9,0.00012642402618382053,0.0,0.990335585553948,1.4047114020424503e-05,0.990335585553948
linkf019__tu,float64,0.0,0.0,272.0,272.0,5.964370154346091,0.782663051875992,0.0,0.0,118,0.0016575594544100914,0.0,0.9332621612889632,1.4047114020424503e-05,0.9332621612889632
linkf032__tu,object,0.0,,,,,,,n,3,4.2141342061273514e-05,,,,
linkf031__tu,float64,0.0,0.0,388.0,388.0,13.519981900701938,3.1709674247425865,0.0,0.0,222,0.00311845931253424,0.0,0.8170363398839708,1.4047114020424503e-05,0.8170363398839708
linkf030__tu,float64,0.0,0.0,136073.0,136073.0,3111.0364350906857,662.8732669373077,0.0,0.0,5904,0.08293416117658627,0.0,0.8185815224262175,1.4047114020424503e-05,0.8185815224262175
linkf029__tu,float64,0.0,0.0,45595.0,45595.0,654.7642064944108,68.132042871792,0.0,0.0,1778,0.02497576872831477,0.0,0.9580974588770738,1.4047114020424503e-05,0.9580974588770738
linkf028__tu,float64,0.0,0.0,45595.0,45595.0,446.68134711472004,40.93690036382025,0.0,0.0,1400,0.019665959628594305,0.0,0.9685485117082695,1.4047114020424503e-05,0.9685485117082695
linkf027__tu,float64,0.0,0.0,14223.0,14223.0,193.87924931375335,16.806627428394837,0.0,0.0,883,0.012403601680034838,0.0,0.9800530980909972,1.4047114020424503e-05,0.9800530980909972
linkf026__tu,float64,0.0,0.0,91509.0,91509.0,1503.971249949922,208.3295031535771,0.0,0.0,3128,0.04393937265588785,0.0,0.923063956510135,1.4047114020424503e-05,0.923063956510135
linkf025__tu,float64,0.0,0.0,74216.0,74216.0,1167.912935583655,151.76978184831927,0.0,0.0,2740,0.03848909241596314,0.0,0.935172568795741,1.4047114020424503e-05,0.935172568795741
linkf024__tu,float64,0.0,0.0,48487.0,48487.0,828.7654992838096,94.59231060978522,0.0,0.0,2123,0.029822023065361223,0.0,0.9497534731489415,1.4047114020424503e-05,0.9497534731489415
linkf023__tu,float64,0.0,0.0,246.0,246.0,3.5558183110523833,0.35910042281813204,0.0,0.0,76,0.0010675806655522622,0.0,0.9563415696245207,1.4047114020424503e-05,0.9563415696245207
linkf022__tu,float64,0.0,0.0,191.0,191.0,2.277720167135247,0.21218165727851213,0.0,0.0,55,0.0007725912711233477,0.0,0.9673966483585947,1.4047114020424503e-05,0.9673966483585947
linkf021__tu,float64,0.0,0.0,133.0,133.0,0.99394059247796,0.08539240613016055,0.0,0.0,35,0.0004916489907148576,0.0,0.9792805068198739,1.4047114020424503e-05,0.9792805068198739
linkf020__tu,float64,0.0,0.0,281.0,281.0,7.239035372804324,1.054334237031002,0.0,0.0,135,0.001896360392757308,0.0,0.9212237845734594,1.4047114020424503e-05,0.9212237845734594
linkf018__tu,float64,0.0,0.0,261.0,261.0,4.3777110310637735,0.4958490778069646,0.0,0.0,90,0.0012642402618382054,0.0,0.9478571127561842,1.4047114020424503e-05,0.9478571127561842
linkf064__tu,float64,0.0,0.0,215.0,215.0,3.444960741119548,0.6620545308966272,0.0,0.0,82,0.0011518633496748092,0.0,0.835409965022686,1.4047114020424503e-05,0.835409965022686
linkf017__tu,float64,0.0,0.0,83.0,83.0,17.040744158971496,5.744974644959193,0.0,0.0,84,0.0011799575777156582,0.0,0.8741519054910168,0.0005056961047352821,0.8741519054910168
linkf016__tu,float64,0.0,0.0,83.0,83.0,14.698743520059189,4.689334026324292,0.0,0.0,84,0.0011799575777156582,0.0,0.8749666381042015,0.00015451825422466955,0.8749666381042015
linkf015__tu,float64,0.0,0.0,190.0,190.0,3.206767930871216,0.5589487139867114,0.0,0.0,86,0.0012080518057565072,0.0,0.8736743036143224,1.4047114020424503e-05,0.8736743036143224
linkf014__tu,float64,0.0,0.0,143064.0,143064.0,1020.3911153190273,108.31882845053008,0.0,0.0,3792,0.05326665636544972,0.0,0.8823835143069856,1.4047114020424503e-05,0.8823835143069856
linkf013__tu,float64,0.0,0.0,85969.09379267076,85969.09379267076,469.48127253866716,10.620874016488761,0.0,0.0,816,0.011462445040666396,0.0,0.9847729284018598,1.4047114020424503e-05,0.9847729284018598
linkf012__tu,float64,0.0,0.0,82829.4544045466,82829.4544045466,321.57686817953845,5.636706167681443,0.0,0.0,539,0.007571394457008808,0.0,0.9904901038081726,1.4047114020424503e-05,0.9904901038081726
linkf011__tu,float64,0.0,0.0,42911.64505295788,42911.64505295788,166.24144135480321,2.116385159420667,0.0,0.0,246,0.003455590049024428,0.0,0.9960668080742812,1.4047114020424503e-05,0.9960668080742812
linkf010__tu,float64,0.0,0.0,143064.0,143064.0,908.0697685154531,35.07853150768115,0.0,0.0,1738,0.024413884167497787,0.0,0.960822598997036,1.4047114020424503e-05,0.960822598997036
linkf009__tu,float64,0.0,0.0,143064.0,143064.0,849.2661485701723,26.686488047374336,0.0,0.0,1417,0.019904760566941522,0.0,0.9698127519701077,1.4047114020424503e-05,0.9698127519701077
linkf008__tu,float64,0.0,0.0,85969.09379267076,85969.09379267076,476.8136818774504,13.768348319483387,0.0,0.0,1017,0.01428591495877172,0.0,0.9799407211788338,1.4047114020424503e-05,0.9799407211788338
linkf007__tu,float64,0.0,0.0,135.0,135.0,1.1893998312796412,0.05291547851493911,0.0,0.0,36,0.0005056961047352821,0.0,0.9838036775344505,1.4047114020424503e-05,0.9838036775344505
linkf006__tu,float64,0.0,0.0,91.0,91.0,0.54769618280612,0.02667546952478613,0.0,0.0,24,0.0003371307364901881,0.0,0.9899282192473556,1.4047114020424503e-05,0.9899282192473556
linkf005__tu,float64,0.0,0.0,48.0,48.0,0.28126055297175395,0.009552037533888662,0.0,0.0,17,0.00023880093834721656,0.0,0.995799912907893,1.4047114020424503e-05,0.995799912907893
linkf033__tu,float64,0.0,0.0,14449.685371074285,14449.685371074285,155.22484226726502,44.90364481020621,0.0,0.0,2053,0.028838725083931507,0.0,0.8124569807133124,1.4047114020424503e-05,0.8124569807133124
linkf034__tu,float64,0.0,0.0,14449.685371074285,14449.685371074285,131.47675936423485,34.595165521558165,0.0,0.0,1805,0.02535504080686623,0.0,0.8444001179957578,1.4047114020424503e-05,0.8444001179957578
linkf035__tu,float64,0.0,0.0,215.0,215.0,3.0873859885382973,0.5404767590498533,0.0,0.0,74,0.0010394864375114132,0.0,0.8609757125398587,1.4047114020424503e-05,0.8609757125398587
linkf036__tu,float64,0.0,0.0,21.0,21.0,0.5725999966064843,0.09306213038531234,0.0,0.0,19,0.00026689516638806556,0.0,0.9546980572841309,2.8094228040849007e-05,0.9546980572841309
linkf063__tu,float64,0.0,0.0,72240.0,72240.0,919.830574912192,84.86788933634429,0.0,0.0,2175,0.030552472994423294,0.0,0.9576900925704814,1.4047114020424503e-05,0.9576900925704814
linkf062__tu,float64,0.0,0.0,42.0,42.0,0.8327378306060105,0.06540336287909648,0.0,0.0,30,0.0004214134206127351,0.0,0.9840424784727978,1.4047114020424503e-05,0.9840424784727978
linkf061__tu,float64,0.0,0.0,17.0,17.0,0.20690184145517157,0.008835634718847013,0.0,0.0,14,0.00019665959628594306,0.0,0.9953504052592395,2.8094228040849007e-05,0.9953504052592395
linkf060__tu,float64,0.0,0.0,6125.914898328227,6125.914898328227,58.9882185219271,2.554360623676995,0.0,0.0,202,0.00283751703212575,0.0,0.9970360589416905,1.4047114020424503e-05,0.9970360589416905
linkf059__tu,float64,0.0,0.0,80.0,80.0,1.3603342717062248,0.12447147733498153,0.0,0.0,53,0.0007444970430824987,0.0,0.9552458947309276,1.4047114020424503e-05,0.9552458947309276
linkf058__tu,float64,0.0,0.0,28.0,28.0,0.4810529194335749,0.033783309219120934,0.0,0.0,24,0.0003371307364901881,0.0,0.9846324572616556,1.4047114020424503e-05,0.9846324572616556
linkf057__tu,float64,0.0,0.0,2.0,2.0,0.06543783625946503,0.004045568837882257,0.0,0.0,3,4.2141342061273514e-05,0.0,0.9960808551883016,0.00012642402618382053,0.9960808551883016
linkf056__tu,float64,0.0,0.0,2.0,2.0,0.042037123607259745,0.0016856536824509404,0.0,0.0,3,4.2141342061273514e-05,0.0,0.9983564876596104,4.2141342061273514e-05,0.9983564876596104
linkf055__tu,float64,0.0,0.0,5.0,5.0,0.31471207571320337,0.08032139796878732,0.0,0.0,6,8.428268412254703e-05,0.0,0.930803916335389,1.4047114020424503e-05,0.930803916335389
linkf054__tu,float64,0.0,0.0,11.0,11.0,0.07182972669125853,0.003146553540575089,0.0,0.0,5,7.023557010212251e-05,0.0,0.9972046243099355,1.4047114020424503e-05,0.9972046243099355
linkf053__tu,float64,0.0,0.0,85.0,85.0,2.385800120775295,1.1608956439899423,0.0,0.0,47,0.0006602143589599517,0.0,0.589444998525053,2.8094228040849007e-05,0.589444998525053
linkf052__tu,float64,0.0,0.0,15.0,15.0,0.29818111767960354,0.05489612159181896,0.0,0.0,11,0.00015451825422466955,0.0,0.9564118051946228,1.4047114020424503e-05,0.9564118051946228
linkf051__tu,float64,0.0,0.0,15.0,15.0,0.18832873036887324,0.026534998384581888,0.0,0.0,7,9.832979814297153e-05,0.0,0.9765694138139319,1.4047114020424503e-05,0.9765694138139319
linkf050__tu,float64,0.0,0.0,80.0,80.0,1.3503881410510217,0.12157777184677408,0.0,0.0,52,0.0007304499290620742,0.0,0.956552276334827,1.4047114020424503e-05,0.956552276334827
linkf049__tu,float64,0.0,0.0,6391.0,6391.0,110.56413573694891,18.344401229188467,0.0,0.0,1464,0.020564974925901473,0.0,0.9385719703886837,1.4047114020424503e-05,0.9385719703886837
linkf048__tu,float64,0.0,0.0,233445.0,233445.0,3532.33677985917,590.4175475481784,0.0,0.0,7026,0.09869502310750257,0.0,0.8635322872915759,1.4047114020424503e-05,0.8635322872915759
linkf047__tu,float64,0.0,0.0,252.0,252.0,3.8822685505461814,0.3549846184101476,0.0,0.0,78,0.0010956748935931112,0.0,0.956453946536684,1.4047114020424503e-05,0.956453946536684
linkf046__tu,float64,0.0,0.0,178.0,178.0,1.1534614591662387,0.0411018556237621,0.0,0.0,21,0.00029498939442891456,0.0,0.9805868884237733,1.4047114020424503e-05,0.9805868884237733
linkf045__tu,float64,0.0,0.0,102175.98359597001,102175.98359597001,471.8701477341936,25.248435300621377,0.0,0.0,980,0.013766171740016014,0.0,0.9848993524280436,1.4047114020424503e-05,0.9848993524280436
linkf044__tu,float64,0.0,0.0,215.0,215.0,3.17002681755542,0.5730660635772381,0.0,0.0,77,0.0010816277795726867,0.0,0.8536290719071766,1.4047114020424503e-05,0.8536290719071766
linkf043__tu,float64,0.0,0.0,40.0,40.0,0.8286649808224618,0.09731840593350097,0.0,0.0,32,0.0004495076486535841,0.0,0.9584205424995434,2.8094228040849007e-05,0.9584205424995434
linkf042__tu,float64,0.0,0.0,4.0,4.0,0.12127288934743778,0.011869811347258705,0.0,0.0,5,7.023557010212251e-05,0.0,0.9893803818005591,1.4047114020424503e-05,0.9893803818005591
linkf041__tu,float64,0.0,0.0,3.0,3.0,0.06917878166427277,0.004298416890249898,0.0,0.0,4,5.6188456081698014e-05,0.0,0.9959263369340768,2.8094228040849007e-05,0.9959263369340768
linkf040__tu,float64,0.0,0.0,22.0,22.0,1.0147767227116569,0.34547472221832026,0.0,0.0,16,0.00022475382432679206,0.0,0.8282178426442287,1.4047114020424503e-05,0.8282178426442287
linkf039__tu,float64,0.0,0.0,135.0,135.0,0.7884833008713082,0.027026647375296746,0.0,0.0,14,0.00019665959628594306,0.0,0.9835789237101238,1.4047114020424503e-05,0.9835789237101238
linkf038__tu,float64,0.0,0.0,999.0,999.0,13.18063446615078,6.409403138125272,1.0,0.0,149,0.002093019989043251,0.0,0.3911840312407816,1.4047114020424503e-05,0.3911840312407816
linkf037__tu,float64,0.0,0.0,51.0,51.0,1.2493421670038698,0.30022896795853293,0.0,0.0,32,0.0004495076486535841,0.0,0.8875388051524814,1.4047114020424503e-05,0.8875388051524814
linkf128__tu,float64,0.0,0.0,80.0,80.0,1.3455635036856377,0.1277163606736996,0.0,0.0,45,0.0006321201309191027,0.0,0.981008301844386,1.4047114020424503e-05,0.981008301844386
linkf129__tu,float64,0.0,0.0,243.0,243.0,2.5717882238857293,0.22399528016968914,0.0,0.0,63,0.0008849681832867437,0.0,0.9739145092640717,1.4047114020424503e-05,0.9739145092640717
linkf130__tu,float64,0.0,0.0,297.0,297.0,4.589721916090036,0.42760819789574234,0.0,0.0,91,0.00127828737585863,0.0,0.9622834988551602,1.4047114020424503e-05,0.9622834988551602
linkf209__tu,float64,0.0,0.0,191.0,191.0,2.271310314547593,0.21131073620924581,0.0,0.0,54,0.0007585441571029232,0.0,0.9677478262091054,1.4047114020424503e-05,0.9677478262091054
dtmfunded__app,object,0.0,,,,,,,2022-04-19,797,0.01119554987427833,,,,
applicationdate__app,object,0.0,,,,,,,2023-08-05 12:32:22.580,58430,0.8207728722134038,,,,
bitdebtor__app,float64,0.0,0.0,1.0,1.0,0.38353333452056826,0.8207869193274242,1.0,1.0,2,2.8094228040849007e-05,0.0,0.17921308067257583,0.8207869193274242,0.17921308067257583
bigdebtorid__app,float64,0.0,6937315.0,9165235.0,2227920.0,577075.7900348401,7983782.639761761,7898890.0,6937315.0,71189,1.0,0.0,1.4047114020424503e-05,1.4047114020424503e-05,0.0
bigaccountid__app,float64,0.0,5514485.0,7374098.0,1859613.0,479348.8973778709,6384449.266417565,6320571.0,5515580.0,58431,0.8207869193274242,0.0,1.4047114020424503e-05,1.4047114020424503e-05,0.0
uniqueid__app_y,int64,0.0,551448569373151.0,737409891652351.0,185961322279200.0,47934895508421.79,638445006479525.2,632057178988901.0,551448569373151,71189,1.0,0.0,1.4047114020424503e-05,1.4047114020424503e-05,0.0
BITDEBTOR,int64,0.0,0.0,1.0,1.0,0.38353333452056826,0.8207869193274242,1.0,1,2,2.8094228040849007e-05,0.0,0.17921308067257583,0.8207869193274242,0.17921308067257583
dtmFunded,object,0.0,,,,,,,2022-04-19,797,0.01119554987427833,,,,
bigAccountId,int64,0.0,5514485.0,7374098.0,1859613.0,479348.8973778709,6384449.266417565,6320571.0,5515580,58431,0.8207869193274242,0.0,1.4047114020424503e-05,1.4047114020424503e-05,0.0
linkf213__tu,float64,0.0,0.0,9.99,9.99,0.6787554253870233,0.1948817935355181,0.0,0.0,620,0.008709210692663193,0.0,0.8657938726488643,0.0007725912711233477,0.8657938726488643
linkf212__tu,float64,0.0,0.0,143064.0,143064.0,1018.5970313917635,106.71190229461901,0.0,0.0,3853,0.05412353032069561,0.0,0.8842798746997429,1.4047114020424503e-05,0.8842798746997429
linkf211__tu,float64,0.0,0.0,49243.84516736169,49243.84516736169,459.91102401962456,40.93005048223655,0.0,0.0,1786,0.025088145640478163,0.0,0.9689137366728006,1.4047114020424503e-05,0.9689137366728006
linkf210__tu,float64,0.0,0.0,190.0,190.0,3.196476559618564,0.5509137647670286,0.0,0.0,87,0.0012220989197769317,0.0,0.8755566168930593,1.4047114020424503e-05,0.8755566168930593
linkf208__tu,float64,0.0,0.0,82829.4544045466,82829.4544045466,321.303483800232,5.494919632454484,0.0,0.0,524,0.00736068774670244,0.0,0.990799140316622,1.4047114020424503e-05,0.990799140316622
linkf193__tu,float64,0.0,0.0,2495.0,2495.0,532.8035971609902,356.40917838430096,86.0,0.0,2452,0.034443523578080885,0.0,0.36972004101757294,1.4047114020424503e-05,0.36972004101757294
linkf207__tu,float64,0.0,0.0,14363.283186330587,14363.283186330587,194.66383143710436,16.820338301744908,0.0,0.0,1131,0.015887285957100115,0.0,0.9801935692312015,1.4047114020424503e-05,0.9801935692312015
linkf206__tu,float64,0.0,0.0,91.0,91.0,0.5422124839571226,0.026001208051805755,0.0,0.0,25,0.0003511778505106126,0.0,0.990237255755805,1.4047114020424503e-05,0.990237255755805
linkf205__tu,float64,0.0,0.0,133.0,133.0,0.9954877917709366,0.08554692438438523,0.0,0.0,34,0.0004776018766944331,0.0,0.9794631193021394,1.4047114020424503e-05,0.9794631193021394
linkf204__tu,float64,0.0,0.0,42911.64505295788,42911.64505295788,165.99846360501792,2.017459940511309,0.0,0.0,230,0.003230836224697636,0.0,0.99636179746871,1.4047114020424503e-05,0.99636179746871
linkf203__tu,float64,0.0,0.0,8856.0,8856.0,76.92166943104232,4.892969864982952,0.0,0.0,609,0.008554692438438522,0.0,0.9892258635463345,1.4047114020424503e-05,0.9892258635463345
linkf202__tu,float64,0.0,0.0,48.0,48.0,0.2767700687405947,0.009088482771214655,0.0,0.0,16,0.00022475382432679206,0.0,0.9960808551883016,1.4047114020424503e-05,0.9960808551883016
linkf201__tu,float64,0.0,0.0,53.0,53.0,0.39840163162266373,0.02535504080686623,0.0,0.0,19,0.00026689516638806556,0.0,0.9889449212659259,1.4047114020424503e-05,0.9889449212659259
linkf200__tu,float64,0.0,0.0,19210.445750452076,19210.445750452076,72.94389377149591,0.5722758059075734,0.0,0.0,76,0.0010675806655522622,0.0,0.9988762308783661,1.4047114020424503e-05,0.9988762308783661
linkf199__tu,float64,0.0,0.0,146962.99886906295,146962.99886906295,3129.3112713601363,671.044360720208,0.0,0.0,8664,0.1217041958729579,0.0,0.8185955695402379,1.4047114020424503e-05,0.8185955695402379
linkf198__tu,float64,0.0,0.0,21.0,21.0,0.0956833519669507,0.0018823132787368834,0.0,0.0,7,9.832979814297153e-05,0.0,0.9988200424222844,1.4047114020424503e-05,0.9988200424222844
linkf197__tu,float64,0.0,0.0,388.0,388.0,13.55237365886604,3.1838626754133363,0.0,0.0,213,0.002992035286350419,0.0,0.8170503869979913,1.4047114020424503e-05,0.8170503869979913
linkf196__tu,float64,0.0,0.0,9999.0,9999.0,694.4975672906097,311.7715236904578,0.0,0.0,2693,0.03782887805700319,0.0,0.7916812990771046,2.8094228040849007e-05,0.7916812990771046
linkf195__tu,float64,0.0,0.0,2498.0,2498.0,971.2055438635294,1074.2809001390665,1129.0,0.0,2499,0.03510373793704084,0.0,0.36227507058674796,4.2141342061273514e-05,0.36227507058674796
bitdefault__app,int64,0.0,0.0,1.0,1.0,0.3661880948918663,0.15954712104398153,0.0,0,2,2.8094228040849007e-05,0.0,0.8404528789560185,0.15954712104398153,0.8404528789560185
monthonbooks__app,float64,0.0,0.0,38.0,38.0,8.190479245695103,17.253859444577113,18.0,18.0,39,0.0005478374467965556,0.0,1.4047114020424503e-05,0.00012642402618382053,1.4047114020424503e-05
runningnetloss__app,float64,0.0,-2180.85,39426.8,41607.65,6413.193691381827,2475.8966841787355,0.0,0.0,9222,0.12954248549635478,0.0004916489907148576,1.4047114020424503e-05,1.4047114020424503e-05,0.8404669260700389
amtfinanced__app,float64,0.0,5000.0,43500.0,38500.0,5977.522145247095,23522.370029077527,23000.0,21000.0,78,0.0010956748935931112,0.0,1.4047114020424503e-05,1.4047114020424503e-05,0.0
yhat_pricing_pd,float64,0.0,0.006116875441807927,0.9356834892940813,0.9295666138522733,0.14359380006898728,0.3494761716696117,0.3406029125649262,0.006116875441807927,71189,1.0,0.0,1.4047114020424503e-05,1.4047114020424503e-05,0.0
yhat_ad,float64,0.0,0.010977545559328545,0.7582785676316598,0.7473010220723313,0.11178294781303905,0.25988142175665285,0.26578721380611475,0.010977545559328545,71189,1.0,0.0,1.4047114020424503e-05,1.4047114020424503e-05,0.0
ENG-dealership_age,float64,0.0,-0.12876712328767123,20.394520547945206,20.523287671232875,4.759926163279348,6.9389153742199285,6.8,0.6520547945205479,6965,0.09783814915225666,0.0006461672449395272,1.4047114020424503e-05,1.4047114020424503e-05,0.00021070671030636756
ENG-vehicle_age,float64,0.0,-1.0,13.0,14.0,2.2849671122057713,4.594473865344365,4.0,3.0,14,0.00019665959628594306,0.009594178875949936,0.009594178875949936,1.4047114020424503e-05,0.0318729017123432
ENG-loan_to_value,float64,0.0,0.15979381443298968,2.55,2.3902061855670103,0.15499707551751854,1.2827055109247045,1.2857142857142858,1.3333333333333333,1309,0.018387672252735677,0.0,1.4047114020424503e-05,5.6188456081698014e-05,0.0
ENG-payment_to_income,float64,0.0,0.0,0.15,0.15,0.03120417069549339,0.1165026900223349,0.12,0.15,6,8.428268412254703e-05,0.0,0.001503041200185422,0.3469496691904648,0.001503041200185422
ENG-applicationdate__app_quarter,int64,0.0,1.0,4.0,3.0,1.0800164006828796,2.6029864164407424,3.0,3,4,5.6188456081698014e-05,0.0,0.21066456896430627,0.2528480523676411,0.0
ENG-applicationdate__app_month,int64,0.0,1.0,12.0,11.0,3.2330327249671083,6.825071289103653,7.0,9,12,0.00016856536824509406,0.0,0.05710151849302561,0.05211479301577491,0.0
factor,float64,0.0,0.97,1.0800273092962318,0.11002730929623183,0.03741459576817159,1.0022924246382714,1.0,1.0,3,4.2141342061273514e-05,0.0,0.3700993130961244,0.1673854106673784,0.0
year,int64,0.0,2021.0,2023.0,2.0,0.7045557256132695,2022.2027139024287,2022.0,2022,3,4.2141342061273514e-05,0.0,0.1673854106673784,0.3700993130961244,0.0
dealerstampcreation__app,object,0.0,,,,,,,2003-07-08 14:32:29.097,2420,0.0339940159294273,,,,
bitgap__app,int64,0.0,0.0,1.0,1.0,0.48735819223496607,0.6117377684754667,1.0,1,2,2.8094228040849007e-05,0.0,0.38826223152453326,0.6117377684754667,0.38826223152453326
strvehicletype__app,object,0.0,,,,,,,auto,4,5.6188456081698014e-05,,,,
fltadvance__app,float64,0.0,-0.30000000000000004,2.225,2.5250000000000004,0.11928191181327026,1.0907872002697043,1.125,1.1500000000000001,82,0.0011518633496748092,0.0011097220076135357,1.4047114020424503e-05,4.2141342061273514e-05,0.00019665959628594306
bitservicecontract__app,float64,0.0,0.0,1.0,1.0,0.49358158526686774,0.42012108612285604,0.0,0.0,2,2.8094228040849007e-05,0.0,0.579878913877144,0.42012108612285604,0.579878913877144
pti__app,float64,0.0,0.0,0.15,0.15,0.030336771246748044,0.0976802595906671,0.09,0.09,6,8.428268412254703e-05,0.0,0.002486339181615137,0.09731840593350097,0.002486339181615137
dti__app,float64,0.0,0.0,68.21333333333332,68.21333333333332,0.27643829150546423,0.3845016955456686,0.363542446316189,0.35,58362,0.8198176684600149,0.0,4.2141342061273514e-05,1.4047114020424503e-05,4.2141342061273514e-05
payment__app,float64,0.0,141.591580248736,1180.3078449643867,1038.7162647156508,141.5378413053295,584.413158767903,573.46,500.0,46786,0.6572082765595808,0.0,1.4047114020424503e-05,1.4047114020424503e-05,0.0
fltapproveddowntotal__app,float64,0.0,0.0,78500.0,78500.0,1739.560674345648,1242.649847588813,1000.0,0.0,60,0.0008428268412254702,0.0,0.320119681411454,1.4047114020424503e-05,0.320119681411454
fltdowncash__app,float64,0.0,0.0,84000.0,84000.0,1590.4781763831213,1150.261978676481,1000.0,0.0,58,0.0008147326131846212,0.0,0.2850299905884336,1.4047114020424503e-05,0.2850299905884336
bookvalue__app,float64,0.0,4000.0,97000.0,93000.0,5638.338980437833,18690.54910168706,18000.0,18000.0,105,0.001474946972144573,0.0,1.4047114020424503e-05,1.4047114020424503e-05,0.0
miles_odometer__app,float64,0.0,0.0,150000.0,150000.0,26980.949005801544,60276.86861734257,60000.0,60000.0,14,0.00019665959628594306,0.0,0.06165278343564315,2.8094228040849007e-05,0.06165278343564315
vehiclemake__app,object,0.0,,,,,,,nissan,34,0.0004776018766944331,,,,
bitnew__app,float64,0.0,0.0,1.0,1.0,0.1971578319481371,0.040511876834904266,0.0,0.0,2,2.8094228040849007e-05,0.0,0.9594881231650957,0.040511876834904266,0.9594881231650957
vehicleyear__app,float64,0.0,2010.0,2024.0,14.0,2.3363297937180842,2017.6082400370844,2018.0,2019.0,15,0.00021070671030636756,0.0,2.8094228040849007e-05,0.002261585357288345,0.0
intterm__app,int64,0.0,36.0,72.0,36.0,4.30045418690168,70.84077596257849,72.0,72,4,5.6188456081698014e-05,0.0,9.832979814297153e-05,0.9238786891233196,0.0
intopenbktype__app,object,0.0,,,,,,,nan,3,4.2141342061273514e-05,,,,
linkf194__tu,float64,0.0,0.0,6818.0,6818.0,536.2034118460888,213.57253227324446,0.0,0.0,2590,0.03638202531289946,0.0,0.7918639115593701,1.4047114020424503e-05,0.7918639115593701
linkf192__tu,float64,0.0,0.0,2494.0,2494.0,241.86282592886008,36.95843458961357,0.0,0.0,1400,0.019665959628594305,0.0,0.9704870134430881,2.8094228040849007e-05,0.9704870134430881
linkf131__tu,float64,0.0,0.0,297.0,297.0,5.698249565988111,0.5991234600851255,0.0,0.0,110,0.0015451825422466954,0.0,0.9531809689699251,1.4047114020424503e-05,0.9531809689699251
linkf146__tu,float64,0.0,0.0,8.0,8.0,0.5850228717004937,0.33309921476632626,0.0,0.0,9,0.00012642402618382053,0.0,0.7177232437595696,1.4047114020424503e-05,0.7177232437595696
linkf159__tu,float64,0.0,0.0,4.0,4.0,0.31578357376945293,0.09803480874854262,0.0,0.0,5,7.023557010212251e-05,0.0,0.9073171416932391,1.4047114020424503e-05,0.9073171416932391
linkf158__tu,float64,0.0,0.0,13.0,13.0,0.7385328401251169,0.5380606554383401,0.0,0.0,12,0.00016856536824509406,0.0,0.5793732177724087,1.4047114020424503e-05,0.5793732177724087
linkf157__tu,float64,0.0,0.0,3.0,3.0,0.23935195608626078,0.05655368104622905,0.0,0.0,4,5.6188456081698014e-05,0.0,0.9453286322325078,8.428268412254703e-05,0.9453286322325078
linkf156__tu,float64,0.0,0.0,11.0,11.0,0.6782568972320216,0.46025369087920887,0.0,0.0,10,0.00014047114020424503,0.0,0.6266277093371166,1.4047114020424503e-05,0.6266277093371166
linkf155__tu,float64,0.0,0.0,11.0,11.0,0.601733207948028,0.36242958884097265,0.0,0.0,10,0.00014047114020424503,0.0,0.6930003230836225,1.4047114020424503e-05,0.6930003230836225
linkf154__tu,float64,0.0,0.0,17.0,17.0,1.4388775703665002,1.1622301198218825,1.0,0.0,18,0.00025284805236764106,0.0,0.406453244180983,2.8094228040849007e-05,0.406453244180983
linkf153__tu,float64,0.0,0.0,8.0,8.0,0.5261469437244971,0.2701119554987428,0.0,0.0,8,0.00011237691216339603,0.0,0.7644860863335627,1.4047114020424503e-05,0.7644860863335627
linkf152__tu,float64,0.0,0.0,6.0,6.0,0.45209857832873734,0.1994409248619871,0.0,0.0,7,9.832979814297153e-05,0.0,0.820618353959179,1.4047114020424503e-05,0.820618353959179
linkf151__tu,float64,0.0,0.0,4.0,4.0,0.3464905879504966,0.1159729733526247,0.0,0.0,5,7.023557010212251e-05,0.0,0.892258635463344,1.4047114020424503e-05,0.892258635463344
linkf150__tu,float64,0.0,0.0,3.0,3.0,0.29211750619229515,0.08256893621205523,0.0,0.0,4,5.6188456081698014e-05,0.0,0.9220525643006644,0.00016856536824509406,0.9220525643006644
linkf149__tu,float64,0.0,0.0,9.0,9.0,0.758181925644643,0.5196729831856045,0.0,0.0,9,0.00012642402618382053,0.0,0.6043068451586622,1.4047114020424503e-05,0.6043068451586622
linkf148__tu,float64,0.0,0.0,3.0,3.0,0.21712367364081084,0.04544241385607327,0.0,0.0,4,5.6188456081698014e-05,0.0,0.9563977580806023,4.2141342061273514e-05,0.9563977580806023
linkf147__tu,float64,0.0,0.0,8.0,8.0,0.6770184936156083,0.4335922684684432,0.0,0.0,9,0.00012642402618382053,0.0,0.6520248914860441,1.4047114020424503e-05,0.6520248914860441
linkf145__tu,float64,0.0,0.0,23.0,23.0,2.1744463257355253,1.6630659231060978,1.0,0.0,24,0.0003371307364901881,0.0,0.3824888676621388,1.4047114020424503e-05,0.3824888676621388
linkf191__tu,float64,0.0,0.0,2495.0,2495.0,359.9792841196737,79.07124696231159,0.0,0.0,2061,0.0289511019960949,0.0,0.937026787846437,5.6188456081698014e-05,0.937026787846437
linkf144__tu,float64,0.0,0.0,9.0,9.0,0.7022336273944485,0.34546067510429984,0.0,0.0,10,0.00014047114020424503,0.0,0.751127280900139,1.4047114020424503e-05,0.751127280900139
linkf143__tu,float64,0.0,0.0,7.0,7.0,0.571809090864492,0.24499571563022376,0.0,0.0,8,0.00011237691216339603,0.0,0.8100830184438607,2.8094228040849007e-05,0.8100830184438607
linkf142__tu,float64,0.0,0.0,5.0,5.0,0.40914376584155937,0.13530180224472882,0.0,0.0,6,8.428268412254703e-05,0.0,0.8859514812681735,2.8094228040849007e-05,0.8859514812681735
linkf141__tu,float64,0.0,0.0,4.0,4.0,0.3353847334790253,0.0936661562881906,0.0,0.0,5,7.023557010212251e-05,0.0,0.9183300790852519,0.00028094228040849006,0.9183300790852519
linkf140__tu,float64,0.0,0.0,12.0,12.0,1.1256231661233251,0.7214176347469412,0.0,0.0,13,0.00018261248226551856,0.0,0.5849499220385171,4.2141342061273514e-05,0.5849499220385171
linkf139__tu,float64,0.0,0.0,4.0,4.0,0.24097090362743426,0.04990939611456826,0.0,0.0,5,7.023557010212251e-05,0.0,0.9548666226523761,5.6188456081698014e-05,0.9548666226523761
linkf138__tu,float64,0.0,0.0,12.0,12.0,0.9817793479975456,0.5900911657699925,0.0,0.0,13,0.00018261248226551856,0.0,0.6345081403025749,1.4047114020424503e-05,0.6345081403025749
linkf137__tu,float64,0.0,0.0,10.0,10.0,0.8100201393328619,0.4374552248240599,0.0,0.0,11,0.00015451825422466955,0.0,0.7028052086698787,1.4047114020424503e-05,0.7028052086698787
linkf136__tu,float64,0.0,0.0,60000.0,60000.0,903.451165407364,268.22926294792734,0.0,0.0,3476,0.048827768334995574,0.0,0.8270940735225948,1.4047114020424503e-05,0.8270940735225948
linkf135__tu,float64,0.0,0.0,233445.0,233445.0,2607.1139088694163,496.6636390710811,0.0,0.0,7633,0.10722162131790024,0.0,0.8376013148098723,1.4047114020424503e-05,0.8376013148098723
linkf134__tu,float64,0.0,0.0,208.0,208.0,2.8952870738545307,0.5291547851493911,0.0,0.0,74,0.0010394864375114132,0.0,0.8376013148098723,2.8094228040849007e-05,0.8376013148098723
linkf133__tu,float64,0.0,0.0,46054.5,46054.5,562.471600541272,165.30686679121774,0.0,0.0,5888,0.08270940735225948,0.0,0.8376013148098723,1.4047114020424503e-05,0.8376013148098723
linkf132__tu,float64,0.0,0.0,999999.99,999999.99,9195.320062213423,2494.928281079277,1618.9609366350514,0.0,7781,0.10930059419292307,0.0,0.4235766761718805,1.4047114020424503e-05,0.4235766761718805
linkf160__tu,float64,0.0,0.0,4.0,4.0,0.3699994595896613,0.13489443593813652,0.0,0.0,5,7.023557010212251e-05,0.0,0.8746014131396704,2.8094228040849007e-05,0.8746014131396704
linkf161__tu,float64,0.0,0.0,7.0,7.0,0.47695962702413075,0.22507690794926183,0.0,0.0,7,9.832979814297153e-05,0.0,0.7986065262891738,2.8094228040849007e-05,0.7986065262891738
linkf162__tu,float64,0.0,0.0,11.0,11.0,0.5480782101299616,0.29903496326679685,0.0,0.0,9,0.00012642402618382053,0.0,0.7401986261922489,1.4047114020424503e-05,0.7401986261922489
linkf163__tu,float64,0.0,0.0,15.0,15.0,1.078799142806486,0.9772436752869123,1.0,0.0,15,0.00021070671030636756,0.0,0.3890488699096771,1.4047114020424503e-05,0.3890488699096771
linkf190__tu,float64,0.0,0.0,363.0,363.0,15.899855562811247,1.0031184593125342,0.0,0.0,200,0.002809422804084901,0.0,0.9953504052592395,1.4047114020424503e-05,0.9953504052592395
linkf189__tu,float64,0.0,0.0,2498.0,2498.0,645.6660289044805,390.1037800783829,0.0,0.0,2496,0.03506159659497956,0.0,0.5941648288359157,1.4047114020424503e-05,0.5941648288359157
linkf188__tu,float64,0.0,0.0,2495.0,2495.0,406.5687132435501,118.53539170377447,0.0,0.0,2325,0.03265954009748697,0.0,0.8933964516989984,1.4047114020424503e-05,0.8933964516989984
linkf187__tu,float64,0.0,0.0,2496.0,2496.0,576.9895891069654,218.58450041438985,0.0,0.0,2455,0.034485664920142156,0.0,0.8382334349407914,1.4047114020424503e-05,0.8382334349407914
linkf186__tu,float64,0.0,0.0,364.0,364.0,32.70397019661595,4.272219022601806,0.0,0.0,333,0.00467768896880136,0.0,0.9804323701695487,5.6188456081698014e-05,0.9804323701695487
linkf185__tu,float64,0.0,0.0,2495.0,2495.0,565.6266587872282,380.8784081810392,87.0,0.0,2483,0.03487898411271404,0.0,0.3912542668108837,1.4047114020424503e-05,0.3912542668108837
linkf184__tu,float64,0.0,0.0,2495.0,2495.0,443.4294229145718,141.59569596426414,0.0,0.0,2391,0.03358664962283499,0.0,0.8742783295172006,1.4047114020424503e-05,0.8742783295172006
linkf183__tu,float64,0.0,0.0,2496.0,2496.0,605.3371133272796,250.41749427580103,0.0,0.0,2487,0.03493517256879574,0.0,0.8058688842377334,1.4047114020424503e-05,0.8058688842377334
linkf182__tu,float64,0.0,0.0,364.0,364.0,35.514745072513406,5.071190773855512,0.0,0.0,342,0.00480411299498518,0.0,0.9766256022700136,5.6188456081698014e-05,0.9766256022700136
linkf181__tu,float64,0.0,0.0,15.0,15.0,1.3439256767277443,1.260658247762997,1.0,0.0,15,0.00021070671030636756,0.0,0.36242958884097265,1.4047114020424503e-05,0.36242958884097265
linkf180__tu,float64,0.0,0.0,6.0,6.0,0.5982407466613124,0.33898495554088415,0.0,0.0,7,9.832979814297153e-05,0.0,0.7183553638904887,5.6188456081698014e-05,0.7183553638904887
linkf179__tu,float64,0.0,0.0,6.0,6.0,0.517924928974619,0.25516582618101113,0.0,0.0,7,9.832979814297153e-05,0.0,0.7793057916251106,1.4047114020424503e-05,0.7793057916251106
linkf178__tu,float64,0.0,0.0,4.0,4.0,0.40286525073265034,0.15544536375001755,0.0,0.0,5,7.023557010212251e-05,0.0,0.8588545983227746,9.832979814297153e-05,0.8588545983227746
linkf177__tu,float64,0.0,0.0,4.0,4.0,0.34392292926677526,0.11439969658233716,0.0,0.0,5,7.023557010212251e-05,0.0,0.8935509699532231,2.8094228040849007e-05,0.8935509699532231
linkf176__tu,float64,0.0,0.0,8.0,8.0,0.817249882371479,0.6134936577280198,0.0,0.0,9,0.00012642402618382053,0.0,0.5535124808608072,1.4047114020424503e-05,0.5535124808608072
linkf175__tu,float64,0.0,0.0,3.0,3.0,0.2656170586245186,0.06824087991122224,0.0,0.0,4,5.6188456081698014e-05,0.0,0.9351023332256387,0.00014047114020424503,0.9351023332256387
linkf174__tu,float64,0.0,0.0,8.0,8.0,0.7456561746454065,0.5206984225090955,0.0,0.0,9,0.00012642402618382053,0.0,0.6025650030201295,1.4047114020424503e-05,0.6025650030201295
linkf173__tu,float64,0.0,0.0,6.0,6.0,0.6597002056040255,0.4113135456320499,0.0,0.0,7,9.832979814297153e-05,0.0,0.6696259253536361,5.6188456081698014e-05,0.6696259253536361
linkf172__tu,float64,0.0,0.0,18.0,18.0,1.5735063063643848,1.2743963252749722,1.0,0.0,19,0.00026689516638806556,0.0,0.41923611793956933,1.4047114020424503e-05,0.41923611793956933
linkf171__tu,float64,0.0,0.0,9.0,9.0,0.5443430686661677,0.26970458919215046,0.0,0.0,9,0.00012642402618382053,0.0,0.771776538510163,1.4047114020424503e-05,0.771776538510163
linkf170__tu,float64,0.0,0.0,8.0,8.0,0.46663387369449427,0.20284032645492983,0.0,0.0,8,0.00011237691216339603,0.0,0.8216156990546293,1.4047114020424503e-05,0.8216156990546293
linkf169__tu,float64,0.0,0.0,8.0,8.0,0.362805292137474,0.1245136186770428,0.0,0.0,6,8.428268412254703e-05,0.0,0.8856283976457037,1.4047114020424503e-05,0.8856283976457037
linkf168__tu,float64,0.0,0.0,6.0,6.0,0.3087073006303703,0.09140457093090225,0.0,0.0,5,7.023557010212251e-05,0.0,0.9142704631333493,1.4047114020424503e-05,0.9142704631333493
linkf167__tu,float64,0.0,0.0,10.0,10.0,0.797090274223454,0.5072553343915492,0.0,0.0,11,0.00015451825422466955,0.0,0.6334686538650635,4.2141342061273514e-05,0.6334686538650635
linkf166__tu,float64,0.0,0.0,4.0,4.0,0.23780904017450613,0.05483993313573726,0.0,0.0,5,7.023557010212251e-05,0.0,0.9473935579935102,1.4047114020424503e-05,0.9473935579935102
linkf165__tu,float64,0.0,0.0,10.0,10.0,0.7118448418343866,0.4259225442132914,0.0,0.0,10,0.00014047114020424503,0.0,0.6748654988832544,1.4047114020424503e-05,0.6748654988832544
linkf164__tu,float64,0.0,0.0,10.0,10.0,0.6088982725281691,0.32940482377895464,0.0,0.0,9,0.00012642402618382053,0.0,0.7317703577799941,1.4047114020424503e-05,0.7317703577799941
linkf004__tu,float64,0.0,0.0,190.0,190.0,2.2685627301937386,0.1693941479722991,0.0,0.0,63,0.0008849681832867437,0.0,0.9584486367275843,1.4047114020424503e-05,0.9584486367275843
linkf003__tu,float64,0.0,0.0,190.0,190.0,2.1221064979620836,0.12844681060276167,0.0,0.0,55,0.0007725912711233477,0.0,0.9679866271474525,1.4047114020424503e-05,0.9679866271474525
linkf002__tu,float64,0.0,0.0,135.0,135.0,1.3295837558411674,0.0728061919678602,0.0,0.0,42,0.0005899787888578291,0.0,0.9786483866889547,1.4047114020424503e-05,0.9786483866889547
paymnt04__tu,float64,0.0,0.0,327308.07,327308.07,3233.217354927333,361.9538286349123,0.0,0.0,4091,0.057466743457556646,0.0,0.8011771481549116,1.4047114020424503e-05,0.8011771481549116
linka048__tu,float64,0.0,0.0,18.0,18.0,0.22617578933638322,0.03209765553666999,0.0,0.0,11,0.00015451825422466955,0.0,0.9730435881948054,1.4047114020424503e-05,0.9730435881948054
linka024__tu,float64,0.0,0.0,99999.0,99999.0,45414.53622741144,70707.26032111702,99999.0,99999.0,1096,0.015395636966385256,0.0,0.1247383725013696,0.7062046102628216,0.1247383725013696
linka023__tu,float64,0.0,0.0,11.0,11.0,0.6126437737187309,0.23381421286996587,0.0,0.0,12,0.00016856536824509406,0.0,0.8309429827641911,1.4047114020424503e-05,0.8309429827641911
linka002__tu,float64,0.0,0.0,7.0,7.0,0.3461691362260897,0.09587155318939723,0.0,0.0,7,9.832979814297153e-05,0.0,0.9180631839188639,1.4047114020424503e-05,0.9180631839188639
linka004__tu,float64,0.0,0.0,5.0,5.0,0.09419240495400619,0.007866383851437722,0.0,0.0,5,7.023557010212251e-05,0.0,0.992555029569175,1.4047114020424503e-05,0.992555029569175
linkf001__tu,object,0.0,,,,,,,hit,3,4.2141342061273514e-05,,,,
paymnt11__tu,float64,0.0,-6.0,274.0,280.0,20.03811973007766,14.676874236188175,10.0,-2.0,208,0.002921799716248297,0.15161050162244166,0.005815505204455744,1.4047114020424503e-05,0.08806135779404121
paymnt10__tu,float64,0.0,-6.0,73.0,79.0,5.600722558537359,3.421076289876245,3.0,-2.0,70,0.0009832979814297152,0.20077540069392744,0.005815505204455744,1.4047114020424503e-05,0.1266206857801065
paymnt09__tu,float64,0.0,-6.0,50.0,56.0,2.9758834790586284,-1.0734416834061442,-2.0,-2.0,1398,0.019637865400553456,0.8441332228293698,0.005815505204455744,0.00028094228040849006,0.0003792720785514616
paymnt08__tu,float64,0.0,-6.0,50.0,56.0,3.2185036278034485,-0.9562112124064112,-2.0,-2.0,1502,0.021098765258677606,0.8045484555198135,0.005815505204455744,0.0004073663065923106,0.0003792720785514616
paymnt07__tu,float64,0.0,-6.0,50.0,56.0,3.9730254369871374,-0.392229698408462,-2.0,-2.0,1762,0.024751014903987976,0.6129317731672028,0.005815505204455744,0.0008428268412254702,0.0003933191925718861
paymnt06__tu,float64,0.0,-6.0,50.0,56.0,3.081654420694335,-0.16934582590006883,-1.0,-2.0,1545,0.021702791161555858,0.5449718355363891,0.005815505204455744,0.0003090365084493391,0.0003933191925718861
paymnt05__tu,float64,0.0,0.0,454064.00134701247,454064.00134701247,8134.244126314904,1646.4194720996936,0.0,0.0,10578,0.1485903721080504,0.0,0.6003455590049025,1.4047114020424503e-05,0.6003455590049025
paymnt03__tu,float64,0.0,0.0,107757.0,107757.0,1490.401750727246,115.86907685099668,0.0,0.0,1937,0.027209259857562264,0.0,0.9202966750481114,1.4047114020424503e-05,0.9202966750481114
rvlr31__tu,float64,0.0,0.0,13350.0,13350.0,253.82596311126753,56.24836402836317,0.0,0.0,2771,0.0389245529505963,0.0,0.893480734383121,1.4047114020424503e-05,0.893480734383121
paymnt02__tu,float64,0.0,-6.0,47.0,53.0,3.0412882982853358,0.7723524701850005,0.0,0.0,43,0.0006040259028782536,0.32805630083299386,0.005815505204455744,1.4047114020424503e-05,0.2722892581719086
paymnt01__tu,float64,0.0,-6.0,31.0,37.0,1.4495123294208225,-0.43989942266361376,0.0,0.0,24,0.0003371307364901881,0.40274480607959096,0.005815505204455744,1.4047114020424503e-05,0.39843234207532063
walshr10__tu,float64,0.0,-6.0,999.0,1005.0,370.4975655773127,162.46598491339955,-2.0,-2.0,28,0.0003933191925718861,0.8302546741771903,0.005815505204455744,0.16398600907443567,0.0003792720785514616
walshr09__tu,float64,0.0,-6.0,999.0,1005.0,352.19428670880626,143.62912809563275,-2.0,-2.0,28,0.0003933191925718861,0.8302546741771903,0.005815505204455744,0.14495216957676046,0.0003792720785514616
walshr08__tu,float64,0.0,-6.0,100.0,106.0,6.806517824285046,0.22505443256682914,-2.0,-2.0,3201,0.044964811979378835,0.838879602185731,0.005815505204455744,8.428268412254703e-05,0.02966750481113655
walshr07__tu,float64,0.0,-6.0,100.0,106.0,4.338825988773917,-0.6721886808355222,-2.0,-2.0,2155,0.030271530714014807,0.8548371237129332,0.005815505204455744,2.8094228040849007e-05,0.03403615727148857
walshr06__tu,float64,0.0,-6.0,4.0,10.0,0.835783713637127,-1.4257961201871077,-2.0,-2.0,7,9.832979814297153e-05,0.838879602185731,0.005815505204455744,1.4047114020424503e-05,0.1578193260194693
walshr05__tu,float64,0.0,-6.0,2.0,8.0,0.8124058320173442,-1.4601694081950862,-2.0,-2.0,6,8.428268412254703e-05,0.8548371237129332,0.005815505204455744,5.6188456081698014e-05,0.14401101293739202
walshr04__tu,float64,0.0,-6.0,1.0,7.0,0.7967904888810831,-1.4842040202840328,-2.0,-2.0,5,7.023557010212251e-05,0.8664681341218446,0.005815505204455744,0.0004354605346331596,0.13309640534352218
walshr03__tu,float64,0.0,-6.0,5.0,11.0,0.8815659429821591,-1.4082793690036381,-2.0,-2.0,9,0.00012642402618382053,0.838879602185731,0.005815505204455744,2.8094228040849007e-05,0.14472741575243367
walshr02__tu,float64,0.0,-6.0,3.0,9.0,0.8249312747040521,-1.4551826827178356,-2.0,-2.0,7,9.832979814297153e-05,0.8548371237129332,0.005815505204455744,4.2141342061273514e-05,0.1394737951087949
walshr01__tu,float64,0.0,-6.0,2.0,8.0,0.8019664505220044,-1.4821531416370506,-2.0,-2.0,6,8.428268412254703e-05,0.8664681341218446,0.005815505204455744,7.023557010212251e-05,0.13111576226664232
rvlr33__tu,float64,0.0,0.0,4067.21,4067.21,102.44104137437638,14.71653905691552,0.0,0.0,1405,0.01973619519869643,0.0,0.9655283821938783,1.4047114020424503e-05,0.9655283821938783
linka049__tu,float64,0.0,0.0,44.0,44.0,0.3610337780862299,0.05913835002598716,0.0,0.0,14,0.00019665959628594306,0.0,0.9527595555493124,1.4047114020424503e-05,0.9527595555493124
linka001__tu,float64,0.0,0.0,99.0,99.0,0.5484875289859786,0.08454957928893508,0.0,0.0,15,0.00021070671030636756,0.0,0.9350742389975979,1.4047114020424503e-05,0.9350742389975979
linka050__tu,float64,0.0,0.0,99.0,99.0,0.7147859786634775,0.15842335192234755,0.0,0.0,20,0.00028094228040849006,0.0,0.8865836013990925,1.4047114020424503e-05,0.8865836013990925
linka051__tu,float64,0.0,0.0,99.0,99.0,1.014204764446295,0.30559496551433507,0.0,0.0,25,0.0003511778505106126,0.0,0.8042675132394049,2.8094228040849007e-05,0.8042675132394049
linka042__tu,float64,0.0,0.0,3.0,3.0,0.0553857031594803,0.00296394105830957,0.0,0.0,4,5.6188456081698014e-05,0.0,0.9970782002837517,1.4047114020424503e-05,0.9970782002837517
linka039__tu,float64,0.0,0.0,99999.0,99999.0,33392.090613306136,87211.36133391394,99999.0,99999.0,194,0.002725140119962354,0.0,0.1247383725013696,0.8721010268440349,0.1247383725013696
linka009__tu,float64,0.0,0.0,99999.0,99999.0,33392.78153650068,87211.09491634944,99999.0,99999.0,193,0.002711093005941929,0.0,0.1247383725013696,0.8721010268440349,0.1247383725013696
linka008__tu,float64,0.0,0.0,8.0,8.0,0.09178277635741772,0.004284369776229474,0.0,0.0,7,9.832979814297153e-05,0.0,0.9968393993454044,1.4047114020424503e-05,0.9968393993454044
linka037__tu,float64,0.0,0.0,6.0,6.0,0.0632264028528368,0.002430150725533439,0.0,0.0,6,8.428268412254703e-05,0.0,0.9980614982651814,1.4047114020424503e-05,0.9980614982651814
linka007__tu,float64,0.0,0.0,3.0,3.0,0.03689822830285537,0.0010535335515318377,0.0,0.0,4,5.6188456081698014e-05,0.0,0.999072890474652,2.8094228040849007e-05,0.999072890474652
linka036__tu,float64,0.0,0.0,3.0,3.0,0.02623121296776967,0.0004916489907148576,0.0,0.0,4,5.6188456081698014e-05,0.0,0.9995926336934077,1.4047114020424503e-05,0.9995926336934077
linka035__tu,float64,0.0,0.0,2.0,2.0,0.014515019598438143,0.00015451825422466955,0.0,0.0,3,4.2141342061273514e-05,0.0,0.9998735759738162,2.8094228040849007e-05,0.9998735759738162
linka034__tu,float64,0.0,0.0,2.0,2.0,0.01124349292775947,9.832979814297153e-05,0.0,0.0,3,4.2141342061273514e-05,0.0,0.9999157173158775,1.4047114020424503e-05,0.9999157173158775
linka033__tu,float64,0.0,0.0,2.0,2.0,0.009180452651193369,5.6188456081698014e-05,0.0,0.0,3,4.2141342061273514e-05,0.0,0.9999578586579387,1.4047114020424503e-05,0.9999578586579387
linka040__tu,float64,0.0,0.0,100.0,100.0,1.0953480055532565,0.016140134009467753,0.0,0.0,6,8.428268412254703e-05,0.0,0.9968534464594249,8.428268412254703e-05,0.9968534464594249
linka010__tu,float64,0.0,0.0,100.0,100.0,1.1527459228273582,0.01706724353481577,0.0,0.0,6,8.428268412254703e-05,0.0,0.9968393993454044,0.00011237691216339603,0.9968393993454044
linka005__tu,float64,0.0,0.0,100.0,100.0,1.1199758386148067,0.016603688772141762,0.0,0.0,7,9.832979814297153e-05,0.0,0.9968534464594249,8.428268412254703e-05,0.9968534464594249
linka011__tu,float64,0.0,0.0,396.0,396.0,2.1612822836213326,0.02645071570045934,0.0,0.0,14,0.00019665959628594306,0.0,0.9968393993454044,1.4047114020424503e-05,0.9968393993454044
linka025__tu,float64,0.0,0.0,17.0,17.0,0.7698435876277097,0.28149011785528666,0.0,0.0,16,0.00022475382432679206,0.0,0.8239896613240809,1.4047114020424503e-05,0.8239896613240809
linka003__tu,float64,0.0,0.0,16.0,16.0,0.6872317942328766,0.2452485636825914,0.0,0.0,13,0.00018261248226551856,0.0,0.8387953195016083,1.4047114020424503e-05,0.8387953195016083
linka006__tu,float64,0.0,0.0,162.0,162.0,10.434500318249016,8.388852210313392,5.0,0.0,108,0.0015170883142058464,0.0,0.1360322521737909,1.4047114020424503e-05,0.1360322521737909
linka020__tu,float64,0.0,0.0,99.0,99.0,9.823553757528023,7.517594010310582,4.0,0.0,94,0.0013204287179199034,0.0,0.18507072721909285,0.00023880093834721656,0.18507072721909285
linka021__tu,float64,0.0,0.0,87.0,87.0,4.872176906025265,3.2962676818047734,2.0,0.0,62,0.0008709210692663192,0.0,0.35300397533326777,1.4047114020424503e-05,0.35300397533326777
linka028__tu,float64,0.0,0.0,5.0,5.0,0.13018811663576801,0.013218334293219457,0.0,0.0,5,7.023557010212251e-05,0.0,0.9884392251611906,1.4047114020424503e-05,0.9884392251611906
linka027__tu,float64,0.0,0.0,99999.0,99999.0,49277.9057789083,57607.780921209735,99999.0,99999.0,1096,0.015395636966385256,0.0,0.1247383725013696,0.5746955288036073,0.1247383725013696
linka026__tu,float64,0.0,0.0,35.0,35.0,1.9218224851145014,0.8522945960752364,0.0,0.0,31,0.0004354605346331596,0.0,0.6994339013049768,1.4047114020424503e-05,0.6994339013049768
linka022__tu,float64,0.0,0.0,99.0,99.0,3.6908182769403424,2.4229726502690023,1.0,0.0,57,0.0008006854991641967,0.0,0.4271165489050275,1.4047114020424503e-05,0.4271165489050275
linka053__tu,float64,0.0,0.0,99999.0,99999.0,49561.5826029334,45843.99585610136,1029.0,99999.0,1097,0.01540968408040568,0.0,0.12534239840424785,0.45578670862071385,0.12534239840424785
linka030__tu,float64,0.0,0.0,99999.0,99999.0,49631.526874154646,45767.35460534633,931.0,99999.0,1097,0.01540968408040568,0.0,0.12621331947351416,0.45578670862071385,0.12621331947351416
linka029__tu,float64,0.0,0.0,99.0,99.0,1.995651427317762,0.8712582000028094,0.0,0.0,46,0.0006461672449395272,0.0,0.5805250811220835,5.6188456081698014e-05,0.5805250811220835
linka052__tu,float64,0.0,0.0,99.0,99.0,1.5041306243656871,0.579583924482715,0.0,0.0,38,0.0005337903327761311,0.0,0.6818890558934667,2.8094228040849007e-05,0.6818890558934667
rvlr32__tu,float64,0.0,0.0,9438.0,9438.0,160.50291322203037,28.503178983690788,0.0,0.0,1988,0.027925662672603914,0.0,0.9392602789756844,1.4047114020424503e-05,0.9392602789756844
rvlr30__tu,float64,0.0,0.0,21259.489999999998,21259.489999999998,485.65204617793967,130.22528168232128,0.0,0.0,4130,0.0580145809043532,0.0,0.8065290985966933,1.4047114020424503e-05,0.8065290985966933
linka044__tu,float64,0.0,0.0,3.0,3.0,0.10872339891417368,0.010928654707890263,0.0,0.0,4,5.6188456081698014e-05,0.0,0.9895349000547837,4.2141342061273514e-05,0.9895349000547837
trv09__tu,float64,0.0,-6.0,24.0,30.0,1.7216657805369018,-0.30740704322296986,0.0,-2.0,26,0.0003652249645310371,0.4006517860905477,0.005815505204455744,1.4047114020424503e-05,0.2721628341457248
trv22__tu,float64,0.0,-6.0,6.0,12.0,0.9438808677104117,-0.88286111618368,-1.0,0.0,10,0.00014047114020424503,0.5703268763432553,0.005815505204455744,5.6188456081698014e-05,0.4225371897343691
trv21__tu,float64,0.0,-6.0,2.0,8.0,0.8732416891324613,-1.3402491958027223,-2.0,-2.0,6,8.428268412254703e-05,0.7959235275112728,0.005815505204455744,0.00019665959628594306,0.2009720602902134
trv20__tu,float64,0.0,-6.0,3.0,9.0,0.9353073330276573,-1.0193850173481858,-1.0,0.0,7,9.832979814297153e-05,0.6349857421792693,0.005815505204455744,1.4047114020424503e-05,0.36285100226158534
trv19__tu,float64,0.0,-6.0,2.0,8.0,0.9297787709508759,-1.0763320175869868,-1.0,-2.0,6,8.428268412254703e-05,0.6626866510275464,0.005815505204455744,2.8094228040849007e-05,0.336596946157412
trv18__tu,float64,0.0,-6.0,11.0,17.0,1.1264914098698422,-0.7785332003539873,-1.0,0.0,14,0.00019665959628594306,0.5703268763432553,0.005815505204455744,1.4047114020424503e-05,0.3499136102487744
trv17__tu,float64,0.0,-6.0,8.0,14.0,1.0002660400934944,-1.2841309752911265,-2.0,-2.0,12,0.00016856536824509406,0.7959235275112728,0.005815505204455744,1.4047114020424503e-05,0.15742600682689742
trv16__tu,float64,0.0,-6.0,5.0,11.0,0.9858415513185783,-0.9904058211240501,-1.0,-2.0,9,0.00012642402618382053,0.6349857421792693,0.005815505204455744,2.8094228040849007e-05,0.3380578460155361
trv15__tu,float64,0.0,-6.0,3.0,9.0,0.9465407149451824,-1.066611414684853,-1.0,-2.0,7,9.832979814297153e-05,0.6626866510275464,0.005815505204455744,4.2141342061273514e-05,0.32728370956187053
trv14__tu,float64,0.0,-6.0,12.0,18.0,3.6796461409562813,1.4664203739341752,0.0,-2.0,16,0.00022475382432679206,0.4150360308474624,0.005815505204455744,0.009973450954501398,0.14941915183525545
trv13__tu,float64,0.0,-6.0,23.0,29.0,1.8408638252279592,-0.5297026225961876,-1.0,-2.0,24,0.0003371307364901881,0.5986879995504923,0.005815505204455744,1.4047114020424503e-05,0.153408532217056
trv12__tu,float64,0.0,-6.0,51.0,57.0,2.820236351458736,0.296955990391774,0.0,-2.0,41,0.0005759316748374046,0.44797651322535786,0.005815505204455744,1.4047114020424503e-05,0.24456025509559062
trv11__tu,float64,0.0,-6.0,19.0,25.0,1.4874757632061764,-0.4213993734987147,0.0,0.0,20,0.00028094228040849006,0.4709154504207111,0.005815505204455744,1.4047114020424503e-05,0.3172259759232466
trv10__tu,float64,0.0,-6.0,12.0,18.0,5.122516477603365,5.294933205972833,6.0,12.0,16,0.00022475382432679206,0.15148407759625784,0.005815505204455744,0.15273427074407564,0.12326342552922502
trv08__tu,float64,0.0,-6.0,57.0,63.0,4.18948545666244,2.2627653148660607,1.0,-2.0,54,0.0007585441571029232,0.19986233828259983,0.005815505204455744,1.4047114020424503e-05,0.18816109230358624
rvlr29__tu,float64,0.0,0.0,56313.0,56313.0,1339.4745703476206,428.68686437322924,0.0,0.0,7595,0.1066878309851241,0.0,0.620250319571844,1.4047114020424503e-05,0.620250319571844
trv07__tu,float64,0.0,-6.0,21.0,27.0,1.9249141799213558,0.294076332017587,0.0,0.0,23,0.0003230836224697636,0.2621612889631825,0.005815505204455744,4.2141342061273514e-05,0.2925311494753403
trv06__tu,float64,0.0,-6.0,12.0,18.0,4.717212620499089,3.980572841309753,3.0,0.0,16,0.00022475382432679206,0.15148407759625784,0.005815505204455744,0.07921167596117377,0.19532512045400272
trv05__tu,float64,0.0,-6.0,27.0,33.0,2.019053123431104,-0.2159462838359859,0.0,-2.0,29,0.0004073663065923106,0.4006517860905477,0.005815505204455744,1.4047114020424503e-05,0.30633946255741756
trv04__tu,float64,0.0,-6.0,77.0,83.0,4.517950503389814,2.0283751703212576,1.0,0.0,63,0.0008849681832867437,0.19986233828259983,0.005815505204455744,1.4047114020424503e-05,0.2665580356515754
trv03__tu,float64,0.0,-6.0,31.0,37.0,2.0668766091256114,0.2638609897596539,0.0,0.0,30,0.0004214134206127351,0.2621612889631825,0.005815505204455744,1.4047114020424503e-05,0.3519785360097768
trv02__tu,float64,0.0,-6.0,12.0,18.0,5.02973600136588,2.859135540603183,0.0,-1.0,16,0.00022475382432679206,0.3414151062664176,0.005815505204455744,0.1443481436738822,0.23861832586495105
trv01__tu,float64,0.0,-6.0,999.0,1005.0,418.9069904060725,228.9350742389976,1.0,1.0,29,0.0004073663065923106,0.3256542443355013,0.005815505204455744,0.2283358384020003,0.0003792720785514616
agg911__tu,float64,0.0,-6.0,876.67,882.67,64.95208401443078,59.54494008905869,41.57,-1.0,9924,0.13940355953869277,0.45188161092303586,0.005815505204455744,1.4047114020424503e-05,0.021295424854963548
agg910__tu,float64,0.0,-6.0,869.0,875.0,61.205860358115,53.16724241104666,5.14,-1.0,10295,0.14461503884027027,0.4728679992695501,0.005815505204455744,1.4047114020424503e-05,0.023163691019680008
agg909__tu,float64,0.0,-6.0,12.0,18.0,3.8145856797231974,1.501257216704828,1.0,-1.0,16,0.00022475382432679206,0.4408546264170026,0.005815505204455744,0.04289988621837643,0.0003792720785514616
agg908__tu,float64,0.0,0.0,124674.0,124674.0,3119.9352188676526,1291.142390826546,227.0,0.0,14201,0.19948306620404838,0.0,0.46174268496537385,1.4047114020424503e-05,0.46174268496537385
agg907__tu,float64,0.0,0.0,110682.0,110682.0,2912.158908772791,1167.6668873493975,108.0,0.0,13476,0.1892989085392406,0.0,0.4849344702130947,1.4047114020424503e-05,0.4849344702130947
agg906__tu,float64,0.0,-6.0,869.0,875.0,55.32823130395414,48.50610628046467,24.38,-1.0,12868,0.18075826321482252,0.45188161092303586,0.005815505204455744,1.4047114020424503e-05,0.021323519083004398
trv23__tu,float64,0.0,-6.0,2.0,8.0,0.5568631281005774,-1.0736209245810449,-1.0,-1.0,6,8.428268412254703e-05,0.9761339532792987,0.005815505204455744,0.0006040259028782536,0.005309809099720462
balmag01__tu,float64,0.0,-6.0,600.0,606.0,125.45440471119154,231.66556630940173,262.0,-2.0,595,0.00835803284215258,0.11789742797342286,0.005815505204455744,0.001503041200185422,0.002584668979758109
balmag02__tu,float64,0.0,-6.0,600.0,606.0,169.51600163686223,208.09813313854667,294.0,-1.0,536,0.007529253114947534,0.37146188315610557,0.005815505204455744,0.00021070671030636756,0.0006040259028782536
rvlr01__tu,float64,0.0,-6.0,658.2,664.2,36.47899592520799,13.969626206295917,-1.0,-2.0,4201,0.05901192599980334,0.6265574737670145,0.005815505204455744,1.4047114020424503e-05,0.21725266543988536
rvlr28__tu,object,0.0,,,,,,,-2,450,0.006321201309191026,,,,
rvlr27__tu,object,0.0,,,,,,,-2,593,0.00832993861411173,,,,
rvlr26__tu,object,0.0,,,,,,,-2,689,0.009678461560072482,,,,
rvlr25__tu,object,0.0,,,,,,,-2,607,0.008526598210397673,,,,
rvlr24__tu,object,0.0,,,,,,,-2,751,0.010549382629338803,,,,
rvlr23__tu,object,0.0,,,,,,,-2,888,0.01247383725013696,,,,
rvlr22__tu,object,0.0,,,,,,,-2,777,0.01091460759386984,,,,
rvlr21__tu,object,0.0,,,,,,,-2,919,0.012909297784770119,,,,
rvlr20__tu,object,0.0,,,,,,,-2,1069,0.015016364887833795,,,,
rvlr19__tu,object,0.0,,,,,,,-2,919,0.012909297784770119,,,,
rvlr18__tu,object,0.0,,,,,,,-2,1110,0.0155922965626712,,,,
rvlr17__tu,object,0.0,,,,,,,-2,1324,0.018598378963042044,,,,
rvlr16__tu,object,0.0,,,,,,,-2,1134,0.015929427299161386,,,,
rvlr15__tu,object,0.0,,,,,,,-2,1296,0.018205059770470156,,,,
rvlr14__tu,object,0.0,,,,,,,-2,1592,0.02236300552051581,,,,
rvlr13__tu,float64,0.0,-6.0,18.0,24.0,0.828332030136509,-0.37667336245768307,0.0,0.0,14,0.00019665959628594306,0.44025060051412435,0.005815505204455744,1.4047114020424503e-05,0.49250586467010354
rvlr12__tu,float64,0.0,-6.0,16.0,22.0,0.80265021217828,-0.388781974743289,0.0,0.0,14,0.00019665959628594306,0.44025060051412435,0.005815505204455744,1.4047114020424503e-05,0.4999367879869081
rvlr11__tu,float64,0.0,-6.0,10.0,16.0,0.760989366701985,-0.40927671409908833,0.0,0.0,12,0.00016856536824509406,0.44025060051412435,0.005815505204455744,2.8094228040849007e-05,0.5128741799997191
rvlr10__tu,float64,0.0,-6.0,11.0,17.0,0.7561350790533865,-0.22355981963505597,0.0,0.0,12,0.00016856536824509406,0.27737431344730223,0.005815505204455744,1.4047114020424503e-05,0.6597086628552163
rvlr09__tu,float64,0.0,-6.0,17.0,23.0,1.311799173459493,0.09595583587351979,0.0,0.0,19,0.00026689516638806556,0.27737431344730223,0.005815505204455744,2.8094228040849007e-05,0.5125932377193105
rvlr08__tu,float64,0.0,-6.0,17.0,23.0,1.2546134436357725,0.056862717554678394,0.0,0.0,20,0.00028094228040849006,0.27737431344730223,0.005815505204455744,1.4047114020424503e-05,0.5283962409922881
rvlr07__tu,float64,0.0,-6.0,16.0,22.0,1.1156997196909457,-0.027588531936113724,0.0,0.0,18,0.00025284805236764106,0.27737431344730223,0.005815505204455744,1.4047114020424503e-05,0.5633173664470634
rvlr06__tu,float64,0.0,-6.0,100.0,106.0,19.409108593746584,2.7096714380030624,-1.0,-2.0,979,0.01375212462599559,0.8851367486549888,0.005815505204455744,0.03211170265069042,0.0679880318588546
rvlr05__tu,float64,0.0,-6.0,100.0,106.0,30.293372753978282,11.05013063816039,-1.0,-2.0,4565,0.06412507550323786,0.6443130258888311,0.005815505204455744,0.06814255011307926,0.19637865400553456
rvlr04__tu,float64,0.0,0.0,16076.779999999999,16076.779999999999,426.1221546618619,60.41516268826818,0.0,0.0,2569,0.03608703591847055,0.0,0.9531247805138434,1.4047114020424503e-05,0.9531247805138434
rvlr03__tu,float64,0.0,0.0,48485.0,48485.0,1427.7563766070857,323.635561445457,0.0,0.0,6418,0.09015437778308447,0.0,0.8406916798943657,1.4047114020424503e-05,0.8406916798943657
rvlr02__tu,float64,0.0,-6.0,1262.5,1268.5,21.125091527299784,2.325314023233927,-1.0,-1.0,2433,0.03417662841169282,0.8501453876301114,0.005815505204455744,1.4047114020424503e-05,0.10439815139979491
linka043__tu,float64,0.0,0.0,3.0,3.0,0.08478177729480199,0.0068128502999058845,0.0,0.0,4,5.6188456081698014e-05,0.0,0.99338380929638,1.4047114020424503e-05,0.99338380929638
linka015__tu,float64,0.0,0.0,5.0,5.0,0.15728075832768473,0.022489429546699632,0.0,0.0,5,7.023557010212251e-05,0.0,0.9787186222590569,1.4047114020424503e-05,0.9787186222590569
linkt011__tu,float64,0.0,-4.0,2.0,6.0,0.31109685691228334,-0.01886527412943011,0.0,0.0,4,5.6188456081698014e-05,0.005787410976414896,0.005787410976414896,0.00012642402618382053,0.9900546432735394
linkc038__tu,float64,0.0,0.0,1.0,1.0,0.01351227958902529,0.00018261248226551856,0.0,0.0,2,2.8094228040849007e-05,0.0,0.9998173875177345,0.00018261248226551856,0.9998173875177345
linkc043__tu,float64,0.0,0.0,1.0,1.0,0.009915720373597517,9.832979814297153e-05,0.0,0.0,2,2.8094228040849007e-05,0.0,0.999901670201857,9.832979814297153e-05,0.999901670201857
linkc010__tu,float64,0.0,0.0,0.0,0.0,0.0,0.0,0.0,0.0,1,1.4047114020424503e-05,0.0,1.0,1.0,1.0
linkc011__tu,float64,0.0,0.0,6.0,6.0,0.026501227372305383,0.00022475382432679206,0.0,0.0,4,5.6188456081698014e-05,0.0,0.9998735759738162,1.4047114020424503e-05,0.9998735759738162
linkc012__tu,float64,0.0,0.0,0.0,0.0,0.0,0.0,0.0,0.0,1,1.4047114020424503e-05,0.0,1.0,1.0,1.0
linkc050__tu,float64,0.0,0.0,12.0,12.0,0.09463275337009522,0.002612763207798958,0.0,0.0,10,0.00014047114020424503,0.0,0.9985531472558963,1.4047114020424503e-05,0.9985531472558963
linkc009__tu,float64,0.0,0.0,6.0,6.0,0.026501227372305383,0.00022475382432679206,0.0,0.0,4,5.6188456081698014e-05,0.0,0.9998735759738162,1.4047114020424503e-05,0.9998735759738162
linkc008__tu,float64,0.0,0.0,2.0,2.0,0.007495895949223706,2.8094228040849007e-05,0.0,0.0,2,2.8094228040849007e-05,0.0,0.9999859528859796,1.4047114020424503e-05,0.9999859528859796
linkc036__tu,float64,0.0,0.0,23.0,23.0,0.7544038306506613,0.15656913287165153,0.0,0.0,20,0.00028094228040849006,0.0,0.926772394611527,1.4047114020424503e-05,0.926772394611527
linkc037__tu,float64,0.0,0.0,17.0,17.0,0.3255196423431362,0.04896823947519982,0.0,0.0,12,0.00016856536824509406,0.0,0.9670454705080841,1.4047114020424503e-05,0.9670454705080841
linkc042__tu,float64,0.0,0.0,4.0,4.0,0.11138702198185373,0.009748697130174606,0.0,0.0,5,7.023557010212251e-05,0.0,0.991431260447541,2.8094228040849007e-05,0.991431260447541
linkc041__tu,float64,0.0,0.0,2.0,2.0,0.03371350943887844,0.0011097220076135357,0.0,0.0,3,4.2141342061273514e-05,0.0,0.9989043251064069,1.4047114020424503e-05,0.9989043251064069
linkc040__tu,float64,0.0,0.0,2.0,2.0,0.026757038386306685,0.0006883085870008007,0.0,0.0,3,4.2141342061273514e-05,0.0,0.9993257385270197,1.4047114020424503e-05,0.9993257385270197
linkc039__tu,float64,0.0,0.0,1.0,1.0,0.02248215906589271,0.0005056961047352821,0.0,0.0,2,2.8094228040849007e-05,0.0,0.9994943038952647,0.0005056961047352821,0.9994943038952647
linkc030__tu,float64,0.0,0.0,45.0,45.0,0.9932278156502479,0.1830338956861313,0.0,0.0,28,0.0003933191925718861,0.0,0.9352428043658431,1.4047114020424503e-05,0.9352428043658431
linkc006__tu,float64,0.0,0.0,21.0,21.0,0.9795405933266651,0.3104271727373611,0.0,0.0,16,0.00022475382432679206,0.0,0.8606666760314093,1.4047114020424503e-05,0.8606666760314093
linkc035__tu,float64,0.0,0.0,33.0,33.0,0.25717059983608775,0.0211549537147593,0.0,0.0,12,0.00016856536824509406,0.0,0.9872873618115158,1.4047114020424503e-05,0.9872873618115158
linkc034__tu,float64,0.0,0.0,20.0,20.0,0.14258119607951883,0.00820351458792791,0.0,0.0,8,0.00011237691216339603,0.0,0.9942828245936872,1.4047114020424503e-05,0.9942828245936872
linkc033__tu,float64,0.0,0.0,14.0,14.0,0.1124740398454709,0.0058576465465170185,0.0,0.0,8,0.00011237691216339603,0.0,0.9957437244518114,1.4047114020424503e-05,0.9957437244518114
linkc032__tu,float64,0.0,0.0,7.0,7.0,0.07924161540768737,0.003736532329432918,0.0,0.0,6,8.428268412254703e-05,0.0,0.9970501060557109,1.4047114020424503e-05,0.9970501060557109
linkc031__tu,float64,0.0,0.0,4.0,4.0,0.05243043805468315,0.0020789728750228264,0.0,0.0,5,7.023557010212251e-05,0.0,0.9981879222913652,1.4047114020424503e-05,0.9981879222913652
linkc024__tu,float64,0.0,0.0,114.0,114.0,2.833802853522668,0.8860638581803368,0.0,0.0,51,0.0007164028150416497,0.0,0.8281054657320653,1.4047114020424503e-05,0.8281054657320653
linkc029__tu,float64,0.0,0.0,50.0,50.0,1.5667127089757389,0.47689952099341193,0.0,0.0,32,0.0004495076486535841,0.0,0.8476309542204554,1.4047114020424503e-05,0.8476309542204554
linkc028__tu,float64,0.0,0.0,30.0,30.0,1.2545282825742394,0.3856635154307548,0.0,0.0,24,0.0003371307364901881,0.0,0.8552585371335459,1.4047114020424503e-05,0.8552585371335459
linkc027__tu,float64,0.0,0.0,22.0,22.0,1.167189065341013,0.360786076500583,0.0,0.0,22,0.0003090365084493391,0.0,0.8579134416834061,1.4047114020424503e-05,0.8579134416834061
linkc026__tu,float64,0.0,0.0,21.0,21.0,1.0675380893463255,0.3301914621640984,0.0,0.0,18,0.00025284805236764106,0.0,0.8609757125398587,1.4047114020424503e-05,0.8609757125398587
linkc025__tu,float64,0.0,0.0,21.0,21.0,0.9434304784106498,0.2935706359128517,0.0,0.0,16,0.00022475382432679206,0.0,0.8649089044655776,1.4047114020424503e-05,0.8649089044655776
linkc048__tu,float64,0.0,0.0,116.0,116.0,3.884985019665268,1.2829088763713494,0.0,0.0,60,0.0008428268412254702,0.0,0.818033684979421,1.4047114020424503e-05,0.818033684979421
linkc007__tu,float64,0.0,0.0,52.0,52.0,1.8597118963791692,0.5950778912472433,0.0,0.0,36,0.0005056961047352821,0.0,0.8364915928022588,1.4047114020424503e-05,0.8364915928022588
linkc044__tu,float64,0.0,0.0,1.0,1.0,0.016334860927351695,0.00026689516638806556,0.0,0.0,2,2.8094228040849007e-05,0.0,0.9997331048336119,0.00026689516638806556,0.9997331048336119
linkc045__tu,float64,0.0,0.0,2.0,2.0,0.01982905258706489,0.0003652249645310371,0.0,0.0,3,4.2141342061273514e-05,0.0,0.9996488221494894,1.4047114020424503e-05,0.9996488221494894
linkc046__tu,float64,0.0,0.0,2.0,2.0,0.023400320630979965,0.0005197432187557066,0.0,0.0,3,4.2141342061273514e-05,0.0,0.9994943038952647,1.4047114020424503e-05,0.9994943038952647
linkc047__tu,float64,0.0,0.0,6.0,6.0,0.041378420198848166,0.0012642402618382054,0.0,0.0,4,5.6188456081698014e-05,0.0,0.9988200424222844,1.4047114020424503e-05,0.9988200424222844
linkt010__tu,float64,0.0,-4.0,9.0,13.0,2.6230257671672734,-1.9007852336737416,-4.0,-4.0,11,0.00015451825422466955,0.6030145106687831,0.6030145106687831,1.4047114020424503e-05,0.002584668979758109
linkt009__tu,float64,0.0,-4.0,59.0,63.0,4.252757600375371,2.1133461630308052,0.0,0.0,49,0.0006883085870008007,0.005787410976414896,0.005787410976414896,1.4047114020424503e-05,0.6483866889547543
linkt008__tu,float64,0.0,-4.0,4.0,8.0,2.32549317082162,-2.1328856986332156,-4.0,-4.0,7,9.832979814297153e-05,0.6052199075699898,0.6030145106687831,9.832979814297153e-05,0.12489289075559426
linkt007__tu,float64,0.0,-4.0,119.0,123.0,21.47391472879643,5.953223110311987,-4.0,-4.0,121,0.001699700796471365,0.6030145106687831,0.6030145106687831,1.4047114020424503e-05,0.04763376364325949
linkt006__tu,float64,0.0,0.0,9.0,9.0,0.7663998062923422,0.5148267288485581,0.0,0.0,10,0.00014047114020424503,0.0,0.6033937827473346,1.4047114020424503e-05,0.6033937827473346
linkt004__tu,float64,0.0,0.0,13.0,13.0,1.3425341489823592,1.1191054797791793,1.0,0.0,14,0.00019665959628594306,0.0,0.42196125805953166,1.4047114020424503e-05,0.42196125805953166
linkt003__tu,float64,0.0,0.0,7.0,7.0,0.5809954346097439,0.28946887861888776,0.0,0.0,8,0.00011237691216339603,0.0,0.7654131958589108,1.4047114020424503e-05,0.7654131958589108
linkt002__tu,float64,0.0,0.0,999.0,999.0,50.71079595699509,37.0185000491649,22.0,0.0,369,0.005183385073536642,0.0,0.03423281686777452,0.0007725912711233477,0.03423281686777452
linkt001__tu,float64,0.0,0.0,19.0,19.0,2.3258984238591065,2.899998595288598,2.0,2.0,20,0.00028094228040849006,0.0,0.12195704392532554,4.2141342061273514e-05,0.12195704392532554
linkd012__tu,float64,0.0,0.0,1825.0,1825.0,106.81689188120181,9.487027490202138,0.0,0.0,605,0.008498503982356825,0.0,0.9899141721333352,1.4047114020424503e-05,0.9899141721333352
linkd007__tu,float64,0.0,0.0,265.9061,265.9061,2.4409709040856353,0.054833516426598033,0.0,0.0,146,0.0020508786469819774,0.0,0.997878885782916,1.4047114020424503e-05,0.997878885782916
linkd006__tu,float64,0.0,0.0,283.0,283.0,2.1641267065066345,0.11404851873182655,0.0,0.0,62,0.0008709210692663192,0.0,0.9901670201857028,1.4047114020424503e-05,0.9901670201857028
linkd013__tu,float64,0.0,0.0,1824.0,1824.0,138.89351272586205,14.978788857829159,0.0,0.0,647,0.009088482771214655,0.0,0.9871890320133728,1.4047114020424503e-05,0.9871890320133728
linkd010__tu,float64,0.0,0.0,61.0,61.0,0.5220400522538121,0.03275454424138561,0.0,0.0,217,0.003048223742432117,0.0,0.9871890320133728,1.4047114020424503e-05,0.9871890320133728
linkd011__tu,float64,0.0,0.0,16.0,16.0,0.08611261268850817,0.0012642402618382054,0.0,0.0,9,0.00012642402618382053,0.0,0.9994662096672239,1.4047114020424503e-05,0.9994662096672239
linkd009__tu,float64,0.0,0.0,288.0,288.0,2.2228617495324317,0.12435910042281813,0.0,0.0,68,0.0009552037533888662,0.0,0.9871890320133728,1.4047114020424503e-05,0.9871890320133728
linkd005__tu,float64,0.0,0.0,264.0,264.0,2.0627457404728404,0.10906179325457585,0.0,0.0,59,0.0008287797272050457,0.0,0.9903777268960092,1.4047114020424503e-05,0.9903777268960092
linkd003__tu,float64,0.0,0.0,5.0,5.0,0.3785907407078531,0.03586228209414376,0.0,0.0,6,8.428268412254703e-05,0.0,0.9894225231426204,0.0033572602508814566,0.9894225231426204
linkd002__tu,float64,0.0,0.0,5.0,5.0,0.1385405807763274,0.007164028150416497,0.0,0.0,6,8.428268412254703e-05,0.0,0.9965163157229348,0.00018261248226551856,0.9965163157229348
linkd008__tu,float64,0.0,0.0,1826.0,1826.0,313.9666788908875,91.29588840972622,0.0,0.0,1784,0.025060051412437313,0.0,0.8872438157580526,5.6188456081698014e-05,0.8872438157580526
linkd014__tu,float64,0.0,0.0,16496.261520278993,16496.261520278993,408.5899013647463,77.02337644233884,0.0,0.0,6387,0.08971891724845131,0.0,0.8785486521794097,1.4047114020424503e-05,0.8785486521794097
linkd004__tu,float64,0.0,0.0,3.0,3.0,0.04526929566961425,0.0012642402618382054,0.0,0.0,4,5.6188456081698014e-05,0.0,0.9991150318167132,1.4047114020424503e-05,0.9991150318167132
linkd001__tu,float64,0.0,0.0,1.0,1.0,0.06894400032990455,0.004776018766944331,0.0,0.0,2,2.8094228040849007e-05,0.0,0.9952239812330557,0.004776018766944331,0.9952239812330557
linkc051__tu,float64,0.0,0.0,0.0,0.0,0.0,0.0,0.0,0.0,1,1.4047114020424503e-05,0.0,1.0,1.0,1.0
linkc004__tu,float64,0.0,0.0,6.0,6.0,0.038208604414083365,0.0010113922094705642,0.0,0.0,4,5.6188456081698014e-05,0.0,0.999072890474652,1.4047114020424503e-05,0.999072890474652
linkc005__tu,float64,0.0,0.0,1.0,1.0,0.017971749398212583,0.0003230836224697636,0.0,0.0,2,2.8094228040849007e-05,0.0,0.9996769163775302,0.0003230836224697636,0.9996769163775302
linkc049__tu,float64,0.0,0.0,13.0,13.0,0.18910780731313695,0.015985615755243085,0.0,0.0,10,0.00014047114020424503,0.0,0.9893944289145795,1.4047114020424503e-05,0.9893944289145795
linkc020__tu,float64,0.0,0.0,21.0,21.0,1.1389314927840237,0.3623593532708705,0.0,0.0,20,0.00028094228040849006,0.0,0.8545983227745859,1.4047114020424503e-05,0.8545983227745859
linkb012__tu,float64,0.0,0.0,1.0,1.0,0.026756300909681674,0.0007164028150416497,0.0,0.0,2,2.8094228040849007e-05,0.0,0.9992835971849584,0.0007164028150416497,0.9992835971849584
linka045__tu,float64,0.0,0.0,5.0,5.0,0.2306339397220707,0.04656618297770723,0.0,0.0,6,8.428268412254703e-05,0.0,0.957381056062032,1.4047114020424503e-05,0.957381056062032
linka057__tu,float64,0.0,0.0,4.0,4.0,0.02457595086926553,0.00023880093834721656,0.0,0.0,5,7.023557010212251e-05,0.0,0.9998735759738162,1.4047114020424503e-05,0.9998735759738162
linka067__tu,float64,0.0,0.0,2.0,2.0,0.008380619356904307,4.2141342061273514e-05,0.0,0.0,3,4.2141342061273514e-05,0.0,0.9999719057719592,1.4047114020424503e-05,0.9999719057719592
linka082__tu,float64,0.0,0.0,2081.0,2081.0,11.855427790720247,0.2079797490688704,0.0,0.0,60,0.0008428268412254702,0.0,0.998974560676509,1.4047114020424503e-05,0.998974560676509
linka066__tu,float64,0.0,0.0,2910.0,2910.0,18.28805342393967,0.29651252083476615,0.0,0.0,65,0.0009130624113275927,0.0,0.998974560676509,1.4047114020424503e-05,0.998974560676509
linka065__tu,float64,0.0,0.0,2910.0,2910.0,15.133144384718989,0.20135662171346358,0.0,0.0,41,0.0005759316748374046,0.0,0.9993538327550605,1.4047114020424503e-05,0.9993538327550605
linka064__tu,float64,0.0,0.0,2910.0,2910.0,13.14112246580435,0.11061131799164706,0.0,0.0,19,0.00026689516638806556,0.0,0.9997190577195915,1.4047114020424503e-05,0.9997190577195915
linka063__tu,float64,0.0,0.0,1500.0,1500.0,6.2619672114108464,0.04134802352354587,0.0,0.0,10,0.00014047114020424503,0.0,0.9998735759738162,1.4047114020424503e-05,0.9998735759738162
linka062__tu,float64,0.0,0.0,327.24827471675826,327.24827471675826,1.5388977003992783,0.00889652118470138,0.0,0.0,5,7.023557010212251e-05,0.0,0.9999438115439183,1.4047114020424503e-05,0.9999438115439183
linka061__tu,float64,0.0,0.0,327.24827471675826,327.24827471675826,1.5388977003992783,0.00889652118470138,0.0,0.0,5,7.023557010212251e-05,0.0,0.9999438115439183,1.4047114020424503e-05,0.9999438115439183
linka060__tu,float64,0.0,0.0,327.24827471675826,327.24827471675826,1.5347869144613404,0.008475107764088646,0.0,0.0,4,5.6188456081698014e-05,0.0,0.9999578586579387,1.4047114020424503e-05,0.9999578586579387
linka080__tu,float64,0.0,0.0,99999.0,99999.0,33249.922237540006,87340.47208136089,99999.0,99999.0,67,0.0009411566393684417,0.0,0.12556715222857465,0.8734074084479344,0.12556715222857465
linka031__tu,float64,0.0,0.0,8.0,8.0,0.06402468054125313,0.0016294652263692424,0.0,0.0,7,9.832979814297153e-05,0.0,0.998974560676509,1.4047114020424503e-05,0.998974560676509
linka059__tu,float64,0.0,0.0,6.0,6.0,0.049428247255324555,0.0010394864375114132,0.0,0.0,6,8.428268412254703e-05,0.0,0.9993538327550605,1.4047114020424503e-05,0.9993538327550605
linka058__tu,float64,0.0,0.0,4.0,4.0,0.031799439568107435,0.0004495076486535841,0.0,0.0,5,7.023557010212251e-05,0.0,0.9997190577195915,2.8094228040849007e-05,0.9997190577195915
linka056__tu,float64,0.0,0.0,3.0,3.0,0.017974208679835665,0.00012642402618382053,0.0,0.0,4,5.6188456081698014e-05,0.0,0.9999438115439183,2.8094228040849007e-05,0.9999438115439183
linkb009__tu,float64,0.0,0.0,6.0,6.0,0.2883435991216022,0.05224121704195873,0.0,0.0,7,9.832979814297153e-05,0.0,0.9610894941634242,2.8094228040849007e-05,0.9610894941634242
linka055__tu,float64,0.0,0.0,3.0,3.0,0.017974208679835665,0.00012642402618382053,0.0,0.0,4,5.6188456081698014e-05,0.0,0.9999438115439183,2.8094228040849007e-05,0.9999438115439183
linka054__tu,float64,0.0,0.0,3.0,3.0,0.014023382443408793,8.428268412254703e-05,0.0,0.0,4,5.6188456081698014e-05,0.0,0.9999578586579387,1.4047114020424503e-05,0.9999578586579387
linka038__tu,float64,0.0,0.0,4.0,4.0,0.06547015384763118,0.003483684277065277,0.0,0.0,5,7.023557010212251e-05,0.0,0.9968393993454044,1.4047114020424503e-05,0.9968393993454044
linka013__tu,float64,0.0,0.0,106914.87342233455,106914.87342233455,677.2586537405774,107.81892668347369,0.0,0.0,9760,0.13709983283934316,0.0,0.8549073592830353,1.4047114020424503e-05,0.8549073592830353
linka016__tu,float64,0.0,0.0,5.0,5.0,0.23701159088069232,0.04756352807315737,0.0,0.0,6,8.428268412254703e-05,0.0,0.9570439253255418,1.4047114020424503e-05,0.9570439253255418
linka014__tu,float64,0.0,0.0,16.0,16.0,0.5551149977010565,0.23301352737080167,0.0,0.0,12,0.00016856536824509406,0.0,0.8156597227099692,1.4047114020424503e-05,0.8156597227099692
linka012__tu,float64,0.0,0.0,6.0,6.0,0.30469185734518567,0.07995617300425628,0.0,0.0,7,9.832979814297153e-05,0.0,0.9285844723201618,1.4047114020424503e-05,0.9285844723201618
linka041__tu,float64,0.0,0.0,9999.99999,9999.99999,4704.127292206935,6632.945265833063,9999.99999,9999.99999,1173,0.016477264745957943,0.0,0.2894126901628061,0.6610712329151975,0.2894126901628061
linka019__tu,float64,0.0,0.0,99999.0,99999.0,47023.1109668701,66330.45591313265,99999.0,99999.0,1822,0.025593841745213446,0.0,0.1247383725013696,0.6610712329151975,0.1247383725013696
linka018__tu,float64,0.0,0.0,99999.0,99999.0,47060.79233858307,66303.33708859514,99999.0,99999.0,1825,0.02563598308727472,0.0,0.1247383725013696,0.6610712329151975,0.1247383725013696
linka017__tu,float64,0.0,0.0,16.0,16.0,0.6188651201278199,0.2807315736981837,0.0,0.0,13,0.00018261248226551856,0.0,0.7858096054165672,1.4047114020424503e-05,0.7858096054165672
linka047__tu,float64,0.0,0.0,13.0,13.0,0.4373942145949013,0.15125932377193105,0.0,0.0,9,0.00012642402618382053,0.0,0.8737164449563837,1.4047114020424503e-05,0.8737164449563837
linka046__tu,float64,0.0,0.0,6.0,6.0,0.3325838169985121,0.09368020340221102,0.0,0.0,7,9.832979814297153e-05,0.0,0.9175996291561899,1.4047114020424503e-05,0.9175996291561899
linka068__tu,float64,0.0,0.0,2.0,2.0,0.0091804526511905,5.6188456081698014e-05,0.0,0.0,3,4.2141342061273514e-05,0.0,0.9999578586579387,1.4047114020424503e-05,0.9999578586579387
linka069__tu,float64,0.0,0.0,2.0,2.0,0.010600537113105272,8.428268412254703e-05,0.0,0.0,3,4.2141342061273514e-05,0.0,0.9999297644298979,1.4047114020424503e-05,0.9999297644298979
linka070__tu,float64,0.0,0.0,3.0,3.0,0.018738686871652296,0.00021070671030636756,0.0,0.0,4,5.6188456081698014e-05,0.0,0.9998454817457754,1.4047114020424503e-05,0.9998454817457754
linka071__tu,float64,0.0,0.0,5.0,5.0,0.04001219758161312,0.0006461672449395272,0.0,0.0,6,8.428268412254703e-05,0.0,0.9996347750354689,1.4047114020424503e-05,0.9996347750354689
linkb008__tu,float64,0.0,0.0,3.0,3.0,0.09960436444804531,0.008161373245866637,0.0,0.0,4,5.6188456081698014e-05,0.0,0.9926674064813384,8.428268412254703e-05,0.9926674064813384
linkb011__tu,float64,0.0,-1.0,999.0,1000.0,85.318793159389,21.89810223489584,0.0,0.0,32,0.0004495076486535841,0.13410779755299274,0.13410779755299274,1.4047114020424503e-05,0.8011209596988299
linkb010__tu,float64,0.0,-1.0,18.0,19.0,0.4893620100985427,-0.09142227029456798,0.0,0.0,75,0.0010535335515318377,0.1153970416777873,0.1153970416777873,1.4047114020424503e-05,0.8793493376785739
linkb018__tu,float64,0.0,0.0,17275.0,17275.0,918.7105466611151,230.81027967804016,0.0,0.0,3689,0.05181980362134599,0.0,0.8925395777437526,2.8094228040849007e-05,0.8925395777437526
linkb017__tu,float64,0.0,0.0,11900000.0,11900000.0,75100.7505608243,14647.827094073522,0.0,0.0,2231,0.03133911137956707,0.0,0.9055191110986248,1.4047114020424503e-05,0.9055191110986248
linkb016__tu,float64,0.0,0.0,1231670.0,1231670.0,57147.927743360866,15321.475621233618,0.0,0.0,4803,0.06746828864009889,0.0,0.896360392757308,2.8094228040849007e-05,0.896360392757308
linkb015__tu,float64,0.0,0.0,695600.0,695600.0,41753.25453845392,10529.338802343058,0.0,0.0,4141,0.05816909915857787,0.0,0.9123600556265715,2.8094228040849007e-05,0.9123600556265715
linkb013__tu,float64,0.0,0.0,695600.0,695600.0,41117.12091677213,10400.947955442554,0.0,0.0,4521,0.06350700248633918,0.0,0.9031591959431935,2.8094228040849007e-05,0.9031591959431935
linkb004__tu,float64,0.0,0.0,1194719.9,1194719.9,45625.495381041634,10364.739160603454,0.0,0.0,6195,0.0870218713565298,0.0,0.8919917402969559,2.8094228040849007e-05,0.8919917402969559
linkb003__tu,float64,0.0,0.0,917500.0,917500.0,13452.807005091683,1939.9557515908357,0.0,0.0,2816,0.039556673081515406,0.0,0.9190324347862732,1.4047114020424503e-05,0.9190324347862732
linkb002__tu,float64,0.0,0.0,695600.0,695600.0,30190.49661943301,6131.4662237143375,0.0,0.0,4277,0.0600795066653556,0.0,0.9190886232423549,2.8094228040849007e-05,0.9190886232423549
linkb005__tu,float64,0.0,0.0,7771.0,7771.0,582.7439513307232,155.56799505541588,0.0,0.0,2013,0.028276840523114525,0.0,0.9205214288724382,1.4047114020424503e-05,0.9205214288724382
linkb014__tu,float64,0.0,0.0,435600000.0,435600000.0,1633639.932431444,9675.458441613171,0.0,0.0,3368,0.04731068002078973,0.0,0.8941128545140401,1.4047114020424503e-05,0.8941128545140401
linkb001__tu,float64,0.0,0.0,10000.0,10000.0,37.503211923325594,0.22213965640759104,0.0,0.0,440,0.006180730168986782,0.0,0.8941549958561014,1.4047114020424503e-05,0.8941549958561014
linka083__tu,float64,0.0,0.0,677.0,677.0,6.021743738847496,0.12203458830071316,0.0,0.0,61,0.0008568739552458947,0.0,0.9990588433606316,1.4047114020424503e-05,0.9990588433606316
linka079__tu,float64,0.0,0.0,739.8187068679188,739.8187068679188,8.423623485070852,0.1727896755264561,0.0,0.0,60,0.0008428268412254702,0.0,0.9990588433606316,1.4047114020424503e-05,0.9990588433606316
linka078__tu,float64,0.0,0.0,739.8187068679188,739.8187068679188,7.987281127998848,0.14837674978924,0.0,0.0,50,0.0007023557010212252,0.0,0.9992133616148562,1.4047114020424503e-05,0.9992133616148562
linka077__tu,float64,0.0,0.0,739.8187068679188,739.8187068679188,6.27289735607533,0.08107176292166904,0.0,0.0,25,0.0003511778505106126,0.0,0.9996347750354689,1.4047114020424503e-05,0.9996347750354689
linka076__tu,float64,0.0,0.0,739.8187068679188,739.8187068679188,4.4898146464673285,0.037526430813453616,0.0,0.0,12,0.00016856536824509406,0.0,0.9998454817457754,1.4047114020424503e-05,0.9998454817457754
linka075__tu,float64,0.0,0.0,320.4977,320.4977,1.3633371923696398,0.00812456742088112,0.0,0.0,6,8.428268412254703e-05,0.0,0.9999297644298979,1.4047114020424503e-05,0.9999297644298979
linka074__tu,float64,0.0,0.0,320.4977,320.4977,1.2427717989725802,0.0058489349495723505,0.0,0.0,4,5.6188456081698014e-05,0.0,0.9999578586579387,1.4047114020424503e-05,0.9999578586579387
linka073__tu,float64,0.0,0.0,330.41,330.41,1.2391753091742008,0.0048098723117335545,0.0,0.0,3,4.2141342061273514e-05,0.0,0.9999719057719592,1.4047114020424503e-05,0.9999719057719592
linka085__tu,float64,0.0,0.0,99999.0,99999.0,33251.44464972704,87339.88988467319,99999.0,99999.0,25,0.0003511778505106126,0.0,0.12565143491269717,0.8734074084479344,0.12565143491269717
linka084__tu,float64,0.0,0.0,99999.0,99999.0,33251.45398112117,87339.88633075335,99999.0,99999.0,23,0.0003230836224697636,0.0,0.12565143491269717,0.8734074084479344,0.12565143491269717
linka081__tu,float64,0.0,0.0,99999.0,99999.0,33250.38110898222,87340.29619744624,99999.0,99999.0,60,0.0008428268412254702,0.0,0.12565143491269717,0.8734074084479344,0.12565143491269717
linka032__tu,float64,0.0,0.0,7.0,7.0,0.06291952451038144,0.0015732767702875444,0.0,0.0,7,9.832979814297153e-05,0.0,0.9990588433606316,1.4047114020424503e-05,0.9990588433606316
linka072__tu,float64,0.0,0.0,7.0,7.0,0.06030254567602902,0.001362570059981177,0.0,0.0,7,9.832979814297153e-05,0.0,0.9992133616148562,1.4047114020424503e-05,0.9992133616148562
revs115__tu,float64,0.0,0.0,19776.0,19776.0,386.1232036843278,91.38166928004141,0.0,0.0,3569,0.050134149938895055,0.0,0.7258003343213136,1.4047114020424503e-05,0.7258003343213136
revs113__tu,float64,0.0,0.0,15733.837841827504,15733.837841827504,385.80107399898833,94.93486588679758,0.0,0.0,3637,0.05108935369228392,0.0,0.7161359198752616,1.4047114020424503e-05,0.7161359198752616
bigstatusid__app,float64,0.0,0.0,6057872.0,6057872.0,1763622.7071627127,574847.7591341359,11.0,11.0,5435,0.07634606470100717,0.0,0.18203655059068113,1.4047114020424503e-05,0.18203655059068113
bc109s__tu,float64,0.0,-5.0,14.0,19.0,1.629032682272915,-0.14262034864936998,0.0,0.0,18,0.00025284805236764106,0.3590442343620503,0.03954262596749498,2.8094228040849007e-05,0.38373906080995657
bi28s__tu,float64,0.0,0.0,447899.0,447899.0,12840.004789407298,2403.7696227120964,0.0,0.0,4603,0.06465886583601399,0.0,0.8893368357470958,1.4047114020424503e-05,0.8893368357470958
bi27s__tu,float64,0.0,-6.0,44.0,50.0,2.338637126246985,-1.2643807329784096,-1.0,-1.0,37,0.0005197432187557066,0.9360575369790276,0.047184255994605906,1.4047114020424503e-05,0.003034176628411693
bi25s__tu,float64,0.0,-6.0,47.0,53.0,2.345673581969324,-1.1592099903074913,-1.0,-1.0,38,0.0005337903327761311,0.9231060978521962,0.03423281686777452,1.4047114020424503e-05,0.004424840916433719
bi24s__tu,float64,0.0,-6.0,49.0,55.0,2.3123080366862094,-1.0445433985587662,-1.0,-1.0,37,0.0005197432187557066,0.9078228377979745,0.01896360392757308,1.4047114020424503e-05,0.005731222520333198
bi21s__tu,float64,0.0,-4.0,456.0,460.0,38.22221497397766,15.83750298501173,-1.0,-1.0,313,0.00439674668839287,0.7014004972678364,0.005815505204455744,1.4047114020424503e-05,0.0003792720785514616
bi20s__tu,float64,0.0,-4.0,474.0,478.0,53.064525919255836,24.729480678194665,-1.0,-1.0,361,0.005071008161373246,0.7014004972678364,0.005815505204455744,1.4047114020424503e-05,0.0003792720785514616
bi12s__tu,float64,0.0,-4.0,49.0,53.0,2.2588522659687724,-0.8957704139684501,-1.0,-1.0,35,0.0004916489907148576,0.8887187627301971,0.005815505204455744,1.4047114020424503e-05,0.0006180730168986782
bi09s__tu,float64,0.0,-4.0,20.0,24.0,0.9358729775270784,-0.5489612159181896,-1.0,-1.0,18,0.00025284805236764106,0.7014004972678364,0.005815505204455744,1.4047114020424503e-05,0.184017193667561
bi06s__tu,float64,0.0,-4.0,5.0,9.0,0.6168252185978835,-0.679515093624015,-1.0,-1.0,8,0.00011237691216339603,0.7014004972678364,0.005815505204455744,1.4047114020424503e-05,0.2650830886794308
bi03s__tu,float64,0.0,-4.0,49.0,53.0,2.2514327557568614,-0.9039598814423576,-1.0,-1.0,36,0.0005056961047352821,0.8888592338704013,0.005815505204455744,1.4047114020424503e-05,0.0065319080194973945
bi02s__tu,float64,0.0,-4.0,49.0,53.0,2.0282551866418537,-0.3331975445644692,-1.0,-1.0,34,0.0004776018766944331,0.7014004972678364,0.005815505204455744,1.4047114020424503e-05,0.18769753754091223
bi01s__tu,float64,0.0,-4.0,54.0,58.0,2.917944735638941,1.0239362822908034,0.0,0.0,45,0.0006321201309191027,0.005815505204455744,0.005815505204455744,1.4047114020424503e-05,0.695964264141932
bc110s__tu,float64,0.0,0.0,56605.311307524804,56605.311307524804,1795.6506043478848,447.8673800172485,0.0,0.0,7875,0.11062102291084297,0.0,0.712076303923359,1.4047114020424503e-05,0.712076303923359
bc108s__tu,float64,0.0,-4.0,510.0,514.0,27.42365743031417,11.48909241596314,0.0,0.0,286,0.004017474609841408,0.2711093005941929,0.005815505204455744,1.4047114020424503e-05,0.32187557066400707
bi30s__tu,float64,0.0,-4.0,100.0,104.0,30.002812880474103,8.479442048631109,-1.0,-1.0,33,0.0004635547626740086,0.8889575636685443,0.005815505204455744,0.09540799842672323,0.012235036311789743
bc107s__tu,float64,0.0,-4.0,81.0,85.0,5.335358402626873,2.5013695936169915,0.0,0.0,66,0.0009271095253480172,0.2711093005941929,0.005815505204455744,2.8094228040849007e-05,0.28885080560198906
bc106s__tu,float64,0.0,-4.0,35.0,39.0,2.2356750557318747,1.1201730604447315,1.0,-1.0,27,0.0003792720785514616,0.2711093005941929,0.005815505204455744,1.4047114020424503e-05,0.16942224220033994
bc104s__tu,float64,0.0,-5.0,841.0,846.0,48.101184776622,30.39771593926028,-1.0,-3.0,270,0.003792720785514616,0.6080152832600543,0.003596061189228673,1.4047114020424503e-05,0.02538313503490708
bc103s__tu,float64,0.0,-5.0,32955.0,32960.0,1138.2369598781872,469.4382699574372,57.0,-1.0,4206,0.059082161569905464,0.4885305314023234,0.16902892300776806,1.4047114020424503e-05,0.0003792720785514616
bc102s__tu,float64,0.0,-5.0,61553.0,61558.0,1431.7199223812995,424.61213108766805,-1.0,-3.0,2381,0.03344617848263074,0.6080012361460339,0.0035820140752082486,1.4047114020424503e-05,0.0003792720785514616
bc101s__tu,float64,0.0,0.0,84065.0,84065.0,2917.6232409501126,1159.1881730115676,62.0,0.0,13433,0.18869488263636236,0.0,0.48890980348087487,1.4047114020424503e-05,0.48890980348087487
bc98a__tu,float64,0.0,0.0,101862.61,101862.61,1992.066709414527,313.06536455523957,0.0,0.0,5637,0.07918358173313293,0.0,0.7410274059194538,1.4047114020424503e-05,0.7410274059194538
bc97b__tu,float64,0.0,0.0,93500.0,93500.0,934.0872556611723,107.31487903109021,0.0,0.0,2977,0.04181825843880375,0.0,0.8917248451305679,1.4047114020424503e-05,0.8917248451305679
bc97a__tu,float64,0.0,0.0,101862.61,101862.61,1980.9182552350444,310.1886381050122,0.0,0.0,5608,0.07877621542654062,0.0,0.7419545154448018,1.4047114020424503e-05,0.7419545154448018
bc57s__tu,float64,0.0,0.0,2603.48,2603.48,81.32201653743222,15.59321069005978,0.0,0.0,1450,0.02036831532961553,0.0,0.9213361614856228,1.4047114020424503e-05,0.9213361614856228
bc36s__tu,float64,0.0,-4.0,999.0,1003.0,333.4289976465761,130.91619491775415,0.0,-1.0,85,0.0011940046917360827,0.2711093005941929,0.005815505204455744,0.1284749048308025,0.23509250024582448
bc35s__tu,float64,0.0,-5.0,32955.0,32960.0,833.3854744880842,272.85007515206,-1.0,-3.0,3276,0.04601834553091067,0.604433269184846,1.4047114020424503e-05,1.4047114020424503e-05,0.027967804014665188
bc34s__tu,float64,0.0,-5.0,841.0,846.0,47.95021968559347,30.082849878492464,-1.0,-3.0,268,0.003764626557473767,0.6080152832600543,0.003596061189228673,1.4047114020424503e-05,0.02563598308727472
bi29s__tu,float64,0.0,-4.0,49.0,53.0,2.2588742535290782,-0.8962480158451446,-1.0,-1.0,36,0.0005056961047352821,0.8889575636685443,0.005815505204455744,1.4047114020424503e-05,0.0003792720785514616
bi31s__tu,float64,0.0,-4.0,100.0,104.0,28.00386841399405,7.168340614420767,-1.0,-1.0,40,0.0005618845608169801,0.8889575636685443,0.005815505204455744,0.08018092682858306,0.024413884167497787
at09s__tu,float64,0.0,-5.0,45.0,50.0,3.716403663044154,3.1063928415906954,2.0,0.0,46,0.0006461672449395272,0.005829552318476169,1.4047114020424503e-05,2.8094228040849007e-05,0.23621626936745846
br24s__tu,float64,0.0,-6.0,18.0,24.0,2.3882997376109754,-1.274916068493728,-1.0,-3.0,22,0.0003090365084493391,0.7124134346598492,0.06909775386646813,1.4047114020424503e-05,0.03820815013555465
br101s__tu,float64,0.0,0.0,135766.0,135766.0,2622.153912354462,955.7866173006262,0.0,0.0,12227,0.1717540631277304,0.0,0.5208388936492998,1.4047114020424503e-05,0.5208388936492998
br57s__tu,float64,0.0,0.0,49811.93953205151,49811.93953205151,206.07197223747863,14.878559790783443,0.0,0.0,1356,0.019047886611695628,0.0,0.9264352638750368,1.4047114020424503e-05,0.9264352638750368
br36s__tu,float64,0.0,-4.0,999.0,1003.0,325.2147389434934,123.46229052241218,0.0,-1.0,86,0.0012080518057565072,0.3052578347778449,0.005815505204455744,0.12115635842616135,0.22443074070432228
br35s__tu,float64,0.0,-5.0,50173.0,50178.0,800.2178189941706,234.7340600373653,-1.0,-3.0,2954,0.04149517481633398,0.643680905757912,2.8094228040849007e-05,1.4047114020424503e-05,0.019090027953756902
br34s__tu,float64,0.0,-5.0,841.0,846.0,47.522978734866214,28.14795825197713,-1.0,-3.0,276,0.003877003469637163,0.6440882720645044,0.0004354605346331596,1.4047114020424503e-05,0.01973619519869643
br33s__tu,float64,0.0,0.0,69432.59999999999,69432.59999999999,1634.118332881925,504.5601899835028,0.0,0.0,8924,0.12535644551826827,0.0,0.662770933711669,1.4047114020424503e-05,0.662770933711669
br32s__tu,float64,0.0,0.0,66203.47,66203.47,1139.0242945077562,327.18831431513576,0.0,0.0,6641,0.09328688420963913,0.0,0.662770933711669,1.4047114020424503e-05,0.662770933711669
br31s__tu,float64,0.0,-5.0,100.0,105.0,42.07576846813447,23.05992498841113,-1.0,-3.0,60,0.0008428268412254702,0.6440882720645044,0.0004354605346331596,0.20791133461630307,0.0835241399654441
br30s__tu,float64,0.0,-5.0,100.0,105.0,44.39229942985628,26.444858053912824,-1.0,-3.0,57,0.0008006854991641967,0.6440882720645044,0.0004354605346331596,0.24802989225863548,0.05642725702004523
br29s__tu,float64,0.0,-5.0,18.0,23.0,2.28403598756267,-0.6469960246667322,-1.0,-3.0,24,0.0003371307364901881,0.643680905757912,2.8094228040849007e-05,1.4047114020424503e-05,0.019090027953756902
br28s__tu,float64,0.0,0.0,108155.0,108155.0,2681.5927941132672,742.7351359877719,0.0,0.0,1681,0.023613198668333592,0.0,0.644439449915015,1.4047114020424503e-05,0.644439449915015
br27s__tu,float64,0.0,-6.0,17.0,23.0,2.3856692973336857,-2.4111028389217437,-3.0,-3.0,20,0.00028094228040849006,0.8563682591411594,0.2118726207700628,1.4047114020424503e-05,0.019146216409838598
br25s__tu,float64,0.0,-6.0,18.0,24.0,2.436321105480269,-1.7839413392518506,-1.0,-3.0,21,0.00029498939442891456,0.7760187669443313,0.1321271544761129,1.4047114020424503e-05,0.029625363469075277
br21s__tu,float64,0.0,-5.0,643.0,648.0,27.984177571318074,17.54971976007529,7.0,-1.0,288,0.004045568837882257,0.30528592900588575,2.8094228040849007e-05,1.4047114020424503e-05,0.004663641854780935
bi32s__tu,float64,0.0,0.0,444934.14999999997,444934.14999999997,10718.794637738616,1554.489455484384,0.0,0.0,5609,0.07879026254056104,0.0,0.8893368357470958,1.4047114020424503e-05,0.8893368357470958
br20s__tu,float64,0.0,-5.0,708.0,713.0,54.346699248030376,44.150430544044724,29.0,-1.0,456,0.006405483993313574,0.30528592900588575,2.8094228040849007e-05,1.4047114020424503e-05,0.0009411566393684417
br12s__tu,float64,0.0,-4.0,19.0,23.0,2.351460442130402,-0.5860175027040695,-1.0,-3.0,23,0.0003230836224697636,0.639410583095703,0.005815505204455744,1.4047114020424503e-05,0.004621500512719662
br09s__tu,float64,0.0,-5.0,17.0,22.0,1.6490789951029552,0.5789939456938572,0.0,-1.0,20,0.00028094228040849006,0.30528592900588575,2.8094228040849007e-05,1.4047114020424503e-05,0.24118894773068872
br06s__tu,float64,0.0,-5.0,8.0,13.0,0.8802994861660124,-0.09115172287853461,0.0,0.0,12,0.00016856536824509406,0.30528592900588575,2.8094228040849007e-05,2.8094228040849007e-05,0.5217379089466069
br03s__tu,float64,0.0,-4.0,19.0,23.0,2.2284237177331057,-0.698843922516119,-1.0,-3.0,24,0.0003371307364901881,0.6429083144867886,0.005815505204455744,1.4047114020424503e-05,0.039879756703985164
br02s__tu,float64,0.0,-4.0,19.0,23.0,1.6472526682825492,0.42496734045990253,0.0,0.0,22,0.0003090365084493391,0.3052578347778449,0.005815505204455744,1.4047114020424503e-05,0.33453202039640956
br01s__tu,float64,0.0,-4.0,41.0,45.0,2.8268261938690578,2.296028880866426,1.0,0.0,37,0.0005197432187557066,0.005815505204455744,0.005815505204455744,1.4047114020424503e-05,0.2998216016519406
bi101s__tu,float64,0.0,0.0,530139.0,530139.0,15348.038438695565,2816.2359896287962,0.0,0.0,6480,0.09102529885235078,0.0,0.8811614153872087,1.4047114020424503e-05,0.8811614153872087
bi57s__tu,float64,0.0,0.0,14352.0,14352.0,121.28346443397362,4.948516127446921,0.0,0.0,403,0.005660986950231075,0.0,0.9924847939990729,2.8094228040849007e-05,0.9924847939990729
bi36s__tu,float64,0.0,-4.0,999.0,1003.0,339.5474937769614,136.90138925957663,-1.0,-1.0,88,0.0012361460337973564,0.7014004972678364,0.005815505204455744,0.13413589178103358,0.005871693660537442
bi35s__tu,float64,0.0,-4.0,314840.0,314844.0,8640.440323156081,1131.0188090856734,-1.0,-1.0,4897,0.0687887173580188,0.8889575636685443,0.005815505204455744,1.4047114020424503e-05,0.0003792720785514616
bi34s__tu,float64,0.0,-4.0,999.0,1003.0,33.27827934072564,9.42784699883409,-1.0,-1.0,226,0.003174647768615938,0.8889575636685443,0.005815505204455744,1.4047114020424503e-05,0.0003933191925718861
bi33s__tu,float64,0.0,0.0,530139.0,530139.0,15153.82131107071,2712.54801950994,0.0,0.0,5980,0.08400174184213853,0.0,0.8893368357470958,1.4047114020424503e-05,0.8893368357470958
bc33s__tu,float64,0.0,0.0,83587.0,83587.0,1888.2539716284368,617.0610635978524,0.0,0.0,9835,0.138153366390875,0.0,0.6324010731995111,1.4047114020424503e-05,0.6324010731995111
bc32s__tu,float64,0.0,0.0,56313.0,56313.0,1234.398051815667,391.3192198679164,0.0,0.0,7281,0.1022770371827108,0.0,0.6324010731995111,1.4047114020424503e-05,0.6324010731995111
bc31s__tu,float64,0.0,-5.0,100.0,105.0,42.93018215645223,24.95572349660762,-1.0,-3.0,72,0.0010113922094705642,0.6080152832600543,0.003596061189228673,0.21997780555984772,0.09667223868856144
at34b__tu,float64,0.0,-5.0,999.0,1004.0,48.62734075617319,58.12315104861706,72.0,-3.0,304,0.004270322662209049,0.26044754105269075,0.007613535799070081,1.4047114020424503e-05,0.03471041874446895
au09s__tu,float64,0.0,-4.0,12.0,16.0,0.9274185041998341,0.06786160783267078,0.0,0.0,15,0.00021070671030636756,0.24297293121128263,0.005815505204455744,1.4047114020424503e-05,0.4997120341625813
au06s__tu,float64,0.0,-4.0,6.0,10.0,0.5870173934069625,-0.20942842293050892,0.0,0.0,8,0.00011237691216339603,0.24297293121128263,0.005815505204455744,1.4047114020424503e-05,0.7090842686370086
au03s__tu,float64,0.0,-4.0,4.0,8.0,1.7086401086670449,-1.2536206436387645,-1.0,-3.0,9,0.00012642402618382053,0.6684319206619,0.005815505204455744,8.428268412254703e-05,0.07230049586312493
au02s__tu,float64,0.0,-4.0,5.0,9.0,0.8757265372013475,0.108570144263861,0.0,0.0,8,0.00011237691216339603,0.24297293121128263,0.005815505204455744,1.4047114020424503e-05,0.425613507704842
au01s__tu,float64,0.0,-4.0,34.0,38.0,1.980625201878047,1.828358313784433,1.0,1.0,31,0.0004354605346331596,0.005815505204455744,0.005815505204455744,2.8094228040849007e-05,0.23753669808537836
at104s__tu,float64,0.0,-5.0,100.0,105.0,29.026205534555555,29.38194103021534,22.0,0.0,100,0.0014047114020424504,0.005829552318476169,1.4047114020424503e-05,0.06996867493573446,0.23621626936745846
at103s__tu,float64,0.0,-4.0,100.0,104.0,44.87661764916131,65.63210608380508,100.0,100.0,82,0.0011518633496748092,0.24526261079661182,0.005815505204455744,0.5498742783295172,0.0353706331034289
at101b__tu,float64,0.0,-5.0,955450.0,955455.0,35848.503971206446,20339.052929525627,7751.0,0.0,32957,0.46295073677113036,0.12360055626571521,0.06029021337566197,1.4047114020424503e-05,0.06901347118234559
at101s__tu,float64,0.0,0.0,1035374.0,1035374.0,53432.150666571346,26773.459828526986,8468.0,0.0,43854,0.6160221382516962,0.0,0.1891724845130568,1.4047114020424503e-05,0.1891724845130568
at57s__tu,float64,0.0,0.0,446352.0,446352.0,2883.33519629107,335.42019705370546,0.0,0.0,5755,0.08084114118754301,0.0,0.7971315793170293,1.4047114020424503e-05,0.7971315793170293
at36s__tu,float64,0.0,-4.0,999.0,1003.0,281.6611809371899,91.94660691960837,1.0,1.0,88,0.0012361460337973564,0.005815505204455744,0.005815505204455744,0.08780850974167358,0.32728370956187053
at35b__tu,float64,0.0,-5.0,471516.0,471521.0,10438.037780513698,4774.396704547051,1426.0,-3.0,16631,0.23361755327367992,0.25290424082372276,7.023557010212251e-05,1.4047114020424503e-05,0.03705628678587984
at35a__tu,float64,0.0,-5.0,622948.0,622953.0,17817.070713614317,6679.846436949529,1607.0,-3.0,18571,0.26086895447330344,0.24738372501369593,5.6188456081698014e-05,1.4047114020424503e-05,0.03643821376898116
at34a__tu,float64,0.0,-5.0,999.0,1004.0,48.43770946983858,59.06165278343564,74.0,-3.0,298,0.004186039978086502,0.25485678967256176,0.007529253114947534,1.4047114020424503e-05,0.03410639284159069
bc30s__tu,float64,0.0,-5.0,100.0,105.0,45.13179476563291,28.469047184255995,-1.0,-3.0,69,0.0009692508674092907,0.6080152832600543,0.003596061189228673,0.26161345151638593,0.068563963533692
at33b__tu,float64,0.0,-5.0,941691.0,941696.0,34227.729800426925,17439.87422214106,3884.0,-3.0,29530,0.4148112770231356,0.25290424082372276,7.023557010212251e-05,1.4047114020424503e-05,0.03705628678587984
at33a__tu,float64,0.0,0.0,996400.0,996400.0,52003.518324413635,23825.965758063696,4527.0,0.0,38845,0.5456601441233898,0.0,0.2838219387826771,1.4047114020424503e-05,0.2838219387826771
at32s__tu,float64,0.0,0.0,844427.0,844427.0,40657.17386226214,16108.502800047481,3025.0,0.0,33594,0.4718987484021408,0.0,0.2838219387826771,1.4047114020424503e-05,0.2838219387826771
at31s__tu,float64,0.0,-5.0,100.0,105.0,43.729504703465444,47.069617497085225,50.0,100.0,94,0.0013204287179199034,0.25485678967256176,0.007529253114947534,0.27108120636615207,0.140569470002388
at30s__tu,float64,0.0,-5.0,100.0,105.0,45.02576170441519,55.336681228841535,71.0,100.0,90,0.0012642402618382054,0.25485678967256176,0.007529253114947534,0.37969349197207436,0.0905196027476155
at29s__tu,float64,0.0,-5.0,53.0,58.0,4.87081678739712,2.2363567405076625,1.0,-3.0,49,0.0006883085870008007,0.24738372501369593,5.6188456081698014e-05,1.4047114020424503e-05,0.03643821376898116
at28b__tu,float64,0.0,-5.0,650839.0,650844.0,30713.891081761907,18301.777901080222,6000.0,-3.0,29946,0.4206548764556322,0.260391352596609,0.007557347342988383,1.4047114020424503e-05,0.0003792720785514616
at28a__tu,float64,0.0,0.0,1041691.739952762,1041691.739952762,51475.25002210364,25092.374517008975,7002.0,0.0,37467,0.5263032210032449,0.0,0.255193920409052,1.4047114020424503e-05,0.255193920409052
at27s__tu,float64,0.0,-6.0,45.0,51.0,4.888249424946328,-0.704434673896248,-2.0,-6.0,43,0.0006040259028782536,0.5046566182977708,0.253044711963927,1.4047114020424503e-05,0.04403770245403082
at25s__tu,float64,0.0,-6.0,50.0,56.0,4.898617550778911,0.5350967143800306,1.0,-3.0,45,0.0006321201309191027,0.37945469103372714,0.13101743246849934,1.4047114020424503e-05,0.04365843037547936
at24s__tu,float64,0.0,-6.0,52.0,58.0,4.863780319629449,1.3532849176136763,1.0,1.0,45,0.0006321201309191027,0.3075194201351332,0.06090828639256065,1.4047114020424503e-05,0.04101757293963955
at21s__tu,float64,0.0,-5.0,532.0,537.0,26.381541541283685,19.120201154672774,10.0,2.0,294,0.004129851522004804,0.005829552318476169,1.4047114020424503e-05,1.4047114020424503e-05,0.007234263720518619
at20s__tu,float64,0.0,-5.0,775.0,780.0,72.09412389893268,115.4833611934428,106.0,120.0,541,0.0075994886850496565,0.005829552318476169,1.4047114020424503e-05,1.4047114020424503e-05,0.0005478374467965556
au12s__tu,float64,0.0,-4.0,5.0,9.0,1.7997769545096591,-1.1682422846226244,-1.0,-3.0,9,0.00012642402618382053,0.6682071668375732,0.005815505204455744,1.4047114020424503e-05,0.0012080518057565072
au20s__tu,float64,0.0,-4.0,678.0,682.0,48.967808925010885,59.56361235584149,60.0,-1.0,265,0.0037224852154124936,0.24297293121128263,0.005815505204455744,1.4047114020424503e-05,0.0003933191925718861
au21s__tu,float64,0.0,-4.0,338.0,342.0,32.830876374098665,32.218657376841925,24.0,-1.0,218,0.003062270856452542,0.24297293121128263,0.005815505204455744,1.4047114020424503e-05,0.0004495076486535841
au24s__tu,float64,0.0,-6.0,4.0,10.0,1.8199159452766451,-1.4494514601975024,-1.0,-3.0,10,0.00014047114020424503,0.6953883324670946,0.026956411805194622,1.4047114020424503e-05,0.0729185688800236
bc29s__tu,float64,0.0,-5.0,22.0,27.0,2.4451544621315207,-0.4909466350138364,-1.0,-3.0,27,0.0003792720785514616,0.604433269184846,1.4047114020424503e-05,4.2141342061273514e-05,0.027967804014665188
bc28s__tu,float64,0.0,0.0,154020.0,154020.0,3035.101582008514,907.0020953406788,0.0,0.0,3524,0.04950202980797595,0.0,0.6083805082245852,1.4047114020424503e-05,0.6083805082245852
bc27s__tu,float64,0.0,-6.0,17.0,23.0,2.4898259820158612,-2.4982370871904367,-3.0,-3.0,22,0.0003090365084493391,0.843515149812471,0.23815477110227704,1.4047114020424503e-05,0.019609771172512606
bc25s__tu,float64,0.0,-6.0,18.0,24.0,2.570645037394424,-1.7205748079057157,-1.0,-3.0,23,0.0003230836224697636,0.7446234671086825,0.1400356796696119,4.2141342061273514e-05,0.02966750481113655
bc24s__tu,float64,0.0,-6.0,19.0,25.0,2.5347299183855467,-1.1482391942575398,-1.0,-3.0,25,0.0003511778505106126,0.6749919229094382,0.07099411425922544,1.4047114020424503e-05,0.03708438101392069
bc21s__tu,float64,0.0,-5.0,643.0,648.0,28.55894045590956,18.00656000224754,8.0,-1.0,310,0.004354605346331596,0.27113739482223376,2.8094228040849007e-05,1.4047114020424503e-05,0.004663641854780935
bc20s__tu,float64,0.0,-5.0,708.0,713.0,54.97251162388811,46.742319740409336,33.0,-1.0,470,0.006602143589599517,0.27113739482223376,2.8094228040849007e-05,1.4047114020424503e-05,0.0008287797272050457
bc12s__tu,float64,0.0,-4.0,24.0,28.0,2.5259704153905775,-0.4114399696582337,-1.0,-3.0,27,0.0003792720785514616,0.6003596061189229,0.005815505204455744,1.4047114020424503e-05,0.004438888030454143
bc09s__tu,float64,0.0,-5.0,21.0,26.0,1.8685961821867,0.7864557726615067,0.0,-1.0,23,0.0003230836224697636,0.27113739482223376,2.8094228040849007e-05,2.8094228040849007e-05,0.24027588531936114
bc06s__tu,float64,0.0,-5.0,9.0,14.0,0.9276389545449634,-0.02077568163620784,0.0,0.0,13,0.00018261248226551856,0.27113739482223376,2.8094228040849007e-05,5.6188456081698014e-05,0.5394513197263622
bc03s__tu,float64,0.0,-4.0,24.0,28.0,2.3937772569444538,-0.5343381702229277,-1.0,-3.0,28,0.0003933191925718861,0.6035763952296,0.005815505204455744,1.4047114020424503e-05,0.03810982033741168
bc02s__tu,float64,0.0,-4.0,24.0,28.0,1.8098545095888041,0.5849499220385171,0.0,0.0,26,0.0003652249645310371,0.2711093005941929,0.005815505204455744,1.4047114020424503e-05,0.32962957760328143
bc01s__tu,float64,0.0,-4.0,44.0,48.0,3.1470325472822056,2.6036325836856817,2.0,0.0,38,0.0005337903327761311,0.005815505204455744,0.005815505204455744,2.8094228040849007e-05,0.2656730674682886
au101s__tu,float64,0.0,0.0,181293.0,181293.0,11288.795480381532,6460.152682445835,0.0,0.0,22077,0.31011813622891177,0.0,0.613367233701836,1.4047114020424503e-05,0.613367233701836
au57s__tu,float64,0.0,0.0,56139.81953721813,56139.81953721813,1130.1662045373891,158.87417778815782,0.0,0.0,3597,0.05052746913146694,0.0,0.917838430094537,2.8094228040849007e-05,0.917838430094537
au51a__tu,float64,0.0,-5.0,732.0,737.0,32.96641087691118,40.7048841815449,48.0,-1.0,152,0.0021351613311045244,0.32301338689966147,0.08004045568837882,1.4047114020424503e-05,0.0003792720785514616
au36s__tu,float64,0.0,-4.0,999.0,1003.0,368.65427892304797,173.07210383626685,2.0,-1.0,90,0.0012642402618382054,0.24297293121128263,0.005815505204455744,0.16586832235317253,0.04312464004270323
au35s__tu,float64,0.0,-4.0,94241.0,94245.0,8756.241688265993,4890.531641124331,-1.0,-3.0,15309,0.21504726853867873,0.6690359465647783,0.005815505204455744,1.4047114020424503e-05,0.0003792720785514616
au34s__tu,float64,0.0,-4.0,264.0,268.0,38.48953357163932,22.62797623228308,-1.0,-3.0,167,0.002345868041410892,0.6690359465647783,0.005815505204455744,2.8094228040849007e-05,0.0006883085870008007
au33s__tu,float64,0.0,0.0,181293.0,181293.0,10561.537177440863,5516.070256915614,0.0,0.0,18910,0.26563092612622735,0.0,0.6694152186433298,1.4047114020424503e-05,0.6694152186433298
au32s__tu,float64,0.0,0.0,93262.59,93262.59,9151.433813111624,5093.999117848242,0.0,0.0,18468,0.2594221017291997,0.0,0.6694152186433298,1.4047114020424503e-05,0.6694152186433298
au31s__tu,float64,0.0,-4.0,100.0,104.0,39.949605159664664,18.03306690640408,-1.0,-3.0,12,0.00016856536824509406,0.6690359465647783,0.005815505204455744,0.18758516062874883,0.12719661745494387
au30s__tu,float64,0.0,-4.0,100.0,104.0,44.76478638481983,24.997921027124978,-1.0,-3.0,12,0.00016856536824509406,0.6690359465647783,0.005815505204455744,0.25946424307126104,0.059798564384947114
au29s__tu,float64,0.0,-4.0,5.0,9.0,1.7996212344354976,-1.1698998440770343,-1.0,-3.0,10,0.00014047114020424503,0.6690359465647783,0.005815505204455744,1.4047114020424503e-05,0.0003792720785514616
au28s__tu,float64,0.0,0.0,201355.50999999998,201355.50999999998,12889.340911212477,7324.628019555398,0.0,0.0,18589,0.2611218025256711,0.0,0.6694152186433298,1.4047114020424503e-05,0.6694152186433298
au27s__tu,float64,0.0,-6.0,3.0,9.0,2.091150370607368,-2.342651252300215,-3.0,-3.0,9,0.00012642402618382053,0.8232030229389372,0.15474300804899632,7.023557010212251e-05,0.058969784657742066
au25s__tu,float64,0.0,-6.0,4.0,10.0,1.957293782901326,-1.754035033502367,-3.0,-3.0,10,0.00014047114020424503,0.7384989253957774,0.07006700473387742,1.4047114020424503e-05,0.07024961721614294
br109s__tu,float64,0.0,-5.0,15.0,20.0,1.6363245409036111,-0.1621177429097192,0.0,0.0,19,0.00026689516638806556,0.3940075011588869,0.03839076261782017,1.4047114020424503e-05,0.3421736504235205
co01s__tu,float64,0.0,-4.0,43.0,47.0,2.1626957139946215,1.3872508393150627,1.0,0.0,31,0.0004354605346331596,0.005815505204455744,0.005815505204455744,1.4047114020424503e-05,0.45759878632934864
co02s__tu,float64,0.0,-4.0,31.0,35.0,1.4016675529288958,-0.090800545028024,0.0,-1.0,26,0.0003652249645310371,0.46303501945525294,0.005815505204455744,1.4047114020424503e-05,0.34319908974701147
g066s__tu,float64,0.0,-4.0,59.0,63.0,4.190964714250894,3.6088862043293206,2.0,1.0,49,0.0006883085870008007,0.005815505204455744,0.005815505204455744,1.4047114020424503e-05,0.17887594993608563
g201a__tu,float64,0.0,-5.0,112761.0,112766.0,2389.601241178758,609.9069097753867,0.0,-3.0,5503,0.07730126845439604,0.4973802132351908,0.013386899661464552,1.4047114020424503e-05,0.11711078958827909
g200s__tu,float64,0.0,-5.0,100.0,105.0,50.20620659531708,60.22006208824397,100.0,100.0,102,0.0014328056300832994,0.3515992639312253,0.3457837587267696,0.5799210552192052,0.01809268285830676
g199s__tu,float64,0.0,0.0,52165.63,52165.63,578.3507689098607,336.1805029453857,91.17999999999999,0.0,6032,0.0847321917712006,0.0,0.3696919467895321,1.4047114020424503e-05,0.3696919467895321
g105s__tu,float64,0.0,-4.0,24.0,28.0,5.576450239915616,1.2286308277964293,-1.0,-1.0,27,0.0003792720785514616,0.8124850749413532,0.006068353256823386,0.002753234348003203,0.007220216606498195
g102s__tu,float64,0.0,-4.0,24.0,28.0,1.7247099851804195,0.2597311382376491,0.0,0.0,26,0.0003652249645310371,0.006068353256823386,0.006068353256823386,0.00012642402618382053,0.9248760342187697
g100s__tu,float64,0.0,-4.0,59.0,63.0,4.252866292064834,2.113233786118642,0.0,0.0,49,0.0006883085870008007,0.005815505204455744,0.005815505204455744,1.4047114020424503e-05,0.6483585947267134
g099s__tu,float64,0.0,-4.0,4.0,8.0,2.32549317082162,-2.1328856986332156,-4.0,-4.0,7,9.832979814297153e-05,0.6052199075699898,0.6030145106687831,9.832979814297153e-05,0.12489289075559426
g095s__tu,float64,0.0,-4.0,119.0,123.0,21.47391472879643,5.953223110311987,-4.0,-4.0,121,0.001699700796471365,0.6030145106687831,0.6030145106687831,1.4047114020424503e-05,0.04763376364325949
g094s__tu,float64,0.0,-4.0,9.0,13.0,2.6230257671672734,-1.9007852336737416,-4.0,-4.0,11,0.00015451825422466955,0.6030145106687831,0.6030145106687831,1.4047114020424503e-05,0.002584668979758109
g093s__tu,float64,0.0,0.0,9.0,9.0,0.7663998062923422,0.5148267288485581,0.0,0.0,10,0.00014047114020424503,0.0,0.6033937827473346,1.4047114020424503e-05,0.6033937827473346
g071s__tu,float64,0.0,-4.0,59.0,63.0,4.122314720152286,3.3835424012136706,2.0,0.0,49,0.0006883085870008007,0.005815505204455744,0.005815505204455744,1.4047114020424503e-05,0.20510191181221818
g069s__tu,float64,0.0,-4.0,59.0,63.0,3.8572940537689924,2.9882285184508843,2.0,0.0,45,0.0006321201309191027,0.005815505204455744,0.005815505204455744,1.4047114020424503e-05,0.24066920451193302
g068s__tu,float64,0.0,-4.0,49.0,53.0,3.666239321508956,2.719029625363469,2.0,0.0,44,0.0006180730168986782,0.005815505204455744,0.005815505204455744,1.4047114020424503e-05,0.26745705094888256
g064s__tu,float64,0.0,-4.0,59.0,63.0,3.9110207557882406,3.169464383542401,2.0,0.0,45,0.0006321201309191027,0.005815505204455744,0.005815505204455744,1.4047114020424503e-05,0.21458371377600471
g003s__tu,float64,0.0,-4.0,372.0,376.0,18.92143165343313,10.68666507466041,2.0,0.0,217,0.003048223742432117,0.06128755847111211,0.005815505204455744,1.4047114020424503e-05,0.3657447077497928
g063s__tu,float64,0.0,-4.0,49.0,53.0,3.7079324493693564,2.86167806824088,2.0,0.0,44,0.0006180730168986782,0.005815505204455744,0.005815505204455744,1.4047114020424503e-05,0.2439281349646715
g061s__tu,float64,0.0,-4.0,61.0,65.0,4.308464014748773,3.947000238800938,3.0,1.0,49,0.0006883085870008007,0.005815505204455744,0.005815505204455744,1.4047114020424503e-05,0.14932082203711247
g059s__tu,float64,0.0,-4.0,61.0,65.0,3.997421408247345,3.4460380114905393,2.0,1.0,46,0.0006461672449395272,0.005815505204455744,0.005815505204455744,1.4047114020424503e-05,0.18185393810841563
g058s__tu,float64,0.0,-4.0,49.0,53.0,3.7751959146861127,3.0908988748261668,2.0,0.0,44,0.0006180730168986782,0.005815505204455744,0.005815505204455744,1.4047114020424503e-05,0.21035553245585695
g057s__tu,float64,0.0,-4.0,45.0,49.0,3.5772692615533797,2.8083973647614098,2.0,0.0,45,0.0006321201309191027,0.005815505204455744,0.005815505204455744,1.4047114020424503e-05,0.2354998665524168
g051s__tu,float64,0.0,-4.0,100.0,104.0,28.83944792697631,49.63494360083721,50.0,100.0,100,0.0014047114020424504,0.005815505204455744,0.005815505204455744,0.09835789237101238,0.08818778182022503
g043c__tu,float64,0.0,-4.0,6.0,10.0,0.6444752489342844,-0.8229642220005899,-1.0,-1.0,9,0.00012642402618382053,0.8861200466364185,0.005815505204455744,4.2141342061273514e-05,0.04983916054446614
g043s__tu,float64,0.0,-4.0,67.0,71.0,5.517004883003755,4.997527707932405,3.0,1.0,59,0.0008287797272050457,0.005815505204455744,0.005815505204455744,1.4047114020424503e-05,0.1293739201281097
g042c__tu,float64,0.0,-4.0,6.0,10.0,0.6706569002398249,-0.812639593195578,-1.0,-1.0,9,0.00012642402618382053,0.8861200466364185,0.005815505204455744,4.2141342061273514e-05,0.04254870836786582
g042s__tu,float64,0.0,-4.0,67.0,71.0,5.6363922433970615,5.320428717919904,4.0,1.0,59,0.0008287797272050457,0.005815505204455744,0.005815505204455744,1.4047114020424503e-05,0.10962367781539283
g041c__tu,float64,0.0,-4.0,6.0,10.0,0.7194556708031464,-0.7934231412156373,-1.0,-1.0,9,0.00012642402618382053,0.8861200466364185,0.005815505204455744,4.2141342061273514e-05,0.030622708564525418
g041s__tu,float64,0.0,-4.0,69.0,73.0,5.8609704930192805,5.835227352540421,4.0,1.0,60,0.0008428268412254702,0.005815505204455744,0.005815505204455744,1.4047114020424503e-05,0.08818778182022503
g020s__tu,float64,0.0,-4.0,83.0,87.0,5.344002038882398,4.053744258242144,2.0,1.0,56,0.0007866383851437722,0.047296632906769304,0.005815505204455744,1.4047114020424503e-05,0.15211619772717694
g201b__tu,float64,0.0,-5.0,94715.0,94720.0,744.2260545443814,57.468738147747544,-2.0,0.0,1703,0.02392223517678293,0.6766916237059096,0.23457275702706878,1.4047114020424503e-05,0.24333815617581367
g202a__tu,float64,0.0,-5.0,112761.0,112766.0,2423.38586820133,630.03169028923,0.0,-3.0,5584,0.07843908469005043,0.4910590119259998,0.013471182345587099,1.4047114020424503e-05,0.11628200986107404
g202b__tu,float64,0.0,-5.0,94715.0,94720.0,756.285309590893,59.362176740788605,-2.0,-5.0,1742,0.024470072623579486,0.6686566744862268,0.2824874629507368,1.4047114020424503e-05,0.24836702299512564
g205s__tu,float64,0.0,0.0,25606.0,25606.0,432.10844297272007,235.99509575428567,34.92,0.0,5033,0.07069912486479653,0.0,0.429153380437989,1.4047114020424503e-05,0.429153380437989
g221b__tu,float64,0.0,-4.0,50.0,54.0,3.68120265124173,2.45103878408181,1.0,0.0,46,0.0006461672449395272,0.06128755847111211,0.005815505204455744,1.4047114020424503e-05,0.23356136481759823
g221a__tu,float64,0.0,-4.0,23.0,27.0,0.800782702269061,0.002612763207798958,0.0,0.0,20,0.00028094228040849006,0.06128755847111211,0.005815505204455744,1.4047114020424503e-05,0.8431499248479399
g220d__tu,float64,0.0,-4.0,27.0,31.0,1.8378280633901891,0.5359114469932152,0.0,-1.0,25,0.0003511778505106126,0.3195016083945553,0.005815505204455744,1.4047114020424503e-05,0.23787382882186855
g220c__tu,float64,0.0,-4.0,9.0,13.0,0.7007571678400265,-0.3493517256879574,0.0,0.0,12,0.00016856536824509406,0.3195016083945553,0.005815505204455744,1.4047114020424503e-05,0.6523620222225344
g220b__tu,float64,0.0,-4.0,51.0,55.0,3.704098002527593,2.521049600359606,1.0,1.0,46,0.0006461672449395272,0.06128755847111211,0.005815505204455744,1.4047114020424503e-05,0.22006208824397028
g220a__tu,float64,0.0,-4.0,15.0,19.0,0.6615427055845686,-0.06419531107333998,0.0,0.0,15,0.00021070671030636756,0.06128755847111211,0.005815505204455744,1.4047114020424503e-05,0.8837039430249055
g219d__tu,float64,0.0,-4.0,27.0,31.0,1.874098364952676,0.5782213544227338,0.0,-1.0,25,0.0003511778505106126,0.3195016083945553,0.005815505204455744,1.4047114020424503e-05,0.22355981963505597
g219c__tu,float64,0.0,-4.0,8.0,12.0,0.7079525089980497,-0.34303052437876635,0.0,0.0,12,0.00016856536824509406,0.3195016083945553,0.005815505204455744,1.4047114020424503e-05,0.646953883324671
g219b__tu,float64,0.0,-4.0,51.0,55.0,3.7318336174134257,2.620151989773701,2.0,1.0,46,0.0006461672449395272,0.06128755847111211,0.005815505204455744,1.4047114020424503e-05,0.2019132169295818
g219a__tu,float64,0.0,-4.0,10.0,14.0,0.6865985690963436,-0.03510373793704084,0.0,0.0,12,0.00016856536824509406,0.06128755847111211,0.005815505204455744,1.4047114020424503e-05,0.8593462473134894
g218d__tu,float64,0.0,-4.0,27.0,31.0,1.921691898938357,0.6338338788295944,0.0,-1.0,25,0.0003511778505106126,0.3195016083945553,0.005815505204455744,1.4047114020424503e-05,0.20543904254870837
g218c__tu,float64,0.0,-4.0,13.0,17.0,0.7351505825469214,-0.3297279074014244,0.0,0.0,14,0.00019665959628594306,0.3195016083945553,0.005815505204455744,1.4047114020424503e-05,0.637458034246864
g218b__tu,float64,0.0,-4.0,52.0,56.0,3.7710628532213257,2.768096194636812,2.0,1.0,47,0.0006602143589599517,0.06128755847111211,0.005815505204455744,1.4047114020424503e-05,0.1762210453862254
g218a__tu,float64,0.0,-4.0,14.0,18.0,0.7499561164161996,0.013738077511975165,0.0,0.0,14,0.00019665959628594306,0.06128755847111211,0.005815505204455744,1.4047114020424503e-05,0.8223882903257526
g217s__tu,float64,0.0,0.0,457491.0,457491.0,9298.532543148474,2967.2967354101106,15.52,0.0,18827,0.2644650156625321,0.0,0.49899563134753966,1.4047114020424503e-05,0.49899563134753966
g216s__tu,float64,0.0,-5.0,49.0,54.0,3.8345797902376586,2.113711387995336,1.0,-1.0,47,0.0006602143589599517,0.24166654960738315,1.4047114020424503e-05,1.4047114020424503e-05,0.18096896992512887
g215b__tu,float64,0.0,-5.0,28.0,33.0,3.1755602062318604,-0.8796443270730029,-1.0,-4.0,25,0.0003511778505106126,0.5365857084661956,0.030889603730913484,1.4047114020424503e-05,0.031114357555240276
g215a__tu,float64,0.0,-5.0,124.0,129.0,4.636515944707399,-0.004776018766944331,1.0,-4.0,59,0.0008287797272050457,0.4497183553638905,0.04604643975895152,1.4047114020424503e-05,0.031549818089873435
g213b__tu,float64,0.0,0.0,79643.0,79643.0,1891.9786958331888,725.5575094485038,0.0,0.0,10402,0.14611808004045568,0.0,0.5677000660214359,1.4047114020424503e-05,0.5677000660214359
g213a__tu,float64,0.0,0.0,183169.39157471302,183169.39157471302,2506.5085903270806,947.0358557700954,126.0,0.0,11773,0.16537667336245768,0.0,0.48126817345376394,1.4047114020424503e-05,0.48126817345376394
g212s__tu,float64,0.0,-5.0,14.0,19.0,1.0747287739761802,-0.22371433788928063,0.0,-1.0,18,0.00025284805236764106,0.46304906656927336,1.4047114020424503e-05,2.8094228040849007e-05,0.3835143069856298
g211s__tu,float64,0.0,0.0,282071.0,282071.0,4473.791806582195,1713.0844442985615,0.0,0.0,15188,0.21334756774220737,0.0,0.5970023458680415,1.4047114020424503e-05,0.5970023458680415
g210s__tu,float64,0.0,0.0,140856.08165110525,140856.08165110525,4943.053626891847,1771.6062889640614,0.0,0.0,14984,0.21048195648204077,0.0,0.6409698127519701,1.4047114020424503e-05,0.6409698127519701
g209s__tu,float64,0.0,-5.0,514.0,519.0,31.397821995353485,23.826166963997245,12.0,-1.0,250,0.003511778505106126,0.46304906656927336,1.4047114020424503e-05,1.4047114020424503e-05,0.0003792720785514616
g208s__tu,float64,0.0,-5.0,100.0,105.0,49.72947493361668,47.91568922164941,44.0,100.0,103,0.001446852744103724,0.3515992639312253,0.3457837587267696,0.4382137689811628,0.07768054053294751
g207s__tu,float64,0.0,0.0,52165.63,52165.63,620.9026800861988,372.59762506343196,130.95,0.0,6403,0.08994367107277809,0.0,0.3285339027096883,1.4047114020424503e-05,0.3285339027096883
g206s__tu,float64,0.0,0.0,51750.47,51750.47,366.9149131855031,96.42574594157546,0.0,0.0,3192,0.044838387953195016,0.0,0.8480523676410682,1.4047114020424503e-05,0.8480523676410682
g003c__tu,float64,0.0,-4.0,24.0,28.0,0.7999035509450172,-0.9247917515346472,-1.0,-1.0,23,0.0003230836224697636,0.9247074688505247,0.005815505204455744,2.8094228040849007e-05,0.055275393670370425
g002c__tu,float64,0.0,-4.0,24.0,28.0,0.908930113733734,-0.9034401382236019,-1.0,-1.0,25,0.0003511778505106126,0.9247074688505247,0.005815505204455744,2.8094228040849007e-05,0.04982511343044572
co03s__tu,float64,0.0,-4.0,43.0,47.0,1.7172194176696658,0.14548595990953658,0.0,-1.0,26,0.0003652249645310371,0.46303501945525294,0.005815505204455744,1.4047114020424503e-05,0.24499571563022376
fi06s__tu,float64,0.0,-4.0,10.0,14.0,0.825902146214313,-0.014342103414853419,0.0,0.0,13,0.00018261248226551856,0.20164632176319375,0.005815505204455744,4.2141342061273514e-05,0.6526570116169633
fi33s__tu,float64,0.0,0.0,315318.29305827204,315318.29305827204,10078.784274502992,5197.452641682948,0.0,0.0,21438,0.30114203036986054,0.0,0.6215707482897639,1.4047114020424503e-05,0.6215707482897639
fi32s__tu,float64,0.0,0.0,304032.00767612644,304032.00767612644,8549.701057897737,4618.9263287759,0.0,0.0,20354,0.28591495877172035,0.0,0.6215707482897639,1.4047114020424503e-05,0.6215707482897639
fi31s__tu,float64,0.0,-4.0,100.0,104.0,42.41963110044952,23.011111267190156,-1.0,-3.0,25,0.0003511778505106126,0.6211914762112124,0.005815505204455744,0.21728075966792623,0.10932868842096391
fi30s__tu,float64,0.0,-4.0,100.0,104.0,46.638450004362994,29.953883324670947,-1.0,-3.0,20,0.00028094228040849006,0.6211914762112124,0.005815505204455744,0.29668909522538595,0.05035890376322184
fi29s__tu,float64,0.0,-4.0,12.0,16.0,2.026113639772192,-0.9504839230780037,-1.0,-3.0,16,0.00022475382432679206,0.6211914762112124,0.005815505204455744,1.4047114020424503e-05,0.0003792720785514616
fi28s__tu,float64,0.0,0.0,332067.356570838,332067.356570838,12092.640302218406,6698.582353011671,0.0,0.0,20582,0.2891177007683771,0.0,0.6215707482897639,1.4047114020424503e-05,0.6215707482897639
fi27s__tu,float64,0.0,-6.0,4.0,10.0,2.211761203877491,-2.695093343072666,-3.0,-3.0,10,0.00014047114020424503,0.8420542499543469,0.22159322367219655,1.4047114020424503e-05,0.05370211690008288
fi25s__tu,float64,0.0,-6.0,4.0,10.0,2.1842929514679263,-2.0381098203374117,-3.0,-3.0,10,0.00014047114020424503,0.7485988003764626,0.12819396255039403,0.00025284805236764106,0.06620404837826069
fi24s__tu,float64,0.0,-6.0,6.0,12.0,2.0757403431948487,-1.5510682830212532,-1.0,-3.0,12,0.00016856536824509406,0.6826195058225287,0.06224276222450097,7.023557010212251e-05,0.06864824621781455
fi21s__tu,float64,0.0,-4.0,358.0,362.0,29.147949809497803,24.972664316116255,15.0,-1.0,216,0.003034176628411693,0.20164632176319375,0.005815505204455744,1.4047114020424503e-05,0.0008287797272050457
fi20s__tu,float64,0.0,-4.0,678.0,682.0,46.969035664250576,59.23561224346458,59.0,-1.0,291,0.00408771017994353,0.20164632176319375,0.005815505204455744,1.4047114020424503e-05,0.0004073663065923106
fi12s__tu,float64,0.0,-4.0,12.0,16.0,2.0260624791273583,-0.9484330444310216,-1.0,-3.0,15,0.00021070671030636756,0.6201660368877214,0.005815505204455744,1.4047114020424503e-05,0.0014047114020424504
fi09s__tu,float64,0.0,-4.0,41.0,45.0,2.2136677023416094,0.8133279017825787,0.0,0.0,39,0.0005478374467965556,0.20164632176319375,0.005815505204455744,1.4047114020424503e-05,0.3735408560311284
fi03s__tu,float64,0.0,-4.0,11.0,15.0,1.9144670304728284,-1.0532526092514294,-1.0,-3.0,15,0.00021070671030636756,0.6203626964840073,0.005815505204455744,1.4047114020424503e-05,0.0637458034246864
g002b__tu,float64,0.0,-4.0,382.0,386.0,19.662270825520682,11.581775274269901,3.0,0.0,221,0.003104412198513815,0.06128755847111211,0.005815505204455744,1.4047114020424503e-05,0.3268763432552782
fi02s__tu,float64,0.0,-4.0,12.0,16.0,1.0710576288930374,0.3090786497914004,0.0,0.0,14,0.00019665959628594306,0.20164632176319375,0.005815505204455744,1.4047114020424503e-05,0.4188989872030791
fi01s__tu,float64,0.0,-4.0,148.0,152.0,5.857019726369243,3.6417143097950526,2.0,1.0,99,0.001390664288022026,0.005815505204455744,0.005815505204455744,1.4047114020424503e-05,0.19621008863728948
fc07s__tu,float64,0.0,0.0,338740.49,338740.49,1275.6821209408286,5.5195526765668985,0.0,0.0,5,7.023557010212251e-05,0.0,0.9999438115439183,1.4047114020424503e-05,0.9999438115439183
fc06s__tu,float64,0.0,0.0,338740.49,338740.49,1273.4316294197297,5.235604313758038,0.0,0.0,4,5.6188456081698014e-05,0.0,0.9999578586579387,1.4047114020424503e-05,0.9999578586579387
fc05s__tu,float64,0.0,0.0,338740.49,338740.49,1277.0339511985283,5.887976730844946,0.0,0.0,8,0.00011237691216339603,0.0,0.999901670201857,1.4047114020424503e-05,0.999901670201857
fc04s__tu,float64,0.0,-4.0,74.0,78.0,2.6929787822214895,-0.8611723721361446,-1.0,-1.0,73,0.0010254393234909887,0.9954627821714029,0.005815505204455744,1.4047114020424503e-05,0.0003792720785514616
fc03s__tu,float64,0.0,-4.0,2.0,6.0,0.245663331878631,-1.011715293093034,-1.0,-1.0,5,7.023557010212251e-05,0.9954627821714029,0.005815505204455744,1.4047114020424503e-05,0.0033572602508814566
fc02s__tu,float64,0.0,-4.0,1.0,5.0,0.2415953046181351,-1.0123614603379736,-1.0,-1.0,4,5.6188456081698014e-05,0.9954627821714029,0.005815505204455744,0.0005478374467965556,0.003989380381800559
fc01s__tu,float64,0.0,-4.0,2.0,6.0,0.3118116668963867,-0.018977651041593505,0.0,0.0,4,5.6188456081698014e-05,0.005815505204455744,0.005815505204455744,0.00012642402618382053,0.9900265490454986
co07s__tu,float64,0.0,0.0,137852.52,137852.52,3488.4183751903397,880.4070362271318,0.0,0.0,9974,0.140105915239714,0.0,0.7694868589248339,1.4047114020424503e-05,0.7694868589248339
co06s__tu,float64,0.0,0.0,113895.35992914342,113895.35992914342,2422.475009085696,461.68152130267134,0.0,0.0,6914,0.09712174633721501,0.0,0.8442315526275127,1.4047114020424503e-05,0.8442315526275127
co05s__tu,float64,0.0,0.0,382483.0,382483.0,6186.303420629926,2275.9778984854597,0.0,0.0,17157,0.24100633524842321,0.0,0.5970023458680415,1.4047114020424503e-05,0.5970023458680415
co04s__tu,float64,0.0,-4.0,113.0,117.0,20.702165017892643,13.535574316256724,1.0,-1.0,90,0.0012642402618382054,0.46303501945525294,0.005815505204455744,1.4047114020424503e-05,0.010661759541502199
fi34s__tu,float64,0.0,-4.0,388.0,392.0,41.64603824831512,27.646785317956425,-1.0,-3.0,192,0.002697045891921505,0.6211914762112124,0.005815505204455744,1.4047114020424503e-05,0.0005759316748374046
fi35s__tu,float64,0.0,-4.0,145977.0,145981.0,7425.500457409888,3977.806781946649,-1.0,-3.0,15726,0.22090491508519575,0.6211914762112124,0.005815505204455744,1.4047114020424503e-05,0.0003792720785514616
fi36s__tu,float64,0.0,-4.0,999.0,1003.0,373.4596854015617,176.92945539338942,1.0,1.0,89,0.001250193147817781,0.20164632176319375,0.005815505204455744,0.17085504783042324,0.03850313952998356
fi57s__tu,float64,0.0,0.0,56139.81953721813,56139.81953721813,1139.3036149449997,167.64363145443707,0.0,0.0,3975,0.0558372782311874,0.0,0.9053084043883184,2.8094228040849007e-05,0.9053084043883184
g002s__tu,float64,0.0,-4.0,39.0,43.0,2.1574511704356136,0.7609040722583545,0.0,0.0,36,0.0005056961047352821,0.06128755847111211,0.005815505204455744,1.4047114020424503e-05,0.6291000014047115
g001c__tu,float64,0.0,-4.0,24.0,28.0,1.1816019266901225,-0.8463105255025355,-1.0,-1.0,27,0.0003792720785514616,0.9247074688505247,0.005815505204455744,2.8094228040849007e-05,0.040525923948924694
g001b__tu,float64,0.0,-4.0,391.0,395.0,20.83191556363612,13.069083706752448,5.0,0.0,228,0.003202741996656787,0.06128755847111211,0.005815505204455744,1.4047114020424503e-05,0.275379623256402
g001s__tu,float64,0.0,-4.0,45.0,49.0,3.038599674736413,1.3531023051314108,0.0,0.0,41,0.0005759316748374046,0.06128755847111211,0.005815505204455744,1.4047114020424503e-05,0.5441571029232044
fr101s__tu,float64,0.0,0.0,28725.0,28725.0,646.8548588558864,132.976825978351,0.0,0.0,4536,0.06371770919664554,0.0,0.8880866425992779,1.4047114020424503e-05,0.8880866425992779
fr57s__tu,float64,0.0,0.0,3856.0,3856.0,39.73630418598759,2.3597819288425024,0.0,0.0,474,0.006658332045681215,0.0,0.9892960991164366,1.4047114020424503e-05,0.9892960991164366
fr36s__tu,float64,0.0,-4.0,999.0,1003.0,293.13174703555313,95.9667083397716,-1.0,-1.0,86,0.0012080518057565072,0.7415471491382095,0.005815505204455744,0.09526752728651898,0.03010296534576971
fr35s__tu,float64,0.0,-5.0,19722.0,19727.0,360.5722337834195,58.882622315245335,-1.0,-1.0,1789,0.025130286982539437,0.9057860062650128,1.4047114020424503e-05,1.4047114020424503e-05,0.01635084071977412
fr34s__tu,float64,0.0,-5.0,630.0,635.0,24.16713026249531,4.968998019356923,-1.0,-1.0,215,0.003020129514391268,0.9058421947210945,7.023557010212251e-05,1.4047114020424503e-05,0.01646321763193752
fr33s__tu,float64,0.0,0.0,20106.16,20106.16,448.61903537423814,77.94035359496293,0.0,0.0,3395,0.04768995209934119,0.0,0.9221368469847869,1.4047114020424503e-05,0.9221368469847869
fr32s__tu,float64,0.0,0.0,19130.34,19130.34,394.03705165999105,67.19017496531986,0.0,0.0,3160,0.04438888030454143,0.0,0.9221368469847869,2.8094228040849007e-05,0.9221368469847869
fr31s__tu,float64,0.0,-5.0,100.0,105.0,22.156252464886766,3.977594853137423,-1.0,-1.0,20,0.00028094228040849006,0.9058421947210945,7.023557010212251e-05,0.04826588377417859,0.03813791456545253
fr30s__tu,float64,0.0,-5.0,100.0,105.0,23.83404930439605,4.804997963168467,-1.0,-1.0,20,0.00028094228040849006,0.9058421947210945,7.023557010212251e-05,0.056876764668698815,0.030229389371953533
fr29s__tu,float64,0.0,-5.0,7.0,12.0,1.0644136839817153,-1.1505569680709098,-1.0,-1.0,13,0.00018261248226551856,0.9057860062650128,1.4047114020424503e-05,1.4047114020424503e-05,0.01635084071977412
fr28s__tu,float64,0.0,0.0,24250.0,24250.0,632.589384296865,125.29359675885857,0.0,0.0,1125,0.015803003272977567,0.0,0.9062074196856256,1.4047114020424503e-05,0.9062074196856256
fr27s__tu,float64,0.0,-6.0,4.0,10.0,1.4917336184880747,-1.6985629802357105,-1.0,-1.0,10,0.00014047114020424503,0.9830872747194089,0.07761030496284538,8.428268412254703e-05,0.002093019989043251
fr25s__tu,float64,0.0,-6.0,5.0,11.0,1.3710502498890638,-1.4896964418660186,-1.0,-1.0,11,0.00015451825422466955,0.9535040525923949,0.0482096953180969,0.00012642402618382053,0.005562657152088104
fr24s__tu,float64,0.0,-6.0,8.0,14.0,1.2425765968487104,-1.3119583081655875,-1.0,-1.0,14,0.00019665959628594306,0.9288373203725294,0.023585104440292742,1.4047114020424503e-05,0.007894478079478571
fr21s__tu,float64,0.0,-5.0,328.0,333.0,20.491018323695474,6.796429223616008,-1.0,-1.0,214,0.003006082400370844,0.7416454789363526,9.832979814297153e-05,1.4047114020424503e-05,0.0010535335515318377
fr20s__tu,float64,0.0,-5.0,328.0,333.0,25.338926929753704,9.400890587028895,-1.0,-1.0,231,0.00324488333871806,0.7416454789363526,9.832979814297153e-05,1.4047114020424503e-05,0.0007585441571029232
fr12s__tu,float64,0.0,-4.0,9.0,13.0,1.1076329655885075,-1.1244152888788999,-1.0,-1.0,12,0.00016856536824509406,0.9039036929862759,0.005815505204455744,1.4047114020424503e-05,0.0022475382432679204
fr09s__tu,float64,0.0,-5.0,8.0,13.0,0.9659344408443067,-0.5390860947618312,-1.0,-1.0,12,0.00016856536824509406,0.7416454789363526,9.832979814297153e-05,2.8094228040849007e-05,0.09782410203823624
fr06s__tu,float64,0.0,-5.0,5.0,10.0,0.6229535182943756,-0.7109946761437863,-1.0,-1.0,9,0.00012642402618382053,0.7416454789363526,9.832979814297153e-05,4.2141342061273514e-05,0.21562320021351614
fr03s__tu,float64,0.0,-4.0,9.0,13.0,1.0868850650267017,-1.1380269423646912,-1.0,-1.0,13,0.00018261248226551856,0.9052381688182163,0.005815505204455744,1.4047114020424503e-05,0.008554692438438522
fr02s__tu,float64,0.0,-4.0,9.0,13.0,0.79406339108624,-0.6349576479512284,-1.0,-1.0,11,0.00015451825422466955,0.7415471491382095,0.005815505204455744,1.4047114020424503e-05,0.16273581592661787
fr01s__tu,float64,0.0,-4.0,13.0,17.0,0.9362607005052971,0.3872508393150627,0.0,0.0,14,0.00019665959628594306,0.005815505204455744,0.005815505204455744,1.4047114020424503e-05,0.7361109160123053
fi101s__tu,float64,0.0,0.0,315318.29305827204,315318.29305827204,10885.26641112606,6209.927343609293,0.0,0.0,25357,0.3561926702159041,0.0,0.5413336330050991,1.4047114020424503e-05,0.5413336330050991
at12s__tu,float64,0.0,-4.0,53.0,57.0,5.02210387448056,2.493334644397309,2.0,-3.0,48,0.0006742614729803762,0.23941901136411525,0.005815505204455744,1.4047114020424503e-05,0.008287797272050458
at06s__tu,float64,0.0,-5.0,15.0,20.0,1.223219410185508,0.6597648513112981,0.0,0.0,18,0.00025284805236764106,0.005829552318476169,1.4047114020424503e-05,1.4047114020424503e-05,0.6169913891191054
revs112__tu,float64,0.0,0.0,20399.555817987228,20399.555817987228,379.67105542869007,94.67136751836416,0.0,0.0,3631,0.05100507100816137,0.0,0.7102782733287446,1.4047114020424503e-05,0.7102782733287446
subjectstabilityindex__ln,float64,0.0,-1.0,9.0,10.0,1.9656276738598153,3.601314809872312,4.0,4.0,11,0.00015451825422466955,0.004031521723861832,0.004031521723861832,0.00823160881596876,0.010521288401297953
sourcenonderogcount03month__ln,float64,0.0,-1.0,4.0,5.0,0.28875366677351694,1.0323364564750173,1.0,1.0,6,8.428268412254703e-05,0.002809422804084901,0.002809422804084901,1.4047114020424503e-05,0.01599966286926351
sourcenonderogcount__ln,float64,0.0,-1.0,6.0,7.0,1.0827081814437494,2.4584978016266557,2.0,2.0,8,0.00011237691216339603,0.002809422804084901,0.002809422804084901,0.0023880093834721654,0.0106055710854205
sourcenonderogprofileindex__ln,float64,0.0,-1.0,9.0,10.0,2.0503017679607134,5.315793170293163,5.0,5.0,11,0.00015451825422466955,0.002809422804084901,0.002809422804084901,0.0904072258354521,0.013836407310118136
confirmationinputaddress__ln,float64,0.0,-1.0,1.0,2.0,0.41808198072536373,0.7849948728033825,1.0,1.0,3,4.2141342061273514e-05,0.003006082400370844,0.003006082400370844,0.7880009552037534,0.20899296239587578
confirmationinputssn__ln,float64,0.0,-1.0,3.0,4.0,0.45849189202790125,2.9155066091671467,3.0,3.0,5,7.023557010212251e-05,0.002809422804084901,0.002809422804084901,0.9592493222267485,0.01425782073073087
confirmationinputdob__ln,float64,0.0,-1.0,7.0,8.0,2.5515031332800033,5.734340979645732,7.0,7.0,9,0.00012642402618382053,0.002809422804084901,0.002809422804084901,0.7805840790009693,0.1479020635210496
confirmationinputname__ln,float64,0.0,-1.0,3.0,4.0,0.45435969973898466,2.9273483262863644,3.0,3.0,5,7.023557010212251e-05,0.002809422804084901,0.002809422804084901,0.9734650016154182,0.014988270659792946
confirmationsubjectfound__ln,float64,0.0,0.0,1.0,1.0,0.05397502872789618,0.9970782002837517,1.0,1.0,2,2.8094228040849007e-05,0.0,0.002921799716248297,0.9970782002837517,0.002921799716248297
subjectwillingnessprimaryfactor__ln,object,0.0,,,,,,,c12,10,0.00014047114020424503,,,,
subjectwillingnessindex__ln,float64,0.0,-1.0,9.0,10.0,1.5320494706501935,1.7407605107530657,1.0,1.0,11,0.00015451825422466955,0.004031521723861832,0.004031521723861832,0.0003230836224697636,0.010521288401297953
subjectabilityprimaryfactor__ln,object,0.0,,,,,,,a42,12,0.00016856536824509406,,,,
subjectabilityindex__ln,float64,0.0,-1.0,9.0,10.0,1.8828833186955856,2.352442090772451,2.0,1.0,11,0.00015451825422466955,0.004031521723861832,0.004031521723861832,0.011083172962114933,0.010521288401297953
subjectstabilityprimaryfactor__ln,object,0.0,,,,,,,l78,10,0.00014047114020424503,,,,
subjectssncount__ln,float64,0.0,-1.0,5.0,6.0,0.23271097554127593,1.0082597030440097,1.0,1.0,7,9.832979814297153e-05,0.002809422804084901,0.002809422804084901,2.8094228040849007e-05,0.013260475635280732
sourcenonderogcount12month__ln,float64,0.0,-1.0,5.0,6.0,0.48358645812364837,1.1851831041312562,1.0,1.0,7,9.832979814297153e-05,0.002809422804084901,0.002809422804084901,1.4047114020424503e-05,0.014651139923302758
subjectdeceased__ln,float64,0.0,-1.0,1.0,2.0,0.05450739196741065,-0.002640857435839807,0.0,0.0,3,4.2141342061273514e-05,0.002809422804084901,0.002809422804084901,0.00016856536824509406,0.99702201182767
subjectage__ln,float64,0.0,-1.0,104.0,105.0,19.129035384901446,36.39004621500513,39.0,-1.0,81,0.0011378162356543847,0.13384090238660468,0.13384090238660468,1.4047114020424503e-05,0.010521288401297953
subjectactivityindex12month__ln,float64,0.0,-1.0,7.0,8.0,1.2024416350097498,4.393796794448581,4.0,4.0,9,0.00012642402618382053,0.006447625335374847,0.006447625335374847,0.00452317071457669,0.010521288401297953
subjectactivityindex06month__ln,float64,0.0,-1.0,7.0,8.0,1.1160539456170926,4.290143140091868,4.0,4.0,8,0.00011237691216339603,0.0070376041242326765,0.0070376041242326765,0.001924454620798157,0.010521288401297953
subjectactivityindex03month__ln,float64,0.0,-1.0,7.0,8.0,1.0103718666376236,4.203346022559665,4.0,4.0,8,0.00011237691216339603,0.007866383851437722,0.007866383851437722,0.0005197432187557066,0.010521288401297953
subjectnewestrecord12month__ln,float64,0.0,-1.0,1.0,2.0,0.1602091374422273,0.9795333548722415,1.0,1.0,3,4.2141342061273514e-05,0.002809422804084901,0.002809422804084901,0.9823427776763264,0.0148477995195887
subjectrecordtimenewest__ln,float64,0.0,-1.0,331.0,332.0,5.83332227028966,1.2491115200382081,1.0,1.0,130,0.0018261248226551854,0.00339940159294273,0.00339940159294273,1.4047114020424503e-05,0.010521288401297953
subjectrecordtimeoldest__ln,float64,0.0,-1.0,821.0,822.0,125.67790947959018,254.39839020073325,264.0,0.0,634,0.008905870288949135,0.0035820140752082486,0.0035820140752082486,1.4047114020424503e-05,0.010521288401297953
inputprovidedlexid__ln,float64,0.0,0.0,0.0,0.0,0.0,0.0,0.0,0.0,1,1.4047114020424503e-05,0.0,1.0,1.0,1.0
inputprovidedphone__ln,float64,0.0,0.0,1.0,1.0,0.46811814606159646,0.6756942786104595,1.0,1.0,2,2.8094228040849007e-05,0.0,0.3243057213895405,0.6756942786104595,0.3243057213895405
inputprovideddateofbirth__ln,float64,0.0,0.0,7.0,7.0,0.7142311387024448,6.9263509811909145,7.0,7.0,2,2.8094228040849007e-05,0.0,0.010521288401297953,0.989478711598702,0.010521288401297953
inputprovidedssn__ln,float64,0.0,0.0,3.0,3.0,0.3063011555542105,2.968393993454045,3.0,3.0,2,2.8094228040849007e-05,0.0,0.010535335515318378,0.9894646644846816,0.010535335515318378
inputprovidedzipcode__ln,float64,0.0,0.0,1.0,1.0,0.10297195022427294,0.9892820520024161,1.0,1.0,2,2.8094228040849007e-05,0.0,0.010717947997583896,0.9892820520024161,0.010717947997583896
sourcenonderogcount06month__ln,float64,0.0,-1.0,4.0,5.0,0.3933986734945262,1.1030355813398138,1.0,1.0,6,8.428268412254703e-05,0.002809422804084901,0.002809422804084901,0.00019665959628594306,0.015213024484119738
sourcecredheadertimeoldest__ln,float64,0.0,-1.0,821.0,822.0,125.44941620905082,252.5466293949908,262.0,0.0,583,0.008189467473907485,0.004200087092106927,0.004200087092106927,1.4047114020424503e-05,0.010521288401297953
at03s__tu,float64,0.0,-4.0,53.0,57.0,4.813350329309435,2.17439492056357,1.0,-3.0,46,0.0006461672449395272,0.24526261079661182,0.005815505204455744,1.4047114020424503e-05,0.0353706331034289
assetownership__ln,float64,0.0,-1.0,1.0,2.0,0.39948908872293126,0.19011364115242524,0.0,0.0,3,4.2141342061273514e-05,0.002809422804084901,0.002809422804084901,0.19292306395651013,0.8042675132394049
assetpropsaletimenewest__ln,float64,0.0,-1.0,960.0,961.0,47.39331362385051,11.855581620756016,-1.0,-1.0,348,0.004888395679107727,0.8969363244321454,0.8969363244321454,1.4047114020424503e-05,0.010521288401297953
assetpropsaletimeoldest__ln,float64,0.0,-1.0,960.0,961.0,35.4060178765659,5.380662742839483,-1.0,-1.0,347,0.004874348565087303,0.9478009243001025,0.9478009243001025,1.4047114020424503e-05,0.010521288401297953
assetpropsoldcount12month__ln,float64,0.0,-1.0,3.0,4.0,0.08747678806153754,0.001896360392757308,0.0,0.0,5,7.023557010212251e-05,0.002809422804084901,0.002809422804084901,1.4047114020424503e-05,0.9925409824551545
assetpropeversoldcount__ln,float64,0.0,-1.0,21.0,22.0,0.4305628283385666,0.11477896866088862,0.0,0.0,12,0.00016856536824509406,0.002809422804084901,0.002809422804084901,1.4047114020424503e-05,0.9046341429153381
assetpropnewestmortgagetype__ln,float64,0.0,-1.0,2.0,3.0,0.3804876180212257,-0.8804731068002078,-1.0,-1.0,4,5.6188456081698014e-05,0.894506173706612,0.894506173706612,0.005731222520333198,0.09719198190731713
assetproppurchasetimenewest__ln,float64,0.0,-1.0,960.0,961.0,66.87946210884273,23.539844638918932,-1.0,-1.0,425,0.0059700234586804145,0.8197614800039332,0.8197614800039332,7.023557010212251e-05,0.010521288401297953
assetproppurchasetimeoldest__ln,float64,0.0,-1.0,960.0,961.0,74.3112219031663,27.109693913385495,-1.0,-1.0,445,0.0062509657390889045,0.8197614800039332,0.8197614800039332,8.428268412254703e-05,0.010521288401297953
assetproppurchasecount12month__ln,float64,0.0,-1.0,9.0,10.0,0.10257446874584049,0.003736532329432918,0.0,0.0,5,7.023557010212251e-05,0.002809422804084901,0.002809422804084901,1.4047114020424503e-05,0.9908412816586832
assetpropcurrenttaxtotal__ln,float64,0.0,0.0,1838421.5999999999,1838421.5999999999,59317.29954704795,15913.70558611097,0.0,0.0,9877,0.13874334517973283,0.0,0.828821868547107,1.4047114020424503e-05,0.828821868547107
assetpropcurrentcount__ln,float64,0.0,-1.0,16.0,17.0,0.5601043257906304,0.23019005745269636,0.0,0.0,15,0.00021070671030636756,0.002809422804084901,0.002809422804084901,1.4047114020424503e-05,0.8100970655578811
assetpropevercount__ln,float64,0.0,-1.0,23.0,24.0,0.766693936751222,0.34777844891766985,0.0,0.0,19,0.00026689516638806556,0.002809422804084901,0.002809422804084901,1.4047114020424503e-05,0.75215272022363
assetpropindex__ln,float64,0.0,-1.0,4.0,5.0,1.2354045077000737,0.6410540954360927,0.0,0.0,6,8.428268412254703e-05,0.002809422804084901,0.002809422804084901,0.0346823245164281,0.75215272022363
assetprop__ln,float64,0.0,-1.0,1.0,2.0,0.3948980876312003,0.18428408883394906,0.0,0.0,3,4.2141342061273514e-05,0.002809422804084901,0.002809422804084901,0.18709351163803398,0.8100970655578811
assetindexprimaryfactor__ln,object,0.0,,,,,,,a42,9,0.00012642402618382053,,,,
sourcecredheadertimenewest__ln,float64,0.0,-1.0,382.0,383.0,8.108733152968233,1.4199946620966721,1.0,1.0,179,0.002514433409655986,0.004200087092106927,0.004200087092106927,1.4047114020424503e-05,0.010521288401297953
assetindex__ln,float64,0.0,-1.0,9.0,10.0,1.689026756264992,2.7557768756409,2.0,2.0,11,0.00015451825422466955,0.004031521723861832,0.004031521723861832,0.014089255362485778,0.010521288401297953
businesstitleleadership__ln,float64,0.0,-1.0,2.0,3.0,0.6738602215725955,-0.8158001938501734,-1.0,-1.0,4,5.6188456081698014e-05,0.9218980460464398,0.9218980460464398,0.045807638820604304,0.01781174057789827
businessassociationtimeoldest__ln,float64,0.0,-1.0,960.0,961.0,21.19711989483398,1.884911994830662,-1.0,-1.0,291,0.00408771017994353,0.9401312000449508,0.9401312000449508,2.8094228040849007e-05,0.010521288401297953
businessassociationindex__ln,float64,0.0,-1.0,3.0,4.0,0.5324588601696332,0.13215524870415374,0.0,0.0,5,7.023557010212251e-05,0.002809422804084901,0.002809422804084901,0.014215679388669598,0.9296099116436528
businessassociation__ln,float64,0.0,-1.0,1.0,2.0,0.25728525866781665,0.06477124274817739,0.0,0.0,3,4.2141342061273514e-05,0.002809422804084901,0.002809422804084901,0.06758066555226229,0.9296099116436528
proflictypecategory__ln,float64,0.0,-1.0,5.0,6.0,0.7539748375693229,-0.768924974364017,-1.0,-1.0,7,9.832979814297153e-05,0.8916405624464454,0.8916405624464454,0.0007023557010212252,0.040469735492842995
profliccount__ln,float64,0.0,-1.0,16.0,17.0,0.33890804762000243,0.05750888479961792,0.0,0.0,12,0.00016856536824509406,0.002809422804084901,0.002809422804084901,1.4047114020424503e-05,0.9538973717849668
educationinstitutionrating__ln,float64,0.0,-1.0,6.0,7.0,1.2962188830406263,0.37590077118655973,0.0,0.0,8,0.00011237691216339603,0.002809422804084901,0.002809422804084901,0.016069898439365633,0.9138350025987161
educationinstitutionprivate__ln,float64,0.0,-1.0,1.0,2.0,0.3748907835605158,-0.854696652572729,-1.0,-1.0,3,4.2141342061273514e-05,0.862872072932616,0.862872072932616,0.00817542035988706,0.12895250670749694
educationprogramattended__ln,float64,0.0,-1.0,3.0,4.0,0.4796132397826223,0.1447555099804745,0.0,0.0,5,7.023557010212251e-05,0.002809422804084901,0.002809422804084901,2.8094228040849007e-05,0.899900265490455
educationevidence__ln,float64,0.0,-1.0,1.0,2.0,0.36712834924196236,0.15238309289356503,0.0,0.0,3,4.2141342061273514e-05,0.002809422804084901,0.002809422804084901,0.1551925156976499,0.8419980614982652
educationattendance__ln,float64,0.0,-1.0,1.0,2.0,0.3387735805149391,0.12469623115930832,0.0,0.0,3,4.2141342061273514e-05,0.002809422804084901,0.002809422804084901,0.12750565396339322,0.8696849232325219
sourcevoterregistration__ln,float64,0.0,-1.0,1.0,2.0,0.499794663136748,0.423660958856003,0.0,0.0,3,4.2141342061273514e-05,0.002809422804084901,0.002809422804084901,0.42647038166008794,0.5707201955358272
inputprovidedstate__ln,float64,0.0,0.0,1.0,1.0,0.10297195022427294,0.9892820520024161,1.0,1.0,2,2.8094228040849007e-05,0.0,0.010717947997583896,0.9892820520024161,0.010717947997583896
inputprovidedcity__ln,float64,0.0,0.0,1.0,1.0,0.10297195022427294,0.9892820520024161,1.0,1.0,2,2.8094228040849007e-05,0.0,0.010717947997583896,0.9892820520024161,0.010717947997583896
inputprovidedstreetaddress__ln,float64,0.0,0.0,1.0,1.0,0.10297195022427294,0.9892820520024161,1.0,1.0,2,2.8094228040849007e-05,0.0,0.010717947997583896,0.9892820520024161,0.010717947997583896
dealerzip__app,object,0.0,,,,,,,20748,1474,0.020705446066105717,,,,
fltapprovedpayment__app,float64,0.0,0.0,1180.3078449643867,1180.3078449643867,224.31097871410185,91.44114050386787,0.0,0.0,8106,0.11386590624956103,0.0,0.8483333099214766,1.4047114020424503e-05,0.8483333099214766
fltapprovedloantovalue__app,float64,0.0,-0.52,207.48,208.0,46.11934423010778,19.273112138111227,0.0,0.0,4677,0.0656983522735254,1.4047114020424503e-05,1.4047114020424503e-05,1.4047114020424503e-05,0.8487125820000281
fltapproveddebttoincome__app,float64,0.0,0.0,108.29,108.29,13.800205057243819,5.684626838416047,0.0,0.0,2913,0.04091924314149658,0.0,0.8484597339476605,1.4047114020424503e-05,0.8484597339476605
fltapprovedapr_contract__app,float64,0.0,0.0,25.09,25.09,6.872848147642463,2.8789981036396077,0.0,0.0,231,0.00324488333871806,0.0,0.8483614041495174,2.8094228040849007e-05,0.8483614041495174
fltamountfinanced__app,float64,0.0,0.0,45571.5903116581,45571.5903116581,5997.586173908038,23508.457582037267,23059.373499999998,35000.0,56924,0.7996179184986445,0.0,0.0005056961047352821,2.8094228040849007e-05,0.0005056961047352821
fltallowance__app,float64,0.0,0.0,54001.36546481159,54001.36546481159,381.01728102653726,32.913691254956326,0.0,0.0,289,0.004059615951902682,0.0,0.9801373807751198,1.4047114020424503e-05,0.9801373807751198
fltaddfee__app,float64,0.0,0.0,0.0,0.0,0.0,0.0,0.0,0.0,1,1.4047114020424503e-05,0.0,1.0,1.0,1.0
fltacquisitionfee__app,float64,0.0,0.0,2374.980053142414,2374.980053142414,159.66934841133352,50.44418958038787,0.0,0.0,31,0.0004354605346331596,0.0,0.8735197853600978,1.4047114020424503e-05,0.8735197853600978
inttype__app,float64,0.0,0.0,13.0,13.0,3.957669658427769,2.137184115523466,0.0,0.0,3,4.2141342061273514e-05,0.0,0.7526022278722836,0.06756661843824187,0.7526022278722836
strdealershiptrackertype__app,object,0.0,,,,,,,franchise,3,4.2141342061273514e-05,,,,
bitdealerapplicantsamezip__app,float64,0.0,0.0,1.0,1.0,0.24713918990008937,0.0653471744230148,0.0,0.0,2,2.8094228040849007e-05,0.0,0.9346528255769853,0.0653471744230148,0.9346528255769853
bitdealerapplicantsamecity__app,float64,0.0,0.0,1.0,1.0,0.4072841912056961,0.20996221326328507,0.0,0.0,2,2.8094228040849007e-05,0.0,0.790037786736715,0.20996221326328507,0.790037786736715
bitdealerapplicantsamestate__app,float64,0.0,0.0,1.0,1.0,0.29834867641191964,0.9012347413223953,1.0,1.0,2,2.8094228040849007e-05,0.0,0.09876525867760469,0.9012347413223953,0.09876525867760469
dealercity__app,object,0.0,,,,,,,indianapolis,1067,0.014988270659792946,,,,
inputprovidedlastname__ln,float64,0.0,0.0,1.0,1.0,0.10203301981461133,0.989478711598702,1.0,1.0,2,2.8094228040849007e-05,0.0,0.010521288401297953,0.989478711598702,0.010521288401297953
bitlhmgroup__app,float64,0.0,0.0,1.0,1.0,0.18800352205090415,0.036691061821348805,0.0,0.0,2,2.8094228040849007e-05,0.0,0.9633089381786512,0.036691061821348805,0.9633089381786512
dealerstate__app,object,0.0,,,,,,,illinois,40,0.0005618845608169801,,,,
bigdealertypeid__app,float64,0.0,0.0,5.0,5.0,0.4458970091173668,0.1774290971919819,0.0,0.0,4,5.6188456081698014e-05,0.0,0.8483333099214766,0.00011237691216339603,0.8483333099214766
bitrolled__app,object,0.0,,,,,,,0,2,2.8094228040849007e-05,,,,
bigdealerid__app,float64,0.0,0.0,6498.0,6498.0,1476.196293196483,541.8339912065067,0.0,0.0,1150,0.016154181123488178,0.0,0.8483333099214766,2.8094228040849007e-05,0.8483333099214766
applicationquarter__app,float64,0.0,1.0,4.0,3.0,1.0800164006828796,2.6029864164407424,3.0,3.0,4,5.6188456081698014e-05,0.0,0.21066456896430627,0.2528480523676411,0.0
applicationmonth__app,float64,0.0,1.0,12.0,11.0,3.2330327249671083,6.825071289103653,7.0,9.0,12,0.00016856536824509406,0.0,0.05710151849302561,0.05211479301577491,0.0
bitfunded__app,float64,0.0,0.0,1.0,1.0,0.3379586474096599,0.1315090814592142,0.0,0.0,2,2.8094228040849007e-05,0.0,0.8684909185407858,0.1315090814592142,0.8684909185407858
bitsystemdecline__app,object,0.0,,,,,,,0.0,3,4.2141342061273514e-05,,,,
bitapproved__app,float64,0.0,0.0,1.0,1.0,0.3550193027563213,0.14791611063507001,0.0,0.0,2,2.8094228040849007e-05,0.0,0.85208388936493,0.14791611063507001,0.85208388936493
strzipcode__app,object,0.0,,,,,,,60620,10067,0.14141229684361348,,,,
strname__app,object,0.0,,,,,,,illinois,50,0.0007023557010212252,,,,
strcity__app,object,0.0,,,,,,,chicago,5886,0.08268131312421863,,,,
fltapprovedpricewholesale__app,float64,0.0,0.0,92842.38758903198,92842.38758903198,5711.250916652926,18635.172282009833,18032.135956009886,0.0,21716,0.30504712806753853,0.0,0.002795375690064476,1.4047114020424503e-05,0.002795375690064476
fltapprovedservicecontract__app,float64,0.0,0.0,2500.0,2500.0,17.678544126322087,0.1474946972144573,0.0,0.0,3,4.2141342061273514e-05,0.0,0.9999297644298979,1.4047114020424503e-05,0.9999297644298979
fltdocumentfee__app,float64,0.0,0.0,3058.1405273646524,3058.1405273646524,167.49539285419195,60.60197687944357,0.0,0.0,516,0.007248310834539044,0.0,0.8503560943404178,1.4047114020424503e-05,0.8503560943404178
fltgapinsurance__app,float64,0.0,0.0,1500.0,1500.0,269.26867087509333,83.59437553554622,0.0,0.0,4,5.6188456081698014e-05,0.0,0.9070221522988102,0.0011799575777156582,0.9070221522988102
inputprovidedfirstname__ln,float64,0.0,0.0,1.0,1.0,0.10203301981461133,0.989478711598702,1.0,1.0,2,2.8094228040849007e-05,0.0,0.010521288401297953,0.989478711598702,0.010521288401297953
dtmstampcreation__ln,object,0.0,,,,,,,0,71042,0.9979350742389976,,,,
bitinvalid__ln,float64,0.0,0.0,0.0,0.0,0.0,0.0,0.0,0.0,1,1.4047114020424503e-05,0.0,1.0,1.0,1.0
biglnriskviewscoreid__ln,float64,0.0,0.0,0.0,0.0,0.0,0.0,0.0,0.0,1,1.4047114020424503e-05,0.0,1.0,1.0,1.0
bigdebtorid__ln,float64,0.0,0.0,9165235.0,9165235.0,583209.7220009633,7982944.626122014,7898848.0,0.0,71180,0.9998735759738162,0.0,0.00011237691216339603,1.4047114020424503e-05,0.00011237691216339603
bigaccountid__ln,float64,0.0,0.0,7374098.0,7374098.0,484072.4158067524,6383783.235204877,6320538.0,0.0,58432,0.8208009664414446,0.0,0.00011237691216339603,1.4047114020424503e-05,0.00011237691216339603
biglnriskviewattributesv5id__ln,float64,0.0,0.0,0.0,0.0,0.0,0.0,0.0,0.0,1,1.4047114020424503e-05,0.0,1.0,1.0,1.0
uniqueid__ln,object,0.0,,,,,,,0,71180,0.9998735759738162,,,,
fltgrossmonthly__income_count,float64,0.0,0.0,2.0,2.0,0.2854460236803656,1.0860104791470593,1.0,1.0,3,4.2141342061273514e-05,0.0,0.0014328056300832994,0.08744328477714254,0.0014328056300832994
fltgrossmonthly__income_sum,float64,0.0,0.0,125500.0,125500.0,2561.081933801694,4393.635252637346,4000.0,3500.0,100,0.0014047114020424504,0.0,0.022096110354127743,1.4047114020424503e-05,0.022096110354127743
fltmaintenanceagreement__app,float64,0.0,0.0,2700.0682732405794,2700.0682732405794,46.67741413178662,2.743183251412112,0.0,0.0,114,0.0016013709983283934,0.0,0.9898298894492127,1.4047114020424503e-05,0.9898298894492127
bitmaintenanceagreement__app,float64,0.0,0.0,1.0,1.0,0.35870003147619456,0.15166669007852338,0.0,0.0,2,2.8094228040849007e-05,0.0,0.8483333099214766,0.15166669007852338,0.8483333099214766
intservicecontractmileageaddon__app,float64,0.0,0.0,240000.0,240000.0,4171.332730549014,351.39667645282276,0.0,0.0,24,0.0003371307364901881,0.0,0.9901670201857028,5.6188456081698014e-05,0.9901670201857028
intservicecontractmileage__app,float64,0.0,0.0,1090000.0,1090000.0,31772.120118770963,110297.9392883732,120000.0,120000.0,22,0.0003090365084493391,0.0,0.043335346753009596,2.8094228040849007e-05,0.043335346753009596
intservicecontractterm__app,float64,0.0,0.0,120.0,120.0,11.892246276728562,2.8529688575482166,0.0,0.0,24,0.0003371307364901881,0.0,0.9301437019764289,0.0021211142170841,0.9301437019764289
bitrouteone__app,float64,0.0,0.0,1.0,1.0,0.2377397468643076,0.0601356951214373,0.0,0.0,2,2.8094228040849007e-05,0.0,0.9398643048785627,0.0601356951214373,0.9398643048785627
bitdealertrack__app,float64,0.0,0.0,1.0,1.0,0.4918329290698484,0.5900209301998904,1.0,1.0,2,2.8094228040849007e-05,0.0,0.40997906980010956,0.5900209301998904,0.40997906980010956
inttermbump__app,float64,0.0,0.0,18.0,18.0,1.660181967907107,0.33052859290058856,0.0,0.0,14,0.00019665959628594306,0.0,0.9570298782115214,2.8094228040849007e-05,0.9570298782115214
flttaxgrossreceipts__app,float64,0.0,0.0,6145.852202457835,6145.852202457835,575.3900086223022,213.92933345267198,0.0,0.0,7605,0.10682830212532834,0.0,0.8597536136200817,1.4047114020424503e-05,0.8597536136200817
fltservicecontract__app,float64,0.0,0.0,5940.150201129275,5940.150201129275,650.2183265898581,170.20127903054262,0.0,0.0,826,0.011602916180870641,0.0,0.9307196336512663,2.8094228040849007e-05,0.9307196336512663
fltlicensefee__app,float64,0.0,0.0,2674.8496355685124,2674.8496355685124,110.30995960328245,29.37221443726593,0.0,0.0,1974,0.02772900307631797,0.0,0.8522243605051342,1.4047114020424503e-05,0.8522243605051342
fltinsuredunemploymentpremium__app,float64,0.0,0.0,0.0,0.0,0.0,0.0,0.0,0.0,1,1.4047114020424503e-05,0.0,1.0,1.0,1.0
fltinsuredunemploymentamount__app,float64,0.0,0.0,0.0,0.0,0.0,0.0,0.0,0.0,1,1.4047114020424503e-05,0.0,1.0,1.0,1.0
fltinsuredlifepremium__app,float64,0.0,0.0,0.0,0.0,0.0,0.0,0.0,0.0,1,1.4047114020424503e-05,0.0,1.0,1.0,1.0
fltinsuredlifeamount__app,float64,0.0,0.0,1235.5188410156104,1235.5188410156104,7.801858156256276,0.06331713010541981,0.0,0.0,6,8.428268412254703e-05,0.0,0.9999297644298979,1.4047114020424503e-05,0.9999297644298979
fltinsureddisabilitypremium__app,float64,0.0,0.0,0.0,0.0,0.0,0.0,0.0,0.0,1,1.4047114020424503e-05,0.0,1.0,1.0,1.0
fltinsureddisabilityamount__app,float64,0.0,0.0,1087.738704284607,1087.738704284607,6.267722143552985,0.040479063689975246,0.0,0.0,4,5.6188456081698014e-05,0.0,0.9999578586579387,1.4047114020424503e-05,0.9999578586579387
assetpropnewestsaleprice__ln,float64,0.0,0.0,2550000.0,2550000.0,48820.47675387107,9346.4733632913,0.0,0.0,2876,0.040399499922740875,0.0,0.9334447737712287,1.4047114020424503e-05,0.9334447737712287
assetpropsalepurchaseratio__ln,float64,0.0,-1.0,99.0,100.0,0.7081840493844533,0.013865063422719806,0.0,0.0,287,0.004031521723861832,0.009818932700276728,0.009818932700276728,2.8094228040849007e-05,0.9801233336610993
assetpersonal__ln,float64,0.0,-1.0,1.0,2.0,0.11944123486945414,0.008723257806683617,0.0,0.0,3,4.2141342061273514e-05,0.002809422804084901,0.002809422804084901,0.011532680610768517,0.9856578965851466
addrcurrenttimenewest__ln,float64,0.0,-1.0,426.0,427.0,14.418078218016005,3.0810658950118697,1.0,1.0,253,0.0035539198471673996,0.005281714871679614,0.005281714871679614,1.4047114020424503e-05,0.010521288401297953
addrcurrentavmvalue__ln,float64,0.0,0.0,10800272.012935009,10800272.012935009,233331.43710710268,115783.85928877605,34671.68,0.0,26909,0.377993791175603,0.0,0.4711261571310174,4.2141342061273514e-05,0.4711261571310174
addrcurrenttaxmarketvalue__ln,float64,0.0,0.0,1241480.0,1241480.0,52939.05075435784,13206.300107575767,0.0,0.0,4846,0.06807231454297714,0.0,0.9115312758993664,1.4047114020424503e-05,0.9115312758993664
addrcurrenttaxyr__ln,float64,0.0,-1.0,2024.0,2025.0,579.8653538880183,181.83806486957255,-1.0,-1.0,22,0.0003090365084493391,0.8990574386492295,0.8990574386492295,0.00019665959628594306,0.010521288401297953
addrcurrenttaxvalue__ln,float64,0.0,0.0,898500.0,898500.0,42668.81757623488,8800.923398541823,0.0,0.0,5229,0.07345235921279973,0.0,0.909859669330936,2.8094228040849007e-05,0.909859669330936
addrcurrentlastsalesprice__ln,float64,0.0,0.0,9999999.0,9999999.0,93457.13927899535,10216.849875716203,0.0,0.0,2081,0.029232044276503392,0.0,0.9316748374046552,4.2141342061273514e-05,0.9316748374046552
addrcurrenttimelastsale__ln,float64,0.0,-1.0,536.0,537.0,32.589914790124205,5.821039767379792,-1.0,-1.0,343,0.004818160109005605,0.9206338057846015,0.9206338057846015,1.4047114020424503e-05,0.010521288401297953
addrcurrentdwelltypeindex__ln,float64,0.0,-1.0,3.0,4.0,0.9558282913943399,2.404641166472348,3.0,3.0,5,7.023557010212251e-05,0.002809422804084901,0.002809422804084901,0.7138602874039529,0.018696708761185014
addrcurrentdwelltype__ln,object,0.0,,,,,,,s,9,0.00012642402618382053,,,,
addrcurrentphoneservice__ln,float64,0.0,-1.0,1.0,2.0,0.2333491327959188,0.05148267288485581,0.0,0.0,3,4.2141342061273514e-05,0.002809422804084901,0.002809422804084901,0.05429209568894071,0.9428984815069744
addrcurrentownershipindex__ln,float64,0.0,-1.0,4.0,5.0,1.3325779921217442,1.2153001165910464,1.0,0.0,6,8.428268412254703e-05,0.002809422804084901,0.002809422804084901,0.1069687732655326,0.40295551278989733
addrcurrentdeedmailing__ln,float64,0.0,-1.0,1.0,2.0,0.7117083709596908,-0.1831603197123151,0.0,0.0,3,4.2141342061273514e-05,0.361614856227788,0.361614856227788,0.17845453651547288,0.4599306072567391
addrcurrentsubjectowned__ln,float64,0.0,-1.0,1.0,2.0,0.6131362853800536,-0.27285114273272554,0.0,0.0,3,4.2141342061273514e-05,0.361614856227788,0.361614856227788,0.08876371349506244,0.5496214302771496
addrcurrentlengthofres__ln,float64,0.0,-1.0,794.0,795.0,77.36169099846438,62.7677450167863,34.0,1.0,540,0.007585441571029232,0.005295761985700038,0.005295761985700038,1.4047114020424503e-05,0.010521288401297953
addrcurrenttimeoldest__ln,float64,0.0,-1.0,795.0,796.0,78.34468184581327,65.82129261543216,37.0,1.0,541,0.0075994886850496565,0.005295761985700038,0.005295761985700038,1.4047114020424503e-05,0.010521288401297953
addrinputdelivery__ln,float64,0.0,-1.0,4.0,5.0,0.5680357881839719,-0.9229937209400328,-1.0,-1.0,6,8.428268412254703e-05,0.975248985096012,0.975248985096012,0.011504586382727668,0.010521288401297953
addrinputproblems__ln,float64,0.0,-1.0,4.0,5.0,0.5117368794147125,0.13417803312309487,0.0,0.0,6,8.428268412254703e-05,0.003006082400370844,0.003006082400370844,0.00015451825422466955,0.9278118810490384
addrinputblockratio__ln,float64,0.0,-1.0,99.0,100.0,1.3523388120802817,0.5273611091601231,0.25,0.0,559,0.007852336737417297,0.003006082400370844,0.003006082400370844,4.2141342061273514e-05,0.4831926280745621
addrinputtractratio__ln,float64,0.0,-1.0,99.0,100.0,1.3885496938717292,0.5350025987160937,0.25,0.0,575,0.008077090561744089,0.003006082400370844,0.003006082400370844,4.2141342061273514e-05,0.4846254337046454
addrinputcountyratio__ln,float64,0.0,-1.0,99.0,100.0,1.2028039607014944,0.43950624394218213,0.16,0.0,489,0.0068690387559875825,0.003006082400370844,0.003006082400370844,4.2141342061273514e-05,0.48208290606694854
addrinputavmratio60monthprior__ln,float64,0.0,-1.0,99.0,100.0,2.355222845636266,0.41829383753107924,-1.0,-1.0,1000,0.014047114020424504,0.5306297321215356,0.5306297321215356,0.00015451825422466955,0.010521288401297953
addrinputavmvalue60month__ln,float64,0.0,0.0,9999999.0,9999999.0,134010.87268687176,60652.98441126751,0.0,0.0,20985,0.2947786877186082,0.0,0.5411510205228336,1.4047114020424503e-05,0.5411510205228336
addrinputavmratio12monthprior__ln,float64,0.0,-1.0,99.0,100.0,1.5381242609911276,0.09318082849878494,0.51,-1.0,476,0.006686426273722064,0.4848642346429926,0.4848642346429926,7.023557010212251e-05,0.010521288401297953
addrinputavmvalue12month__ln,float64,0.0,0.0,10800272.012935009,10800272.012935009,243760.70458320156,106913.14218014912,14920.0,0.0,23779,0.3340263242916743,0.0,0.49538552304429057,4.2141342061273514e-05,0.49538552304429057
addrinputavmvalue__ln,float64,0.0,0.0,10800272.012935009,10800272.012935009,270194.0094890019,116332.86924225412,24800.0,0.0,24566,0.34508140302574836,0.0,0.48496256444113556,5.6188456081698014e-05,0.48496256444113556
addrinputtaxmarketvalue__ln,float64,0.0,0.0,1241480.0,1241480.0,51538.46450177387,12661.134507779054,0.0,0.0,4661,0.06547359844919862,0.0,0.9142985573613901,1.4047114020424503e-05,0.9142985573613901
addrinputtaxyr__ln,float64,0.0,-1.0,2024.0,2025.0,571.1334105836578,175.79003778673672,-1.0,-1.0,20,0.00028094228040849006,0.9020494739355799,0.9020494739355799,0.00019665959628594306,0.010521288401297953
addrinputtaxvalue__ln,float64,0.0,0.0,898500.0,898500.0,41323.49700958108,8377.85421707892,0.0,0.0,4992,0.07012319318995912,0.0,0.9128095632752251,2.8094228040849007e-05,0.9128095632752251
addrinputlastsaleprice__ln,float64,0.0,0.0,9999999.0,9999999.0,87156.93051617521,9785.720120802785,0.0,0.0,2022,0.028403264549298347,0.0,0.9337397631656577,4.2141342061273514e-05,0.9337397631656577
addrcurrentavmvalue12month__ln,float64,0.0,0.0,10800272.012935009,10800272.012935009,222871.54386058715,107311.15966732753,26249.17,0.0,26018,0.3654778125834047,0.0,0.4812541263397435,5.6188456081698014e-05,0.4812541263397435
addrcurrentavmratio12monthprior__ln,float64,0.0,-1.0,99.0,100.0,1.5350842787137045,0.12189158437399034,0.76,-1.0,473,0.0066442849316607905,0.47073283793844556,0.47073283793844556,7.023557010212251e-05,0.010521288401297953
addrcurrentavmvalue60month__ln,float64,0.0,0.0,9999999.0,9999999.0,129025.74515126763,61829.378238137746,0.0,0.0,22946,0.32232507831266066,0.0,0.5271179536164295,2.8094228040849007e-05,0.5271179536164295
addrcurrentavmratio60monthprior__ln,float64,0.0,-1.0,99.0,100.0,2.4150402100448667,0.46163859585048245,-1.0,-1.0,1031,0.014482574555057663,0.5165966652151316,0.5165966652151316,0.00018261248226551856,0.010521288401297953
at02s__tu,float64,0.0,-4.0,53.0,57.0,4.3951497948514335,3.2426077062467518,2.0,0.0,47,0.0006602143589599517,0.005815505204455744,0.005815505204455744,1.4047114020424503e-05,0.23398277823821095
at01s__tu,float64,0.0,0.0,240.0,240.0,12.04418821710156,12.703156386520389,9.0,1.0,125,0.001755889252553063,0.0,0.0061947772830072065,1.4047114020424503e-05,0.0061947772830072065
alertregulatorycondition__ln,float64,0.0,0.0,3.0,3.0,0.5187795588335357,1.4143477222604617,1.0,1.0,4,5.6188456081698014e-05,0.0,0.002823469918105325,0.010408911489134557,0.002823469918105325
phoneinputmobile__ln,float64,0.0,-1.0,1.0,2.0,0.9030463727438129,0.24349267443003836,1.0,1.0,3,4.2141342061273514e-05,0.3156386520389386,0.3156386520389386,0.5591313264689769,0.12523002149208445
phoneinputsubjectcount__ln,float64,0.0,-1.0,7.0,8.0,0.4882523362123928,-0.30827796429223614,0.0,0.0,8,0.00011237691216339603,0.3156386520389386,0.3156386520389386,1.4047114020424503e-05,0.6802174493250361
phoneinputproblems__ln,float64,0.0,-1.0,6.0,7.0,0.7716834797461667,-0.2410625237045049,0.0,0.0,7,9.832979814297153e-05,0.3156386520389386,0.3156386520389386,0.0033853544789223056,0.6672379159701639
addrlastmoveecontrajectoryindex__ln,float64,0.0,-1.0,6.0,7.0,1.796821732609111,3.3035300397533325,4.0,5.0,8,0.00011237691216339603,0.002809422804084901,0.002809422804084901,0.03483684277065277,0.03185885459832277
addrlastmoveecontrajectory__ln,float64,0.0,-1.0,12.0,13.0,3.8474989251002367,4.36467712708424,3.0,1.0,14,0.00019665959628594306,0.002809422804084901,0.002809422804084901,0.03483684277065277,0.03185885459832277
addrlastmovetaxratiodiff__ln,float64,0.0,-1.0,44.07,45.07,0.533290116292274,-0.6333735549031452,-1.0,-1.0,32,0.0004495076486535841,0.6353931084858616,0.6353931084858616,1.4047114020424503e-05,0.364129289637444
addrchangecount60month__ln,float64,0.0,-1.0,10.0,11.0,1.1761135944747205,1.12541263397435,1.0,0.0,12,0.00016856536824509406,0.002809422804084901,0.002809422804084901,4.2141342061273514e-05,0.35813117195072275
addrchangecount24month__ln,float64,0.0,-1.0,6.0,7.0,0.6174434762228083,0.3712652235598196,0.0,0.0,8,0.00011237691216339603,0.002809422804084901,0.002809422804084901,1.4047114020424503e-05,0.6848810911798171
addrchangecount12month__ln,float64,0.0,-1.0,4.0,5.0,0.3896024514577091,0.1505429209568894,0.0,0.0,6,8.428268412254703e-05,0.002809422804084901,0.002809422804084901,1.4047114020424503e-05,0.8524772085575019
addrchangecount06month__ln,float64,0.0,-1.0,2.0,3.0,0.23774376237481026,0.05197432187557066,0.0,0.0,4,5.6188456081698014e-05,0.002809422804084901,0.002809422804084901,0.0008147326131846212,0.9432215651294441
addrchangecount03month__ln,float64,0.0,-1.0,2.0,3.0,0.13449944781792383,0.012544072820239081,0.0,0.0,4,5.6188456081698014e-05,0.002809422804084901,0.002809422804084901,4.2141342061273514e-05,0.9818792229136524
addrstabilityindex__ln,float64,0.0,-1.0,6.0,7.0,1.8554850931466051,3.5926758347497505,3.0,6.0,8,0.00011237691216339603,0.002809422804084901,0.002809422804084901,0.24267794181685373,0.01300762758291309
addrpreviouscorrectional__ln,float64,0.0,-1.0,0.0,1.0,0.052929852650074216,-0.002809422804084901,0.0,0.0,2,2.8094228040849007e-05,0.002809422804084901,0.002809422804084901,0.9971905771959151,0.9971905771959151
addrpreviousdwelltypeindex__ln,float64,0.0,-1.0,3.0,4.0,1.0261416643513015,2.3103428900532386,3.0,3.0,5,7.023557010212251e-05,0.002809422804084901,0.002809422804084901,0.6777592043714619,0.04361628903341808
addrpreviousdwelltype__ln,object,0.0,,,,,,,s,9,0.00012642402618382053,,,,
addrpreviousownershipindex__ln,float64,0.0,-1.0,5.0,6.0,2.391257939427187,2.0929357063591287,0.0,0.0,7,9.832979814297153e-05,0.002809422804084901,0.002809422804084901,0.3921532821081909,0.534183651968703
addrprevioussubjectowned__ln,float64,0.0,-1.0,3.0,4.0,1.043243269451409,0.23981233055668713,1.0,1.0,5,7.023557010212251e-05,0.39496270491227575,0.39496270491227575,0.017797693463877846,0.010521288401297953
addrpreviouslengthofres__ln,float64,0.0,-1.0,750.0,751.0,72.6295224313656,68.82720645043476,47.0,1.0,506,0.007107839694334799,0.0346823245164281,0.0346823245164281,1.4047114020424503e-05,0.010521288401297953
addrprevioustimenewest__ln,float64,0.0,-1.0,523.0,524.0,52.6850947470104,28.557361390102404,2.0,1.0,401,0.005632892722190226,0.03419067552571324,0.03419067552571324,1.4047114020424503e-05,0.010521288401297953
addrprevioustimeoldest__ln,float64,0.0,-1.0,821.0,822.0,86.00966323041202,97.33235471772325,73.0,-1.0,523,0.007346640632682015,0.0346823245164281,0.0346823245164281,1.4047114020424503e-05,0.010521288401297953
addrcurrentcorrectional__ln,float64,0.0,-1.0,0.0,1.0,0.052929852650074216,-0.002809422804084901,0.0,0.0,2,2.8094228040849007e-05,0.002809422804084901,0.002809422804084901,0.9971905771959151,0.9971905771959151
addrcurrentblockratio__ln,float64,0.0,-1.0,99.0,100.0,1.1846264874698977,0.5244065796682073,0.35,0.0,520,0.007304499290620742,0.002809422804084901,0.002809422804084901,5.6188456081698014e-05,0.46878028908960656
addrcurrenttractratio__ln,float64,0.0,-1.0,99.0,100.0,1.263710509899457,0.5344530756156147,0.37,0.0,525,0.0073747348607228645,0.002809422804084901,0.002809422804084901,5.6188456081698014e-05,0.47005857646546517
addrcurrentcountyratio__ln,float64,0.0,-1.0,99.0,100.0,1.150280306145549,0.43936717751337984,0.22,0.0,443,0.006222871511048055,0.002809422804084901,0.002809422804084901,5.6188456081698014e-05,0.4684010170110551
addrinputtimelastsale__ln,float64,0.0,-1.0,353.0,354.0,32.02804596362141,5.627372206380199,-1.0,-1.0,332,0.004663641854780935,0.9221227998707665,0.9221227998707665,1.4047114020424503e-05,0.010521288401297953
addrinputdwelltypeindex__ln,float64,0.0,-1.0,3.0,4.0,1.073839247082354,2.28061919678602,3.0,3.0,5,7.023557010212251e-05,0.003006082400370844,0.003006082400370844,0.6773518380648695,0.06987034513759148
assetpersonalcount__ln,float64,0.0,-1.0,19.0,20.0,0.2179957794253007,0.014988270659792946,0.0,0.0,12,0.00016856536824509406,0.002809422804084901,0.002809422804084901,1.4047114020424503e-05,0.9856578965851466
evictioncount12month__ln,float64,0.0,-1.0,4.0,5.0,0.08852125229376234,0.0015451825422466954,0.0,0.0,6,8.428268412254703e-05,0.002809422804084901,0.002809422804084901,1.4047114020424503e-05,0.993116914129992
bankruptcycount24month__ln,float64,0.0,-1.0,4.0,5.0,0.47544625476943714,0.2695922122799871,0.0,0.0,6,8.428268412254703e-05,0.002809422804084901,0.002809422804084901,9.832979814297153e-05,0.735506890109427
bankruptcycount__ln,float64,0.0,-1.0,10.0,11.0,0.8354277915277367,0.5393670370422396,0.0,0.0,12,0.00016856536824509406,0.002809422804084901,0.002809422804084901,4.2141342061273514e-05,0.6009636320218011
lienjudgmentdollartotal__ln,float64,0.0,0.0,771613.66,771613.66,8129.948943010135,1298.5055428790674,0.0,0.0,11107,0.15602129542485496,0.0,0.7792776973970698,1.4047114020424503e-05,0.7792776973970698
lienjudgmenttimenewest__ln,float64,0.0,-1.0,84.0,85.0,19.028098654300738,7.318925676719718,-1.0,-1.0,86,0.0012080518057565072,0.7679276292685667,0.7679276292685667,0.0006883085870008007,0.010521288401297953
lienjudgmentothercount__ln,float64,0.0,-1.0,2.0,3.0,0.05898246461543543,-0.0021913497871862224,0.0,0.0,4,5.6188456081698014e-05,0.002809422804084901,0.002809422804084901,2.8094228040849007e-05,0.9966005984070573
lienjudgmentforeclosurecount__ln,float64,0.0,-1.0,0.0,1.0,0.052929852650074216,-0.002809422804084901,0.0,0.0,2,2.8094228040849007e-05,0.002809422804084901,0.002809422804084901,0.9971905771959151,0.9971905771959151
lienjudgmenttaxcount__ln,float64,0.0,-1.0,32.0,33.0,0.601381991738235,0.14472741575243367,0.0,0.0,19,0.00026689516638806556,0.002809422804084901,0.002809422804084901,1.4047114020424503e-05,0.9043110592928683
lienjudgmentcourtcount__ln,float64,0.0,-1.0,12.0,13.0,0.5141119731657869,0.14024638637991824,0.0,0.0,13,0.00018261248226551856,0.002809422804084901,0.002809422804084901,1.4047114020424503e-05,0.8967396648358594
lienjudgmentsmallclaimscount__ln,float64,0.0,-1.0,7.0,8.0,0.34464379627966113,0.07270786216971724,0.0,0.0,9,0.00012642402618382053,0.002809422804084901,0.002809422804084901,2.8094228040849007e-05,0.9382769809942547
lienjudgmentcount12month__ln,float64,0.0,-1.0,14.0,15.0,0.2671018483706431,0.04669260700389105,0.0,0.0,10,0.00014047114020424503,0.002809422804084901,0.002809422804084901,1.4047114020424503e-05,0.9545716332579471
lienjudgmentcount__ln,float64,0.0,-1.0,32.0,33.0,0.9023746188202918,0.36391858292713763,0.0,0.0,21,0.00029498939442891456,0.002809422804084901,0.002809422804084901,1.4047114020424503e-05,0.7756394948657799
lienjudgmentseverityindex__ln,float64,0.0,-1.0,6.0,7.0,2.040842050849199,1.163171276461251,0.0,0.0,7,9.832979814297153e-05,0.002809422804084901,0.002809422804084901,0.06662546179887342,0.7346921574962424
evictiontimenewest__ln,float64,0.0,-1.0,84.0,85.0,12.957068936318985,2.12673306269227,-1.0,-1.0,86,0.0012080518057565072,0.9228532497998286,0.9228532497998286,0.0003792720785514616,0.010521288401297953
evictioncount__ln,float64,0.0,-1.0,28.0,29.0,0.5223708960786544,0.09786624338029752,0.0,0.0,20,0.00028094228040849006,0.002809422804084901,0.002809422804084901,1.4047114020424503e-05,0.9305651153970417
addrinputdwelltype__ln,object,0.0,,,,,,,s,9,0.00012642402618382053,,,,
criminalnonfelonytimenewest__ln,float64,0.0,-1.0,84.0,85.0,8.114695286889763,0.12501931478177808,-1.0,-1.0,86,0.0012080518057565072,0.9670314233940637,0.9670314233940637,0.00028094228040849006,0.010521288401297953
criminalnonfelonycount12month__ln,float64,0.0,-1.0,26.0,27.0,0.1289104266015973,-0.00026689516638806556,0.0,0.0,9,0.00012642402618382053,0.002809422804084901,0.002809422804084901,1.4047114020424503e-05,0.9955751590835663
criminalnonfelonycount__ln,float64,0.0,-1.0,29.0,30.0,0.3822228192208037,0.04120018542190507,0.0,0.0,16,0.00022475382432679206,0.002809422804084901,0.002809422804084901,1.4047114020424503e-05,0.9709505682057621
criminalfelonytimenewest__ln,float64,0.0,-1.0,84.0,85.0,4.981595684401379,-0.5650030201295144,-1.0,-1.0,84,0.0011799575777156582,0.9809521133883043,0.9809521133883043,9.832979814297153e-05,0.010521288401297953
criminalfelonycount12month__ln,float64,0.0,-1.0,7.0,8.0,0.06978479668128607,-0.0021211142170841,0.0,0.0,6,8.428268412254703e-05,0.002809422804084901,0.002809422804084901,2.8094228040849007e-05,0.9967410695472615
criminalfelonycount__ln,float64,0.0,-1.0,99.0,100.0,0.4702359419047737,0.015803003272977567,0.0,0.0,20,0.00028094228040849006,0.002809422804084901,0.002809422804084901,1.4047114020424503e-05,0.9886639789855174
derogtimenewest__ln,float64,0.0,-1.0,120.0,121.0,24.278738099770653,13.748879742656872,1.0,-1.0,122,0.0017137479104917894,0.43874755931393894,0.43874755931393894,0.00015451825422466955,0.010521288401297953
derogcount12month__ln,float64,0.0,-1.0,26.0,27.0,0.5524310028250673,0.29004481029372514,0.0,0.0,12,0.00016856536824509406,0.002809422804084901,0.002809422804084901,1.4047114020424503e-05,0.737094213993735
derogcount__ln,float64,0.0,-1.0,99.0,100.0,1.5524361090851004,1.069392743260897,1.0,0.0,30,0.0004214134206127351,0.002809422804084901,0.002809422804084901,1.4047114020424503e-05,0.44488614814086447
derogseverityindex__ln,float64,0.0,-1.0,5.0,6.0,1.3947503424566519,1.186531627077217,1.0,0.0,7,9.832979814297153e-05,0.002809422804084901,0.002809422804084901,0.008526598210397673,0.44488614814086447
purchaseactivitydollartotal__ln,float64,0.0,0.0,0.0,0.0,0.0,0.0,0.0,0.0,1,1.4047114020424503e-05,0.0,1.0,1.0,1.0
purchaseactivitycount__ln,float64,0.0,-1.0,0.0,1.0,0.10203301981461133,-0.989478711598702,-1.0,-1.0,2,2.8094228040849007e-05,0.989478711598702,0.989478711598702,0.010521288401297953,0.010521288401297953
purchaseactivityindex__ln,float64,0.0,-1.0,0.0,1.0,0.052929852650074216,-0.002809422804084901,0.0,0.0,2,2.8094228040849007e-05,0.002809422804084901,0.002809422804084901,0.9971905771959151,0.9971905771959151
bankruptcytimenewest__ln,float64,0.0,-1.0,120.0,121.0,22.656329220112674,8.721417634746942,-1.0,-1.0,122,0.0017137479104917894,0.5932517664245881,0.5932517664245881,0.00025284805236764106,0.010521288401297953
bankruptcychapter__ln,float64,0.0,-1.0,2.0,3.0,0.6788688901007734,0.49566646532469905,0.0,0.0,4,5.6188456081698014e-05,0.002935846830268721,0.002935846830268721,0.1025017910070376,0.6009636320218011
bankruptcystatus__ln,float64,0.0,-1.0,2.0,3.0,0.6656589314571142,-0.07329784095857506,0.0,0.0,4,5.6188456081698014e-05,0.24440573684136593,0.24440573684136593,0.016477264745957943,0.6009636320218011
bankruptcydismissed24month__ln,float64,0.0,-1.0,1.0,2.0,0.1127735920563085,0.0071499810363960725,0.0,0.0,3,4.2141342061273514e-05,0.002809422804084901,0.002809422804084901,0.009959403840480973,0.9872311733554341
addrinputphonecount__ln,float64,0.0,-1.0,67.0,68.0,1.8351948439646162,0.40545589908553287,0.0,0.0,51,0.0007164028150416497,0.003006082400370844,0.003006082400370844,1.4047114020424503e-05,0.8069926533593673
addrinputphoneservice__ln,float64,0.0,-1.0,1.0,2.0,0.23381336759836968,0.05128601328856986,0.0,0.0,3,4.2141342061273514e-05,0.003006082400370844,0.003006082400370844,0.05429209568894071,0.9427018219106884
addrinputownershipindex__ln,float64,0.0,-1.0,4.0,5.0,1.3230439108351222,1.1532680610768518,1.0,0.0,6,8.428268412254703e-05,0.003006082400370844,0.003006082400370844,0.10021211142170841,0.43381702229276997
addrinputdeedmailing__ln,float64,0.0,-1.0,1.0,2.0,0.7029206406685867,-0.18661590976133954,0.0,0.0,3,4.2141342061273514e-05,0.3577659469861917,0.3577659469861917,0.17115003722485214,0.47108401578895615
addrinputsubjectowned__ln,float64,0.0,-1.0,1.0,2.0,0.6098554571174759,-0.27046313334925337,0.0,0.0,3,4.2141342061273514e-05,0.3577659469861917,0.3577659469861917,0.08730281363693829,0.5549312393768701
addrinputmatchindex__ln,float64,0.0,-1.0,2.0,3.0,0.8052434350321226,1.387953195016084,2.0,2.0,4,5.6188456081698014e-05,0.003006082400370844,0.003006082400370844,0.5904282965064828,0.1964629366896571
addrinputsubjectcount__ln,float64,0.0,-1.0,83.0,84.0,2.5750298149464586,1.6933515009341331,2.0,-1.0,50,0.0007023557010212252,0.31032884293921814,0.31032884293921814,1.4047114020424503e-05,0.06097852196266277
addrinputlengthofres__ln,float64,0.0,-1.0,794.0,795.0,77.5082997085744,51.31240781581424,21.0,-1.0,534,0.007501158886906685,0.19694053856635155,0.19694053856635155,1.4047114020424503e-05,0.010521288401297953
addrinputtimenewest__ln,float64,0.0,-1.0,368.0,369.0,10.269368567068982,1.875612805349141,1.0,1.0,204,0.002865611260166599,0.19692649145233113,0.19692649145233113,1.4047114020424503e-05,0.010521288401297953
addrinputtimeoldest__ln,float64,0.0,-1.0,795.0,796.0,78.63720461023952,53.33972945258397,23.0,-1.0,536,0.007529253114947534,0.19694053856635155,0.19694053856635155,1.4047114020424503e-05,0.010521288401297953
addronfilehighrisk__ln,float64,0.0,-1.0,1.0,2.0,0.056416610672023276,-0.002430150725533439,0.0,0.0,3,4.2141342061273514e-05,0.002809422804084901,0.002809422804084901,0.0003792720785514616,0.9968113051173636
addronfilecollege__ln,float64,0.0,-1.0,1.0,2.0,0.15723529891364144,0.019483347146328787,0.0,0.0,3,4.2141342061273514e-05,0.002809422804084901,0.002809422804084901,0.02229276995041369,0.9748978072455015
addronfilecorrectional__ln,float64,0.0,-1.0,1.0,2.0,0.060751455176120024,-0.001924454620798157,0.0,0.0,3,4.2141342061273514e-05,0.002809422804084901,0.002809422804084901,0.0008849681832867437,0.9963056090126283
addronfilecount__ln,float64,0.0,-1.0,42.0,43.0,4.670123902055373,7.25644411355687,7.0,4.0,40,0.0005618845608169801,0.002809422804084901,0.002809422804084901,1.4047114020424503e-05,0.01887932124345053
ssnproblems__ln,float64,0.0,-1.0,5.0,6.0,0.2831735066846017,0.03013105957381056,0.0,0.0,7,9.832979814297153e-05,0.002809422804084901,0.002809422804084901,0.0010535335515318377,0.9745606765090112
ssndatelowissued__ln,float64,0.0,-1.0,20110602.0,20110603.0,3542288.8300980674,19199722.1099889,19850101.0,19870101.0,273,0.0038348621275758896,0.022377052634536234,0.022377052634536234,4.2141342061273514e-05,0.010521288401297953
ssndeceased__ln,float64,0.0,-1.0,1.0,2.0,0.062128314232680115,-0.001755889252553063,0.0,0.0,3,4.2141342061273514e-05,0.002809422804084901,0.002809422804084901,0.0010535335515318377,0.9961370436443833
ssnsubjectcount__ln,float64,0.0,-1.0,5.0,6.0,0.2701876337388854,0.9984126761156921,1.0,1.0,7,9.832979814297153e-05,0.002809422804084901,0.002809422804084901,4.2141342061273514e-05,0.02647880992850019
inquirycollections12month__ln,float64,0.0,-1.0,1.0,2.0,0.18708526115153928,0.030299624942055653,0.0,0.0,3,4.2141342061273514e-05,0.002809422804084901,0.002809422804084901,0.033109047746140555,0.9640815294497745
inquiryshortterm12month__ln,float64,0.0,-1.0,1.0,2.0,0.4014054519775998,0.19259998033404038,0.0,0.0,3,4.2141342061273514e-05,0.002809422804084901,0.002809422804084901,0.19540940313812527,0.8017811740577898
inquirynonshortterm12month__ln,float64,0.0,-1.0,1.0,2.0,0.4923622809367439,0.6148983691300622,1.0,1.0,3,4.2141342061273514e-05,0.002809422804084901,0.002809422804084901,0.6177077919341472,0.379482785261768
inquirytelcom12month__ln,float64,0.0,-1.0,1.0,2.0,0.056291368582458784,-0.0024441978395538634,0.0,0.0,3,4.2141342061273514e-05,0.002809422804084901,0.002809422804084901,0.0003652249645310371,0.996825352231384
inquirybanking12month__ln,float64,0.0,-1.0,1.0,2.0,0.5013310527243613,0.4345053308797707,0.0,0.0,3,4.2141342061273514e-05,0.002809422804084901,0.002809422804084901,0.43731475368385564,0.5598758235120594
inquiryauto12month__ln,float64,0.0,-1.0,1.0,2.0,0.49337710527104023,0.38954051890039193,0.0,0.0,3,4.2141342061273514e-05,0.002809422804084901,0.002809422804084901,0.3923499417044768,0.6048406354914383
shorttermloanrequest24month__ln,float64,0.0,-1.0,1.0,2.0,0.056790658918023214,-0.0023880093834721654,0.0,0.0,3,4.2141342061273514e-05,0.002809422804084901,0.002809422804084901,0.0004214134206127351,0.9967691637753023
shorttermloanrequest12month__ln,float64,0.0,-1.0,1.0,2.0,0.054507391967408905,-0.002640857435839807,0.0,0.0,3,4.2141342061273514e-05,0.002809422804084901,0.002809422804084901,0.00016856536824509406,0.99702201182767
shorttermloanrequest__ln,float64,0.0,-1.0,1.0,2.0,0.06703638381877204,-0.0011237691216339602,0.0,0.0,3,4.2141342061273514e-05,0.002809422804084901,0.002809422804084901,0.0016856536824509404,0.9955049235134642
g221c__tu,float64,0.0,-4.0,10.0,14.0,0.756329646410992,-0.3228026801893551,0.0,0.0,14,0.00019665959628594306,0.3195016083945553,0.005815505204455744,1.4047114020424503e-05,0.6362499824411074
g221d__tu,float64,0.0,-4.0,27.0,31.0,1.8055873461699639,0.4999227408728877,0.0,-1.0,26,0.0003652249645310371,0.3195016083945553,0.005815505204455744,1.4047114020424503e-05,0.25050218432623017
g222s__tu,float64,0.0,-4.0,36.0,40.0,2.092107008355789,0.4951748163339842,0.0,0.0,33,0.0004635547626740086,0.16700613858882693,0.005815505204455744,1.4047114020424503e-05,0.5088145640478163
g242f__tu,float64,0.0,-4.0,53.0,57.0,3.0658782211262046,2.9309303403615727,2.0,1.0,41,0.0005759316748374046,0.05201646321763194,0.006068353256823386,1.4047114020424503e-05,0.07190717667055303
us09s__tu,float64,0.0,-5.0,41.0,46.0,1.9175086373037276,-0.04176206998272205,-1.0,-1.0,34,0.0004776018766944331,0.5967073564736125,2.8094228040849007e-05,1.4047114020424503e-05,0.18512691567517453
us06s__tu,float64,0.0,-5.0,10.0,15.0,0.8232972765492509,-0.4938262933880234,-1.0,-1.0,14,0.00019665959628594306,0.5967073564736125,2.8094228040849007e-05,2.8094228040849007e-05,0.3210186967087612
us03s__tu,float64,0.0,-4.0,8.0,12.0,1.2892437630384261,-1.3346584444225933,-1.0,-1.0,13,0.00018261248226551856,0.8805573894843305,0.005815505204455744,1.4047114020424503e-05,0.015929427299161386
us02s__tu,float64,0.0,-4.0,8.0,12.0,0.8522260054346763,-0.45925634578375873,-1.0,-1.0,11,0.00015451825422466955,0.5966792622455717,0.005815505204455744,1.4047114020424503e-05,0.2842293050892694
us01s__tu,float64,0.0,-4.0,105.0,109.0,4.164898049514082,1.6742474258663558,0.0,0.0,77,0.0010816277795726867,0.005815505204455744,0.005815505204455744,1.4047114020424503e-05,0.5912430291196674
at01a__tu,float64,0.0,-4.0,25.0,29.0,0.8524015778233565,0.2332663754231693,0.0,0.0,22,0.0003090365084493391,0.005815505204455744,0.005815505204455744,1.4047114020424503e-05,0.8364073101181362
st103s__tu,float64,0.0,-4.0,50.0,54.0,1.8277226027818356,-0.3565578951804352,-1.0,-1.0,33,0.0004635547626740086,0.6237480509629296,0.005815505204455744,1.4047114020424503e-05,0.316776468274593
st102s__tu,float64,0.0,-4.0,43.0,47.0,3.186084593040882,0.391099748556659,-1.0,-1.0,41,0.0005759316748374046,0.6237480509629296,0.005815505204455744,1.4047114020424503e-05,0.14219893522875726
g244b__tu,float64,0.0,-4.0,29.0,33.0,2.403251751080666,1.8661590976133953,1.0,1.0,30,0.0004214134206127351,0.1601090056047985,0.006068353256823386,1.4047114020424503e-05,0.09016842489710489
g243b__tu,float64,0.0,-4.0,23.0,27.0,1.771232691916559,1.1802666142241076,1.0,1.0,22,0.0003090365084493391,0.1601090056047985,0.006068353256823386,1.4047114020424503e-05,0.18727612412029948
g242b__tu,float64,0.0,-4.0,20.0,24.0,1.4370166503363397,0.8187922291365239,1.0,1.0,19,0.00026689516638806556,0.1601090056047985,0.006068353256823386,1.4047114020424503e-05,0.2675694278610459
g244f__tu,float64,0.0,-4.0,75.0,79.0,4.579727118368742,4.345685428928626,3.0,1.0,65,0.0009130624113275927,0.05201646321763194,0.006068353256823386,1.4047114020424503e-05,0.02775709730435882
g243f__tu,float64,0.0,-4.0,56.0,60.0,3.6200064334070827,3.4269479835367824,3.0,1.0,49,0.0006883085870008007,0.05201646321763194,0.006068353256823386,1.4047114020424503e-05,0.05363188132998076
g242s__tu,float64,0.0,-4.0,120.0,124.0,4.806276009273656,5.509081459214205,4.0,3.0,60,0.0008428268412254702,0.006068353256823386,0.006068353256823386,1.4047114020424503e-05,0.02233491129247496
us20s__tu,float64,0.0,-5.0,381.0,386.0,37.601093117278026,22.457191420022756,-1.0,-1.0,242,0.00339940159294273,0.5967073564736125,2.8094228040849007e-05,1.4047114020424503e-05,0.0005056961047352821
s204a__tu,float64,0.0,0.0,108916.0,108916.0,2673.0191110870032,1080.8687626406017,0.0,0.0,13347,0.18748683083060586,0.0,0.5677000660214359,1.4047114020424503e-05,0.5677000660214359
s204s__tu,float64,0.0,0.0,196026.0,196026.0,4014.963433172841,1660.117297793726,136.0,0.0,16519,0.23204427650339238,0.0,0.48126817345376394,1.4047114020424503e-05,0.48126817345376394
s209a__tu,float64,0.0,-5.0,83.0,88.0,16.11812305346088,7.242677941816853,-1.0,-4.0,87,0.0012220989197769317,0.5059349056736293,0.00023880093834721656,1.4047114020424503e-05,0.0003933191925718861
s209s__tu,float64,0.0,-5.0,82.0,87.0,15.970049472103188,8.151034569947605,4.0,-4.0,85,0.0011940046917360827,0.40388262231524535,0.00021070671030636756,9.832979814297153e-05,0.0004635547626740086
g099a__tu,float64,0.0,-4.0,51.0,55.0,4.122333179906384,1.095731082049193,-1.0,-1.0,47,0.0006602143589599517,0.6537948278526177,0.005815505204455744,1.4047114020424503e-05,0.033867591903243476
g106s__tu,float64,0.0,0.0,921.0,921.0,125.90651200558173,251.37293683012825,251.0,194.0,703,0.009875121156358427,0.0,0.0004354605346331596,1.4047114020424503e-05,0.0004354605346331596
s207a__tu,float64,0.0,-4.0,999.0,1003.0,63.60495489090503,7.266543988537555,-1.0,-1.0,87,0.0012220989197769317,0.6537948278526177,0.005815505204455744,0.003947239039739286,0.050007725912711236
s207s__tu,float64,0.0,-4.0,119.0,123.0,21.443911669632335,5.89110677211367,-4.0,-4.0,122,0.0017137479104917894,0.6052199075699898,0.6030145106687831,1.4047114020424503e-05,0.04763376364325949
s208s__tu,float64,0.0,-4.0,0.0,4.0,1.9571055090596226,-2.4120580426751324,-4.0,-4.0,2,2.8094228040849007e-05,0.6030145106687831,0.6030145106687831,0.3969854893312169,0.3969854893312169
s063a__tu,float64,0.0,0.0,171410.63999999998,171410.63999999998,1814.400884192659,50.258350744677685,0.0,0.0,163,0.002289679585329194,0.0,0.9977103204146708,1.4047114020424503e-05,0.9977103204146708
s063s__tu,float64,0.0,0.0,144119.0,144119.0,853.6119311899976,8.932972510865769,0.0,0.0,36,0.0005056961047352821,0.0,0.9995083510092851,1.4047114020424503e-05,0.9995083510092851
reap01__tu,float64,0.0,0.0,18706.0,18706.0,161.29106555437986,68.61452375153112,16.49,0.0,2297,0.032266220904915086,0.0,0.4540167722541404,1.4047114020424503e-05,0.4540167722541404
mtap01__tu,float64,0.0,-4.0,25086.0,25090.0,266.4500492673296,44.0973184059335,-1.0,-1.0,1440,0.020227844189411287,0.9562432398263777,0.005815505204455744,1.4047114020424503e-05,0.0034134487069631546
us12s__tu,float64,0.0,-4.0,8.0,12.0,1.3308202955571822,-1.3113542822627091,-1.0,-1.0,12,0.00016856536824509406,0.8805292952562896,0.005815505204455744,1.4047114020424503e-05,0.0006742614729803762
us21s__tu,float64,0.0,-5.0,381.0,386.0,25.778989365736695,12.461433648456925,-1.0,-1.0,210,0.002949893944289146,0.5967073564736125,2.8094228040849007e-05,1.4047114020424503e-05,0.0008006854991641967
g223s__tu,float64,0.0,-4.0,36.0,40.0,1.9674538009639546,0.24350672154405878,0.0,0.0,33,0.0004635547626740086,0.19788169520572,0.005815505204455744,1.4047114020424503e-05,0.5839947182851283
se02s__tu,float64,0.0,-4.0,10.0,14.0,0.8092504869640201,-0.45271039065024093,-1.0,-1.0,10,0.00014047114020424503,0.5763109469159561,0.005815505204455744,1.4047114020424503e-05,0.3044711963927011
se31s__tu,float64,0.0,-4.0,100.0,104.0,26.64350458082366,6.121872761241203,-1.0,-1.0,14,0.00019665959628594306,0.880740001966596,0.005815505204455744,0.07231454297714535,0.03912121254688224
se30s__tu,float64,0.0,-4.0,100.0,104.0,30.269111150698564,8.448791245838542,-1.0,-1.0,16,0.00022475382432679206,0.880740001966596,0.005815505204455744,0.09702341653907205,0.01750270406944893
se29s__tu,float64,0.0,-4.0,10.0,14.0,1.3157500722459872,-1.366081838486283,-1.0,-1.0,12,0.00016856536824509406,0.880740001966596,0.005815505204455744,1.4047114020424503e-05,0.0003792720785514616
se28s__tu,float64,0.0,0.0,317078.7375724249,317078.7375724249,3723.5468105370664,623.8343787853611,0.0,0.0,4803,0.06746828864009889,0.0,0.8811192740451474,1.4047114020424503e-05,0.8811192740451474
se27s__tu,float64,0.0,-6.0,4.0,10.0,1.6395498394644092,-2.1348663417100955,-1.0,-1.0,10,0.00014047114020424503,0.9870345137591482,0.10647712427481774,1.4047114020424503e-05,0.003160600654595513
se25s__tu,float64,0.0,-6.0,4.0,10.0,1.5869701937454825,-1.9571282080096644,-1.0,-1.0,10,0.00014047114020424503,0.9613282951017713,0.08079899984548175,2.8094228040849007e-05,0.0070376041242326765
se24s__tu,float64,0.0,-6.0,6.0,12.0,1.482016940337857,-1.703971119133574,-1.0,-1.0,11,0.00015451825422466955,0.9252834005253621,0.04475410526907247,1.4047114020424503e-05,0.011139361418196632
se21s__tu,float64,0.0,-5.0,455.0,460.0,27.834208417934665,14.222112966890952,-1.0,-1.0,225,0.003160600654595513,0.5763249940299765,1.4047114020424503e-05,1.4047114020424503e-05,0.0004354605346331596
se20s__tu,float64,0.0,-5.0,455.0,460.0,38.67216295766693,23.534576971161275,-1.0,-1.0,266,0.003736532329432918,0.5763249940299765,1.4047114020424503e-05,1.4047114020424503e-05,0.0003933191925718861
se12s__tu,float64,0.0,-4.0,10.0,14.0,1.315937488892812,-1.3654075770133025,-1.0,-1.0,11,0.00015451825422466955,0.8804028712301057,0.005815505204455744,1.4047114020424503e-05,0.0007164028150416497
se09s__tu,float64,0.0,-5.0,27.0,32.0,1.300850175794827,-0.21882594221017293,-1.0,-1.0,24,0.0003371307364901881,0.5763249940299765,1.4047114020424503e-05,1.4047114020424503e-05,0.20689994240683252
se06s__tu,float64,0.0,-5.0,8.0,13.0,0.715970556360518,-0.5114273272556153,-1.0,-1.0,12,0.00016856536824509406,0.5763249940299765,1.4047114020424503e-05,1.4047114020424503e-05,0.35217519560606275
se03s__tu,float64,0.0,-4.0,10.0,14.0,1.2913385510832374,-1.3803396592170138,-1.0,-1.0,12,0.00016856536824509406,0.8805152481422692,0.005815505204455744,1.4047114020424503e-05,0.011940046917360829
se01s__tu,float64,0.0,-4.0,69.0,73.0,3.037231216100751,1.2566407731531557,0.0,0.0,60,0.0008428268412254702,0.005815505204455744,0.005815505204455744,1.4047114020424503e-05,0.5708747137900518
us24s__tu,float64,0.0,-6.0,6.0,12.0,1.4888496475779673,-1.6964980544747081,-1.0,-1.0,12,0.00016856536824509406,0.9297644298978774,0.04916489907148577,1.4047114020424503e-05,0.01472137549340488
us101s__tu,float64,0.0,0.0,100767.0,100767.0,2402.382391980782,613.495146781411,0.0,0.0,8679,0.12191490258326426,0.0,0.8223882903257526,1.4047114020424503e-05,0.8223882903257526
us57s__tu,float64,0.0,0.0,23656.36,23656.36,197.6634591910397,14.784850231530855,0.0,0.0,1143,0.01605585132534521,0.0,0.979350742389976,1.4047114020424503e-05,0.979350742389976
us36s__tu,float64,0.0,-4.0,999.0,1003.0,344.72733478364336,140.98477292840187,-1.0,-1.0,88,0.0012361460337973564,0.5966792622455717,0.005815505204455744,0.13886976920591665,0.018205059770470156
us35s__tu,float64,0.0,-4.0,100767.0,100771.0,1460.0169395004716,304.0874432847771,-1.0,-1.0,4310,0.060543061428029614,0.8808242846507185,0.005815505204455744,1.4047114020424503e-05,0.0003792720785514616
us34s__tu,float64,0.0,-4.0,422.0,426.0,29.360502481706924,8.508688140021633,-1.0,-1.0,200,0.002809422804084901,0.8808242846507185,0.005815505204455744,1.4047114020424503e-05,0.0003933191925718861
us33s__tu,float64,0.0,0.0,100767.0,100767.0,1902.685920568978,394.30047478673595,0.0,0.0,6345,0.08912893845959348,0.0,0.88120355672927,1.4047114020424503e-05,0.88120355672927
us32s__tu,float64,0.0,0.0,100767.0,100767.0,1635.6384581316754,341.33450185609956,0.0,0.0,6090,0.08554692438438523,0.0,0.88120355672927,1.4047114020424503e-05,0.88120355672927
us31s__tu,float64,0.0,-4.0,100.0,104.0,27.64531576416657,6.880234305861861,-1.0,-1.0,19,0.00026689516638806556,0.8808242846507185,0.005815505204455744,0.07759625784882496,0.030510331652362024
us30s__tu,float64,0.0,-4.0,100.0,104.0,30.683344068002814,8.841197375999101,-1.0,-1.0,16,0.00022475382432679206,0.8808242846507185,0.005815505204455744,0.09972046243099356,0.013372852547444128
us29s__tu,float64,0.0,-4.0,8.0,12.0,1.3306821261982404,-1.311944261051567,-1.0,-1.0,13,0.00018261248226551856,0.8808242846507185,0.005815505204455744,1.4047114020424503e-05,0.0003792720785514616
us28s__tu,float64,0.0,0.0,100000.0,100000.0,2184.93458753129,471.86569163056066,0.0,0.0,3638,0.05110340080630434,0.0,0.88120355672927,1.4047114020424503e-05,0.88120355672927
us27s__tu,float64,0.0,-6.0,2.0,8.0,1.6426356756717022,-2.102150613156527,-1.0,-1.0,8,0.00011237691216339603,0.98808804731068,0.10747446937026787,0.0003652249645310371,0.003736532329432918
us25s__tu,float64,0.0,-6.0,4.0,10.0,1.5855129781713138,-1.9289918386267542,-1.0,-1.0,10,0.00014047114020424503,0.9628172891879363,0.0822037112475242,2.8094228040849007e-05,0.009931309612440124
inap01__tu,float64,0.0,0.0,11029.0,11029.0,345.9065603317367,225.8724498636886,0.0,0.0,4271,0.05999522398123305,0.0,0.5411369734088132,1.4047114020424503e-05,0.5411369734088132
hrap01__tu,float64,0.0,0.0,18706.0,18706.0,82.46435032304235,0.6363876633186115,0.0,0.0,51,0.0007164028150416497,0.0,0.999241455842897,1.4047114020424503e-05,0.999241455842897
hiap01__tu,float64,0.0,0.0,836.14,836.14,10.681060138610535,0.34266696259523105,0.0,0.0,112,0.0015732767702875444,0.0,0.9980755453792018,1.4047114020424503e-05,0.9980755453792018
rt35s__tu,float64,0.0,-4.0,17303.0,17307.0,399.3554877195981,86.91115200382082,-1.0,-1.0,2225,0.03125482869544452,0.8430937363918583,0.005815505204455744,1.4047114020424503e-05,0.03260335164140527
s071a__tu,float64,0.0,-4.0,96.0,100.0,3.7873649026085934,-0.18257034092345728,1.0,-4.0,48,0.0006742614729803762,0.403671915604939,0.403671915604939,1.4047114020424503e-05,0.07499754175504643
s068b__tu,float64,0.0,-4.0,28.0,32.0,3.1764943078517978,-0.5053870682268328,0.0,-4.0,23,0.0003230836224697636,0.403671915604939,0.403671915604939,1.4047114020424503e-05,0.10240346120889464
s068a__tu,float64,0.0,0.0,124.0,124.0,3.346223208539397,2.0606694854542136,1.0,0.0,59,0.0008287797272050457,0.0,0.4040511876834904,1.4047114020424503e-05,0.4040511876834904
s064b__tu,float64,0.0,0.0,78968.0,78968.0,2718.4297905950734,1192.0585326291794,0.0,0.0,14116,0.1982890615123123,0.0,0.506089423927854,1.4047114020424503e-05,0.506089423927854
s064a__tu,float64,0.0,0.0,196031.0,196031.0,4098.699224005232,1810.471667680966,394.78999999999996,0.0,17353,0.24375956959642642,0.0,0.40406523479751083,1.4047114020424503e-05,0.40406523479751083
s062s__tu,float64,0.0,-4.0,999.0,1003.0,333.2256342629886,133.73495905266262,1.0,1.0,89,0.001250193147817781,0.005815505204455744,0.005815505204455744,0.1289946480495582,0.3039655002879658
s061s__tu,float64,0.0,-4.0,999.0,1003.0,310.25457708041955,113.75996291561898,1.0,1.0,88,0.0012361460337973564,0.005815505204455744,0.005815505204455744,0.10924440573684137,0.3135315849358749
s043s__tu,float64,0.0,-5.0,28.0,33.0,2.644831889787186,-0.34658444422593376,0.0,-3.0,29,0.0004073663065923106,0.4910590119259998,0.013471182345587099,1.4047114020424503e-05,0.1384904971273652
s004s__tu,float64,0.0,-5.0,532.0,537.0,34.61561716009341,59.49761901417354,55.0,54.0,321,0.004509123600556266,0.005829552318476169,1.4047114020424503e-05,1.4047114020424503e-05,0.0005478374467965556
rt201s__tu,float64,0.0,0.0,45402.79,45402.79,775.928415168887,234.36329573245027,0.0,0.0,6234,0.08756970880332636,0.0,0.7821152144291955,1.4047114020424503e-05,0.7821152144291955
rt101s__tu,float64,0.0,0.0,52071.54,52071.54,1035.7609546945428,277.19096873009204,0.0,0.0,6813,0.09570298782115215,0.0,0.8075264436921434,1.4047114020424503e-05,0.8075264436921434
rt57s__tu,float64,0.0,0.0,4248.599999999999,4248.599999999999,53.67908871454797,5.695319353527126,0.0,0.0,892,0.012530025706218657,0.0,0.9685906530503308,1.4047114020424503e-05,0.9685906530503308
rt36s__tu,float64,0.0,-4.0,999.0,1003.0,343.7243098059155,145.36580089620588,0.0,-1.0,86,0.0012080518057565072,0.44311621177429095,0.005815505204455744,0.13926308839848853,0.0687887173580188
rt34s__tu,float64,0.0,-5.0,999.0,1004.0,31.502806805727147,7.695023107502563,-1.0,-1.0,321,0.004509123600556266,0.8431639719619605,7.023557010212251e-05,1.4047114020424503e-05,0.03294048237789546
atap01__tu,float64,0.0,0.0,586786.3973318078,586786.3973318078,5458.676480918687,707.3378378906256,145.5,0.0,7327,0.10292320442765034,0.0,0.28196771973198104,1.4047114020424503e-05,0.28196771973198104
rt33s__tu,float64,0.0,0.0,22742.62,22742.62,643.0986666462991,138.81186939606135,0.0,0.0,4720,0.06630237817640366,0.0,0.8756970880332635,1.4047114020424503e-05,0.8756970880332635
rt32s__tu,float64,0.0,0.0,17303.0,17303.0,507.564149223614,113.43483735308985,0.0,0.0,4294,0.06031830760370282,0.0,0.8756970880332635,1.4047114020424503e-05,0.8756970880332635
rt31s__tu,float64,0.0,-5.0,100.0,105.0,23.79980383787881,4.7426990124878845,-1.0,-1.0,47,0.0006602143589599517,0.8431639719619605,7.023557010212251e-05,0.052437876638244674,0.08064448159125708
rt30s__tu,float64,0.0,-5.0,100.0,105.0,27.49480944924104,6.913483824748205,-1.0,-1.0,48,0.0006742614729803762,0.8431639719619605,7.023557010212251e-05,0.07310118136228912,0.05904002022784419
rt29s__tu,float64,0.0,-4.0,18.0,22.0,1.529157460513349,-1.4620095801317619,-1.0,-1.0,18,0.00025284805236764106,0.8430937363918583,0.005815505204455744,1.4047114020424503e-05,0.03260335164140527
rt28s__tu,float64,0.0,0.0,62080.0,62080.0,1210.245733468636,276.3351377443116,0.0,0.0,2441,0.03428900532385622,0.0,0.8435432440405118,1.4047114020424503e-05,0.8435432440405118
rt27s__tu,float64,0.0,-6.0,21.0,27.0,1.7511219397950335,-2.0906600738878196,-1.0,-1.0,18,0.00025284805236764106,0.9298065712399387,0.08890418463526668,1.4047114020424503e-05,0.010184157664807765
rt25s__tu,float64,0.0,-6.0,23.0,29.0,1.718821662274217,-1.8338647824804395,-1.0,-1.0,22,0.0003090365084493391,0.8945764092767141,0.05417971877677731,1.4047114020424503e-05,0.016940819508631952
rt24s__tu,float64,0.0,-6.0,24.0,30.0,1.676192021627545,-1.629184284088834,-1.0,-1.0,22,0.0003090365084493391,0.8670159715686412,0.026984506033235472,1.4047114020424503e-05,0.021435895995167792
rt21s__tu,float64,0.0,-5.0,567.0,572.0,35.203794499218205,23.917051791709394,6.0,-1.0,303,0.004256275548188625,0.44320049445841353,8.428268412254703e-05,1.4047114020424503e-05,0.0019946901909002794
rt20s__tu,float64,0.0,-5.0,775.0,780.0,54.658192938303955,42.04853277894057,19.0,-1.0,435,0.006110494598884659,0.44320049445841353,8.428268412254703e-05,1.4047114020424503e-05,0.0009411566393684417
rt12s__tu,float64,0.0,-4.0,23.0,27.0,1.6712986870628617,-1.3689755439744904,-1.0,-1.0,24,0.0003371307364901881,0.8294118473359648,0.005815505204455744,1.4047114020424503e-05,0.014061161134444928
rt09s__tu,float64,0.0,-5.0,20.0,25.0,1.1760439767565205,-0.11233477082133475,0.0,-1.0,22,0.0003090365084493391,0.44320049445841353,8.428268412254703e-05,1.4047114020424503e-05,0.3440840579302982
s071b__tu,float64,0.0,-4.0,15.0,19.0,2.8286514456370737,-0.9122898200564694,-1.0,-4.0,17,0.00023880093834721656,0.5056961047352821,0.403671915604939,1.4047114020424503e-05,0.07456208122041326
s073a__tu,float64,0.0,-5.0,119.0,124.0,4.278209833161407,-0.19451038784081812,1.0,-4.0,54,0.0007585441571029232,0.4497183553638905,0.04604643975895152,1.4047114020424503e-05,0.04363033614743851
s073b__tu,float64,0.0,-5.0,28.0,33.0,3.1337246192959562,-0.9164899071485764,-1.0,-4.0,24,0.0003371307364901881,0.5365857084661956,0.030889603730913484,1.4047114020424503e-05,0.039753332677801345
s114s__tu,float64,0.0,-4.0,31.0,35.0,2.0555015418805347,1.255095590610909,1.0,1.0,28,0.0003933191925718861,0.14638497520684376,0.006068353256823386,1.4047114020424503e-05,0.25508154349688855
st101s__tu,float64,0.0,0.0,889868.2999999999,889868.2999999999,31359.24696744468,10745.968774136674,0.0,0.0,18002,0.2528761465956819,0.0,0.7227380634648611,1.4047114020424503e-05,0.7227380634648611
st99s__tu,float64,0.0,0.0,466774.84275011986,466774.84275011986,15685.766428724019,3169.336043173765,0.0,0.0,7394,0.10386436106701878,0.0,0.8922024470072624,1.4047114020424503e-05,0.8922024470072624
st60s__tu,float64,0.0,0.0,1.0,1.0,0.09790262295981532,0.009678461560072482,0.0,0.0,2,2.8094228040849007e-05,0.0,0.9903215384399275,0.009678461560072482,0.9903215384399275
st57s__tu,float64,0.0,0.0,79002.91764771006,79002.91764771006,391.3902665329676,13.902518286565638,0.0,0.0,481,0.0067566618438241865,0.0,0.992920254533706,1.4047114020424503e-05,0.992920254533706
st50s__tu,float64,0.0,-4.0,999.0,1003.0,68.91920948851008,13.631768953068592,-1.0,-1.0,663,0.009313236595541447,0.6237480509629296,0.005815505204455744,0.0009271095253480172,0.1938220792538173
st45s__tu,float64,0.0,-4.0,582.0,586.0,54.759561940241426,24.147227802048068,-1.0,-1.0,377,0.005295761985700038,0.7655677141131355,0.005815505204455744,1.4047114020424503e-05,0.0003792720785514616
st36s__tu,float64,0.0,-4.0,999.0,1003.0,361.91002569675095,161.52918287937743,-1.0,-1.0,88,0.0012361460337973564,0.6237480509629296,0.005815505204455744,0.1571310174324685,0.02049473935579935
st35s__tu,float64,0.0,-5.0,670175.0,670180.0,17895.19497272941,4193.9236679824135,-1.0,-1.0,11254,0.15808622118585736,0.7483459523240951,2.8094228040849007e-05,1.4047114020424503e-05,0.0003792720785514616
st34s__tu,float64,0.0,-5.0,999.0,1004.0,53.687441256762746,28.234151343606456,-1.0,-1.0,330,0.004635547626740086,0.7483880936661563,7.023557010212251e-05,1.4047114020424503e-05,0.0003792720785514616
st33s__tu,float64,0.0,0.0,889868.2999999999,889868.2999999999,30528.223130494152,10021.850015017311,0.0,0.0,16366,0.22989506805826743,0.0,0.7487252244026464,1.4047114020424503e-05,0.7487252244026464
st32s__tu,float64,0.0,0.0,670175.0,670175.0,21460.638562145425,5695.367093368839,0.0,0.0,14427,0.20265771397266433,0.0,0.7487252244026464,1.4047114020424503e-05,0.7487252244026464
st31s__tu,float64,0.0,-5.0,100.0,105.0,43.08234244438895,23.034766607200552,-1.0,-1.0,47,0.0006602143589599517,0.7483880936661563,7.023557010212251e-05,0.23266234952029105,0.007529253114947534
st30s__tu,float64,0.0,-5.0,100.0,105.0,43.528685068226466,23.573332958743627,-1.0,-1.0,42,0.0005899787888578291,0.7483880936661563,7.023557010212251e-05,0.2419755861158325,0.003919144811698436
st29s__tu,float64,0.0,-5.0,50.0,55.0,3.6931259590148313,0.1765160347806543,-1.0,-1.0,45,0.0006321201309191027,0.7483459523240951,2.8094228040849007e-05,1.4047114020424503e-05,0.0003792720785514616
st28s__tu,float64,0.0,0.0,649043.0,649043.0,25035.856716209488,8394.505208677445,0.0,0.0,13603,0.19108289201983453,0.0,0.7487392715166669,1.4047114020424503e-05,0.7487392715166669
st27s__tu,float64,0.0,-6.0,45.0,51.0,3.558252861160121,-0.14019019792383655,-1.0,-1.0,44,0.0006180730168986782,0.7740943123235331,0.026057396507887454,1.4047114020424503e-05,0.003230836224697636
st25s__tu,float64,0.0,-6.0,48.0,54.0,3.617963029971309,0.02036831532961553,-1.0,-1.0,44,0.0006180730168986782,0.7603281405835172,0.012333366109932714,1.4047114020424503e-05,0.003258930452738485
st24s__tu,float64,0.0,-6.0,50.0,56.0,3.6408839438859344,0.10031044121985139,-1.0,-1.0,44,0.0006180730168986782,0.753276489345264,0.00536599755580216,1.4047114020424503e-05,0.003230836224697636
st21s__tu,float64,0.0,-4.0,556.0,560.0,55.68545530392542,29.864852716009494,-1.0,-1.0,424,0.00595597634465999,0.6237480509629296,0.005815505204455744,1.4047114020424503e-05,0.0003792720785514616
st20s__tu,float64,0.0,-4.0,582.0,586.0,80.14772511922709,51.09698127519701,-1.0,-1.0,456,0.006405483993313574,0.6237480509629296,0.005815505204455744,1.4047114020424503e-05,0.0003792720785514616
st12s__tu,float64,0.0,-4.0,50.0,54.0,3.6918757612086126,0.18077231032884294,-1.0,-1.0,43,0.0006040259028782536,0.7463372150191743,0.005815505204455744,1.4047114020424503e-05,0.0023599151554313164
st09s__tu,float64,0.0,-4.0,21.0,25.0,1.076195770850639,-0.46007107839694333,-1.0,-1.0,19,0.00026689516638806556,0.6237480509629296,0.005815505204455744,1.4047114020424503e-05,0.3035159926393122
st06s__tu,float64,0.0,-4.0,8.0,12.0,0.6497821422157483,-0.6034921125454775,-1.0,-1.0,9,0.00012642402618382053,0.6237480509629296,0.005815505204455744,1.4047114020424503e-05,0.3539872733146975
st05s__tu,float64,0.0,-4.0,13.0,17.0,0.3347838941381792,-0.9958420542499543,-1.0,-1.0,13,0.00018261248226551856,0.9874278329517201,0.005815505204455744,2.8094228040849007e-05,0.007613535799070081
st03s__tu,float64,0.0,-4.0,50.0,54.0,3.6568801522115564,0.1606849372796359,-1.0,-1.0,43,0.0006040259028782536,0.7478964446754415,0.005815505204455744,1.4047114020424503e-05,0.003230836224697636
st02s__tu,float64,0.0,-4.0,50.0,54.0,3.50959503108096,0.5553807470255236,-1.0,-1.0,42,0.0005899787888578291,0.6237480509629296,0.005815505204455744,1.4047114020424503e-05,0.1229684361347961
st01s__tu,float64,0.0,-4.0,92.0,96.0,5.941013658729917,2.8451165208107994,0.0,0.0,71,0.0009973450954501397,0.005815505204455744,0.005815505204455744,1.4047114020424503e-05,0.6183118178370254
se32s__tu,float64,0.0,0.0,304032.00767612644,304032.00767612644,3167.9973623829464,484.2716171763784,0.0,0.0,5399,0.0758403685962719,0.0,0.8811192740451474,1.4047114020424503e-05,0.8811192740451474
se33s__tu,float64,0.0,0.0,304032.00767612644,304032.00767612644,3339.0260725797493,519.7331434456535,0.0,0.0,5564,0.07815814240964195,0.0,0.8811192740451474,1.4047114020424503e-05,0.8811192740451474
se34s__tu,float64,0.0,-4.0,388.0,392.0,27.200034250343545,7.743780640267457,-1.0,-1.0,161,0.002261585357288345,0.880740001966596,0.005815505204455744,1.4047114020424503e-05,0.0004214134206127351
rets104__tu,float64,0.0,0.0,22921.0,22921.0,187.62350714605628,15.986104755059136,0.0,0.0,1387,0.019483347146328787,0.0,0.8995350405259239,1.4047114020424503e-05,0.8995350405259239
rets117__tu,float64,0.0,0.0,68668.0,68668.0,430.2037574993828,18.16478806005759,0.0,0.0,1370,0.01924454620798157,0.0,0.9058562418351149,1.4047114020424503e-05,0.9058562418351149
rets116__tu,float64,0.0,0.0,36367.24,36367.24,224.83371309054326,16.965781560960213,0.0,0.0,1413,0.019848572110859823,0.0,0.9052381688182163,1.4047114020424503e-05,0.9052381688182163
rets115__tu,float64,0.0,0.0,38674.0,38674.0,222.26879043997405,16.306670580422008,0.0,0.0,1426,0.02003118459312534,0.0,0.905491016870584,1.4047114020424503e-05,0.905491016870584
rets114__tu,float64,0.0,0.0,26140.0,26140.0,238.81979432407303,17.44699194479841,0.0,0.0,1423,0.01998904325106407,0.0,0.9051679332481142,1.4047114020424503e-05,0.9051679332481142
rets113__tu,float64,0.0,0.0,38694.27,38694.27,236.17056391606965,16.69777230071717,0.0,0.0,1414,0.019862619224880248,0.0,0.9061652783435643,1.4047114020424503e-05,0.9061652783435643
rets112__tu,float64,0.0,0.0,24331.48,24331.48,201.07247514473508,16.518182963017818,0.0,0.0,1444,0.020284032645492982,0.0,0.9058983831771763,1.4047114020424503e-05,0.9058983831771763
rets111__tu,float64,0.0,0.0,21290.53,21290.53,174.96864321705166,15.89547801474427,0.0,0.0,1385,0.019455252918287938,0.0,0.9071345292109736,1.4047114020424503e-05,0.9071345292109736
rets110__tu,float64,0.0,0.0,59485.25,59485.25,333.4388907046144,17.834933089508844,0.0,0.0,1438,0.020199749961370438,0.0,0.9056174408967678,1.4047114020424503e-05,0.9056174408967678
rets109__tu,float64,0.0,0.0,16380.39,16380.39,157.81014317056852,15.266302239918835,0.0,0.0,1399,0.01965191251457388,0.0,0.905196027476155,1.4047114020424503e-05,0.905196027476155
rets108__tu,float64,0.0,0.0,32112.82,32112.82,198.14173567852737,15.751372595449538,0.0,0.0,1412,0.0198345249968394,0.0,0.9053505457303797,1.4047114020424503e-05,0.9053505457303797
rets107__tu,float64,0.0,0.0,19216.67,19216.67,146.54664462240774,14.263943700755384,0.0,0.0,1331,0.018696708761185014,0.0,0.9039598814423576,1.4047114020424503e-05,0.9039598814423576
rets106__tu,float64,0.0,0.0,20624.14,20624.14,196.48100647532624,15.31534369074703,0.0,0.0,1343,0.01886527412943011,0.0,0.9033277613114385,1.4047114020424503e-05,0.9033277613114385
rets105__tu,float64,0.0,0.0,23148.079999999998,23148.079999999998,161.63386087324378,15.437537986778619,0.0,0.0,1379,0.01937097023416539,0.0,0.9011083172962115,1.4047114020424503e-05,0.9011083172962115
rets103__tu,float64,0.0,0.0,36763.0,36763.0,258.13921867345834,17.248438835095484,0.0,0.0,1416,0.019890713452921097,0.0,0.8984393656323308,2.8094228040849007e-05,0.8984393656323308
rvlr66__tu,float64,0.0,-6.0,1.0,7.0,0.7214844492901897,-0.21850285858770316,0.0,0.0,4,5.6188456081698014e-05,0.27707932405287333,0.005815505204455744,0.0876539914874489,0.6352666844596777
rets102__tu,float64,0.0,0.0,22567.05,22567.05,179.94085042374405,15.913361006025262,0.0,0.0,1390,0.01952548848839006,0.0,0.8986500723426372,1.4047114020424503e-05,0.8986500723426372
rets101__tu,float64,0.0,0.0,21096.53,21096.53,179.67284141041205,15.8044019333171,0.0,0.0,1374,0.01930073466406327,0.0,0.9007009509896192,1.4047114020424503e-05,0.9007009509896192
rvlr81__tu,object,0.0,,,,,,,noactbc,9,0.00012642402618382053,,,,
rvlr80__tu,object,0.0,,,,,,,noactbc,9,0.00012642402618382053,,,,
rvlr79__tu,object,0.0,,,,,,,noactbc,9,0.00012642402618382053,,,,
rvlr78__tu,object,0.0,,,,,,,noactbc,9,0.00012642402618382053,,,,
rvlr77__tu,float64,0.0,-6.0,5.0,11.0,0.9002092341472595,-0.08210538144938122,0.0,0.0,8,0.00011237691216339603,0.27707932405287333,0.005815505204455744,0.00025284805236764106,0.5436654539324896
rvlr76__tu,float64,0.0,-6.0,5.0,11.0,1.432555649466204,0.29300875135203475,0.0,0.0,8,0.00011237691216339603,0.27707932405287333,0.005815505204455744,0.021379707539086096,0.42006489766677435
rvlr75__tu,float64,0.0,-6.0,5.0,11.0,0.9077408628139202,-0.07575608591214934,0.0,0.0,8,0.00011237691216339603,0.27707932405287333,0.005815505204455744,0.00025284805236764106,0.5395496495245052
rvlr74__tu,float64,0.0,-6.0,5.0,11.0,1.4214478434871176,0.28123726980291897,0.0,0.0,8,0.00011237691216339603,0.27707932405287333,0.005815505204455744,0.020621163381983172,0.42488305777577995
rvlr73__tu,float64,0.0,-6.0,5.0,11.0,0.9340181889712534,-0.051566955568978355,0.0,0.0,8,0.00011237691216339603,0.27707932405287333,0.005815505204455744,0.0004354605346331596,0.5231426203486493
rvlr72__tu,float64,0.0,-6.0,5.0,11.0,1.3887688582576736,0.25047409009818933,0.0,0.0,8,0.00011237691216339603,0.27707932405287333,0.005815505204455744,0.018233153998511005,0.4364719268426302
rvlr71__tu,float64,0.0,-6.0,5.0,11.0,0.9889463957611702,-0.003877003469637163,0.0,0.0,8,0.00011237691216339603,0.27707932405287333,0.005815505204455744,0.0006040259028782536,0.49545575861439267
rets118__tu,float64,0.0,0.0,10951.0,10951.0,155.35570769178688,15.317962452928397,0.0,0.0,1403,0.01970810097065558,0.0,0.9060248072033601,1.4047114020424503e-05,0.9060248072033601
rets119__tu,float64,0.0,0.0,47697.81,47697.81,276.91509818276563,16.63749922779623,0.0,0.0,1388,0.019497394260349212,0.0,0.9054629226425431,1.4047114020424503e-05,0.9054629226425431
rets120__tu,float64,0.0,0.0,27092.485053695975,27092.485053695975,262.7945669287708,17.17805908991892,0.0,0.0,1430,0.02008737304920704,0.0,0.9061793254575847,1.4047114020424503e-05,0.9061793254575847
rets121__tu,float64,0.0,0.0,27031.0,27031.0,227.64339528120664,17.18423038911776,0.0,0.0,1472,0.02067735183806487,0.0,0.9073873772633413,1.4047114020424503e-05,0.9073873772633413
revs111__tu,float64,0.0,0.0,29685.0,29685.0,402.5785216430163,97.37849559839097,0.0,0.0,3653,0.05131410751661071,0.0,0.705558443017882,1.4047114020424503e-05,0.705558443017882
revs110__tu,float64,0.0,0.0,19234.20635125659,19234.20635125659,384.1890956693701,98.51577280170306,0.0,0.0,3643,0.05117363637640647,0.0,0.6992653359367318,1.4047114020424503e-05,0.6992653359367318
revs109__tu,float64,0.0,0.0,17161.633944717123,17161.633944717123,373.5615049362098,98.91274032570495,0.0,0.0,3678,0.051665285367121325,0.0,0.6947281181081347,1.4047114020424503e-05,0.6947281181081347
revs108__tu,float64,0.0,0.0,14021.994556592977,14021.994556592977,360.1332022440673,98.14187821789466,0.0,0.0,3668,0.05152481422691708,0.0,0.690373512761803,1.4047114020424503e-05,0.690373512761803
revs107__tu,float64,0.0,0.0,17329.03817765804,17329.03817765804,346.69407266152405,96.7115062119278,0.0,0.0,3653,0.05131410751661071,0.0,0.6854570228546545,1.4047114020424503e-05,0.6854570228546545
revs106__tu,float64,0.0,0.0,24300.0,24300.0,366.7999429988576,99.79841176520205,0.0,0.0,3690,0.05183385073536642,0.0,0.6793605753697903,1.4047114020424503e-05,0.6793605753697903
revs105__tu,float64,0.0,0.0,21517.0,21517.0,378.5480630455395,103.38286538403977,0.0,0.0,3780,0.053098090997204625,0.0,0.6719577462810266,1.4047114020424503e-05,0.6719577462810266
revs104__tu,float64,0.0,0.0,17273.76,17273.76,375.13894168755064,106.24842248675759,0.0,0.0,3860,0.05422186011883858,0.0,0.6642037393417523,1.4047114020424503e-05,0.6642037393417523
revs103__tu,float64,0.0,0.0,15442.0,15442.0,370.4918463165302,108.68160898687522,0.0,0.0,3935,0.055275393670370425,0.0,0.6572644650156625,1.4047114020424503e-05,0.6572644650156625
revs102__tu,float64,0.0,0.0,14959.34,14959.34,368.8479079008143,110.62111155328533,0.0,0.0,3915,0.05499445138996193,0.0,0.6512803944429617,1.4047114020424503e-05,0.6512803944429617
revs101__tu,float64,0.0,0.0,16360.25368121932,16360.25368121932,372.93888330300894,112.02088272546098,0.0,0.0,3980,0.05590751380128953,0.0,0.6513787242411047,1.4047114020424503e-05,0.6513787242411047
walsrts2__tu,float64,0.0,-9.0,100.0,109.0,28.75235062942429,8.365295200101139,-1.0,-1.0,105,0.001474946972144573,0.877930579162511,0.014342103414853419,0.07220216606498195,0.0004073663065923106
walsrts1__tu,float64,0.0,-9.0,100.0,109.0,28.67358213066945,7.5231988088047315,-1.0,-1.0,86,0.0012080518057565072,0.9003216789110677,0.036733203163410076,0.07554537920184298,0.0003792720785514616
rtdexq4__tu,float64,0.0,-9.0,100.0,109.0,17.238082597945123,3.4564750172077146,-1.0,-1.0,105,0.001474946972144573,0.85803986570959,0.022545618002781327,0.010703900883563471,0.015213024484119738
rtdexq3__tu,float64,0.0,-9.0,100.0,109.0,15.547025409888315,2.5846268384160473,-1.0,-1.0,105,0.001474946972144573,0.8693477924960317,0.022503476660720056,0.00891991740296956,0.01827529534057228
rtdexq2__tu,float64,0.0,-9.0,100.0,109.0,16.77585248570305,3.18464931379848,-1.0,-1.0,105,0.001474946972144573,0.8589107867788562,0.024189130343170995,0.01116745564623748,0.01812077708634761
rtdexq1__tu,float64,0.0,-9.0,100.0,109.0,16.256163013481032,2.993257385270196,-1.0,-1.0,105,0.001474946972144573,0.8558063745803425,0.021997780555984774,0.01057747685737965,0.016912725280591102
rtdex02__tu,float64,0.0,-9.0,999.0,1008.0,87.04113912330646,11.375001755889253,-1.0,-1.0,639,0.008976105859051257,0.9188779165320485,0.07801767126943769,0.004495076486535841,0.009973450954501398
rtdex01__tu,float64,0.0,-9.0,999.0,1008.0,96.48053464897941,16.92751689165461,-1.0,-1.0,701,0.009847026928317577,0.8637289468878618,0.08412816586832235,0.005225526415597916,0.01481970529154785
rets905__tu,float64,0.0,-9.0,12.0,21.0,4.040532387226922,-0.23431990897470115,-1.0,-1.0,17,0.00023880093834721656,0.8186236637682788,0.039022882748739274,0.02341653907204765,0.0003792720785514616
rets904__tu,float64,0.0,0.0,59485.25,59485.25,660.8899400288791,99.04361499869682,0.0,0.0,3612,0.05073817584177331,0.0,0.8190029358468303,1.4047114020424503e-05,0.8190029358468303
rets903__tu,float64,0.0,0.0,81092.97,81092.97,987.3307700627408,191.23540081041733,0.0,0.0,5472,0.07686580791976289,0.0,0.8190029358468303,1.4047114020424503e-05,0.8190029358468303
rets902__tu,float64,0.0,0.0,37441.03,37441.03,578.9137763527665,95.70518820702263,0.0,0.0,3775,0.053027855427102505,0.0,0.8512972509797863,2.8094228040849007e-05,0.8512972509797863
rets901__tu,float64,0.0,0.0,37441.03,37441.03,391.3069749040514,48.966201774437856,0.0,0.0,2618,0.036775344505471354,0.0,0.8732247959656688,2.8094228040849007e-05,0.8732247959656688
rets124__tu,float64,0.0,0.0,32248.62,32248.62,236.5683060648418,16.58605631621188,0.0,0.0,1409,0.019792383654778124,0.0,0.911152003820815,1.4047114020424503e-05,0.911152003820815
rets123__tu,float64,0.0,0.0,33543.57,33543.57,255.79137773036632,16.55976722489876,0.0,0.0,1413,0.019848572110859823,0.0,0.9095084914804253,1.4047114020424503e-05,0.9095084914804253
rets122__tu,float64,0.0,0.0,34047.97,34047.97,328.7581868664064,19.344936707896533,0.0,0.0,1455,0.020438550899717654,0.0,0.9085813819550773,1.4047114020424503e-05,0.9085813819550773
rvlr70__tu,float64,0.0,-6.0,5.0,11.0,1.3212711910252741,0.1939906446220624,0.0,0.0,8,0.00011237691216339603,0.27707932405287333,0.005815505204455744,0.013527370801668798,0.45594122687493854
rvlr65__tu,float64,0.0,-6.0,1.0,7.0,0.7597561925052132,-0.17790669906867634,0.0,0.0,4,5.6188456081698014e-05,0.27707932405287333,0.005815505204455744,0.12825015100647572,0.594670524940651
se35s__tu,float64,0.0,-4.0,281504.0,281508.0,2865.3886659178456,438.0828358313784,-1.0,-1.0,4258,0.059812611498967536,0.880740001966596,0.005815505204455744,1.4047114020424503e-05,0.0003792720785514616
jt44s__tu,float64,0.0,0.0,149008.49,149008.49,3011.92064262167,566.2142381058133,0.0,0.0,4458,0.06262203430305244,0.0,0.9140176150809816,2.8094228040849007e-05,0.9140176150809816
au207s__tu,float64,0.0,-4.0,7.0,11.0,0.7637774369489625,-0.07012319318995912,0.0,0.0,9,0.00012642402618382053,0.24749610192585933,0.005815505204455744,1.4047114020424503e-05,0.5838823413729649
au206s__tu,float64,0.0,-4.0,5.0,9.0,0.665706286052137,-0.15361923892736237,0.0,0.0,8,0.00011237691216339603,0.24749610192585933,0.005815505204455744,2.8094228040849007e-05,0.6507185098821447
au205s__tu,float64,0.0,-4.0,10.0,14.0,0.9543253137864219,0.14337889280647292,0.0,0.0,11,0.00015451825422466955,0.24297293121128263,0.005815505204455744,1.4047114020424503e-05,0.43680905757912036
au204s__tu,float64,0.0,-4.0,11.0,15.0,1.1615161163874808,0.4156821980924019,0.0,1.0,12,0.00016856536824509406,0.24297293121128263,0.005815505204455744,1.4047114020424503e-05,0.2813636938291028
au203s__tu,float64,0.0,-4.0,10.0,14.0,0.9787906065122124,0.18667209821742123,0.0,0.0,11,0.00015451825422466955,0.24297293121128263,0.005815505204455744,1.4047114020424503e-05,0.40121367065136465
au202s__tu,float64,0.0,-4.0,11.0,15.0,1.2059580656374558,0.4990799140316622,1.0,1.0,12,0.00016856536824509406,0.24297293121128263,0.005815505204455744,1.4047114020424503e-05,0.23306971582688338
au201s__tu,float64,0.0,-4.0,10.0,14.0,1.0247284377496428,0.26759752208908677,0.0,0.0,11,0.00015451825422466955,0.24297293121128263,0.005815505204455744,1.4047114020424503e-05,0.3407548919074576
au200s__tu,float64,0.0,-4.0,11.0,15.0,1.309930909771787,0.656716627568866,1.0,1.0,12,0.00016856536824509406,0.24297293121128263,0.005815505204455744,1.4047114020424503e-05,0.166247594431724
jt80s__tu,float64,0.0,-5.0,13.0,18.0,1.51056796003011,-1.9987357597381619,-1.0,-1.0,15,0.00021070671030636756,0.9616654258382615,0.12523002149208445,1.4047114020424503e-05,0.0177134107797553
jt75s__tu,float64,0.0,-4.0,9.0,13.0,1.012955775192009,-0.3191363834300243,-1.0,-1.0,12,0.00016856536824509406,0.5642866173144727,0.005815505204455744,4.2141342061273514e-05,0.24477096180589697
jt70s__tu,float64,0.0,-5.0,100.0,105.0,22.693847423927146,4.582519771312984,-1.0,-1.0,104,0.0014608998581241484,0.7556364045006954,0.1913497871862226,0.03000463554762674,0.1585778701765722
jt53s__tu,float64,0.0,-5.0,5.0,10.0,1.8407246186246273,-2.3314135610838753,-1.0,-1.0,9,0.00012642402618382053,0.982960850693225,0.30898031999325737,1.4047114020424503e-05,0.0017699363665734874
jt51s__tu,float64,0.0,-4.0,999.0,1003.0,349.6434302095377,148.0542078130048,-1.0,-1.0,91,0.00127828737585863,0.5642866173144727,0.005815505204455744,0.14424981387573924,0.025074098526457738
jt42s__tu,float64,0.0,-4.0,100.0,104.0,22.64921014285446,6.984379609209288,-1.0,-1.0,58,0.0008147326131846212,0.6528958125553105,0.005815505204455744,0.04073663065923106,0.18515500990321537
rvlr64__tu,float64,0.0,-6.0,1.0,7.0,0.7931353998046721,-0.13853263846942646,0.0,0.0,4,5.6188456081698014e-05,0.27707932405287333,0.005815505204455744,0.1676242116057256,0.555296464341401
jt41s__tu,float64,0.0,-4.0,57.0,61.0,2.4559443099348117,0.45738807961904226,-1.0,-1.0,41,0.0005759316748374046,0.5642866173144727,0.005815505204455744,1.4047114020424503e-05,0.018064588630265912
jt40s__tu,float64,0.0,-4.0,11.0,15.0,0.7086631529209788,-0.5177344814507859,-1.0,-1.0,14,0.00019665959628594306,0.5642866173144727,0.005815505204455744,1.4047114020424503e-05,0.38834651420865585
jt34s__tu,float64,0.0,-5.0,381.0,386.0,30.10526425623049,10.384764500133448,-1.0,-1.0,183,0.002570621865737684,0.840073606877467,4.2141342061273514e-05,1.4047114020424503e-05,0.005829552318476169
jt33s__tu,float64,0.0,0.0,919312.0,919312.0,26588.521923888708,5535.3196626239405,0.0,0.0,9678,0.13594796948966834,0.0,0.816081136130582,1.4047114020424503e-05,0.816081136130582
jt28s__tu,float64,0.0,0.0,908145.0,908145.0,28250.636951853856,6096.093398595696,0.0,0.0,7914,0.11116886035763952,0.0,0.8404528789560185,1.4047114020424503e-05,0.8404528789560185
jt21s__tu,float64,0.0,-5.0,458.0,463.0,39.62762119295694,23.150051271966174,-1.0,-1.0,316,0.004438888030454143,0.5643147115425136,2.8094228040849007e-05,1.4047114020424503e-05,0.0004214134206127351
jt20s__tu,float64,0.0,-5.0,646.0,651.0,55.57646522885838,36.46330191462164,-1.0,-1.0,387,0.005436233125904283,0.5643147115425136,2.8094228040849007e-05,1.4047114020424503e-05,0.0003933191925718861
jt03s__tu,float64,0.0,-4.0,14.0,18.0,1.3503831414084895,-1.2429588840972623,-1.0,-1.0,15,0.00021070671030636756,0.839441486746548,0.005815505204455744,1.4047114020424503e-05,0.02857182991754344
jt02s__tu,float64,0.0,-4.0,14.0,18.0,0.9170628944069371,-0.3757041115902738,-1.0,-1.0,13,0.00018261248226551856,0.5642866173144727,0.005815505204455744,1.4047114020424503e-05,0.27376420514405314
jt01s__tu,float64,0.0,-4.0,67.0,71.0,2.3068948752138,1.1027967804014664,0.0,0.0,41,0.0005759316748374046,0.005815505204455744,0.005815505204455744,2.8094228040849007e-05,0.5588503841885685
se101s__tu,float64,0.0,0.0,304032.00767612644,304032.00767612644,3562.8800603624964,687.6382488671239,0.0,0.0,7635,0.10724971554594108,0.0,0.8336400286561126,1.4047114020424503e-05,0.8336400286561126
se57s__tu,float64,0.0,0.0,14352.0,14352.0,110.23839727458692,6.669214303124527,0.0,0.0,742,0.010422958603154982,0.0,0.9861074042338002,2.8094228040849007e-05,0.9861074042338002
se36s__tu,float64,0.0,-4.0,999.0,1003.0,372.86791944652344,171.27928472095408,-1.0,-1.0,89,0.001250193147817781,0.5763109469159561,0.005815505204455744,0.16855132113107363,0.008428268412254702
g400s__tu,float64,0.0,-4.0,3.0,7.0,0.5641333735910596,-0.7930579162511062,-1.0,-1.0,6,8.428268412254703e-05,0.8124850749413532,0.006068353256823386,0.00016856536824509406,0.15273427074407564
g401s__tu,float64,0.0,-4.0,5.0,9.0,0.64732859976635,-0.7606652713200073,-1.0,-1.0,8,0.00011237691216339603,0.8124850749413532,0.006068353256823386,1.4047114020424503e-05,0.1273230414811277
g402s__tu,float64,0.0,-4.0,10.0,14.0,0.8119900415484416,-0.6911461040329264,-1.0,-1.0,12,0.00016856536824509406,0.8124850749413532,0.006068353256823386,1.4047114020424503e-05,0.0802511623986852
g403s__tu,float64,0.0,-4.0,13.0,17.0,0.8215452618584792,0.2656449732402478,0.0,0.0,15,0.00021070671030636756,0.006068353256823386,0.006068353256823386,1.4047114020424503e-05,0.8067959937630814
rvlr63__tu,float64,0.0,-6.0,1.0,7.0,0.8225884818023401,-0.10011378162356543,0.0,0.0,4,5.6188456081698014e-05,0.27707932405287333,0.005815505204455744,0.20604306845158663,0.51687760749554
rvlr62__tu,float64,0.0,-6.0,1.0,7.0,0.8498620116780804,-0.0608240037084381,0.0,0.0,4,5.6188456081698014e-05,0.27707932405287333,0.005815505204455744,0.24533284636671396,0.4775878295804127
rvlr61__tu,float64,0.0,-6.0,1.0,7.0,0.8756101392144677,-0.01970810097065558,0.0,0.0,4,5.6188456081698014e-05,0.27707932405287333,0.005815505204455744,0.28644874910449647,0.4364719268426302
g208b__tu,float64,0.0,-5.0,100.0,105.0,49.74137144595743,47.75602972369327,43.0,100.0,103,0.001446852744103724,0.35336920029779884,0.34755369509334305,0.4372304709997331,0.07759625784882496
g207b__tu,float64,0.0,0.0,52165.63,52165.63,569.074116015557,336.80275046079856,101.85,0.0,5929,0.08328533902709688,0.0,0.34973099776650884,1.4047114020424503e-05,0.34973099776650884
g206b__tu,float64,0.0,0.0,51750.47,51750.47,362.8479524295006,95.10587093779547,0.0,0.0,3164,0.04444506876062313,0.0,0.8487687704561098,1.4047114020424503e-05,0.8487687704561098
g205b__tu,float64,0.0,0.0,25606.0,25606.0,414.60606796931006,228.73334591734496,33.949999999999996,0.0,4860,0.06826897413926308,0.0,0.43083903412043995,1.4047114020424503e-05,0.43083903412043995
g200b__tu,float64,0.0,-5.0,100.0,105.0,50.254086133446016,60.01901979238365,100.0,100.0,102,0.0014328056300832994,0.35336920029779884,0.34755369509334305,0.5781370717386113,0.018205059770470156
g199b__tu,float64,0.0,0.0,52165.63,52165.63,561.5576645308511,327.2414200432021,88.56223936229101,0.0,5872,0.08248465352793269,0.0,0.371574260068269,1.4047114020424503e-05,0.371574260068269
reap02__tu,float64,0.0,0.0,18706.0,18706.0,109.59607941844973,14.618363411253343,0.0,0.0,766,0.01076008933964517,0.0,0.8986922136846984,1.4047114020424503e-05,0.8986922136846984
hrap02__tu,float64,0.0,0.0,18706.0,18706.0,81.99122887049057,0.5352664191109018,0.0,0.0,37,0.0005197432187557066,0.0,0.9994662096672239,1.4047114020424503e-05,0.9994662096672239
us51a__tu,float64,0.0,-5.0,912.0,917.0,17.467766244384773,7.211352877551307,-1.0,-1.0,135,0.001896360392757308,0.6336512663473289,0.03697200410175729,1.4047114020424503e-05,0.0003792720785514616
g418s__tu,float64,0.0,-4.0,24.0,28.0,1.8345776773878935,0.23277472643245445,0.0,0.0,27,0.0003792720785514616,0.026057396507887454,0.006068353256823386,0.00018261248226551856,0.911713888381632
g417s__tu,float64,0.0,-4.0,24.0,28.0,5.574190342639867,2.998918372220427,0.0,0.0,27,0.0003792720785514616,0.1601090056047985,0.006068353256823386,0.0022194440152270714,0.3910154658725365
g416s__tu,float64,0.0,-4.0,24.0,28.0,3.331942084909063,0.849738021323519,0.0,0.0,27,0.0003792720785514616,0.05197432187557066,0.006068353256823386,0.0007725912711233477,0.8010928654707891
g415s__tu,float64,0.0,-4.0,35.0,39.0,1.898958867245637,2.2766860048603013,2.0,1.0,29,0.0004073663065923106,0.006068353256823386,0.006068353256823386,1.4047114020424503e-05,0.02036831532961553
g414s__tu,float64,0.0,-4.0,17.0,21.0,1.3466003057360114,1.7081290648836196,1.0,1.0,19,0.00026689516638806556,0.026057396507887454,0.006068353256823386,2.8094228040849007e-05,0.008119231903805363
g413s__tu,float64,0.0,-4.0,10.0,14.0,1.0109247185273218,1.3953700712188681,1.0,1.0,13,0.00018261248226551856,0.026057396507887454,0.006068353256823386,4.2141342061273514e-05,0.01481970529154785
g412s__tu,float64,0.0,-4.0,6.0,10.0,0.8175806329554841,1.2155389175293936,1.0,1.0,9,0.00012642402618382053,0.026057396507887454,0.006068353256823386,0.00021070671030636756,0.019188357751899872
g411s__tu,float64,0.0,-4.0,46.0,50.0,2.9650833523439957,2.5474581747180043,2.0,0.0,40,0.0005618845608169801,0.006068353256823386,0.006068353256823386,1.4047114020424503e-05,0.23299948025678124
g410s__tu,float64,0.0,-4.0,27.0,31.0,2.1765268469382435,1.2866454087007824,1.0,1.0,27,0.0003792720785514616,0.23868856143505318,0.006068353256823386,1.4047114020424503e-05,0.12150753627667196
g409s__tu,float64,0.0,-4.0,20.0,24.0,1.5632812495386343,0.679220104229586,1.0,1.0,20,0.00028094228040849006,0.23868856143505318,0.006068353256823386,1.4047114020424503e-05,0.25169618901796625
g408s__tu,float64,0.0,-4.0,14.0,18.0,1.2340912847701364,0.364592844400118,0.0,0.0,17,0.00023880093834721656,0.23868856143505318,0.006068353256823386,2.8094228040849007e-05,0.3555184087429238
g407s__tu,float64,0.0,-4.0,31.0,35.0,2.194539481627193,1.797946311930214,1.0,0.0,30,0.0004214134206127351,0.006068353256823386,0.006068353256823386,1.4047114020424503e-05,0.29850117293402073
g406s__tu,float64,0.0,-4.0,20.0,24.0,1.7281471166333104,0.7801907598083974,1.0,1.0,22,0.0003090365084493391,0.3041902541122926,0.006068353256823386,1.4047114020424503e-05,0.11913357400722022
g405s__tu,float64,0.0,-4.0,13.0,17.0,1.3109142245703207,0.3937967944485805,0.0,1.0,15,0.00021070671030636756,0.3041902541122926,0.006068353256823386,1.4047114020424503e-05,0.22318054755650452
g404s__tu,float64,0.0,-4.0,11.0,15.0,1.1116840147643678,0.21011673151750973,0.0,1.0,12,0.00016856536824509406,0.3041902541122926,0.006068353256823386,1.4047114020424503e-05,0.29358468302687213
rt06s__tu,float64,0.0,-5.0,9.0,14.0,0.695365204202766,-0.39088904184635265,0.0,0.0,12,0.00016856536824509406,0.44320049445841353,8.428268412254703e-05,1.4047114020424503e-05,0.4990799140316622
rt03s__tu,float64,0.0,-4.0,24.0,28.0,1.6124903417111975,-1.4219612580595318,-1.0,-1.0,24,0.0003371307364901881,0.8395679107727317,0.005815505204455744,1.4047114020424503e-05,0.022700136257006
rt02s__tu,float64,0.0,-4.0,25.0,29.0,1.0996703751206869,-0.18882130666254618,0.0,-1.0,23,0.0003230836224697636,0.44311621177429095,0.005815505204455744,1.4047114020424503e-05,0.38667490764022533
hr32s__tu,float64,0.0,0.0,66203.47,66203.47,718.0458046623824,14.450525639429674,0.0,0.0,39,0.0005478374467965556,0.0,0.999438115439183,1.4047114020424503e-05,0.999438115439183
in20s__tu,float64,0.0,-4.0,678.0,682.0,66.48930698119015,98.00786638385144,94.0,-1.0,459,0.006447625335374847,0.08092542387166557,0.005815505204455744,1.4047114020424503e-05,0.0004354605346331596
in12s__tu,float64,0.0,-4.0,52.0,56.0,4.2400886659205685,0.7079464524013541,1.0,-3.0,43,0.0006040259028782536,0.4295888409726222,0.005815505204455744,1.4047114020424503e-05,0.002809422804084901
in09s__tu,float64,0.0,-4.0,41.0,45.0,2.5533768121765155,1.4249954346879434,1.0,0.0,41,0.0005759316748374046,0.08092542387166557,0.005815505204455744,1.4047114020424503e-05,0.3733722906628833
in06s__tu,float64,0.0,-4.0,11.0,15.0,0.8657171304054857,0.2074618269676495,0.0,0.0,14,0.00019665959628594306,0.08092542387166557,0.005815505204455744,1.4047114020424503e-05,0.7131579317029316
in03s__tu,float64,0.0,-4.0,52.0,56.0,4.134720450619939,0.5601286715644271,1.0,-3.0,44,0.0006180730168986782,0.43107783505878716,0.005815505204455744,1.4047114020424503e-05,0.04750733961707567
in02s__tu,float64,0.0,-4.0,52.0,56.0,3.5099831684745997,1.7632218460717246,1.0,0.0,42,0.0005899787888578291,0.08092542387166557,0.005815505204455744,1.4047114020424503e-05,0.3490426891795081
in01s__tu,float64,0.0,-4.0,150.0,154.0,9.267430622637955,7.896514911011533,5.0,1.0,110,0.0015451825422466954,0.005815505204455744,0.005815505204455744,1.4047114020424503e-05,0.07548919074576128
hr101s__tu,float64,0.0,0.0,100706.0,100706.0,906.2137992378102,20.99094000792997,0.0,0.0,53,0.0007444970430824987,0.0,0.9992133616148562,1.4047114020424503e-05,0.9992133616148562
hr57s__tu,float64,0.0,0.0,49811.93953205151,49811.93953205151,205.0260813359436,1.225719283572426,0.0,0.0,12,0.00016856536824509406,0.0,0.9998454817457754,1.4047114020424503e-05,0.9998454817457754
hr36s__tu,float64,0.0,-4.0,999.0,1003.0,46.02364446822551,1.1353720378148309,-1.0,-1.0,44,0.0006180730168986782,0.995799912907893,0.005815505204455744,0.0021211142170841,0.0006461672449395272
hr35s__tu,float64,0.0,-4.0,68251.0,68255.0,724.9937904365751,13.53305988284707,-1.0,-1.0,43,0.0006040259028782536,0.9990588433606316,0.005815505204455744,1.4047114020424503e-05,0.0003792720785514616
hr34s__tu,float64,0.0,-4.0,103.0,107.0,2.1508546039093708,-0.9746309120791133,-1.0,-1.0,26,0.0003652249645310371,0.9990588433606316,0.005815505204455744,2.8094228040849007e-05,0.0003792720785514616
hr33s__tu,float64,0.0,0.0,66203.47,66203.47,718.0458046623824,14.450525639429674,0.0,0.0,39,0.0005478374467965556,0.0,0.999438115439183,1.4047114020424503e-05,0.999438115439183
hr31s__tu,float64,0.0,-4.0,100.0,104.0,2.0890909701714127,-0.980839736476141,-1.0,-1.0,6,8.428268412254703e-05,0.9990588433606316,0.005815505204455744,0.0004214134206127351,0.0005197432187557066
hi101s__tu,float64,0.0,0.0,90976.3,90976.3,1033.4970054450496,35.588133186960164,0.0,0.0,162,0.0022756324713087694,0.0,0.9975277079324053,1.4047114020424503e-05,0.9975277079324053
hr30s__tu,float64,0.0,-4.0,100.0,104.0,2.2855201856500487,-0.9724114680638862,-1.0,-1.0,6,8.428268412254703e-05,0.9990588433606316,0.005815505204455744,0.0005056961047352821,0.0004354605346331596
hr29s__tu,float64,0.0,-4.0,1.0,5.0,0.2595649843452422,-1.0224191939765974,-1.0,-1.0,6,8.428268412254703e-05,0.9990588433606316,0.005815505204455744,0.0005618845608169801,0.0003792720785514616
hr28s__tu,float64,0.0,0.0,77000.0,77000.0,798.5427279823379,16.567006367473272,0.0,0.0,35,0.0004916489907148576,0.0,0.999438115439183,1.4047114020424503e-05,0.999438115439183
hr27s__tu,float64,0.0,-6.0,1.0,7.0,0.26454090744069675,-1.0234446333000884,-1.0,-1.0,7,9.832979814297153e-05,0.9991712202727949,0.00014047114020424503,0.0003230836224697636,0.0005056961047352821
hr25s__tu,float64,0.0,-4.0,1.0,5.0,0.25882725796324557,-1.0224894295466995,-1.0,-1.0,6,8.428268412254703e-05,0.9990307491325907,0.005815505204455744,0.0004354605346331596,0.0005337903327761311
hr24s__tu,float64,0.0,-4.0,1.0,5.0,0.25882725796324557,-1.0224894295466995,-1.0,-1.0,6,8.428268412254703e-05,0.9990307491325907,0.005815505204455744,0.0004354605346331596,0.0005337903327761311
hr21s__tu,float64,0.0,-4.0,311.0,315.0,8.094337652920471,-0.5942491115200382,-1.0,-1.0,153,0.002149208445124949,0.995799912907893,0.005815505204455744,1.4047114020424503e-05,0.0003792720785514616
hr20s__tu,float64,0.0,-4.0,311.0,315.0,8.454850256553893,-0.5720125300257062,-1.0,-1.0,154,0.0021632555591453734,0.995799912907893,0.005815505204455744,1.4047114020424503e-05,0.0003792720785514616
hr12s__tu,float64,0.0,-4.0,1.0,5.0,0.2595722503411864,-1.022334911292475,-1.0,-1.0,5,7.023557010212251e-05,0.9990167020185703,0.005815505204455744,0.0005618845608169801,0.0004214134206127351
hr09s__tu,float64,0.0,-4.0,2.0,6.0,0.23969935608962142,-1.0128952506707496,-1.0,-1.0,5,7.023557010212251e-05,0.995799912907893,0.005815505204455744,1.4047114020424503e-05,0.0038629563556167386
hr06s__tu,float64,0.0,-4.0,1.0,5.0,0.2375920562942827,-1.0132183342932195,-1.0,-1.0,4,5.6188456081698014e-05,0.995799912907893,0.005815505204455744,2.8094228040849007e-05,0.004171992864066078
hr03s__tu,float64,0.0,-4.0,1.0,5.0,0.25882725796324557,-1.0224894295466995,-1.0,-1.0,6,8.428268412254703e-05,0.9990307491325907,0.005815505204455744,0.0004354605346331596,0.0005337903327761311
hr02s__tu,float64,0.0,-4.0,1.0,5.0,0.24123162880580482,-1.012642402618382,-1.0,-1.0,4,5.6188456081698014e-05,0.995799912907893,0.005815505204455744,0.0006040259028782536,0.003596061189228673
in21s__tu,float64,0.0,-4.0,456.0,460.0,30.501673559648584,26.441135568697412,16.0,-1.0,283,0.003975333267780134,0.08092542387166557,0.005815505204455744,1.4047114020424503e-05,0.0009271095253480172
in24s__tu,float64,0.0,-6.0,51.0,57.0,4.2605938673970245,0.02713902428746014,0.0,-3.0,44,0.0006180730168986782,0.4877860343592409,0.05656772816024948,1.4047114020424503e-05,0.052325499726081276
in25s__tu,float64,0.0,-6.0,49.0,55.0,4.368209956643517,-0.5096573908890418,-1.0,-3.0,44,0.0006180730168986782,0.5503097388641504,0.11893691441093428,1.4047114020424503e-05,0.051763615165264294
in27s__tu,float64,0.0,-6.0,45.0,51.0,4.42281691457753,-1.2724297293121127,-3.0,-3.0,44,0.0006180730168986782,0.6428661731447274,0.21135287755130708,1.4047114020424503e-05,0.04464172835690907
lm16s__tu,float64,0.0,-4.0,456450.0,456454.0,12604.808465155518,811.1227858236525,-1.0,-1.0,323,0.004537217828597115,0.9945637668740958,0.005815505204455744,1.4047114020424503e-05,0.0003792720785514616
lm15s__tu,float64,0.0,-5.0,471535.0,471540.0,8016.689994199844,345.8176684600149,-1.0,-1.0,159,0.002233491129247496,0.9963056090126283,0.0017418421385326384,1.4047114020424503e-05,0.001334475831940328
lm14s__tu,float64,0.0,-4.0,143.0,147.0,3.1415883049316675,-0.8615516442146961,-1.0,-1.0,93,0.001306381603899479,0.9945637668740958,0.005815505204455744,1.4047114020424503e-05,0.0004495076486535841
lm13s__tu,float64,0.0,-4.0,2.0,6.0,0.3127581282316004,-0.01819101265644973,0.0,0.0,4,5.6188456081698014e-05,0.005815505204455744,0.005815505204455744,1.4047114020424503e-05,0.9891275337481914
lm12s__tu,float64,0.0,-4.0,48.0,52.0,0.9417329408374608,-0.9455393389428142,-1.0,-1.0,37,0.0005197432187557066,0.9887201674415991,0.005815505204455744,1.4047114020424503e-05,0.001390664288022026
lm11s__tu,float64,0.0,-4.0,48.0,52.0,0.9715737419833155,-0.9417325710432791,-1.0,-1.0,36,0.0005056961047352821,0.9887201674415991,0.005815505204455744,1.4047114020424503e-05,0.0010254393234909887
lm10s__tu,float64,0.0,-4.0,51.0,55.0,1.0242225001023204,-0.9356782649004762,-1.0,-1.0,37,0.0005197432187557066,0.9887201674415991,0.005815505204455744,1.4047114020424503e-05,0.0007444970430824987
lm09s__tu,float64,0.0,-4.0,999.0,1003.0,41.61024587029192,0.8794476674767169,-1.0,-1.0,78,0.0010956748935931112,0.9887201674415991,0.005815505204455744,0.001727795024512214,0.0014889940861649974
lm08s__tu,float64,0.0,-4.0,2.0,6.0,0.29415863683471805,-0.9985391001418759,-1.0,-1.0,5,7.023557010212251e-05,0.9887201674415991,0.005815505204455744,1.4047114020424503e-05,0.0036662967593307956
lm07s__tu,float64,0.0,-4.0,2.0,6.0,0.2983263080981117,-0.9977243675286912,-1.0,-1.0,5,7.023557010212251e-05,0.9887201674415991,0.005815505204455744,2.8094228040849007e-05,0.002865611260166599
lm06s__tu,float64,0.0,-4.0,2.0,6.0,0.30183106672955407,-0.99702201182767,-1.0,-1.0,5,7.023557010212251e-05,0.9887201674415991,0.005815505204455744,2.8094228040849007e-05,0.0021632555591453734
lm05s__tu,float64,0.0,-5.0,259.0,264.0,6.649811389358717,-0.5858348902218039,-1.0,-1.0,89,0.001250193147817781,0.9946761437862591,0.00595597634465999,1.4047114020424503e-05,0.0003792720785514616
lm04s__tu,float64,0.0,-4.0,703340.0,703344.0,18628.2644954356,1717.028782536628,-1.0,-1.0,675,0.00948180196378654,0.9887201674415991,0.005815505204455744,1.4047114020424503e-05,0.0003792720785514616
lm03s__tu,float64,0.0,-5.0,635030.0,635035.0,11784.770587054149,709.0669344983073,-1.0,-1.0,329,0.004621500512719662,0.9924988411130933,0.0037786736714941916,1.4047114020424503e-05,0.002528480523676411
lm02s__tu,float64,0.0,-4.0,155.0,159.0,4.8180082932415464,-0.6582899043391536,-1.0,-1.0,126,0.0017699363665734874,0.9887201674415991,0.005815505204455744,1.4047114020424503e-05,0.0005478374467965556
lm01s__tu,float64,0.0,-4.0,2.0,6.0,0.32237363725901025,-0.01231931899591229,0.0,0.0,4,5.6188456081698014e-05,0.005815505204455744,0.005815505204455744,4.2141342061273514e-05,0.9832839343156948
in101s__tu,float64,0.0,0.0,916766.4,916766.4,34466.75862893489,18224.31883028272,5453.0,0.0,37410,0.5255025355040807,0.0,0.35865091516947845,1.4047114020424503e-05,0.35865091516947845
in57s__tu,float64,0.0,0.0,79002.91764771006,79002.91764771006,1224.0307537067495,198.66867088263632,0.0,0.0,4636,0.065122420598688,0.0,0.880641672168453,1.4047114020424503e-05,0.880641672168453
in36s__tu,float64,0.0,-4.0,999.0,1003.0,354.9914287089313,158.0879489808819,2.0,1.0,89,0.001250193147817781,0.08092542387166557,0.005815505204455744,0.15102052283358383,0.08109398923991067
in35s__tu,float64,0.0,-4.0,670175.0,670179.0,14208.744567356374,6591.878099144531,1555.0,-3.0,19850,0.2788352133054264,0.4320189916981556,0.005815505204455744,1.4047114020424503e-05,0.0003792720785514616
in34s__tu,float64,0.0,-4.0,589.0,593.0,51.351977068966306,49.3943586790094,53.0,-3.0,304,0.004270322662209049,0.4320189916981556,0.005815505204455744,1.4047114020424503e-05,0.0005337903327761311
in33s__tu,float64,0.0,0.0,911628.3099999999,911628.3099999999,33385.59285859343,16320.286229325116,2200.0,0.0,33389,0.4690190900279538,0.0,0.4323982637767071,1.4047114020424503e-05,0.4323982637767071
in32s__tu,float64,0.0,0.0,670175.0,670175.0,22127.412642927124,10166.511897833916,1864.0,0.0,29703,0.417241427748669,0.0,0.4323982637767071,1.4047114020424503e-05,0.4323982637767071
in31s__tu,float64,0.0,-4.0,100.0,104.0,47.62343905850111,40.443846661703354,0.0,-3.0,58,0.0008147326131846212,0.4320189916981556,0.005815505204455744,0.334349407914144,0.10446838696989703
in30s__tu,float64,0.0,-4.0,100.0,104.0,49.623533714930986,48.189074154714916,50.0,100.0,52,0.0007304499290620742,0.4320189916981556,0.005815505204455744,0.4431864473443931,0.04781637612552501
in29s__tu,float64,0.0,-4.0,52.0,56.0,4.242043231093541,0.7030861509502873,1.0,-3.0,44,0.0006180730168986782,0.4320189916981556,0.005815505204455744,1.4047114020424503e-05,0.0003792720785514616
in28s__tu,float64,0.0,0.0,649043.0,649043.0,29705.550107080926,16728.746680627242,3395.0,0.0,31371,0.4406720139347371,0.0,0.4323982637767071,1.4047114020424503e-05,0.4323982637767071
hr01s__tu,float64,0.0,-4.0,3.0,7.0,0.3144984184568888,-0.01868266164716459,0.0,0.0,5,7.023557010212251e-05,0.005815505204455744,0.005815505204455744,5.6188456081698014e-05,0.9903636797819888
hi57s__tu,float64,0.0,0.0,19042.07,19042.07,105.37108775887259,0.9570493566136401,0.0,0.0,31,0.0004354605346331596,0.0,0.9995223981233056,1.4047114020424503e-05,0.9995223981233056
lm18s__tu,float64,0.0,-4.0,2.0,6.0,0.2664992601710598,-1.0075854415710292,-1.0,-1.0,5,7.023557010212251e-05,0.9945637668740958,0.005815505204455744,1.4047114020424503e-05,0.0010254393234909887
g241s__tu,float64,0.0,-4.0,12.0,16.0,0.7098397429504752,-0.7485988003764626,-1.0,-1.0,15,0.00021070671030636756,0.8124850749413532,0.006068353256823386,1.4047114020424503e-05,0.1273230414811277
g306s__tu,float64,0.0,-4.0,10.0,14.0,4.648942131099775,2.6687409571703493,1.0,-1.0,12,0.00016856536824509406,0.41288682240233743,0.005815505204455744,0.1896360392757308,0.007936619421539845
g305s__tu,float64,0.0,-4.0,10.0,14.0,4.086357878782714,6.405540181769656,9.0,10.0,11,0.00015451825422466955,0.08092542387166557,0.005815505204455744,0.3108766803860147,0.00255657475171726
g304s__tu,float64,0.0,-4.0,10.0,14.0,4.721342394476133,4.7692340108724665,4.0,10.0,12,0.00016856536824509406,0.1901979238365478,0.005815505204455744,0.25763811824860583,0.003652249645310371
g303s__tu,float64,0.0,-4.0,10.0,14.0,4.554124150235138,5.846858362949332,9.0,9.0,11,0.00015451825422466955,0.19958139600219135,0.005815505204455744,0.2662770933711669,0.0006321201309191027
g302s__tu,float64,0.0,-4.0,10.0,14.0,4.853826956775348,4.802862801837363,5.0,9.0,12,0.00016856536824509406,0.2740170531964208,0.005815505204455744,0.22794251920942843,0.0006742614729803762
g301s__tu,float64,0.0,-4.0,10.0,14.0,4.74195760983056,4.891626515332425,5.0,-1.0,10,0.00014047114020424503,0.2711093005941929,0.005815505204455744,0.23191785247720856,0.0005899787888578291
g300s__tu,float64,0.0,-4.0,10.0,14.0,4.837124659460712,4.2286308277964295,3.0,-1.0,11,0.00015451825422466955,0.3195016083945553,0.005815505204455744,0.20303698605121578,0.0006742614729803762
g251c__tu,float64,0.0,-4.0,67.0,71.0,4.5195184575499665,4.519040863054685,3.0,1.0,50,0.0007023557010212252,0.0003933191925718861,0.0003933191925718861,1.4047114020424503e-05,0.12171824298697832
g251b__tu,float64,0.0,-4.0,67.0,71.0,4.158725445611895,3.8051524814226916,3.0,1.0,48,0.0006742614729803762,0.0003933191925718861,0.0003933191925718861,1.4047114020424503e-05,0.1657418983269887
g251a__tu,float64,0.0,-4.0,76.0,80.0,6.21922826024071,6.942842293050893,5.0,2.0,63,0.0008849681832867437,0.0003933191925718861,0.0003933191925718861,1.4047114020424503e-05,0.06297321215356305
g250c__tu,float64,0.0,-4.0,69.0,73.0,4.631565829844668,4.8571548975263035,4.0,1.0,50,0.0007023557010212252,0.0003933191925718861,0.0003933191925718861,1.4047114020424503e-05,0.10219275449858826
g250b__tu,float64,0.0,-4.0,69.0,73.0,4.23949825716367,4.0817261093708295,3.0,1.0,49,0.0006883085870008007,0.0003933191925718861,0.0003933191925718861,1.4047114020424503e-05,0.141131354563205
g250a__tu,float64,0.0,-4.0,78.0,82.0,6.433132874101123,7.4576409276714095,6.0,2.0,63,0.0008849681832867437,0.0003933191925718861,0.0003933191925718861,1.4047114020424503e-05,0.051019118122181795
g240s__tu,float64,0.0,-4.0,38.0,42.0,1.0889032111259322,0.325050218432623,0.0,0.0,26,0.0003652249645310371,0.006068353256823386,0.006068353256823386,1.4047114020424503e-05,0.8067959937630814
hi36s__tu,float64,0.0,-4.0,999.0,1003.0,67.75204315561561,3.688125974518535,-1.0,-1.0,74,0.0010394864375114132,0.989942266361376,0.005815505204455744,0.004607453398699237,0.0009552037533888662
g238s__tu,float64,0.0,-4.0,141.0,145.0,7.846618640547499,8.841969967270224,7.0,4.0,99,0.001390664288022026,0.006068353256823386,0.006068353256823386,1.4047114020424503e-05,0.0067004733877424885
g237s__tu,float64,0.0,-4.0,129.0,133.0,5.886372431279832,6.670651364677127,5.0,3.0,75,0.0010535335515318377,0.006068353256823386,0.006068353256823386,1.4047114020424503e-05,0.014679234151343607
g235s__tu,float64,0.0,-4.0,23.0,27.0,0.839483761742911,-0.038123867451432106,0.0,0.0,21,0.00029498939442891456,0.15291688322634114,0.005815505204455744,1.4047114020424503e-05,0.7755271179536164
g234s__tu,float64,0.0,-4.0,21.0,25.0,1.2451123427899118,1.640042703226622,1.0,1.0,18,0.00025284805236764106,0.006068353256823386,0.006068353256823386,1.4047114020424503e-05,0.047760187669443316
g232s__tu,float64,0.0,0.0,383.0,383.0,11.402601695518072,12.755397603562349,10.0,6.0,135,0.001896360392757308,0.0,0.006447625335374847,1.4047114020424503e-05,0.006447625335374847
g230s__tu,float64,0.0,-5.0,14.0,19.0,2.20879176532934,-1.5149952942168032,-1.0,-1.0,19,0.00026689516638806556,0.7575889533495344,0.15012150753627668,1.4047114020424503e-05,0.04395341976990827
g228s__tu,float64,0.0,-5.0,14.0,19.0,2.1321536263267715,-1.6134936577280197,-1.0,-1.0,19,0.00026689516638806556,0.7869755158802624,0.15482729073311888,1.4047114020424503e-05,0.03806767899535041
g227s__tu,float64,0.0,-5.0,9.0,14.0,1.5633885235682146,-2.007908525193499,-3.0,-3.0,14,0.00019665959628594306,0.9197628847153352,0.08152944977454382,2.8094228040849007e-05,0.011223644102319179
g226s__tu,float64,0.0,-5.0,10.0,15.0,1.6345056669544524,-1.9554144600991725,-3.0,-3.0,15,0.00021070671030636756,0.899801935692312,0.08050401045105283,2.8094228040849007e-05,0.013091910267035637
g225s__tu,float64,0.0,-5.0,457491.0,457496.0,9560.9845332648,3245.706935060192,0.0,-5.0,13657,0.19184143617693744,0.35539198471673994,0.19639270111955498,1.4047114020424503e-05,0.16481478880164072
g224c__tu,float64,0.0,-4.0,67.0,71.0,4.450500327429069,4.293697059939036,3.0,1.0,50,0.0007023557010212252,0.0003933191925718861,0.0003933191925718861,1.4047114020424503e-05,0.13854668558344688
g224b__tu,float64,0.0,-4.0,67.0,71.0,4.106699273501142,3.623916616331175,2.0,0.0,47,0.0006602143589599517,0.0003933191925718861,0.0003933191925718861,1.4047114020424503e-05,0.18474764359662307
g224a__tu,float64,0.0,-4.0,76.0,80.0,6.101602163355707,6.619941283063395,5.0,2.0,63,0.0008849681832867437,0.0003933191925718861,0.0003933191925718861,1.4047114020424503e-05,0.07367711303712653
g307s__tu,float64,0.0,-4.0,10.0,14.0,4.60142395315133,4.445630645183947,3.0,10.0,11,0.00015451825422466955,0.24297293121128263,0.005815505204455744,0.24640042703226622,0.005689081178271924
g308s__tu,float64,0.0,-4.0,10.0,14.0,1.8940754024007982,-0.6286785879840987,-1.0,-1.0,12,0.00016856536824509406,0.9268285830676087,0.005815505204455744,0.025312899464804955,0.0012361460337973564
g309s__tu,float64,0.0,-4.0,10.0,14.0,2.300360895538125,-0.34158367163466263,-1.0,-1.0,11,0.00015451825422466955,0.8891823174928711,0.005815505204455744,0.03622750705867479,0.001474946972144573
g310s__tu,float64,0.0,-4.0,10.0,14.0,3.956284241798945,6.986879995504924,9.0,9.0,11,0.00015451825422466955,0.06128755847111211,0.005815505204455744,0.30265911868406636,0.0017137479104917894
hi35s__tu,float64,0.0,-4.0,69118.0,69122.0,927.4808300812194,29.865526977482475,-1.0,-1.0,145,0.002036831532961553,0.9974574723623032,0.005815505204455744,1.4047114020424503e-05,0.0003792720785514616
hi34s__tu,float64,0.0,-4.0,999.0,1003.0,5.558932028434402,-0.8346233266375424,-1.0,-1.0,60,0.0008428268412254702,0.9974574723623032,0.005815505204455744,1.4047114020424503e-05,0.0003792720785514616
hi33s__tu,float64,0.0,0.0,90976.3,90976.3,976.6475742128362,31.518381233426222,0.0,0.0,141,0.001980643076879855,0.0,0.9978367444408546,1.4047114020424503e-05,0.9978367444408546
hi32s__tu,float64,0.0,0.0,74649.32756393695,74649.32756393695,948.830885824114,31.129326604199797,0.0,0.0,141,0.001980643076879855,0.0,0.9978367444408546,1.4047114020424503e-05,0.9978367444408546
hi31s__tu,float64,0.0,-4.0,100.0,104.0,4.072027913552549,-0.8676761859276012,-1.0,-1.0,7,9.832979814297153e-05,0.9974574723623032,0.005815505204455744,0.001615418112348818,0.0009130624113275927
hi30s__tu,float64,0.0,-4.0,100.0,104.0,4.501052359045335,-0.8318560451755187,-1.0,-1.0,6,8.428268412254703e-05,0.9974574723623032,0.005815505204455744,0.001980643076879855,0.0005618845608169801
hi29s__tu,float64,0.0,-4.0,2.0,6.0,0.3012696007051665,-1.027729003076318,-1.0,-1.0,7,9.832979814297153e-05,0.9974574723623032,0.005815505204455744,2.8094228040849007e-05,0.0003792720785514616
hi28s__tu,float64,0.0,0.0,94090.0,94090.0,1114.6502706200956,36.96109679594111,0.0,0.0,136,0.0019104075067777324,0.0,0.9978367444408546,1.4047114020424503e-05,0.9978367444408546
hi27s__tu,float64,0.0,-6.0,2.0,8.0,0.32802480607996254,-1.0341766284116929,-1.0,-1.0,8,0.00011237691216339603,0.9983283934315695,0.0008709210692663192,2.8094228040849007e-05,0.0007304499290620742
hi25s__tu,float64,0.0,-6.0,2.0,8.0,0.31283132866275115,-1.030973886415036,-1.0,-1.0,7,9.832979814297153e-05,0.9978507915548751,0.0004073663065923106,2.8094228040849007e-05,0.0008147326131846212
hi24s__tu,float64,0.0,-6.0,2.0,8.0,0.3037842803249099,-1.0291337144783603,-1.0,-1.0,7,9.832979814297153e-05,0.997583896388487,0.00014047114020424503,2.8094228040849007e-05,0.0008428268412254702
hi21s__tu,float64,0.0,-4.0,292.0,296.0,11.637776573849028,-0.08183848628299316,-1.0,-1.0,211,0.00296394105830957,0.989942266361376,0.005815505204455744,1.4047114020424503e-05,0.0003792720785514616
hi20s__tu,float64,0.0,-4.0,292.0,296.0,11.877409059037191,-0.053168326567306745,-1.0,-1.0,211,0.00296394105830957,0.989942266361376,0.005815505204455744,1.4047114020424503e-05,0.0003792720785514616
hi12s__tu,float64,0.0,-4.0,2.0,6.0,0.30127218522673616,-1.0277009088482771,-1.0,-1.0,6,8.428268412254703e-05,0.9974434252482828,0.005815505204455744,2.8094228040849007e-05,0.0003933191925718861
hi09s__tu,float64,0.0,-4.0,2.0,6.0,0.2598197504991579,-1.005759316748374,-1.0,-1.0,5,7.023557010212251e-05,0.989942266361376,0.005815505204455744,0.00012642402618382053,0.008554692438438522
hi06s__tu,float64,0.0,-4.0,1.0,5.0,0.25070246895667825,-1.0072202166064983,-1.0,-1.0,4,5.6188456081698014e-05,0.989942266361376,0.005815505204455744,0.00016856536824509406,0.009889168270378852
hi03s__tu,float64,0.0,-4.0,2.0,6.0,0.2989119414561354,-1.028164463610951,-1.0,-1.0,6,8.428268412254703e-05,0.9974434252482828,0.005815505204455744,2.8094228040849007e-05,0.0008568739552458947
hi02s__tu,float64,0.0,-4.0,2.0,6.0,0.26289569035600563,-1.0051693379595161,-1.0,-1.0,5,7.023557010212251e-05,0.989942266361376,0.005815505204455744,4.2141342061273514e-05,0.007880430965458146
hi01s__tu,float64,0.0,-4.0,8.0,12.0,0.332103763738678,-0.011532680610768517,0.0,0.0,7,9.832979814297153e-05,0.005815505204455744,0.005815505204455744,1.4047114020424503e-05,0.9845060332354718
g990s__tu,float64,0.0,-4.0,52.0,56.0,3.66056034652986,4.341906755257132,3.0,2.0,46,0.0006461672449395272,0.006068353256823386,0.006068353256823386,1.4047114020424503e-05,0.0067004733877424885
g980s__tu,float64,0.0,-4.0,38.0,42.0,2.378586447795835,2.905069603449971,2.0,1.0,31,0.0004354605346331596,0.006068353256823386,0.006068353256823386,1.4047114020424503e-05,0.014679234151343607
g960s__tu,float64,0.0,-4.0,88.0,92.0,5.917706318265223,6.961637331610221,5.0,3.0,70,0.0009832979814297152,0.006068353256823386,0.006068353256823386,1.4047114020424503e-05,0.0003792720785514616
g315s__tu,float64,0.0,-4.0,10.0,14.0,0.6854565923770415,-0.9660059840705727,-1.0,-1.0,10,0.00014047114020424503,0.989942266361376,0.005815505204455744,0.002472292067594713,0.0004916489907148576
g314s__tu,float64,0.0,-4.0,10.0,14.0,0.5837449497037742,-0.991529590245684,-1.0,-1.0,11,0.00015451825422466955,0.9950132745227493,0.005815505204455744,0.001868266164716459,0.0004635547626740086
g313s__tu,float64,0.0,-4.0,10.0,14.0,0.43782267892546844,-0.9990447962466111,-1.0,-1.0,10,0.00014047114020424503,0.995799912907893,0.005815505204455744,0.0008428268412254702,0.0003792720785514616
g312s__tu,float64,0.0,-4.0,10.0,14.0,0.39021838454121105,-1.0085265982103977,-1.0,-1.0,11,0.00015451825422466955,0.9979350742389976,0.005815505204455744,0.0007023557010212252,0.0003792720785514616
g311s__tu,float64,0.0,-4.0,10.0,14.0,2.9784375948514215,8.066920451193303,9.0,9.0,10,0.00014047114020424503,0.005815505204455744,0.005815505204455744,0.34582590006883085,0.0013485229459607524
lm17s__tu,float64,0.0,-5.0,156.0,161.0,4.583296604687076,-0.8113472587056989,-1.0,-1.0,68,0.0009552037533888662,0.9972748598800376,0.002711093005941929,1.4047114020424503e-05,0.0003792720785514616
lm19s__tu,float64,0.0,-4.0,2.0,6.0,0.264424830779035,-1.0079506665355602,-1.0,-1.0,5,7.023557010212251e-05,0.9945637668740958,0.005815505204455744,1.4047114020424503e-05,0.001390664288022026
rt01s__tu,float64,0.0,-4.0,188.0,192.0,2.860625299701092,1.6854851170826954,1.0,0.0,42,0.0005899787888578291,0.005815505204455744,0.005815505204455744,1.4047114020424503e-05,0.4376799786483867
pb24s__tu,float64,0.0,-6.0,7.0,13.0,0.4249642098425222,-1.045105283119583,-1.0,-1.0,11,0.00015451825422466955,0.9917543440700108,0.0003090365084493391,1.4047114020424503e-05,0.0006040259028782536
pb101s__tu,float64,0.0,0.0,48485.0,48485.0,1450.8481955855964,118.34984709821883,0.0,0.0,724,0.01017011055078734,0.0,0.9895208529407633,1.4047114020424503e-05,0.9895208529407633
pb57s__tu,float64,0.0,0.0,2603.48,2603.48,15.691793525436722,0.19612251890671328,0.0,0.0,17,0.00023880093834721656,0.0,0.9997611990616528,1.4047114020424503e-05,0.9997611990616528
pb36s__tu,float64,0.0,-4.0,999.0,1003.0,127.997815122142,15.764500133447584,-1.0,-1.0,71,0.0009973450954501397,0.9697706106280465,0.005815505204455744,0.01665987722822346,0.003146553540575089
pb35s__tu,float64,0.0,-4.0,31705.0,31709.0,827.3466184478486,48.51833850735366,-1.0,-1.0,449,0.0063071541951706025,0.9914734017896023,0.005815505204455744,1.4047114020424503e-05,0.001924454620798157
pb34s__tu,float64,0.0,-4.0,115.0,119.0,5.02318531490752,-0.7455927179760918,-1.0,-1.0,108,0.0015170883142058464,0.9914734017896023,0.005815505204455744,1.4047114020424503e-05,0.0023037266993496184
pb33s__tu,float64,0.0,0.0,48485.0,48485.0,928.4264237440512,54.35410297730943,0.0,0.0,455,0.006391436879293149,0.0,0.9933978564104005,1.4047114020424503e-05,0.9933978564104005
pb32s__tu,float64,0.0,0.0,30753.85,30753.85,843.1630776671942,50.785970071276004,0.0,0.0,453,0.0063633426512523005,0.0,0.9933978564104005,1.4047114020424503e-05,0.9933978564104005
pb31s__tu,float64,0.0,-4.0,100.0,104.0,4.833019463146835,-0.8227254210622428,-1.0,-1.0,8,0.00011237691216339603,0.9914734017896023,0.005815505204455744,0.002261585357288345,0.00620882439702763
pb30s__tu,float64,0.0,-4.0,100.0,104.0,5.295574927358191,-0.7753164112433101,-1.0,-1.0,9,0.00012642402618382053,0.9914734017896023,0.005815505204455744,0.002711093005941929,0.005703128292292348
pb29s__tu,float64,0.0,-4.0,3.0,7.0,0.410444493204248,-1.0445574456727866,-1.0,-1.0,8,0.00011237691216339603,0.9914734017896023,0.005815505204455744,0.00014047114020424503,0.001924454620798157
pb28s__tu,float64,0.0,0.0,84000.0,84000.0,1958.079476026415,156.9237613808172,0.0,0.0,258,0.003624155417269522,0.0,0.9918526738681538,1.4047114020424503e-05,0.9918526738681538
pb27s__tu,float64,0.0,-6.0,5.0,11.0,0.45393104719808813,-1.054502802399247,-1.0,-1.0,11,0.00015451825422466955,0.9930747727879308,0.0016294652263692424,1.4047114020424503e-05,0.0005337903327761311
pb25s__tu,float64,0.0,-6.0,7.0,13.0,0.4307961891481079,-1.0470437848544016,-1.0,-1.0,11,0.00015451825422466955,0.9920212392363988,0.0005759316748374046,1.4047114020424503e-05,0.0006040259028782536
pb21s__tu,float64,0.0,-4.0,643.0,647.0,24.241091323994684,2.2205677843487055,-1.0,-1.0,363,0.005099102389414095,0.9697706106280465,0.005815505204455744,1.4047114020424503e-05,0.0003933191925718861
of31s__tu,float64,0.0,-5.0,100.0,105.0,22.720741935988684,4.205326665636545,-1.0,-1.0,16,0.00022475382432679206,0.9050976976780121,2.8094228040849007e-05,0.05024652685105845,0.03419067552571324
pb20s__tu,float64,0.0,-4.0,704.0,708.0,27.630646669597965,2.7592605599179647,-1.0,-1.0,395,0.005548610038067679,0.9697706106280465,0.005815505204455744,1.4047114020424503e-05,0.0003792720785514616
pb12s__tu,float64,0.0,-4.0,7.0,11.0,0.4195626365725054,-1.0418323055528242,-1.0,-1.0,9,0.00012642402618382053,0.9910800825970304,0.005815505204455744,1.4047114020424503e-05,0.0007725912711233477
pb09s__tu,float64,0.0,-4.0,2.0,6.0,0.3048379439133794,-0.9837615361923893,-1.0,-1.0,5,7.023557010212251e-05,0.9697706106280465,0.005815505204455744,0.00012642402618382053,0.026900223349112923
pb06s__tu,float64,0.0,-4.0,1.0,5.0,0.28967329379693896,-0.9867114301366784,-1.0,-1.0,4,5.6188456081698014e-05,0.9697706106280465,0.005815505204455744,0.0005056961047352821,0.02972369326721825
pb03s__tu,float64,0.0,-4.0,7.0,11.0,0.4185946912196411,-1.0427875093062131,-1.0,-1.0,10,0.00014047114020424503,0.9914453075615615,0.005815505204455744,1.4047114020424503e-05,0.0006040259028782536
pb02s__tu,float64,0.0,-4.0,7.0,11.0,0.33862495435956186,-0.9774824762252595,-1.0,-1.0,8,0.00011237691216339603,0.9697706106280465,0.005815505204455744,1.4047114020424503e-05,0.021688744047535433
pb01s__tu,float64,0.0,-4.0,10.0,14.0,0.40957405720344475,0.017235808903060867,0.0,0.0,12,0.00016856536824509406,0.005815505204455744,0.005815505204455744,1.4047114020424503e-05,0.9643343775021422
of101s__tu,float64,0.0,0.0,414457.0,414457.0,7296.103273736755,1247.5794986604756,0.0,0.0,7519,0.10562025031957184,0.0,0.8627877902484935,1.4047114020424503e-05,0.8627877902484935
of57s__tu,float64,0.0,0.0,22229.0,22229.0,183.46476842276786,11.07686685472706,0.0,0.0,781,0.010970796049951537,0.0,0.9860512157777185,1.4047114020424503e-05,0.9860512157777185
of36s__tu,float64,0.0,-4.0,999.0,1003.0,303.2213413454974,104.82457964011294,-1.0,-1.0,86,0.0012080518057565072,0.6873112419053505,0.005815505204455744,0.10302153422579331,0.03289834103583419
of35s__tu,float64,0.0,-4.0,414294.0,414298.0,4982.695306394459,735.2524968745171,-1.0,-1.0,4356,0.06118922867296914,0.9050696034499712,0.005815505204455744,1.4047114020424503e-05,0.003975333267780134
of34s__tu,float64,0.0,-5.0,999.0,1004.0,23.945267343627393,5.440882720645043,-1.0,-1.0,158,0.0022194440152270714,0.9050976976780121,2.8094228040849007e-05,1.4047114020424503e-05,0.004157945750045653
of33s__tu,float64,0.0,0.0,414457.0,414457.0,6919.270279691643,977.6505516705096,0.0,0.0,5202,0.07307308713424827,0.0,0.9090449367177513,1.4047114020424503e-05,0.9090449367177513
re01s__tu,float64,0.0,-4.0,232.0,236.0,5.0553905358239,4.125103597465901,3.0,0.0,64,0.0008990152973071682,0.005815505204455744,0.005815505204455744,1.4047114020424503e-05,0.19414516287628708
re02s__tu,float64,0.0,-4.0,37.0,41.0,2.2200573712333593,0.937855567573642,0.0,0.0,34,0.0004776018766944331,0.19958139600219135,0.005815505204455744,1.4047114020424503e-05,0.3499136102487744
re03s__tu,float64,0.0,-4.0,36.0,40.0,2.802958752125685,-0.3112138111225049,-1.0,-3.0,36,0.0005056961047352821,0.5590470437848544,0.005815505204455744,1.4047114020424503e-05,0.04002022784418941
re06s__tu,float64,0.0,-5.0,13.0,18.0,1.0055876627824027,0.1258902358510444,0.0,0.0,17,0.00023880093834721656,0.19965163157229346,7.023557010212251e-05,1.4047114020424503e-05,0.5763811824860582
rp08s__tu,float64,0.0,-4.0,3.0,7.0,0.4716816105261445,-0.8857126803298262,-1.0,-1.0,6,8.428268412254703e-05,0.8934245459270392,0.005815505204455744,4.2141342061273514e-05,0.08195086319515656
rp07s__tu,float64,0.0,0.0,64159.68,64159.68,1742.4654546367963,199.34703871601678,0.0,0.0,1281,0.01799435306016379,0.0,0.9805166528536712,1.4047114020424503e-05,0.9805166528536712
rp06s__tu,float64,0.0,0.0,64159.68,64159.68,1156.9370576351698,73.0798162894302,0.0,0.0,412,0.005787410976414896,0.0,0.9938614111730745,1.4047114020424503e-05,0.9938614111730745
rp05s__tu,float64,0.0,0.0,101957.81807949216,101957.81807949216,3183.599016376746,730.0066992925478,0.0,0.0,4495,0.06314177752180815,0.0,0.9289777915127337,1.4047114020424503e-05,0.9289777915127337
rp04s__tu,float64,0.0,-5.0,105.0,110.0,14.553409262912636,3.436359549930467,-1.0,-1.0,90,0.0012642402618382054,0.8934526401550802,2.8094228040849007e-05,2.8094228040849007e-05,0.0005899787888578291
rp03s__tu,float64,0.0,-4.0,3.0,7.0,0.47879343144783426,-0.8833527651743949,-1.0,-1.0,6,8.428268412254703e-05,0.8934245459270392,0.005815505204455744,4.2141342061273514e-05,0.07970332495188863
rp02s__tu,float64,0.0,-4.0,2.0,6.0,0.41789208051848264,-0.9025411229262948,-1.0,-1.0,5,7.023557010212251e-05,0.8934245459270392,0.005815505204455744,0.00011237691216339603,0.09835789237101238
rp01s__tu,float64,0.0,-4.0,5.0,9.0,0.47330868186286423,0.09342735534984338,0.0,0.0,7,9.832979814297153e-05,0.005815505204455744,0.005815505204455744,4.2141342061273514e-05,0.887988312801135
re102s__tu,float64,0.0,-5.0,77000.0,77005.0,1451.2089251264536,465.79402716711854,-1.0,-3.0,2392,0.033600696736855416,0.5623902569217154,0.0003652249645310371,1.4047114020424503e-05,0.0003792720785514616
re101s__tu,float64,0.0,0.0,136045.0,136045.0,3548.873132077415,1449.2418443058848,233.0,0.0,15134,0.21258902358510445,0.0,0.4489176698647263,1.4047114020424503e-05,0.4489176698647263
re57s__tu,float64,0.0,0.0,49811.93953205151,49811.93953205151,229.40609193578916,22.35555582225678,0.0,0.0,1700,0.023880093834721658,0.0,0.9011645057522932,1.4047114020424503e-05,0.9011645057522932
re36s__tu,float64,0.0,-4.0,999.0,1003.0,309.3653427656183,112.13284355729115,1.0,0.0,86,0.0012080518057565072,0.19958139600219135,0.005815505204455744,0.1083453904395342,0.2656028318981865
re35s__tu,float64,0.0,-5.0,50173.0,50178.0,880.48357045072,289.3750579443453,-1.0,-3.0,3239,0.04549860231215497,0.5620671732992457,4.2141342061273514e-05,1.4047114020424503e-05,0.03508969082302041
re34s__tu,float64,0.0,-5.0,841.0,846.0,48.333469586628475,31.927460703198527,-1.0,-3.0,306,0.004298416890249898,0.5624323982637767,0.0004073663065923106,1.4047114020424503e-05,0.035946564778266306
re33s__tu,float64,0.0,0.0,70677.11,70677.11,2258.1162332901044,769.5459754001644,0.0,0.0,10980,0.15423731194426105,0.0,0.5971568641222661,1.4047114020424503e-05,0.5971568641222661
re32s__tu,float64,0.0,0.0,66203.47,66203.47,1466.4268278748634,463.92477816815114,0.0,0.0,7990,0.11223644102319179,0.0,0.5971568641222661,1.4047114020424503e-05,0.5971568641222661
re31s__tu,float64,0.0,-5.0,100.0,105.0,42.247023915323986,25.809464945426964,-1.0,-3.0,88,0.0012361460337973564,0.5624323982637767,0.0004073663065923106,0.2016182275351529,0.11281237269802918
re30s__tu,float64,0.0,-5.0,100.0,105.0,44.79988223789567,30.043967466883927,-1.0,-3.0,85,0.0011940046917360827,0.5624323982637767,0.0004073663065923106,0.2489148604419222,0.08032139796878732
re29s__tu,float64,0.0,-5.0,26.0,31.0,2.7765773660781488,-0.3066344519518465,-1.0,-3.0,32,0.0004495076486535841,0.5620671732992457,4.2141342061273514e-05,2.8094228040849007e-05,0.03508969082302041
re28s__tu,float64,0.0,0.0,111356.0,111356.0,3571.9477076169865,1182.225110471231,0.0,0.0,3840,0.053940917838430094,0.0,0.5627695290002669,1.4047114020424503e-05,0.5627695290002669
re27s__tu,float64,0.0,-6.0,29.0,35.0,2.6868542102950963,-2.4145443818567474,-3.0,-3.0,27,0.0003792720785514616,0.8029330374074647,0.23863237297897147,1.4047114020424503e-05,0.021506131565269915
re25s__tu,float64,0.0,-6.0,33.0,39.0,2.847769455656635,-1.611021365660425,-2.0,-3.0,31,0.0004354605346331596,0.7058393852982905,0.143547458174718,1.4047114020424503e-05,0.03171838345811853
re24s__tu,float64,0.0,-6.0,34.0,40.0,2.8789129898018935,-0.9870766551012095,-1.0,-3.0,33,0.0004635547626740086,0.6337355490314515,0.07312927559032997,1.4047114020424503e-05,0.039683097107699225
re21s__tu,float64,0.0,-5.0,643.0,648.0,27.803933465220375,19.194103021534225,9.0,-1.0,289,0.004059615951902682,0.19965163157229346,7.023557010212251e-05,1.4047114020424503e-05,0.006574049361558668
re20s__tu,float64,0.0,-5.0,775.0,780.0,61.22922742898725,59.650437567601735,51.0,-1.0,502,0.007051651238253101,0.19965163157229346,7.023557010212251e-05,1.4047114020424503e-05,0.0008849681832867437
re12s__tu,float64,0.0,-4.0,35.0,39.0,2.9625390169918995,-0.1429012909297785,-1.0,-3.0,34,0.0004776018766944331,0.5491157341724143,0.005815505204455744,1.4047114020424503e-05,0.013288569863321581
re09s__tu,float64,0.0,-5.0,30.0,35.0,2.2796243840969663,1.2124204582168594,1.0,0.0,32,0.0004495076486535841,0.19965163157229346,7.023557010212251e-05,1.4047114020424503e-05,0.25789096630097347
of32s__tu,float64,0.0,0.0,414294.0,414294.0,6202.165801147567,877.0242901850698,0.0,0.0,5065,0.0711486325134501,0.0,0.9090449367177513,2.8094228040849007e-05,0.9090449367177513
of30s__tu,float64,0.0,-5.0,100.0,105.0,25.879541588102313,5.821938782677099,-1.0,-1.0,15,0.00021070671030636756,0.9050976976780121,2.8094228040849007e-05,0.06797398474483417,0.019820477882818974
lm20s__tu,float64,0.0,-4.0,1.0,5.0,0.26244145162479926,-1.0082877972720505,-1.0,-1.0,4,5.6188456081698014e-05,0.9945637668740958,0.005815505204455744,0.0037224852154124936,0.0017137479104917894
lm35s__tu,float64,0.0,-4.0,48.0,52.0,0.7573793110011403,-0.9757406340867268,-1.0,-1.0,33,0.0004635547626740086,0.9937630813749315,0.005815505204455744,1.4047114020424503e-05,0.0007023557010212252
mt24s__tu,float64,0.0,-6.0,2.0,8.0,0.6971719695634013,-1.0864599867957128,-1.0,-1.0,8,0.00011237691216339603,0.9576339041143997,0.001615418112348818,0.0004073663065923106,0.012544072820239081
mt21s__tu,float64,0.0,-4.0,432.0,436.0,39.1067696094719,9.629830451333774,-1.0,-1.0,352,0.004944584135189426,0.8891823174928711,0.005815505204455744,2.8094228040849007e-05,0.0003792720785514616
mt20s__tu,float64,0.0,-4.0,520.0,524.0,42.48398629792765,11.060472825857927,-1.0,-1.0,360,0.005056961047352822,0.8891823174928711,0.005815505204455744,1.4047114020424503e-05,0.0003792720785514616
mt12s__tu,float64,0.0,-4.0,3.0,7.0,0.7026210573931596,-1.062509657390889,-1.0,-1.0,7,9.832979814297153e-05,0.9558780148618466,0.005815505204455744,2.8094228040849007e-05,0.0007444970430824987
mt09s__tu,float64,0.0,-4.0,4.0,8.0,0.4717228768949903,-0.8856986332158058,-1.0,-1.0,7,9.832979814297153e-05,0.8891823174928711,0.005815505204455744,7.023557010212251e-05,0.09411566393684417
mt06s__tu,float64,0.0,-4.0,2.0,6.0,0.40173351264042007,-0.9042267766087457,-1.0,-1.0,5,7.023557010212251e-05,0.8891823174928711,0.005815505204455744,9.832979814297153e-05,0.1085139558077793
mt03s__tu,float64,0.0,-4.0,2.0,6.0,0.6738341513039359,-1.0751380128952506,-1.0,-1.0,7,9.832979814297153e-05,0.9560184860020509,0.005815505204455744,0.0004354605346331596,0.012558119934259506
mt02s__tu,float64,0.0,-4.0,3.0,7.0,0.5293891680740913,-0.8619168691792272,-1.0,-1.0,6,8.428268412254703e-05,0.8891823174928711,0.005815505204455744,4.2141342061273514e-05,0.067074969447527
mt01s__tu,float64,0.0,-4.0,10.0,14.0,0.7116822387106754,0.16621950020368315,0.0,0.0,11,0.00015451825422466955,0.005815505204455744,0.005815505204455744,1.4047114020424503e-05,0.8837460843669668
lm39s__tu,float64,0.0,-4.0,338.0,342.0,13.452951563621939,-0.07907120482096953,-1.0,-1.0,199,0.002795375690064476,0.9937630813749315,0.005815505204455744,1.4047114020424503e-05,0.0003792720785514616
lm38s__tu,float64,0.0,-4.0,327.0,331.0,10.558021438144188,-0.3543805925072694,-1.0,-1.0,181,0.002542527637696835,0.9945637668740958,0.005815505204455744,1.4047114020424503e-05,0.0003792720785514616
lm37s__tu,float64,0.0,-4.0,338.0,342.0,17.06292341902,0.5831378443298825,-1.0,-1.0,248,0.003483684277065277,0.9887201674415991,0.005815505204455744,1.4047114020424503e-05,0.0003792720785514616
lm36s__tu,float64,0.0,-4.0,48.0,52.0,0.7347491094340944,-0.9779179367598927,-1.0,-1.0,31,0.0004354605346331596,0.9937630813749315,0.005815505204455744,1.4047114020424503e-05,0.0009411566393684417
lm34s__tu,float64,0.0,-4.0,51.0,55.0,0.7971395211713419,-0.9724817036339884,-1.0,-1.0,33,0.0004635547626740086,0.9937630813749315,0.005815505204455744,1.4047114020424503e-05,0.0005759316748374046
of29s__tu,float64,0.0,-4.0,6.0,10.0,1.1755830681407726,-1.2385621374088693,-1.0,-1.0,11,0.00015451825422466955,0.9050696034499712,0.005815505204455744,7.023557010212251e-05,0.003975333267780134
lm33s__tu,float64,0.0,-4.0,999.0,1003.0,32.932192290823544,0.16272176881259745,-1.0,-1.0,70,0.0009832979814297152,0.9937630813749315,0.005815505204455744,0.0010816277795726867,0.0007866383851437722
lm32s__tu,float64,0.0,-4.0,1.0,5.0,0.26502714862628074,-1.0073044992906208,-1.0,-1.0,4,5.6188456081698014e-05,0.9937630813749315,0.005815505204455744,0.003905097697678012,0.0023318209273904674
lm31s__tu,float64,0.0,-4.0,1.0,5.0,0.2677292747210865,-1.0068268974139263,-1.0,-1.0,4,5.6188456081698014e-05,0.9937630813749315,0.005815505204455744,0.004382699574372445,0.0018542190506960344
lm30s__tu,float64,0.0,-4.0,1.0,5.0,0.2696198443721718,-1.0064897666774362,-1.0,-1.0,4,5.6188456081698014e-05,0.9937630813749315,0.005815505204455744,0.004719830310862633,0.0015170883142058464
lm29s__tu,float64,0.0,-5.0,259.0,264.0,4.83309903644486,-0.7916110635070025,-1.0,-1.0,67,0.0009411566393684417,0.99702201182767,0.003258930452738485,1.4047114020424503e-05,0.0003792720785514616
lm28s__tu,float64,0.0,-4.0,703340.0,703344.0,13699.60022837846,904.8889435165545,-1.0,-1.0,365,0.005127196617454944,0.9937630813749315,0.005815505204455744,1.4047114020424503e-05,0.0003792720785514616
lm27s__tu,float64,0.0,-5.0,635030.0,635035.0,8652.4839112569,362.2322128418716,-1.0,-1.0,174,0.0024441978395538634,0.995799912907893,0.002036831532961553,1.4047114020424503e-05,0.001587323884307969
lm26s__tu,float64,0.0,-4.0,155.0,159.0,3.6687329902646333,-0.8137352680891711,-1.0,-1.0,111,0.00155922965626712,0.9937630813749315,0.005815505204455744,1.4047114020424503e-05,0.0004776018766944331
lm25s__tu,float64,0.0,-4.0,2.0,6.0,0.3140809344492203,-0.017390327157285536,0.0,0.0,4,5.6188456081698014e-05,0.005815505204455744,0.005815505204455744,1.4047114020424503e-05,0.9883268482490273
lm24s__tu,float64,0.0,-4.0,29.0,33.0,0.6347154886394749,-0.9845762688055739,-1.0,-1.0,29,0.0004073663065923106,0.9945637668740958,0.005815505204455744,1.4047114020424503e-05,0.0008287797272050457
lm23s__tu,float64,0.0,-4.0,29.0,33.0,0.6532264753119952,-0.9829327564651842,-1.0,-1.0,30,0.0004214134206127351,0.9945637668740958,0.005815505204455744,1.4047114020424503e-05,0.0007023557010212252
lm22s__tu,float64,0.0,-4.0,29.0,33.0,0.6865322696014998,-0.9800952394330584,-1.0,-1.0,31,0.0004354605346331596,0.9945637668740958,0.005815505204455744,1.4047114020424503e-05,0.0005478374467965556
lm21s__tu,float64,0.0,-4.0,999.0,1003.0,25.469636087126055,-0.2993018584331849,-1.0,-1.0,68,0.0009552037533888662,0.9945637668740958,0.005815505204455744,0.0006461672449395272,0.0010816277795726867
mt25s__tu,float64,0.0,-6.0,2.0,8.0,0.7342166414180096,-1.10456671676804,-1.0,-1.0,8,0.00011237691216339603,0.9602747615502395,0.004256275548188625,0.0003511778505106126,0.012108612285605922
mt27s__tu,float64,0.0,-6.0,2.0,8.0,0.8244274003866618,-1.1527904592001574,-1.0,-1.0,8,0.00011237691216339603,0.9673685541305539,0.011350068128503,0.00022475382432679206,0.010549382629338803
mt28s__tu,float64,0.0,-4.0,808900.0,808904.0,37876.97128122919,6793.729382348397,-1.0,-1.0,2211,0.031058169099158577,0.9562432398263777,0.005815505204455744,1.4047114020424503e-05,0.0003792720785514616
mt29s__tu,float64,0.0,-4.0,3.0,7.0,0.7025556882521797,-1.063240107319951,-1.0,-1.0,8,0.00011237691216339603,0.9562432398263777,0.005815505204455744,2.8094228040849007e-05,0.0003792720785514616
of28s__tu,float64,0.0,0.0,424350.0,424350.0,8035.936551579847,1312.1752563944422,0.0,0.0,3316,0.046580230091727653,0.0,0.9054769697565636,1.4047114020424503e-05,0.9054769697565636
of27s__tu,float64,0.0,-6.0,4.0,10.0,1.4032154348722163,-1.6012024329601484,-1.0,-1.0,10,0.00014047114020424503,0.9533916756802315,0.048476590484484966,0.00012642402618382053,0.0075994886850496565
of25s__tu,float64,0.0,-6.0,6.0,12.0,1.3099802994293948,-1.452120411861383,-1.0,-1.0,12,0.00016856536824509406,0.9325738527019624,0.027686861734256697,1.4047114020424503e-05,0.010099874980685219
of24s__tu,float64,0.0,-6.0,6.0,12.0,1.2358660263068675,-1.3497450448805293,-1.0,-1.0,12,0.00016856536824509406,0.9184565031114358,0.013625700599811769,2.8094228040849007e-05,0.011153408532217055
of21s__tu,float64,0.0,-5.0,413.0,418.0,33.21524261734187,15.55824635828569,-1.0,-1.0,280,0.003933191925718861,0.6873393361333914,2.8094228040849007e-05,1.4047114020424503e-05,0.0005056961047352821
of20s__tu,float64,0.0,-5.0,447.0,452.0,43.89208970618201,22.58271643090927,-1.0,-1.0,343,0.004818160109005605,0.6873393361333914,2.8094228040849007e-05,1.4047114020424503e-05,0.0004635547626740086
of12s__tu,float64,0.0,-4.0,6.0,10.0,1.1861227114661967,-1.230049586312492,-1.0,-1.0,10,0.00014047114020424503,0.9034682324516428,0.005815505204455744,9.832979814297153e-05,0.001980643076879855
of09s__tu,float64,0.0,-5.0,28.0,33.0,0.944048850146417,-0.5495090533649861,-1.0,-1.0,19,0.00026689516638806556,0.6873393361333914,2.8094228040849007e-05,1.4047114020424503e-05,0.21942996811305118
of06s__tu,float64,0.0,-5.0,7.0,12.0,0.6028942614769114,-0.6745002739187234,-1.0,-1.0,11,0.00015451825422466955,0.6873393361333914,2.8094228040849007e-05,2.8094228040849007e-05,0.2871511048055177
of03s__tu,float64,0.0,-4.0,7.0,11.0,1.157474901614582,-1.2478753740044108,-1.0,-1.0,12,0.00016856536824509406,0.9047886611695627,0.005815505204455744,1.4047114020424503e-05,0.0112938796724213
of02s__tu,float64,0.0,-4.0,7.0,11.0,0.8014865684116331,-0.5794575004565312,-1.0,-1.0,10,0.00014047114020424503,0.6873112419053505,0.005815505204455744,1.4047114020424503e-05,0.21653626262484374
of01s__tu,float64,0.0,-4.0,74.0,78.0,2.2367189869448953,0.841000716402815,0.0,0.0,45,0.0006321201309191027,0.005815505204455744,0.005815505204455744,1.4047114020424503e-05,0.6818750087794463
md106s__tu,float64,0.0,-4.0,3.0,7.0,0.23454710055591374,-1.015353495624324,-1.0,-1.0,6,8.428268412254703e-05,0.9982581578614673,0.005815505204455744,1.4047114020424503e-05,0.0014328056300832994
md33s__tu,float64,0.0,0.0,848.75,848.75,3.1810708434535426,0.011922488024835297,0.0,0.0,2,2.8094228040849007e-05,0.0,0.9999859528859796,1.4047114020424503e-05,0.9999859528859796
md02s__tu,float64,0.0,-4.0,1.0,5.0,0.23211654701206968,-1.015690626360814,-1.0,-1.0,4,5.6188456081698014e-05,0.9982581578614673,0.005815505204455744,1.4047114020424503e-05,0.001727795024512214
mt101s__tu,float64,0.0,-5.0,844427.0,844432.0,36433.42635650968,6402.48038320527,-1.0,-1.0,2792,0.03921954234502521,0.949964179859248,0.02313559679163916,1.4047114020424503e-05,0.006349295537231876
mt57s__tu,float64,0.0,-5.0,119238.0,119243.0,1398.7210277064619,69.76022981078538,-1.0,-1.0,736,0.010338675919032436,0.9562572869403981,1.4047114020424503e-05,1.4047114020424503e-05,0.03171838345811853
mt47s__tu,float64,0.0,-4.0,3.0,7.0,0.544252957564337,-0.8568739552458947,-1.0,-1.0,6,8.428268412254703e-05,0.8891823174928711,0.005815505204455744,2.8094228040849007e-05,0.06316987174984899
mt36s__tu,float64,0.0,-4.0,999.0,1003.0,169.0099583028912,29.928907555942633,-1.0,-1.0,87,0.0012220989197769317,0.8891823174928711,0.005815505204455744,0.029456798100830184,0.012192894969728469
mt35s__tu,float64,0.0,-4.0,844427.0,844431.0,36025.331668214996,6310.339659217014,-1.0,-1.0,2771,0.0389245529505963,0.9562432398263777,0.005815505204455744,1.4047114020424503e-05,0.0003792720785514616
mt34c__tu,float64,0.0,-4.0,259.0,263.0,18.04361797435395,2.3861762350925004,-1.0,-1.0,145,0.002036831532961553,0.9609630701372402,0.005815505204455744,1.4047114020424503e-05,0.0003792720785514616
mt34b__tu,float64,0.0,-4.0,259.0,263.0,18.032602636256247,2.3834159771874868,-1.0,-1.0,145,0.002036831532961553,0.961019258593322,0.005815505204455744,1.4047114020424503e-05,0.0003792720785514616
mt34s__tu,float64,0.0,-4.0,259.0,263.0,19.232704077129725,2.8606666760314092,-1.0,-1.0,144,0.0020227844189411284,0.9562432398263777,0.005815505204455744,1.4047114020424503e-05,0.0003792720785514616
mt33s__tu,float64,0.0,-4.0,844427.0,844431.0,36406.355537407726,6387.788675216677,-1.0,-1.0,2772,0.038938600064616725,0.9562432398263777,0.005815505204455744,1.4047114020424503e-05,0.0003792720785514616
mt32s__tu,float64,0.0,-4.0,844427.0,844431.0,36261.0043112033,6365.154462065769,-1.0,-1.0,2769,0.03889645872255545,0.9562432398263777,0.005815505204455744,1.4047114020424503e-05,0.0003792720785514616
mt31s__tu,float64,0.0,-4.0,100.0,104.0,19.297326824691385,2.6775484976611557,-1.0,-1.0,7,9.832979814297153e-05,0.9562432398263777,0.005815505204455744,0.03774459537288064,0.0058014580904353205
mt30s__tu,float64,0.0,-4.0,100.0,104.0,20.223989032252003,3.0638441332228292,-1.0,-1.0,7,9.832979814297153e-05,0.9562432398263777,0.005815505204455744,0.04164969307055865,0.001980643076879855
yhat_pricing_lgd,float64,0.0,-0.015365251377658151,0.6942827123151611,0.7096479636928192,0.0712554100436261,0.40695500410279367,0.41135795484761123,-0.015365251377658151,71189,1.0,1.4047114020424503e-05,1.4047114020424503e-05,1.4047114020424503e-05,0.0
